source	target	weight	avg_streams
hip hop	rap	731	2808072.567010309
rap	trap	644	2982236.7518248176
pop rap	rap	625	2647895.1
hip hop	trap	541	2482284.8595744683
hip hop	pop rap	535	2446618.475
pop rap	trap	492	2620582.629955947
rap	rap	417	2777382.8518518517
hip hop	hip hop	343	2425374.6764705884
pop	pop rap	269	2805764.722222222
trap	trap	265	2114973.4545454546
pop	rap	265	3446648.6158192093
hip hop	pop	264	2899900.6829268294
pop rap	pop rap	245	2318564.848837209
pop	pop	243	3689373.0584795317
dance pop	pop	243	3513007.7903225813
pop	trap	188	3264545.9915254237
dance pop	pop rap	136	2501866.466666667
pop	tropical house	131	3465979.3012048188
electro	pop	119	3445070.0933333333
dance pop	rap	114	2991952.582278481
dance pop	hip hop	108	2496395.051948052
electropop	pop	102	2738343.8840579707
dance pop	trap	84	2725966.483333333
hip hop	r&b	83	1683830.2264150945
r&b	rap	79	2655339.01754386
pop	r&b	77	4544004.377777779
dance pop	tropical house	76	3486200.18
dance pop	electro	72	3850175.711538462
pop rap	r&b	72	2507637.1875
dance pop	dance pop	71	2889219.947368421
latin	reggaeton	56	5228930.090909091
r&b	trap	55	1224769.2666666666
dance pop	electropop	51	3606044.880952381
house	pop	49	3417662.3125
dance	pop	46	3375080.5483870967
electro house	pop	44	4843425.972972973
latin	pop	42	3955327.8636363638
hip hop	latin	38	3337492.923076923
pop rap	urban contemporary	38	2250861.695652174
rap	urban contemporary	37	2141909.1481481483
pop	reggaeton	36	4147268.45
electropop	tropical house	36	3662560.892857143
electro	tropical house	36	2987832.958333333
rap	soul	35	3693191.8620689656
hip hop	reggaeton	35	3334427.2
electro	pop rap	35	2760081.8846153845
hip hop	urban contemporary	33	1647696.25
latin	trap	31	4251862.833333333
pop	urban contemporary	31	2645926.1818181816
electro	electropop	31	3602682.703703704
electropop	pop rap	31	2747064.5714285714
electro	rap	31	3119691.8695652173
reggaeton	trap	30	4603058.0
pop rap	soul	30	2369844.083333333
hip hop	soul	30	1934205.8846153843
latin	latin	30	5228930.090909091
electro	hip hop	30	2605343.6818181816
dance pop	r&b	28	3896616.0
pop rap	tropical house	28	2726838.9523809524
latin	tropical	27	2777756.333333333
trap	urban contemporary	27	1743065.2222222222
reggaeton	reggaeton	26	6704347.571428573
dance	dance pop	26	3779379.476190476
pop	soul	25	3172191.8095238092
other	pop	25	2530724.4285714286
electropop	rap	25	3030556.65
reggaeton	tropical	24	3076386.375
electro	trap	24	3031164.277777778
soul	trap	24	1671584.1578947369
dance pop	house	22	5198540.529411765
indie pop	pop	21	3081957.5
electropop	trap	21	2539137.1428571427
electropop	hip hop	20	3479050.333333333
electro house	rap	20	2774588.8823529407
hip hop	tropical house	20	2919552.1875
country	pop	19	5049060.294117647
moombahton	pop	19	2202452.727272727
dance pop	electro house	19	6074433.294117647
tropical house	tropical house	19	2289351.1176470593
pop	tropical	18	2152367.4
rap	tropical house	18	3325717.6
dance pop	latin	18	2320478.333333333
latin	rap	17	5640751.333333332
rap	reggaeton	17	5640751.333333332
r&b	r&b	17	4279779.615384615
electro house	hip hop	17	2911495.4
electro	electro	16	3328100.3571428573
dance pop	urban contemporary	15	928607.3333333335
electro house	pop rap	15	1743262.5714285714
dance pop	soul	15	3761104.8461538465
funk	pop	15	3955250.1
ninja	pop	14	2725145.5714285714
dance pop	other	14	2085647.9230769232
electro	house	14	5045107.25
country	dance pop	14	6481604.833333332
latin	pop rap	14	5914964.4
trap	tropical house	14	3301107.833333333
other	pop rap	14	1003009.3636363636
dance pop	reggaeton	14	2377389.6
dance	tropical house	13	3056948.75
electropop	electropop	13	3421069.3076923075
electropop	r&b	13	4540130.727272728
pop rap	reggaeton	13	5914964.4
house	rap	13	3178549.0
electro house	electropop	12	5251318.333333333
dancehall	pop	12	1818940.8571428568
dance	pop rap	12	1663463.5
trap	tropical	11	1875628.333333333
house	tropical house	11	4781157.666666667
hip hop	tropical	11	4633140.666666667
electro house	trap	11	2985155.9
hip hop	indie r&b	11	2567541.5
house	trap	11	3343362.666666666
hip hop	house	11	3235118.25
dance pop	moombahton	10	2235158.75
dance	electropop	10	2197959.5
indie pop	tropical house	10	2651203.9
dance pop	funk	10	3994607.375
house	pop rap	10	1692288.666666667
dance	electro	9	2834466.222222222
electro	r&b	9	5474509.444444444
deep pop r&b	hip hop	9	408312.0
drill	rap	9	2373096.6
electro	electro house	9	4443981.0
hip hop	other	9	923313.7142857143
indie r&b	rap	9	2567541.5
indie pop	pop rap	9	6286904.142857143
dubstep	rap	9	3887331.75
hip hop	indie pop	9	4278125.833333333
indie pop rap	rap	9	4923050.6
dance pop	dancehall	9	1027388.8
country	tropical house	8	5543831.375
country	electropop	8	6972081.875
dance pop	k-pop	8	1307274.7142857143
electro	indie pop	8	2222075.125
dance pop	indie pop	8	2093282.625
electropop	indie pop	8	4683501.75
other	tropical house	8	1909782.75
drill	trap	8	2373096.6
drill	hip hop	8	2373096.6
other	rap	8	754981.7142857143
other	trap	8	1090431.0
r&b	soul	8	3724594.166666666
indie r&b	pop rap	8	2935989.6
indie pop	rap	8	4258609.666666667
r&b	tropical house	8	6627541.428571427
electro house	tropical house	8	7860112.333333332
dance	hip hop	8	445454.83333333326
dancehall	tropical house	8	1027388.8
electro	soul	8	6483134.142857143
dance pop	ninja	7	2840031.5
deep pop r&b	rap	7	408312.0
electro	other	7	2077827.5714285716
pop	techno	7	5767365.0
electro house	r&b	7	5037824.857142857
pop	rock	7	5502198.666666667
r&b	urban contemporary	7	1177649.5
indietronica	rap	7	3026221.6
county rock	pop	7	8108380.2
county rock	dance pop	7	8108380.2
afropop	pop	7	2017360.0
hip hop	indietronica	7	3307256.0
indie pop rap	trap	7	4923050.6
electropop	house	7	5271117.285714285
soul	tropical house	7	7369275.5
house	r&b	6	4156821.833333334
dubstep	pop	6	11033726.666666666
deep pop r&b	pop	6	1240360.833333333
pop rock	rap	6	6544563.0
pop	pop rock	6	9226785.333333334
pop rap	pop rock	6	6544563.0
electropop	other	6	2364913.0
afropop	pop rap	6	1743865.6
dancehall	pop rap	6	1743865.6
dancehall	rap	6	2440401.0
moombahton	trap	6	2075255.2
hip hop	moombahton	6	1355502.4
deep pop r&b	pop rap	6	439299.0
deep pop r&b	trap	6	439299.0
country pop	pop	6	9702576.0
country pop	dance pop	6	9702576.0
dubstep	hip hop	6	5020460.833333333
dance pop	tropical	6	1155488.0
indietronica	pop rap	6	3321485.5
hip hop	indie pop rap	6	4923050.6
dance	rap	6	979868.8
escape room	hip hop	6	546110.0
dance	trap	6	574135.0
k-pop	pop	6	1975146.333333333
dancehall	electro	6	1027388.8
tropical	tropical	5	4633140.666666667
azonto	pop rap	5	2128256.0
afropop	rap	5	2128256.0
azonto	rap	5	2128256.0
afropop	hip hop	5	2128256.0
dancehall	hip hop	5	2128256.0
azonto	hip hop	5	2128256.0
drill	pop rap	5	2373096.6
electropop	moombahton	5	2013724.6
moombahton	rap	5	1642802.0
electropop	soul	5	4280965.2
indie r&b	pop	5	2228747.333333333
indie r&b	trap	5	3590627.5
rap	rock	5	1633060.6
indie rock	pop	5	5551291.0
dance pop	indie rock	5	5551291.0
funk	pop rap	5	3497158.4
funk	hip hop	5	2600648.666666666
indie pop rap	pop rap	5	6100642.0
escape room	rap	5	391015.25
pop rap	rock	5	1644126.2
electro	latin	5	4226889.0
electro house	soul	5	8173865.25
funk	tropical house	5	2826831.75
afropop	dance pop	5	236899.0
electro	k-pop	4	806371.0
electro house	k-pop	4	806371.0
k-pop	tropical house	4	806371.0
house	k-pop	4	806371.0
dance	moombahton	4	2083796.0
afropop	trap	4	458691.0
dancehall	trap	4	458691.0
azonto	trap	4	458691.0
electropop	techno	4	8214074.5
country	electro	4	9321898.0
country	electro house	4	9321898.0
electro	moombahton	4	2075881.75
soul	urban contemporary	4	774816.75
other	r&b	4	270802.75
indie r&b	r&b	4	1750920.0
indie pop	r&b	4	6248743.75
dubstep	pop rap	4	2181492.75
azonto	pop	4	2621045.333333333
dancehall	funk	4	1988915.25
francoton	pop	4	1606068.0
dance pop	francoton	4	1606068.0
indie pop	trap	4	6011836.0
indietronica	trap	4	6011836.0
house	house	4	7555447.5
electro house	house	4	8811482.333333334
latin	tropical house	4	2596366.25
indietronica	pop	4	1488852.0
electro	reggaeton	4	5228934.75
electro	urban contemporary	4	3595821.5
tropical house	urban contemporary	4	3595821.5
moombahton	tropical house	4	1776756.666666667
ninja	trap	4	2022132.0
electro house	other	4	5338122.25
adult standards	lounge	4	1159377.666666667
adult standards	pop	4	1390219.0
dance	r&b	4	5185408.5
afropop	tropical house	4	236899.0
francoton	latin	3	1832323.666666667
francoton	reggaeton	3	1832323.666666667
dance	house	3	2709626.666666666
dance	ninja	3	2709626.666666666
dance pop	dubstep	3	10460230.666666666
rap	rap rock	3	353106.0
r&b	techno	3	2853846.333333333
moombahton	pop rap	3	2115236.666666666
other	soul	3	234900.33333333328
afropop	funk	3	2600648.666666666
dubstep	trap	3	7333971.666666668
indie pop rap	pop	3	7952344.666666668
dance	soul	3	3513558.0
escape room	trap	3	299320.5
escape room	pop rap	3	299320.5
electropop	funk	3	2389920.666666666
other	other	3	1199856.666666667
latin	urban contemporary	3	505923.5
reggaeton	tropical house	3	3388919.666666666
adult standards	other	3	876000.3333333335
lounge	other	3	876000.3333333335
adult standards	adult standards	3	1159377.666666667
adult standards	easy listening	3	1159377.666666667
dance	dancehall	3	209171.0
afropop	electro	3	236899.0
house	soul	3	10571158.0
hip hop	rock	3	1100498.666666667
ninja	rap	3	1130664.0
hip hop	ninja	3	1130664.0
hip hop	rap rock	2	353106.0
country	techno	2	11797721.0
electro	rock	2	4085512.0
rock	tropical house	2	4085512.0
deep pop r&b	r&b	2	265418.5
deep pop r&b	soul	2	265418.5
indie r&b	soul	2	1151747.5
country pop	electro	2	6846075.0
county rock	electro	2	6846075.0
country pop	electro house	2	6846075.0
county rock	electro house	2	6846075.0
country pop	tropical house	2	6846075.0
county rock	tropical house	2	6846075.0
country	house	2	6846075.0
country pop	house	2	6846075.0
county rock	house	2	6846075.0
electro	indie rock	2	6846075.0
electro house	indie rock	2	6846075.0
indie rock	tropical house	2	6846075.0
house	indie rock	2	6846075.0
country	indie rock	2	6846075.0
country pop	indie rock	2	6846075.0
county rock	indie rock	2	6846075.0
country pop	electropop	2	12559077.0
county rock	electropop	2	12559077.0
funk	rap	2	3797821.0
azonto	funk	2	3797821.0
dance pop	techno	2	3082538.0
new wave	rock	2	980079.0
latin	r&b	2	735155.5
r&b	reggaeton	2	735155.5
dance pop	indie pop rap	2	6123420.5
urban contemporary	urban contemporary	2	1189557.0
new rave	rap	2	252907.0
hip hop	new rave	2	252907.0
new rave	trap	2	252907.0
new rave	pop rap	2	252907.0
dance pop	rock	2	1720887.0
dance	latin	2	255891.0
funk	other	2	196285.0
electropop	latin	2	1550887.5
dancehall	latin	2	1989959.5
dancehall	reggaeton	2	1989959.5
reggaeton	urban contemporary	2	505923.5
electro house	indie pop	2	3218698.0
dance pop	indietronica	2	631135.0
electropop	indie	2	1099049.5
moombahton	other	2	2219922.5
ninja	tropical house	2	2561983.0
electropop	ninja	2	2561983.0
indie pop	k-pop	2	1290425.0
electropop	k-pop	2	1290425.0
k-pop	video game music	2	1290425.0
pop	video game music	2	1290425.0
deep pop r&b	electro	2	3025355.0
deep pop r&b	tropical house	2	3025355.0
dance pop	deep pop r&b	2	3025355.0
dance	urban contemporary	2	412243.0
rock	rock	2	1788189.5
classic rock	rock	2	1788189.5
adult standards	swing	2	904802.0
lounge	swing	2	904802.0
easy listening	lounge	2	904802.0
hip hop	k-pop	2	763743.5
k-pop	pop rap	2	763743.5
afropop	electro house	2	236899.0
dancehall	electro house	2	236899.0
electro	funk	2	811740.5
dance	electro house	2	1317618.5
afropop	dance	2	236899.0
adult standards	dance pop	2	1361652.5
adult standards	hip hop	2	1579768.5
country	hip hop	2	1329060.5
experimental	rock	2	2735245.0
dubstep	other	2	9664968.0
easy listening	other	2	1154545.5
azonto	dance pop	2	267494.0
escape room	pop	2	2554024.0
indietronica	r&b	2	2346569.0
francoton	pop rap	2	2364956.0
rap	trance	2	20384680.0
rap	tropical	1	1620417.0
folk	new wave	1	1119024.0
celtic	new wave	1	1119024.0
new wave	punk	1	1119024.0
francoton	r&b	1	847180.0
indie pop	indie pop rap	1	10420550.0
electropop	indie pop rap	1	10420550.0
dubstep	r&b	1	15491732.0
escape room	soul	1	252907.0
new rave	soul	1	252907.0
dance pop	pop rock	1	2961723.0
electropop	indie rock	1	2961723.0
electropop	rock	1	2961723.0
electropop	pop rock	1	2961723.0
indie rock	rap	1	2961723.0
indie rock	pop rap	1	2961723.0
grime	pop rap	1	14422368.0
grime	rap	1	14422368.0
grime	trap	1	14422368.0
grime	hip hop	1	14422368.0
electro	europop	1	8646963.0
europop	tropical house	1	8646963.0
country	indie	1	3806030.0
country	r&b	1	3806030.0
pop rap	trip hop	1	345734.0
afrofuturism	pop rap	1	345734.0
rap	trip hop	1	345734.0
afrofuturism	rap	1	345734.0
trap	trip hop	1	345734.0
afrofuturism	trap	1	345734.0
hip hop	trip hop	1	345734.0
afrofuturism	hip hop	1	345734.0
new wave	tropical house	1	3852546.0
new wave	pop	1	3852546.0
electropop	new wave	1	3852546.0
electro	tropical	1	218706.0
funk	latin	1	218706.0
funk	tropical	1	218706.0
tropical	tropical house	1	218706.0
dance	tropical	1	218706.0
funk	indie pop	1	218706.0
dance	indie pop	1	218706.0
dance	other	1	218706.0
indie pop	latin	1	218706.0
latin	other	1	218706.0
indie pop	tropical	1	218706.0
other	tropical	1	218706.0
electropop	tropical	1	218706.0
afropop	latin	1	290938.0
azonto	latin	1	290938.0
afropop	reggaeton	1	290938.0
azonto	reggaeton	1	290938.0
electro	indietronica	1	782219.0
electro house	indietronica	1	782219.0
indietronica	tropical house	1	782219.0
electropop	indietronica	1	782219.0
electro	indie	1	2019181.0
indie	indie pop	1	2019181.0
indie	tropical house	1	2019181.0
indie	pop	1	2019181.0
house	other	1	3805068.0
ninja	other	1	3805068.0
indie pop	techno	1	5655177.0
soul	techno	1	5655177.0
house	moombahton	1	3787343.0
electro	ninja	1	3787343.0
house	ninja	1	3787343.0
k-pop	k-pop	1	1290425.0
indie pop	video game music	1	1290425.0
electropop	video game music	1	1290425.0
dance pop	video game music	1	1290425.0
dance	deep pop r&b	1	152742.0
deep pop r&b	electro house	1	5897968.0
punk	rock	1	841134.0
electropop	urban contemporary	1	178918.0
dance pop	indie r&b	1	317438.0
electro	synthpop	1	634777.0
electro house	synthpop	1	634777.0
synthpop	tropical house	1	634777.0
moombahton	synthpop	1	634777.0
pop	synthpop	1	634777.0
dance pop	synthpop	1	634777.0
pop rap	synthpop	1	634777.0
pop	swing	1	1169042.0
easy listening	pop	1	1169042.0
k-pop	rap	1	901177.0
k-pop	trap	1	901177.0
funk	r&b	1	9530131.0
funk	soul	1	9530131.0
dubstep	tropical house	1	20362687.0
afropop	moombahton	1	206304.0
dancehall	moombahton	1	206304.0
electro house	funk	1	206304.0
funk	moombahton	1	206304.0
county rock	hip hop	1	1731597.0
electropop	reggaeton	1	2883069.0
folk rock	rock	1	2735245.0
psychedelic rock	rock	1	2735245.0
mellow gold	rock	1	2735245.0
folk rock	pop	1	2735245.0
experimental	folk rock	1	2735245.0
pop	psychedelic rock	1	2735245.0
experimental	psychedelic rock	1	2735245.0
mellow gold	pop	1	2735245.0
experimental	mellow gold	1	2735245.0
classic rock	pop	1	2735245.0
classic rock	experimental	1	2735245.0
country	country	1	2037473.0
reggae	reggae	1	153580.0
dance pop	reggae	1	153580.0
pop rap	reggae	1	153580.0
rock	trap	1	249630.0
mellow gold	pop rap	1	249630.0
mellow gold	rap	1	249630.0
mellow gold	trap	1	249630.0
hip hop	mellow gold	1	249630.0
adult standards	jazz	1	640562.0
lounge	lounge	1	640562.0
jazz	lounge	1	640562.0
easy listening	swing	1	640562.0
easy listening	jazz	1	640562.0
electro house	urban contemporary	1	671744.0
house	urban contemporary	1	671744.0
drill	electro	1	820450.0
drill	pop	1	820450.0
dance pop	drill	1	820450.0
drill	tropical house	1	820450.0
ninja	pop rap	1	2035830.0
azonto	electro	1	267494.0
azonto	electro house	1	267494.0
azonto	tropical house	1	267494.0
afropop	house	1	267494.0
dancehall	house	1	267494.0
azonto	house	1	267494.0
azonto	dance	1	267494.0
afropop	r&b	1	267494.0
dancehall	r&b	1	267494.0
azonto	r&b	1	267494.0
classical	other	1	1285766.0
country	urban contemporary	1	926524.0
country	pop rock	1	926524.0
country	europop	1	926524.0
house	indie pop	1	1318898.0
indie pop	moombahton	1	1318898.0
indie pop	ninja	1	1318898.0
chillwave	r&b	1	4382747.0
chillwave	pop	1	4382747.0
escape room	r&b	1	4382747.0
adult standards	rap	1	1427940.0
blues	rap	1	1427940.0
lounge	rap	1	1427940.0
rap	swing	1	1427940.0
jazz	rap	1	1427940.0
blues	hip hop	1	1427940.0
hip hop	lounge	1	1427940.0
hip hop	swing	1	1427940.0
hip hop	jazz	1	1427940.0
adult standards	country	1	991708.0
country	lounge	1	991708.0
lounge	pop	1	991708.0
dance pop	lounge	1	991708.0
tropical	urban contemporary	1	388716.0
pop rap	tropical	1	388716.0
electro	francoton	1	2364956.0
francoton	tropical house	1	2364956.0
francoton	urban contemporary	1	2364956.0
francoton	hip hop	1	2364956.0
escape room	indie pop	1	725301.0
escape room	indie r&b	1	725301.0
escape room	indietronica	1	725301.0
electro house	rock	1	18665149.0
dubstep	rock	1	18665149.0
electro house	pop rock	1	18665149.0
dubstep	pop rock	1	18665149.0
dance	reggaeton	1	293076.0
dubstep	electro	1	20384680.0
electro	trance	1	20384680.0
electro house	electro house	1	20384680.0
dubstep	electro house	1	20384680.0
electro house	trance	1	20384680.0
dubstep	electropop	1	20384680.0
electropop	trance	1	20384680.0
dubstep	house	1	20384680.0
house	trance	1	20384680.0
dubstep	soul	1	20384680.0
soul	trance	1	20384680.0
trance	trap	1	20384680.0
hip hop	trance	1	20384680.0
indie pop	soul	1	310391.0
indietronica	soul	1	310391.0
indie	pop rap	1	2571815.0
indie	rap	1	2571815.0
hip hop	indie	1	2571815.0
hip hop	pop rock	1	2571815.0
brazilian funk	latin	1	315316.0
brazilian funk	reggaeton	1	315316.0
