position	song_id	song_name	artist	streams	last_week_position	weeks_on_chart	peak_position	position_status
1	3B54sVLJ402zGa6Xm4YGNe	Unforgettable	French Montana	8351910	4	4	1	3
2	2eMwDehkIC1j68U6FA3Eiq	XO TOUR Llif3	Lil Uzi Vert	8228820	2	19	2	0
3	5CtI0qwDJkDQGwXD1H1cLb	Despacito - Remix	Luis Fonsi	7996815	1	16	1	-2
4	1OAh8uOEOvTDqkKFsKksCi	Wild Thoughts (feat. Rihanna & Bryson Tiller)	DJ Khaled	7992073	3	7	2	-1
5	5eqK0tbzUPo2SoeZsov04s	Bank Account	21 Savage	7333425	7	4	5	2
6	7KXjTSCq5nL1LoYtL7XAwS	HUMBLE.	Kendrick Lamar	6695422	6	18	1	0
7	3DXncPQOG4VBw3QHh3S817	I'm the One (feat. Justin Bieber, Quavo, Chance the Rapper & Lil Wayne)	DJ Khaled	6635380	5	10	2	-2
8	3a1lNhkSLSkpJE4MSHpDu9	Congratulations	Post Malone	6091780	8	31	5	0
9	2rb5MvYT7ZIxbKW5hfcHx8	Mi Gente	J Balvin	5751461	12	5	9	3
10	1yxgsra98r3qAtxqiGZPiX	BUTTERFLY EFFECT	Travis Scott	5513496	10	11	10	0
11	25C5CowdsfXld2jJanbiex	Sorry Not Sorry	Demi Lovato	5219297	9	4	9	-2
12	5bcTCxgc7xVfSaMV3RuVke	Feels (feat. Pharrell Williams, Katy Perry & Big Sean)	Calvin Harris	5191212	11	6	9	-1
13	152lZdxL1OR0ZMW6KquMif	Location	Khalid	5082053	16	31	9	3
14	3kxfsdsCpFgN412fpnW85Y	Redbone	Childish Gambino	5035810	14	31	9	0
15	6EpRaXYhGOB3fj4V2uDkMJ	Strip That Down	Liam Payne	4987484	13	11	13	-2
16	0CcQNd8CINkwQfe1RDtGV6	Believer	Imagine Dragons	4649304	17	23	11	1
17	7mldq42yDuxiUNn08nvzHO	Body Like A Back Road	Sam Hunt	4638392	19	26	15	2
18	4iLqG9SeJSnt0cSPICSjxv	Attention	Charlie Puth	4605156	18	15	18	0
19	0XLOf9LhyazPX9Ld8jPiUq	Fetish (feat. Gucci Mane)	Selena Gomez	4503671	15	2	15	-4
20	5tz69p7tJuGPeMGwNTxYuV	1-800-273-8255	Logic	4393616	21	14	7	1
21	6HZILIRieu8S0iqY8kIKhj	DNA.	Kendrick Lamar	4276410	22	16	2	1
22	3A7qX2QjDlPnazUsRk5y0M	2U (feat. Justin Bieber)	David Guetta	4209594	24	7	8	2
23	6p8NuHm8uCGnn2Dtbtf7zE	Slippery (feat. Gucci Mane)	Migos	4177850	28	27	21	5
24	6gBFPUFcJLzWGx4lenP6h2	goosebumps	Travis Scott	4072440	27	31	16	3
25	5Z3GHaZ6ec9bsiI5BenrbY	Young Dumb & Broke	Khalid	4014703	32	17	25	7
26	1e1JKLEDKP7hEQzJfNAgPl	Magnolia	Playboi Carti	4005293	23	15	12	-3
27	5EnYT6F7wEcdege6mDHEfO	Signs	Drake	3969996	25	4	14	-2
28	167NczpNbRF7oWakJaY3Hh	Slow Hands	Niall Horan	3962907	29	13	28	1
29	7tr2za8SQg2CI8EDgrdtNl	Slide (feat. Frank Ocean & Migos)	Calvin Harris	3902016	20	19	8	-9
30	3rOSwuTsUlJp0Pu0MkN8r8	Mask Off	Future	3889967	26	24	2	-4
31	0q75NwOoFiARAVp4EXU4Bs	Love Galore (feat. Travis Scott)	SZA	3884427	43	12	31	12
32	0tKcYR2II1VCQWT79i5NrW	Thunder	Imagine Dragons	3818439	33	11	21	1
33	7F9vK8hNFMml4GtHsaXui6	Back to You (feat. Bebe Rexha & Digital Farm Animals)	Louis Tomlinson	3618354	42	2	33	9
34	0KKkJNfGyhkQ5aFogxQAPU	That's What I Like	Bruno Mars	3616275	31	31	3	-3
35	6QgjcU0zLnzq5OrUoSZ3OK	Feel It Still	Portugal. The Man	3615403	52	7	35	17
36	79NlESqzFSW0hdBWgls4FX	Praying	Kesha	3561192	34	4	26	-2
37	79cuOz3SPQTuFrp8WgftAu	There's Nothing Holdin' Me Back	Shawn Mendes	3537143	35	15	29	-2
38	1wjzFQodRWrPcQ0AnYnvQ9	I Like Me Better	Lauv	3437210	30	9	30	-8
39	6PGoSes0D9eUDeeAafB2As	LOVE. FEAT. ZACARI.	Kendrick Lamar	3410807	39	16	5	0
40	7qiZfU4dY1lWllzX7mPBI3	Shape of You	Ed Sheeran	3400740	36	30	1	-4
41	6H0AwSQ20mo62jGlPGB8S6	It's A Vibe	2 Chainz	3318828	45	14	41	4
42	6Q2FftbUG530lCtBI74bMH	Drowning (feat. Kodak Black)	A Boogie Wit da Hoodie	3317375	38	17	28	-4
43	1sCxVKWImDZSZKvG0U9B23	Bad Liar	Selena Gomez	3313175	37	11	8	-6
44	7i2DJ88J7jQ8K7zqFX2fW8	Now Or Never	Halsey	3309204	40	6	12	-4
45	0lMbuWUpfTWhEmOKxppEau	Rollin (feat. Future & Khalid)	Calvin Harris	3208564	41	8	16	-4
46	2ekn2ttSfGqwhhate0LSR0	New Rules	Dua Lipa	3200911	54	3	46	8
47	6SwRhMLwNqEi6alNPVG00n	LOYALTY. FEAT. RIHANNA.	Kendrick Lamar	3163099	58	16	4	11
48	3HVr6jTVwBHBa2flM0eURR	Glorious (feat. Skylar Grey)	Macklemore	3095461	63	2	48	15
49	0dA2Mk56wEzDgegdC6R17g	Stay (with Alessia Cara)	Zedd	3085128	44	23	12	-5
50	2771LMNxwf62FTAdpJMQfM	Bodak Yellow	Cardi B	2942624	96	2	50	46
51	7hDc8b7IXETo14hHIHdnhd	Passionfruit	Drake	2940079	49	20	1	-2
52	1nX9KhK3Fff27SnrIor2Yb	4 AM	2 Chainz	2866786	48	7	22	-4
53	2EEeOnHehOozLq4aS0n6SL	iSpy (feat. Lil Yachty)	KYLE	2844516	50	31	2	-3
54	6c7D34787LOtPm8tzhsLgH	Rake It Up	Yo Gotti	2699590	62	4	54	8
55	6kig1UFggPUyZBCvXD3Wod	No Complaints	Metro Boomin	2478784	56	6	39	1
56	2mfUa8bLs2s5N4VaqJZ4lZ	Most Girls	Hailee Steinfeld	2362497	70	14	56	14
57	6RUKPb4LETWmmr3iAEQktW	Something Just Like This	The Chainsmokers	2330671	60	24	2	3
58	3PEgB3fkiojxms35ntsTgs	More Than You Know	Axwell /\ Ingrosso	2325942	nan	1	58	new
59	1SJtlNRJDeYHioymcvsqev	Crying in the Club	Camila Cabello	2298722	57	11	48	-2
60	3Ytr1SUCUi6J3L9dRFx5iH	Know No Better (feat. Travis Scott, Camila Cabello & Quavo)	Major Lazer	2262336	69	9	36	9
61	6jA8HL9i4QGzsj6fjoxp8Y	There for You	Martin Garrix	2255353	68	10	32	7
62	6D0b04NJIKfEMg040WioJQ	Issues	Julia Michaels	2233818	nan	1	62	new
63	4aWmUDTfIPGksMNLV2rQP2	Despacito (Featuring Daddy Yankee)	Luis Fonsi	2217700	59	28	32	-4
64	0SGkqnVQo9KPytSri1H6cF	Bounce Back	Big Sean	2204773	71	31	3	7
65	3Q3myFA7q4Op95DOpHplaY	do re mi	blackbear	2169210	64	14	30	-1
66	0NiXXAI876aGImAd6rTj8w	Mama	Jonas Blue	2128899	81	4	66	15
67	4Km5HrUvYTaSUfiSGPJeQR	Bad and Boujee (feat. Lil Uzi Vert)	Migos	2118302	72	31	1	5
68	5uCax9HTNlzGybIStD3vDh	Say You Won't Let Go	James Arthur	2117095	75	31	15	7
69	6zLdXcmvIxnAXpz9sXFnIE	Craving You	Thomas Rhett	2114591	79	10	66	10
70	7BKLCZ1jbUBVqRi2FVlTVw	Closer	The Chainsmokers	2108118	77	31	4	7
71	4Q3N4Ct4zCuIHuZ65E3BD4	Tunnel Vision	Kodak Black	2087030	73	24	5	2
72	0ZiRSqlSsDlY0UyDYU9CTE	Unforgettable	Thomas Rhett	2085288	nan	1	72	new
73	2bjwRfXMk4uRgOD9IBYl9h	Portland	Drake	2015706	74	20	2	1
74	7LEydI5NfjY6mZfKwYIptZ	Down	Fifth Harmony	2007521	80	9	50	6
75	0G149jkGWKwrPXUGkEDgWM	Numb	21 Savage	1989739	65	4	42	-10
76	7aF09WaavZAmAWuUeYxlYD	Rich Love (with Seeb)	OneRepublic	1978096	94	3	76	18
77	6mapJIPnQ23RTAevUoE0DL	Swang	Rae Sremmurd	1977361	82	31	23	5
78	3eR23VReFzcdmS7TYCrhCe	It Ain't Me (with Selena Gomez)	Kygo	1962262	84	23	3	6
79	7KOlJ92bu51cltsD9KU5I7	T-Shirt	Migos	1929253	83	29	6	4
80	1NDxZ7cFAo481dtYWdrUnR	Pretty Girl - Cheat Codes X CADE Remix	Maggie Lindemann	1927358	91	18	67	11
81	21yRtB6B8EMounImAfHRCP	Who Dat Boy (feat. A$AP Rocky)	Tyler, The Creator	1915035	47	2	47	-34
82	5hTpBe8h35rJ67eAWHQsJx	Caroline	Aminé	1897416	nan	1	82	new
83	6kex4EBAj0WHXDKZMEJaaF	Swalla (feat. Nicki Minaj & Ty Dolla $ign)	Jason Derulo	1886358	85	22	35	2
84	1EaKU4dMbesXXd3BrLCtYG	ELEMENT.	Kendrick Lamar	1870427	90	16	3	6
85	4c2W3VKsOFoIg2SFaO6DY5	Your Song	Rita Ora	1851235	95	9	80	10
86	4ARPvK8DHLwt4oX65ZAFMw	Look At Me!	XXXTENTACION	1848110	89	23	26	3
87	3muBQDekYAg7jm6hDu6R0Z	First Day Out	Tee Grizzley	1835725	97	25	79	10
88	1louJpMmzEicAn7lzDalPW	No Promises (feat. Demi Lovato)	Cheat Codes	1830523	104	18	52	16
89	59J5nzL1KniFHnU120dQzt	wokeuplikethis*	Playboi Carti	1791829	86	16	54	-3
90	343YBumqHu19cGoGARUTsd	Fake Love	Drake	1786355	99	31	2	9
91	4bEcoz1OcfMgUbp2ft8ieQ	911 / Mr. Lonely (feat. Frank Ocean & Steve Lacy)	Tyler, The Creator	1784645	61	2	61	-30
92	0qYTZCo5Bwh1nsUFGZP3zn	Felices los 4	Maluma	1774320	100	13	84	8
93	5aAx2yezTd8zXrkmtKl66Z	Starboy	The Weeknd	1762046	103	31	3	10
94	7zVCrzzEJU7u24sbJPXA5W	What Ifs (feat. Lauren Alaina)	Kane Brown	1756634	135	9	94	41
95	7yyRTcZmCiyzzJlNzGC9Ol	Broccoli (feat. Lil Yachty)	DRAM	1748634	105	31	11	10
96	4AFgK4wP1iD5i8BYaLr9Vf	You Da Baddest	Future	1735154	nan	1	96	new
97	2habSXqcJGExM6JJyskY7O	Malibu	Miley Cyrus	1729496	92	12	7	-5
98	57p8CBvPOxrvyCbn6ttl5r	Would You Ever	Skrillex	1720258	nan	1	98	new
99	6eT7xZZlB2mwyzJ2sUKG6w	White Iverson	Post Malone	1693355	109	31	77	10
100	5yuShbu70mtHXY0yLzCQLQ	Go Flex	Post Malone	1656352	116	31	97	16
101	0pSBuHjILhNEo55xK1zrRt	Rolex	Ayo & Teo	1653927	101	26	37	0
102	0v9Wz8o0BT8DU38R4ddjeH	No Problem (feat. Lil Wayne & 2 Chainz)	Chance the Rapper	1636787	108	31	24	6
103	045SnNDjOfOLKM5OxARH4g	Small Town Boy	Dustin Lynch	1636460	128	9	103	25
104	7KA4W4McWYRpgf0fWsJZWB	See You Again (feat. Kali Uchis)	Tyler, The Creator	1629118	55	2	55	-49
105	4cxMGhkinTocPSVVKWIw0d	Losin Control	Russ	1620109	112	29	75	7
106	0ESJlaM8CE1jRWaNtwSNj8	beibs in the trap	Travis Scott	1610721	111	30	97	5
107	3JKhmIlixlYwFLzrkc6drb	Learn To Let Go	Kesha	1608924	nan	1	107	new
108	25oOaleife6E2MIKmFkPvg	Relationship (feat. Future)	Young Thug	1601207	132	7	80	24
109	2XaInsPPUkZRkY4uFJ3AHK	Met Gala (feat. Offset)	Gucci Mane	1599747	106	10	54	-3
110	20dP2DaMHIAmwWAbp7peSr	pick up the phone	Young Thug	1598632	113	31	44	3
111	1xznGGDReH1oQq0xzbwXa3	One Dance	Drake	1595617	117	31	13	6
112	6xHI9KjUjYT0FPtGO8Mxa1	Hurricane	Luke Combs	1587603	123	20	85	11
113	1CKd1PnqfYx0H12V9MSaIY	Get Low (with Liam Payne)	Zedd	1570090	118	4	51	5
114	4PzovBqgnSHKd8opsP7IVM	Everyday We Lit (feat. PnB Rock)	YFN Lucci	1564486	124	17	106	10
115	3NdDpSvN911VPGivFlV5d0	"I Don’t Wanna Live Forever (Fifty Shades Darker) - From ""Fifty Shades Darker (Original Motion Picture Soundtrack)"""	ZAYN	1555170	143	31	3	28
116	6UjfByV1lDLW0SOVQA4NAi	Gyalchester	Drake	1545599	114	20	6	-2
117	74ODGXs4byLTRdnKGM4s6E	Super Far	LANY	1537532	131	4	117	14
118	0B8QzDH7YWih85V5SEMnyJ	Money Longer	Lil Uzi Vert	1536365	120	31	73	2
119	6fwdbPMwP1zVStm8FybmkO	X (feat. Future)	21 Savage	1527419	125	31	17	6
120	1839RWzPRZCVgvamu4sHSN	All My Love (feat. Conor Maynard)	Cash Cash	1527023	172	2	120	52
121	2wf9bp4MkChojtljddWpbO	PRBLMS	6LACK	1509940	137	26	100	16
122	62vpWI1CHwFy7tMIcSStl8	No Role Modelz	J. Cole	1489531	138	31	71	16
123	2cnKEkpVUSV4wnjQiTWfH6	Escápate Conmigo	Wisin	1487011	139	8	115	16
124	4wdZdkEugVVorAfzqRqC6N	Candy Paint	Post Malone	1471537	145	10	122	21
125	104buTcnP2AsxqB7U1FIZ4	Heavy (feat. Kiiara)	Linkin Park	1470298	51	4	51	-74
126	5o4yGlG0PfeVUa6ClIyOxq	Boys	Charli XCX	1464582	nan	1	126	new
127	0utlOiJy2weVl9WTkcEWHy	Neighbors	J. Cole	1427680	141	29	37	14
128	3pndPhlQWjuSoXhcIIdBjv	What They Want	Russ	1405467	149	31	117	21
129	10M2Ex445zw585Ducldzkw	In Case You Didn't Know	Brett Young	1403168	157	19	102	28
130	2ANLarE8yHVsLWW21nj79M	You Was Right	Lil Uzi Vert	1395795	151	31	28	21
131	60a0Rd6pjrkxjPbaKzXjfq	In the End	Linkin Park	1376068	46	2	46	-85
132	0w3Q14i073jLoew1hgJkwD	Heartache On The Dance Floor	Jon Pardi	1374657	170	5	132	38
133	3sJHkcxojoJD2Ytbo1yLLF	Two High	Moon Taxi	1367340	176	6	122	43
134	2jYmK1cb3Uya6FFsocdpzO	Why	Sabrina Carpenter	1367058	nan	1	134	new
135	5GXAXm5YOmYT0kL5jHvYBt	I Feel It Coming	The Weeknd	1363476	152	31	10	17
136	37F0uwRSrdzkBiuj0D5UHI	Reminder	The Weeknd	1354106	169	26	69	33
137	6PCUP3dWmTjcTtXY02oFdT	Castle on the Hill	Ed Sheeran	1353417	159	30	4	22
138	6b8Be6ljOzmkOmFslEb23P	24K Magic	Bruno Mars	1343519	154	31	14	16
139	5Ohxk2dO5COHF1krpoPigN	Sign of the Times	Harry Styles	1342951	147	17	16	8
140	05nbZ1xxVNwUTcGwLbp7CN	Myself	NAV	1342809	160	14	99	20
141	72jbDTw1piOOj770jWNeaG	Paris	The Chainsmokers	1338835	156	29	4	15
142	6gU9OKjOE7ghfEd55oRO57	The Weekend	SZA	1321531	nan	3	129	re-enter
143	6kl1qtQXQsFiIWRBK24Cfp	RAF	A$AP Mob	1318992	199	4	143	56
144	248OFOZef6ShXv6DGgbnxU	Saved	Khalid	1314907	175	22	137	31
145	2nLtzopw4rPReszdYBJU6h	Numb	Linkin Park	1308616	53	2	53	-92
146	1qOLh0tI7trd1zdDKxYZTe	Starving	Hailee Steinfeld	1304300	166	31	18	20
147	7EiZI6JVHllARrX9PUvAdX	Low Life (feat. The Weeknd)	Future	1286043	167	31	59	20
148	6mORGLOz79w6VsCRLWYYuK	The Night We Met	Lord Huron	1281803	174	17	48	26
149	56kXYt4KRoUq3rzkPdjquB	Audi.	Smokepurpp	1281055	180	5	132	31
150	0QsvXIfqM0zZoerQfsI9lm	Don't Let Me Down	The Chainsmokers	1277893	168	31	43	18
151	5de7ci7TFqbQ1PFgKAD7MR	Horses (with PnB Rock, Kodak Black & A Boogie Wit da Hoodie)	PnB Rock	1275375	164	15	120	13
152	2RwmsAOxtiRezQPmvyejb8	Ex Calling	6LACK	1274181	189	8	152	37
153	5QqyRUZeBE04yJxsD1OC0I	Summer Bummer (feat. A$AP Rocky & Playboi Carti)	Lana Del Rey	1271587	66	2	66	-87
154	6fujklziTHa8uoM5OQSfIo	Black Beatles	Rae Sremmurd	1271225	173	31	5	19
155	3I7krC8kr0gFR7P6vInR1I	Do I Make You Wanna	Billy Currington	1253096	nan	1	155	new
156	1x5sYLZiu9r5E43kMlt9f8	Symphony (feat. Zara Larsson)	Clean Bandit	1245177	162	20	48	6
157	5bgwqaRSS3M8WHWruHgSL5	8TEEN	Khalid	1239662	198	5	157	41
158	0iTCmKvuU1ReULiQB0rI7n	Tone It Down (feat. Chris Brown)	Gucci Mane	1239556	nan	3	108	re-enter
159	4EbULzyWMuFx94aoIY1MlJ	A$AP Ferg	NAV	1237516	150	2	150	-9
160	0RYXEibxMami3QuT8kn4Iz	Marmalade (feat. Lil Yachty)	Macklemore	1235242	nan	1	160	new
161	7zxRMhXxJMQCeDDg0rKAVo	Some Way	NAV	1228830	186	20	87	25
162	3pXF1nA74528Edde4of9CC	Don't	Bryson Tiller	1206196	183	31	82	21
163	2NyrXRn4tancYPW6JwtTl2	From The D To The A (feat. Lil Yachty)	Tee Grizzley	1206062	185	20	100	22
164	5GG3knKdxKWrNboRijxeKF	Run Me Dry	Bryson Tiller	1202952	192	10	65	28
165	6yr8GiTHWvFfi4o6Q5ebdT	'Till I Collapse	Eminem	1193044	nan	15	155	re-enter
166	4gmmRb6bZJffOOiww1JGTO	No Heart	21 Savage	1191571	187	31	20	21
167	15EPc80XuFrb2LmOzGjuRg	Crew (feat. Brent Faiyaz & Shy Glizzy)	GoldLink	1191268	nan	2	167	re-enter
168	4HW5kSQ8M2IQWZhSxERvla	Spice Girl	Aminé	1184202	nan	1	168	new
169	5C6uh95eAL0RBTSGXKQwvk	Hometown Girl	Josh Turner	1182101	nan	5	149	re-enter
170	0Fv5N0cHBsl4bzCbollCAS	Moves	Big Sean	1178911	191	31	10	21
171	43PuMrRfbyyuz4QpZ3oAwN	Exchange	Bryson Tiller	1176750	200	31	84	29
172	3E2Zh20GDCR9B1EYjfXWyv	Weak	AJR	1171707	194	29	30	22
173	2aksifNn5ph8igDOkPBA02	Love On The Brain	Rihanna	1169293	nan	30	39	re-enter
174	7sLDnUauivS2vN6Z9EfUJT	1942 Flows	Meek Mill	1166892	140	2	140	-34
175	4QeBlVCl2KzUEcQZiuskRd	Sway (feat. Quavo & Lil Yachty)	NexXthursday	1166380	nan	1	175	new
176	5WNYg3usc6H8N3MBEp4zVk	Boredom (feat. Rex Orange County & Anna of the North)	Tyler, The Creator	1159951	76	2	76	-100
177	2xbI8Vmyv3TkpTdywpPyNw	Selfish	PnB Rock	1159506	196	31	47	19
178	1JupdHkhDzE4XtrFFe9w6o	No Such Thing as a Broken Heart	Old Dominion	1158517	nan	2	178	re-enter
179	5qbcsZMwL0x46sX7VO37Ye	Up	NAV	1157702	nan	15	74	re-enter
180	6yMxfx9wpiuhhdb8vHDVMu	Whatever You Need (feat. Chris Brown & Ty Dolla $ign)	Meek Mill	1148397	144	2	144	-36
181	7cGFbx7MP0H23iHZTZpqMM	Everybody	Logic	1145442	182	18	26	1
182	5hYTyyh2odQKphUbMqc5gN	"How Far I'll Go - From ""Moana"""	Alessia Cara	1143810	nan	30	20	re-enter
183	5uDASfU19gDxSjW8cnCaBp	Chill Bill (feat. J. Davi$ & Spooks)	Rob $tone	1142561	nan	30	19	re-enter
184	0BCy325UZyR9z0t0uxwn2N	H.O.L.Y.	Florida Georgia Line	1137785	nan	10	164	re-enter
185	53mrVsi49rLHIaKBiSvElG	do re mi (feat. Gucci Mane)	blackbear	1136158	nan	1	185	new
186	2Ce5IyMlVRVvN997ZJjJJA	Selfish (feat. Rihanna)	Future	1136045	nan	22	24	re-enter
187	6De0lHrwBfPfrhorm9q1Xl	Me Rehúso	Danny Ocean	1124447	nan	2	187	re-enter
188	0afhq8XCExXpqazXczTSve	Galway Girl	Ed Sheeran	1120363	nan	21	7	re-enter
189	1HOUzEsetdIPSpAgRPhZQt	Nobody Else but You	Trey Songz	1118568	nan	6	177	re-enter
190	6JV2JOEocMgcZxYSZelKcc	"CAN'T STOP THE FEELING! (Original Song from DreamWorks Animation's ""TROLLS"")"	Justin Timberlake	1111925	nan	28	56	re-enter
191	76Y0gxtTxN0FyDCYh5qYQj	Get Right Witcha	Migos	1102732	nan	26	33	re-enter
192	5kNe7PE09d6Kvw5pAsx23n	Die A Happy Man	Thomas Rhett	1098278	nan	5	175	re-enter
193	6i0V12jOa3mr6uu4WYhUBr	Heathens	Twenty One Pilots	1097678	nan	30	26	re-enter
194	07pJdL0L9XDGW0HBj0rIS2	Skateboard P (feat. Big Sean)	MadeinTYO	1093406	nan	17	136	re-enter
195	0WyFpxYlBCgH1gMXd26OOr	Flatliner	Cole Swindell	1092118	nan	1	195	new
196	22eADXu8DfOAUEDw4vU8qy	Ahora Dice	Chris Jeday	1091568	nan	3	170	re-enter
197	6mb6lVLNrcUgLnEN8QnDJd	How Far I'll Go	Auli'i Cravalho	1091280	nan	17	148	re-enter
198	5Z01UMMf7V1o0MzF86s6WJ	"Lose Yourself - From ""8 Mile"" Soundtrack"	Eminem	1089598	nan	11	162	re-enter
199	6JjEVlMkfHWMeYavkEYzNO	Gassed Up	Nebu Kiniza	1085089	nan	21	77	re-enter
200	0tgVpDi06FyKpA1z0VMD4v	Perfect	Ed Sheeran	1083571	nan	14	15	re-enter
