position	song_id	song_name	artist	streams	last_week_position	weeks_on_chart	peak_position	position_status
1	1OmcAT5Y8eg5bUPv9qJT4R	rockstar	Post Malone	18558660	1	3	1	0
2	5tz69p7tJuGPeMGwNTxYuV	1-800-273-8255	Logic	8790803	2	23	1	0
3	2771LMNxwf62FTAdpJMQfM	Bodak Yellow	Cardi B	8562265	3	11	3	0
4	2fQrGHiQOvpL9UgPvtYy6G	Bank Account	21 Savage	7739160	4	2	4	0
5	7GX5flRQZVHRAGd6B4TmDO	XO Tour Llif3	Lil Uzi Vert	6565933	5	6	2	0
6	5Z3GHaZ6ec9bsiI5BenrbY	Young Dumb & Broke	Khalid	6228251	6	26	6	0
7	75ZvA4QfFiZvzhj2xkaWAh	I Fall Apart	Post Malone	6039911	43	3	7	36
8	2eAZfqOm4EnOF9VvN50Tyc	The Way Life Goes (feat. Oh Wonder)	Lil Uzi Vert	6019679	11	6	8	3
9	3B54sVLJ402zGa6Xm4YGNe	Unforgettable	French Montana	5891637	9	13	1	0
10	7m9OqQk4RVRkw9JJdeAw96	Jocelyn Flores	XXXTENTACION	5890002	7	6	3	-3
11	3m660poUr1chesgkkjQM7P	Sorry Not Sorry	Demi Lovato	5878679	nan	1	11	new
12	3a1lNhkSLSkpJE4MSHpDu9	Congratulations	Post Malone	5495964	15	40	5	3
13	7vGuf3Y35N4wmASOKLUVVU	Silence	Marshmello	5433552	10	8	10	-3
14	0ofbQMrRDsUaVKq2mGLEAb	Havana	Camila Cabello	5415377	16	9	14	2
15	0mel2N9Ws9r4yLQn5QE21Y	Too Good At Goodbyes - Edit	Sam Smith	5337757	8	4	2	-7
16	7KXjTSCq5nL1LoYtL7XAwS	HUMBLE.	Kendrick Lamar	5266987	13	27	1	-3
17	7fwXWKdDNI5IutOMc5OKYw	Mi Gente (feat. Beyoncé)	J Balvin	4674785	nan	1	17	new
18	6uFsE1JgZ20EXyU0JQZbUR	Look What You Made Me Do	Taylor Swift	4663647	14	6	1	-4
19	1HTtUBEY3tuw2btgwwI2Ja	I Get The Bag (feat. Migos)	Gucci Mane	4616034	19	7	19	0
20	1yxgsra98r3qAtxqiGZPiX	BUTTERFLY EFFECT	Travis Scott	4537252	24	20	9	4
21	1f5cbQtDrykjarZVrShaDI	Drowning (feat. Kodak Black)	A Boogie Wit da Hoodie	4488398	nan	1	21	new
22	4mxWSdf71VFO52qFeY0fZt	What Lovers Do (feat. SZA)	Maroon 5	4418538	18	5	18	-4
23	6c7D34787LOtPm8tzhsLgH	Rake It Up	Yo Gotti	4405019	21	13	21	-2
24	40oKW22ZNNkEdZLJTScaQI	Roll In Peace (feat. XXXTENTACION)	Kodak Black	4333660	27	7	24	3
25	0tKcYR2II1VCQWT79i5NrW	Thunder	Imagine Dragons	4332749	32	20	21	7
26	2ekn2ttSfGqwhhate0LSR0	New Rules	Dua Lipa	4295946	26	12	25	0
27	6foxplXS0YEq8cO374Lty4	Gucci Gang	Lil Pump	4293421	38	5	27	11
28	6QgjcU0zLnzq5OrUoSZ3OK	Feel It Still	Portugal. The Man	4290361	25	16	20	-3
29	0CokSRCu5hZgPxcZBaEzVE	Glorious (feat. Skylar Grey)	Macklemore	4076668	20	2	20	-9
30	1j4kHkkpqZRBwE0A4CN4Yv	Dusk Till Dawn - Radio Edit	ZAYN	4073405	23	4	15	-7
31	152lZdxL1OR0ZMW6KquMif	Location	Khalid	4026822	28	40	9	-3
32	6gBFPUFcJLzWGx4lenP6h2	goosebumps	Travis Scott	4015913	29	40	16	-3
33	0q75NwOoFiARAVp4EXU4Bs	Love Galore (feat. Travis Scott)	SZA	3972676	31	21	24	-2
34	7AQim7LbvFVZJE3O8TYgf2	Fuck Love (feat. Trippie Redd)	XXXTENTACION	3952754	22	6	8	-12
35	2rb5MvYT7ZIxbKW5hfcHx8	Mi Gente	J Balvin	3727933	17	14	8	-18
36	6EpRaXYhGOB3fj4V2uDkMJ	Strip That Down	Liam Payne	3641274	30	20	13	-6
37	1WIZiOuNO3woKfdlSK2gNn	Transportin'	Kodak Black	3602521	46	7	37	9
38	0tgVpDi06FyKpA1z0VMD4v	Perfect	Ed Sheeran	3544600	68	22	15	30
39	5RCfvwDewu6p2x1mEI6smX	The Race	Tay-K	3490510	35	8	35	-4
40	6p8NuHm8uCGnn2Dtbtf7zE	Slippery (feat. Gucci Mane)	Migos	3472570	40	36	21	0
41	7iDa6hUg2VgEL1o1HjmfBn	Meant to Be (feat. Florida Georgia Line)	Bebe Rexha	3391829	50	4	41	9
42	0CcQNd8CINkwQfe1RDtGV6	Believer	Imagine Dragons	3320682	42	32	11	0
43	7nZmah2llfvLDiUjm0kiyz	Friends (with BloodPop®)	Justin Bieber	3273314	33	7	4	-10
44	5AEtlRudpgdT5FtNiuly6Y	Let Me Go (with Alesso, Florida Georgia Line & watt)	Hailee Steinfeld	3270438	45	3	44	1
45	1e1JKLEDKP7hEQzJfNAgPl	Magnolia	Playboi Carti	3183228	44	24	12	-1
46	5CtI0qwDJkDQGwXD1H1cLb	Despacito - Remix	Luis Fonsi	3159443	39	25	1	-7
47	19WjVVgXjdKXfLXoaDPwTM	...Ready For It?	Taylor Swift	3106847	34	4	10	-13
48	6HZILIRieu8S0iqY8kIKhj	DNA.	Kendrick Lamar	3067736	47	25	2	-1
49	1OAh8uOEOvTDqkKFsKksCi	Wild Thoughts (feat. Rihanna & Bryson Tiller)	DJ Khaled	3027654	41	16	2	-8
50	1wjzFQodRWrPcQ0AnYnvQ9	I Like Me Better	Lauv	2971260	56	18	30	6
51	7y9iMe8SOB6z3NoHE2OfXl	Bad At Love	Halsey	2906439	70	8	51	19
52	5yuShbu70mtHXY0yLzCQLQ	Go Flex	Post Malone	2893607	65	40	52	13
53	69Naniu2KjKjaQOBUagE8U	Homemade Dynamite (Feat. Khalid, Post Malone & SZA) - REMIX	Lorde	2858305	nan	1	53	new
54	6H0AwSQ20mo62jGlPGB8S6	It's A Vibe	2 Chainz	2854270	53	23	41	-1
55	3kxfsdsCpFgN412fpnW85Y	Redbone	Childish Gambino	2801731	51	40	9	-4
56	6PGoSes0D9eUDeeAafB2As	LOVE. FEAT. ZACARI.	Kendrick Lamar	2787281	58	25	5	2
57	4dVpf9jZjcORqGTLUaeYj9	Plain Jane	A$AP Ferg	2771612	62	6	57	5
58	25oOaleife6E2MIKmFkPvg	Relationship (feat. Future)	Young Thug	2756334	64	16	58	6
59	1uL78kFWxhz3umTMWJu8n5	Sauce It Up	Lil Uzi Vert	2748290	57	6	23	-2
60	3GVkPk8mqxz0itaAriG1L7	Everybody Dies In Their Nightmares	XXXTENTACION	2706400	59	6	15	-1
61	4iLqG9SeJSnt0cSPICSjxv	Attention	Charlie Puth	2700653	55	24	16	-6
62	7F9vK8hNFMml4GtHsaXui6	Back to You (feat. Bebe Rexha & Digital Farm Animals)	Louis Tomlinson	2684745	48	11	28	-14
63	3DXncPQOG4VBw3QHh3S817	I'm the One (feat. Justin Bieber, Quavo, Chance the Rapper & Lil Wayne)	DJ Khaled	2651859	49	19	2	-14
64	7mldq42yDuxiUNn08nvzHO	Body Like A Back Road	Sam Hunt	2651322	60	35	15	-4
65	3rOSwuTsUlJp0Pu0MkN8r8	Mask Off	Future	2628065	61	33	2	-4
66	3AMnOVxEHUgVrythGgqPhI	Say A'	A Boogie Wit da Hoodie	2620249	nan	1	66	new
67	5bcTCxgc7xVfSaMV3RuVke	Feels (feat. Pharrell Williams, Katy Perry & Big Sean)	Calvin Harris	2599497	37	15	9	-30
68	59J5nzL1KniFHnU120dQzt	wokeuplikethis*	Playboi Carti	2541512	69	25	54	1
69	4wdZdkEugVVorAfzqRqC6N	Candy Paint	Post Malone	2530412	74	19	69	5
70	30MM5jWpUmOxtTNd9Ey5LZ	Unforgettable	Thomas Rhett	2486513	66	4	38	-4
71	7qiZfU4dY1lWllzX7mPBI3	Shape of You	Ed Sheeran	2465491	67	39	1	-4
72	6eT7xZZlB2mwyzJ2sUKG6w	White Iverson	Post Malone	2428117	76	40	72	4
73	53mrVsi49rLHIaKBiSvElG	do re mi (feat. Gucci Mane)	blackbear	2344927	85	10	70	12
74	167NczpNbRF7oWakJaY3Hh	Slow Hands	Niall Horan	2340175	71	22	28	-3
75	5XQMr19TL7Mfksq9zihbOu	Questions	Chris Brown	2335094	84	7	68	9
76	5SE57ljOIUJ1ybL9U6CuBH	DNA	BTS	2321186	52	3	52	-24
77	6SwRhMLwNqEi6alNPVG00n	LOYALTY. FEAT. RIHANNA.	Kendrick Lamar	2313021	73	25	4	-4
78	2nYwV62UABTH0NanrwVIdQ	Perplexing Pegasus	Rae Sremmurd	2275173	63	9	37	-15
79	0jdny0dhgjUwoIp5GkqEaA	Praying	Kesha	2250051	75	8	17	-4
80	2EEeOnHehOozLq4aS0n6SL	iSpy (feat. Lil Yachty)	KYLE	2185589	77	40	2	-3
81	2vaMWMPMgsWX4fwJiKmdWm	Undefeated (feat. 21 Savage)	A Boogie Wit da Hoodie	2168618	nan	1	81	new
82	2Za1AlJNvksouPPWbXpR2X	Good Old Days (feat. Kesha)	Macklemore	2150232	80	2	80	-2
83	7zVCrzzEJU7u24sbJPXA5W	What Ifs (feat. Lauren Alaina)	Kane Brown	2127398	95	18	83	12
84	2Xqd0wUttjueBfdcltADOv	No Limit	G-Eazy	2105196	101	4	74	17
85	5uCax9HTNlzGybIStD3vDh	Say You Won't Let Go	James Arthur	2102145	86	40	15	1
86	1tp1xMJ1uaOktksskS0Fzs	Curve (feat. The Weeknd)	Gucci Mane	2091780	72	3	44	-14
87	4Q3N4Ct4zCuIHuZ65E3BD4	Tunnel Vision	Kodak Black	2091350	87	33	5	0
88	0KKkJNfGyhkQ5aFogxQAPU	That's What I Like	Bruno Mars	2077603	79	40	3	-9
89	79cuOz3SPQTuFrp8WgftAu	There's Nothing Holdin' Me Back	Shawn Mendes	2065586	78	24	29	-11
90	0Zbbxnx4SGGHoIow4PpISP	Stargazing	Kygo	2046915	191	2	90	101
91	4xBjsLUSjcx2h7PcRikpQp	OMG	Camila Cabello	2001063	83	9	63	-8
92	0SGkqnVQo9KPytSri1H6cF	Bounce Back	Big Sean	1995296	89	40	3	-3
93	4pYZLpX23Vx8rwDpJCpPTA	New Freezer (feat. Kendrick Lamar)	Rich The Kid	1977319	nan	1	93	new
94	7floNISpH8VF4z4459Qo18	Look At Me!	XXXTENTACION	1966264	nan	1	94	new
95	7hDc8b7IXETo14hHIHdnhd	Passionfruit	Drake	1963820	92	29	1	-3
96	6gU9OKjOE7ghfEd55oRO57	The Weekend	SZA	1944821	96	12	92	0
97	4Km5HrUvYTaSUfiSGPJeQR	Bad and Boujee (feat. Lil Uzi Vert)	Migos	1922557	94	40	1	-3
98	31MkGwj0SWgZaTvEt5Hgxv	What About Us	P!nk	1922426	99	8	67	1
99	2RwmsAOxtiRezQPmvyejb8	Ex Calling	6LACK	1902979	105	17	64	6
100	7KOlJ92bu51cltsD9KU5I7	T-Shirt	Migos	1899753	97	38	6	-3
101	7cQMJ0wDqVS5iM0JIvP6Ay	The Last Of The Real Ones	Fall Out Boy	1891716	141	2	101	40
102	3hRZsdTF5uyGA2uhNqEuhm	Too Much To Ask	Niall Horan	1882707	90	3	56	-12
103	57p8CBvPOxrvyCbn6ttl5r	Would You Ever	Skrillex	1875868	91	10	52	-12
104	4cxMGhkinTocPSVVKWIw0d	Losin Control	Russ	1872078	107	38	75	3
105	5tVA6TkbaAH9QMITTQRrNv	Free Fallin'	Tom Petty	1858231	nan	1	105	new
106	2OALaHcDdKkjYEpAr0Qzab	Lonely Together (feat. Rita Ora)	Avicii	1855105	88	8	54	-18
107	3Q3myFA7q4Op95DOpHplaY	do re mi	blackbear	1834450	98	23	30	-9
108	1AH60dMaEfNjzDoUIFwIQi	Beast Mode (feat. PnB Rock & YoungBoy Never Broke Again)	A Boogie Wit da Hoodie	1822212	nan	1	108	new
109	1nX9KhK3Fff27SnrIor2Yb	4 AM	2 Chainz	1821409	104	16	22	-5
110	2bjwRfXMk4uRgOD9IBYl9h	Portland	Drake	1785771	111	29	2	1
111	6RUKPb4LETWmmr3iAEQktW	Something Just Like This	The Chainsmokers	1785669	103	33	2	-8
112	2YMhrXQYKkm4kXLcXKKd5z	Small Town Boy	Dustin Lynch	1784879	108	4	87	-4
113	3muBQDekYAg7jm6hDu6R0Z	First Day Out	Tee Grizzley	1757694	106	34	79	-7
114	1UZOjK1BwmwWU14Erba9CZ	Malibu	Miley Cyrus	1747786	nan	1	114	new
115	0ESJlaM8CE1jRWaNtwSNj8	beibs in the trap	Travis Scott	1735470	114	39	97	-1
116	6mapJIPnQ23RTAevUoE0DL	Swang	Rae Sremmurd	1729254	113	40	23	-3
117	6fwdbPMwP1zVStm8FybmkO	X (feat. Future)	21 Savage	1697944	124	40	17	7
118	7tr2za8SQg2CI8EDgrdtNl	Slide (feat. Frank Ocean & Migos)	Calvin Harris	1693100	102	28	8	-16
119	4CHp6dRZTeFAu4bSOxfH7Y	Boss	Lil Pump	1685489	137	7	119	18
120	6M0IsaUX4GNyto4niSegfI	No Option	Post Malone	1666233	152	3	120	32
121	6kig1UFggPUyZBCvXD3Wod	No Complaints	Metro Boomin	1659407	82	15	39	-39
122	0dA2Mk56wEzDgegdC6R17g	Stay (with Alessia Cara)	Zedd	1658659	115	32	12	-7
123	5TXDeTFVRVY7Cvt0Dw4vWW	Revenge	XXXTENTACION	1654289	109	6	25	-14
124	6WbADFqMvR8N5u0BvtsWQE	Without You (feat. Sandro Cavazza)	Avicii	1638405	112	8	62	-12
125	0B8QzDH7YWih85V5SEMnyJ	Money Longer	Lil Uzi Vert	1637996	122	40	73	-3
126	7i2DJ88J7jQ8K7zqFX2fW8	Now Or Never	Halsey	1637980	119	15	12	-7
127	0Wv5wuenRLI3BcwgT3HPIP	A Different Way (with Lauv)	DJ Snake	1637806	100	2	100	-27
128	7BKLCZ1jbUBVqRi2FVlTVw	Closer	The Chainsmokers	1631236	116	40	4	-12
129	7yyRTcZmCiyzzJlNzGC9Ol	Broccoli (feat. Lil Yachty)	DRAM	1621310	127	40	11	-2
130	5aAx2yezTd8zXrkmtKl66Z	Starboy	The Weeknd	1610265	123	40	3	-7
131	62vpWI1CHwFy7tMIcSStl8	No Role Modelz	J. Cole	1608656	142	40	71	11
132	1DRW9bQzt2SE8f7H4KJZyL	Sky Walker (feat. Travis Scott)	Miguel	1607700	121	6	110	-11
133	0w3Q14i073jLoew1hgJkwD	Heartache On The Dance Floor	Jon Pardi	1594744	117	14	117	-16
134	6xHI9KjUjYT0FPtGO8Mxa1	Hurricane	Luke Combs	1594518	129	29	85	-5
135	5bgwqaRSS3M8WHWruHgSL5	8TEEN	Khalid	1592084	120	14	120	-15
136	5tRmoZRoupvMYPV1oezFrH	X	Lil Uzi Vert	1587595	110	6	31	-26
137	5hTpBe8h35rJ67eAWHQsJx	Caroline	Aminé	1572730	131	10	82	-6
138	7cGFbx7MP0H23iHZTZpqMM	Everybody	Logic	1567270	132	27	26	-6
139	4PzovBqgnSHKd8opsP7IVM	Everyday We Lit (feat. PnB Rock)	YFN Lucci	1565302	133	26	101	-6
140	0xG0SHshCStMEyNbNC5d4k	Issues	Julia Michaels	1559399	130	9	73	-10
141	248OFOZef6ShXv6DGgbnxU	Saved	Khalid	1555121	126	31	120	-15
142	343YBumqHu19cGoGARUTsd	Fake Love	Drake	1554808	134	40	2	-8
143	3pndPhlQWjuSoXhcIIdBjv	What They Want	Russ	1542111	139	40	117	-4
144	05nbZ1xxVNwUTcGwLbp7CN	Myself	NAV	1540724	145	23	99	1
145	2d48mamATjby7wgPjdrSOQ	Craving You	Thomas Rhett	1528343	125	4	75	-20
146	20dP2DaMHIAmwWAbp7peSr	pick up the phone	Young Thug	1526810	138	40	44	-8
147	1louJpMmzEicAn7lzDalPW	No Promises (feat. Demi Lovato)	Cheat Codes	1524480	140	27	52	-7
148	2wf9bp4MkChojtljddWpbO	PRBLMS	6LACK	1517426	150	35	100	2
149	0XLOf9LhyazPX9Ld8jPiUq	Fetish (feat. Gucci Mane)	Selena Gomez	1516076	136	11	15	-13
150	7MRyJPksH3G2cXHN8UKYzP	American Girl	Tom Petty and the Heartbreakers	1503280	nan	1	150	new
151	3V6c2SccJOuAez9YbpALf8	Ill Nana (feat. Trippie Redd)	DRAM	1497028	nan	1	151	new
152	1mMLMZYXkMueg65jRRWG1l	When It Rains It Pours	Luke Combs	1485371	153	8	148	1
153	10M2Ex445zw585Ducldzkw	In Case You Didn't Know	Brett Young	1484574	151	28	102	-2
154	15EPc80XuFrb2LmOzGjuRg	Crew (feat. Brent Faiyaz & Shy Glizzy)	GoldLink	1480032	158	11	149	4
155	0v9Wz8o0BT8DU38R4ddjeH	No Problem (feat. Lil Wayne & 2 Chainz)	Chance the Rapper	1472463	149	40	24	-6
156	3eR23VReFzcdmS7TYCrhCe	It Ain't Me (with Selena Gomez)	Kygo	1464809	135	32	3	-21
157	3NdDpSvN911VPGivFlV5d0	"I Don’t Wanna Live Forever (Fifty Shades Darker) - From ""Fifty Shades Darker (Original Motion Picture Soundtrack)"""	ZAYN	1461370	148	40	3	-9
158	2INqEk4ko5AsGVLBsiKiQe	Audi.	Smokepurpp	1459456	nan	1	158	new
159	3gfmFoJgmn9LiIj5mV8oSS	I Just Can't	R3HAB	1453142	183	2	159	24
160	2yZax79pOrYuyIFVW2cZY2	Carry On	XXXTENTACION	1446395	146	6	38	-14
161	0AICBlLzFCTpUqmAbtzB2z	Love Scars	Trippie Redd	1427301	156	5	150	-5
162	4YkwUfWSIxdKNLDXw0caFO	Pills & Automobiles	Chris Brown	1418421	nan	1	162	new
163	2mfUa8bLs2s5N4VaqJZ4lZ	Most Girls	Hailee Steinfeld	1417198	155	23	56	-8
164	0qYTZCo5Bwh1nsUFGZP3zn	Felices los 4	Maluma	1408875	159	22	84	-5
165	3zoYkqS4y2BsGVShPL2nTE	Reggaetón Lento (Remix)	CNCO	1394606	181	6	165	16
166	5tFep7dXGd7vEJ668wTPux	Both (feat. Drake)	Gucci Mane	1389524	164	32	38	-2
167	5EnYT6F7wEcdege6mDHEfO	Signs	Drake	1389419	143	13	14	-24
168	0bXFIF7iL17TYLyx8JHziM	Patty Cake	Kodak Black	1379029	167	23	139	-1
169	3pXF1nA74528Edde4of9CC	Don't	Bryson Tiller	1378739	170	39	82	1
170	7aF09WaavZAmAWuUeYxlYD	Rich Love (with Seeb)	OneRepublic	1378695	144	12	60	-26
171	6rdEEYHsLavlklAypD5cre	Runnin' Down A Dream	Tom Petty	1378487	nan	1	171	new
172	7gSQv1OHpkIoAdUiRLdmI6	I Won't Back Down	Tom Petty	1375340	nan	1	172	new
173	3A7qX2QjDlPnazUsRk5y0M	2U (feat. Justin Bieber)	David Guetta	1370882	128	16	8	-45
174	2ZdCrBA52bb4pIG3tOOZiQ	Dark Queen	Lil Uzi Vert	1366089	160	6	68	-14
175	6yr8GiTHWvFfi4o6Q5ebdT	'Till I Collapse	Eminem	1365712	189	23	155	14
176	1xznGGDReH1oQq0xzbwXa3	One Dance	Drake	1363609	168	40	13	-8
177	2NyrXRn4tancYPW6JwtTl2	From The D To The A (feat. Lil Yachty)	Tee Grizzley	1357640	176	28	100	-1
178	6UjfByV1lDLW0SOVQA4NAi	Gyalchester	Drake	1342913	180	29	6	2
179	5de7ci7TFqbQ1PFgKAD7MR	Horses (with PnB Rock, Kodak Black & A Boogie Wit da Hoodie)	PnB Rock	1341223	172	24	120	-7
180	1MJErNPIQUoEMu4YUUmecm	Neon Guts (feat. Pharrell Williams)	Lil Uzi Vert	1337884	147	6	58	-33
181	2KvHC9z14GSl4YpkNMX384	Do Not Disturb	Drake	1337698	nan	15	30	re-enter
182	1EaKU4dMbesXXd3BrLCtYG	ELEMENT.	Kendrick Lamar	1337363	161	25	3	-21
183	3kkObn08oHrNmCFHSNR0jD	Flex Like Ouu	Lil Pump	1328953	177	14	138	-6
184	2jYmK1cb3Uya6FFsocdpzO	Why	Sabrina Carpenter	1326027	175	10	115	-9
185	4aWmUDTfIPGksMNLV2rQP2	Despacito (Featuring Daddy Yankee)	Luis Fonsi	1324915	166	37	32	-19
186	5xS9hkTGfxqXyxX6wWWTt4	Mary Jane's Last Dance	Tom Petty and the Heartbreakers	1324058	nan	1	186	new
187	1QgTBfRN5m81a5K01qens6	444+222	Lil Uzi Vert	1323269	163	6	27	-24
188	3PEgB3fkiojxms35ntsTgs	More Than You Know	Axwell /\ Ingrosso	1302454	162	10	58	-26
189	0utlOiJy2weVl9WTkcEWHy	Neighbors	J. Cole	1298500	174	38	37	-15
190	3gWu8y0TKCIdy2mpTqVnTl	Let You Down	NF	1298026	nan	1	190	new
191	2ANLarE8yHVsLWW21nj79M	You Was Right	Lil Uzi Vert	1296773	178	40	28	-13
192	1vc2YF7ZvUtwr45HNpdGch	Numb	21 Savage	1295682	nan	1	192	new
193	0kdiUZDcLIFw0Buo9r0Q4z	Greatest Love Story	LANCO	1288085	193	2	193	0
194	3CbZJbqh43varroTwUlwSB	D Rose	Lil Pump	1283833	186	6	185	-8
195	0pSBuHjILhNEo55xK1zrRt	Rolex	Ayo & Teo	1281660	179	35	37	-16
196	3I7krC8kr0gFR7P6vInR1I	Do I Make You Wanna	Billy Currington	1274452	nan	7	154	re-enter
197	43PuMrRfbyyuz4QpZ3oAwN	Exchange	Bryson Tiller	1274299	185	39	84	-12
198	7oK9VyNzrYvRFo7nQEYkWN	Mr. Brightside	The Killers	1273469	nan	1	198	new
199	4UdzNCjI27SvzXvV1m0CKM	Bust Down	Trippie Redd	1268170	169	2	169	-30
200	5uQOauh47VFt3B2kV9kRXw	My Shit	A Boogie Wit da Hoodie	1258624	nan	14	130	re-enter
