position	song_id	song_name	artist	streams	last_week_position	weeks_on_chart	peak_position	position_status
1	4Km5HrUvYTaSUfiSGPJeQR	Bad and Boujee (feat. Lil Uzi Vert)	Migos	11504142	1	5	1	0
2	7qiZfU4dY1lWllzX7mPBI3	Shape of You	Ed Sheeran	10256249	2	4	1	0
3	343YBumqHu19cGoGARUTsd	Fake Love	Drake	7513713	3	5	2	0
4	3NdDpSvN911VPGivFlV5d0	"I Don’t Wanna Live Forever (Fifty Shades Darker) - From ""Fifty Shades Darker (Original Motion Picture Soundtrack)"""	ZAYN	7490530	6	5	4	2
5	72jbDTw1piOOj770jWNeaG	Paris	The Chainsmokers	7307665	4	3	4	-1
6	7KOlJ92bu51cltsD9KU5I7	T-Shirt	Migos	6808471	18	3	6	12
7	0SGkqnVQo9KPytSri1H6cF	Bounce Back	Big Sean	6126440	7	5	7	0
8	2EEeOnHehOozLq4aS0n6SL	iSpy (feat. Lil Yachty)	KYLE	5809582	8	5	8	0
9	5aAx2yezTd8zXrkmtKl66Z	Starboy	The Weeknd	5808972	5	5	3	-4
10	5GFDrUTLGJix84sNhjCG0g	Caroline	Aminé	5129571	9	5	6	-1
11	1PSBzsahR2AKwLJgx8ehBj	Bad Things (with Camila Cabello)	Machine Gun Kelly	5003047	10	5	9	-1
12	5GXAXm5YOmYT0kL5jHvYBt	I Feel It Coming	The Weeknd	4926830	11	5	10	-1
13	7BKLCZ1jbUBVqRi2FVlTVw	Closer	The Chainsmokers	4785483	12	5	4	-1
14	6fujklziTHa8uoM5OQSfIo	Black Beatles	Rae Sremmurd	4599570	13	5	5	-1
15	5uCax9HTNlzGybIStD3vDh	Say You Won't Let Go	James Arthur	4385605	15	5	15	0
16	6PCUP3dWmTjcTtXY02oFdT	Castle on the Hill	Ed Sheeran	4118704	14	4	4	-2
17	6fwdbPMwP1zVStm8FybmkO	X (feat. Future)	21 Savage	3832062	17	5	17	0
18	1CnPYaKxTVb4LWOtiGOm0m	All Time Low	Jon Bellion	3823678	19	5	18	1
19	7yyRTcZmCiyzzJlNzGC9Ol	Broccoli (feat. Lil Yachty)	DRAM	3823533	16	5	11	-3
20	5MFzQMkrl1FOOng9tq6R9r	Don't Wanna Know	Maroon 5	3602035	20	5	15	0
21	204U3zjm9kkzX25Pr4Rdld	Kelly Price (feat. Travis Scott)	Migos	3461175	nan	1	21	new
22	5hYTyyh2odQKphUbMqc5gN	"How Far I'll Go - From ""Moana"""	Alessia Cara	3435877	22	5	20	0
23	4gmmRb6bZJffOOiww1JGTO	No Heart	21 Savage	3426445	23	5	20	0
24	78rIJddV4X0HkNAInEcYde	Call On Me - Ryan Riback Extended Remix	Starley	3390422	27	5	24	3
25	1sXUWdKx03aP9Gmzft58rt	Issues	Julia Michaels	3361061	49	3	25	24
26	0fg8CqpjdojMyXLNzM2PaJ	Run Up (feat. PARTYNEXTDOOR & Nicki Minaj)	Major Lazer	3354072	nan	1	26	new
27	6I6NX6tjGsxFAsIfGzY9lJ	Deja Vu	J. Cole	3343236	24	5	16	-3
28	3ebXMykcMXOcLeJ9xZ17XH	Scared to Be Lonely	Martin Garrix	3339752	nan	1	28	new
29	0jOfl1nZf6sVBTG08Q4brn	Call Casting	Migos	3290144	150	3	29	121
30	6p8NuHm8uCGnn2Dtbtf7zE	Slippery (feat. Gucci Mane)	Migos	3278561	nan	1	30	new
31	6mapJIPnQ23RTAevUoE0DL	Swang	Rae Sremmurd	3217617	32	5	31	1
32	3E2Zh20GDCR9B1EYjfXWyv	Weak	AJR	3213111	30	5	30	-2
33	76Y0gxtTxN0FyDCYh5qYQj	Get Right Witcha	Migos	3184643	nan	1	33	new
34	5knuzwU65gJK7IF5yJsuaW	Rockabye (feat. Sean Paul & Anne-Marie)	Clean Bandit	3149166	34	5	33	0
35	6b8Be6ljOzmkOmFslEb23P	24K Magic	Bruno Mars	3123739	25	5	14	-10
36	4F7A0DXBrmUAkp32uenhZt	Party Monster	The Weeknd	3044200	26	5	22	-10
37	3kxfsdsCpFgN412fpnW85Y	Redbone	Childish Gambino	3003473	29	5	29	-8
38	5uDASfU19gDxSjW8cnCaBp	Chill Bill (feat. J. Davi$ & Spooks)	Rob $tone	2999911	21	5	19	-17
39	3a1lNhkSLSkpJE4MSHpDu9	Congratulations	Post Malone	2988238	63	5	39	24
40	1xznGGDReH1oQq0xzbwXa3	One Dance	Drake	2977200	31	5	13	-9
41	4pLwZjInHj3SimIyN9SnOz	Side To Side	Ariana Grande	2897525	37	5	24	-4
42	4ckuS4Nj4FZ7i3Def3Br8W	Sneakin’	Drake	2881432	33	5	24	-9
43	1Bqxj0aH5KewYHKUg1IdrF	Some Kind Of Drug	G-Eazy	2823622	39	5	39	-4
44	5tFep7dXGd7vEJ668wTPux	Both (feat. Drake)	Gucci Mane	2804832	48	5	44	4
45	3EmmCZoqpWOTY1g2GBwJoR	Just Hold On	Steve Aoki	2772235	40	5	37	-5
46	1qOLh0tI7trd1zdDKxYZTe	Starving	Hailee Steinfeld	2772210	41	5	18	-5
47	6nxQdXa1uAL0rY72wPZu89	Love Me Now	John Legend	2745033	38	5	36	-9
48	4TZy1wLyHec06pwgFYDh1a	Mercy	Shawn Mendes	2724747	35	5	30	-13
49	04DwTuZ2VBdJCCC5TROn7L	In the Name of Love	Martin Garrix	2697786	42	5	20	-7
50	2ANLarE8yHVsLWW21nj79M	You Was Right	Lil Uzi Vert	2623650	28	5	28	-22
51	6gBFPUFcJLzWGx4lenP6h2	goosebumps	Travis Scott	2617199	53	5	51	2
52	0Fv5N0cHBsl4bzCbollCAS	Moves	Big Sean	2587747	51	5	51	-1
53	0v9Wz8o0BT8DU38R4ddjeH	No Problem (feat. Lil Wayne & 2 Chainz)	Chance the Rapper	2494813	45	5	31	-8
54	4pdPtRcBmOSQDlJ3Fk945m	Let Me Love You	DJ Snake	2488323	43	5	12	-11
55	1yNyoWWWikbLhwIGWjZuDW	All Night	The Vamps	2439932	50	5	49	-5
56	6i0V12jOa3mr6uu4WYhUBr	Heathens	Twenty One Pilots	2398543	44	5	26	-12
57	2xbI8Vmyv3TkpTdywpPyNw	Selfish	PnB Rock	2313839	47	5	47	-10
58	20dP2DaMHIAmwWAbp7peSr	pick up the phone	Young Thug	2282187	57	5	44	-1
59	2BrzlUj1u1CtvaJDGIKpsP	Make Me (Cry)	Noah Cyrus	2258707	55	5	55	-4
60	4mU5iXHeLgbR94siF7p1sY	Six Feet Under	The Weeknd	2256534	46	5	42	-14
61	0Zx8khUcEfCFK2AEoIhC92	Don't Leave	Snakehips	2250757	59	4	59	-2
62	4oLuMvGQ4WJfU2s4OM6nfE	Culture (feat. DJ Khaled)	Migos	2244221	nan	1	62	new
63	6mICuAdrwEjh6Y6lroV2Kg	Chantaje (feat. Maluma)	Shakira	2239696	56	5	52	-7
64	5wihevBA7MO9PNYyWyTfkh	Brown Paper Bag	Migos	2229762	nan	1	64	new
65	2aksifNn5ph8igDOkPBA02	Love On The Brain	Rihanna	2212785	54	5	53	-11
66	78sr3ogs4UzITcCNbXM9cM	Used to This (feat. Drake)	Future	2105396	62	5	58	-4
67	6HEIBHUirx1J0JkUD24szt	Water	Ugly God	2076096	58	5	58	-9
68	0prNGof3XqfTvNDxHonvdK	Scars To Your Beautiful	Alessia Cara	2065405	36	5	33	-32
69	7sO0dVFCfixpLshm4daMH3	What The Price	Migos	2035810	nan	1	69	new
70	0hNduWmlWmEmuwEFcYvRu1	Sunset Lover	Petit Biscuit	2031784	64	5	63	-6
71	43jBqV3j3Xi1g6wO0bhIMd	Now and Later	Sage The Gemini	2029282	52	5	48	-19
72	0BU7nIcCZxYSE0hYcc5oZz	Too Many Years	Kodak Black	2018203	70	5	64	-2
73	11KJSRSgaDxqydKYiD2Jew	Too Good	Drake	1986614	61	5	38	-12
74	4h90qkbnW1Qq6pBhoPvwko	Sidewalks	The Weeknd	1956264	60	5	47	-14
75	7zTx8ePYAmPFQuxP3xlXZn	Light	San Holo	1951462	72	5	72	-3
76	1Tt4sE4pXi57mTD1GCzsqm	Needed Me	Rihanna	1949635	67	5	45	-9
77	6F609ICg9Spjrw1epsAnpa	Controlla	Drake	1943913	65	5	41	-12
78	0B8QzDH7YWih85V5SEMnyJ	Money Longer	Lil Uzi Vert	1917436	73	5	73	-5
79	6HUnnBwYZqcED1eQztxMBN	Solo Dance	Martin Jensen	1915469	76	5	76	-3
80	0WCEaydwN65cvwaW8aqptF	History	Olivia Holt	1900459	85	4	80	5
81	6eT7xZZlB2mwyzJ2sUKG6w	White Iverson	Post Malone	1893592	86	5	81	5
82	4uhvMW7ly7tJil31YYscAN	Erase Your Social	Lil Uzi Vert	1892963	83	5	76	1
83	62vpWI1CHwFy7tMIcSStl8	No Role Modelz	J. Cole	1891506	78	5	71	-5
84	152lZdxL1OR0ZMW6KquMif	Location	Khalid	1887920	95	5	84	11
85	7EiZI6JVHllARrX9PUvAdX	Low Life (feat. The Weeknd)	Future	1886082	80	5	59	-5
86	6DNtNfH8hXkqOX1sjqmI7p	Cold Water (feat. Justin Bieber & MØ)	Major Lazer	1876345	68	5	39	-18
87	0utlOiJy2weVl9WTkcEWHy	Neighbors	J. Cole	1845580	69	5	37	-18
88	4vb4mFvYsr2h6enhjJsq9Y	Water Under the Bridge	Adele	1845366	75	5	74	-13
89	2rizacJSyD9S1IQUxUxnsK	All We Know	The Chainsmokers	1830959	66	5	29	-23
90	4Dbn05LNVX5giGbgbz5fdQ	Out Yo Way	Migos	1829369	nan	1	90	new
91	5OOkp4U9P9oL23maHFHL1h	Panda	Desiigner	1816744	79	5	54	-12
92	4aWmUDTfIPGksMNLV2rQP2	Despacito (Featuring Daddy Yankee)	Luis Fonsi	1816608	153	2	92	61
93	0QsvXIfqM0zZoerQfsI9lm	Don't Let Me Down	The Chainsmokers	1799309	74	5	43	-19
94	1FUViuNSldssMIawrOXF2i	I Got You	Bebe Rexha	1788255	82	5	79	-12
95	1wZqJM5FGDEl3FjHDxDyQd	Come and See Me (feat. Drake)	PARTYNEXTDOOR	1778617	84	5	81	-11
96	6JjEVlMkfHWMeYavkEYzNO	Gassed Up	Nebu Kiniza	1765037	77	5	77	-19
97	042x9bsUBWW2fJgJ6fUh61	Not Going Home	DVBBS	1762646	81	5	71	-16
98	7JYsArznYOjX2jsrT3UEnL	OOOUUU	Young M.A	1753797	71	5	27	-27
99	6t2ubAB4iSYOuIpRAOGd4t	Cake - Challenge Version	Flo Rida	1721475	92	5	92	-7
100	4AlrLQ2RMxOwz1gTTkb4vQ	Deadz (feat. 2 Chainz)	Migos	1720413	nan	1	100	new
101	55OdqrG8WLmsYyY1jijD9b	Wyclef Jean	Young Thug	1720088	100	5	100	-1
102	5QxqypupYWHrY8IkGCSObQ	All Ass	Migos	1713177	nan	1	102	new
103	3pXF1nA74528Edde4of9CC	Don't	Bryson Tiller	1712498	88	5	82	-15
104	4dASQiO1Eoo3RJvt74FtXB	Sucker For Pain (with Wiz Khalifa, Imagine Dragons, Logic & Ty Dolla $ign feat. X Ambassadors)	Lil Wayne	1683646	87	5	61	-17
105	3TRFq09DUgYj1mug6RRqJW	Lot to Learn	Luke Christopher	1672906	96	5	96	-9
106	04CttTezSnv71USiiG9mIo	Lighthouse - Andrelli Remix	Hearts & Colors	1670809	90	5	86	-16
107	3BoPOp7YNORLqMUjE5XAh9	Big On Big	Migos	1664311	nan	1	107	new
108	43PuMrRfbyyuz4QpZ3oAwN	Exchange	Bryson Tiller	1631830	99	5	84	-9
109	2Z8WuEywRWYTKe1NybPQEW	Ride	Twenty One Pilots	1630629	93	5	65	-16
110	0B8B8cVRFIG1yznoQe7c9s	Setting Fires	The Chainsmokers	1628379	89	5	70	-21
111	4Hf7WnR761jpxPr5D46Bcd	Treat You Better	Shawn Mendes	1627696	94	5	47	-17
112	3SGWp9fJCzgK0WcpcKSQdy	Romantic - NOTD Remix	Stanaj	1625033	114	3	112	2
113	0KKkJNfGyhkQ5aFogxQAPU	That's What I Like	Bruno Mars	1616984	118	5	111	5
114	34oWbFBfGEElvgO0a5c9V4	No Flockin'	Kodak Black	1607144	106	5	90	-8
115	5J5PXmMdQ2nh1lZOal8KmK	Litty (feat. Tory Lanez)	Meek Mill	1601100	105	5	97	-10
116	1lntL1cI2UIWlxjL5QiN8g	The Other	Lauv	1598626	113	3	113	-3
117	2wDjpPW3HZdA9quPPmZAMu	Trust Nobody (feat. Selena Gomez & Tory Lanez)	Cashmere Cat	1590216	91	5	79	-26
118	6cAKeFFYW2aClZSUyvqAEW	It's Gotta Be You	Isaiah	1581642	110	4	110	-8
119	6A8dnC0xkiuWN4BshmTB2I	Oceans Away	A R I Z O N A	1569331	107	3	107	-12
120	1cG0umU5TKStygKsPFZ9pY	Shed a Light	Robin Schulz	1568179	101	5	100	-19
121	5oyUurs28XRagLa8lgm6V3	Too Much Sauce	DJ ESCO	1565108	102	5	95	-19
122	4Q4jmPHwu0wrJvqrld0FQ6	I Would Like	Zara Larsson	1549790	103	5	95	-19
123	5nA67Y0XX9JipZwYxX7Gl7	This Town	Niall Horan	1543693	120	5	112	-3
124	37F0uwRSrdzkBiuj0D5UHI	Reminder	The Weeknd	1542768	97	5	69	-27
125	0H8XeaJunhvpBdBFIYi6Sh	Deja Vu	Post Malone	1530241	119	5	108	-6
126	2LBqCSwhJGcFQeTHMVGwy3	Die For You	The Weeknd	1530180	98	5	79	-28
127	05Z7jet4VDNVgNQWcYHnrk	Party	Chris Brown	1496668	117	5	117	-10
128	7vRriwrloYVaoAe3a9wJHe	i hate u, i love u (feat. olivia o'brien)	gnash	1489226	115	5	77	-13
129	27GmP9AWRs744SzKcpJsTZ	Jumpman	Drake	1486644	108	5	73	-21
130	6AGON2BGdPmPMJGiiNuuwl	Immortal	J. Cole	1452177	104	5	50	-26
131	39pS70eeDvyCAF3t8NAlVV	Good Drank	2 Chainz	1438844	131	5	131	0
132	6JV2JOEocMgcZxYSZelKcc	"CAN'T STOP THE FEELING! (Original Song from DreamWorks Animation's ""TROLLS"")"	Justin Timberlake	1433816	121	5	56	-11
133	2h3i5tGUl6hMu572umjcGo	Running Back (feat. Lil Wayne)	Wale	1431768	109	2	109	-24
134	3CRDbSIZ4r5MsZ0YwxuEkn	Stressed Out	Twenty One Pilots	1430171	122	5	92	-12
135	0ESJlaM8CE1jRWaNtwSNj8	beibs in the trap	Travis Scott	1419579	145	4	135	10
136	1BECwm5qkaBwlbfo4kpYx8	Death of a Bachelor	Panic! At The Disco	1418284	127	4	127	-9
137	2oUuLLKS8WbF7ELJcwbqms	Look at Me!	XXXTENTACION	1402997	nan	1	137	new
138	0q5DrtpnnGpOvBy5nnPMbe	Timeless (feat. DJ SPINKING)	A Boogie Wit da Hoodie	1400535	125	5	125	-13
139	5yuShbu70mtHXY0yLzCQLQ	Go Flex	Post Malone	1396548	147	5	139	8
140	4tCtwWceOPWzenK2HAIJSb	Work from Home (feat. Ty Dolla $ign)	Fifth Harmony	1392627	124	5	52	-16
141	40yJGQyEaBbIkXpwMFkXip	One Night	Lil Yachty	1386646	133	5	98	-8
142	1a5Yu5L18qNxVhXx38njON	Hear Me Now	Alok	1381716	128	5	112	-14
143	40UroIGvsMPLPBYwH8rMNA	Steady 1234 (feat. Jasmine Thompson & Skizzy Mars)	Vice	1345177	126	5	105	-17
144	6Dwtha2FtZFoMEBh5GR2sq	CRZY	Kehlani	1333823	nan	1	144	new
145	34i4yxPrHWquuR4kjiivFO	Somebody Else	VÉRITÉ	1325081	136	5	130	-9
146	2dqLk7ezV15LEJEwUmEbXB	Down	Marian Hill	1320699	nan	1	146	new
147	6ZOPiKQeibCn7fP8dncucL	Blue Ain't Your Color	Keith Urban	1312910	139	5	139	-8
148	40YcuQysJ0KlGQTeGUosTC	Me, Myself & I	G-Eazy	1312376	138	5	103	-10
149	14WWzenpaEgQZlqPq2nk4v	Work	Rihanna	1311225	134	5	57	-15
150	4atJ40xfasjdM9ZF3p07BV	Halfway Off The Balcony	Big Sean	1300519	111	2	111	-39
151	5uQOauh47VFt3B2kV9kRXw	My Shit	A Boogie Wit da Hoodie	1293076	148	5	130	-3
152	25khomWgBVamSdKw7hzm3l	The Hills	The Weeknd	1282764	137	5	121	-15
153	4KW1lqgSr8TKrvBII0Brf8	Father Stretch My Hands Pt. 1	Kanye West	1258769	143	5	115	-10
154	3pndPhlQWjuSoXhcIIdBjv	What They Want	Russ	1258541	142	5	132	-12
155	7yHEDfrJNd0zWOfXwydNH0	Into You	Ariana Grande	1254046	146	5	63	-9
156	17Fd6Yb7mSbinKG8LoWfFl	I Took A Pill In Ibiza - Seeb Remix	Mike Posner	1244915	154	5	102	-2
157	2wSQyp6VzUopSFBinRo1iD	Distraction	Kehlani	1239370	nan	1	157	new
158	6yr8GiTHWvFfi4o6Q5ebdT	'Till I Collapse	Eminem	1219004	155	5	155	-3
159	3UjJP4ludb74a29P5EHEIo	Thumbs	Sabrina Carpenter	1210655	nan	1	159	new
160	1WRy5l3TwrwlzNmB5bOeKw	Pop Style	Drake	1210386	149	5	123	-11
161	1Slwb6dOYkBlWal1PGtnNg	Thinking out Loud	Ed Sheeran	1202245	160	4	108	-1
162	6i759FCuKx713ZnYjtpQGU	True Colors	The Weeknd	1201044	140	5	112	-22
163	6O6M7pJLABmfBRoGZMu76Y	Roses	The Chainsmokers	1195872	152	5	128	-11
164	6canmpFnLHVUzvVWAodifz	There He Go	Kodak Black	1187534	151	4	151	-13
165	68EMU2RD1ECNeOeJ5qAXCV	We Don't Talk Anymore	Charlie Puth	1184895	141	5	96	-24
166	7bTwYGhBdSQ8vuXc76Xint	Ophelia	The Lumineers	1184572	161	5	161	-5
167	4qdgv45EPcQqpQ08tF34f8	Skateboard P	MadeinTYO	1184447	186	4	167	19
168	6Ius4TC0L3cN74HT7ENE6e	Wet Dreamz	J. Cole	1180929	166	5	166	-2
169	5Z01UMMf7V1o0MzF86s6WJ	"Lose Yourself - From ""8 Mile"" Soundtrack"	Eminem	1180793	162	5	162	-7
170	1lItf5ZXJc1by9SbPeljFd	Juju On That Beat (TZ Anthem)	Zay Hilfigerrr	1173900	144	5	87	-26
171	5abwHwUhywLGNli5NDcEN7	Magic	Thomas Gold	1173848	nan	1	171	new
172	0azC730Exh71aQlOt9Zj3y	This Is What You Came For	Calvin Harris	1162912	158	5	71	-14
173	6fxVffaTuwjgEk5h9QyRjy	Photograph	Ed Sheeran	1161488	165	4	91	-8
174	4WfjYOo0JxommRm1PyObJl	High For Hours	J. Cole	1157532	116	2	116	-58
175	12REd1n8PeiHHWOh066tpr	Never Be Like You	Flume	1156361	163	5	84	-12
176	26hcyzSE154xMZCbFdtInA	Taped up Heart (feat. Clara Mae)	KREAM	1155565	159	5	151	-17
177	0PJIbOdMs3bd5AT8liULMQ	oui	Jeremih	1151755	168	5	154	-9
178	4cxMGhkinTocPSVVKWIw0d	Losin Control	Russ	1125391	184	3	178	6
179	6WhzFzROw3aq3rPWjgYlxr	Gold	Kiiara	1119746	167	5	113	-12
180	433P7tDcIAi6NLnf4Sh6tI	Still Here	Drake	1118241	157	5	145	-23
181	2KpCpk6HjXXLb7nnXoXA5O	Ni**as In Paris	JAY-Z	1115805	194	4	181	13
182	4scpF6J5uMBvoh6sFB7EL1	No Type	Rae Sremmurd	1104585	164	5	164	-18
183	3DX4Y0egvc0slLcLl31h2p	Secrets	The Weeknd	1101047	156	5	116	-27
184	13HVjjWUZFaWilh2QUJKsP	Let It Go	James Bay	1097848	191	5	184	7
185	19a3JfW8BQwqHWUMbcqSx8	Famous	Kanye West	1095267	172	5	139	-13
186	6sDQ4uiWw9OdVrCXFLSlZt	Rap God	Eminem	1088248	179	4	179	-7
187	1wHZx0LgzFHyeIZkUydNXq	Antidote	Travis Scott	1086748	nan	2	179	re-enter
188	2XMTqoHHSH0lvuXrvIEdco	Capsize	FRENSHIP	1086554	189	5	135	1
189	2FBUoWkIuQXwayw2RNo5l6	Hotline Bling	Drake	1077179	178	5	151	-11
190	3hB5DgAiMAQ4DzYbsMq1IT	Love Yourself	Justin Bieber	1076257	174	5	104	-16
191	7129iqBafaphfc3WPCGC0L	7 Years	Lukas Graham	1070227	177	5	134	-14
192	3eze1OsZ1rqeXkKStNfTmi	Juke Jam (feat. Justin Bieber & Towkio)	Chance the Rapper	1066727	192	5	187	0
193	0PDUDa38GO8lMxLCRc4lL1	PILLOWTALK	ZAYN	1065770	nan	3	124	re-enter
194	5clYhUpqYzy0Fdz3TdtZ3j	Escape	Kehlani	1064426	nan	1	194	new
195	1trZGMI2CGyVT44STkpCoN	Let Me Explain	Bryson Tiller	1062320	135	5	127	-60
196	6GG2tkV9PRYGN5rniXPFXZ	Cash Machine	DRAM	1061161	171	4	171	-25
197	4BHzQ9C00ceJxfG16AlNWb	Send My Love (To Your New Lover)	Adele	1053845	187	5	106	-10
198	4QdovcM8j50QPlyR7tH4xe	You & Me	Marc E. Bassy	1053119	190	5	148	-8
199	4IWGnyOHDrVZEtPWfs4s7q	Do What I Want	Lil Uzi Vert	1051633	176	5	166	-23
200	59e7E2LMPZ2bhW5G6aCwX8	Crazy Brazy	A$AP Mob	1051336	183	5	167	-17
