position	song_id	song_name	artist	streams	last_week_position	weeks_on_chart	peak_position	position_status
1	4Km5HrUvYTaSUfiSGPJeQR	Bad and Boujee (feat. Lil Uzi Vert)	Migos	9212016	nan	1	1	new
2	343YBumqHu19cGoGARUTsd	Fake Love	Drake	8402709	nan	1	2	new
3	5aAx2yezTd8zXrkmtKl66Z	Starboy	The Weeknd	7634586	nan	1	3	new
4	7BKLCZ1jbUBVqRi2FVlTVw	Closer	The Chainsmokers	6384465	nan	1	4	new
5	6fujklziTHa8uoM5OQSfIo	Black Beatles	Rae Sremmurd	5745384	nan	1	5	new
6	5GFDrUTLGJix84sNhjCG0g	Caroline	Aminé	4992851	nan	1	6	new
7	3NdDpSvN911VPGivFlV5d0	"I Don’t Wanna Live Forever (Fifty Shades Darker) - From ""Fifty Shades Darker (Original Motion Picture Soundtrack)"""	ZAYN	4874178	nan	1	7	new
8	0SGkqnVQo9KPytSri1H6cF	Bounce Back	Big Sean	4818172	nan	1	8	new
9	1PSBzsahR2AKwLJgx8ehBj	Bad Things (with Camila Cabello)	Machine Gun Kelly	4805096	nan	1	9	new
10	5GXAXm5YOmYT0kL5jHvYBt	I Feel It Coming	The Weeknd	4586635	nan	1	10	new
11	7yyRTcZmCiyzzJlNzGC9Ol	Broccoli (feat. Lil Yachty)	DRAM	4558327	nan	1	11	new
12	4pdPtRcBmOSQDlJ3Fk945m	Let Me Love You	DJ Snake	4152387	nan	1	12	new
13	1xznGGDReH1oQq0xzbwXa3	One Dance	Drake	4042672	nan	1	13	new
14	6b8Be6ljOzmkOmFslEb23P	24K Magic	Bruno Mars	3828278	nan	1	14	new
15	5MFzQMkrl1FOOng9tq6R9r	Don't Wanna Know	Maroon 5	3797163	nan	1	15	new
16	6I6NX6tjGsxFAsIfGzY9lJ	Deja Vu	J. Cole	3777536	nan	1	16	new
17	6fwdbPMwP1zVStm8FybmkO	X (feat. Future)	21 Savage	3751877	nan	1	17	new
18	1qOLh0tI7trd1zdDKxYZTe	Starving	Hailee Steinfeld	3465749	nan	1	18	new
19	5uDASfU19gDxSjW8cnCaBp	Chill Bill (feat. J. Davi$ & Spooks)	Rob $tone	3464585	nan	1	19	new
20	04DwTuZ2VBdJCCC5TROn7L	In the Name of Love	Martin Garrix	3432821	nan	1	20	new
21	5uCax9HTNlzGybIStD3vDh	Say You Won't Let Go	James Arthur	3358134	nan	1	21	new
22	4F7A0DXBrmUAkp32uenhZt	Party Monster	The Weeknd	3341933	nan	1	22	new
23	4gmmRb6bZJffOOiww1JGTO	No Heart	21 Savage	3265130	nan	1	23	new
24	4pLwZjInHj3SimIyN9SnOz	Side To Side	Ariana Grande	3222416	nan	1	24	new
25	4ckuS4Nj4FZ7i3Def3Br8W	Sneakin’	Drake	3046339	nan	1	25	new
26	6i0V12jOa3mr6uu4WYhUBr	Heathens	Twenty One Pilots	3019029	nan	1	26	new
27	7JYsArznYOjX2jsrT3UEnL	OOOUUU	Young M.A	2954985	nan	1	27	new
28	2EEeOnHehOozLq4aS0n6SL	iSpy (feat. Lil Yachty)	KYLE	2951309	nan	1	28	new
29	2rizacJSyD9S1IQUxUxnsK	All We Know	The Chainsmokers	2838884	nan	1	29	new
30	2ANLarE8yHVsLWW21nj79M	You Was Right	Lil Uzi Vert	2803226	nan	1	30	new
31	0v9Wz8o0BT8DU38R4ddjeH	No Problem (feat. Lil Wayne & 2 Chainz)	Chance the Rapper	2762137	nan	1	31	new
32	5hYTyyh2odQKphUbMqc5gN	"How Far I'll Go - From ""Moana"""	Alessia Cara	2747443	nan	1	32	new
33	0prNGof3XqfTvNDxHonvdK	Scars To Your Beautiful	Alessia Cara	2713743	nan	1	33	new
34	4TZy1wLyHec06pwgFYDh1a	Mercy	Shawn Mendes	2703580	nan	1	34	new
35	78rIJddV4X0HkNAInEcYde	Call On Me - Ryan Riback Extended Remix	Starley	2659113	nan	1	35	new
36	6nxQdXa1uAL0rY72wPZu89	Love Me Now	John Legend	2556359	nan	1	36	new
37	0utlOiJy2weVl9WTkcEWHy	Neighbors	J. Cole	2554091	nan	1	37	new
38	11KJSRSgaDxqydKYiD2Jew	Too Good	Drake	2502428	nan	1	38	new
39	6DNtNfH8hXkqOX1sjqmI7p	Cold Water (feat. Justin Bieber & MØ)	Major Lazer	2493998	nan	1	39	new
40	6mapJIPnQ23RTAevUoE0DL	Swang	Rae Sremmurd	2424161	nan	1	40	new
41	6F609ICg9Spjrw1epsAnpa	Controlla	Drake	2423349	nan	1	41	new
42	4mU5iXHeLgbR94siF7p1sY	Six Feet Under	The Weeknd	2419147	nan	1	42	new
43	0QsvXIfqM0zZoerQfsI9lm	Don't Let Me Down	The Chainsmokers	2402845	nan	1	43	new
44	20dP2DaMHIAmwWAbp7peSr	pick up the phone	Young Thug	2385552	nan	1	44	new
45	1Tt4sE4pXi57mTD1GCzsqm	Needed Me	Rihanna	2372277	nan	1	45	new
46	3EmmCZoqpWOTY1g2GBwJoR	Just Hold On	Steve Aoki	2366651	nan	1	46	new
47	4Hf7WnR761jpxPr5D46Bcd	Treat You Better	Shawn Mendes	2340498	nan	1	47	new
48	4h90qkbnW1Qq6pBhoPvwko	Sidewalks	The Weeknd	2321664	nan	1	48	new
49	5knuzwU65gJK7IF5yJsuaW	Rockabye (feat. Sean Paul & Anne-Marie)	Clean Bandit	2272394	nan	1	49	new
50	6AGON2BGdPmPMJGiiNuuwl	Immortal	J. Cole	2194654	nan	1	50	new
51	3kxfsdsCpFgN412fpnW85Y	Redbone	Childish Gambino	2175894	nan	1	51	new
52	4tCtwWceOPWzenK2HAIJSb	Work from Home (feat. Ty Dolla $ign)	Fifth Harmony	2102278	nan	1	52	new
53	1CnPYaKxTVb4LWOtiGOm0m	All Time Low	Jon Bellion	2073078	nan	1	53	new
54	5OOkp4U9P9oL23maHFHL1h	Panda	Desiigner	2064963	nan	1	54	new
55	1Bqxj0aH5KewYHKUg1IdrF	Some Kind Of Drug	G-Eazy	2007331	nan	1	55	new
56	6JV2JOEocMgcZxYSZelKcc	"CAN'T STOP THE FEELING! (Original Song from DreamWorks Animation's ""TROLLS"")"	Justin Timberlake	1995424	nan	1	56	new
57	14WWzenpaEgQZlqPq2nk4v	Work	Rihanna	1969886	nan	1	57	new
58	43jBqV3j3Xi1g6wO0bhIMd	Now and Later	Sage The Gemini	1951897	nan	1	58	new
59	7EiZI6JVHllARrX9PUvAdX	Low Life (feat. The Weeknd)	Future	1896260	nan	1	59	new
60	27SdWb2rFzO6GWiYDBTD9j	Cheap Thrills	Sia	1895573	nan	1	60	new
61	4dASQiO1Eoo3RJvt74FtXB	Sucker For Pain (with Wiz Khalifa, Imagine Dragons, Logic & Ty Dolla $ign feat. X Ambassadors)	Lil Wayne	1894425	nan	1	61	new
62	78sr3ogs4UzITcCNbXM9cM	Used to This (feat. Drake)	Future	1890971	nan	1	62	new
63	7yHEDfrJNd0zWOfXwydNH0	Into You	Ariana Grande	1874910	nan	1	63	new
64	6mICuAdrwEjh6Y6lroV2Kg	Chantaje (feat. Maluma)	Shakira	1860023	nan	1	64	new
65	2Z8WuEywRWYTKe1NybPQEW	Ride	Twenty One Pilots	1859241	nan	1	65	new
66	1yNyoWWWikbLhwIGWjZuDW	All Night	The Vamps	1845885	nan	1	66	new
67	2aksifNn5ph8igDOkPBA02	Love On The Brain	Rihanna	1843366	nan	1	67	new
68	6gBFPUFcJLzWGx4lenP6h2	goosebumps	Travis Scott	1833069	nan	1	68	new
69	37F0uwRSrdzkBiuj0D5UHI	Reminder	The Weeknd	1829110	nan	1	69	new
70	3E2Zh20GDCR9B1EYjfXWyv	Weak	AJR	1823119	nan	1	70	new
71	0azC730Exh71aQlOt9Zj3y	This Is What You Came For	Calvin Harris	1820016	nan	1	71	new
72	62vpWI1CHwFy7tMIcSStl8	No Role Modelz	J. Cole	1814343	nan	1	72	new
73	27GmP9AWRs744SzKcpJsTZ	Jumpman	Drake	1813853	nan	1	73	new
74	2BrzlUj1u1CtvaJDGIKpsP	Make Me (Cry)	Noah Cyrus	1788273	nan	1	74	new
75	0B8QzDH7YWih85V5SEMnyJ	Money Longer	Lil Uzi Vert	1767920	nan	1	75	new
76	3pjUyVbFmM96tYhSaKJwTt	Change	J. Cole	1739684	nan	1	76	new
77	7vRriwrloYVaoAe3a9wJHe	i hate u, i love u (feat. olivia o'brien)	gnash	1710840	nan	1	77	new
78	0BU7nIcCZxYSE0hYcc5oZz	Too Many Years	Kodak Black	1706940	nan	1	78	new
79	2wDjpPW3HZdA9quPPmZAMu	Trust Nobody (feat. Selena Gomez & Tory Lanez)	Cashmere Cat	1705908	nan	1	79	new
80	2LBqCSwhJGcFQeTHMVGwy3	Die For You	The Weeknd	1689769	nan	1	80	new
81	7aV2mflaASUmGhCErm7kBO	The Mack	Nevada	1684361	nan	1	81	new
82	0hNduWmlWmEmuwEFcYvRu1	Sunset Lover	Petit Biscuit	1676121	nan	1	82	new
83	3pXF1nA74528Edde4of9CC	Don't	Bryson Tiller	1652261	nan	1	83	new
84	12REd1n8PeiHHWOh066tpr	Never Be Like You	Flume	1651935	nan	1	84	new
85	6eT7xZZlB2mwyzJ2sUKG6w	White Iverson	Post Malone	1651702	nan	1	85	new
86	2xbI8Vmyv3TkpTdywpPyNw	Selfish	PnB Rock	1649780	nan	1	86	new
87	1lItf5ZXJc1by9SbPeljFd	Juju On That Beat (TZ Anthem)	Zay Hilfigerrr	1629704	nan	1	87	new
88	4uhvMW7ly7tJil31YYscAN	Erase Your Social	Lil Uzi Vert	1617327	nan	1	88	new
89	43PuMrRfbyyuz4QpZ3oAwN	Exchange	Bryson Tiller	1612036	nan	1	89	new
90	6HEIBHUirx1J0JkUD24szt	Water	Ugly God	1605966	nan	1	90	new
91	1wZqJM5FGDEl3FjHDxDyQd	Come and See Me (feat. Drake)	PARTYNEXTDOOR	1603648	nan	1	91	new
92	3CRDbSIZ4r5MsZ0YwxuEkn	Stressed Out	Twenty One Pilots	1588712	nan	1	92	new
93	0Fv5N0cHBsl4bzCbollCAS	Moves	Big Sean	1577217	nan	1	93	new
94	4vb4mFvYsr2h6enhjJsq9Y	Water Under the Bridge	Adele	1570560	nan	1	94	new
95	3a1lNhkSLSkpJE4MSHpDu9	Congratulations	Post Malone	1565952	nan	1	95	new
96	68EMU2RD1ECNeOeJ5qAXCV	We Don't Talk Anymore	Charlie Puth	1555996	nan	1	96	new
97	7zTx8ePYAmPFQuxP3xlXZn	Light	San Holo	1539741	nan	1	97	new
98	0B8B8cVRFIG1yznoQe7c9s	Setting Fires	The Chainsmokers	1534937	nan	1	98	new
99	40yJGQyEaBbIkXpwMFkXip	One Night	Lil Yachty	1526899	nan	1	99	new
100	5oyUurs28XRagLa8lgm6V3	Too Much Sauce	DJ ESCO	1523264	nan	1	100	new
101	5wQRNkb7OhzJoT1P0OZ4Rw	All Time Low	Jon Bellion	1508954	nan	1	101	new
102	17Fd6Yb7mSbinKG8LoWfFl	I Took A Pill In Ibiza - Seeb Remix	Mike Posner	1506973	nan	1	102	new
103	40YcuQysJ0KlGQTeGUosTC	Me, Myself & I	G-Eazy	1499613	nan	1	103	new
104	3hB5DgAiMAQ4DzYbsMq1IT	Love Yourself	Justin Bieber	1492066	nan	1	104	new
105	34oWbFBfGEElvgO0a5c9V4	No Flockin'	Kodak Black	1486114	nan	1	105	new
106	4BHzQ9C00ceJxfG16AlNWb	Send My Love (To Your New Lover)	Adele	1458924	nan	1	106	new
107	3TRFq09DUgYj1mug6RRqJW	Lot to Learn	Luke Christopher	1457330	nan	1	107	new
108	0H8XeaJunhvpBdBFIYi6Sh	Deja Vu	Post Malone	1449709	nan	1	108	new
109	4Q4jmPHwu0wrJvqrld0FQ6	I Would Like	Zara Larsson	1443086	nan	1	109	new
110	5J5PXmMdQ2nh1lZOal8KmK	Litty (feat. Tory Lanez)	Meek Mill	1428281	nan	1	110	new
111	0KKkJNfGyhkQ5aFogxQAPU	That's What I Like	Bruno Mars	1426314	nan	1	111	new
112	6i759FCuKx713ZnYjtpQGU	True Colors	The Weeknd	1392501	nan	1	112	new
113	6WhzFzROw3aq3rPWjgYlxr	Gold	Kiiara	1392159	nan	1	113	new
114	40UroIGvsMPLPBYwH8rMNA	Steady 1234 (feat. Jasmine Thompson & Skizzy Mars)	Vice	1370282	nan	1	114	new
115	4KW1lqgSr8TKrvBII0Brf8	Father Stretch My Hands Pt. 1	Kanye West	1359209	nan	1	115	new
116	3DX4Y0egvc0slLcLl31h2p	Secrets	The Weeknd	1357574	nan	1	116	new
117	04CttTezSnv71USiiG9mIo	Lighthouse - Andrelli Remix	Hearts & Colors	1346814	nan	1	117	new
118	5nA67Y0XX9JipZwYxX7Gl7	This Town	Niall Horan	1337852	nan	1	118	new
119	1FUViuNSldssMIawrOXF2i	I Got You	Bebe Rexha	1324870	nan	1	119	new
120	6JjEVlMkfHWMeYavkEYzNO	Gassed Up	Nebu Kiniza	1316848	nan	1	120	new
121	25khomWgBVamSdKw7hzm3l	The Hills	The Weeknd	1314904	nan	1	121	new
122	1cG0umU5TKStygKsPFZ9pY	Shed a Light	Robin Schulz	1314763	nan	1	122	new
123	1WRy5l3TwrwlzNmB5bOeKw	Pop Style	Drake	1308555	nan	1	123	new
124	0PDUDa38GO8lMxLCRc4lL1	PILLOWTALK	ZAYN	1302358	nan	1	124	new
125	36YCdzT57us0LhDmCYtrNE	Rockin’	The Weeknd	1292313	nan	1	125	new
126	36xxq7VDZZsGwARsn6Clo7	Living Single	Big Sean	1289108	nan	1	126	new
127	1D3ODoXHBLpdxolZRHWV1j	By Your Side	Jonas Blue	1272787	nan	1	127	new
128	6O6M7pJLABmfBRoGZMu76Y	Roses	The Chainsmokers	1271131	nan	1	128	new
129	042x9bsUBWW2fJgJ6fUh61	Not Going Home	DVBBS	1252783	nan	1	129	new
130	5uQOauh47VFt3B2kV9kRXw	My Shit	A Boogie Wit da Hoodie	1250894	nan	1	130	new
131	5tFep7dXGd7vEJ668wTPux	Both (feat. Drake)	Gucci Mane	1244566	nan	1	131	new
132	0HtOJj7Kl74s1Ngf3MWeif	She's Mine Pt. 1	J. Cole	1239589	nan	1	132	new
133	3pndPhlQWjuSoXhcIIdBjv	What They Want	Russ	1236441	nan	1	133	new
134	7129iqBafaphfc3WPCGC0L	7 Years	Lukas Graham	1231010	nan	1	134	new
135	2XMTqoHHSH0lvuXrvIEdco	Capsize	FRENSHIP	1223974	nan	1	135	new
136	0q5DrtpnnGpOvBy5nnPMbe	Timeless (feat. DJ SPINKING)	A Boogie Wit da Hoodie	1223119	nan	1	136	new
137	3MWlVSkoLS1e66nlZ2tuWJ	For Whom The Bell Tolls	J. Cole	1209823	nan	1	137	new
138	3y9cCbnBn0zjkJa2YkOj70	Black Barbies	Nicki Minaj	1203632	nan	1	138	new
139	19a3JfW8BQwqHWUMbcqSx8	Famous	Kanye West	1203339	nan	1	139	new
140	05Z7jet4VDNVgNQWcYHnrk	Party	Chris Brown	1203313	nan	1	140	new
141	1trZGMI2CGyVT44STkpCoN	Let Me Explain	Bryson Tiller	1203303	nan	1	141	new
142	69bp2EbF7Q2rqc5N3ylezZ	Sorry	Justin Bieber	1200409	nan	1	142	new
143	1vvnYpYEMVB4aq9I6tHIEB	4 Your Eyez Only	J. Cole	1198722	nan	1	143	new
144	2aFiaMXmWsM3Vj72F9ksBl	Cake By The Ocean	DNCE	1198196	nan	1	144	new
145	7zBPzAjKAqQpcv8F8GCq5s	Uber Everywhere	MadeinTYO	1196926	nan	1	145	new
146	2z3joGXrdGL2iEjIKQTiN1	Ville Mentality	J. Cole	1195946	nan	1	146	new
147	34i4yxPrHWquuR4kjiivFO	Somebody Else	VÉRITÉ	1188181	nan	1	147	new
148	4QdovcM8j50QPlyR7tH4xe	You & Me	Marc E. Bassy	1180939	nan	1	148	new
149	5yuShbu70mtHXY0yLzCQLQ	Go Flex	Post Malone	1178420	nan	1	149	new
150	4sQMalN597HdggTu196aL0	Say It (feat. Tove Lo)	Flume	1176800	nan	1	150	new
151	2FBUoWkIuQXwayw2RNo5l6	Hotline Bling	Drake	1173442	nan	1	151	new
152	1vvNmPOiUuyCbgWmtc6yfm	My Way	Calvin Harris	1165966	nan	1	152	new
153	1OAiWI2oPmglaOiv9fdioU	Hymn for the Weekend - Seeb Remix	Coldplay	1161968	nan	1	153	new
154	0PJIbOdMs3bd5AT8liULMQ	oui	Jeremih	1154979	nan	1	154	new
155	3NJG6vMH1ZsectZkocMEm0	Tiimmy Turner	Desiigner	1153514	nan	1	155	new
156	433P7tDcIAi6NLnf4Sh6tI	Still Here	Drake	1138947	nan	1	156	new
157	6HUnnBwYZqcED1eQztxMBN	Solo Dance	Martin Jensen	1135824	nan	1	157	new
158	7xHWNBFm6ObGEQPaUxHuKO	The Greatest (feat. Kendrick Lamar)	Sia	1135516	nan	1	158	new
159	0NWqNXBJTpXbkI5rPWNy3p	All I Know	The Weeknd	1125001	nan	1	159	new
160	39pS70eeDvyCAF3t8NAlVV	Good Drank	2 Chainz	1121693	nan	1	160	new
161	32lgtADX2cB9I4KFs1Y1py	False Alarm	The Weeknd	1114937	nan	1	161	new
162	6mb6lVLNrcUgLnEN8QnDJd	How Far I'll Go	Auli'i Cravalho	1106252	nan	1	162	new
163	6WSBZroxQaO3FYEpT2ACFH	Baptized In Fire	Kid Cudi	1104704	nan	1	163	new
164	55OdqrG8WLmsYyY1jijD9b	Wyclef Jean	Young Thug	1100950	nan	1	164	new
165	6ZOPiKQeibCn7fP8dncucL	Blue Ain't Your Color	Keith Urban	1097211	nan	1	165	new
166	4IWGnyOHDrVZEtPWfs4s7q	Do What I Want	Lil Uzi Vert	1088857	nan	1	166	new
167	77IAeEz8LEchPN8UNjaTJ2	Foldin Clothes	J. Cole	1084490	nan	1	167	new
168	6pDVjCUA3B1vg9waKutAsv	Attention	The Weeknd	1072547	nan	1	168	new
169	1a5Yu5L18qNxVhXx38njON	Hear Me Now	Alok	1069787	nan	1	169	new
170	1sTUEdVO85YU8Ymk2jeAls	Oh Lord	MiC LOWRY	1062440	nan	1	170	new
171	16Ah4QqH4mgYVXqfC4mdSd	LUV	Tory Lanez	1055938	nan	1	171	new
172	2Ae5awwKvQpTBKQHr1TYCg	Dynamite (feat. Pretty Sister)	Nause	1044694	nan	1	172	new
173	0L7loeTIg6akW84aEQZpCT	Light It Up (feat. Nyla & Fuse ODG) - Remix	Major Lazer	1044681	nan	1	173	new
174	7bTwYGhBdSQ8vuXc76Xint	Ophelia	The Lumineers	1044290	nan	1	174	new
175	6Knv6wdA0luoMUuuoYi2i1	My House	Flo Rida	1040529	nan	1	175	new
176	10I3CmmwT0BkOVhduDy53o	Really Really	Kevin Gates	1038557	nan	1	176	new
177	4OZEu0Vwq0RB2LAq14v99n	Middle	DJ Snake	1037663	nan	1	177	new
178	4scpF6J5uMBvoh6sFB7EL1	No Type	Rae Sremmurd	1034776	nan	1	178	new
179	1wHZx0LgzFHyeIZkUydNXq	Antidote	Travis Scott	1030659	nan	1	179	new
180	2s76aKBWKShlwPC4xTtEEE	Wake Up Where You Are	State of Sound	1029544	nan	1	180	new
181	6yr8GiTHWvFfi4o6Q5ebdT	'Till I Collapse	Eminem	1025946	nan	1	181	new
182	26hcyzSE154xMZCbFdtInA	Taped up Heart (feat. Clara Mae)	KREAM	1023319	nan	1	182	new
183	5Z01UMMf7V1o0MzF86s6WJ	"Lose Yourself - From ""8 Mile"" Soundtrack"	Eminem	1022088	nan	1	183	new
184	6Ius4TC0L3cN74HT7ENE6e	Wet Dreamz	J. Cole	1017185	nan	1	184	new
185	152lZdxL1OR0ZMW6KquMif	Location	Khalid	1013332	nan	1	185	new
186	3NxAG2ni1lLa8RKL6a0INc	Childs Play	Drake	1011375	nan	1	186	new
187	3eze1OsZ1rqeXkKStNfTmi	Juke Jam (feat. Justin Bieber & Towkio)	Chance the Rapper	1003473	nan	1	187	new
188	7lGKEWMXVWWTt3X71Bv44I	Unsteady	X Ambassadors	1001054	nan	1	188	new
189	0kN8xEmgMW9mh7UmDYHlJP	Versace on the Floor	Bruno Mars	993041	nan	1	189	new
190	6t2ubAB4iSYOuIpRAOGd4t	Cake - Challenge Version	Flo Rida	992174	nan	1	190	new
191	13HVjjWUZFaWilh2QUJKsP	Let It Go	James Bay	992058	nan	1	191	new
192	2KpCpk6HjXXLb7nnXoXA5O	Ni**as In Paris	JAY-Z	986745	nan	1	192	new
193	2IGr3q6ljcpLvHDFLtI0yW	Look Alive	Rae Sremmurd	985786	nan	1	193	new
194	0rHJxNaQRMGK6Y4TUx3xRO	Castro	Yo Gotti	982286	nan	1	194	new
195	59e7E2LMPZ2bhW5G6aCwX8	Crazy Brazy	A$AP Mob	980402	nan	1	195	new
196	5rmcjZTrE9JR1YrbNZDFNW	She's Mine Pt. 2	J. Cole	978401	nan	1	196	new
197	6j0teRL3WdExzqmy334sh5	Seven Million (feat. Future)	Lil Uzi Vert	976118	nan	1	197	new
198	7of1slAJIWrXxP8ikAHxje	Miss You	James Hersey	973546	nan	1	198	new
199	4sPmO7WMQUAf45kwMOtONw	Hello	Adele	970330	nan	1	199	new
200	0BCy325UZyR9z0t0uxwn2N	H.O.L.Y.	Florida Georgia Line	968095	nan	1	200	new
