position	song_id	song_name	artist	streams	last_week_position	weeks_on_chart	peak_position	position_status
1	7KXjTSCq5nL1LoYtL7XAwS	HUMBLE.	Kendrick Lamar	14685844	1	2	1	0
2	3rOSwuTsUlJp0Pu0MkN8r8	Mask Off	Future	12264148	2	8	2	0
3	2eMwDehkIC1j68U6FA3Eiq	XO TOUR Llif3	Lil Uzi Vert	9921971	5	3	3	2
4	7hDc8b7IXETo14hHIHdnhd	Passionfruit	Drake	9384660	3	4	1	-1
5	7qiZfU4dY1lWllzX7mPBI3	Shape of You	Ed Sheeran	8468722	4	14	1	-1
6	2EEeOnHehOozLq4aS0n6SL	iSpy (feat. Lil Yachty)	KYLE	8301237	6	15	2	0
7	0KKkJNfGyhkQ5aFogxQAPU	That's What I Like	Bruno Mars	8188089	7	15	3	0
8	6RUKPb4LETWmmr3iAEQktW	Something Just Like This	The Chainsmokers	7781762	14	8	2	6
9	2bjwRfXMk4uRgOD9IBYl9h	Portland	Drake	7264960	8	4	2	-1
10	4Q3N4Ct4zCuIHuZ65E3BD4	Tunnel Vision	Kodak Black	7060393	9	8	5	-1
11	152lZdxL1OR0ZMW6KquMif	Location	Khalid	6435681	10	15	10	-1
12	3a1lNhkSLSkpJE4MSHpDu9	Congratulations	Post Malone	6429985	11	15	8	-1
13	0dA2Mk56wEzDgegdC6R17g	Stay (with Alessia Cara)	Zedd	6394192	12	7	12	-1
14	72jbDTw1piOOj770jWNeaG	Paris	The Chainsmokers	6069980	22	13	4	8
15	3eR23VReFzcdmS7TYCrhCe	It Ain't Me (with Selena Gomez)	Kygo	5904205	13	8	3	-2
16	5Ohxk2dO5COHF1krpoPigN	Sign of the Times	Harry Styles	5627296	nan	1	16	new
17	7tr2za8SQg2CI8EDgrdtNl	Slide (feat. Frank Ocean & Migos)	Calvin Harris	5600663	16	7	9	-1
18	0wfbD5rAksdXUzRvMfM3x5	The One	The Chainsmokers	5264602	41	3	18	23
19	1sXUWdKx03aP9Gmzft58rt	Issues	Julia Michaels	5229713	17	13	11	-2
20	0SGkqnVQo9KPytSri1H6cF	Bounce Back	Big Sean	5107764	18	15	3	-2
21	4Km5HrUvYTaSUfiSGPJeQR	Bad and Boujee (feat. Lil Uzi Vert)	Migos	4851220	20	15	1	-1
22	7mldq42yDuxiUNn08nvzHO	Body Like A Back Road	Sam Hunt	4799337	28	10	19	6
23	6UjfByV1lDLW0SOVQA4NAi	Gyalchester	Drake	4787933	15	4	6	-8
24	7KOlJ92bu51cltsD9KU5I7	T-Shirt	Migos	4618691	21	13	6	-3
25	343YBumqHu19cGoGARUTsd	Fake Love	Drake	4544467	19	15	2	-6
26	2Ce5IyMlVRVvN997ZJjJJA	Selfish (feat. Rihanna)	Future	4449591	25	7	24	-1
27	6mapJIPnQ23RTAevUoE0DL	Swang	Rae Sremmurd	4406864	24	15	23	-3
28	4ARPvK8DHLwt4oX65ZAFMw	Look At Me!	XXXTENTACION	4391446	26	7	26	-2
29	0Nhu3zSYbEz32IYiobV75e	Now Or Never	Halsey	4079102	nan	1	29	new
30	6gBFPUFcJLzWGx4lenP6h2	goosebumps	Travis Scott	3991689	32	15	30	2
31	2XlHu0HcujBCkWMdIAvrqt	Blem	Drake	3873157	23	4	8	-8
32	05KOgYg8PGeJyyWBPi5ja8	Free Smoke	Drake	3641594	29	4	4	-3
33	0CcQNd8CINkwQfe1RDtGV6	Believer	Imagine Dragons	3613213	35	10	27	2
34	6cPyTS0Kk2sc4xQwC93kOg	Break Up Every Night	The Chainsmokers	3589115	nan	1	34	new
35	6kex4EBAj0WHXDKZMEJaaF	Swalla (feat. Nicki Minaj & Ty Dolla $ign)	Jason Derulo	3480117	50	6	35	15
36	7BKLCZ1jbUBVqRi2FVlTVw	Closer	The Chainsmokers	3456362	37	15	4	1
37	0afhq8XCExXpqazXczTSve	Galway Girl	Ed Sheeran	3406927	31	6	7	-6
38	0pSBuHjILhNEo55xK1zrRt	Rolex	Ayo & Teo	3387218	45	10	37	7
39	5aAx2yezTd8zXrkmtKl66Z	Starboy	The Weeknd	3336231	39	15	3	0
40	5NNlUMcOEOdoOIwwaWXv0k	Cold	Maroon 5	3300144	36	8	25	-4
41	3NdDpSvN911VPGivFlV5d0	"I Don’t Wanna Live Forever (Fifty Shades Darker) - From ""Fifty Shades Darker (Original Motion Picture Soundtrack)"""	ZAYN	3234587	30	15	3	-11
42	7cGFbx7MP0H23iHZTZpqMM	Everybody	Logic	3192963	27	2	27	-15
43	5uCax9HTNlzGybIStD3vDh	Say You Won't Let Go	James Arthur	3175164	42	15	15	-1
44	5GXAXm5YOmYT0kL5jHvYBt	I Feel It Coming	The Weeknd	3123914	40	15	10	-4
45	6n3HGiq4v35D6eFOSwqYuo	Teenage Fever	Drake	3062266	34	4	14	-11
46	3kxfsdsCpFgN412fpnW85Y	Redbone	Childish Gambino	3024129	48	15	29	2
47	0Fv5N0cHBsl4bzCbollCAS	Moves	Big Sean	2976931	44	15	10	-3
48	1x5sYLZiu9r5E43kMlt9f8	Symphony (feat. Zara Larsson)	Clean Bandit	2929679	56	4	48	8
49	3ebXMykcMXOcLeJ9xZ17XH	Scared to Be Lonely	Martin Garrix	2792500	51	11	20	2
50	78rIJddV4X0HkNAInEcYde	Call On Me - Ryan Riback Extended Remix	Starley	2731607	57	15	24	7
51	7yyRTcZmCiyzzJlNzGC9Ol	Broccoli (feat. Lil Yachty)	DRAM	2696984	59	15	11	8
52	5GFDrUTLGJix84sNhjCG0g	Caroline	Aminé	2689712	53	15	6	1
53	0gbBzIqrECJOEPvQJIBFs5	Green Light	Lorde	2686083	54	6	20	1
54	60xaS8mYBKUW4VQQ666N0T	All Night (feat. Knox Fortune)	Chance the Rapper	2657976	47	9	47	-7
55	1zayuwd1YLZsYDArkruHdL	The Heart Part 4	Kendrick Lamar	2569348	33	3	10	-22
56	0xl1w2q4VLojeXp4JfazPL	Sacrifices	Drake	2549980	38	4	12	-18
57	1pJQAHpD51J7GYaFrrFO9S	Don't Say	The Chainsmokers	2529653	nan	1	57	new
58	6Q2FftbUG530lCtBI74bMH	Drowning (feat. Kodak Black)	A Boogie Wit da Hoodie	2509867	76	4	58	18
59	0v9Wz8o0BT8DU38R4ddjeH	No Problem (feat. Lil Wayne & 2 Chainz)	Chance the Rapper	2443151	65	15	24	6
60	26AuyrZGzWWiYZPSd3XBIg	Bloodstream	The Chainsmokers	2439797	nan	1	60	new
61	6fwdbPMwP1zVStm8FybmkO	X (feat. Future)	21 Savage	2420643	70	15	17	9
62	7y6c07pgjZvtHI9kuMVqk1	Get It Together	Drake	2405808	43	4	13	-19
63	3E2Zh20GDCR9B1EYjfXWyv	Weak	AJR	2359229	66	15	30	3
64	6V9kwssTrwkKT72imgowj9	My Type	The Chainsmokers	2358513	nan	1	64	new
65	3FiE2d325mIOc4YjkSLVJR	Everyday	Ariana Grande	2284137	71	6	65	6
66	1xznGGDReH1oQq0xzbwXa3	One Dance	Drake	2267888	69	15	13	3
67	6KjbNLbRjuoa8rEq5yNA6H	Honest	The Chainsmokers	2255350	nan	1	67	new
68	5hYTyyh2odQKphUbMqc5gN	"How Far I'll Go - From ""Moana"""	Alessia Cara	2229898	46	15	20	-22
69	6GeD5g9vZTz25Egf8kxoIY	Last Day Alive	The Chainsmokers	2213751	nan	1	69	new
70	4aWmUDTfIPGksMNLV2rQP2	Despacito (Featuring Daddy Yankee)	Luis Fonsi	2205760	73	12	43	3
71	6fujklziTHa8uoM5OQSfIo	Black Beatles	Rae Sremmurd	2183407	75	15	5	4
72	1F2HXIJrE2Xn81OzT2zZvW	Unforgettable	French Montana	2178451	nan	1	72	new
73	6b8Be6ljOzmkOmFslEb23P	24K Magic	Bruno Mars	2161274	77	15	14	4
74	2aksifNn5ph8igDOkPBA02	Love On The Brain	Rihanna	2157372	52	15	39	-22
75	2KvHC9z14GSl4YpkNMX384	Do Not Disturb	Drake	2154457	60	4	30	-15
76	1NDxZ7cFAo481dtYWdrUnR	Pretty Girl - Cheat Codes X CADE Remix	Maggie Lindemann	2151584	150	2	76	74
77	5tFep7dXGd7vEJ668wTPux	Both (feat. Drake)	Gucci Mane	2145701	80	15	38	3
78	000xQL6tZNLJzIrtIgxqSl	Still Got Time	ZAYN	2134209	68	3	62	-10
79	4ntsD33Pgsgk8rUyZLLiUV	DEVASTATED	Joey Bada$$	2125338	193	4	79	114
80	3Q3myFA7q4Op95DOpHplaY	do re mi	blackbear	2121711	169	3	80	89
81	5knuzwU65gJK7IF5yJsuaW	Rockabye (feat. Sean Paul & Anne-Marie)	Clean Bandit	2121390	79	15	32	-2
82	6PCUP3dWmTjcTtXY02oFdT	Castle on the Hill	Ed Sheeran	2107905	67	14	4	-15
83	3muBQDekYAg7jm6hDu6R0Z	First Day Out	Tee Grizzley	2106325	122	9	83	39
84	2jTujnt0y344ai1rNOywgr	KMT	Drake	2102400	49	4	17	-35
85	4cxMGhkinTocPSVVKWIw0d	Losin Control	Russ	2094164	84	13	75	-1
86	0fg8CqpjdojMyXLNzM2PaJ	Run Up (feat. PARTYNEXTDOOR & Nicki Minaj)	Major Lazer	2091467	81	11	26	-5
87	7bJ4mu7MHa3rHiNyKjOoSl	Ice Melts	Drake	2071504	63	4	34	-24
88	76Y0gxtTxN0FyDCYh5qYQj	Get Right Witcha	Migos	2041868	94	11	33	6
89	1KeZgPUr54C8iz3FjqzVoz	Young	The Chainsmokers	2041862	nan	1	89	new
90	5xhJmd0I15jFcEdqxfCzKk	It Won't Kill Ya	The Chainsmokers	2036144	nan	1	90	new
91	6HEIBHUirx1J0JkUD24szt	Water	Ugly God	2032154	83	15	58	-8
92	0FuTx2s3YH1ppmtiM6l0zI	September Song	JP Cooper	2025995	86	6	86	-6
93	6CfrYuD3YRDYdYvH9jNtXY	No Long Talk	Drake	2020212	55	4	10	-38
94	60APt5N2NRaKWf5xzJdzyC	Heatstroke (feat. Young Thug, Pharrell Williams & Ariana Grande)	Calvin Harris	2016248	72	2	72	-22
95	2ANLarE8yHVsLWW21nj79M	You Was Right	Lil Uzi Vert	1990928	96	15	28	1
96	20dP2DaMHIAmwWAbp7peSr	pick up the phone	Young Thug	1983702	98	15	44	2
97	6p8NuHm8uCGnn2Dtbtf7zE	Slippery (feat. Gucci Mane)	Migos	1974574	87	11	30	-10
98	6HUnnBwYZqcED1eQztxMBN	Solo Dance	Martin Jensen	1963481	91	15	76	-7
99	0dj1CtyRxZ4bnIT4Q20jNT	Wake Up Alone	The Chainsmokers	1948745	nan	1	99	new
100	76gUmNLXGQVOsGhfcshkFP	Madiba Riddim	Drake	1946805	62	4	19	-38
101	4gmmRb6bZJffOOiww1JGTO	No Heart	21 Savage	1941930	89	15	20	-12
102	6520aj0B4FSKGVuKNsOCOi	Chained To The Rhythm	Katy Perry	1918416	58	9	10	-44
103	2fkeWbM6iqTw7oGHTYm2lw	4422	Drake	1915272	61	4	18	-42
104	13e6f8t7RKXuxZ0JdaaJRG	Jorja Interlude	Drake	1871165	64	4	15	-40
105	0tgVpDi06FyKpA1z0VMD4v	Perfect	Ed Sheeran	1869848	82	6	15	-23
106	7EiZI6JVHllARrX9PUvAdX	Low Life (feat. The Weeknd)	Future	1859837	101	15	59	-5
107	6eT7xZZlB2mwyzJ2sUKG6w	White Iverson	Post Malone	1854421	95	15	77	-12
108	1louJpMmzEicAn7lzDalPW	No Promises (feat. Demi Lovato)	Cheat Codes	1818480	137	2	108	29
109	5uDASfU19gDxSjW8cnCaBp	Chill Bill (feat. J. Davi$ & Spooks)	Rob $tone	1791173	99	15	19	-10
110	0QsvXIfqM0zZoerQfsI9lm	Don't Let Me Down	The Chainsmokers	1780480	113	15	43	3
111	1qOLh0tI7trd1zdDKxYZTe	Starving	Hailee Steinfeld	1779907	108	15	18	-3
112	4F7A0DXBrmUAkp32uenhZt	Party Monster	The Weeknd	1777996	88	15	22	-24
113	2RttW7RAu5nOAfq6YFvApB	Happier	Ed Sheeran	1773356	78	6	19	-35
114	77lGafvlU68CeHgB2pkHC9	At My Best (feat. Hailee Steinfeld)	Machine Gun Kelly	1766520	97	4	93	-17
115	1Eck97uRMlprKOOJN9oO1E	Good Life (with G-Eazy & Kehlani)	G-Eazy	1742997	128	2	115	13
116	3mRcWCyteY2133a7xVMrYw	Comin Out Strong (feat. The Weeknd)	Future	1737958	105	7	22	-11
117	1PSBzsahR2AKwLJgx8ehBj	Bad Things (with Camila Cabello)	Machine Gun Kelly	1731565	100	15	9	-17
118	62vpWI1CHwFy7tMIcSStl8	No Role Modelz	J. Cole	1714187	109	15	71	-9
119	5Ua3GXyHwiSfpNTMjq6m2z	Touch	Little Mix	1705456	116	2	116	-3
120	2NyrXRn4tancYPW6JwtTl2	From The D To The A (feat. Lil Yachty)	Tee Grizzley	1692811	156	4	120	36
121	2wf9bp4MkChojtljddWpbO	PRBLMS	6LACK	1692297	114	10	107	-7
122	2dqLk7ezV15LEJEwUmEbXB	Down	Marian Hill	1685476	93	11	58	-29
123	7L9g4cPfohScjJ8mGwLQWr	TEMPTATION	Joey Bada$$	1669009	nan	1	123	new
124	5f5r2N4Lp9WoULWPH9zp2W	Can't Have Everything	Drake	1653230	85	4	28	-39
125	7KcGEssn7BnJdTgildK5y0	No Frauds	Nicki Minaj	1640681	102	5	22	-23
126	0B8QzDH7YWih85V5SEMnyJ	Money Longer	Lil Uzi Vert	1631180	125	15	73	-1
127	0WCEaydwN65cvwaW8aqptF	History	Olivia Holt	1628978	104	14	68	-23
128	2xbI8Vmyv3TkpTdywpPyNw	Selfish	PnB Rock	1618864	111	15	47	-17
129	1sYSP7gKa5kdKIfhANfori	Lights Down Low	MAX	1609863	115	9	113	-14
130	00lNx0OcTJrS3MKHcB80HY	You Don't Know Me - Radio Edit	Jax Jones	1586193	130	4	130	0
131	6i0V12jOa3mr6uu4WYhUBr	Heathens	Twenty One Pilots	1578891	119	15	26	-12
132	34oWbFBfGEElvgO0a5c9V4	No Flockin'	Kodak Black	1578427	124	15	90	-8
133	6I6NX6tjGsxFAsIfGzY9lJ	Deja Vu	J. Cole	1570017	120	15	16	-13
134	4ZJPwET9Jrgpkqi4Vo3Yg8	Bad Bitch (feat. Ty Dolla $ign)	Bebe Rexha	1568257	nan	1	134	new
135	6mORGLOz79w6VsCRLWYYuK	The Night We Met	Lord Huron	1560277	nan	1	135	new
136	05Z7jet4VDNVgNQWcYHnrk	Party	Chris Brown	1548930	131	15	117	-5
137	4pLwZjInHj3SimIyN9SnOz	Side To Side	Ariana Grande	1541253	126	15	24	-11
138	5pvVAwQbuFoR7LkcicrKnk	Obsession (feat. Jon Bellion)	Vice	1533302	172	2	138	34
139	6MbH1QiphMCPTqVEVC7UYi	Nothings Into Somethings	Drake	1533054	90	4	27	-49
140	1CnPYaKxTVb4LWOtiGOm0m	All Time Low	Jon Bellion	1529867	121	15	18	-19
141	3pXF1nA74528Edde4of9CC	Don't	Bryson Tiller	1526350	135	15	82	-6
142	5yuShbu70mtHXY0yLzCQLQ	Go Flex	Post Malone	1491359	140	15	113	-2
143	51ChrwmUPDJvedPQnIU8Ls	Dive	Ed Sheeran	1486524	103	6	17	-40
144	1MksGqIztTT6M9R1ErKVs8	No Favors	Big Sean	1486410	117	10	8	-27
145	28irpKCCK9nn9DZSik2zEx	Glow	Drake	1485335	92	4	25	-53
146	4PzovBqgnSHKd8opsP7IVM	Everyday We Lit (feat. PnB Rock)	YFN Lucci	1479032	178	2	146	32
147	6F609ICg9Spjrw1epsAnpa	Controlla	Drake	1476619	132	15	41	-15
148	16dXg2YuFOxwDC3cTf5jde	Conscience (feat. Future)	Kodak Black	1467198	74	2	74	-74
149	4pdPtRcBmOSQDlJ3Fk945m	Let Me Love You	DJ Snake	1466961	143	15	12	-6
150	6xHI9KjUjYT0FPtGO8Mxa1	Hurricane	Luke Combs	1461500	166	5	150	16
151	04DwTuZ2VBdJCCC5TROn7L	In the Name of Love	Martin Garrix	1461410	145	15	20	-6
152	0BU7nIcCZxYSE0hYcc5oZz	Too Many Years	Kodak Black	1460685	134	15	64	-18
153	0ESJlaM8CE1jRWaNtwSNj8	beibs in the trap	Travis Scott	1458464	147	14	126	-6
154	248OFOZef6ShXv6DGgbnxU	Saved	Khalid	1447197	142	6	137	-12
155	43PuMrRfbyyuz4QpZ3oAwN	Exchange	Bryson Tiller	1437481	148	15	84	-7
156	5YYjsDIxJKpVgNLkPpBmRA	Up	Desiigner	1431908	nan	1	156	new
157	439TlnnznSiBbQbgXiBqAd	m.A.A.d city	Kendrick Lamar	1412870	146	2	146	-11
158	1Tt4sE4pXi57mTD1GCzsqm	Needed Me	Rihanna	1404645	151	15	45	-7
159	4Zxdw0Hno7YDu0IzvY76Qo	Rent Money	Future	1398903	152	8	24	-7
160	6Nle9hKrkL1wQpwNfEkxjh	Chanel	Frank Ocean	1398017	127	5	48	-33
161	1wZqJM5FGDEl3FjHDxDyQd	Come and See Me (feat. Drake)	PARTYNEXTDOOR	1391354	159	15	81	-2
162	5OOkp4U9P9oL23maHFHL1h	Panda	Desiigner	1382612	153	15	54	-9
163	7f08qp3HROTkfrtNpiYGGo	Dirt On My Boots	Jon Pardi	1378532	177	8	163	14
164	6JV2JOEocMgcZxYSZelKcc	"CAN'T STOP THE FEELING! (Original Song from DreamWorks Animation's ""TROLLS"")"	Justin Timberlake	1369838	158	15	56	-6
165	3IHZc2GclRu5nJpTqty7MY	Gucci On My (feat. 21 Savage, YG & Migos)	Mike WiLL Made-It	1355482	149	6	120	-16
166	2Na0z2gfN67Rzf0vp74Wi3	Lose You	Drake	1353208	106	4	31	-60
167	4TZy1wLyHec06pwgFYDh1a	Mercy	Shawn Mendes	1352699	157	15	30	-10
168	2Z8WuEywRWYTKe1NybPQEW	Ride	Twenty One Pilots	1352642	160	15	65	-8
169	204U3zjm9kkzX25Pr4Rdld	Kelly Price (feat. Travis Scott)	Migos	1348145	123	11	21	-46
170	11KJSRSgaDxqydKYiD2Jew	Too Good	Drake	1347873	155	15	38	-15
171	498ZVInMGDkmmNVpSWqHiZ	May We All	Florida Georgia Line	1347545	188	3	171	17
172	27GmP9AWRs744SzKcpJsTZ	Jumpman	Drake	1345062	168	15	73	-4
173	31mqc7EKPsJf3pe6H5jEfC	ROCKABYE BABY (feat. ScHoolboy Q)	Joey Bada$$	1339501	nan	1	173	new
174	0bXFIF7iL17TYLyx8JHziM	Patty Cake	Kodak Black	1336996	139	2	139	-35
175	5C6uh95eAL0RBTSGXKQwvk	Hometown Girl	Josh Turner	1319533	nan	1	175	new
176	10M2Ex445zw585Ducldzkw	In Case You Didn't Know	Brett Young	1318598	154	3	154	-22
177	4dASQiO1Eoo3RJvt74FtXB	Sucker For Pain (with Wiz Khalifa, Imagine Dragons, Logic & Ty Dolla $ign feat. X Ambassadors)	Lil Wayne	1315932	164	15	61	-13
178	1lntL1cI2UIWlxjL5QiN8g	The Other	Lauv	1314668	144	13	87	-34
179	5JUu0unA8VwhTZ9LkMWUVI	Since Way Back	Drake	1311680	110	4	40	-69
180	5Z3GHaZ6ec9bsiI5BenrbY	Young Dumb & Broke	Khalid	1311221	nan	1	180	new
181	3A2OHirUAlQp2x73BJlEDA	Perfect Pint (feat. Kendrick Lamar, Gucci Mane & Rae Sremmurd)	Mike WiLL Made-It	1307199	133	3	133	-48
182	6canmpFnLHVUzvVWAodifz	There He Go	Kodak Black	1296774	136	12	136	-46
183	5MFzQMkrl1FOOng9tq6R9r	Don't Wanna Know	Maroon 5	1293420	167	15	15	-16
184	2h3i5tGUl6hMu572umjcGo	Running Back (feat. Lil Wayne)	Wale	1291795	176	12	109	-8
185	6mb6lVLNrcUgLnEN8QnDJd	How Far I'll Go	Auli'i Cravalho	1291053	165	10	148	-20
186	07pJdL0L9XDGW0HBj0rIS2	Skateboard P (feat. Big Sean)	MadeinTYO	1286143	189	3	181	3
187	0prNGof3XqfTvNDxHonvdK	Scars To Your Beautiful	Alessia Cara	1270772	173	15	33	-14
188	4uoumbAMEMaKdtiv763jKz	TG4M	Zara Larsson	1269980	198	2	188	10
189	2dfqS3MRtbLZSZA1IL8xY5	Skepta Interlude	Drake	1255021	112	4	36	-77
190	67dyMPOUsbZ9Yg06PnfAAh	Draco	Future	1253332	174	8	30	-16
191	3sdDgcU2XvO8EwkUsIe7VW	Want Her	Mustard	1246632	162	4	162	-29
192	3pndPhlQWjuSoXhcIIdBjv	What They Want	Russ	1242426	180	15	132	-12
193	1wHZx0LgzFHyeIZkUydNXq	Antidote	Travis Scott	1235456	182	6	179	-11
194	4uhvMW7ly7tJil31YYscAN	Erase Your Social	Lil Uzi Vert	1228833	192	15	76	-2
195	37F0uwRSrdzkBiuj0D5UHI	Reminder	The Weeknd	1228109	179	15	69	-16
196	3CRDbSIZ4r5MsZ0YwxuEkn	Stressed Out	Twenty One Pilots	1226418	181	15	92	-15
197	4tCtwWceOPWzenK2HAIJSb	Work from Home (feat. Ty Dolla $ign)	Fifth Harmony	1221528	186	15	52	-11
198	6mICuAdrwEjh6Y6lroV2Kg	Chantaje (feat. Maluma)	Shakira	1221128	184	15	52	-14
199	63OQWdXMq0Pe6pRpWY5gO0	Star Of The Show	Thomas Rhett	1212888	nan	1	199	new
200	6DNtNfH8hXkqOX1sjqmI7p	Cold Water (feat. Justin Bieber & MØ)	Major Lazer	1209821	197	15	39	-3
