position	song_id	song_name	artist	streams	last_week_position	weeks_on_chart	peak_position	position_status
1	5CtI0qwDJkDQGwXD1H1cLb	Despacito - Remix	Luis Fonsi	10919774	1	12	1	0
2	2eMwDehkIC1j68U6FA3Eiq	XO TOUR Llif3	Lil Uzi Vert	9472179	4	15	2	2
3	1OAh8uOEOvTDqkKFsKksCi	Wild Thoughts (feat. Rihanna & Bryson Tiller)	DJ Khaled	9202038	3	3	3	0
4	3DXncPQOG4VBw3QHh3S817	I'm the One (feat. Justin Bieber, Quavo, Chance the Rapper & Lil Wayne)	DJ Khaled	9159083	2	6	2	-2
5	7KXjTSCq5nL1LoYtL7XAwS	HUMBLE.	Kendrick Lamar	8448121	5	14	1	0
6	1F2HXIJrE2Xn81OzT2zZvW	Unforgettable	French Montana	7684766	6	13	6	0
7	3a1lNhkSLSkpJE4MSHpDu9	Congratulations	Post Malone	6994513	7	27	5	0
8	7tr2za8SQg2CI8EDgrdtNl	Slide (feat. Frank Ocean & Migos)	Calvin Harris	6276723	33	15	8	25
9	3kxfsdsCpFgN412fpnW85Y	Redbone	Childish Gambino	5891526	9	27	9	0
10	152lZdxL1OR0ZMW6KquMif	Location	Khalid	5754741	12	27	9	2
11	5bcTCxgc7xVfSaMV3RuVke	Feels (feat. Pharrell Williams, Katy Perry & Big Sean)	Calvin Harris	5753780	31	2	11	20
12	6Na5uKk5SsqZimk0hAWo8y	Signs	Drake	5711293	8	2	8	-4
13	3rOSwuTsUlJp0Pu0MkN8r8	Mask Off	Future	5297647	10	20	2	-3
14	6HZILIRieu8S0iqY8kIKhj	DNA.	Kendrick Lamar	5276068	13	12	2	-1
15	7mldq42yDuxiUNn08nvzHO	Body Like A Back Road	Sam Hunt	5148088	18	22	15	3
16	0lMbuWUpfTWhEmOKxppEau	Rollin (feat. Future & Khalid)	Calvin Harris	5143241	41	4	16	25
17	0CcQNd8CINkwQfe1RDtGV6	Believer	Imagine Dragons	5094468	11	19	11	-6
18	1e1JKLEDKP7hEQzJfNAgPl	Magnolia	Playboi Carti	4936811	15	11	12	-3
19	0KKkJNfGyhkQ5aFogxQAPU	That's What I Like	Bruno Mars	4901155	19	27	3	0
20	3A7qX2QjDlPnazUsRk5y0M	2U (feat. Justin Bieber)	David Guetta	4859706	14	4	8	-6
21	5tz69p7tJuGPeMGwNTxYuV	1-800-273-8255	Logic	4752987	16	10	7	-5
22	0dA2Mk56wEzDgegdC6R17g	Stay (with Alessia Cara)	Zedd	4562020	17	19	12	-5
23	6EpRaXYhGOB3fj4V2uDkMJ	Strip That Down	Liam Payne	4521708	23	7	23	0
24	1yxgsra98r3qAtxqiGZPiX	BUTTERFLY EFFECT	Travis Scott	4477138	20	7	20	-4
25	6gBFPUFcJLzWGx4lenP6h2	goosebumps	Travis Scott	4420008	22	27	16	-3
26	4iLqG9SeJSnt0cSPICSjxv	Attention	Charlie Puth	4360968	26	11	21	0
27	0tKcYR2II1VCQWT79i5NrW	Thunder	Imagine Dragons	4314145	21	7	21	-6
28	7qiZfU4dY1lWllzX7mPBI3	Shape of You	Ed Sheeran	4219162	27	26	1	-1
29	6p8NuHm8uCGnn2Dtbtf7zE	Slippery (feat. Gucci Mane)	Migos	4204590	24	23	21	-5
30	0Nhu3zSYbEz32IYiobV75e	Now Or Never	Halsey	4062063	25	10	20	-5
31	6PGoSes0D9eUDeeAafB2As	LOVE. FEAT. ZACARI.	Kendrick Lamar	4013659	28	12	5	-3
32	7hDc8b7IXETo14hHIHdnhd	Passionfruit	Drake	3918405	30	16	1	-2
33	6Q2FftbUG530lCtBI74bMH	Drowning (feat. Kodak Black)	A Boogie Wit da Hoodie	3908731	34	13	28	1
34	1sCxVKWImDZSZKvG0U9B23	Bad Liar	Selena Gomez	3903270	32	8	8	-2
35	2EEeOnHehOozLq4aS0n6SL	iSpy (feat. Lil Yachty)	KYLE	3642857	35	27	2	0
36	167NczpNbRF7oWakJaY3Hh	Slow Hands	Niall Horan	3618961	36	9	35	0
37	1nX9KhK3Fff27SnrIor2Yb	4 AM	2 Chainz	3595373	29	3	22	-8
38	79cuOz3SPQTuFrp8WgftAu	There's Nothing Holdin' Me Back	Shawn Mendes	3575935	37	11	29	-1
39	6kig1UFggPUyZBCvXD3Wod	No Complaints	Metro Boomin	3353822	39	2	39	0
40	6RUKPb4LETWmmr3iAEQktW	Something Just Like This	The Chainsmokers	3164199	45	20	2	5
41	6jA8HL9i4QGzsj6fjoxp8Y	There for You	Martin Garrix	3105080	42	6	32	1
42	4aWmUDTfIPGksMNLV2rQP2	Despacito (Featuring Daddy Yankee)	Luis Fonsi	3069054	43	24	32	1
43	6SwRhMLwNqEi6alNPVG00n	LOYALTY. FEAT. RIHANNA.	Kendrick Lamar	2988615	46	12	4	3
44	6H0AwSQ20mo62jGlPGB8S6	It's A Vibe	2 Chainz	2958010	48	10	44	4
45	2bjwRfXMk4uRgOD9IBYl9h	Portland	Drake	2883600	44	16	2	-1
46	4Q3N4Ct4zCuIHuZ65E3BD4	Tunnel Vision	Kodak Black	2879217	47	20	5	1
47	1wjzFQodRWrPcQ0AnYnvQ9	I Like Me Better	Lauv	2693752	60	5	47	13
48	1sXUWdKx03aP9Gmzft58rt	Issues	Julia Michaels	2634525	50	25	11	2
49	2habSXqcJGExM6JJyskY7O	Malibu	Miley Cyrus	2624236	40	8	7	-9
50	0SGkqnVQo9KPytSri1H6cF	Bounce Back	Big Sean	2605511	54	27	3	4
51	3Ytr1SUCUi6J3L9dRFx5iH	Know No Better (feat. Travis Scott, Camila Cabello & Quavo)	Major Lazer	2550153	56	5	36	5
52	1SJtlNRJDeYHioymcvsqev	Crying in the Club	Camila Cabello	2548397	53	7	52	1
53	7BKLCZ1jbUBVqRi2FVlTVw	Closer	The Chainsmokers	2476712	62	27	4	9
54	3eR23VReFzcdmS7TYCrhCe	It Ain't Me (with Selena Gomez)	Kygo	2456997	52	20	3	-2
55	5Z3GHaZ6ec9bsiI5BenrbY	Young Dumb & Broke	Khalid	2449474	67	13	55	12
56	7KOlJ92bu51cltsD9KU5I7	T-Shirt	Migos	2445650	66	25	6	10
57	4Km5HrUvYTaSUfiSGPJeQR	Bad and Boujee (feat. Lil Uzi Vert)	Migos	2369327	61	27	1	4
58	59J5nzL1KniFHnU120dQzt	wokeuplikethis*	Playboi Carti	2299557	57	12	54	-1
59	4xlrALxuaCf9yZBHJeTSG6	Mama	Jonas Blue	2283036	71	7	59	12
60	6mapJIPnQ23RTAevUoE0DL	Swang	Rae Sremmurd	2275333	64	27	23	4
61	0q75NwOoFiARAVp4EXU4Bs	Love Galore (feat. Travis Scott)	SZA	2255735	65	8	61	4
62	4KaIJ1FWXUoAAnOts1YWjD	Prayers Up (feat. Travis Scott & A-Trak)	Calvin Harris	2240211	nan	1	62	new
63	5uCax9HTNlzGybIStD3vDh	Say You Won't Let Go	James Arthur	2239737	63	27	15	0
64	1pGAvZo2axYXAXYiSeYEqY	911 / Mr. Lonely (feat. Frank Ocean & Steve Lacy)	Tyler, The Creator	2235673	nan	1	64	new
65	6kex4EBAj0WHXDKZMEJaaF	Swalla (feat. Nicki Minaj & Ty Dolla $ign)	Jason Derulo	2228330	55	18	35	-10
66	1EaKU4dMbesXXd3BrLCtYG	ELEMENT.	Kendrick Lamar	2224257	75	12	3	9
67	1a0wEEHipnBR7WOHFA6ucQ	Who Dat Boy (feat. A$AP Rocky)	Tyler, The Creator	2212160	nan	1	67	new
68	4ARPvK8DHLwt4oX65ZAFMw	Look At Me!	XXXTENTACION	2208449	59	19	26	-9
69	4q8PHoRsPUB52LFylX8Ulz	More Than You Know	Axwell /\ Ingrosso	2172287	74	5	69	5
70	2rb5MvYT7ZIxbKW5hfcHx8	Mi Gente	J Balvin	2160538	nan	1	70	new
71	6zLdXcmvIxnAXpz9sXFnIE	Craving You	Thomas Rhett	2130145	156	6	71	85
72	343YBumqHu19cGoGARUTsd	Fake Love	Drake	2122543	68	27	2	-4
73	3Q3myFA7q4Op95DOpHplaY	do re mi	blackbear	2092723	nan	10	30	re-enter
74	0pSBuHjILhNEo55xK1zrRt	Rolex	Ayo & Teo	2063614	73	22	37	-1
75	2mfUa8bLs2s5N4VaqJZ4lZ	Most Girls	Hailee Steinfeld	2053336	72	10	60	-3
76	4IWAyPf1KMq7JCyGeCjTeH	Whatever It Takes	Imagine Dragons	2048448	49	5	49	-27
77	6UjfByV1lDLW0SOVQA4NAi	Gyalchester	Drake	2021216	51	16	6	-26
78	2Gl0FzuLxflY6nPifJp5Dr	First Time	Kygo	2019859	77	10	40	-1
79	1xznGGDReH1oQq0xzbwXa3	One Dance	Drake	1976219	87	27	13	8
80	7yyRTcZmCiyzzJlNzGC9Ol	Broccoli (feat. Lil Yachty)	DRAM	1958991	78	27	11	-2
81	2XaInsPPUkZRkY4uFJ3AHK	Met Gala (feat. Offset)	Gucci Mane	1957875	81	6	54	0
82	3muBQDekYAg7jm6hDu6R0Z	First Day Out	Tee Grizzley	1942929	79	21	79	-3
83	7LEydI5NfjY6mZfKwYIptZ	Down	Fifth Harmony	1939185	69	5	50	-14
84	1louJpMmzEicAn7lzDalPW	No Promises (feat. Demi Lovato)	Cheat Codes	1886661	86	14	52	2
85	1NDxZ7cFAo481dtYWdrUnR	Pretty Girl - Cheat Codes X CADE Remix	Maggie Lindemann	1885335	82	14	67	-3
86	5aAx2yezTd8zXrkmtKl66Z	Starboy	The Weeknd	1874635	85	27	3	-1
87	4vv1KjUzPwrtDbozizSfQc	Don't Quit (feat. Travis Scott & Jeremih)	DJ Khaled	1852069	nan	1	87	new
88	1tlBuoIRrtqFs9bE9dmli5	Extra Luv (feat. YG)	Future	1821613	nan	1	88	new
89	0v9Wz8o0BT8DU38R4ddjeH	No Problem (feat. Lil Wayne & 2 Chainz)	Chance the Rapper	1802499	88	27	24	-1
90	0pJPdSVti6cTM1Q6xYGmcf	Faking It (feat. Kehlani & Lil Yachty)	Calvin Harris	1775216	nan	1	90	new
91	6xHI9KjUjYT0FPtGO8Mxa1	Hurricane	Luke Combs	1756461	97	16	85	6
92	4c2W3VKsOFoIg2SFaO6DY5	Your Song	Rita Ora	1750788	83	5	80	-9
93	2kVHAQKVtczchKctctzbtK	Swish Swish	Katy Perry	1740911	84	5	52	-9
94	0Ws8D3EWUDgY962Xftb0h5	Cash Out (feat. ScHoolboy Q, PARTYNEXTDOOR & D.R.A.M.)	Calvin Harris	1740877	nan	1	94	new
95	12o6dxWGk29uIAP3OWY0pM	Homemade Dynamite	Lorde	1704898	76	3	62	-19
96	6eT7xZZlB2mwyzJ2sUKG6w	White Iverson	Post Malone	1702438	93	27	77	-3
97	5Ohxk2dO5COHF1krpoPigN	Sign of the Times	Harry Styles	1694764	80	13	16	-17
98	0qYTZCo5Bwh1nsUFGZP3zn	Felices los 4	Maluma	1672586	110	9	98	12
99	0B8QzDH7YWih85V5SEMnyJ	Money Longer	Lil Uzi Vert	1659713	92	27	73	-7
100	3NdDpSvN911VPGivFlV5d0	"I Don’t Wanna Live Forever (Fifty Shades Darker) - From ""Fifty Shades Darker (Original Motion Picture Soundtrack)"""	ZAYN	1646805	91	27	3	-9
101	4cxMGhkinTocPSVVKWIw0d	Losin Control	Russ	1646670	96	25	75	-5
102	20dP2DaMHIAmwWAbp7peSr	pick up the phone	Young Thug	1645470	94	27	44	-8
103	5q5gzmbBS5yQzos2BvVr1t	Nights With You	MØ	1638645	99	8	99	-4
104	0utlOiJy2weVl9WTkcEWHy	Neighbors	J. Cole	1611652	105	25	37	1
105	10M2Ex445zw585Ducldzkw	In Case You Didn't Know	Brett Young	1602897	102	15	102	-3
106	5GFDrUTLGJix84sNhjCG0g	Caroline	Aminé	1592658	98	27	6	-8
107	5yuShbu70mtHXY0yLzCQLQ	Go Flex	Post Malone	1591397	104	27	97	-3
108	6b8Be6ljOzmkOmFslEb23P	24K Magic	Bruno Mars	1590187	107	27	14	-1
109	4PzovBqgnSHKd8opsP7IVM	Everyday We Lit (feat. PnB Rock)	YFN Lucci	1586975	118	13	109	9
110	60APt5N2NRaKWf5xzJdzyC	Heatstroke (feat. Young Thug, Pharrell Williams & Ariana Grande)	Calvin Harris	1582628	nan	6	72	re-enter
111	0QsvXIfqM0zZoerQfsI9lm	Don't Let Me Down	The Chainsmokers	1567965	126	27	43	15
112	6fwdbPMwP1zVStm8FybmkO	X (feat. Future)	21 Savage	1561990	115	27	17	3
113	5GXAXm5YOmYT0kL5jHvYBt	I Feel It Coming	The Weeknd	1552258	106	27	10	-7
114	0ESJlaM8CE1jRWaNtwSNj8	beibs in the trap	Travis Scott	1542220	113	26	106	-1
115	72jbDTw1piOOj770jWNeaG	Paris	The Chainsmokers	1533541	103	25	4	-12
116	0NZUqq4iLQddokgtiC44Kb	PIE	Future	1506697	nan	1	116	new
117	25oOaleife6E2MIKmFkPvg	Relationship (feat. Future)	Young Thug	1506025	89	3	80	-28
118	2ANLarE8yHVsLWW21nj79M	You Was Right	Lil Uzi Vert	1505431	117	27	28	-1
119	2wf9bp4MkChojtljddWpbO	PRBLMS	6LACK	1498974	119	22	100	0
120	4VFE6ZNqa8jHAmbYICoAFg	God, Your Mama, And Me	Florida Georgia Line	1472384	142	7	120	22
121	62vpWI1CHwFy7tMIcSStl8	No Role Modelz	J. Cole	1465316	123	27	71	2
122	6XOYVSmNDjKUNMXooU4s4z	No Vacancy	OneRepublic	1464432	109	8	75	-13
123	5de7ci7TFqbQ1PFgKAD7MR	Horses (with PnB Rock, Kodak Black & A Boogie Wit da Hoodie)	PnB Rock	1460023	124	11	123	1
124	2of5xn0GU0TdFneR1saRLH	To the Max	DJ Khaled	1455338	58	3	58	-66
125	045SnNDjOfOLKM5OxARH4g	Small Town Boy	Dustin Lynch	1450192	146	5	125	21
126	5Q0Nhxo0l2bP3pNjpGJwV1	Party In The U.S.A.	Miley Cyrus	1437748	nan	1	126	new
127	3E2Zh20GDCR9B1EYjfXWyv	Weak	AJR	1437652	147	25	30	20
128	1jQsKN68yE94tMYml0wHMd	Jump Out The Window	Big Sean	1431159	129	12	28	1
129	2Ce5IyMlVRVvN997ZJjJJA	Selfish (feat. Rihanna)	Future	1429353	120	19	24	-9
130	2Z8WuEywRWYTKe1NybPQEW	Ride	Twenty One Pilots	1421655	184	25	65	54
131	3pndPhlQWjuSoXhcIIdBjv	What They Want	Russ	1418437	131	27	117	0
132	7EiZI6JVHllARrX9PUvAdX	Low Life (feat. The Weeknd)	Future	1418090	128	27	59	-4
133	6PCUP3dWmTjcTtXY02oFdT	Castle on the Hill	Ed Sheeran	1417768	130	26	4	-3
134	39pS70eeDvyCAF3t8NAlVV	Good Drank	2 Chainz	1410209	90	15	61	-44
135	4wdZdkEugVVorAfzqRqC6N	Candy Paint	Post Malone	1408412	140	6	135	5
136	6fujklziTHa8uoM5OQSfIo	Black Beatles	Rae Sremmurd	1406310	127	27	5	-9
137	6dVZCbi9CYtD9LjAHXRjIG	Mask Off (feat. Kendrick Lamar) - Remix	Future	1382428	145	3	137	8
138	6QgjcU0zLnzq5OrUoSZ3OK	Feel It Still	Portugal. The Man	1379476	125	3	125	-13
139	3A2OHirUAlQp2x73BJlEDA	Perfect Pint (feat. Kendrick Lamar, Gucci Mane & Rae Sremmurd)	Mike WiLL Made-It	1378428	155	11	119	16
140	3sJHkcxojoJD2Ytbo1yLLF	Two High	Moon Taxi	1375200	180	2	140	40
141	0Fv5N0cHBsl4bzCbollCAS	Moves	Big Sean	1369117	134	27	10	-7
142	1x5sYLZiu9r5E43kMlt9f8	Symphony (feat. Zara Larsson)	Clean Bandit	1367509	116	16	48	-26
143	2YK01AIIWuywG24gsbuizE	Congratulations - Remix	Post Malone	1358418	95	3	95	-48
144	5tFep7dXGd7vEJ668wTPux	Both (feat. Drake)	Gucci Mane	1351168	143	27	38	-1
145	7zVCrzzEJU7u24sbJPXA5W	What Ifs (feat. Lauren Alaina)	Kane Brown	1342624	165	5	145	20
146	0VhgEqMTNZwYL1ARDLLNCX	Can I Be Him	James Arthur	1340001	138	4	138	-8
147	2cnKEkpVUSV4wnjQiTWfH6	Escápate Conmigo	Wisin	1339206	173	4	147	26
148	1qOLh0tI7trd1zdDKxYZTe	Starving	Hailee Steinfeld	1332510	136	27	18	-12
149	4iYRa2btalAzPZoSYfROqF	XXX. FEAT. U2.	Kendrick Lamar	1326294	162	12	8	13
150	3kkObn08oHrNmCFHSNR0jD	Flex Like Ouu	Lil Pump	1326120	149	5	149	-1
151	51PIvodunv6NmX5250zxAh	The Cure	Lady Gaga	1314057	114	12	44	-37
152	2NyrXRn4tancYPW6JwtTl2	From The D To The A (feat. Lil Yachty)	Tee Grizzley	1309657	157	16	100	5
153	7cGFbx7MP0H23iHZTZpqMM	Everybody	Logic	1301717	133	14	26	-20
154	37F0uwRSrdzkBiuj0D5UHI	Reminder	The Weeknd	1300632	159	22	69	5
155	7qs2GAglLWfxEfmO8u2u0A	High Without Your Love	Loote	1284697	177	3	155	22
156	4gqMQftUs22F8pOGVn5Acr	Reminding Me	Shawn Hook	1275552	137	3	129	-19
157	05nbZ1xxVNwUTcGwLbp7CN	Myself	NAV	1271306	153	10	99	-4
158	0afhq8XCExXpqazXczTSve	Galway Girl	Ed Sheeran	1264530	163	18	7	5
159	3pXF1nA74528Edde4of9CC	Don't	Bryson Tiller	1260888	158	27	82	-1
160	07pJdL0L9XDGW0HBj0rIS2	Skateboard P (feat. Big Sean)	MadeinTYO	1254156	168	14	136	8
161	5hYTyyh2odQKphUbMqc5gN	"How Far I'll Go - From ""Moana"""	Alessia Cara	1251811	166	27	20	5
162	5uDASfU19gDxSjW8cnCaBp	Chill Bill (feat. J. Davi$ & Spooks)	Rob $tone	1251166	167	27	19	5
163	6mORGLOz79w6VsCRLWYYuK	The Night We Met	Lord Huron	1247566	150	13	48	-13
164	0BCy325UZyR9z0t0uxwn2N	H.O.L.Y.	Florida Georgia Line	1243505	188	7	164	24
165	5qbcsZMwL0x46sX7VO37Ye	Up	NAV	1242093	135	12	74	-30
166	5GG3knKdxKWrNboRijxeKF	Run Me Dry	Bryson Tiller	1239241	144	6	65	-22
167	2aksifNn5ph8igDOkPBA02	Love On The Brain	Rihanna	1239172	154	27	39	-13
168	2xbI8Vmyv3TkpTdywpPyNw	Selfish	PnB Rock	1224091	175	27	47	7
169	76Y0gxtTxN0FyDCYh5qYQj	Get Right Witcha	Migos	1218936	172	23	33	3
170	6JV2JOEocMgcZxYSZelKcc	"CAN'T STOP THE FEELING! (Original Song from DreamWorks Animation's ""TROLLS"")"	Justin Timberlake	1218212	178	25	56	8
171	43PuMrRfbyyuz4QpZ3oAwN	Exchange	Bryson Tiller	1218040	169	27	84	-2
172	6Pw3Gvw4wNMZfTYZa6IQal	The Way I Are (Dance with Somebody) (feat. Lil Wayne) - Spotify Version	Bebe Rexha	1217304	161	5	135	-11
173	4gmmRb6bZJffOOiww1JGTO	No Heart	21 Savage	1208950	181	27	20	8
174	0bXFIF7iL17TYLyx8JHziM	Patty Cake	Kodak Black	1193862	170	14	139	-4
175	5kNe7PE09d6Kvw5pAsx23n	Die A Happy Man	Thomas Rhett	1192302	nan	2	175	re-enter
176	1eVRnmGhDPATPxz6kqWuCP	Uh Huh	Julia Michaels	1192068	nan	1	176	new
177	0gbBzIqrECJOEPvQJIBFs5	Green Light	Lorde	1185819	112	13	20	-65
178	56kXYt4KRoUq3rzkPdjquB	Audi.	Smokepurpp	1184996	nan	1	178	new
179	248OFOZef6ShXv6DGgbnxU	Saved	Khalid	1182803	176	18	137	-3
180	6mb6lVLNrcUgLnEN8QnDJd	How Far I'll Go	Auli'i Cravalho	1179599	192	14	148	12
181	5C6uh95eAL0RBTSGXKQwvk	Hometown Girl	Josh Turner	1177551	nan	3	149	re-enter
182	4pdPtRcBmOSQDlJ3Fk945m	Let Me Love You	DJ Snake	1175891	nan	22	12	re-enter
183	08Wc3X7XNSyF8WYBPt2L8E	Holiday (feat. Snoop Dogg, John Legend & Takeoff)	Calvin Harris	1174890	nan	1	183	new
184	7iDxZ5Cd0Yg08d4fI5WVtG	Skrt On Me (feat. Nicki Minaj)	Calvin Harris	1172678	nan	1	184	new
185	5hfpu8saHLGedbHRtNCYjm	Trap Paris (feat. Quavo & Ty Dolla $ign)	Machine Gun Kelly	1159394	174	7	112	-11
186	6i0V12jOa3mr6uu4WYhUBr	Heathens	Twenty One Pilots	1155434	186	27	26	0
187	0w3Q14i073jLoew1hgJkwD	Heartache On The Dance Floor	Jon Pardi	1155230	nan	1	187	new
188	5uQOauh47VFt3B2kV9kRXw	My Shit	A Boogie Wit da Hoodie	1152140	nan	12	130	re-enter
189	7EAFj7eJcMF5koWSRJVZcL	The Fighter	Keith Urban	1150479	nan	1	189	new
190	498ZVInMGDkmmNVpSWqHiZ	May We All	Florida Georgia Line	1149722	nan	7	171	re-enter
191	34oWbFBfGEElvgO0a5c9V4	No Flockin'	Kodak Black	1147522	187	25	90	-4
192	7zxRMhXxJMQCeDDg0rKAVo	Some Way	NAV	1145358	183	16	87	-9
193	5knuzwU65gJK7IF5yJsuaW	Rockabye (feat. Sean Paul & Anne-Marie)	Clean Bandit	1137738	182	27	32	-11
194	5OOkp4U9P9oL23maHFHL1h	Panda	Desiigner	1133138	190	27	54	-4
195	0iTCmKvuU1ReULiQB0rI7n	Tone It Down (feat. Chris Brown)	Gucci Mane	1128892	108	2	108	-87
196	1aGOdZZE1uE0m3UYjcl3CP	Rake It Up	Yo Gotti	1126056	nan	1	196	new
197	2RwmsAOxtiRezQPmvyejb8	Ex Calling	6LACK	1123645	193	4	191	-4
198	1HOUzEsetdIPSpAgRPhZQt	Nobody Else but You	Trey Songz	1122679	189	3	189	-9
199	6n3HGiq4v35D6eFOSwqYuo	Teenage Fever	Drake	1122097	185	16	14	-14
200	6DNtNfH8hXkqOX1sjqmI7p	Cold Water (feat. Justin Bieber & MØ)	Major Lazer	1116397	196	17	39	-4
