position	song_id	song_name	artist	streams	last_week_position	weeks_on_chart	peak_position	position_status
1	6uFsE1JgZ20EXyU0JQZbUR	Look What You Made Me Do	Taylor Swift	16985020	nan	1	1	new
2	7GX5flRQZVHRAGd6B4TmDO	XO Tour Llif3	Lil Uzi Vert	9515504	nan	1	2	new
3	7m9OqQk4RVRkw9JJdeAw96	Jocelyn Flores	XXXTENTACION	8676862	nan	1	3	new
4	5eqK0tbzUPo2SoeZsov04s	Bank Account	21 Savage	8527436	1	8	1	-3
5	5tz69p7tJuGPeMGwNTxYuV	1-800-273-8255	Logic	7775976	16	18	5	11
6	2771LMNxwf62FTAdpJMQfM	Bodak Yellow	Cardi B	7435257	5	6	5	-1
7	3B54sVLJ402zGa6Xm4YGNe	Unforgettable	French Montana	7184705	2	8	1	-5
8	7AQim7LbvFVZJE3O8TYgf2	Fuck Love (feat. Trippie Redd)	XXXTENTACION	7029992	nan	1	8	new
9	2eAZfqOm4EnOF9VvN50Tyc	The Way Life Goes (feat. Oh Wonder)	Lil Uzi Vert	6838951	nan	1	9	new
10	5Z3GHaZ6ec9bsiI5BenrbY	Young Dumb & Broke	Khalid	6652147	10	21	10	0
11	7KXjTSCq5nL1LoYtL7XAwS	HUMBLE.	Kendrick Lamar	6411583	8	22	1	-3
12	25C5CowdsfXld2jJanbiex	Sorry Not Sorry	Demi Lovato	6378150	9	8	9	-3
13	1OAh8uOEOvTDqkKFsKksCi	Wild Thoughts (feat. Rihanna & Bryson Tiller)	DJ Khaled	6243334	6	11	2	-7
14	7vGuf3Y35N4wmASOKLUVVU	Silence	Marshmello	6194572	12	3	12	-2
15	3GVkPk8mqxz0itaAriG1L7	Everybody Dies In Their Nightmares	XXXTENTACION	5833910	nan	1	15	new
16	7nZmah2llfvLDiUjm0kiyz	Friends (with BloodPop®)	Justin Bieber	5561642	4	2	4	-12
17	2rb5MvYT7ZIxbKW5hfcHx8	Mi Gente	J Balvin	5507187	11	9	8	-6
18	3a1lNhkSLSkpJE4MSHpDu9	Congratulations	Post Malone	5283811	15	35	5	-3
19	1yxgsra98r3qAtxqiGZPiX	BUTTERFLY EFFECT	Travis Scott	5268275	14	15	9	-5
20	0ofbQMrRDsUaVKq2mGLEAb	Havana	Camila Cabello	5124828	22	4	20	2
21	5CtI0qwDJkDQGwXD1H1cLb	Despacito - Remix	Luis Fonsi	4935245	7	20	1	-14
22	5bcTCxgc7xVfSaMV3RuVke	Feels (feat. Pharrell Williams, Katy Perry & Big Sean)	Calvin Harris	4905814	17	10	9	-5
23	1uL78kFWxhz3umTMWJu8n5	Sauce It Up	Lil Uzi Vert	4849542	nan	1	23	new
24	6EpRaXYhGOB3fj4V2uDkMJ	Strip That Down	Liam Payne	4762775	18	15	13	-6
25	5TXDeTFVRVY7Cvt0Dw4vWW	Revenge	XXXTENTACION	4752140	nan	1	25	new
26	152lZdxL1OR0ZMW6KquMif	Location	Khalid	4658452	19	35	9	-7
27	1QgTBfRN5m81a5K01qens6	444+222	Lil Uzi Vert	4605240	nan	1	27	new
28	6QgjcU0zLnzq5OrUoSZ3OK	Feel It Still	Portugal. The Man	4506293	20	11	20	-8
29	3DXncPQOG4VBw3QHh3S817	I'm the One (feat. Justin Bieber, Quavo, Chance the Rapper & Lil Wayne)	DJ Khaled	4424752	13	14	2	-16
30	2ekn2ttSfGqwhhate0LSR0	New Rules	Dua Lipa	4305994	27	7	27	-3
31	5tRmoZRoupvMYPV1oezFrH	X	Lil Uzi Vert	4233756	nan	1	31	new
32	0q75NwOoFiARAVp4EXU4Bs	Love Galore (feat. Travis Scott)	SZA	4232653	24	16	24	-8
33	7F9vK8hNFMml4GtHsaXui6	Back to You (feat. Bebe Rexha & Digital Farm Animals)	Louis Tomlinson	4194556	28	6	28	-5
34	2H3wWrnO758y0fPH7Ilerg	Depression & Obsession	XXXTENTACION	4193034	nan	1	34	new
35	1e1JKLEDKP7hEQzJfNAgPl	Magnolia	Playboi Carti	4128805	29	19	12	-6
36	4iLqG9SeJSnt0cSPICSjxv	Attention	Charlie Puth	4095224	21	19	16	-15
37	1HTtUBEY3tuw2btgwwI2Ja	I Get The Bag (feat. Migos)	Gucci Mane	3989612	35	2	35	-2
38	2yZax79pOrYuyIFVW2cZY2	Carry On	XXXTENTACION	3981571	nan	1	38	new
39	6gBFPUFcJLzWGx4lenP6h2	goosebumps	Travis Scott	3907280	31	35	16	-8
40	2UwbhMie1EAYuTZ0QXeMwl	Save Me	XXXTENTACION	3862775	nan	1	40	new
41	3HVr6jTVwBHBa2flM0eURR	Glorious (feat. Skylar Grey)	Macklemore	3749536	34	6	30	-7
42	0jdny0dhgjUwoIp5GkqEaA	Praying	Kesha	3736038	23	3	17	-19
43	0CcQNd8CINkwQfe1RDtGV6	Believer	Imagine Dragons	3672341	30	27	11	-13
44	6c7D34787LOtPm8tzhsLgH	Rake It Up	Yo Gotti	3668126	33	8	33	-11
45	6HZILIRieu8S0iqY8kIKhj	DNA.	Kendrick Lamar	3655006	32	20	2	-13
46	3kxfsdsCpFgN412fpnW85Y	Redbone	Childish Gambino	3636160	26	35	9	-20
47	79cuOz3SPQTuFrp8WgftAu	There's Nothing Holdin' Me Back	Shawn Mendes	3609635	44	19	29	-3
48	6H0AwSQ20mo62jGlPGB8S6	It's A Vibe	2 Chainz	3550212	43	18	41	-5
49	40oKW22ZNNkEdZLJTScaQI	Roll In Peace (feat. XXXTENTACION)	Kodak Black	3524438	56	2	49	7
50	6SwRhMLwNqEi6alNPVG00n	LOYALTY. FEAT. RIHANNA.	Kendrick Lamar	3493610	45	20	4	-5
51	0tKcYR2II1VCQWT79i5NrW	Thunder	Imagine Dragons	3486966	38	15	21	-13
52	65kp3OFn7JXbCvkm3m2Ui2	Two®	Lil Uzi Vert	3429849	nan	1	52	new
53	6p8NuHm8uCGnn2Dtbtf7zE	Slippery (feat. Gucci Mane)	Migos	3359065	25	31	21	-28
54	1wjzFQodRWrPcQ0AnYnvQ9	I Like Me Better	Lauv	3356149	39	13	30	-15
55	167NczpNbRF7oWakJaY3Hh	Slow Hands	Niall Horan	3293122	37	17	28	-18
56	3tcoEYOZUHKB3RKNByIN13	For Real	Lil Uzi Vert	3251858	nan	1	56	new
57	5O8x1YlmLQopQHErxtDfi9	UnFazed (feat. The Weeknd)	Lil Uzi Vert	3240337	nan	1	57	new
58	1MJErNPIQUoEMu4YUUmecm	Neon Guts (feat. Pharrell Williams)	Lil Uzi Vert	3172234	nan	1	58	new
59	7mldq42yDuxiUNn08nvzHO	Body Like A Back Road	Sam Hunt	3131688	36	30	15	-23
60	3rOSwuTsUlJp0Pu0MkN8r8	Mask Off	Future	3103994	41	28	2	-19
61	05bnEv2dpFzmGVLGdjD9UP	Orlando	XXXTENTACION	3083834	nan	1	61	new
62	0XLOf9LhyazPX9Ld8jPiUq	Fetish (feat. Gucci Mane)	Selena Gomez	3050531	42	6	15	-20
63	2vQwlW8H1jFveGNXwZfJCV	Dead Inside (Interlude)	XXXTENTACION	3029271	nan	1	63	new
64	6Q2FftbUG530lCtBI74bMH	Drowning (feat. Kodak Black)	A Boogie Wit da Hoodie	3024454	46	21	28	-18
65	7qiZfU4dY1lWllzX7mPBI3	Shape of You	Ed Sheeran	2993063	50	34	1	-15
66	6PGoSes0D9eUDeeAafB2As	LOVE. FEAT. ZACARI.	Kendrick Lamar	2972412	49	20	5	-17
67	0QV16pno66L6K3fn4W13b7	No Sleep Leak	Lil Uzi Vert	2963704	nan	1	67	new
68	2ZdCrBA52bb4pIG3tOOZiQ	Dark Queen	Lil Uzi Vert	2959215	nan	1	68	new
69	3A7qX2QjDlPnazUsRk5y0M	2U (feat. Justin Bieber)	David Guetta	2922674	40	11	8	-29
70	2nYwV62UABTH0NanrwVIdQ	Perplexing Pegasus	Rae Sremmurd	2764135	48	4	37	-22
71	2OALaHcDdKkjYEpAr0Qzab	Lonely Together (feat. Rita Ora)	Avicii	2749189	54	3	54	-17
72	0KKkJNfGyhkQ5aFogxQAPU	That's What I Like	Bruno Mars	2739302	47	35	3	-25
73	5Y3Tj0wJhKAaPbwWxXxZGS	Feelings Mutual	Lil Uzi Vert	2697237	nan	1	73	new
74	57p8CBvPOxrvyCbn6ttl5r	Would You Ever	Skrillex	2630375	52	5	52	-22
75	4xBjsLUSjcx2h7PcRikpQp	OMG	Camila Cabello	2528101	63	4	63	-12
76	20H2Hd5AkUcRjB4yL3UQtJ	Down	Fifth Harmony	2504064	nan	1	76	new
77	2EEeOnHehOozLq4aS0n6SL	iSpy (feat. Lil Yachty)	KYLE	2500999	57	35	2	-20
78	0ZiRSqlSsDlY0UyDYU9CTE	Unforgettable	Thomas Rhett	2476233	58	5	58	-20
79	5xbrhx2tMMcN68IT3cJbhS	Ayala (Outro)	XXXTENTACION	2471537	nan	1	79	new
80	14nAQy3fHVzDb7LKxpS7Ld	Pretty Mami	Lil Uzi Vert	2469460	nan	1	80	new
81	7tr2za8SQg2CI8EDgrdtNl	Slide (feat. Frank Ocean & Migos)	Calvin Harris	2429232	51	23	8	-30
82	5EnYT6F7wEcdege6mDHEfO	Signs	Drake	2362104	55	8	14	-27
83	0ro5QCkSCtbfhMHnvMase3	How to Talk	Lil Uzi Vert	2336027	nan	1	83	new
84	31MkGwj0SWgZaTvEt5Hgxv	What About Us	P!nk	2330689	109	3	84	25
85	0dA2Mk56wEzDgegdC6R17g	Stay (with Alessia Cara)	Zedd	2314594	59	27	12	-26
86	4Km5HrUvYTaSUfiSGPJeQR	Bad and Boujee (feat. Lil Uzi Vert)	Migos	2314371	64	35	1	-22
87	7aF09WaavZAmAWuUeYxlYD	Rich Love (with Seeb)	OneRepublic	2285322	69	7	60	-18
88	5XQMr19TL7Mfksq9zihbOu	Questions	Chris Brown	2238477	80	2	80	-8
89	0VJYhKhrHgJ7fgjGaC2k07	The Explanation	XXXTENTACION	2229634	nan	1	89	new
90	0SGkqnVQo9KPytSri1H6cF	Bounce Back	Big Sean	2195055	66	35	3	-24
91	53mrVsi49rLHIaKBiSvElG	do re mi (feat. Gucci Mane)	blackbear	2194826	70	5	70	-21
92	4Q3N4Ct4zCuIHuZ65E3BD4	Tunnel Vision	Kodak Black	2184618	75	28	5	-17
93	7hDc8b7IXETo14hHIHdnhd	Passionfruit	Drake	2183908	60	24	1	-33
94	3PEgB3fkiojxms35ntsTgs	More Than You Know	Axwell /\ Ingrosso	2172768	67	5	58	-27
95	6WbADFqMvR8N5u0BvtsWQE	Without You (feat. Sandro Cavazza)	Avicii	2170494	62	3	62	-33
96	6kig1UFggPUyZBCvXD3Wod	No Complaints	Metro Boomin	2164370	61	10	39	-35
97	4ARPvK8DHLwt4oX65ZAFMw	Look At Me!	XXXTENTACION	2131050	100	27	26	3
98	7KOlJ92bu51cltsD9KU5I7	T-Shirt	Migos	2065393	72	33	6	-26
99	5uCax9HTNlzGybIStD3vDh	Say You Won't Let Go	James Arthur	2031207	73	35	15	-26
100	3Q3myFA7q4Op95DOpHplaY	do re mi	blackbear	2016433	78	18	30	-22
101	25oOaleife6E2MIKmFkPvg	Relationship (feat. Future)	Young Thug	2012126	96	11	80	-5
102	7i2DJ88J7jQ8K7zqFX2fW8	Now Or Never	Halsey	2008024	71	10	12	-31
103	6RUKPb4LETWmmr3iAEQktW	Something Just Like This	The Chainsmokers	2006819	68	28	2	-35
104	1nX9KhK3Fff27SnrIor2Yb	4 AM	2 Chainz	1997523	53	11	22	-51
105	57nQyFocXZrKvWg5ZPYSoG	Malfunction	Lil Uzi Vert	1987605	nan	1	105	new
106	2O1qYJTA2BI5ypFFqEZhh4	Early 20 Rager	Lil Uzi Vert	1963175	nan	1	106	new
107	7BKLCZ1jbUBVqRi2FVlTVw	Closer	The Chainsmokers	1945148	76	35	4	-31
108	4pdgV8qr9Oytcv6thCdiIZ	RAF	A$AP Mob	1915841	nan	1	108	new
109	1WIZiOuNO3woKfdlSK2gNn	Transportin'	Kodak Black	1912782	167	2	109	58
110	1DRW9bQzt2SE8f7H4KJZyL	Sky Walker (feat. Travis Scott)	Miguel	1905248	nan	1	110	new
111	0NiXXAI876aGImAd6rTj8w	Mama	Jonas Blue	1890062	84	8	66	-27
112	7yyRTcZmCiyzzJlNzGC9Ol	Broccoli (feat. Lil Yachty)	DRAM	1877471	91	35	11	-21
113	7zVCrzzEJU7u24sbJPXA5W	What Ifs (feat. Lauren Alaina)	Kane Brown	1872104	85	13	85	-28
114	2RwmsAOxtiRezQPmvyejb8	Ex Calling	6LACK	1858542	101	12	64	-13
115	0xG0SHshCStMEyNbNC5d4k	Issues	Julia Michaels	1855218	81	4	73	-34
116	6gU9OKjOE7ghfEd55oRO57	The Weekend	SZA	1841976	112	7	112	-4
117	5RCfvwDewu6p2x1mEI6smX	The Race	Tay-K	1835062	93	3	93	-24
118	4aWmUDTfIPGksMNLV2rQP2	Despacito (Featuring Daddy Yankee)	Luis Fonsi	1834340	86	32	32	-32
119	0lMbuWUpfTWhEmOKxppEau	Rollin (feat. Future & Khalid)	Calvin Harris	1824638	79	12	16	-40
120	59J5nzL1KniFHnU120dQzt	wokeuplikethis*	Playboi Carti	1819377	88	20	54	-32
121	0B8QzDH7YWih85V5SEMnyJ	Money Longer	Lil Uzi Vert	1803334	110	35	73	-11
122	5hTpBe8h35rJ67eAWHQsJx	Caroline	Aminé	1796645	87	5	82	-35
123	2mfUa8bLs2s5N4VaqJZ4lZ	Most Girls	Hailee Steinfeld	1792295	65	18	56	-58
124	6mapJIPnQ23RTAevUoE0DL	Swang	Rae Sremmurd	1779945	83	35	23	-41
125	1louJpMmzEicAn7lzDalPW	No Promises (feat. Demi Lovato)	Cheat Codes	1776210	82	22	52	-43
126	0RYXEibxMami3QuT8kn4Iz	Marmalade (feat. Lil Yachty)	Macklemore	1762332	74	5	74	-52
127	5yuShbu70mtHXY0yLzCQLQ	Go Flex	Post Malone	1747643	104	35	97	-23
128	2bjwRfXMk4uRgOD9IBYl9h	Portland	Drake	1742155	89	24	2	-39
129	76lgcpdPtw5hHu3A6LuGZe	Small Town Boy	Dustin Lynch	1733025	90	3	90	-39
130	3eR23VReFzcdmS7TYCrhCe	It Ain't Me (with Selena Gomez)	Kygo	1728602	98	27	3	-32
131	1sCxVKWImDZSZKvG0U9B23	Bad Liar	Selena Gomez	1727477	92	15	8	-39
132	3NdDpSvN911VPGivFlV5d0	"I Don’t Wanna Live Forever (Fifty Shades Darker) - From ""Fifty Shades Darker (Original Motion Picture Soundtrack)"""	ZAYN	1723738	128	35	3	-4
133	343YBumqHu19cGoGARUTsd	Fake Love	Drake	1720455	95	35	2	-38
134	4c2W3VKsOFoIg2SFaO6DY5	Your Song	Rita Ora	1717765	107	13	80	-27
135	0ESJlaM8CE1jRWaNtwSNj8	beibs in the trap	Travis Scott	1711292	115	34	97	-20
136	3muBQDekYAg7jm6hDu6R0Z	First Day Out	Tee Grizzley	1708015	113	29	79	-23
137	7cGFbx7MP0H23iHZTZpqMM	Everybody	Logic	1689581	161	22	26	24
138	5aAx2yezTd8zXrkmtKl66Z	Starboy	The Weeknd	1684099	97	35	3	-41
139	1EaKU4dMbesXXd3BrLCtYG	ELEMENT.	Kendrick Lamar	1660115	105	20	3	-34
140	0m2orA1i5lLZUOt9XLwSd0	He Like That	Fifth Harmony	1659309	nan	1	140	new
141	4wdZdkEugVVorAfzqRqC6N	Candy Paint	Post Malone	1654818	118	14	118	-23
142	6eT7xZZlB2mwyzJ2sUKG6w	White Iverson	Post Malone	1648290	106	35	77	-36
143	0qYTZCo5Bwh1nsUFGZP3zn	Felices los 4	Maluma	1648151	99	17	84	-44
144	4PzovBqgnSHKd8opsP7IVM	Everyday We Lit (feat. PnB Rock)	YFN Lucci	1634249	102	21	101	-42
145	5bgwqaRSS3M8WHWruHgSL5	8TEEN	Khalid	1607369	141	9	141	-4
146	6kex4EBAj0WHXDKZMEJaaF	Swalla (feat. Nicki Minaj & Ty Dolla $ign)	Jason Derulo	1599133	103	26	35	-43
147	20dP2DaMHIAmwWAbp7peSr	pick up the phone	Young Thug	1594186	114	35	44	-33
148	2ANLarE8yHVsLWW21nj79M	You Was Right	Lil Uzi Vert	1590709	134	35	28	-14
149	6xHI9KjUjYT0FPtGO8Mxa1	Hurricane	Luke Combs	1584309	108	24	85	-41
150	2jYmK1cb3Uya6FFsocdpzO	Why	Sabrina Carpenter	1574603	116	5	115	-34
151	248OFOZef6ShXv6DGgbnxU	Saved	Khalid	1563064	135	26	135	-16
152	2habSXqcJGExM6JJyskY7O	Malibu	Miley Cyrus	1541078	129	16	7	-23
153	6fwdbPMwP1zVStm8FybmkO	X (feat. Future)	21 Savage	1528034	120	35	17	-33
154	0v9Wz8o0BT8DU38R4ddjeH	No Problem (feat. Lil Wayne & 2 Chainz)	Chance the Rapper	1524409	117	35	24	-37
155	2wf9bp4MkChojtljddWpbO	PRBLMS	6LACK	1524091	121	30	100	-34
156	4cxMGhkinTocPSVVKWIw0d	Losin Control	Russ	1516426	119	33	75	-37
157	1xznGGDReH1oQq0xzbwXa3	One Dance	Drake	1504222	124	35	13	-33
158	1CKd1PnqfYx0H12V9MSaIY	Get Low (with Liam Payne)	Zedd	1495978	131	8	51	-27
159	4dVpf9jZjcORqGTLUaeYj9	Plain Jane	A$AP Ferg	1495232	nan	1	159	new
160	62vpWI1CHwFy7tMIcSStl8	No Role Modelz	J. Cole	1489032	122	35	71	-38
161	05nbZ1xxVNwUTcGwLbp7CN	Myself	NAV	1464681	132	18	99	-29
162	1tyjWMMINb9S0YBynTvJ7s	No Flag	London On Da Track	1461393	nan	1	162	new
163	0w3Q14i073jLoew1hgJkwD	Heartache On The Dance Floor	Jon Pardi	1458130	123	9	123	-40
164	6De0lHrwBfPfrhorm9q1Xl	Me Rehúso	Danny Ocean	1438667	174	6	164	10
165	3pndPhlQWjuSoXhcIIdBjv	What They Want	Russ	1437322	138	35	117	-27
166	0OlS52TmtK2gPaEtdmr7DN	No Such Thing as a Broken Heart	Old Dominion	1416929	nan	1	166	new
167	0pSBuHjILhNEo55xK1zrRt	Rolex	Ayo & Teo	1415761	127	30	37	-40
168	6zLdXcmvIxnAXpz9sXFnIE	Craving You	Thomas Rhett	1408914	126	14	66	-42
169	2cnKEkpVUSV4wnjQiTWfH6	Escápate Conmigo	Wisin	1406063	130	12	115	-39
170	0G149jkGWKwrPXUGkEDgWM	Numb	21 Savage	1405390	94	8	42	-76
171	37F0uwRSrdzkBiuj0D5UHI	Reminder	The Weeknd	1392305	169	30	69	-2
172	74ODGXs4byLTRdnKGM4s6E	Super Far	LANY	1390505	136	8	117	-36
173	6b8Be6ljOzmkOmFslEb23P	24K Magic	Bruno Mars	1384917	153	35	14	-20
174	65MOTX6uSFAnqXl7dlAuId	Tell Me You Love Me	Demi Lovato	1380206	nan	1	174	new
175	3LyNsopPP3hXf8bZBE7cDk	Please Shut Up	A$AP Mob	1373688	nan	1	175	new
176	1mMLMZYXkMueg65jRRWG1l	When It Rains It Pours	Luke Combs	1369358	148	3	148	-28
177	6jA8HL9i4QGzsj6fjoxp8Y	There for You	Martin Garrix	1358425	77	14	32	-100
178	0iTCmKvuU1ReULiQB0rI7n	Tone It Down (feat. Chris Brown)	Gucci Mane	1357276	142	7	108	-36
179	0utlOiJy2weVl9WTkcEWHy	Neighbors	J. Cole	1357088	140	33	37	-39
180	3zoYkqS4y2BsGVShPL2nTE	Reggaetón Lento (Remix)	CNCO	1345102	nan	1	180	new
181	6UjfByV1lDLW0SOVQA4NAi	Gyalchester	Drake	1340139	144	24	6	-37
182	5de7ci7TFqbQ1PFgKAD7MR	Horses (with PnB Rock, Kodak Black & A Boogie Wit da Hoodie)	PnB Rock	1337236	151	19	120	-31
183	0bXFIF7iL17TYLyx8JHziM	Patty Cake	Kodak Black	1318104	171	18	139	-12
184	5GG3knKdxKWrNboRijxeKF	Run Me Dry	Bryson Tiller	1318050	158	14	65	-26
185	7zFXmv6vqI4qOt4yGf3jYZ	Get You (feat. Kali Uchis)	Daniel Caesar	1315181	nan	1	185	new
186	56kXYt4KRoUq3rzkPdjquB	Audi.	Smokepurpp	1307167	147	9	132	-39
187	15EPc80XuFrb2LmOzGjuRg	Crew (feat. Brent Faiyaz & Shy Glizzy)	GoldLink	1301212	149	6	149	-38
188	10M2Ex445zw585Ducldzkw	In Case You Didn't Know	Brett Young	1299653	146	23	102	-42
189	3Ytr1SUCUi6J3L9dRFx5iH	Know No Better (feat. Travis Scott, Camila Cabello & Quavo)	Major Lazer	1298999	125	13	36	-64
190	0WQcnrsEqrY2e5nexGe3HX	Walk On Water	A$AP Mob	1287433	nan	1	190	new
191	4CHp6dRZTeFAu4bSOxfH7Y	Boss	Lil Pump	1279217	184	2	184	-7
192	6875MeXyCW0wLyT72Eetmo	Starving	Hailee Steinfeld	1278971	nan	1	192	new
193	4U9arGcc4ATa7shChhLQP0	Walk On Water	Thirty Seconds To Mars	1275694	nan	1	193	new
194	6PCUP3dWmTjcTtXY02oFdT	Castle on the Hill	Ed Sheeran	1274875	163	34	4	-31
195	5GXAXm5YOmYT0kL5jHvYBt	I Feel It Coming	The Weeknd	1274401	156	35	10	-39
196	0tgVpDi06FyKpA1z0VMD4v	Perfect	Ed Sheeran	1261280	196	18	15	0
197	0Z9HQ8YvHqdeOjTwsR3cS7	Two High	Moon Taxi	1259729	nan	1	197	new
198	6yr8GiTHWvFfi4o6Q5ebdT	'Till I Collapse	Eminem	1253227	165	19	155	-33
199	7zxRMhXxJMQCeDDg0rKAVo	Some Way	NAV	1251791	168	24	87	-31
200	21yRtB6B8EMounImAfHRCP	Who Dat Boy (feat. A$AP Rocky)	Tyler, The Creator	1246276	150	6	47	-50
