position	song_id	song_name	artist	streams	last_week_position	weeks_on_chart	peak_position	position_status
1	7wGoVu4Dady5GV0Sv4UIsx	rockstar	Post Malone	12623579	1	9	1	0
2	43ZyHQITOjhciSUUNPVRHc	Gucci Gang	Lil Pump	8681449	2	9	2	0
3	75ZvA4QfFiZvzhj2xkaWAh	I Fall Apart	Post Malone	7334983	3	12	2	0
4	42CeaId2XNlxugDvyqHfDf	Candy Paint	Post Malone	6958753	5	7	4	1
5	1bhUWB0zJMIKr9yVPrkEuI	Perfect Duet (Ed Sheeran & Beyoncé)	Ed Sheeran	6885683	nan	1	5	new
6	7sO5G9EABYOXQKNPNiE9NR	Ric Flair Drip (& Metro Boomin)	Offset	6704101	6	6	6	0
7	2Xqd0wUttjueBfdcltADOv	No Limit	G-Eazy	6209107	7	13	5	0
8	0ofbQMrRDsUaVKq2mGLEAb	Havana	Camila Cabello	6066445	4	18	4	-4
9	0bYg9bo50gSsH3LtXe2SQn	All I Want for Christmas Is You	Mariah Carey	5984865	19	4	9	10
10	3YU6vJbjYUG0tiJyXf9x5V	Him & I	G-Eazy	5909702	nan	1	10	new
11	4dVpf9jZjcORqGTLUaeYj9	Plain Jane	A$AP Ferg	5786787	8	15	8	-3
12	2fQrGHiQOvpL9UgPvtYy6G	Bank Account	21 Savage	5763001	9	11	3	-3
13	1mXVgsBdtIVeCLJnSnmtdV	Too Good At Goodbyes	Sam Smith	5745437	10	5	3	-3
14	6mrKP2jyIQmM0rw6fQryjr	Let You Down	NF	5384553	17	8	14	3
15	7EmGUiUaOSGDnUUQUDrOXC	Wolves	Selena Gomez	5345455	11	7	5	-4
16	7GX5flRQZVHRAGd6B4TmDO	XO Tour Llif3	Lil Uzi Vert	5240052	14	15	2	-2
17	3ncgNpxLoBQ65ABk4djDyd	PICK IT UP (feat. A$AP Rocky)	Famous Dex	5081987	27	6	17	10
18	5Z3GHaZ6ec9bsiI5BenrbY	Young Dumb & Broke	Khalid	5006784	16	35	6	-2
19	5tz69p7tJuGPeMGwNTxYuV	1-800-273-8255	Logic	4935241	15	32	1	-4
20	0tgVpDi06FyKpA1z0VMD4v	Perfect	Ed Sheeran	4909610	13	31	13	-7
21	1XRgIKC5TPwo7nWGyKqgG0	I Get the Bag (feat. Migos)	Gucci Mane	4738800	18	8	7	-3
22	1YZfcVLbbJwfizR5cDOp3q	MotorSport	Migos	4721271	12	6	9	-10
23	3a1lNhkSLSkpJE4MSHpDu9	Congratulations	Post Malone	4634063	21	49	5	-2
24	3hBBKuWJfxlIlnd9QFoC8k	What Lovers Do (feat. SZA)	Maroon 5	4502480	20	5	9	-4
25	6NWl2m8asvH83xjuXVNsuG	Betrayed	Lil Xan	4492879	28	7	25	3
26	2ekn2ttSfGqwhhate0LSR0	New Rules	Dua Lipa	4474952	22	21	20	-4
27	7iDa6hUg2VgEL1o1HjmfBn	Meant to Be (feat. Florida Georgia Line)	Bebe Rexha	4334154	23	13	23	-4
28	7vGuf3Y35N4wmASOKLUVVU	Silence	Marshmello	4221559	24	17	10	-4
29	5AEtlRudpgdT5FtNiuly6Y	Let Me Go (with Alesso, Florida Georgia Line & watt)	Hailee Steinfeld	4203112	25	12	25	-4
30	7KXjTSCq5nL1LoYtL7XAwS	HUMBLE.	Kendrick Lamar	4062855	32	36	1	2
31	2771LMNxwf62FTAdpJMQfM	Bodak Yellow	Cardi B	4038226	26	20	3	-5
32	7y9iMe8SOB6z3NoHE2OfXl	Bad At Love	Halsey	4037943	30	17	25	-2
33	5u6vkDnOyaf8LsteDAj2ub	Ghostface Killers	21 Savage	3944194	29	6	8	-4
34	40oKW22ZNNkEdZLJTScaQI	Roll In Peace (feat. XXXTENTACION)	Kodak Black	3815852	31	16	24	-3
35	3T7dNA7O8c3Axj5WyDNcH3	Rockin' Around The Christmas Tree - Single Version	Brenda Lee	3776506	44	3	35	9
36	1yxgsra98r3qAtxqiGZPiX	BUTTERFLY EFFECT	Travis Scott	3776487	33	29	9	-3
37	4DTpngLjoHj5gFxEZFeD3J	Codeine Dreaming (feat. Lil Wayne)	Kodak Black	3709387	48	2	37	11
38	6PGoSes0D9eUDeeAafB2As	LOVE. FEAT. ZACARI.	Kendrick Lamar	3632643	39	34	5	1
39	6gBFPUFcJLzWGx4lenP6h2	goosebumps	Travis Scott	3618964	36	49	16	-3
40	7m9OqQk4RVRkw9JJdeAw96	Jocelyn Flores	XXXTENTACION	3548369	34	15	3	-6
41	790MhTXPFrYkrqCKvpg4t1	Wanted You (feat. Lil Uzi Vert)	NAV	3521339	38	4	38	-3
42	3m660poUr1chesgkkjQM7P	Sorry Not Sorry	Demi Lovato	3504799	37	10	11	-5
43	3B54sVLJ402zGa6Xm4YGNe	Unforgettable	French Montana	3441027	35	22	1	-8
44	152lZdxL1OR0ZMW6KquMif	Location	Khalid	3412330	43	49	9	-1
45	7AQim7LbvFVZJE3O8TYgf2	Fuck Love (feat. Trippie Redd)	XXXTENTACION	3402876	41	15	8	-4
46	0tKcYR2II1VCQWT79i5NrW	Thunder	Imagine Dragons	3373818	42	29	21	-4
47	5WoaF1B5XIEnWfmb5NZikf	Sky Walker (feat. Travis Scott)	Miguel	3348975	nan	1	47	new
48	2eAZfqOm4EnOF9VvN50Tyc	The Way Life Goes (feat. Oh Wonder)	Lil Uzi Vert	3340056	40	15	8	-8
49	2FRnf9qhLbvw8fu4IBXx78	Last Christmas	Wham!	3157842	59	3	49	10
50	6p8NuHm8uCGnn2Dtbtf7zE	Slippery (feat. Gucci Mane)	Migos	3090988	47	45	21	-3
51	0taOCiup4HNG9LmbduVlJj	Rubbin Off The Paint	YBN Nahmir	3034185	51	6	51	0
52	2vjmyyAnDUzilFYxOlTdO1	GUMMO	6ix9ine	3020079	58	4	52	6
53	32DGGj6KlNuBr6WaqRxpxi	How Long	Charlie Puth	2992350	45	9	39	-8
54	4IdXngKo4g5exqZ0fQTecu	Jingle Bell Rock	Anita Kerr Singers	2978641	61	3	54	7
55	5hslUAKq9I9CG2bAulFkHN	It's the Most Wonderful Time of the Year	Andy Williams	2961201	54	3	54	-1
56	1f5cbQtDrykjarZVrShaDI	Drowning (feat. Kodak Black)	A Boogie Wit da Hoodie	2913978	46	10	21	-10
57	2xmrfQpmS2iJExTlklLoAL	I Miss You (feat. Julia Michaels)	Clean Bandit	2865835	57	6	57	0
58	1zsG4eaZmkA1dvjDDsAGLK	Échame La Culpa	Luis Fonsi	2762349	56	3	52	-2
59	1P17dC1amhFzptugyAO7Il	Look What You Made Me Do	Taylor Swift	2760091	nan	1	59	new
60	0OI7AFifLSoGzpb8bdBLLV	Home (with Machine Gun Kelly, X Ambassadors & Bebe Rexha)	Machine Gun Kelly	2706078	87	2	60	27
61	2yLa0QULdQr0qAIvVwN6B5	...Ready For It?	Taylor Swift	2704347	nan	1	61	new
62	65Q2mv3UlVi9eO70OpsmSe	A Holly Jolly Christmas - Single Version	Burl Ives	2697971	76	2	62	14
63	1j4kHkkpqZRBwE0A4CN4Yv	Dusk Till Dawn - Radio Edit	ZAYN	2697003	49	13	15	-14
64	5yuShbu70mtHXY0yLzCQLQ	Go Flex	Post Malone	2690087	53	49	24	-11
65	4knL4iPxPOZjQzTUlELGSY	Rake It Up	Yo Gotti	2573739	50	6	37	-15
66	2x0WlnmfG39ZuDmstl9xfX	End Game	Taylor Swift	2539962	nan	1	66	new
67	6QgjcU0zLnzq5OrUoSZ3OK	Feel It Still	Portugal. The Man	2539056	52	25	17	-15
68	4pYZLpX23Vx8rwDpJCpPTA	New Freezer (feat. Kendrick Lamar)	Rich The Kid	2501090	66	10	66	-2
69	6HZILIRieu8S0iqY8kIKhj	DNA.	Kendrick Lamar	2481006	67	34	2	-2
70	299lFlaAsNQdgbIZNPmIA0	Christmas Time Is Here - Vocal	Vince Guaraldi Trio	2456027	99	2	70	29
71	5RCfvwDewu6p2x1mEI6smX	The Race	Tay-K	2434251	55	15	35	-16
72	1Qg9jWGDkKAGZXj5v2OG59	Wait	Maroon 5	2433133	60	4	60	-12
73	7inXu0Eaeg02VsM8kHNvzM	Let It Snow! Let It Snow! Let It Snow! (with The B. Swanson Quartet)	Frank Sinatra	2426884	79	2	73	6
74	4so0Wek9Ig1p6CRCHuINwW	White Christmas	Bing Crosby	2419671	95	2	74	21
75	3kxfsdsCpFgN412fpnW85Y	Redbone	Childish Gambino	2411030	71	49	9	-4
76	7qiZfU4dY1lWllzX7mPBI3	Shape of You	Ed Sheeran	2405684	73	48	1	-3
77	0CcQNd8CINkwQfe1RDtGV6	Believer	Imagine Dragons	2327129	65	41	11	-12
78	5humEOJehpAwMJEJmb0JJ2	The Christmas Song (Merry Christmas To You)	Nat King Cole	2273324	97	2	78	19
79	3whrwq4DtvucphBPUogRuJ	Havana - Remix	Camila Cabello	2260778	62	3	50	-17
80	5gx2E5aIXMRBellPZW1up5	Pills & Automobiles (feat. Yo Gotti, A Boogie Wit Da Hoodie & Kodak Black)	Chris Brown	2247430	78	6	78	-2
81	1e1JKLEDKP7hEQzJfNAgPl	Magnolia	Playboi Carti	2241878	69	33	12	-12
82	0VgkVdmE4gld66l8iyGjgx	Mask Off	Future	2234253	84	5	73	2
83	0q75NwOoFiARAVp4EXU4Bs	Love Galore (feat. Travis Scott)	SZA	2231391	75	30	24	-8
84	25oOaleife6E2MIKmFkPvg	Relationship (feat. Future)	Young Thug	2228331	64	25	55	-20
85	4svZDCRz4cJoneBpjpx8DJ	I Did Something Bad	Taylor Swift	2226600	nan	1	85	new
86	6eT7xZZlB2mwyzJ2sUKG6w	White Iverson	Post Malone	2225315	70	49	66	-16
87	1ZY1PqizIl78geGM4xWlEA	Gorgeous	Taylor Swift	2224671	nan	1	87	new
88	1WIZiOuNO3woKfdlSK2gNn	Transportin'	Kodak Black	2215790	72	16	37	-16
89	7Ed6BkggCS2KaKY5YlINaF	MIC Drop (feat. Desiigner) [Steve Aoki Remix]	BTS	2200101	68	2	68	-21
90	1hvpDAxZPKjKztOc72sv06	Do They Know It's Christmas? - 1984 Version	Band Aid	2167823	100	2	90	10
91	4cxMGhkinTocPSVVKWIw0d	Losin Control	Russ	2149370	81	47	75	-10
92	1uL78kFWxhz3umTMWJu8n5	Sauce It Up	Lil Uzi Vert	2140151	74	15	23	-18
93	3QiAAp20rPC3dcAtKtMaqQ	Blue Christmas	Elvis Presley	2138995	114	2	93	21
94	1R0a2iXumgCiFb7HEZ7gUE	Don’t Blame Me	Taylor Swift	2134500	nan	1	94	new
95	6NFyWDv5CjfwuzoCkw47Xf	Delicate	Taylor Swift	2124816	nan	1	95	new
96	4tHqQMWSqmL6YjXwsqthDI	Carol of the Bells	Mykola Dmytrovych Leontovych	2104091	115	2	96	19
97	2rb5MvYT7ZIxbKW5hfcHx8	Mi Gente	J Balvin	2074284	77	23	8	-20
98	7mldq42yDuxiUNn08nvzHO	Body Like A Back Road	Sam Hunt	2067917	80	44	15	-18
99	4iLqG9SeJSnt0cSPICSjxv	Attention	Charlie Puth	2062958	83	33	16	-16
100	6GNifiuBPrKFpwNBYnooFm	The Way Life Goes (feat. Nicki Minaj & Oh Wonder) - Remix	Lil Uzi Vert	2059785	88	5	62	-12
101	2z4pcBLQXF2BXKFvd0BuB6	Tip Toe (feat. French Montana)	Jason Derulo	2058451	91	3	91	-10
102	1GwMQaZz6Au3QLDbjbMdme	Call It What You Want	Taylor Swift	2020196	nan	1	102	new
103	3GVkPk8mqxz0itaAriG1L7	Everybody Dies In Their Nightmares	XXXTENTACION	1979974	86	15	15	-17
104	5VEuraNSVxMTzDTtrmL3lQ	Winter Wonderland	Bing Crosby	1969503	130	2	104	26
105	5CtI0qwDJkDQGwXD1H1cLb	Despacito - Remix	Luis Fonsi	1969097	92	34	1	-13
106	6IeK3Ap5m3HabwJxgI6eSE	It's Beginning to Look a Lot Like Christmas (with Mitchell Ayres & His Orchestra)	Perry Como	1956436	123	2	106	17
107	1ADjWm8QNhgNV8yCNNgQ1T	Santa Tell Me	Ariana Grande	1955002	147	2	107	40
108	6H0AwSQ20mo62jGlPGB8S6	It's A Vibe	2 Chainz	1946680	89	32	41	-19
109	2EEeOnHehOozLq4aS0n6SL	iSpy (feat. Lil Yachty)	KYLE	1933994	101	49	2	-8
110	7taXf5odg9xCAZERYfyOkS	Feliz Navidad	José Feliciano	1917355	136	2	110	26
111	5uCax9HTNlzGybIStD3vDh	Say You Won't Let Go	James Arthur	1910103	93	49	15	-18
112	32OWobmyAz8J2qA8iWekyS	Mistletoe	Justin Bieber	1903294	139	2	112	27
113	0lLdorYw7lVrJydTINhWdI	It's Beginning to Look a Lot like Christmas	Michael Bublé	1888621	108	2	108	-5
114	6gU9OKjOE7ghfEd55oRO57	The Weekend	SZA	1872920	94	21	92	-20
115	3DXncPQOG4VBw3QHh3S817	I'm the One (feat. Justin Bieber, Quavo, Chance the Rapper & Lil Wayne)	DJ Khaled	1869353	106	28	2	-9
116	4Km5HrUvYTaSUfiSGPJeQR	Bad and Boujee (feat. Lil Uzi Vert)	Migos	1837987	109	49	1	-7
117	2nUJvBO87SkxCViQsLc9Zr	Man's Not Hot	Big Shaq	1827387	198	4	117	81
118	0Zbbxnx4SGGHoIow4PpISP	Stargazing	Kygo	1821055	90	11	51	-28
119	4Q3N4Ct4zCuIHuZ65E3BD4	Tunnel Vision	Kodak Black	1810524	104	42	5	-15
120	0SGkqnVQo9KPytSri1H6cF	Bounce Back	Big Sean	1802558	119	49	3	-1
121	2Za1AlJNvksouPPWbXpR2X	Good Old Days (feat. Kesha)	Macklemore	1801165	103	11	70	-18
122	6EpRaXYhGOB3fj4V2uDkMJ	Strip That Down	Liam Payne	1790704	107	29	13	-15
123	7hDc8b7IXETo14hHIHdnhd	Passionfruit	Drake	1779863	125	38	1	2
124	6sn8WaooLLVhQvU96wtEAm	Save That Shit	Lil Peep	1768969	138	3	57	14
125	0KKkJNfGyhkQ5aFogxQAPU	That's What I Like	Bruno Mars	1763864	122	49	3	-3
126	1wjzFQodRWrPcQ0AnYnvQ9	I Like Me Better	Lauv	1761112	105	27	30	-21
127	62vpWI1CHwFy7tMIcSStl8	No Role Modelz	J. Cole	1756070	126	49	71	-1
128	15EPc80XuFrb2LmOzGjuRg	Crew (feat. Brent Faiyaz & Shy Glizzy)	GoldLink	1755210	113	20	113	-15
129	5Htb1uFQ1KrkFXlefS8oGj	Tell Me You Love Me	Demi Lovato	1752374	nan	1	129	new
130	6SwRhMLwNqEi6alNPVG00n	LOYALTY. FEAT. RIHANNA.	Kendrick Lamar	1751366	117	34	4	-13
131	7zVCrzzEJU7u24sbJPXA5W	What Ifs (feat. Lauren Alaina)	Kane Brown	1747953	96	27	50	-35
132	0jdny0dhgjUwoIp5GkqEaA	Praying	Kesha	1747730	98	17	17	-34
133	2pnPe4pJtq7689i5ydzvJJ	Run Rudolph Run - Single Version	Chuck Berry	1741329	151	2	133	18
134	4hXAK3mjFVFOOiJQ3rKAXi	Rudolph The Red-Nosed Reindeer	Burl Ives	1722158	181	2	134	47
135	59J5nzL1KniFHnU120dQzt	wokeuplikethis*	Playboi Carti	1701121	118	34	54	-17
136	2rE9TX3VQ0WNt7kziFhKep	Homemade Dynamite - REMIX	Lorde	1697918	116	3	96	-20
137	38yBBH2jacvDxrznF7h08J	Slow Hands	Niall Horan	1697652	112	7	48	-25
138	0OlnLZY4cmQzT6ZGttvWBM	So Far Away (feat. Jamie Scott & Romy Dya)	Martin Garrix	1694208	nan	1	138	new
139	5b2QnYcT9rQIkhRWt4HztQ	Walk On Water (feat. Beyoncé)	Eminem	1692003	82	4	11	-57
140	0VE4kBnHJUgtMf0dy6DRmW	Getaway Car	Taylor Swift	1685872	nan	1	140	new
141	4eqne0oIdt9GW2ubiliny0	"Have Yourself A Merry Little Christmas - ""Meet Me In St. Louis"" Original Cast Recording"	Judy Garland	1681185	nan	1	141	new
142	0ESJlaM8CE1jRWaNtwSNj8	beibs in the trap	Travis Scott	1676876	124	48	97	-18
143	1foCxQtxBweJtZmdxhEHVO	Santa Baby (with Henri René & His Orchestra)	Eartha Kitt	1656062	150	2	143	7
144	7KOlJ92bu51cltsD9KU5I7	T-Shirt	Migos	1655051	133	47	6	-11
145	4gavOCQdZ2g86gkvi17FM7	Wonderful Christmastime - Remastered 2011 / Edited Version	Paul McCartney	1652605	178	2	145	33
146	6eYxmK9fdL4hwLnXG2zY3s	Look At Me!	XXXTENTACION	1636816	nan	1	146	new
147	550rQQCGkrTzvp4SfpOPzx	Hallelujah	Pentatonix	1630658	173	2	147	26
148	7DsX5K72fewVGb47qj7Tbg	Pray	Sam Smith	1628431	85	5	33	-63
149	3Ga6eKrUFf12ouh9Yw3v2D	Downtown	Anitta	1625418	127	2	127	-22
150	68m6iwhKElLTBaGRG1LLwE	Get It Right (feat. MØ)	Diplo	1618084	121	2	121	-29
151	0CokSRCu5hZgPxcZBaEzVE	Glorious (feat. Skylar Grey)	Macklemore	1616088	110	11	20	-41
152	3Q3myFA7q4Op95DOpHplaY	do re mi	blackbear	1597847	134	32	30	-18
153	07NxDD1iKCHbAldceD7QLP	This Is Why We Can't Have Nice Things	Taylor Swift	1595842	nan	1	153	new
154	2OALaHcDdKkjYEpAr0Qzab	Lonely Together (feat. Rita Ora)	Avicii	1588456	128	17	54	-26
155	1OAh8uOEOvTDqkKFsKksCi	Wild Thoughts (feat. Rihanna & Bryson Tiller)	DJ Khaled	1586565	132	25	2	-23
156	6M0IsaUX4GNyto4niSegfI	No Option	Post Malone	1586157	143	12	113	-13
157	3muBQDekYAg7jm6hDu6R0Z	First Day Out	Tee Grizzley	1563535	146	43	79	-11
158	7F5oktn5YOsR9eR5YsFtqb	New Year’s Day	Taylor Swift	1554797	nan	1	158	new
159	1m8WpLYXEiNVZchsWEcCSy	Come Through and Chill (feat. J. Cole & Salaam Remi)	Miguel	1552391	nan	1	159	new
160	4AtZRwSR8BOTTQg5ihSggt	PRBLMS	6LACK	1549978	137	4	129	-23
161	5aAx2yezTd8zXrkmtKl66Z	Starboy	The Weeknd	1537243	152	49	3	-9
162	7EI6Iki24tBHAMxtb4xQN2	Anywhere	Rita Ora	1536855	nan	1	162	new
163	6oVxXO5oQ4pTpO8RSnkzvv	Dress	Taylor Swift	1535187	nan	1	163	new
164	5xlS0QkVrSH7ssEbBgBzbM	Little Saint Nick - 1991 Remix	The Beach Boys	1531231	nan	1	164	new
165	3zJw3rugfpVrmBeDDnUYzy	Happy Xmas (War Is Over) - Remastered	John Lennon	1530267	179	2	165	14
166	7HuBDWi18s4aJM8UFnNheH	King Of My Heart	Taylor Swift	1515508	nan	1	166	new
167	4QX5pZQpQTgVlkqfUTDim0	Silver Bells	Dean Martin	1515124	nan	1	167	new
168	19EnyPZhNPbRoCxAuv5pKD	Pineapple Skies	Miguel	1509222	nan	1	168	new
169	22nyEAEM29tcBRhukR089b	Icon	Jaden	1498002	120	2	120	-49
170	5uu28fUesZMl89lf9CLrgN	Feels Great (feat. Fetty Wap & CVBZ)	Cheat Codes	1494153	142	8	85	-28
171	5hTpBe8h35rJ67eAWHQsJx	Caroline	Aminé	1492828	171	19	82	0
172	79cuOz3SPQTuFrp8WgftAu	There's Nothing Holdin' Me Back	Shawn Mendes	1491870	148	33	29	-24
173	2LBqCSwhJGcFQeTHMVGwy3	Die For You	The Weeknd	1485202	164	16	79	-9
174	05nbZ1xxVNwUTcGwLbp7CN	Myself	NAV	1485142	153	32	99	-21
175	1rsAFUCa6BVMgRQ3FCQQsi	Boss	Lil Pump	1479681	145	9	73	-30
176	5PxFv9yJEg9dxvbZggykro	So It Goes...	Taylor Swift	1473009	nan	1	176	new
177	30MM5jWpUmOxtTNd9Ey5LZ	Unforgettable	Thomas Rhett	1472147	131	13	38	-46
178	1nX9KhK3Fff27SnrIor2Yb	4 AM	2 Chainz	1471816	154	25	22	-24
179	6RUKPb4LETWmmr3iAEQktW	Something Just Like This	The Chainsmokers	1470793	172	42	2	-7
180	6tUgfsOa8PLkoede5nOR7D	Lemon	N.E.R.D	1470041	141	5	63	-39
181	7yyRTcZmCiyzzJlNzGC9Ol	Broccoli (feat. Lil Yachty)	DRAM	1465789	170	49	11	-11
182	7I7JbDv63ZJJsSi24DyJrz	Dancing With Our Hands Tied	Taylor Swift	1465386	nan	1	182	new
183	4z8sz6E4YyFuEkv5o7IJni	Mary, Did You Know?	Pentatonix	1463008	nan	1	183	new
184	7BKLCZ1jbUBVqRi2FVlTVw	Closer	The Chainsmokers	1460929	167	49	4	-17
185	7y4JznkAv2W3IKw9T1o2VK	New	Daya	1456848	144	6	109	-41
186	343YBumqHu19cGoGARUTsd	Fake Love	Drake	1455640	177	49	2	-9
187	6mapJIPnQ23RTAevUoE0DL	Swang	Rae Sremmurd	1445845	155	49	23	-32
188	0tdCy39PgWN8LFWu34ORn3	Rap Saved Me	21 Savage	1444668	135	6	48	-53
189	53mrVsi49rLHIaKBiSvElG	do re mi (feat. Gucci Mane)	blackbear	1440641	162	19	70	-27
190	43PuMrRfbyyuz4QpZ3oAwN	Exchange	Bryson Tiller	1440337	168	48	84	-22
191	3pXF1nA74528Edde4of9CC	Don't	Bryson Tiller	1438766	166	48	82	-25
192	6fwdbPMwP1zVStm8FybmkO	X (feat. Future)	21 Savage	1427635	165	49	17	-27
193	1MQ8ydvrTnn2QJgXFATJvD	Ex Calling	6LACK	1414610	159	4	159	-34
194	5hcisvFMidkMJlElTO9Qmw	Sensualidad	Bad Bunny	1406002	183	2	183	-11
195	1m69ELEgE6k5ZWsap40ozt	Se Preparó	Ozuna	1402677	161	7	142	-34
196	7r6LNJT2LqpLpEyZQJPygt	Patek Water	Future	1401986	140	7	31	-56
197	2nYwV62UABTH0NanrwVIdQ	Perplexing Pegasus	Rae Sremmurd	1400954	157	18	37	-40
198	0B8QzDH7YWih85V5SEMnyJ	Money Longer	Lil Uzi Vert	1399741	175	49	73	-23
199	3pndPhlQWjuSoXhcIIdBjv	What They Want	Russ	1396534	176	49	117	-23
200	0Gux2yTMWYOlcBUNjGJu5p	Pull Up N Wreck (With Metro Boomin)	Big Sean	1394178	156	5	65	-44
