position	song_id	song_name	artist	streams	last_week_position	weeks_on_chart	peak_position	position_status
1	5CtI0qwDJkDQGwXD1H1cLb	Despacito - Remix	Luis Fonsi	12593939	1	9	1	0
2	7KXjTSCq5nL1LoYtL7XAwS	HUMBLE.	Kendrick Lamar	12205972	2	11	1	0
3	2eMwDehkIC1j68U6FA3Eiq	XO TOUR Llif3	Lil Uzi Vert	11045447	4	12	3	1
4	72Q0FQQo32KJloivv5xge2	I'm the One	DJ Khaled	10439685	3	3	3	-1
5	3a1lNhkSLSkpJE4MSHpDu9	Congratulations	Post Malone	8390765	5	24	5	0
6	1F2HXIJrE2Xn81OzT2zZvW	Unforgettable	French Montana	7620535	7	10	6	1
7	3rOSwuTsUlJp0Pu0MkN8r8	Mask Off	Future	7479723	6	17	2	-1
8	3A7qX2QjDlPnazUsRk5y0M	2U (feat. Justin Bieber)	David Guetta	6529074	nan	1	8	new
9	6HZILIRieu8S0iqY8kIKhj	DNA.	Kendrick Lamar	6362442	8	9	2	-1
10	3kxfsdsCpFgN412fpnW85Y	Redbone	Childish Gambino	6353251	10	24	10	0
11	152lZdxL1OR0ZMW6KquMif	Location	Khalid	5878111	9	24	9	-2
12	1e1JKLEDKP7hEQzJfNAgPl	Magnolia	Playboi Carti	5817585	17	8	12	5
13	5tz69p7tJuGPeMGwNTxYuV	1-800-273-8255	Logic	5693647	11	7	7	-2
14	0KKkJNfGyhkQ5aFogxQAPU	That's What I Like	Bruno Mars	5196034	13	24	3	-1
15	0dA2Mk56wEzDgegdC6R17g	Stay (with Alessia Cara)	Zedd	5182824	14	16	12	-1
16	7i2DJ88J7jQ8K7zqFX2fW8	Now Or Never	Halsey	4896951	12	2	12	-4
17	6gBFPUFcJLzWGx4lenP6h2	goosebumps	Travis Scott	4818121	16	24	16	-1
18	2EEeOnHehOozLq4aS0n6SL	iSpy (feat. Lil Yachty)	KYLE	4739113	15	24	2	-3
19	7mldq42yDuxiUNn08nvzHO	Body Like A Back Road	Sam Hunt	4725253	23	19	19	4
20	6PGoSes0D9eUDeeAafB2As	LOVE. FEAT. ZACARI.	Kendrick Lamar	4685806	18	9	5	-2
21	7qiZfU4dY1lWllzX7mPBI3	Shape of You	Ed Sheeran	4643200	20	23	1	-1
22	6p8NuHm8uCGnn2Dtbtf7zE	Slippery (feat. Gucci Mane)	Migos	4617382	28	20	22	6
23	4iLqG9SeJSnt0cSPICSjxv	Attention	Charlie Puth	4612649	22	8	21	-1
24	7hDc8b7IXETo14hHIHdnhd	Passionfruit	Drake	4565170	19	13	1	-5
25	6EpRaXYhGOB3fj4V2uDkMJ	Strip That Down	Liam Payne	4405055	26	4	25	1
26	3LnOF5n1GOs01siYZXzS3p	Drowning (feat. Kodak Black)	A Boogie Wit da Hoodie	4298618	25	3	25	-1
27	6gpcs5eMhJwax4mIfKDYQk	Slide (feat. Frank Ocean & Migos)	Calvin Harris	4282714	24	3	24	-3
28	2habSXqcJGExM6JJyskY7O	Malibu	Miley Cyrus	4179008	21	5	7	-7
29	3pC1ILr9KzmQLMe8Kn5QBG	To the Max	DJ Khaled	4104136	64	2	29	35
30	2bjwRfXMk4uRgOD9IBYl9h	Portland	Drake	3954503	27	13	2	-3
31	1sCxVKWImDZSZKvG0U9B23	Bad Liar	Selena Gomez	3907822	29	5	8	-2
32	1yxgsra98r3qAtxqiGZPiX	BUTTERFLY EFFECT	Travis Scott	3727557	53	4	32	21
33	79cuOz3SPQTuFrp8WgftAu	There's Nothing Holdin' Me Back	Shawn Mendes	3721621	31	8	29	-2
34	56lBX2WHqfGuoeZxZvUnVj	Thunder	Imagine Dragons	3608637	33	3	33	-1
35	4Q3N4Ct4zCuIHuZ65E3BD4	Tunnel Vision	Kodak Black	3605627	30	17	5	-5
36	6jA8HL9i4QGzsj6fjoxp8Y	There for You	Martin Garrix	3600501	32	3	32	-4
37	6kex4EBAj0WHXDKZMEJaaF	Swalla (feat. Nicki Minaj & Ty Dolla $ign)	Jason Derulo	3563230	37	15	35	0
38	167NczpNbRF7oWakJaY3Hh	Slow Hands	Niall Horan	3556826	40	6	38	2
39	6SwRhMLwNqEi6alNPVG00n	LOYALTY. FEAT. RIHANNA.	Kendrick Lamar	3542145	35	9	4	-4
40	6RUKPb4LETWmmr3iAEQktW	Something Just Like This	The Chainsmokers	3476161	38	17	2	-2
41	3FDrI0FLKzrYQiWxPhqV2W	Rollin (feat. Future & Khalid)	Calvin Harris	3422047	44	3	41	3
42	6UjfByV1lDLW0SOVQA4NAi	Gyalchester	Drake	3421319	46	13	6	4
43	4aWmUDTfIPGksMNLV2rQP2	Despacito (Featuring Daddy Yankee)	Luis Fonsi	3381448	43	21	32	0
44	0SGkqnVQo9KPytSri1H6cF	Bounce Back	Big Sean	3339855	42	24	3	-2
45	1sXUWdKx03aP9Gmzft58rt	Issues	Julia Michaels	3334470	34	22	11	-11
46	5Ohxk2dO5COHF1krpoPigN	Sign of the Times	Harry Styles	3307757	41	10	16	-5
47	6VRghJeP6I0w1KxkdWFfIh	Believer	Imagine Dragons	3251830	52	3	47	5
48	3eR23VReFzcdmS7TYCrhCe	It Ain't Me (with Selena Gomez)	Kygo	3247059	45	17	3	-3
49	3Ytr1SUCUi6J3L9dRFx5iH	Know No Better (feat. Travis Scott, Camila Cabello & Quavo)	Major Lazer	3240353	36	2	36	-13
50	4ARPvK8DHLwt4oX65ZAFMw	Look At Me!	XXXTENTACION	3133411	47	16	26	-3
51	7KOlJ92bu51cltsD9KU5I7	T-Shirt	Migos	2913020	49	22	6	-2
52	2kVHAQKVtczchKctctzbtK	Swish Swish	Katy Perry	2776662	nan	2	52	re-enter
53	02hNDxtMMTpq72rdp1lm6v	4 AM	2 Chainz	2753665	nan	1	53	new
54	4Km5HrUvYTaSUfiSGPJeQR	Bad and Boujee (feat. Lil Uzi Vert)	Migos	2733866	51	24	1	-3
55	1louJpMmzEicAn7lzDalPW	No Promises (feat. Demi Lovato)	Cheat Codes	2677812	58	11	52	3
56	6mapJIPnQ23RTAevUoE0DL	Swang	Rae Sremmurd	2674965	56	24	23	0
57	1SJtlNRJDeYHioymcvsqev	Crying in the Club	Camila Cabello	2638208	57	4	55	0
58	59J5nzL1KniFHnU120dQzt	wokeuplikethis*	Playboi Carti	2601183	59	9	55	1
59	6CUBgX8bXC5YQCkdgRHqyg	do re mi	blackbear	2591396	39	3	39	-20
60	1EaKU4dMbesXXd3BrLCtYG	ELEMENT.	Kendrick Lamar	2525772	54	9	3	-6
61	5uCax9HTNlzGybIStD3vDh	Say You Won't Let Go	James Arthur	2511076	61	24	15	0
62	7LEydI5NfjY6mZfKwYIptZ	Down	Fifth Harmony	2488296	50	2	50	-12
63	343YBumqHu19cGoGARUTsd	Fake Love	Drake	2485830	60	24	2	-3
64	7BKLCZ1jbUBVqRi2FVlTVw	Closer	The Chainsmokers	2418868	66	24	4	2
65	0pSBuHjILhNEo55xK1zrRt	Rolex	Ayo & Teo	2309487	68	19	37	3
66	51PIvodunv6NmX5250zxAh	The Cure	Lady Gaga	2300199	62	9	44	-4
67	2XaInsPPUkZRkY4uFJ3AHK	Met Gala (feat. Offset)	Gucci Mane	2276406	74	3	54	7
68	2mfUa8bLs2s5N4VaqJZ4lZ	Most Girls	Hailee Steinfeld	2263389	65	7	60	-3
69	2Gl0FzuLxflY6nPifJp5Dr	First Time	Kygo	2258956	63	7	40	-6
70	1x5sYLZiu9r5E43kMlt9f8	Symphony (feat. Zara Larsson)	Clean Bandit	2222706	69	13	48	-1
71	6DB2KOEwHnjkgEnBt5SdeJ	Mask Off - Remix	Future	2179545	48	3	33	-23
72	3NdDpSvN911VPGivFlV5d0	"I Don’t Wanna Live Forever (Fifty Shades Darker) - From ""Fifty Shades Darker (Original Motion Picture Soundtrack)"""	ZAYN	2174410	84	24	3	12
73	7yyRTcZmCiyzzJlNzGC9Ol	Broccoli (feat. Lil Yachty)	DRAM	2166185	71	24	11	-2
74	7y9iMe8SOB6z3NoHE2OfXl	Bad At Love	Halsey	2162228	72	2	72	-2
75	5aAx2yezTd8zXrkmtKl66Z	Starboy	The Weeknd	2132005	73	24	3	-2
76	1NDxZ7cFAo481dtYWdrUnR	Pretty Girl - Cheat Codes X CADE Remix	Maggie Lindemann	2118009	75	11	67	-1
77	4xlrALxuaCf9yZBHJeTSG6	Mama	Jonas Blue	2045118	80	4	77	3
78	1xznGGDReH1oQq0xzbwXa3	One Dance	Drake	2037565	88	24	13	10
79	5qbcsZMwL0x46sX7VO37Ye	Up	NAV	1963817	77	9	74	-2
80	4c2W3VKsOFoIg2SFaO6DY5	Your Song	Rita Ora	1946721	92	2	80	12
81	1wjzFQodRWrPcQ0AnYnvQ9	I Like Me Better	Lauv	1934865	155	2	81	74
82	0v9Wz8o0BT8DU38R4ddjeH	No Problem (feat. Lil Wayne & 2 Chainz)	Chance the Rapper	1930752	82	24	24	0
83	6eT7xZZlB2mwyzJ2sUKG6w	White Iverson	Post Malone	1914807	86	24	77	3
84	72jbDTw1piOOj770jWNeaG	Paris	The Chainsmokers	1908765	78	22	4	-6
85	6xHI9KjUjYT0FPtGO8Mxa1	Hurricane	Luke Combs	1898044	87	13	85	2
86	4q8PHoRsPUB52LFylX8Ulz	More Than You Know	Axwell /\ Ingrosso	1854012	114	2	86	28
87	76Y0gxtTxN0FyDCYh5qYQj	Get Right Witcha	Migos	1850741	81	20	33	-6
88	5GXAXm5YOmYT0kL5jHvYBt	I Feel It Coming	The Weeknd	1831199	89	24	10	1
89	20dP2DaMHIAmwWAbp7peSr	pick up the phone	Young Thug	1827370	98	24	44	9
90	3muBQDekYAg7jm6hDu6R0Z	First Day Out	Tee Grizzley	1808870	93	18	83	3
91	5GFDrUTLGJix84sNhjCG0g	Caroline	Aminé	1802563	91	24	6	0
92	2Ce5IyMlVRVvN997ZJjJJA	Selfish (feat. Rihanna)	Future	1795047	70	16	24	-22
93	4cxMGhkinTocPSVVKWIw0d	Losin Control	Russ	1794284	90	22	75	-3
94	6XOYVSmNDjKUNMXooU4s4z	No Vacancy	OneRepublic	1786166	101	5	75	7
95	4Q5yMlwAfAoitqg4r9oZHN	Quit (feat. Ariana Grande)	Cashmere Cat	1781348	79	7	57	-16
96	593W4qZOwwdqF6YnimJjL6	Doves In The Wind	SZA	1776847	nan	1	96	new
97	5yuShbu70mtHXY0yLzCQLQ	Go Flex	Post Malone	1766691	106	24	97	9
98	0B8QzDH7YWih85V5SEMnyJ	Money Longer	Lil Uzi Vert	1761163	94	24	73	-4
99	2ANLarE8yHVsLWW21nj79M	You Was Right	Lil Uzi Vert	1718938	97	24	28	-2
100	2wf9bp4MkChojtljddWpbO	PRBLMS	6LACK	1714357	109	19	100	9
101	4izg6Hydc6XGErWW6nbdsV	Whatever It Takes	Imagine Dragons	1704056	95	3	92	-6
102	0utlOiJy2weVl9WTkcEWHy	Neighbors	J. Cole	1684993	110	22	37	8
103	5q5gzmbBS5yQzos2BvVr1t	Nights With You	MØ	1684201	104	5	101	1
104	6b8Be6ljOzmkOmFslEb23P	24K Magic	Bruno Mars	1672487	108	24	14	4
105	6fwdbPMwP1zVStm8FybmkO	X (feat. Future)	21 Savage	1672186	107	24	17	2
106	0ESJlaM8CE1jRWaNtwSNj8	beibs in the trap	Travis Scott	1666096	112	23	106	6
107	7cGFbx7MP0H23iHZTZpqMM	Everybody	Logic	1649429	100	11	26	-7
108	0Fv5N0cHBsl4bzCbollCAS	Moves	Big Sean	1628376	113	24	10	5
109	2NyrXRn4tancYPW6JwtTl2	From The D To The A (feat. Lil Yachty)	Tee Grizzley	1627844	103	13	100	-6
110	0qYTZCo5Bwh1nsUFGZP3zn	Felices los 4	Maluma	1623495	116	6	110	6
111	41jDpQ9b2VnVdsYEy2nC7z	It's A Vibe	2 Chainz	1602219	nan	1	111	new
112	62vpWI1CHwFy7tMIcSStl8	No Role Modelz	J. Cole	1594776	123	24	71	11
113	4iYRa2btalAzPZoSYfROqF	XXX. FEAT. U2.	Kendrick Lamar	1593087	102	9	8	-11
114	10M2Ex445zw585Ducldzkw	In Case You Didn't Know	Brett Young	1589521	124	12	114	10
115	4PzovBqgnSHKd8opsP7IVM	Everyday We Lit (feat. PnB Rock)	YFN Lucci	1588437	130	10	115	15
116	7EiZI6JVHllARrX9PUvAdX	Low Life (feat. The Weeknd)	Future	1570494	122	24	59	6
117	6fujklziTHa8uoM5OQSfIo	Black Beatles	Rae Sremmurd	1569803	118	24	5	1
118	05nbZ1xxVNwUTcGwLbp7CN	Myself	NAV	1554214	99	7	99	-19
119	3A2OHirUAlQp2x73BJlEDA	Perfect Pint (feat. Kendrick Lamar, Gucci Mane & Rae Sremmurd)	Mike WiLL Made-It	1551862	121	8	119	2
120	1u8c2t2Cy7UBoG4ArRcF5g	Blank Space	Taylor Swift	1548290	nan	1	120	new
121	7DQXiMeLqiQsy1uqHSk0xc	Reminding Me	Shawn Hook	1543430	134	3	121	13
122	6mORGLOz79w6VsCRLWYYuK	The Night We Met	Lord Huron	1537770	76	10	48	-46
123	6PCUP3dWmTjcTtXY02oFdT	Castle on the Hill	Ed Sheeran	1537652	132	23	4	9
124	5Z3GHaZ6ec9bsiI5BenrbY	Young Dumb & Broke	Khalid	1535690	111	10	108	-13
125	1jQsKN68yE94tMYml0wHMd	Jump Out The Window	Big Sean	1530631	120	9	28	-5
126	0cqRj7pUJDkTCEsJkx8snD	Shake It Off	Taylor Swift	1508284	nan	1	126	new
127	0QsvXIfqM0zZoerQfsI9lm	Don't Let Me Down	The Chainsmokers	1508126	143	24	43	16
128	1qOLh0tI7trd1zdDKxYZTe	Starving	Hailee Steinfeld	1503423	126	24	18	-2
129	6gU9OKjOE7ghfEd55oRO57	The Weekend	SZA	1499379	nan	1	129	new
130	5de7ci7TFqbQ1PFgKAD7MR	Horses (with PnB Rock, Kodak Black & A Boogie Wit da Hoodie)	PnB Rock	1494572	139	8	130	9
131	5hfpu8saHLGedbHRtNCYjm	Trap Paris (feat. Quavo & Ty Dolla $ign)	Machine Gun Kelly	1481199	151	4	112	20
132	3pndPhlQWjuSoXhcIIdBjv	What They Want	Russ	1469016	129	24	117	-3
133	5GG3knKdxKWrNboRijxeKF	Run Me Dry	Bryson Tiller	1462590	96	3	65	-37
134	3E2Zh20GDCR9B1EYjfXWyv	Weak	AJR	1448222	nan	22	30	re-enter
135	6Pw3Gvw4wNMZfTYZa6IQal	The Way I Are (Dance with Somebody) (feat. Lil Wayne) - Spotify Version	Bebe Rexha	1429431	149	2	135	14
136	07pJdL0L9XDGW0HBj0rIS2	Skateboard P (feat. Big Sean)	MadeinTYO	1426972	144	11	136	8
137	5uDASfU19gDxSjW8cnCaBp	Chill Bill (feat. J. Davi$ & Spooks)	Rob $tone	1422883	148	24	19	11
138	0afhq8XCExXpqazXczTSve	Galway Girl	Ed Sheeran	1421708	136	15	7	-2
139	0VhgEqMTNZwYL1ARDLLNCX	Can I Be Him	James Arthur	1413908	nan	1	139	new
140	3VCYe6mCXebBgcfzaxCVNI	Both (feat. Drake & Lil Wayne) - Remix	Gucci Mane	1410803	133	7	121	-7
141	3ebXMykcMXOcLeJ9xZ17XH	Scared to Be Lonely	Martin Garrix	1401009	137	20	20	-4
142	3pXF1nA74528Edde4of9CC	Don't	Bryson Tiller	1400120	135	24	82	-7
143	5hx4FpDZOnDVYlyoG3rMks	Peek A Boo	Lil Yachty	1392073	127	9	73	-16
144	5knuzwU65gJK7IF5yJsuaW	Rockabye (feat. Sean Paul & Anne-Marie)	Clean Bandit	1385712	128	24	32	-16
145	4wdZdkEugVVorAfzqRqC6N	Candy Paint	Post Malone	1384341	165	3	145	20
146	2aksifNn5ph8igDOkPBA02	Love On The Brain	Rihanna	1379649	147	24	39	1
147	4gmmRb6bZJffOOiww1JGTO	No Heart	21 Savage	1375647	152	24	20	5
148	5tFep7dXGd7vEJ668wTPux	Both (feat. Drake)	Gucci Mane	1374602	141	24	38	-7
149	4A4A6dwl5DqdqrZaEtKGPR	Wildest Dreams	Taylor Swift	1370909	nan	1	149	new
150	0q75NwOoFiARAVp4EXU4Bs	Love Galore (feat. Travis Scott)	SZA	1363214	nan	5	101	re-enter
151	5wTVNpi5WDByxBgKgUE6MU	Supermodel	SZA	1362140	nan	1	151	new
152	2fXwCWkh6YG5zU1IyvQrbs	Broken Clocks	SZA	1349242	nan	1	152	new
153	6n3HGiq4v35D6eFOSwqYuo	Teenage Fever	Drake	1347444	138	13	14	-15
154	4VFE6ZNqa8jHAmbYICoAFg	God, Your Mama, And Me	Florida Georgia Line	1346686	161	4	154	7
155	6zLdXcmvIxnAXpz9sXFnIE	Craving You	Thomas Rhett	1333468	169	3	138	14
156	43PuMrRfbyyuz4QpZ3oAwN	Exchange	Bryson Tiller	1329062	142	24	84	-14
157	2KvHC9z14GSl4YpkNMX384	Do Not Disturb	Drake	1326307	145	13	30	-12
158	4BHSjbYylfOH5WAGusDyni	YAH.	Kendrick Lamar	1322642	131	9	7	-27
159	0bXFIF7iL17TYLyx8JHziM	Patty Cake	Kodak Black	1317396	146	11	139	-13
160	2xbI8Vmyv3TkpTdywpPyNw	Selfish	PnB Rock	1309528	157	24	47	-3
161	37F0uwRSrdzkBiuj0D5UHI	Reminder	The Weeknd	1302575	176	19	69	15
162	0ZExP2I5Ej92PsnG4G1jVG	Uh Huh	Julia Michaels	1295995	115	2	115	-47
163	7zVCrzzEJU7u24sbJPXA5W	What Ifs (feat. Lauren Alaina)	Kane Brown	1289100	174	2	163	11
164	1E2ePlJmijVSX0o1G9TFgR	Love Galore	SZA	1285072	182	3	164	18
165	2NlmmAjGYrrjAp0MED5rGx	Bad Blood	Taylor Swift	1278615	nan	1	165	new
166	1PSBzsahR2AKwLJgx8ehBj	Bad Things (with Camila Cabello)	Machine Gun Kelly	1272060	167	24	9	1
167	3kkObn08oHrNmCFHSNR0jD	Flex Like Ouu	Lil Pump	1267534	nan	2	167	re-enter
168	7zxRMhXxJMQCeDDg0rKAVo	Some Way	NAV	1266616	173	13	87	5
169	1wHZx0LgzFHyeIZkUydNXq	Antidote	Travis Scott	1264172	172	9	169	3
170	4lozYCMRLtEc46exlhoK2Q	I'm so Groovy	Future	1257887	162	8	59	-8
171	0ug5NqcwcFR2xrfTkc7k8e	Style	Taylor Swift	1256310	nan	1	171	new
172	248OFOZef6ShXv6DGgbnxU	Saved	Khalid	1246210	160	15	137	-12
173	4F7A0DXBrmUAkp32uenhZt	Party Monster	The Weeknd	1238663	170	24	22	-3
174	1Eck97uRMlprKOOJN9oO1E	Good Life (with G-Eazy & Kehlani)	G-Eazy	1237449	85	11	53	-89
175	045SnNDjOfOLKM5OxARH4g	Small Town Boy	Dustin Lynch	1234893	193	2	175	18
176	05KOgYg8PGeJyyWBPi5ja8	Free Smoke	Drake	1234395	158	13	4	-18
177	6JV2JOEocMgcZxYSZelKcc	"CAN'T STOP THE FEELING! (Original Song from DreamWorks Animation's ""TROLLS"")"	Justin Timberlake	1232661	nan	22	56	re-enter
178	6i0V12jOa3mr6uu4WYhUBr	Heathens	Twenty One Pilots	1230793	178	24	26	0
179	0BCy325UZyR9z0t0uxwn2N	H.O.L.Y.	Florida Georgia Line	1225658	189	4	179	10
180	06FCvd7rrRcF3DdvWH5Isp	LUST.	Kendrick Lamar	1222356	150	9	12	-30
181	2cnKEkpVUSV4wnjQiTWfH6	Escápate Conmigo	Wisin	1220346	nan	1	181	new
182	4pLwZjInHj3SimIyN9SnOz	Side To Side	Ariana Grande	1219173	168	24	24	-14
183	5OOkp4U9P9oL23maHFHL1h	Panda	Desiigner	1218241	184	24	54	1
184	06u5LrUpbosQlQ1QJFhPpG	Drew Barrymore	SZA	1211716	nan	1	184	new
185	34oWbFBfGEElvgO0a5c9V4	No Flockin'	Kodak Black	1198730	nan	22	90	re-enter
186	6IZvVAP7VPPnsGX6bvgkqg	PRIDE.	Kendrick Lamar	1197709	153	9	10	-33
187	6520aj0B4FSKGVuKNsOCOi	Chained To The Rhythm	Katy Perry	1195267	nan	15	10	re-enter
188	4uhvMW7ly7tJil31YYscAN	Erase Your Social	Lil Uzi Vert	1195219	177	23	76	-11
189	0BU7nIcCZxYSE0hYcc5oZz	Too Many Years	Kodak Black	1193854	187	24	64	-2
190	11EDhDAVDtGPoSar6ootYA	Strangers	Halsey	1193162	67	2	67	-123
191	2RwmsAOxtiRezQPmvyejb8	Ex Calling	6LACK	1191780	nan	1	191	new
192	1r0faljjM2b876iNoaDUh5	Sacrifices	Big Sean	1187579	nan	5	27	re-enter
193	4IWGnyOHDrVZEtPWfs4s7q	Do What I Want	Lil Uzi Vert	1187452	181	11	166	-12
194	6F609ICg9Spjrw1epsAnpa	Controlla	Drake	1186123	191	24	41	-3
195	5SFTZsHW3HdCp9f1zbzitS	Revenge	XXXTENTACION	1184296	nan	1	195	new
196	2Z8WuEywRWYTKe1NybPQEW	Ride	Twenty One Pilots	1183867	nan	22	65	re-enter
197	40yJGQyEaBbIkXpwMFkXip	One Night	Lil Yachty	1179124	nan	15	98	re-enter
198	3mRcWCyteY2133a7xVMrYw	Comin Out Strong (feat. The Weeknd)	Future	1178080	166	16	22	-32
199	5hYTyyh2odQKphUbMqc5gN	"How Far I'll Go - From ""Moana"""	Alessia Cara	1177820	186	24	20	-13
200	5NNlUMcOEOdoOIwwaWXv0k	Cold	Maroon 5	1174861	179	17	25	-21
