source	target	weight	avg_streams
dance pop	pop	239	686858.0254237289
pop	pop	200	686350.462585034
pop	tropical house	134	727482.7176470588
pop	pop rap	128	532317.375
electro	pop	122	669491.7215189872
hip hop	pop	90	435496.7857142858
pop	rap	89	542990.8448275862
dance pop	tropical house	84	778412.3846153845
dance pop	pop rap	81	520926.42592592596
dance pop	electro	80	709385.5454545454
dance pop	dance pop	77	671587.8305084746
hip hop	rap	75	349035.66666666674
electropop	pop	75	678102.6153846154
pop rap	rap	74	350300.1081081081
hip hop	pop rap	63	349731.33333333326
rap	trap	59	417792.61764705885
pop	trap	54	583312.6774193548
rap	rap	48	361580.6857142857
dance pop	hip hop	46	525934.9411764706
electro	tropical house	46	496509.96666666673
hip hop	trap	45	405836.75
electro house	pop	43	879102.1111111111
pop	r&b	43	565607.6896551724
pop rap	trap	43	500884.0
dance	pop	41	673956.3870967742
dance pop	electropop	40	894732.696969697
dance pop	rap	40	643102.25
house	pop	37	499776.5
pop rap	pop rap	34	417121.17391304346
electro	electropop	33	756358.2758620691
electropop	tropical house	33	927372.6296296295
dance pop	trap	30	691902.6086956522
hip hop	hip hop	30	381179.52631578955
dance	dance pop	28	804805.7727272727
other	pop	28	537132.6666666665
pop rap	tropical house	28	422167.65
latin	pop	26	455424.4285714286
dance pop	electro house	25	972220.2608695652
electro	pop rap	25	479526.380952381
tropical house	tropical house	24	539584.8636363636
latin	reggaeton	23	565864.3333333335
pop	urban contemporary	22	555275.2941176471
other	other	22	687414.5
pop	reggaeton	20	537319.5454545454
pop rap	r&b	20	378480.7142857143
dance pop	r&b	20	693971.8888888889
electro	electro	20	585013.5555555555
electro	house	20	404769.2727272727
dance pop	house	20	671877.6666666665
r&b	rap	17	289526.7857142857
funk	pop	17	912021.6666666665
dance pop	other	17	472610.9
country	pop	16	852718.0714285716
house	tropical house	16	395568.0
indie pop	pop	16	696899.1818181818
dance pop	funk	15	912021.6666666665
pop rap	urban contemporary	15	627174.8888888889
electro	hip hop	15	316074.5
electro	rap	15	432017.90909090906
electro	electro house	14	256146.91666666663
electro house	tropical house	14	391900.58333333326
rap	urban contemporary	14	555979.7777777779
trap	trap	14	509207.08333333326
hip hop	tropical house	14	316074.5
dance pop	urban contemporary	13	384473.1818181818
latin	tropical	13	484717.2
pop	tropical	13	376825.85714285716
hip hop	latin	13	513180.5714285714
pop	soul	13	431996.4
hip hop	r&b	13	205739.77777777772
reggaeton	tropical	12	484717.2
reggaeton	reggaeton	12	436522.66666666674
country	dance pop	12	1077621.0
r&b	r&b	12	205535.0
electro house	rap	12	240738.77777777772
hip hop	reggaeton	12	376661.5
rap	tropical house	12	334454.0
latin	latin	11	565864.3333333335
dance	tropical house	11	820629.5
hip hop	urban contemporary	11	724282.5714285716
electropop	pop rap	11	468490.0
electro house	pop rap	11	147004.4
electro house	hip hop	11	235727.1111111111
electro	trap	11	459933.66666666674
pop	techno	10	1290346.5
electro house	electropop	10	1291478.4
dance	electropop	10	667813.5
dance pop	latin	10	397774.0
j-pop	j-rap	10	168606.25
dancehall	pop	10	323468.4
dance	pop rap	10	313361.44444444444
electropop	house	10	290561.8
j-pop	r&b	9	97103.875
dance pop	dancehall	9	323468.4
dancehall	tropical house	9	323468.4
dance pop	soul	9	623623.2857142857
trap	tropical house	9	341468.25
r&b	trap	9	134855.0
house	rap	9	221067.8333333333
country	tropical house	8	1156929.875
country	electropop	8	998315.875
dance pop	k-pop	8	490615.7142857143
rap	soul	8	320174.375
trap	urban contemporary	8	891805.6
r&b	tropical house	8	1224522.7142857143
moombahton	pop	8	350549.0
house	house	8	328421.875
hip hop	house	8	249043.8
house	pop rap	8	266274.14285714284
electro	urban contemporary	7	462659.5714285714
tropical house	urban contemporary	7	462659.5714285714
dance pop	techno	7	1005017.5714285716
pop	pop rock	7	1101096.2857142857
pop rap	soul	7	354958.66666666674
reggaeton	trap	7	486806.0
funk	tropical house	7	1122980.0
dance	electro	7	824242.0
county rock	pop	7	1087552.0
county rock	dance pop	7	1087552.0
electropop	r&b	7	386337.4
electro	r&b	7	1224522.7142857143
electropop	rap	7	479787.6
electro house	house	7	311044.66666666674
house	trap	7	238504.83333333328
electro house	trap	7	299361.16666666674
pop rock	rap	6	954767.1666666665
hip hop	other	6	310709.83333333326
j-pop	other	6	231597.2
latin	trap	6	486806.0
j-pop	j-pop	6	88008.33333333331
electropop	funk	6	980330.8333333335
indie pop	tropical house	6	989128.3333333335
other	tropical house	6	170581.16666666663
other	r&b	6	186560.8333333333
dancehall	electro	6	323468.4
country pop	pop	6	1314010.5
country pop	dance pop	6	1314010.5
indie pop	pop rap	6	475030.4
electropop	electropop	6	1095911.833333333
other	pop rap	6	359891.2
dance pop	moombahton	6	297738.5
latin	rap	6	886983.75
rap	reggaeton	6	886983.75
k-pop	pop	6	589194.0
dance	urban contemporary	5	416618.4
pop rap	pop rock	5	1140342.2
hip hop	tropical	5	543088.5
electropop	techno	5	2195684.2
hip hop	soul	5	197254.6
dubstep	pop	5	1844647.8
electro	latin	5	402141.4
dance pop	tropical	5	155142.33333333337
electro	indie pop	5	318240.2
electro	other	5	154715.6
dance pop	indie pop	5	283992.2
pop	rock	5	798196.25
electro house	r&b	5	1311583.0
electropop	hip hop	5	395299.4
latin	pop rap	5	850265.25
pop rap	reggaeton	5	850265.25
dance pop	reggaeton	5	640405.6666666665
electro	soul	5	768086.0
soul	tropical house	5	768086.0
j-rap	r&b	5	259425.25
deep pop r&b	electro	4	513542.0
deep pop r&b	tropical house	4	513542.0
deep pop r&b	pop	4	513542.0
dance pop	deep pop r&b	4	513542.0
dance	deep pop r&b	4	513542.0
electro	k-pop	4	416682.0
electro house	k-pop	4	416682.0
k-pop	tropical house	4	416682.0
house	k-pop	4	416682.0
tropical	tropical	4	543088.5
j-rock	other	4	256280.5
j-pop	j-rock	4	74690.0
latin	tropical house	4	150762.5
country	electro	4	2023399.0
country	electro house	4	2023399.0
funk	pop rap	4	618171.0
indie rock	pop	4	1631238.5
dance pop	indie rock	4	1631238.5
dubstep	rap	4	381344.33333333326
indie pop	rap	4	314539.0
hip hop	indie pop	4	314539.0
moombahton	tropical house	4	155801.66666666663
bachata	reggaeton	4	86736.0
electropop	trap	4	541342.0
electro house	soul	4	642955.0
r&b	soul	4	131551.66666666663
dance	hip hop	4	52383.66666666666
dance	rap	4	60505.75
dance pop	dubstep	3	2293182.333333333
j-pop	pop	3	381586.33333333326
dance pop	j-pop	3	381586.33333333326
electro	funk	3	1433759.666666667
indie rock	j-pop	3	104547.0
j-rap	j-rock	3	109902.0
dancehall	funk	3	443068.33333333326
dance	dancehall	3	443068.33333333326
indie pop	r&b	3	533088.6666666665
electropop	indie pop	3	1951658.0
dubstep	hip hop	3	381344.33333333326
indie pop rap	pop	3	240680.33333333328
indie pop rap	rap	3	143446.0
indie pop rap	pop rap	3	143446.0
indie r&b	rap	3	193929.0
indietronica	rap	3	193929.0
hip hop	indie r&b	3	193929.0
hip hop	indietronica	3	193929.0
electropop	moombahton	3	331037.66666666674
house	r&b	3	525931.3333333335
bachata	latin	3	86736.0
other	trap	3	356046.33333333326
electro	reggaeton	3	640405.6666666665
ninja	pop	3	460101.0
dance pop	ninja	3	460101.0
electro	moombahton	3	440474.33333333326
anime	electropop	3	2864630.333333333
dance	r&b	3	683243.6666666665
afropop	pop	3	36083.0
afropop	dance pop	3	36083.0
afropop	tropical house	3	36083.0
house	soul	3	445821.0
dance	trap	3	49997.33333333334
francoton	pop	3	545797.0
dance pop	francoton	3	545797.0
k-hop	other	2	263505.5
j-pop	k-hop	2	263505.5
hip hop	k-hop	2	263505.5
hip hop	j-pop	2	263505.5
j-rock	pop	2	464168.0
emo	pop	2	464168.0
pop	visual kei	2	464168.0
emo	other	2	464168.0
other	visual kei	2	464168.0
dance pop	j-rock	2	464168.0
dance pop	emo	2	464168.0
dance pop	visual kei	2	464168.0
electro	tropical	2	44745.0
funk	latin	2	44745.0
funk	tropical	2	44745.0
tropical	tropical house	2	44745.0
dance	latin	2	44745.0
dance	tropical	2	44745.0
funk	indie pop	2	44745.0
funk	other	2	44745.0
dance	indie pop	2	44745.0
dance	other	2	44745.0
indie pop	latin	2	44745.0
latin	other	2	44745.0
electropop	latin	2	44745.0
indie pop	tropical	2	44745.0
other	tropical	2	44745.0
electropop	tropical	2	44745.0
country	techno	2	2415559.5
j-rock	soul	2	126340.0
j-pop	soul	2	126340.0
j-rap	other	2	135133.5
indie rock	other	2	135133.5
electro	rock	2	470114.5
rock	tropical house	2	470114.5
j-poprock	j-rap	2	100987.0
j-pop	j-poprock	2	100987.0
country pop	electro	2	1631238.5
county rock	electro	2	1631238.5
country pop	electro house	2	1631238.5
county rock	electro house	2	1631238.5
country pop	tropical house	2	1631238.5
county rock	tropical house	2	1631238.5
country	house	2	1631238.5
country pop	house	2	1631238.5
county rock	house	2	1631238.5
electro	indie rock	2	1631238.5
electro house	indie rock	2	1631238.5
indie rock	tropical house	2	1631238.5
house	indie rock	2	1631238.5
country	indie rock	2	1631238.5
country pop	indie rock	2	1631238.5
county rock	indie rock	2	1631238.5
jazz	r&b	2	38832.0
jazz	other	2	38832.0
j-pop	jazz	2	38832.0
country pop	electropop	2	996782.5
county rock	electropop	2	996782.5
dubstep	pop rap	2	139225.5
r&b	techno	2	2620329.0
indie r&b	pop rap	2	193929.0
indietronica	pop rap	2	193929.0
indie pop	trap	2	193929.0
indie r&b	trap	2	193929.0
indietronica	trap	2	193929.0
electro house	indie pop	2	635946.0
trap	tropical	2	86736.0
other	rap	2	347562.0
reggaeton	tropical house	2	256780.0
electropop	other	2	329430.5
moombahton	trap	2	379222.0
brazilian funk	latin	2	39374.0
brazilian funk	reggaeton	2	39374.0
indie pop	k-pop	2	58579.0
electropop	k-pop	2	58579.0
k-pop	video game music	2	58579.0
pop	video game music	2	58579.0
anime	j-dance	2	114582.0
anime	electro	2	114582.0
rock	rock	2	502823.5
classic rock	rock	2	502823.5
r&b	urban contemporary	2	126963.0
hip hop	k-pop	2	508841.0
k-pop	pop rap	2	508841.0
dance	soul	2	584769.5
hip hop	moombahton	2	298937.0
dance	electro house	2	31302.0
afropop	electro	2	36083.0
country	hip hop	2	127232.0
experimental	rock	2	319869.0
soul	trap	2	144740.0
j-division	j-rap	2	288824.0
j-division	r&b	2	288824.0
indietronica	pop	2	62709.5
francoton	pop rap	2	545797.0
rap	trance	2	865582.0
indie pop rap	r&b	1	65153.0
indie pop rap	urban contemporary	1	65153.0
indie pop rap	trap	1	221739.0
hip hop	indie pop rap	1	221739.0
indie pop	indie pop rap	1	435149.0
dance pop	indie pop rap	1	435149.0
electropop	indie pop rap	1	435149.0
indie pop	moombahton	1	234669.0
dubstep	r&b	1	411005.0
bachata	trap	1	86736.0
bachata	tropical	1	86736.0
bachata	hip hop	1	86736.0
indie	pop	1	426558.0
dance pop	indie	1	426558.0
pop rap	techno	1	63431.0
electro	techno	1	92310.0
techno	tropical house	1	92310.0
electro	europop	1	221217.0
europop	tropical house	1	221217.0
new wave	tropical house	1	3073601.0
new wave	pop	1	3073601.0
electropop	new wave	1	3073601.0
dancehall	latin	1	255208.0
dancehall	reggaeton	1	255208.0
dancehall	rap	1	255208.0
house	other	1	196653.0
moombahton	other	1	196653.0
ninja	other	1	196653.0
ninja	tropical house	1	196653.0
electropop	ninja	1	196653.0
ninja	trap	1	196653.0
indie pop	techno	1	1037223.0
soul	techno	1	1037223.0
j-idol	r&b	1	132864.0
j-idol	other	1	132864.0
j-idol	j-pop	1	132864.0
latin	pagode baiano	1	52190.0
pagode baiano	reggaeton	1	52190.0
other	soul	1	638570.0
house	moombahton	1	723549.0
electro	ninja	1	723549.0
house	ninja	1	723549.0
k-pop	k-pop	1	58579.0
indie pop	video game music	1	58579.0
electropop	video game music	1	58579.0
dance pop	video game music	1	58579.0
punk	rock	1	685778.0
new wave	rock	1	685778.0
hip hop	pop rock	1	26892.0
urban contemporary	urban contemporary	1	26035.0
electro	folk	1	71284.0
folk	tropical house	1	71284.0
folk	house	1	71284.0
folk	pop	1	71284.0
dance pop	folk	1	71284.0
j-dance	j-dance	1	30669.0
j-dance	j-pop	1	30669.0
indie rock	r&b	1	43374.0
indie rock	j-rock	1	43374.0
j-rock	r&b	1	43374.0
indie rock	soul	1	43374.0
k-pop	rap	1	218802.0
k-pop	trap	1	218802.0
funk	r&b	1	1143479.0
funk	soul	1	1143479.0
dubstep	tropical house	1	2409879.0
afropop	electro house	1	36083.0
dancehall	electro house	1	36083.0
afropop	moombahton	1	36083.0
dancehall	moombahton	1	36083.0
afropop	pop rap	1	36083.0
dancehall	pop rap	1	36083.0
electro house	funk	1	36083.0
funk	moombahton	1	36083.0
dance	moombahton	1	36083.0
afropop	funk	1	36083.0
afropop	dance	1	36083.0
funk	hip hop	1	36083.0
adult standards	pop	1	181718.0
adult standards	dance pop	1	181718.0
adult standards	hip hop	1	181718.0
county rock	hip hop	1	181718.0
soul	urban contemporary	1	227891.0
folk rock	rock	1	319869.0
psychedelic rock	rock	1	319869.0
mellow gold	rock	1	319869.0
folk rock	pop	1	319869.0
experimental	folk rock	1	319869.0
pop	psychedelic rock	1	319869.0
experimental	psychedelic rock	1	319869.0
mellow gold	pop	1	319869.0
experimental	mellow gold	1	319869.0
classic rock	pop	1	319869.0
classic rock	experimental	1	319869.0
moombahton	pop rap	1	561791.0
moombahton	rap	1	561791.0
escape room	rap	1	46898.0
escape room	hip hop	1	46898.0
indie pop	pop rock	1	73276.0
dance pop	pop rock	1	73276.0
electropop	pop rock	1	73276.0
j-dance	j-pixie	1	61636.0
electro	j-pixie	1	61636.0
electropop	j-pixie	1	61636.0
electropop	j-dance	1	61636.0
electro house	urban contemporary	1	28924.0
house	urban contemporary	1	28924.0
drill	electro	1	32929.0
drill	pop	1	32929.0
dance pop	drill	1	32929.0
drill	tropical house	1	32929.0
country	urban contemporary	1	72746.0
country	pop rock	1	72746.0
country	europop	1	72746.0
j-division	j-division	1	42481.0
j-division	trap	1	288824.0
j-rap	j-rap	1	288824.0
j-rap	trap	1	288824.0
indie r&b	r&b	1	87861.0
indie r&b	pop	1	87861.0
chillwave	r&b	1	87861.0
chillwave	pop	1	87861.0
escape room	r&b	1	87861.0
escape room	pop	1	87861.0
indietronica	r&b	1	87861.0
anime	anime	1	8364727.0
anime	j-pixie	1	8364727.0
electro	francoton	1	545797.0
francoton	tropical house	1	545797.0
francoton	urban contemporary	1	545797.0
francoton	hip hop	1	545797.0
electro house	other	1	1932687.0
dubstep	other	1	1932687.0
electro house	rock	1	1932687.0
dubstep	rock	1	1932687.0
electro house	pop rock	1	1932687.0
dubstep	pop rock	1	1932687.0
electropop	soul	1	865582.0
dubstep	electro	1	865582.0
electro	trance	1	865582.0
electro house	electro house	1	865582.0
dubstep	electro house	1	865582.0
electro house	trance	1	865582.0
dubstep	electropop	1	865582.0
electropop	trance	1	865582.0
dubstep	house	1	865582.0
house	trance	1	865582.0
dubstep	soul	1	865582.0
soul	trance	1	865582.0
dubstep	trap	1	865582.0
trance	trap	1	865582.0
hip hop	trance	1	865582.0
francoton	latin	1	107251.0
francoton	reggaeton	1	107251.0
electro	indietronica	1	37558.0
indietronica	tropical house	1	37558.0
house	indietronica	1	37558.0
dance pop	indietronica	1	37558.0
electro	j-rap	1	216423.0
electro house	j-rap	1	216423.0
j-rap	tropical house	1	216423.0
j-rap	techno	1	216423.0
j-rap	pop	1	216423.0
dance pop	j-rap	1	216423.0
electro	j-pop	1	216423.0
electro house	j-pop	1	216423.0
j-pop	tropical house	1	216423.0
j-pop	techno	1	216423.0
