artist_1	artist_2	count	song_ids
MC Lan	MC WM	4	['0tnkjhlQ1mBg8s5guCo9fs', '04uZ473b5Y7syygehiQU7G', '2Q4zHSJgtlc9mWoWQXpSJX', '3e8bStwZIEmcql2KskqrCB']
Future	Maroon 5	3	['5NNlUMcOEOdoOIwwaWXv0k', '50QWA5PR501dIe2KkJkHRR', '21TdkDRXuAB3k90ujRU1et']
Calvin Harris	Pharrell Williams	3	['6BaCraQ9xeLYg4Sb9TBT2X', '60APt5N2NRaKWf5xzJdzyC', '5bcTCxgc7xVfSaMV3RuVke']
Chance the Rapper	DJ Khaled	3	['1jYiIOC5d6soxkJP81fxq2', '72Q0FQQo32KJloivv5xge2', '3DXncPQOG4VBw3QHh3S817']
Chance the Rapper	Justin Bieber	3	['1jYiIOC5d6soxkJP81fxq2', '72Q0FQQo32KJloivv5xge2', '3DXncPQOG4VBw3QHh3S817']
Chance the Rapper	Lil Wayne	3	['1jYiIOC5d6soxkJP81fxq2', '72Q0FQQo32KJloivv5xge2', '3DXncPQOG4VBw3QHh3S817']
Chance the Rapper	Quavo	3	['1jYiIOC5d6soxkJP81fxq2', '72Q0FQQo32KJloivv5xge2', '3DXncPQOG4VBw3QHh3S817']
DJ Khaled	Justin Bieber	3	['1jYiIOC5d6soxkJP81fxq2', '72Q0FQQo32KJloivv5xge2', '3DXncPQOG4VBw3QHh3S817']
DJ Khaled	Lil Wayne	3	['1jYiIOC5d6soxkJP81fxq2', '72Q0FQQo32KJloivv5xge2', '3DXncPQOG4VBw3QHh3S817']
DJ Khaled	Quavo	3	['1jYiIOC5d6soxkJP81fxq2', '72Q0FQQo32KJloivv5xge2', '3DXncPQOG4VBw3QHh3S817']
Justin Bieber	Lil Wayne	3	['1jYiIOC5d6soxkJP81fxq2', '72Q0FQQo32KJloivv5xge2', '3DXncPQOG4VBw3QHh3S817']
Justin Bieber	Quavo	3	['1jYiIOC5d6soxkJP81fxq2', '72Q0FQQo32KJloivv5xge2', '3DXncPQOG4VBw3QHh3S817']
Lil Wayne	Quavo	3	['1jYiIOC5d6soxkJP81fxq2', '72Q0FQQo32KJloivv5xge2', '3DXncPQOG4VBw3QHh3S817']
Fernando & Sorocaba	Jorge & Mateus	3	['0Yx0GelVzYtJ7IkTX64QSM', '5Zha6IxtfsLjqLYndyWcER', '2WVZwImXEOdSSvPZg0TQyx']
Anitta	Major Lazer	3	['5gUFvcHTgDNthj7DmZl2L7', '4k2ZuPQ6l8AESOQdxpWxUL', '3ibRxEv4KkcU9e259eyNJA']
Anitta	Pabllo Vittar	3	['5gUFvcHTgDNthj7DmZl2L7', '4k2ZuPQ6l8AESOQdxpWxUL', '3ibRxEv4KkcU9e259eyNJA']
Major Lazer	Pabllo Vittar	3	['5gUFvcHTgDNthj7DmZl2L7', '4k2ZuPQ6l8AESOQdxpWxUL', '3ibRxEv4KkcU9e259eyNJA']
Mateus Carrilho	Pabllo Vittar	3	['4BcWcZoludxrNoPUw5napp', '65RwAcaZdljQP95amVlFu7', '4kkQGhScJDzNIIGavQE9SN']
Anitta	Gustavo Mioto	2	['2lN3l0jHCjVulwdPX6NvUn', '4JPSfCXQe6kDliMIJTqISW']
Camila Cabello	Quavo	2	['3Ytr1SUCUi6J3L9dRFx5iH', '4xBjsLUSjcx2h7PcRikpQp']
Ivete Sangalo	Mc Livinho	2	['0PTKuTbIRUkwfdv4FRpiC8', '4UbWczmUqp2mfzSHSmTpAC']
Daft Punk	The Weeknd	2	['5aAx2yezTd8zXrkmtKl66Z', '5GXAXm5YOmYT0kL5jHvYBt']
J Balvin	Willy William	2	['7fwXWKdDNI5IutOMc5OKYw', '2rb5MvYT7ZIxbKW5hfcHx8']
Alok	Bruno Martini	2	['06ZpMjkNdIDKVf3mK29UiC', '1a5Yu5L18qNxVhXx38njON']
Alok	Zeeba	2	['06ZpMjkNdIDKVf3mK29UiC', '1a5Yu5L18qNxVhXx38njON']
Bruno Martini	Zeeba	2	['06ZpMjkNdIDKVf3mK29UiC', '1a5Yu5L18qNxVhXx38njON']
G-Eazy	Halsey	2	['5k38wzpLb15YgncyWdTZE4', '3YU6vJbjYUG0tiJyXf9x5V']
Major Lazer	MØ	2	['4WjH9Bzt3kx7z8kl0awxh4', '6DNtNfH8hXkqOX1sjqmI7p']
CNCO	Little Mix	2	['3zoYkqS4y2BsGVShPL2nTE', '5PB8zB1MOZASboLquvinMF']
Big Sean	Calvin Harris	2	['6BaCraQ9xeLYg4Sb9TBT2X', '5bcTCxgc7xVfSaMV3RuVke']
Big Sean	Katy Perry	2	['6BaCraQ9xeLYg4Sb9TBT2X', '5bcTCxgc7xVfSaMV3RuVke']
Big Sean	Pharrell Williams	2	['6BaCraQ9xeLYg4Sb9TBT2X', '5bcTCxgc7xVfSaMV3RuVke']
Calvin Harris	Katy Perry	2	['6BaCraQ9xeLYg4Sb9TBT2X', '5bcTCxgc7xVfSaMV3RuVke']
Katy Perry	Pharrell Williams	2	['6BaCraQ9xeLYg4Sb9TBT2X', '5bcTCxgc7xVfSaMV3RuVke']
Menor	Zé Felipe	2	['1dVbxcUqGGEd9oBWUCwmfb', '6EFIK4B0jrvLO096QYEhnX']
João Neto & Frederico	MC Kevinho	2	['4sVkydp30HWLjOvF2ILbGy', '5JZlDZzWPbrYwMHmnOQO3U']
Maroon 5	SZA	2	['4mxWSdf71VFO52qFeY0fZt', '3hBBKuWJfxlIlnd9QFoC8k']
Alok	IRO	2	['2WTCoQLkQ9FPdvThkf8nN1', '24putRJqkmdXxfKq5OI4TC']
Alok	Mathieu Koss	2	['71P1N0X76YtZMbBIGG47un', '1xd3OqTbx17HutN7RfJOTj']
Ivete Sangalo	Naiara Azevedo	2	['6arll1Y1aPC7FZqZsHnSsP', '39vJqbfolMyPJtJuyoj1EM']
Macklemore	Skylar Grey	2	['3HVr6jTVwBHBa2flM0eURR', '0CokSRCu5hZgPxcZBaEzVE']
Jerry Smith	MC WM	2	['4MBS01zB5I96t3XcfkpKKm', '6CS7Z9x8DrfR5NPiLUFXMY']
ANAVITÓRIA	Matheus & Kauan	2	['0lwrkYbCwtAWTI0OIWEnd6', '1qDZnViQgUItsMpWLVwfGb']
Mc Livinho	Mc Pedrinho	2	['7bQ798Zl1FlT9dRMxkc77j', '2ZUbYZPp8Wp0J5hHp1Mn4b']
Gustavo Mioto	Jorge & Mateus	2	['4lHu4NduxtNJU4mxAuMRXB', '7JdZZfozlODQ08ATf8xIZ6']
MC WM	Os Cretinos	2	['2AUvXXgYuNFJMCPdhxONfa', '4eZg3l8x5aMvgwsRHcZuIC']
Jonas Blue	William Singe	2	['0NiXXAI876aGImAd6rTj8w', '4xlrALxuaCf9yZBHJeTSG6']
Anitta	Simone & Simaria	2	['12bMDI4NKm0arLS3PKv6Fo', '257tme6AhneIKAqVF1HTH4']
Jorge	Thiago Brava	2	['0dGqIEsFN3KakdPCMkgjre', '5huhTBZco7UxXDqCIwlQ2s']
Fifth Harmony	Gucci Mane	2	['20H2Hd5AkUcRjB4yL3UQtJ', '7LEydI5NfjY6mZfKwYIptZ']
Gusttavo Lima	Jads & Jadson	2	['5sby99lbxTE3F2RA3YWGyM', '4cn0Y9VlOUQ1CcdqTz0ROp']
Katy Perry	Migos	2	['61WbtB6ujkpNAsAf5LjF4b', '14oOKFGuXu8DqvOe1W8vao']
A$AP Rocky	Lana Del Rey	2	['03hqMhmCZiNKMSPmVabPLP', '5QqyRUZeBE04yJxsD1OC0I']
Henrique & Juliano	Marília Mendonça	2	['0phVJ23NJlruwtt1XCm94N', '5s2ydrmJOiPeZGx4S4X8Aw']
French Montana	Swae Lee	2	['3B54sVLJ402zGa6Xm4YGNe', '1F2HXIJrE2Xn81OzT2zZvW']
Lana Del Rey	The Weeknd	2	['5LYQSNHZxEA880URXFHg6h', '4L7Y2OAPiY2I2GndZjAs5K']
Halsey	Lauren Jauregui	2	['11EDhDAVDtGPoSar6ootYA', '4C5ewaZ05vyXM23jFJdwd4']
21 Savage	Post Malone	2	['1OmcAT5Y8eg5bUPv9qJT4R', '7wGoVu4Dady5GV0Sv4UIsx']
Katy Perry	Skip Marley	2	['5ndfVSDyPq90jaIUhNPeby', '6520aj0B4FSKGVuKNsOCOi']
ANAVITÓRIA	Projota	2	['6ALXhCtReKYxst5J0hWE2z', '7vxMtIwEn1bUKTqPKEMzJJ']
Daddy Yankee	Luis Fonsi	2	['5CtI0qwDJkDQGwXD1H1cLb', '4aWmUDTfIPGksMNLV2rQP2']
Katy Perry	Nicki Minaj	2	['2kVHAQKVtczchKctctzbtK', '3VRk65lHSwqd90TAkQqhvB']
Kendrick Lamar	Maroon 5	1	['5MFzQMkrl1FOOng9tq6R9r']
Sandy	Tiago Iorc	1	['4xHkRNzzHtj3O3Z1pjYWRC']
Camila Cabello	Daddy Yankee	1	['3whrwq4DtvucphBPUogRuJ']
The Chainsmokers	XYLØ	1	['0B8B8cVRFIG1yznoQe7c9s']
Jorge & Mateus	Michel Teló	1	['1fbenbaBdr8ppDeGMOX121']
Lil Uzi Vert	Migos	1	['4Km5HrUvYTaSUfiSGPJeQR']
MC Kevinho	Wesley Safadão	1	['4TwxzrAK84IvWCFDaQJcBr']
G-Eazy	Kehlani	1	['1Eck97uRMlprKOOJN9oO1E']
Beyoncé	J Balvin	1	['7fwXWKdDNI5IutOMc5OKYw']
Beyoncé	Willy William	1	['7fwXWKdDNI5IutOMc5OKYw']
Justin Jesso	Kygo	1	['0Zbbxnx4SGGHoIow4PpISP']
Anitta	DJ Yuri Martins	1	['6u0EAxf1OJTLS7CvInuNd7']
Anitta	Maejor	1	['6u0EAxf1OJTLS7CvInuNd7']
Anitta	Mc Zaac	1	['6u0EAxf1OJTLS7CvInuNd7']
Anitta	Tropkillaz	1	['6u0EAxf1OJTLS7CvInuNd7']
DJ Yuri Martins	Maejor	1	['6u0EAxf1OJTLS7CvInuNd7']
DJ Yuri Martins	Mc Zaac	1	['6u0EAxf1OJTLS7CvInuNd7']
DJ Yuri Martins	Tropkillaz	1	['6u0EAxf1OJTLS7CvInuNd7']
Maejor	Mc Zaac	1	['6u0EAxf1OJTLS7CvInuNd7']
Maejor	Tropkillaz	1	['6u0EAxf1OJTLS7CvInuNd7']
Mc Zaac	Tropkillaz	1	['6u0EAxf1OJTLS7CvInuNd7']
Anitta	Projota	1	['0J1TzQOuHyS7KA6Sq33flE']
Marshmello	Selena Gomez	1	['7EmGUiUaOSGDnUUQUDrOXC']
DJ Snake	Major Lazer	1	['4WjH9Bzt3kx7z8kl0awxh4']
DJ Snake	MØ	1	['4WjH9Bzt3kx7z8kl0awxh4']
Luan Santana	Nego do Borel	1	['47zBTlbsiXs9ooyPo7Z7VT']
Descemer Bueno	Enrique Iglesias	1	['7nKBxz47S9SD79N086fuhn']
Descemer Bueno	Zion & Lennox	1	['7nKBxz47S9SD79N086fuhn']
Enrique Iglesias	Zion & Lennox	1	['7nKBxz47S9SD79N086fuhn']
Ariana Grande	Future	1	['3FiE2d325mIOc4YjkSLVJR']
Henrique & Diego	Simone & Simaria	1	['6gquljDBW7rE6mCBzmTRxo']
Cedric Gervais	Chris Willis	1	['4PdJSsESm34djLfBde9Pr2']
Cedric Gervais	David Guetta	1	['4PdJSsESm34djLfBde9Pr2']
Chris Willis	David Guetta	1	['4PdJSsESm34djLfBde9Pr2']
Cristiano Araújo	Maiara & Maraisa	1	['2wmY09fsvmYgA7bKZzjAVt']
CADE	Cheat Codes	1	['1NDxZ7cFAo481dtYWdrUnR']
CADE	Maggie Lindemann	1	['1NDxZ7cFAo481dtYWdrUnR']
Cheat Codes	Maggie Lindemann	1	['1NDxZ7cFAo481dtYWdrUnR']
Justin Bieber	Major Lazer	1	['6DNtNfH8hXkqOX1sjqmI7p']
Justin Bieber	MØ	1	['6DNtNfH8hXkqOX1sjqmI7p']
Khalid	Marshmello	1	['7vGuf3Y35N4wmASOKLUVVU']
Israel Novaes	Wesley Safadão	1	['1ypcU9264wnBwPvmrIy4fx']
MC Gudan	Mc Don Juan	1	['3ipKvc6xyJbTxVwoEjpLNv']
Henrique & Diego	MC Guime	1	['4lbPwb1Beo7JU2VwuJRTeR']
Lucas Lucco	MC G15	1	['3sIMCkwUZbQbWeNOTG3ET4']
Kendrick Lamar	U2	1	['4iYRa2btalAzPZoSYfROqF']
Jorge & Mateus	Lucas Lucco	1	['0wVGdVXKpv5d93SWQF9XBr']
Dennis DJ	MC Nandinho	1	['7DRP2VOMpy1rrk3iYFLCW9']
Dennis DJ	Nego Bam	1	['7DRP2VOMpy1rrk3iYFLCW9']
MC Nandinho	Nego Bam	1	['7DRP2VOMpy1rrk3iYFLCW9']
Ed Sheeran	Future	1	['2x0WlnmfG39ZuDmstl9xfX']
Ed Sheeran	Taylor Swift	1	['2x0WlnmfG39ZuDmstl9xfX']
Future	Taylor Swift	1	['2x0WlnmfG39ZuDmstl9xfX']
BloodPop®	Justin Bieber	1	['7nZmah2llfvLDiUjm0kiyz']
Ariana Grande	John Legend	1	['1KT0xdIjm7t053xByACrrg']
Coldplay	Seeb	1	['1OAiWI2oPmglaOiv9fdioU']
João Neto & Frederico	Simone & Simaria	1	['0ihMkv4Usn03EEEF8Rlw22']
Jorge & Mateus	Simone & Simaria	1	['2uhk6Fi514vtRKxKAn93zm']
Alesso	Anitta	1	['2KwojFDebQV4J2b0JMRR5Q']
Nicky Jam	Shakira	1	['70lnL3QaSOIIyMa2X9aVRL']
Marília Mendonça	Wesley Safadão	1	['1e315r3zQjsng2z952ePQ1']
Anitta	Iggy Azalea	1	['02LZ1fGJE8fB56yTlCVMEV']
Liam Payne	Zedd	1	['1CKd1PnqfYx0H12V9MSaIY']
MC WM	MC's Jhowzinho & Kadinho	1	['76Fc23n9Nrs4wULSY58LPc']
Ariana Grande	Calvin Harris	1	['60APt5N2NRaKWf5xzJdzyC']
Ariana Grande	Pharrell Williams	1	['60APt5N2NRaKWf5xzJdzyC']
Ariana Grande	Young Thug	1	['60APt5N2NRaKWf5xzJdzyC']
Calvin Harris	Young Thug	1	['60APt5N2NRaKWf5xzJdzyC']
Pharrell Williams	Young Thug	1	['60APt5N2NRaKWf5xzJdzyC']
BIA	J Balvin	1	['6rQSrBHf7HlZjtcMZ4S4bO']
BIA	Pharrell Williams	1	['6rQSrBHf7HlZjtcMZ4S4bO']
BIA	Sky	1	['6rQSrBHf7HlZjtcMZ4S4bO']
J Balvin	Pharrell Williams	1	['6rQSrBHf7HlZjtcMZ4S4bO']
J Balvin	Sky	1	['6rQSrBHf7HlZjtcMZ4S4bO']
Pharrell Williams	Sky	1	['6rQSrBHf7HlZjtcMZ4S4bO']
Mc Brinquedo	Mc Davi	1	['7bQ798Zl1FlT9dRMxkc77j']
Mc Brinquedo	Mc Livinho	1	['7bQ798Zl1FlT9dRMxkc77j']
Mc Brinquedo	Mc Pedrinho	1	['7bQ798Zl1FlT9dRMxkc77j']
Mc Brinquedo	Perera DJ	1	['7bQ798Zl1FlT9dRMxkc77j']
Mc Davi	Mc Livinho	1	['7bQ798Zl1FlT9dRMxkc77j']
Mc Davi	Mc Pedrinho	1	['7bQ798Zl1FlT9dRMxkc77j']
Mc Davi	Perera DJ	1	['7bQ798Zl1FlT9dRMxkc77j']
Mc Livinho	Perera DJ	1	['7bQ798Zl1FlT9dRMxkc77j']
Mc Pedrinho	Perera DJ	1	['7bQ798Zl1FlT9dRMxkc77j']
Dennis DJ	Mc Vitão	1	['5oZEWnw1r4l5HEtfS1sjYp']
Enrique Iglesias	Wisin	1	['6YZdkObH88npeKrrkb8Ggf']
Coldplay	The Chainsmokers	1	['6RUKPb4LETWmmr3iAEQktW']
Luan Santana	Luísa Sonza	1	['5KOaRwCAETSUC87nAHK77S']
Gabriel Diniz	Wesley Safadão	1	['7krl54SfiKf4fMlM7lGlWc']
Fifth Harmony	Pitbull	1	['2vHDurkzJ8dhCzoPzqiE2C']
Pikeno & Menor	Thiago Brava	1	['3rUEaYVs7O66ye34bhYSBR']
Alok	Bhaskar	1	['61GiOLLEn0LcavpVu1my6Q']
Liam Payne	Quavo	1	['6EpRaXYhGOB3fj4V2uDkMJ']
Bipolar Sunshine	DJ Snake	1	['4OZEu0Vwq0RB2LAq14v99n']
Gucci Mane	Selena Gomez	1	['0XLOf9LhyazPX9Ld8jPiUq']
Ana Vilela	Luan Santana	1	['66O1SfDryBYk9i3RcV5AXq']
1Kilo	Lucas Lucco	1	['1uJvq5WsL8XlVxAm4jwea3']
Dimmi	Zeeba	1	['5TY4l2xPjXDcRhG1cmZDK7']
Camila Cabello	Major Lazer	1	['3Ytr1SUCUi6J3L9dRFx5iH']
Camila Cabello	Travis Scott	1	['3Ytr1SUCUi6J3L9dRFx5iH']
Major Lazer	Quavo	1	['3Ytr1SUCUi6J3L9dRFx5iH']
Major Lazer	Travis Scott	1	['3Ytr1SUCUi6J3L9dRFx5iH']
Quavo	Travis Scott	1	['3Ytr1SUCUi6J3L9dRFx5iH']
Post Malone	Quavo	1	['3a1lNhkSLSkpJE4MSHpDu9']
Camila Cabello	Cashmere Cat	1	['43hDboyy6vJ6z2Jx5sHnCF']
Francesco Yates	Robin Schulz	1	['5tf1VVWniHgryyumXyJM7w']
Avicii	Rita Ora	1	['2OALaHcDdKkjYEpAr0Qzab']
Maiara & Maraisa	Nego do Borel	1	['6zZw7RPIs3IxDghP4UvWcY']
Kendrick Lamar	Zacari	1	['6PGoSes0D9eUDeeAafB2As']
Pabllo Vittar	Rico Dalasam	1	['3iDY4SzUHPkC3WTXpfxXJG']
Felipe Araújo	Henrique & Juliano	1	['6BPt2sVRvE41rUixcCAHY6']
MC Fioti	Mc Pikachu	1	['0YAgtA9FguNwDokj8KE1jy']
David Guetta	Jamie Scott	1	['0OlnLZY4cmQzT6ZGttvWBM']
David Guetta	Martin Garrix	1	['0OlnLZY4cmQzT6ZGttvWBM']
David Guetta	Romy Dya	1	['0OlnLZY4cmQzT6ZGttvWBM']
Jamie Scott	Martin Garrix	1	['0OlnLZY4cmQzT6ZGttvWBM']
Jamie Scott	Romy Dya	1	['0OlnLZY4cmQzT6ZGttvWBM']
Martin Garrix	Romy Dya	1	['0OlnLZY4cmQzT6ZGttvWBM']
Anitta	Nego do Borel	1	['0u8aj0c4IxeVSLTUuuq9V5']
Anitta	Wesley Safadão	1	['0u8aj0c4IxeVSLTUuuq9V5']
Nego do Borel	Wesley Safadão	1	['0u8aj0c4IxeVSLTUuuq9V5']
Anitta	J Balvin	1	['3Ga6eKrUFf12ouh9Yw3v2D']
Dennis DJ	Henrique & Diego	1	['5SnQDj5REQVvAdSlhqkEcE']
MC Kevinho	Naiara Azevedo	1	['6EbWh7j1nLYNd2Gqlqvrc3']
Jonas Blue	RAYE	1	['1D3ODoXHBLpdxolZRHWV1j']
Choice	Lord	1	['1YUWhlQjFv7MQpcbb77zTL']
Choice	Maria	1	['1YUWhlQjFv7MQpcbb77zTL']
Choice	Pineapple StormTv	1	['1YUWhlQjFv7MQpcbb77zTL']
Choice	Salve Malak	1	['1YUWhlQjFv7MQpcbb77zTL']
Choice	Sant	1	['1YUWhlQjFv7MQpcbb77zTL']
Choice	Tiago Mac	1	['1YUWhlQjFv7MQpcbb77zTL']
Lord	Maria	1	['1YUWhlQjFv7MQpcbb77zTL']
Lord	Pineapple StormTv	1	['1YUWhlQjFv7MQpcbb77zTL']
Lord	Salve Malak	1	['1YUWhlQjFv7MQpcbb77zTL']
Lord	Sant	1	['1YUWhlQjFv7MQpcbb77zTL']
Lord	Tiago Mac	1	['1YUWhlQjFv7MQpcbb77zTL']
Maria	Pineapple StormTv	1	['1YUWhlQjFv7MQpcbb77zTL']
Maria	Salve Malak	1	['1YUWhlQjFv7MQpcbb77zTL']
Maria	Sant	1	['1YUWhlQjFv7MQpcbb77zTL']
Maria	Tiago Mac	1	['1YUWhlQjFv7MQpcbb77zTL']
Pineapple StormTv	Salve Malak	1	['1YUWhlQjFv7MQpcbb77zTL']
Pineapple StormTv	Sant	1	['1YUWhlQjFv7MQpcbb77zTL']
Pineapple StormTv	Tiago Mac	1	['1YUWhlQjFv7MQpcbb77zTL']
Salve Malak	Sant	1	['1YUWhlQjFv7MQpcbb77zTL']
Salve Malak	Tiago Mac	1	['1YUWhlQjFv7MQpcbb77zTL']
Sant	Tiago Mac	1	['1YUWhlQjFv7MQpcbb77zTL']
MC Kevinho	Matheus & Kauan	1	['7q5agbUOzZnVF4Yes3AD7I']
Fifth Harmony	Ty Dolla $ign	1	['4tCtwWceOPWzenK2HAIJSb']
Bruno Martini	Isadora	1	['5knrAEjUMh6T2kDCN7YD2b']
Jorge & Mateus	Maiara & Maraisa	1	['3QhJAGDdxt749dFveYVy4M']
MC Vigary	Mc Zaac	1	['1zhfU6YXa2pXUAQdG1NvBZ']
Haikaiss	Jonas Bento	1	['3YSagrvQP9x32rAjEI48PL']
Camila Cabello	Young Thug	1	['0ofbQMrRDsUaVKq2mGLEAb']
Beyoncé	Ed Sheeran	1	['1bhUWB0zJMIKr9yVPrkEuI']
Gusttavo Lima	Hungria Hip Hop	1	['5aLvtKo9672scTVdEwXPTg']
Anitta	Maluma	1	['4FxumkF81ICxITeqxx4nK9']
Ronaldinho Gaúcho	Wesley Safadão	1	['0Or4rCFurYpUxYh0bbpxRY']
MØ	Snakehips	1	['0Zx8khUcEfCFK2AEoIhC92']
Taylor Swift	ZAYN	1	['3NdDpSvN911VPGivFlV5d0']
Olivia O'Brien	gnash	1	['7vRriwrloYVaoAe3a9wJHe']
Major Lazer	Nicki Minaj	1	['0fg8CqpjdojMyXLNzM2PaJ']
Major Lazer	PARTYNEXTDOOR	1	['0fg8CqpjdojMyXLNzM2PaJ']
Nicki Minaj	PARTYNEXTDOOR	1	['0fg8CqpjdojMyXLNzM2PaJ']
Day e Lara	Maiara & Maraisa	1	['3twpVbHfTCpgHNlStxfpzx']
Fetty Wap	Mark Morrison	1	['7aV2mflaASUmGhCErm7kBO']
Fetty Wap	Nevada	1	['7aV2mflaASUmGhCErm7kBO']
Mark Morrison	Nevada	1	['7aV2mflaASUmGhCErm7kBO']
Camila Cabello	Machine Gun Kelly	1	['1PSBzsahR2AKwLJgx8ehBj']
JP Cooper	Jonas Blue	1	['1CUVN2kn7mW5FjkqXTR2W1']
Bryson Tiller	DJ Khaled	1	['1OAh8uOEOvTDqkKFsKksCi']
Bryson Tiller	Rihanna	1	['1OAh8uOEOvTDqkKFsKksCi']
DJ Khaled	Rihanna	1	['1OAh8uOEOvTDqkKFsKksCi']
Costa Gold	Don L	1	['0Mh4id8WvrTFOB9RiVitrB']
Costa Gold	Luccas Carlos	1	['0Mh4id8WvrTFOB9RiVitrB']
Don L	Luccas Carlos	1	['0Mh4id8WvrTFOB9RiVitrB']
Dua Lipa	Martin Garrix	1	['3ebXMykcMXOcLeJ9xZ17XH']
MC DG	MC Gustta	1	['7vgNGxchhqDQWjKjLPTPro']
Ivete Sangalo	Wesley Safadão	1	['6SyanVgX0iSgJsBi09lzgE']
Daya	The Chainsmokers	1	['0QsvXIfqM0zZoerQfsI9lm']
PARTYNEXTDOOR	ZAYN	1	['000xQL6tZNLJzIrtIgxqSl']
Ryan Riback	Starley	1	['78rIJddV4X0HkNAInEcYde']
Luan Santana	Sandy	1	['5zNK9ZyCrrJFlGgMMv2Xt7']
Felipe Araújo	Jorge & Mateus	1	['0YK4RDyccDYO5aWQGKMZ2h']
Anitta	Jhama	1	['5Bn6W4bwH7Bw5nMvn8V4xF']
BTS	Desiigner	1	['7Ed6BkggCS2KaKY5YlINaF']
BTS	Steve Aoki	1	['7Ed6BkggCS2KaKY5YlINaF']
Desiigner	Steve Aoki	1	['7Ed6BkggCS2KaKY5YlINaF']
Dj Lk	Mc Livinho	1	['2ZUbYZPp8Wp0J5hHp1Mn4b']
Dj Lk	Mc Pedrinho	1	['2ZUbYZPp8Wp0J5hHp1Mn4b']
Bruno & Marrone	Marília Mendonça	1	['6uyMtLQXZ8amkLyv5l7F7O']
Pabllo Vittar	Preta Gil	1	['2wBr59j9see3tGF9Haxbo3']
Demi Lovato	Luis Fonsi	1	['1zsG4eaZmkA1dvjDDsAGLK']
Avicii	Sandro Cavazza	1	['6WbADFqMvR8N5u0BvtsWQE']
Calvin Harris	Disciples	1	['22mek4IiqubGD9ctzxc69s']
Maroon 5	Wiz Khalifa	1	['1XGmzt0PVuFgQYYnV2It7A']
Marcos & Belutti	Wesley Safadão	1	['62LiYpeFoJaixqkaNRGg47']
P!nk	Sia	1	['7pYFPMeK0TnaTGdS6qOtEr']
P!nk	Stargate	1	['7pYFPMeK0TnaTGdS6qOtEr']
Sia	Stargate	1	['7pYFPMeK0TnaTGdS6qOtEr']
Drake	Rihanna	1	['14WWzenpaEgQZlqPq2nk4v']
Jason Derulo	Nicki Minaj	1	['6kex4EBAj0WHXDKZMEJaaF']
Jason Derulo	Ty Dolla $ign	1	['6kex4EBAj0WHXDKZMEJaaF']
Nicki Minaj	Ty Dolla $ign	1	['6kex4EBAj0WHXDKZMEJaaF']
Bruninho & Davi	Luan Santana	1	['0Kr77AosR2k944IhHm8zhH']
Martin Garrix	Troye Sivan	1	['6jA8HL9i4QGzsj6fjoxp8Y']
Dennis DJ	Mc Th	1	['75DcKqrUm2hdONrWBrNM4A']
Grey	Hailee Steinfeld	1	['1qOLh0tI7trd1zdDKxYZTe']
Grey	Zedd	1	['1qOLh0tI7trd1zdDKxYZTe']
Hailee Steinfeld	Zedd	1	['1qOLh0tI7trd1zdDKxYZTe']
Matoma	The Vamps	1	['1yNyoWWWikbLhwIGWjZuDW']
Leo Santana	MC Kevinho	1	['7yYOMPwpV5CsK0cxoAZT6B']
Bebe Rexha	Digital Farm Animals	1	['7F9vK8hNFMml4GtHsaXui6']
Bebe Rexha	Louis Tomlinson	1	['7F9vK8hNFMml4GtHsaXui6']
Digital Farm Animals	Louis Tomlinson	1	['7F9vK8hNFMml4GtHsaXui6']
Calvin Harris	Frank Ocean	1	['7tr2za8SQg2CI8EDgrdtNl']
Calvin Harris	Migos	1	['7tr2za8SQg2CI8EDgrdtNl']
Frank Ocean	Migos	1	['7tr2za8SQg2CI8EDgrdtNl']
Emily Warren	FRENSHIP	1	['2XMTqoHHSH0lvuXrvIEdco']
Alessia Cara	Khalid	1	['5tz69p7tJuGPeMGwNTxYuV']
Alessia Cara	Logic	1	['5tz69p7tJuGPeMGwNTxYuV']
Khalid	Logic	1	['5tz69p7tJuGPeMGwNTxYuV']
FTampa	Kamatos	1	['7hA7pMp2Vr1OCC4sWYwaMG']
Ty Dolla $ign	Zara Larsson	1	['54LGxQGf5LPXNGjtzDZ5IE']
Mike Posner	Seeb	1	['17Fd6Yb7mSbinKG8LoWfFl']
Clean Bandit	Julia Michaels	1	['2xmrfQpmS2iJExTlklLoAL']
Anitta	Luan Santana	1	['5oVVAwRQnXJDEHFNeganG0']
Bruno Martini	Johnny Franco	1	['4C6IBSWdeKpiEChXGhZaRs']
Bruno Martini	Timbaland	1	['4C6IBSWdeKpiEChXGhZaRs']
Johnny Franco	Timbaland	1	['4C6IBSWdeKpiEChXGhZaRs']
Anne-Marie	Clean Bandit	1	['5knuzwU65gJK7IF5yJsuaW']
Anne-Marie	Sean Paul	1	['5knuzwU65gJK7IF5yJsuaW']
Clean Bandit	Sean Paul	1	['5knuzwU65gJK7IF5yJsuaW']
1Kilo	Baviera	1	['2srL4DYBekshpbprS6H0mO']
1Kilo	Knust	1	['2srL4DYBekshpbprS6H0mO']
Baviera	Knust	1	['2srL4DYBekshpbprS6H0mO']
Kendrick Lamar	Sia	1	['7xHWNBFm6ObGEQPaUxHuKO']
Alessia Cara	Zedd	1	['0dA2Mk56wEzDgegdC6R17g']
David Guetta	Justin Bieber	1	['3A7qX2QjDlPnazUsRk5y0M']
Ed Sheeran	Eminem	1	['5UEnHoDYpsxlfzWLZIc7LD']
Clubbers	Vintage Culture	1	['2eIqsDLYwcHvhyuOH6BjBe']
MC Hariel	Mc Don Juan	1	['2wc8HF4fqX4oPBuZnadO8t']
Alesso	Florida Georgia Line	1	['5AEtlRudpgdT5FtNiuly6Y']
Alesso	Hailee Steinfeld	1	['5AEtlRudpgdT5FtNiuly6Y']
Alesso	watt	1	['5AEtlRudpgdT5FtNiuly6Y']
Florida Georgia Line	Hailee Steinfeld	1	['5AEtlRudpgdT5FtNiuly6Y']
Florida Georgia Line	watt	1	['5AEtlRudpgdT5FtNiuly6Y']
Hailee Steinfeld	watt	1	['5AEtlRudpgdT5FtNiuly6Y']
Alok	Matheus & Kauan	1	['2JnvMToHG03X15PR6Z9DeA']
Halsey	The Chainsmokers	1	['7BKLCZ1jbUBVqRi2FVlTVw']
Gucci Mane	Rae Sremmurd	1	['6fujklziTHa8uoM5OQSfIo']
Ariana Grande	Nicki Minaj	1	['4pLwZjInHj3SimIyN9SnOz']
Bebe Rexha	Florida Georgia Line	1	['7iDa6hUg2VgEL1o1HjmfBn']
MC THD	Mc Gui	1	['4RuvPSCJ7xvRVOxiFBUt9B']
Alok	Liu	1	['5mWbOKfRxcS5iv32amTHPe']
Alok	Stonefox	1	['5mWbOKfRxcS5iv32amTHPe']
Liu	Stonefox	1	['5mWbOKfRxcS5iv32amTHPe']
Calvin Harris	Rihanna	1	['0azC730Exh71aQlOt9Zj3y']
Bruno Mars	David Guetta	1	['5UJshy5HDHdNEVqlJwzsQB']
Trippie Redd	XXXTENTACION	1	['7AQim7LbvFVZJE3O8TYgf2']
Phoebe Ryan	The Chainsmokers	1	['2rizacJSyD9S1IQUxUxnsK']
Louis Tomlinson	Steve Aoki	1	['3EmmCZoqpWOTY1g2GBwJoR']
Future	J Balvin	1	['4zWO4gvuFtw6EJZC5FFGlr']
Future	Juan Magán	1	['4zWO4gvuFtw6EJZC5FFGlr']
Future	MC Fioti	1	['4zWO4gvuFtw6EJZC5FFGlr']
Future	Stefflon Don	1	['4zWO4gvuFtw6EJZC5FFGlr']
J Balvin	Juan Magán	1	['4zWO4gvuFtw6EJZC5FFGlr']
J Balvin	MC Fioti	1	['4zWO4gvuFtw6EJZC5FFGlr']
J Balvin	Stefflon Don	1	['4zWO4gvuFtw6EJZC5FFGlr']
Juan Magán	MC Fioti	1	['4zWO4gvuFtw6EJZC5FFGlr']
Juan Magán	Stefflon Don	1	['4zWO4gvuFtw6EJZC5FFGlr']
MC Fioti	Stefflon Don	1	['4zWO4gvuFtw6EJZC5FFGlr']
Kiiara	Linkin Park	1	['104buTcnP2AsxqB7U1FIZ4']
Solange Almeida	Wesley Safadão	1	['6X5jBkAFu7HE3jigdoVW3r']
Emily Warren	The Chainsmokers	1	['1pJQAHpD51J7GYaFrrFO9S']
MC Kevinho	Mc Davi	1	['5j0tH4MzB4QyJLX8Ys9ofG']
Alok	Sevenn	1	['3GjF8PNprVtiBtQnSgcHFU']
Dennis DJ	Mc Leléto	1	['6AaoEX192rJ6o3UFwG43sV']
Dennis DJ	Mc Maromba	1	['6AaoEX192rJ6o3UFwG43sV']
Mc Leléto	Mc Maromba	1	['6AaoEX192rJ6o3UFwG43sV']
Lucas Lucco	MC Lan	1	['3SdYnX1212sx5X0N4Lj3Vb']
Lauren Jauregui	Steve Aoki	1	['5mAxA6Q1SIym6dPNiFLUyd']
Gaab	MC Hariel	1	['4lNriuYNZD2YP2OPG6xOte']
Matheus & Kauan	Wesley Safadão	1	['6zCqeUUqLb2CapBmVwAHll']
Eminem	P!nk	1	['3OEer2dQj1eWhSqxatGiru']
Henrique & Juliano	João Bosco & Vinicius	1	['4PNi30UilK0CZi2z9wegMQ']
Calvin Harris	Future	1	['0lMbuWUpfTWhEmOKxppEau']
Calvin Harris	Khalid	1	['0lMbuWUpfTWhEmOKxppEau']
Future	Khalid	1	['0lMbuWUpfTWhEmOKxppEau']
Fuse ODG	Major Lazer	1	['0L7loeTIg6akW84aEQZpCT']
Fuse ODG	Nyla	1	['0L7loeTIg6akW84aEQZpCT']
Major Lazer	Nyla	1	['0L7loeTIg6akW84aEQZpCT']
IZA	Marcelo Falcão	1	['1BkyiAw1L0BOHYckwpRX4V']
Boss in Drama	Karol Conká	1	['4hFqC4g2VvVSY8XQNR0HAQ']
Daddy Yankee	Justin Bieber	1	['5CtI0qwDJkDQGwXD1H1cLb']
Justin Bieber	Luis Fonsi	1	['5CtI0qwDJkDQGwXD1H1cLb']
Maiara & Maraisa	Naiara Azevedo	1	['2DAGCHu5aoo2FOjmtU9ojo']
Beyoncé	Eminem	1	['5b2QnYcT9rQIkhRWt4HztQ']
Dakota	Jonas Blue	1	['6OZh916QF8XNunWaP97WEZ']
Sia	ZAYN	1	['1j4kHkkpqZRBwE0A4CN4Yv']
Cookin' On 3 Burners	Kungs	1	['0tICYNayWWhH9GPeFrfjfD']
Luan Santana	Marília Mendonça	1	['5Nw3HvX6k8cB7NjEkqJkij']
Henrique & Diego	Matheus & Kauan	1	['3LFG5DqNQRK0yL6WNMw99P']
Clean Bandit	Zara Larsson	1	['1x5sYLZiu9r5E43kMlt9f8']
Imagine Dragons	Lil Wayne	1	['4dASQiO1Eoo3RJvt74FtXB']
Imagine Dragons	Logic	1	['4dASQiO1Eoo3RJvt74FtXB']
Imagine Dragons	Ty Dolla $ign	1	['4dASQiO1Eoo3RJvt74FtXB']
Imagine Dragons	Wiz Khalifa	1	['4dASQiO1Eoo3RJvt74FtXB']
Imagine Dragons	X Ambassadors	1	['4dASQiO1Eoo3RJvt74FtXB']
Lil Wayne	Logic	1	['4dASQiO1Eoo3RJvt74FtXB']
Lil Wayne	Ty Dolla $ign	1	['4dASQiO1Eoo3RJvt74FtXB']
Lil Wayne	Wiz Khalifa	1	['4dASQiO1Eoo3RJvt74FtXB']
Lil Wayne	X Ambassadors	1	['4dASQiO1Eoo3RJvt74FtXB']
Logic	Ty Dolla $ign	1	['4dASQiO1Eoo3RJvt74FtXB']
Logic	Wiz Khalifa	1	['4dASQiO1Eoo3RJvt74FtXB']
Logic	X Ambassadors	1	['4dASQiO1Eoo3RJvt74FtXB']
Ty Dolla $ign	Wiz Khalifa	1	['4dASQiO1Eoo3RJvt74FtXB']
Ty Dolla $ign	X Ambassadors	1	['4dASQiO1Eoo3RJvt74FtXB']
Wiz Khalifa	X Ambassadors	1	['4dASQiO1Eoo3RJvt74FtXB']
Anne-Marie	FTampa	1	['75pYvqSYv5xRux1fFiIFTn']
DJ Marlboro	Mc Livinho	1	['6gxcySGdwlisjOUGYmJmB8']
1Kilo	DoisP	1	['6TtEsPJua1fXgiaYSjo4JD']
Cat Dealers	Evokings	1	['1eumDcFTsoLPEN31viUhkt']
Cat Dealers	Magga	1	['1eumDcFTsoLPEN31viUhkt']
Evokings	Magga	1	['1eumDcFTsoLPEN31viUhkt']
Kendrick Lamar	Rihanna	1	['6SwRhMLwNqEi6alNPVG00n']
Cheat Codes	David Guetta	1	['1cG0umU5TKStygKsPFZ9pY']
Cheat Codes	Robin Schulz	1	['1cG0umU5TKStygKsPFZ9pY']
David Guetta	Robin Schulz	1	['1cG0umU5TKStygKsPFZ9pY']
DJ Snake	Justin Bieber	1	['4pdPtRcBmOSQDlJ3Fk945m']
A$AP Rocky	Playboi Carti	1	['5QqyRUZeBE04yJxsD1OC0I']
Lana Del Rey	Playboi Carti	1	['5QqyRUZeBE04yJxsD1OC0I']
Anitta	Poo Bear	1	['3YeY4NnyJENxOb0Pi1f3x7']
Ivete Sangalo	Luan Santana	1	['5OZqnhkGUxuSuW2P7CzH7y']
Lucas Lucco	Pedro Paulo & Alex	1	['4RiawNnc4pew07pvV69ksg']
Bebe Rexha	Martin Garrix	1	['04DwTuZ2VBdJCCC5TROn7L']
ANAVITÓRIA	Tiago Iorc	1	['6bgQIw80xWC3MPZX4kVYGw']
Maluma	Shakira	1	['6mICuAdrwEjh6Y6lroV2Kg']
Drake	Kyla	1	['1xznGGDReH1oQq0xzbwXa3']
Drake	WizKid	1	['1xznGGDReH1oQq0xzbwXa3']
Kyla	WizKid	1	['1xznGGDReH1oQq0xzbwXa3']
Dennis DJ	Maiara & Maraisa	1	['6aIrHPvM3l16MeS7iOQRYO']
Dennis DJ	Marília Mendonça	1	['6aIrHPvM3l16MeS7iOQRYO']
Maiara & Maraisa	Marília Mendonça	1	['6aIrHPvM3l16MeS7iOQRYO']
Fernando & Sorocaba	Nego do Borel	1	['7wsm2QsZansrVnWmDsWs1w']
Cheat Codes	Demi Lovato	1	['1louJpMmzEicAn7lzDalPW']
Emma Stone	Ryan Gosling	1	['0LtVx5vsq9nfpGsWgjUin6']
Charlie Puth	Selena Gomez	1	['68EMU2RD1ECNeOeJ5qAXCV']
DJ Cassula	Jerry Smith	1	['7CtFr21TzdM4ntuBkwzpxg']
DJ Cassula	Mc Nando Dk	1	['7CtFr21TzdM4ntuBkwzpxg']
Jerry Smith	Mc Nando Dk	1	['7CtFr21TzdM4ntuBkwzpxg']
Maluma	Nego do Borel	1	['4lESS6vuruP6a79KWRaQou']
Kygo	Selena Gomez	1	['3eR23VReFzcdmS7TYCrhCe']
Jerry Smith	Munhoz & Mariano	1	['26bMmC90QF0FOd1ctDnkeU']
Ellie Goulding	Kygo	1	['2Gl0FzuLxflY6nPifJp5Dr']
