source	target	weight	avg_streams
french hip hop	pop urbaine	413	3344188.6566265062
french hip hop	french hip hop	246	3252127.4659090918
french hip hop	rap francais	215	3025203.223300971
francoton	french hip hop	207	3100646.067226892
pop urbaine	rap francais	201	2909003.649484536
pop urbaine	pop urbaine	196	3330785.078571428
francoton	pop urbaine	183	3011212.942857143
french hip hop	rap conscient	163	3452860.504587156
dance pop	pop	140	4717662.015384615
pop	pop	118	4633965.527027027
pop urbaine	rap conscient	116	3952813.059523809
pop rap	rap	106	1743723.0526315786
pop	pop rap	98	3348153.98
pop	post-teen pop	97	4127042.8888888885
pop	rap	86	2751704.5
rap	trap	85	1931171.3076923082
pop	tropical house	85	5650416.170212766
francoton	rap francais	81	2319703.75
hip hop	rap	78	1671425.682926829
edm	pop	74	5887367.302325581
french hip hop	french pop	72	3067022.291666666
rap	rap	67	1878849.1960784318
hip hop	pop rap	65	1494219.1176470588
dance pop	tropical house	65	5469987.736842105
francoton	rap conscient	62	3813425.04
pop rap	trap	62	1761158.7837837837
rap conscient	rap francais	61	3351172.413043478
dance pop	pop rap	61	3571073.6470588236
french pop	pop urbaine	60	2463002.9761904757
dance pop	post-teen pop	59	4245051.0
rap francais	rap francais	57	2319519.6279069767
dance pop	edm	56	5642566.684210528
francoton	francoton	55	2959115.8936170214
rap	southern hip hop	54	1755190.666666667
latin	reggaeton	53	5619695.222222222
french hip hop	rap calme	52	2249191.272727273
hip hop	pop	49	1948738.7931034483
pop urbaine	rap marseille	48	1654996.2258064516
dance pop	dance pop	47	4895274.9428571435
pop rap	southern hip hop	46	1822143.8846153843
pop	trap	45	2289748.12
pop rap	post-teen pop	45	3329066.7419354836
hip hop	trap	44	1491780.52
dance pop	rap	43	3465201.56
pop rap	pop rap	43	1599257.1935483871
electropop	pop	43	3064558.6363636362
francoton	french pop	38	2916385.571428572
post-teen pop	rap	38	2792060.4814814813
edm	tropical house	38	3389034.1363636362
french hip hop	rap marseille	38	1626062.6071428568
hip hop	southern hip hop	35	1426225.5789473685
atl hip hop	rap	34	1689145.72
french pop	rap francais	33	2712813.5925925933
edm	post-teen pop	33	5635266.038461537
post-teen pop	tropical house	33	5318028.8
pop	southern hip hop	30	1650819.875
southern hip hop	trap	30	1454222.0625
french hip hop	rap algerien	29	4192022.35
pop urbaine	rap algerien	29	4183940.2857142864
atl hip hop	pop rap	29	1497154.9130434785
rap calme	rap conscient	28	2433032.964285714
rap conscient	rap conscient	28	4113654.7692307686
latin	latin	28	5619695.222222222
latin	latin hip hop	26	5564067.0
reggaeton	reggaeton	25	8113951.166666668
latin	tropical	25	4858480.857142857
dance pop	trap	24	3563558.6875
latin hip hop	reggaeton	24	8897749.333333334
electro house	pop	24	4960304.333333333
pop	uk pop	24	7011245.266666668
hip hop	hip hop	24	1115628.85
trap	trap	24	1451112.3636363638
reggaeton	tropical	23	4858480.857142857
tropical house	tropical house	23	3696917.052631579
belgian hip hop	french hip hop	23	4082222.833333334
dance pop	electropop	22	3743913.1875
rap francais	rap marseille	21	633432.6666666665
atl hip hop	hip hop	21	1217272.3125
french hip hop	rap ivoire	20	2062120.2727272727
melodic rap	trap	20	2351293.0
atl hip hop	pop	20	2324553.1428571427
pop rap	tropical house	20	4828126.75
atl hip hop	trap	20	1380827.3125
rap calme	rap calme	19	1457064.2631578946
post-teen pop	trap	19	2834153.333333333
latin	trap latino	19	8065581.666666668
reggaeton	trap latino	19	8065581.666666668
post-teen pop	post-teen pop	19	3784115.2352941176
latin	pop	19	6291589.181818183
dance pop	uk pop	19	6180422.214285715
melodic rap	rap	18	2536111.4285714286
r&b	rap	18	1337095.6153846157
francoton	rap marseille	18	1088723.1875
miami hip hop	rap	18	1769213.7142857143
dance pop	electro house	18	4667877.285714285
pop	reggaeton	17	6012397.7
hip hop	post-teen pop	17	1727486.9230769232
dance pop	hip hop	17	2173933.5
tropical house	uk pop	17	6468751.166666668
moombahton	pop	16	4007691.0
belgian hip hop	pop urbaine	16	4040204.416666666
pop	progressive house	16	6581894.818181817
edm	pop rap	16	5644734.615384615
french hip hop	rap tunisien	15	3304952.888888888
pop urbaine	rap tunisien	15	3148215.0
electropop	post-teen pop	15	3990119.2
pop	uk dance	15	8876380.583333334
edm	uk pop	15	7041432.2727272725
alternative r&b	pop	15	1985853.9
atl hip hop	southern hip hop	15	1088433.0
latin	reggaeton flow	15	5255139.0
reggaeton	reggaeton flow	15	5255139.0
pop urbaine	rap ivoire	14	2240001.1
french pop	rap conscient	14	6310925.692307693
pop rap	r&b	14	921101.5
edm	edm	14	3575962.416666666
electro house	tropical house	14	3621073.5454545454
dance pop	southern hip hop	14	1896127.0
electropop	pop rap	14	2488483.9
miami hip hop	trap	14	1507923.833333333
rap algerien	rap francais	13	2998428.8
melodic rap	pop	13	2880012.1818181816
arabic hip hop	pop urbaine	13	5109435.75
big room	pop	13	3612766.7
big room	tropical house	13	4306773.8
big room	edm	13	4624401.0
dance pop	latin	13	5906591.555555556
dance pop	uk dance	13	8494214.727272727
pop urbaine	rap calme	13	2728530.636363636
edm	electropop	13	2564985.0
electropop	tropical house	13	2799101.666666666
francoton	rap ivoire	12	2230506.6
conscious hip hop	rap	12	2070692.0
dfw rap	trap	12	2973908.833333333
francoton	rap algerien	12	2306276.888888889
melodic rap	pop rap	12	1626183.6363636362
bmore	pop	12	4849690.8
ninja	pop	12	4849690.8
australian dance	pop	12	6815066.666666668
australian pop	pop	12	6815066.666666668
arabic hip hop	french hip hop	12	5134943.454545454
latin hip hop	trap latino	12	4197658.5
pop	r&b	12	2428791.2
pop	urban contemporary	12	2777311.125
dance pop	reggaeton	12	5509477.5
house	pop	12	6216849.0
pop	progressive electro house	12	6109484.3
rap marseille	rap marseille	12	306604.2857142857
belgian hip hop	rap francais	12	2050129.875
post-teen pop	uk dance	12	7290823.090909091
canadian pop	rap	12	2163824.3
southern hip hop	southern hip hop	12	928563.1
emo rap	rap	12	1612214.833333333
emo rap	trap	12	1314216.7
dance pop	moombahton	11	3536787.375
big room	dance pop	11	3982762.666666666
edm	electro house	11	4241219.0
rap	urban contemporary	11	1378035.7142857143
post-teen pop	southern hip hop	11	1479148.2222222222
canadian pop	hip hop	11	1684468.5555555557
miami hip hop	pop rap	11	1054888.888888889
latin hip hop	tropical	11	2127408.666666666
french pop	rap ivoire	10	2446861.5555555555
rap conscient	rap ivoire	10	2361347.4444444445
rap francais	rap ivoire	10	2371896.888888889
conscious hip hop	pop rap	10	2339454.1428571427
hip hop	melodic rap	10	1941032.666666667
rap	trap soul	10	2527109.5
latin	puerto rican pop	10	2380601.0
puerto rican pop	reggaeton	10	2380601.0
trap latino	tropical	10	4197658.5
dance pop	progressive house	10	7127014.285714285
latin	pop rap	10	9335520.666666666
pop rap	reggaeton	10	9335520.666666666
french hip hop	new french touch	10	6272526.75
pop rap	urban contemporary	10	2337877.0
conscious hip hop	pop	9	2862962.1428571427
belgian pop	french hip hop	9	4660246.857142857
atl hip hop	melodic rap	9	2298616.222222222
francoton	rap tunisien	9	2732311.285714286
rap algerien	rap conscient	9	3717148.857142857
hip pop	rap	9	1967218.0
queens hip hop	rap	9	1967218.0
melodic rap	southern hip hop	9	1941032.666666667
canadian pop	pop	9	2763101.75
hip hop	r&b	9	685387.8571428572
edm	progressive house	9	4987390.5
progressive house	tropical house	9	4987390.5
belgian hip hop	rap conscient	9	3625942.222222222
deep big room	edm	9	4909369.714285715
deep big room	tropical house	9	4909369.714285715
progressive electro house	tropical house	9	6327180.142857143
canadian hip hop	rap	9	3675968.333333334
latin	rap	9	7271675.285714285
rap	toronto rap	9	2590318.0
rap algerien	rap marseille	9	2219627.4444444445
indie poptimism	pop	9	2284088.0
hip hop	miami hip hop	9	1200293.5
latin hip hop	reggaeton flow	9	5255139.0
rap	west coast rap	8	1805096.2857142857
emo rap	pop rap	8	1711477.125
edm	progressive electro house	8	4274582.166666667
pop	pop edm	8	5701545.8
canadian hip hop	trap	8	3029308.375
chicago rap	rap	8	1954931.166666667
atl hip hop	dance pop	8	3955292.0
alternative r&b	post-teen pop	8	2293773.0
reggaeton flow	trap latino	8	5255139.0
dance pop	progressive electro house	8	6240478.285714285
electropop	rap	8	2438538.0
electro house	post-teen pop	8	3837032.5714285714
rap	tropical house	8	3331649.5
post-teen pop	uk pop	8	5703902.571428573
r&b	trap	8	684929.4
canadian pop	pop rap	8	1762491.666666667
pop rap	west coast rap	7	2074386.166666667
belgian hip hop	belgian pop	7	3693728.0
rap francais	rap tunisien	7	3538475.6
latin hip hop	puerto rican pop	7	2380601.0
dance pop	urban contemporary	7	1610653.8
house	tropical house	7	2216876.285714286
edm	pop edm	7	6204304.0
deep big room	pop	7	5043370.6
pop edm	tropical house	7	6204304.0
new french touch	rap conscient	7	5597689.142857143
atl hip hop	post-teen pop	7	3128642.8571428573
detroit hip hop	pop	7	1926524.6
reggaeton flow	tropical	7	5255139.0
rap conscient	rap marseille	7	1254790.5
canadian pop	trap	7	2655015.0
rap calme	rap francais	7	496251.83333333326
edm	rap	7	5754125.4
rap	reggaeton	7	9631104.6
dirty south rap	pop rap	7	934470.2
dirty south rap	rap	7	934470.2
dance pop	house	7	5853229.0
belgian pop	new french touch	6	2914930.2
dfw rap	rap	6	4113501.0
moombahton	post-teen pop	6	4220392.166666667
bmore	dance pop	6	4849690.8
dance pop	ninja	6	4849690.8
puerto rican pop	tropical	6	2380601.0
post-teen pop	urban contemporary	6	1997188.5
francoton	moroccan pop	6	1596207.666666667
french pop	rap marseille	6	1397835.333333333
tropical house	uk dance	6	4814746.8
french hip hop	rap antillais	6	4161300.166666666
pop urbaine	rap antillais	6	4161300.166666666
contemporary country	dance pop	6	3313650.4
contemporary country	pop	6	3313650.4
arabic hip hop	rap francais	6	2528646.0
belgian hip hop	francoton	6	5383368.166666667
canadian hip hop	pop rap	6	2700598.166666666
latin	trap	6	3335367.75
chicago rap	trap	6	2306914.6
francoton	rap calme	6	1616555.166666667
dance pop	melodic rap	6	5180931.166666667
melodic rap	post-teen pop	6	3763466.5
rap marseille	rap tunisien	6	2630783.333333333
hip pop	pop	6	1672591.2
pop	queens hip hop	6	1672591.2
alternative r&b	dance pop	6	2293773.0
alternative r&b	electropop	6	2233244.25
indie poptimism	pop rap	6	3311976.4
alternative r&b	pop rap	6	2064172.5
dance pop	uk funky	6	9061191.2
pop	uk funky	6	9061191.2
miami hip hop	southern hip hop	6	884025.3333333335
french hip hop	pop rap	6	834345.0
emo rap	melodic rap	6	1017726.1666666664
latin hip hop	latin hip hop	6	5255139.0
latin	post-teen pop	6	6276998.2
gangster rap	rap	6	559059.0
rap	underground hip hop	6	559059.0
conscious hip hop	trap	6	1779206.0
dance pop	deep big room	6	5395429.2
east coast hip hop	rap	6	2728526.75
toronto rap	trap	6	2280705.5
metropopolis	pop	6	4078129.333333334
electro house	rap	6	4385779.666666667
r&b	southern hip hop	6	678808.25
trap	urban contemporary	6	2004719.25
pop	west coast rap	5	3023828.0
atl hip hop	dfw rap	5	3192582.2
french pop	rap algerien	5	4196355.25
rap conscient	rap tunisien	5	3924362.5
hip pop	trap	5	2320655.0
queens hip hop	trap	5	2320655.0
french pop	french pop	5	4520972.0
dfw rap	pop rap	5	1716048.6
melodic rap	trap soul	5	3519747.4
australian dance	edm	5	6922519.8
australian pop	edm	5	6922519.8
australian dance	tropical house	5	6922519.8
australian pop	tropical house	5	6922519.8
canadian hip hop	pop	5	2818835.6
afropop	french hip hop	5	1018462.5
edm	latin	5	7286638.8
edm	reggaeton	5	7286638.8
francoton	new french touch	5	5659164.8
pop	pop rock	5	6269105.6
rap	trap latino	5	8061292.0
chicago rap	pop	5	1280344.5
chicago rap	pop rap	5	1280344.5
hip pop	pop rap	5	1933766.333333333
pop rap	queens hip hop	5	1933766.333333333
emo rap	miami hip hop	5	2608087.5
belgian hip hop	new french touch	5	7558775.4
post-teen pop	uk funky	5	9061191.2
atl hip hop	miami hip hop	5	1709321.4
florida rap	rap	5	1483269.333333333
latin	latin pop	5	1616516.2
latin pop	reggaeton	5	1616516.2
tropical	tropical	5	2127408.666666666
french hip hop	rap	5	469754.0
french hip hop	trap	5	469754.0
conscious hip hop	hip hop	5	1779206.0
gangster rap	hip hop	5	559059.0
hip hop	underground hip hop	5	559059.0
east coast hip hop	pop rap	5	568756.3333333335
electronic trap	pop	5	6815109.333333332
big room	electro house	5	6659756.0
candy pop	pop	5	1869192.5
post-teen pop	progressive house	5	4421254.25
trap	tropical house	5	4385779.666666667
big room	rap	5	6143610.5
detroit hip hop	pop rap	5	1051959.0
detroit hip hop	hip hop	5	1112572.666666667
detroit hip hop	rap	5	1112572.666666667
dirty south rap	trap	5	934470.2
dirty south rap	hip hop	5	1119840.75
house	post-teen pop	5	3645177.0
uk dance	uk pop	5	11484054.8
melodic rap	miami hip hop	5	1612235.2
pop rap	trap soul	5	831888.25
dirty south rap	pop	5	1125773.5
miami hip hop	pop	5	1125773.5
hip hop	urban contemporary	5	2004719.25
pop rap	uk pop	5	6006455.0
pop	puerto rican pop	5	8258087.333333332
canadian pop	southern hip hop	5	3034550.8
belgian hip hop	rap calme	5	419299.25
pop urbaine	rai	5	1520443.0
french pop	rap tunisien	4	4196355.25
dfw rap	hip hop	4	2095052.5
dfw rap	pop	4	2092815.25
dfw rap	southern hip hop	4	2095052.5
dfw rap	trap soul	4	4222330.75
melodic rap	r&b	4	2220160.5
bmore	post-teen pop	4	5365349.0
ninja	post-teen pop	4	5365349.0
australian dance	electropop	4	6820315.5
australian pop	electropop	4	6820315.5
australian dance	post-teen pop	4	6820315.5
australian pop	post-teen pop	4	6820315.5
dance pop	r&b	4	723219.0
pop	viral pop	4	773005.25
moroccan pop	pop urbaine	4	1683190.75
moroccan pop	rap marseille	4	1683190.75
azontobeats	french hip hop	4	1193255.0
desert blues	french hip hop	4	1193255.0
french hip hop	kora	4	1193255.0
french hip hop	mande pop	4	1193255.0
afropop	pop urbaine	4	1193255.0
azontobeats	pop urbaine	4	1193255.0
desert blues	pop urbaine	4	1193255.0
kora	pop urbaine	4	1193255.0
mande pop	pop urbaine	4	1193255.0
norwegian pop	tropical house	4	2780576.5
arabic hip hop	francoton	4	1763601.25
latin	tropical house	4	5247291.25
reggaeton	tropical house	4	5247291.25
dancehall	latin	4	6150956.0
dancehall	reggaeton	4	6150956.0
dance pop	latin viral pop	4	6226508.5
latin viral pop	pop	4	6226508.5
dance pop	rap latina	4	6226508.5
pop	rap latina	4	6226508.5
edm	house	4	2069254.25
pop rap	pop rock	4	5712381.25
pop rock	rap	4	5712381.25
emo rap	latin	4	2447206.666666666
dance pop	pop edm	4	7459345.5
modern rock	pop	4	4151503.5
armenian pop	french hip hop	4	5287111.5
armenian pop	rap conscient	4	5287111.5
dance pop	hip pop	4	2574016.666666666
dance pop	queens hip hop	4	2574016.666666666
electropop	electropop	4	2377965.0
etherpop	pop	4	3277771.5
canadian contemporary r&b	hip hop	4	1394250.0
canadian contemporary r&b	rap	4	1394250.0
pop rap	rap conscient	4	1039562.3333333336
post-teen pop	reggaeton	4	5575371.75
dance pop	francoton	4	3018352.5
francoton	pop	4	3018352.5
indie r&b	pop rap	4	621915.0
indietronica	pop rap	4	1575937.5
indie r&b	rap	4	621915.0
indietronica	rap	4	1575937.5
indietronica	southern hip hop	4	1575937.5
indietronica	trap	4	1575937.5
conscious hip hop	southern hip hop	4	2455430.5
hip hop	indie r&b	4	621915.0
brostep	pop	4	8928105.5
post-teen pop	progressive electro house	4	7248355.75
electropop	hip hop	4	3595077.5
edm	indie poptimism	4	1659369.666666667
electro house	electropop	4	1802076.5
moombahton	tropical house	4	2197480.333333333
big room	deep big room	4	6659756.0
candy pop	dance pop	4	1869192.5
dance pop	metropopolis	4	1869192.5
dance pop	dutch house	4	3564669.666666666
edm	trap	4	4385779.666666667
electro house	trap	4	4385779.666666667
hip hop	tropical house	4	2219622.0
southern hip hop	tropical house	4	2219622.0
electropop	trap	4	2342703.666666666
arabic hip hop	rap conscient	4	3300639.5
house	uk pop	4	10007025.75
pop	trap latino	4	15622728.5
hip hop	trap soul	4	385559.0
atl hip hop	r&b	4	807914.75
trap	trap soul	4	1021574.0
pop	swedish pop	4	3175967.5
swedish pop	tropical house	4	2925857.5
dirty south rap	post-teen pop	4	1125773.5
miami hip hop	post-teen pop	4	1125773.5
francoton	pop rap	4	2606555.333333333
pop rap	uk dance	4	6240074.666666668
electro house	uk pop	4	14339404.333333336
afro dancehall	dance pop	4	1930478.5
afropop	dance pop	4	1930478.5
afro dancehall	pop	4	1930478.5
afropop	pop	4	1930478.5
afro dancehall	tropical house	4	1930478.5
afropop	tropical house	4	1930478.5
latin pop	pop	4	4532953.75
pop	tropical	4	5110028.0
canadian hip hop	hip hop	4	1413338.75
canadian hip hop	southern hip hop	4	2810723.0
hip hop	toronto rap	4	1413338.75
pop rap	toronto rap	4	1413338.75
southern hip hop	toronto rap	4	2810723.0
alternative r&b	hip hop	4	850573.5
alternative r&b	trap	4	466677.0
francoton	rai	4	1809826.333333333
reggaeton	trap	4	5297633.5
dance pop	emo rap	3	3654123.0
emo rap	hip pop	3	3654123.0
emo rap	pop	3	3654123.0
emo rap	post-teen pop	3	3654123.0
emo rap	queens hip hop	3	3654123.0
dfw rap	r&b	3	2723742.666666666
australian dance	bmore	3	7001153.666666668
australian pop	bmore	3	7001153.666666668
australian dance	moombahton	3	7001153.666666668
australian pop	moombahton	3	7001153.666666668
australian dance	ninja	3	7001153.666666668
australian pop	ninja	3	7001153.666666668
canadian hip hop	r&b	3	1181314.666666667
canadian pop	r&b	3	1181314.666666667
pop	toronto rap	3	1181314.666666667
r&b	toronto rap	3	1181314.666666667
pop rap	viral pop	3	1570322.0
edm	norwegian pop	3	3646123.0
belgian hip hop	variete francaise	3	7007512.333333332
french hip hop	variete francaise	3	7007512.333333332
dance pop	dancehall	3	6150956.0
francoton	tropical house	3	6108711.0
canadian hip hop	emo rap	3	4078079.666666666
canadian hip hop	dance pop	3	6422776.333333332
electro house	pop edm	3	6335616.333333332
contemporary country	edm	3	3484774.0
contemporary country	electro house	3	3484774.0
contemporary country	post-teen pop	3	3484774.0
contemporary country	tropical house	3	3484774.0
complextro	pop	3	4098305.666666666
german techno	pop	3	4098305.666666666
chicago rap	urban contemporary	3	1569747.666666667
canadian contemporary r&b	electro house	3	4617914.333333333
canadian pop	electro house	3	4617914.333333333
pop	rock	3	2703337.0
australian dance	dance pop	3	6628979.666666668
australian pop	dance pop	3	6628979.666666668
emo rap	emo rap	3	3419069.333333333
french pop	rap calme	3	1815104.333333333
alternative r&b	canadian pop	3	516934.33333333326
new french touch	new french touch	3	11446106.333333336
french hip hop	neo metal	3	384955.33333333326
neo metal	pop urbaine	3	384955.33333333326
hip pop	post-teen pop	3	2574016.666666666
post-teen pop	queens hip hop	3	2574016.666666666
etherpop	pop rap	3	4734706.0
electropop	indie poptimism	3	3114200.333333333
indie poptimism	post-teen pop	3	2853902.0
detroit hip hop	post-teen pop	3	458268.66666666674
g funk	pop	3	2859357.666666666
atl hip hop	florida rap	3	1483269.333333333
florida rap	hip hop	3	1483269.333333333
florida rap	pop rap	3	1483269.333333333
florida rap	southern hip hop	3	1483269.333333333
florida rap	trap	3	1483269.333333333
french hip hop	hip hop	3	580842.3333333335
alternative r&b	r&b	3	3182853.0
trap latino	trap latino	3	5255139.0
reggaeton flow	reggaeton flow	3	5255139.0
puerto rican pop	reggaeton flow	3	5255139.0
francoton	post-teen pop	3	3018352.5
indie r&b	southern hip hop	3	621915.0
indie r&b	trap	3	621915.0
atl hip hop	conscious hip hop	3	2455430.5
pop rap	underground hip hop	3	543632.3333333335
southern hip hop	underground hip hop	3	543632.3333333335
trap	underground hip hop	3	543632.3333333335
gangster rap	pop rap	3	725548.5
gangster rap	southern hip hop	3	725548.5
gangster rap	trap	3	725548.5
trap	west coast rap	3	703878.0
hip hop	indietronica	3	1575937.5
art pop	rap	3	980999.0
rap	uk alternative pop	3	980999.0
east coast hip hop	hip hop	3	568756.3333333335
east coast hip hop	pop	3	656142.5
edm	moombahton	3	1421106.0
dance pop	electronic trap	3	7814458.5
indie poptimism	tropical house	3	1659369.666666667
dance pop	indie poptimism	3	1095525.5
danish pop	edm	3	1485973.0
edm	indie pop	3	1485973.0
danish pop	pop	3	1485973.0
indie pop	pop	3	1485973.0
big room	big room	3	6659756.0
big room	progressive electro house	3	5630586.5
atl hip hop	canadian pop	3	2993921.0
big room	post-teen pop	3	2093741.666666667
dutch house	pop	3	5131684.5
dutch house	tropical house	3	1999883.0
candy pop	edm	3	1869192.5
edm	metropopolis	3	1869192.5
candy pop	tropical house	3	1869192.5
metropopolis	tropical house	3	1869192.5
big room	trap	3	6143610.5
deep big room	rap	3	6143610.5
edm	hip hop	3	2219622.0
edm	southern hip hop	3	2219622.0
electro house	pop rap	3	2219622.0
pop rap	progressive house	3	2219622.0
candy pop	pop rap	3	1869192.5
electropop	southern hip hop	3	2870001.0
metropopolis	pop rap	3	1869192.5
emo rap	hip hop	3	351913.66666666674
canadian pop	latin	3	3280764.0
pop rap	trap latino	3	12520085.333333336
detroit hip hop	southern hip hop	3	394885.5
dance pop	modern alternative rock	3	698828.0
modern alternative rock	pop	3	698828.0
chicago rap	emo rap	3	2362013.666666666
chicago rap	miami hip hop	3	3534589.333333333
atl hip hop	atl hip hop	3	222935.33333333328
atl hip hop	dirty south rap	3	1422018.666666667
dirty south rap	southern hip hop	3	183167.0
francoton	french reggae	3	3963132.333333334
french reggae	rap conscient	3	3963132.333333334
dutch pop	pop	3	5700866.5
progressive house	uk pop	3	14701736.0
dance pop	uk contemporary r&b	3	7201030.5
pop	uk contemporary r&b	3	7201030.5
tropical house	uk contemporary r&b	3	7201030.5
electropop	uk pop	3	313597.0
moombahton	uk pop	3	2039215.0
dancehall	pop rap	3	2979138.333333333
pop rap	uk dancehall	3	2979138.333333333
pop rap	uk hip hop	3	2979138.333333333
dancehall	rap	3	2979138.333333333
rap	uk dancehall	3	2979138.333333333
rap	uk hip hop	3	2979138.333333333
dancehall	trap	3	2979138.333333333
trap	uk dancehall	3	2979138.333333333
trap	uk hip hop	3	2979138.333333333
atl hip hop	trap soul	3	1021574.0
southern hip hop	trap soul	3	1177654.0
edm	swedish pop	3	2463538.666666666
eurovision	francoton	3	8572786.0
philly rap	rap	3	448494.5
pop rap	pop urbaine	3	906773.0
french hip hop	uk dancehall	3	356389.0
southern hip hop	urban contemporary	3	1363005.0
deep big room	electro house	3	4574367.5
pop rap	uk funky	3	6363645.0
dance pop	liquid funk	3	8925053.0
liquid funk	pop	3	8925053.0
liquid funk	tropical house	3	8925053.0
tropical house	uk funky	3	8925053.0
afro dancehall	pop rap	3	1700595.333333333
afropop	pop rap	3	1700595.333333333
afro dancehall	edm	3	1930478.5
afropop	edm	3	1930478.5
dance pop	ghanaian hip hop	3	3620495.0
dance pop	swedish dancehall	3	3620495.0
ghanaian hip hop	pop	3	3620495.0
pop	swedish dancehall	3	3620495.0
ghanaian hip hop	tropical house	3	3620495.0
swedish dancehall	tropical house	3	3620495.0
canadian contemporary r&b	pop	3	7035969.0
post-teen pop	puerto rican pop	3	8258087.333333332
dance pop	puerto rican pop	3	12263766.5
post-teen pop	tropical	3	4665116.5
canadian pop	conscious hip hop	3	3000724.666666666
pop	trap soul	3	1440145.0
belgian hip hop	belgian hip hop	3	305058.33333333326
french hip hop	rai	3	1633550.0
francoton	rif	3	1809826.333333333
pop urbaine	rif	3	1809826.333333333
house	rap	3	4794106.5
dance pop	detroit hip hop	3	870118.0
french hip hop	grime	3	1044469.0
grime	rap conscient	3	1044469.0
canadian hip hop	soul	2	1640556.5
canadian pop	soul	2	1640556.5
hip hop	soul	2	1640556.5
pop rap	soul	2	1640556.5
rap	soul	2	1640556.5
soul	toronto rap	2	1640556.5
deep house	house	2	3293160.0
post-teen pop	r&b	2	1266475.5
post-teen pop	viral pop	2	1266475.5
r&b	viral pop	2	1266475.5
rap	viral pop	2	1266475.5
urban contemporary	viral pop	2	1266475.5
francoton	latin	2	667033.0
francoton	reggaeton	2	667033.0
afropop	rap francais	2	870045.0
azontobeats	rap francais	2	870045.0
desert blues	rap francais	2	870045.0
kora	rap francais	2	870045.0
mande pop	rap francais	2	870045.0
dance pop	norwegian pop	2	3025589.0
house	norwegian pop	2	3025589.0
norwegian pop	pop	2	3025589.0
norwegian pop	uk dance	2	3025589.0
emo rap	rap rock	2	244495.0
miami hip hop	rap rock	2	244495.0
belgian hip hop	rap antillais	2	9033266.5
rap antillais	rap conscient	2	9033266.5
dance pop	outlaw country	2	3056965.0
outlaw country	pop	2	3056965.0
new french touch	variete francaise	2	6717410.0
edm	latin viral pop	2	6226508.5
latin viral pop	tropical house	2	6226508.5
edm	rap latina	2	6226508.5
rap latina	tropical house	2	6226508.5
dancehall	latin viral pop	2	6226508.5
latin viral pop	pop rap	2	6226508.5
dancehall	rap latina	2	6226508.5
pop rap	rap latina	2	6226508.5
dancehall	edm	2	6226508.5
dancehall	pop	2	6226508.5
dancehall	tropical house	2	6226508.5
belgian edm	big room	2	3694221.0
belgian edm	deep big room	2	3694221.0
belgian edm	edm	2	3694221.0
belgian edm	electro house	2	3694221.0
belgian edm	house	2	3694221.0
belgian edm	pop edm	2	3694221.0
belgian edm	progressive electro house	2	3694221.0
belgian edm	progressive house	2	3694221.0
belgian edm	tropical house	2	3694221.0
rap conscient	tropical house	2	6582870.0
canadian hip hop	hip pop	2	5275117.0
canadian hip hop	post-teen pop	2	5275117.0
canadian hip hop	queens hip hop	2	5275117.0
emo rap	reggaeton flow	2	1373102.0
emo rap	trap latino	2	1373102.0
rap	reggaeton flow	2	1373102.0
reggaeton flow	trap	2	1373102.0
trap	trap latino	2	1373102.0
contemporary country	pop edm	2	5144377.0
pop edm	texas country	2	5144377.0
complextro	pop edm	2	5144377.0
german techno	pop edm	2	5144377.0
pop edm	post-teen pop	2	5144377.0
complextro	contemporary country	2	5144377.0
contemporary country	german techno	2	5144377.0
complextro	texas country	2	5144377.0
dance pop	texas country	2	5144377.0
edm	texas country	2	5144377.0
electro house	texas country	2	5144377.0
german techno	texas country	2	5144377.0
pop	texas country	2	5144377.0
post-teen pop	texas country	2	5144377.0
texas country	tropical house	2	5144377.0
chicago rap	toronto rap	2	389690.5
canadian contemporary r&b	destroy techno	2	386769.0
canadian pop	destroy techno	2	386769.0
destroy techno	pop	2	386769.0
atl trap	dance pop	2	8474744.0
dance pop	gangster rap	2	8474744.0
atl trap	pop	2	8474744.0
gangster rap	pop	2	8474744.0
atl trap	post-teen pop	2	8474744.0
gangster rap	post-teen pop	2	8474744.0
dance pop	social media pop	2	7728535.5
edm	social media pop	2	7728535.5
pop	social media pop	2	7728535.5
social media pop	tropical house	2	7728535.5
social media pop	uk dance	2	7728535.5
dance pop	teen pop	2	7728535.5
edm	teen pop	2	7728535.5
pop	teen pop	2	7728535.5
teen pop	tropical house	2	7728535.5
teen pop	uk dance	2	7728535.5
atl hip hop	hip pop	2	320453.0
atl hip hop	queens hip hop	2	320453.0
hip hop	hip pop	2	320453.0
hip hop	queens hip hop	2	320453.0
hip pop	southern hip hop	2	320453.0
queens hip hop	southern hip hop	2	320453.0
edm	modern rock	2	3438961.5
modern rock	tropical house	2	3438961.5
edm	rock	2	3438961.5
rock	tropical house	2	3438961.5
emo rap	lgbtq+ hip hop	2	2830896.0
lgbtq+ hip hop	miami hip hop	2	2830896.0
alternative r&b	viral pop	2	279535.0
armenian pop	armenian pop	2	5287111.5
alternative r&b	etherpop	2	3277771.5
alternative r&b	indie poptimism	2	3277771.5
electropop	etherpop	2	3277771.5
etherpop	post-teen pop	2	3277771.5
canadian contemporary r&b	detroit hip hop	2	252344.0
canadian pop	detroit hip hop	2	252344.0
canadian contemporary r&b	g funk	2	252344.0
canadian pop	g funk	2	252344.0
g funk	post-teen pop	2	252344.0
latin hip hop	latin pop	2	563543.5
latin pop	tropical	2	563543.5
hip hop	rap conscient	2	761917.0
rap	rap conscient	2	761917.0
rap conscient	trap	2	761917.0
latin	rap latina	2	189180.0
rap latina	reggaeton	2	189180.0
puerto rican pop	trap latino	2	5255139.0
filter house	pop	2	911401.5
atl hip hop	indietronica	2	1575937.5
atl hip hop	gangster rap	2	725548.5
atl hip hop	underground hip hop	2	725548.5
hip hop	west coast rap	2	703878.0
art pop	pop rap	2	980999.0
pop rap	uk alternative pop	2	980999.0
art pop	southern hip hop	2	980999.0
southern hip hop	uk alternative pop	2	980999.0
art pop	trap	2	980999.0
trap	uk alternative pop	2	980999.0
southern hip hop	west coast rap	2	980999.0
art pop	conscious hip hop	2	980999.0
art pop	hip hop	2	980999.0
conscious hip hop	indie r&b	2	980999.0
conscious hip hop	indietronica	2	980999.0
conscious hip hop	uk alternative pop	2	980999.0
hip hop	uk alternative pop	2	980999.0
indie pop rap	pop	2	4396961.5
indie pop rap	pop rap	2	1145348.0
indie pop rap	rap	2	1145348.0
brostep	dance pop	2	12629364.5
brostep	post-teen pop	2	12629364.5
hip hop	indie poptimism	2	4909725.5
indie poptimism	rap	2	4909725.5
electronic trap	pop rap	2	7814458.5
electro house	indie poptimism	2	1095525.5
danish pop	moombahton	2	1485973.0
electropop	moombahton	2	1485973.0
indie pop	moombahton	2	1485973.0
indie poptimism	moombahton	2	1485973.0
danish pop	tropical house	2	1485973.0
indie pop	tropical house	2	1485973.0
electronic trap	tropical house	2	184888.0
dance pop	danish pop	2	184888.0
dance pop	indie pop	2	184888.0
new french touch	pop urbaine	2	6228672.5
new french touch	rap calme	2	6228672.5
new french touch	rap francais	2	6228672.5
french hip hop	french indie pop	2	12384200.0
french hip hop	french indietronica	2	12384200.0
french indie pop	new french touch	2	12384200.0
french indietronica	new french touch	2	12384200.0
chanson	rap conscient	2	798848.0
french rock	rap conscient	2	798848.0
big room	pop edm	2	9774314.0
edm	future house	2	10830533.0
future house	pop	2	10830533.0
future house	tropical house	2	10830533.0
big room	progressive house	2	10830533.0
atl hip hop	canadian hip hop	2	2525950.5
atl trap	rap	2	843669.5
atl hip hop	toronto rap	2	2525950.5
electronic trap	post-teen pop	2	10130220.0
big room	electropop	2	2508627.5
dutch house	post-teen pop	2	5131684.5
metropopolis	progressive electro house	2	6032564.5
dutch house	edm	2	1999883.0
big room	pop rap	2	3057828.5
deep big room	trap	2	6143610.5
electro house	hip hop	2	2219622.0
electro house	southern hip hop	2	2219622.0
hip hop	progressive house	2	2219622.0
progressive house	rap	2	2219622.0
progressive house	southern hip hop	2	2219622.0
progressive house	trap	2	2219622.0
candy pop	rap	2	1869192.5
metropopolis	rap	2	1869192.5
hip hop	latin	2	5046638.5
canadian pop	reggaeton	2	3280764.0
hip hop	reggaeton	2	5046638.5
dance pop	dfw rap	2	4459064.0
funk	new french touch	2	2821981.0
funk	tropical house	2	2821981.0
edm	la pop	2	3218113.0
la pop	tropical house	2	3218113.0
edm	trap soul	2	6802643.0
trap soul	tropical house	2	6802643.0
new french touch	norwegian pop	2	2535564.0
g funk	hip hop	2	1576643.0
g funk	pop rap	2	1576643.0
g funk	rap	2	1576643.0
modern alternative rock	post-teen pop	2	698828.0
arabic hip hop	french pop	2	2712046.0
rap algerien	rap algerien	2	2075169.0
rap algerien	rap tunisien	2	2075169.0
gangster rap	underground hip hop	2	324949.0
gangster rap	south african hip hop	2	470098.0
hip hop	south african hip hop	2	470098.0
pop rap	south african hip hop	2	470098.0
rap	south african hip hop	2	470098.0
south african hip hop	southern hip hop	2	470098.0
south african hip hop	trap	2	470098.0
french hip hop	french reggae	2	5804891.0
big room	uk pop	2	3627010.5
edm	urban contemporary	2	7273879.5
tropical house	urban contemporary	2	7273879.5
dance pop	dutch pop	2	5700866.5
dutch pop	edm	2	4707490.0
dutch pop	tropical house	2	4707490.0
electropop	house	2	953032.0
edm	uk contemporary r&b	2	7201030.5
uk contemporary r&b	uk dance	2	7201030.5
dancehall	hip hop	2	1468782.0
hip hop	uk dancehall	2	1468782.0
hip hop	uk hip hop	2	1468782.0
dancehall	southern hip hop	2	4359361.0
southern hip hop	uk dancehall	2	4359361.0
southern hip hop	uk hip hop	2	4359361.0
conscious hip hop	miami hip hop	2	2221063.5
emo rap	southern hip hop	2	343703.5
emo rap	underground hip hop	2	382051.5
miami hip hop	underground hip hop	2	382051.5
zouk riddim	zouk riddim	2	3451927.0
detroit hip hop	trap	2	184432.0
big room	swedish pop	2	3426244.0
francoton	rap antillais	2	313248.5
eurovision	french hip hop	2	8572786.0
eurovision	french pop	2	8572786.0
chicago rap	melodic rap	2	2062438.0
glam rock	rock	2	712443.0
pop urbaine	rap	2	268043.0
pop urbaine	trap	2	268043.0
dancehall	french hip hop	2	356389.0
french hip hop	uk hip hop	2	356389.0
atl hip hop	dancehall	2	3109272.0
atl hip hop	uk dancehall	2	3109272.0
atl hip hop	uk hip hop	2	3109272.0
emo rap	french hip hop	2	303121.5
dance pop	dirty south rap	2	179962.5
dirty south rap	r&b	2	179962.5
dance pop	miami hip hop	2	179962.5
miami hip hop	r&b	2	179962.5
r&b	urban contemporary	2	179962.5
barbadian pop	pop	2	192988.0
barbadian pop	pop rap	2	192988.0
barbadian pop	rap	2	192988.0
barbadian pop	trap	2	192988.0
emo rap	german hip hop	2	317393.0
german hip hop	rap	2	317393.0
german hip hop	trap	2	317393.0
french hip hop	german hip hop	2	317393.0
german hip hop	pop urbaine	2	317393.0
german hip hop	rap marseille	2	317393.0
big room	house	2	4574367.5
deep big room	house	2	4574367.5
electro house	electro house	2	4574367.5
electro house	house	2	4574367.5
deep big room	progressive electro house	2	430640.0
electro house	progressive electro house	2	430640.0
basshall	francoton	2	2429773.5
basshall	french hip hop	2	3553659.5
basshall	pop urbaine	2	3553659.5
neo soul	pop rap	2	7921490.5
liquid funk	post-teen pop	2	8925053.0
liquid funk	uk pop	2	8925053.0
uk funky	uk pop	2	8925053.0
uk pop	uk pop	2	8925053.0
liquid funk	pop rap	2	8925053.0
dance pop	neo soul	2	14229611.0
neo soul	pop	2	14229611.0
neo soul	tropical house	2	14229611.0
neo soul	uk pop	2	14229611.0
uk contemporary r&b	uk pop	2	14229611.0
afro dancehall	electro house	2	1930478.5
afropop	electro house	2	1930478.5
afro dancehall	moombahton	2	1930478.5
afropop	moombahton	2	1930478.5
electro house	uk dance	2	4466874.5
afro dancehall	uk funky	2	2430662.0
afropop	uk funky	2	2430662.0
afro dancehall	uk pop	2	3620495.0
afropop	uk pop	2	3620495.0
ghanaian hip hop	uk pop	2	3620495.0
swedish dancehall	uk pop	2	3620495.0
edm	ghanaian hip hop	2	3620495.0
edm	swedish dancehall	2	3620495.0
canadian pop	dance pop	2	8505033.5
dance pop	hollywood	2	4454545.5
hollywood	post-teen pop	2	4454545.5
miami hip hop	miami hip hop	2	2385279.0
dance pop	latin pop	2	5942617.5
latin pop	post-teen pop	2	4665116.5
dance pop	swedish pop	2	3117183.0
new orleans rap	rap	2	335360.5
chicago rap	dance pop	2	2170998.5
chicago rap	post-teen pop	2	2170998.5
conscious hip hop	dance pop	2	2460797.5
conscious hip hop	post-teen pop	2	2460797.5
dirty south rap	melodic rap	2	2071584.5
atl hip hop	urban contemporary	2	2048399.5
chicago rap	hip hop	2	3929862.0
basshall	dance pop	2	4774599.5
basshall	pop	2	4774599.5
basshall	tropical house	2	4774599.5
canadian contemporary r&b	conscious hip hop	2	2536156.0
alternative r&b	rap	2	850573.5
dmv rap	pop	2	991733.0
afropop	rap conscient	2	1166880.0
rap	uk pop	2	4121322.0
dance pop	uk dancehall	2	4427403.5
dance pop	uk hip hop	2	4427403.5
country	dance pop	2	165568.0
country pop	dance pop	2	165568.0
country road	dance pop	2	165568.0
dance pop	modern country rock	2	165568.0
country	pop	2	165568.0
country pop	pop	2	165568.0
country road	pop	2	165568.0
modern country rock	pop	2	165568.0
alternative r&b	southern hip hop	2	709414.0
alternative r&b	trap soul	2	709414.0
arabic hip hop	rap marseille	2	1850244.0
beach music	brill building pop	2	253739.0
beach music	rock-and-roll	2	253739.0
beach music	rockabilly	2	253739.0
brill building pop	rock-and-roll	2	253739.0
brill building pop	rockabilly	2	253739.0
rock-and-roll	rockabilly	2	253739.0
atl hip hop	latin	2	5999851.0
atl hip hop	reggaeton	2	5999851.0
latin	southern hip hop	2	5999851.0
reggaeton	southern hip hop	2	5999851.0
electro latino	pop rap	2	5999851.0
latin pop	pop rap	2	5999851.0
pop rap	spanish pop	2	5999851.0
pop rap	tropical	2	5999851.0
funk carioca	pop rap	2	5999851.0
funk carioca	latin	2	5999851.0
funk carioca	reggaeton	2	5999851.0
latin	uk dancehall	2	5999851.0
latin	uk hip hop	2	5999851.0
reggaeton	uk dancehall	2	5999851.0
reggaeton	uk hip hop	2	5999851.0
dance pop	east coast hip hop	2	166937.0
east coast hip hop	southern hip hop	2	166937.0
east coast hip hop	trap	2	166937.0
belgian pop	rap conscient	2	9023538.5
house	trap	2	4794106.5
house	pop rap	2	870118.0
azonto	pop rap	2	740645.5
canadian pop	tropical	2	246729.0
candy pop	post-teen pop	2	169259.0
metropopolis	post-teen pop	2	169259.0
francoton	grime	2	1044469.0
bassline	french hip hop	2	1594853.0
bassline	rap conscient	2	1594853.0
french hip hop	instrumental grime	2	1594853.0
instrumental grime	rap conscient	2	1594853.0
emo rap	reggaeton	2	4595416.0
latin	miami hip hop	2	4595416.0
miami hip hop	reggaeton	2	4595416.0
big room	dfw rap	2	8718095.0
big room	melodic rap	2	8718095.0
canadian electronic	rap	2	8718095.0
dfw rap	electro house	2	8718095.0
electro house	melodic rap	2	8718095.0
pop edm	rap	2	8718095.0
big room	canadian hip hop	2	8718095.0
big room	toronto rap	2	8718095.0
big room	trap soul	2	8718095.0
canadian hip hop	electro house	2	8718095.0
electro house	toronto rap	2	8718095.0
electro house	trap soul	2	8718095.0
brostep	rap	2	8718095.0
dutch edm	rap	2	8718095.0
rap	trance	2	8718095.0
indie poptimism	southern hip hop	2	2170876.0
indie poptimism	trap	2	2170876.0
francoton	uk dancehall	2	494085.0
rap conscient	uk dancehall	2	494085.0
dance pop	trap latino	2	15444029.0
rap antillais	rap francais	2	1312634.0
french hip hop	new orleans rap	1	459414.0
new orleans rap	rap conscient	1	459414.0
latin	latin viral pop	1	189180.0
latin pop	latin viral pop	1	189180.0
latin viral pop	rap latina	1	189180.0
latin viral pop	reggaeton	1	189180.0
latin viral pop	tropical	1	189180.0
latin pop	rap latina	1	189180.0
rap latina	rap latina	1	189180.0
rap latina	tropical	1	189180.0
canadian contemporary r&b	electro	1	374674.0
canadian pop	electro	1	374674.0
electro	pop	1	374674.0
canadian contemporary r&b	filter house	1	374674.0
canadian pop	filter house	1	374674.0
latin	r&b	1	876312.0
r&b	reggaeton	1	876312.0
francoton	r&b	1	876312.0
art pop	atl hip hop	1	980999.0
atl hip hop	indie r&b	1	980999.0
atl hip hop	uk alternative pop	1	980999.0
atl hip hop	west coast rap	1	980999.0
art pop	gangster rap	1	980999.0
art pop	underground hip hop	1	980999.0
gangster rap	indie r&b	1	980999.0
indie r&b	underground hip hop	1	980999.0
gangster rap	indietronica	1	980999.0
indietronica	underground hip hop	1	980999.0
gangster rap	uk alternative pop	1	980999.0
uk alternative pop	underground hip hop	1	980999.0
art pop	west coast rap	1	980999.0
indie r&b	west coast rap	1	980999.0
indietronica	west coast rap	1	980999.0
uk alternative pop	west coast rap	1	980999.0
conscious hip hop	conscious hip hop	1	980999.0
conscious hip hop	west coast rap	1	980999.0
conscious hip hop	gangster rap	1	980999.0
gangster rap	west coast rap	1	980999.0
conscious hip hop	underground hip hop	1	980999.0
underground hip hop	west coast rap	1	980999.0
dance pop	euphoric hardstyle	1	3428752.0
dance pop	hardstyle	1	3428752.0
edm	euphoric hardstyle	1	3428752.0
edm	hardstyle	1	3428752.0
euphoric hardstyle	pop	1	3428752.0
hardstyle	pop	1	3428752.0
euphoric hardstyle	tropical house	1	3428752.0
hardstyle	tropical house	1	3428752.0
edm	indie cafe pop	1	7749831.0
indie cafe pop	pop	1	7749831.0
indie cafe pop	tropical house	1	7749831.0
colombian pop	latin	1	766463.0
colombian pop	reggaeton	1	766463.0
east coast hip hop	indie pop rap	1	1145348.0
hip hop	indie pop rap	1	1145348.0
indie pop rap	southern hip hop	1	1145348.0
indie pop rap	trap	1	1145348.0
dance pop	deep house	1	1581892.0
deep euro house	deep house	1	1581892.0
deep house	deep house	1	1581892.0
deep house	edm	1	1581892.0
deep house	german dance	1	1581892.0
deep house	pop	1	1581892.0
deep house	tropical house	1	1581892.0
etherpop	hip hop	1	7648575.0
dance pop	indie pop rap	1	7648575.0
electropop	indie pop rap	1	7648575.0
etherpop	indie pop rap	1	7648575.0
indie pop rap	indie poptimism	1	7648575.0
indie pop rap	post-teen pop	1	7648575.0
etherpop	rap	1	7648575.0
edm	electronic trap	1	184888.0
electro house	electronic trap	1	184888.0
electronic trap	moombahton	1	184888.0
danish pop	electronic trap	1	184888.0
electronic trap	electropop	1	184888.0
electronic trap	indie pop	1	184888.0
electronic trap	indie poptimism	1	184888.0
danish pop	electro house	1	184888.0
electro house	indie pop	1	184888.0
danish pop	pop rap	1	184888.0
indie pop	pop rap	1	184888.0
alternative r&b	brostep	1	1957690.0
alternative r&b	progressive electro house	1	1957690.0
chanson	french hip hop	1	1318081.0
french hip hop	french rock	1	1318081.0
french hip hop	nouvelle chanson francaise	1	1318081.0
chanson	new french touch	1	1318081.0
french rock	new french touch	1	1318081.0
new french touch	nouvelle chanson francaise	1	1318081.0
french indie pop	rap conscient	1	1318081.0
french indietronica	rap conscient	1	1318081.0
nouvelle chanson francaise	rap conscient	1	1318081.0
alternative r&b	big room	1	2043096.0
alternative r&b	edm	1	2043096.0
alternative r&b	progressive house	1	2043096.0
alternative r&b	tropical house	1	2043096.0
pop edm	spanish pop	1	9545839.0
dance pop	future house	1	10830533.0
deep big room	progressive house	1	10830533.0
electro house	progressive house	1	10830533.0
big room	future house	1	10830533.0
future house	progressive house	1	10830533.0
pop edm	progressive house	1	10830533.0
progressive electro house	progressive house	1	10830533.0
progressive house	progressive house	1	10830533.0
atl trap	canadian hip hop	1	757336.0
atl trap	canadian pop	1	757336.0
atl trap	hip hop	1	757336.0
atl trap	pop rap	1	757336.0
atl trap	toronto rap	1	757336.0
big room	candy pop	1	3569126.0
big room	metropopolis	1	3569126.0
candy pop	deep big room	1	3569126.0
deep big room	electropop	1	3569126.0
deep big room	metropopolis	1	3569126.0
deep big room	post-teen pop	1	3569126.0
candy pop	dutch house	1	3569126.0
dutch house	electropop	1	3569126.0
dutch house	metropopolis	1	3569126.0
candy pop	electro house	1	3569126.0
electro house	metropopolis	1	3569126.0
candy pop	progressive electro house	1	3569126.0
electropop	progressive electro house	1	3569126.0
candy pop	progressive house	1	3569126.0
electropop	progressive house	1	3569126.0
metropopolis	progressive house	1	3569126.0
big room	hip hop	1	3569126.0
big room	southern hip hop	1	3569126.0
deep big room	hip hop	1	3569126.0
deep big room	pop rap	1	3569126.0
deep big room	southern hip hop	1	3569126.0
dutch house	hip hop	1	3569126.0
dutch house	pop rap	1	3569126.0
dutch house	rap	1	3569126.0
dutch house	southern hip hop	1	3569126.0
dutch house	trap	1	3569126.0
hip hop	progressive electro house	1	3569126.0
pop rap	progressive electro house	1	3569126.0
progressive electro house	rap	1	3569126.0
progressive electro house	southern hip hop	1	3569126.0
progressive electro house	trap	1	3569126.0
candy pop	hip hop	1	3569126.0
candy pop	southern hip hop	1	3569126.0
candy pop	trap	1	3569126.0
hip hop	metropopolis	1	3569126.0
metropopolis	southern hip hop	1	3569126.0
metropopolis	trap	1	3569126.0
neo metal	rap francais	1	186706.0
emo rap	new orleans rap	1	368334.0
miami hip hop	new orleans rap	1	368334.0
canadian hip hop	latin	1	6314799.0
latin	toronto rap	1	6314799.0
canadian hip hop	reggaeton	1	6314799.0
reggaeton	toronto rap	1	6314799.0
canadian hip hop	trap latino	1	6314799.0
canadian pop	trap latino	1	6314799.0
hip hop	trap latino	1	6314799.0
toronto rap	trap latino	1	6314799.0
french hip hop	turntablism	1	368556.0
rap conscient	turntablism	1	368556.0
albanian hip hop	latin	1	3778478.0
albanian hip hop	latin hip hop	1	3778478.0
albanian hip hop	reggaeton	1	3778478.0
albanian hip hop	tropical	1	3778478.0
kosovan pop	latin	1	3778478.0
kosovan pop	latin hip hop	1	3778478.0
kosovan pop	reggaeton	1	3778478.0
kosovan pop	tropical	1	3778478.0
albanian hip hop	hip hop	1	3778478.0
hip hop	kosovan pop	1	3778478.0
hip hop	latin hip hop	1	3778478.0
hip hop	tropical	1	3778478.0
dfw rap	hip pop	1	200033.0
hip pop	melodic rap	1	200033.0
dfw rap	post-teen pop	1	200033.0
dfw rap	queens hip hop	1	200033.0
melodic rap	queens hip hop	1	200033.0
chicago indie	new french touch	1	4383079.0
chicago indie	tropical house	1	4383079.0
new french touch	soul	1	4383079.0
soul	tropical house	1	4383079.0
belgian pop	belgian pop	1	398493.0
belgian pop	variete francaise	1	398493.0
deep tropical house	indie r&b	1	4887191.0
edm	indie r&b	1	4887191.0
indie r&b	new french touch	1	4887191.0
indie r&b	tropical house	1	4887191.0
deep tropical house	la pop	1	4887191.0
la pop	new french touch	1	4887191.0
deep tropical house	trap soul	1	4887191.0
new french touch	trap soul	1	4887191.0
indie r&b	norwegian pop	1	4887191.0
la pop	norwegian pop	1	4887191.0
norwegian pop	trap soul	1	4887191.0
deep tropical house	norwegian pop	1	4887191.0
alternative hip hop	detroit hip hop	1	605339.0
detroit hip hop	detroit hip hop	1	605339.0
detroit hip hop	gangster rap	1	605339.0
detroit hip hop	hardcore hip hop	1	605339.0
detroit hip hop	underground hip hop	1	605339.0
alternative hip hop	g funk	1	605339.0
detroit hip hop	g funk	1	605339.0
g funk	gangster rap	1	605339.0
g funk	hardcore hip hop	1	605339.0
g funk	southern hip hop	1	605339.0
g funk	underground hip hop	1	605339.0
alternative hip hop	hip hop	1	605339.0
hardcore hip hop	hip hop	1	605339.0
alternative hip hop	rap	1	605339.0
hardcore hip hop	rap	1	605339.0
dance pop	modern rock	1	1232088.0
dance pop	pop rock	1	1232088.0
dance pop	rock	1	1232088.0
dance pop	stomp pop	1	1232088.0
electropop	modern alternative rock	1	1232088.0
electropop	modern rock	1	1232088.0
electropop	pop rock	1	1232088.0
electropop	rock	1	1232088.0
electropop	stomp pop	1	1232088.0
pop	stomp pop	1	1232088.0
modern rock	post-teen pop	1	1232088.0
pop rock	post-teen pop	1	1232088.0
post-teen pop	rock	1	1232088.0
post-teen pop	stomp pop	1	1232088.0
modern alternative rock	pop rap	1	1232088.0
modern rock	pop rap	1	1232088.0
pop rap	rock	1	1232088.0
pop rap	stomp pop	1	1232088.0
modern alternative rock	rap	1	1232088.0
modern rock	rap	1	1232088.0
rap	rock	1	1232088.0
rap	stomp pop	1	1232088.0
piano rock	pop rap	1	2178015.0
birmingham grime	east coast hip hop	1	9207838.0
east coast hip hop	grime	1	9207838.0
east coast hip hop	instrumental grime	1	9207838.0
birmingham grime	hip hop	1	9207838.0
grime	hip hop	1	9207838.0
hip hop	instrumental grime	1	9207838.0
birmingham grime	pop rap	1	9207838.0
grime	pop rap	1	9207838.0
instrumental grime	pop rap	1	9207838.0
birmingham grime	rap	1	9207838.0
grime	rap	1	9207838.0
instrumental grime	rap	1	9207838.0
birmingham grime	southern hip hop	1	9207838.0
grime	southern hip hop	1	9207838.0
instrumental grime	southern hip hop	1	9207838.0
birmingham grime	trap	1	9207838.0
grime	trap	1	9207838.0
instrumental grime	trap	1	9207838.0
arabic hip hop	rap algerien	1	2879966.0
arabic hip hop	rap tunisien	1	2879966.0
edm	eurodance	1	19530766.0
edm	europop	1	19530766.0
edm	italo dance	1	19530766.0
eurodance	tropical house	1	19530766.0
europop	tropical house	1	19530766.0
italo dance	tropical house	1	19530766.0
atl hip hop	south african hip hop	1	470098.0
gangster rap	gangster rap	1	470098.0
south african hip hop	underground hip hop	1	470098.0
electropop	permanent wave	1	188246.0
permanent wave	pop	1	188246.0
permanent wave	tropical house	1	188246.0
french pop	french reggae	1	11309397.0
french reggae	pop urbaine	1	11309397.0
french reggae	rap francais	1	11309397.0
broadway	movie tunes	1	167038.0
hollywood	movie tunes	1	167038.0
movie tunes	show tunes	1	167038.0
afropop	moroccan pop	1	300357.0
french pop	moroccan pop	1	300357.0
moroccan pop	zouglou	1	300357.0
edm	r&b	1	9387366.0
r&b	tropical house	1	9387366.0
dutch pop	uk pop	1	4707490.0
big room	dutch pop	1	4707490.0
dutch pop	progressive house	1	4707490.0
complextro	electropop	1	2006163.0
electropop	german techno	1	2006163.0
complextro	indie electropop	1	2006163.0
dance pop	indie electropop	1	2006163.0
edm	indie electropop	1	2006163.0
electro house	indie electropop	1	2006163.0
german techno	indie electropop	1	2006163.0
indie electropop	pop	1	2006163.0
indie electropop	post-teen pop	1	2006163.0
indie electropop	tropical house	1	2006163.0
complextro	indie poptimism	1	2006163.0
german techno	indie poptimism	1	2006163.0
complextro	vapor soul	1	2006163.0
dance pop	vapor soul	1	2006163.0
edm	vapor soul	1	2006163.0
electro house	vapor soul	1	2006163.0
german techno	vapor soul	1	2006163.0
pop	vapor soul	1	2006163.0
post-teen pop	vapor soul	1	2006163.0
tropical house	vapor soul	1	2006163.0
dance pop	disco house	1	1448129.0
dance pop	filter house	1	1448129.0
dance pop	vocal house	1	1448129.0
disco house	electropop	1	1448129.0
electropop	filter house	1	1448129.0
electropop	vocal house	1	1448129.0
disco house	pop	1	1448129.0
pop	vocal house	1	1448129.0
disco house	tropical house	1	1448129.0
filter house	tropical house	1	1448129.0
tropical house	vocal house	1	1448129.0
house	uk contemporary r&b	1	172450.0
bmore	uk pop	1	457935.0
ninja	uk pop	1	457935.0
bmore	edm	1	457935.0
bmore	house	1	457935.0
house	moombahton	1	457935.0
edm	ninja	1	457935.0
house	ninja	1	457935.0
r&b	uk pop	1	2623096.0
conscious hip hop	emo rap	1	512265.0
emo rap	gangster rap	1	512265.0
gangster rap	miami hip hop	1	512265.0
atl hip hop	detroit hip hop	1	184432.0
detroit hip hop	r&b	1	184432.0
detroit hip hop	trap soul	1	184432.0
progressive house	swedish pop	1	5931376.0
eurovision	pop urbaine	1	8572786.0
eurovision	rap conscient	1	8572786.0
chicago rap	philly rap	1	195014.0
album rock	glam rock	1	712443.0
album rock	rock	1	712443.0
art rock	glam rock	1	712443.0
art rock	rock	1	712443.0
classic rock	glam rock	1	712443.0
classic rock	rock	1	712443.0
dance rock	glam rock	1	712443.0
dance rock	rock	1	712443.0
glam rock	glam rock	1	712443.0
glam rock	permanent wave	1	712443.0
permanent wave	rock	1	712443.0
glam rock	protopunk	1	712443.0
protopunk	rock	1	712443.0
rock	rock	1	712443.0
atl hip hop	french hip hop	1	218693.0
french hip hop	melodic rap	1	218693.0
atl hip hop	pop urbaine	1	218693.0
hip hop	pop urbaine	1	218693.0
melodic rap	pop urbaine	1	218693.0
french hip hop	pop	1	218693.0
dancehall	pop urbaine	1	218693.0
pop	pop urbaine	1	218693.0
pop urbaine	uk dancehall	1	218693.0
pop urbaine	uk hip hop	1	218693.0
dancehall	melodic rap	1	218693.0
melodic rap	uk dancehall	1	218693.0
melodic rap	uk hip hop	1	218693.0
dutch hip hop	francoton	1	432131.0
dutch hip hop	french hip hop	1	432131.0
dutch hip hop	french pop	1	432131.0
dutch hip hop	pop urbaine	1	432131.0
dutch hip hop	rap algerien	1	432131.0
dutch hip hop	rap marseille	1	432131.0
emo rap	russian hip hop	1	288850.0
rap	russian hip hop	1	288850.0
russian hip hop	trap	1	288850.0
barbadian pop	dance pop	1	192988.0
barbadian pop	dirty south rap	1	192988.0
dirty south rap	urban contemporary	1	192988.0
barbadian pop	hip hop	1	192988.0
barbadian pop	miami hip hop	1	192988.0
miami hip hop	urban contemporary	1	192988.0
barbadian pop	southern hip hop	1	192988.0
barbadian pop	urban contemporary	1	192988.0
urban contemporary	urban contemporary	1	192988.0
art pop	popping	1	364094.0
art pop	synth funk	1	364094.0
art pop	wonky	1	364094.0
electropop	popping	1	364094.0
electropop	synth funk	1	364094.0
electropop	wonky	1	364094.0
metropopolis	popping	1	364094.0
metropopolis	synth funk	1	364094.0
metropopolis	wonky	1	364094.0
popping	shimmer pop	1	364094.0
shimmer pop	synth funk	1	364094.0
shimmer pop	wonky	1	364094.0
emo rap	pop urbaine	1	317393.0
emo rap	rap marseille	1	317393.0
rap	rap marseille	1	317393.0
rap marseille	trap	1	317393.0
german hip hop	german hip hop	1	317393.0
dmv rap	francoton	1	1064420.0
francoton	hip hop	1	1064420.0
francoton	rap	1	1064420.0
francoton	trap	1	1064420.0
francoton	underground hip hop	1	1064420.0
francoton	vapor trap	1	1064420.0
dmv rap	french hip hop	1	1064420.0
french hip hop	underground hip hop	1	1064420.0
french hip hop	vapor trap	1	1064420.0
dmv rap	rap conscient	1	1064420.0
rap conscient	underground hip hop	1	1064420.0
rap conscient	vapor trap	1	1064420.0
deep big room	deep big room	1	430640.0
big room	dutch house	1	430640.0
deep big room	dutch house	1	430640.0
dutch house	electro house	1	430640.0
dutch house	house	1	430640.0
dutch house	progressive electro house	1	430640.0
house	progressive electro house	1	430640.0
progressive electro house	progressive electro house	1	430640.0
afropop	basshall	1	1303298.0
basshall	ghanaian hip hop	1	1303298.0
basshall	nigerian pop	1	1303298.0
neo soul	post-teen pop	1	14229611.0
post-teen pop	uk contemporary r&b	1	14229611.0
pop rap	uk contemporary r&b	1	14229611.0
edm	neo soul	1	14229611.0
liquid funk	neo soul	1	14229611.0
neo soul	uk dance	1	14229611.0
neo soul	uk funky	1	14229611.0
liquid funk	uk contemporary r&b	1	14229611.0
uk contemporary r&b	uk funky	1	14229611.0
brostep	tropical house	1	18642768.0
brostep	uk pop	1	18642768.0
progressive electro house	uk pop	1	18642768.0
afro dancehall	post-teen pop	1	3620495.0
afropop	post-teen pop	1	3620495.0
ghanaian hip hop	post-teen pop	1	3620495.0
post-teen pop	swedish dancehall	1	3620495.0
electro house	ghanaian hip hop	1	3620495.0
electro house	swedish dancehall	1	3620495.0
ghanaian hip hop	moombahton	1	3620495.0
moombahton	swedish dancehall	1	3620495.0
ghanaian hip hop	pop rap	1	3620495.0
pop rap	swedish dancehall	1	3620495.0
edm	liquid funk	1	3620495.0
edm	uk dance	1	3620495.0
edm	uk funky	1	3620495.0
electro house	liquid funk	1	3620495.0
electro house	uk funky	1	3620495.0
liquid funk	moombahton	1	3620495.0
moombahton	uk dance	1	3620495.0
moombahton	uk funky	1	3620495.0
afro dancehall	liquid funk	1	3620495.0
afro dancehall	uk dance	1	3620495.0
afropop	liquid funk	1	3620495.0
afropop	uk dance	1	3620495.0
ghanaian hip hop	liquid funk	1	3620495.0
ghanaian hip hop	uk dance	1	3620495.0
ghanaian hip hop	uk funky	1	3620495.0
liquid funk	swedish dancehall	1	3620495.0
swedish dancehall	uk dance	1	3620495.0
swedish dancehall	uk funky	1	3620495.0
new french touch	norwegian hip hop	1	183937.0
norwegian hip hop	tropical house	1	183937.0
new french touch	vapor twitch	1	183937.0
tropical house	vapor twitch	1	183937.0
canadian contemporary r&b	dance pop	1	13080205.0
canadian contemporary r&b	edm	1	13080205.0
canadian pop	edm	1	13080205.0
canadian contemporary r&b	house	1	13080205.0
canadian pop	house	1	13080205.0
canadian contemporary r&b	progressive house	1	13080205.0
canadian pop	progressive house	1	13080205.0
canadian contemporary r&b	tropical house	1	13080205.0
canadian pop	tropical house	1	13080205.0
canadian contemporary r&b	uk dance	1	13080205.0
canadian pop	uk dance	1	13080205.0
canadian contemporary r&b	post-teen pop	1	13080205.0
canadian contemporary r&b	uk pop	1	13080205.0
canadian pop	post-teen pop	1	13080205.0
canadian pop	uk pop	1	13080205.0
hollywood	pop	1	8560559.0
electropop	latin	1	5734417.0
electropop	reggaeton	1	5734417.0
bboy	deep tropical house	1	1260883.0
bboy	edm	1	1260883.0
bboy	new french touch	1	1260883.0
bboy	tropical house	1	1260883.0
deep tropical house	funk	1	1260883.0
edm	funk	1	1260883.0
deep tropical house	instrumental funk	1	1260883.0
edm	instrumental funk	1	1260883.0
instrumental funk	new french touch	1	1260883.0
instrumental funk	tropical house	1	1260883.0
deep tropical house	modern funk	1	1260883.0
edm	modern funk	1	1260883.0
modern funk	new french touch	1	1260883.0
modern funk	tropical house	1	1260883.0
emo rap	florida rap	1	175142.0
florida rap	miami hip hop	1	175142.0
dance pop	tropical	1	9083504.0
conscious hip hop	new orleans rap	1	426757.0
hip hop	new orleans rap	1	426757.0
new orleans rap	west coast rap	1	426757.0
chicago rap	hip pop	1	412135.0
chicago rap	queens hip hop	1	412135.0
chicago rap	dirty south rap	1	3929862.0
chicago rap	southern hip hop	1	3929862.0
conscious hip hop	dirty south rap	1	3929862.0
conscious hip hop	urban contemporary	1	3929862.0
canadian pop	chicago rap	1	3929862.0
atl hip hop	chicago rap	1	3929862.0
conscious hip hop	melodic rap	1	3929862.0
canadian pop	dirty south rap	1	3929862.0
canadian pop	miami hip hop	1	3929862.0
canadian pop	urban contemporary	1	3929862.0
melodic rap	urban contemporary	1	3929862.0
canadian pop	melodic rap	1	3929862.0
dutch pop	post-teen pop	1	6694243.0
dutch house	viral pop	1	6694243.0
dutch pop	viral pop	1	6694243.0
tropical house	viral pop	1	6694243.0
basshall	post-teen pop	1	6694243.0
basshall	viral pop	1	6694243.0
basshall	dutch house	1	6694243.0
basshall	dutch pop	1	6694243.0
canadian hip hop	philly rap	1	701975.0
canadian pop	philly rap	1	701975.0
hip hop	philly rap	1	701975.0
philly rap	pop rap	1	701975.0
philly rap	toronto rap	1	701975.0
album rock	experimental rock	1	310521.0
art rock	experimental rock	1	310521.0
classic rock	experimental rock	1	310521.0
experimental rock	folk rock	1	310521.0
experimental rock	mellow gold	1	310521.0
experimental rock	psychedelic rock	1	310521.0
experimental rock	rock	1	310521.0
album rock	experimental	1	310521.0
album rock	experimental pop	1	310521.0
art rock	experimental	1	310521.0
art rock	experimental pop	1	310521.0
classic rock	experimental	1	310521.0
classic rock	experimental pop	1	310521.0
experimental	folk rock	1	310521.0
experimental pop	folk rock	1	310521.0
experimental	mellow gold	1	310521.0
experimental pop	mellow gold	1	310521.0
experimental	psychedelic rock	1	310521.0
experimental pop	psychedelic rock	1	310521.0
experimental	rock	1	310521.0
experimental pop	rock	1	310521.0
experimental	experimental rock	1	310521.0
experimental pop	experimental rock	1	310521.0
downtempo	east coast hip hop	1	368416.0
east coast hip hop	electronica	1	368416.0
downtempo	hip hop	1	368416.0
electronica	hip hop	1	368416.0
downtempo	pop rap	1	368416.0
electronica	pop rap	1	368416.0
downtempo	rap	1	368416.0
electronica	rap	1	368416.0
downtempo	southern hip hop	1	368416.0
electronica	southern hip hop	1	368416.0
downtempo	trap	1	368416.0
electronica	trap	1	368416.0
alternative r&b	canadian contemporary r&b	1	991733.0
canadian contemporary r&b	dmv rap	1	991733.0
canadian contemporary r&b	pop rap	1	991733.0
canadian pop	dmv rap	1	991733.0
dance pop	dmv rap	1	991733.0
conscious hip hop	electropop	1	991733.0
dmv rap	electropop	1	991733.0
dmv rap	post-teen pop	1	991733.0
alternative r&b	conscious hip hop	1	991733.0
alternative r&b	dmv rap	1	991733.0
azontobeats	rap conscient	1	1839675.0
desert blues	rap conscient	1	1839675.0
kora	rap conscient	1	1839675.0
mande pop	rap conscient	1	1839675.0
atl hip hop	emo rap	1	930003.0
atl trap	emo rap	1	930003.0
atl trap	trap	1	930003.0
electropop	uk dance	1	7743840.0
electropop	uk funky	1	7743840.0
chicago rap	rap rock	1	260711.0
rap	rap rock	1	260711.0
electro house	swedish pop	1	5313254.0
swedish pop	uk dance	1	5313254.0
post-teen pop	swedish pop	1	5313254.0
arabic hip hop	belgian hip hop	1	8382485.0
belgian hip hop	rap algerien	1	8382485.0
detroit hip hop	uk pop	1	8073385.0
g funk	uk pop	1	8073385.0
hip hop	uk pop	1	8073385.0
basshall	uk pop	1	2854956.0
basshall	uk dancehall	1	2854956.0
basshall	uk drill	1	2854956.0
basshall	uk hip hop	1	2854956.0
dance pop	uk drill	1	2854956.0
pop	uk dancehall	1	2854956.0
pop	uk drill	1	2854956.0
pop	uk hip hop	1	2854956.0
tropical house	uk dancehall	1	2854956.0
tropical house	uk drill	1	2854956.0
tropical house	uk hip hop	1	2854956.0
uk dancehall	uk pop	1	2854956.0
uk drill	uk pop	1	2854956.0
uk hip hop	uk pop	1	2854956.0
big room	contemporary country	1	165568.0
big room	country	1	165568.0
big room	country pop	1	165568.0
big room	country road	1	165568.0
big room	modern country rock	1	165568.0
country	edm	1	165568.0
country pop	edm	1	165568.0
country road	edm	1	165568.0
edm	modern country rock	1	165568.0
country	electro house	1	165568.0
country pop	electro house	1	165568.0
country road	electro house	1	165568.0
electro house	modern country rock	1	165568.0
contemporary country	progressive electro house	1	165568.0
country	progressive electro house	1	165568.0
country pop	progressive electro house	1	165568.0
country road	progressive electro house	1	165568.0
modern country rock	progressive electro house	1	165568.0
contemporary country	progressive house	1	165568.0
country	progressive house	1	165568.0
country pop	progressive house	1	165568.0
country road	progressive house	1	165568.0
modern country rock	progressive house	1	165568.0
country	tropical house	1	165568.0
country pop	tropical house	1	165568.0
country road	tropical house	1	165568.0
modern country rock	tropical house	1	165568.0
big room	modern alternative rock	1	165568.0
edm	modern alternative rock	1	165568.0
electro house	modern alternative rock	1	165568.0
modern alternative rock	progressive electro house	1	165568.0
modern alternative rock	progressive house	1	165568.0
modern alternative rock	tropical house	1	165568.0
country	post-teen pop	1	165568.0
country pop	post-teen pop	1	165568.0
country road	post-teen pop	1	165568.0
modern country rock	post-teen pop	1	165568.0
contemporary country	modern alternative rock	1	165568.0
country	modern alternative rock	1	165568.0
country pop	modern alternative rock	1	165568.0
country road	modern alternative rock	1	165568.0
modern alternative rock	modern country rock	1	165568.0
alternative r&b	alternative r&b	1	709414.0
alternative r&b	atl hip hop	1	709414.0
alternative r&b	melodic rap	1	709414.0
florida rap	pop	1	213307.0
florida rap	post-teen pop	1	213307.0
dirty south rap	florida rap	1	213307.0
dirty south rap	miami hip hop	1	213307.0
dance pop	german dance	1	212709.0
german dance	tropical house	1	212709.0
belgian hip hop	french pop	1	239025.0
emo rap	toronto rap	1	1684005.0
emo rap	nyc rap	1	881630.0
nyc rap	rap	1	881630.0
nyc rap	trap	1	881630.0
emo rap	vapor trap	1	251838.0
miami hip hop	vapor trap	1	251838.0
classic arab pop	french hip hop	1	652293.0
classic arab pop	pop urbaine	1	652293.0
classic arab pop	rap algerien	1	652293.0
classic arab pop	rap tunisien	1	652293.0
rai	rap algerien	1	652293.0
rai	rap tunisien	1	652293.0
deep rai	francoton	1	2614807.0
deep rai	french hip hop	1	2614807.0
deep rai	pop urbaine	1	2614807.0
french hip hop	rif	1	2614807.0
deep rai	rai	1	2614807.0
rai	rif	1	2614807.0
belgian edm	electropop	1	1549035.0
belgian edm	la pop	1	1549035.0
la pop	pop	1	1549035.0
beach music	doo-wop	1	253739.0
beach music	rhythm and blues	1	253739.0
adult standards	beach music	1	253739.0
beach music	bubblegum pop	1	253739.0
beach music	folk rock	1	253739.0
beach music	lounge	1	253739.0
beach music	motown	1	253739.0
beach music	soul	1	253739.0
adult standards	brill building pop	1	253739.0
brill building pop	brill building pop	1	253739.0
brill building pop	bubblegum pop	1	253739.0
brill building pop	folk rock	1	253739.0
brill building pop	lounge	1	253739.0
brill building pop	motown	1	253739.0
brill building pop	soul	1	253739.0
adult standards	doo-wop	1	253739.0
brill building pop	doo-wop	1	253739.0
bubblegum pop	doo-wop	1	253739.0
doo-wop	folk rock	1	253739.0
doo-wop	lounge	1	253739.0
doo-wop	motown	1	253739.0
doo-wop	rock-and-roll	1	253739.0
doo-wop	rockabilly	1	253739.0
doo-wop	soul	1	253739.0
adult standards	rhythm and blues	1	253739.0
brill building pop	rhythm and blues	1	253739.0
bubblegum pop	rhythm and blues	1	253739.0
folk rock	rhythm and blues	1	253739.0
lounge	rhythm and blues	1	253739.0
motown	rhythm and blues	1	253739.0
rhythm and blues	rock-and-roll	1	253739.0
rhythm and blues	rockabilly	1	253739.0
rhythm and blues	soul	1	253739.0
adult standards	rock-and-roll	1	253739.0
bubblegum pop	rock-and-roll	1	253739.0
folk rock	rock-and-roll	1	253739.0
lounge	rock-and-roll	1	253739.0
motown	rock-and-roll	1	253739.0
rock-and-roll	rock-and-roll	1	253739.0
rock-and-roll	soul	1	253739.0
adult standards	rockabilly	1	253739.0
bubblegum pop	rockabilly	1	253739.0
folk rock	rockabilly	1	253739.0
lounge	rockabilly	1	253739.0
motown	rockabilly	1	253739.0
rockabilly	rockabilly	1	253739.0
rockabilly	soul	1	253739.0
electropop	melodic rap	1	1288109.0
hollywood	social media pop	1	348532.0
post-teen pop	social media pop	1	348532.0
dance pop	show tunes	1	348532.0
post-teen pop	show tunes	1	348532.0
show tunes	social media pop	1	348532.0
new french touch	pop	1	4312814.0
new french touch	swedish pop	1	4312814.0
atl hip hop	electro latino	1	5999851.0
atl hip hop	latin pop	1	5999851.0
atl hip hop	spanish pop	1	5999851.0
atl hip hop	tropical	1	5999851.0
electro latino	rap	1	5999851.0
latin pop	rap	1	5999851.0
rap	spanish pop	1	5999851.0
rap	tropical	1	5999851.0
electro latino	southern hip hop	1	5999851.0
latin pop	southern hip hop	1	5999851.0
southern hip hop	spanish pop	1	5999851.0
southern hip hop	tropical	1	5999851.0
electro latino	trap	1	5999851.0
latin pop	trap	1	5999851.0
spanish pop	trap	1	5999851.0
trap	tropical	1	5999851.0
atl hip hop	funk carioca	1	5999851.0
funk carioca	rap	1	5999851.0
funk carioca	southern hip hop	1	5999851.0
funk carioca	trap	1	5999851.0
electro latino	latin	1	5999851.0
latin	spanish pop	1	5999851.0
electro latino	reggaeton	1	5999851.0
reggaeton	spanish pop	1	5999851.0
dance pop	funk carioca	1	5999851.0
electro latino	funk carioca	1	5999851.0
funk carioca	latin pop	1	5999851.0
funk carioca	spanish pop	1	5999851.0
funk carioca	tropical	1	5999851.0
dancehall	electro latino	1	5999851.0
electro latino	pop	1	5999851.0
electro latino	uk dancehall	1	5999851.0
electro latino	uk hip hop	1	5999851.0
dancehall	latin pop	1	5999851.0
latin pop	uk dancehall	1	5999851.0
latin pop	uk hip hop	1	5999851.0
dancehall	spanish pop	1	5999851.0
pop	spanish pop	1	5999851.0
spanish pop	uk dancehall	1	5999851.0
spanish pop	uk hip hop	1	5999851.0
dancehall	tropical	1	5999851.0
tropical	uk dancehall	1	5999851.0
tropical	uk hip hop	1	5999851.0
dancehall	funk carioca	1	5999851.0
funk carioca	pop	1	5999851.0
funk carioca	uk dancehall	1	5999851.0
funk carioca	uk hip hop	1	5999851.0
bmore	danish pop	1	2787058.0
bmore	electropop	1	2787058.0
bmore	indie pop	1	2787058.0
bmore	indie poptimism	1	2787058.0
bmore	tropical house	1	2787058.0
danish pop	electropop	1	2787058.0
electropop	indie pop	1	2787058.0
danish pop	ninja	1	2787058.0
electropop	ninja	1	2787058.0
indie pop	ninja	1	2787058.0
indie poptimism	ninja	1	2787058.0
ninja	tropical house	1	2787058.0
east coast hip hop	post-teen pop	1	166937.0
east coast hip hop	r&b	1	166937.0
dirty south rap	east coast hip hop	1	166937.0
east coast hip hop	miami hip hop	1	166937.0
east coast hip hop	urban contemporary	1	166937.0
atl hip hop	east coast hip hop	1	166937.0
belgian pop	pop urbaine	1	7587717.0
pop urbaine	variete francaise	1	7587717.0
rap conscient	variete francaise	1	7587717.0
boston hip hop	detroit hip hop	1	2547947.0
boston hip hop	g funk	1	2547947.0
boston hip hop	hip hop	1	2547947.0
boston hip hop	rap	1	2547947.0
canadian hip hop	indie r&b	1	262831.0
canadian pop	indie r&b	1	262831.0
indie r&b	toronto rap	1	262831.0
canadian hip hop	trap soul	1	262831.0
canadian pop	trap soul	1	262831.0
toronto rap	trap soul	1	262831.0
indie r&b	pop	1	262831.0
indie r&b	r&b	1	262831.0
indie r&b	trap soul	1	262831.0
french hip hop	moroccan pop	1	1128014.0
moroccan pop	rap francais	1	1128014.0
canadian hip hop	vapor trap	1	5983521.0
canadian pop	vapor trap	1	5983521.0
hip hop	vapor trap	1	5983521.0
pop rap	vapor trap	1	5983521.0
rap	vapor trap	1	5983521.0
toronto rap	vapor trap	1	5983521.0
arabic hip hop	moroccan pop	1	2544126.0
french pop	rai	1	2544126.0
moroccan pop	rai	1	2544126.0
french pop	rif	1	2544126.0
moroccan pop	rif	1	2544126.0
belgian hip hop	french indie pop	1	23450319.0
belgian hip hop	french indietronica	1	23450319.0
canadian hip hop	east coast hip hop	1	393984.0
canadian pop	east coast hip hop	1	393984.0
east coast hip hop	toronto rap	1	393984.0
detroit hip hop	edm	1	870118.0
detroit hip hop	electro house	1	870118.0
detroit hip hop	house	1	870118.0
detroit hip hop	progressive house	1	870118.0
detroit hip hop	tropical house	1	870118.0
detroit hip hop	uk dance	1	870118.0
hip hop	house	1	870118.0
hip hop	uk dance	1	870118.0
rap	uk dance	1	870118.0
house	southern hip hop	1	870118.0
southern hip hop	uk dance	1	870118.0
trap	uk dance	1	870118.0
azonto	dance pop	1	240462.0
azonto	edm	1	240462.0
azonto	electro house	1	240462.0
azonto	moombahton	1	240462.0
azonto	pop	1	240462.0
azonto	tropical house	1	240462.0
french hip hop	polish hip hop	1	666010.0
french hip hop	polish trap	1	666010.0
polish hip hop	pop urbaine	1	666010.0
polish trap	pop urbaine	1	666010.0
polish hip hop	rap conscient	1	666010.0
polish trap	rap conscient	1	666010.0
polish hip hop	rap francais	1	666010.0
polish trap	rap francais	1	666010.0
canadian pop	latin hip hop	1	246729.0
latin hip hop	pop	1	246729.0
latin hip hop	post-teen pop	1	246729.0
canadian pop	latin pop	1	246729.0
canadian pop	puerto rican pop	1	246729.0
candy pop	electropop	1	169259.0
electropop	metropopolis	1	169259.0
candy pop	uk pop	1	169259.0
metropopolis	uk pop	1	169259.0
bassline	pop urbaine	1	1594853.0
grime	pop urbaine	1	1594853.0
instrumental grime	pop urbaine	1	1594853.0
bassline	francoton	1	1594853.0
francoton	instrumental grime	1	1594853.0
francoton	variete francaise	1	6723396.0
french pop	variete francaise	1	6723396.0
australian dance	uk pop	1	6277801.0
australian pop	uk pop	1	6277801.0
rai	rap marseille	1	270546.0
rap marseille	rif	1	270546.0
comedy rap	dance pop	1	1394432.0
comedy rap	pop	1	1394432.0
comedy rap	pop rap	1	1394432.0
comedy rap	r&b	1	1394432.0
comedy rap	rap	1	1394432.0
edm	hip pop	1	5160393.0
edm	queens hip hop	1	5160393.0
hip pop	tropical house	1	5160393.0
queens hip hop	tropical house	1	5160393.0
edm	francoton	1	5160393.0
hip pop	urban contemporary	1	5160393.0
queens hip hop	urban contemporary	1	5160393.0
francoton	urban contemporary	1	5160393.0
francoton	hip pop	1	5160393.0
francoton	queens hip hop	1	5160393.0
underground hip hop	underground hip hop	1	179800.0
brostep	metropopolis	1	8496003.0
brostep	modern rock	1	8496003.0
modern rock	progressive electro house	1	8496003.0
brostep	pop rock	1	8496003.0
pop rock	progressive electro house	1	8496003.0
canadian electronic	dfw rap	1	8718095.0
canadian electronic	melodic rap	1	8718095.0
deep big room	dfw rap	1	8718095.0
deep big room	melodic rap	1	8718095.0
dfw rap	pop edm	1	8718095.0
melodic rap	pop edm	1	8718095.0
canadian electronic	canadian hip hop	1	8718095.0
canadian electronic	toronto rap	1	8718095.0
canadian electronic	trap	1	8718095.0
canadian electronic	trap soul	1	8718095.0
canadian hip hop	deep big room	1	8718095.0
deep big room	toronto rap	1	8718095.0
deep big room	trap soul	1	8718095.0
canadian hip hop	pop edm	1	8718095.0
pop edm	toronto rap	1	8718095.0
pop edm	trap	1	8718095.0
pop edm	trap soul	1	8718095.0
big room	brostep	1	8718095.0
big room	dutch edm	1	8718095.0
big room	trance	1	8718095.0
big room	canadian electronic	1	8718095.0
brostep	canadian electronic	1	8718095.0
canadian electronic	dance pop	1	8718095.0
canadian electronic	dutch edm	1	8718095.0
canadian electronic	edm	1	8718095.0
canadian electronic	electro house	1	8718095.0
canadian electronic	house	1	8718095.0
canadian electronic	trance	1	8718095.0
canadian electronic	tropical house	1	8718095.0
brostep	deep big room	1	8718095.0
deep big room	dutch edm	1	8718095.0
deep big room	trance	1	8718095.0
brostep	electro house	1	8718095.0
dutch edm	electro house	1	8718095.0
electro house	trance	1	8718095.0
brostep	pop edm	1	8718095.0
dutch edm	pop edm	1	8718095.0
house	pop edm	1	8718095.0
pop edm	trance	1	8718095.0
canadian hip hop	dfw rap	1	8718095.0
dfw rap	toronto rap	1	8718095.0
canadian hip hop	melodic rap	1	8718095.0
melodic rap	toronto rap	1	8718095.0
brostep	dfw rap	1	8718095.0
dfw rap	dutch edm	1	8718095.0
dfw rap	edm	1	8718095.0
dfw rap	house	1	8718095.0
dfw rap	trance	1	8718095.0
dfw rap	tropical house	1	8718095.0
brostep	melodic rap	1	8718095.0
dutch edm	melodic rap	1	8718095.0
edm	melodic rap	1	8718095.0
house	melodic rap	1	8718095.0
melodic rap	trance	1	8718095.0
melodic rap	tropical house	1	8718095.0
brostep	canadian hip hop	1	8718095.0
canadian hip hop	dutch edm	1	8718095.0
canadian hip hop	edm	1	8718095.0
canadian hip hop	house	1	8718095.0
canadian hip hop	trance	1	8718095.0
canadian hip hop	tropical house	1	8718095.0
brostep	toronto rap	1	8718095.0
dance pop	toronto rap	1	8718095.0
dutch edm	toronto rap	1	8718095.0
edm	toronto rap	1	8718095.0
house	toronto rap	1	8718095.0
toronto rap	trance	1	8718095.0
toronto rap	tropical house	1	8718095.0
brostep	trap	1	8718095.0
dutch edm	trap	1	8718095.0
trance	trap	1	8718095.0
brostep	trap soul	1	8718095.0
dance pop	trap soul	1	8718095.0
dutch edm	trap soul	1	8718095.0
house	trap soul	1	8718095.0
trance	trap soul	1	8718095.0
atl hip hop	electropop	1	2170876.0
atl hip hop	indie poptimism	1	2170876.0
electropop	r&b	1	2170876.0
electropop	trap soul	1	2170876.0
indie poptimism	r&b	1	2170876.0
indie poptimism	trap soul	1	2170876.0
indietronica	pop	1	2170876.0
indietronica	r&b	1	2170876.0
indietronica	trap soul	1	2170876.0
afro dancehall	grime	1	494085.0
afro dancehall	uk dancehall	1	494085.0
afro dancehall	uk hip hop	1	494085.0
afropop	grime	1	494085.0
afropop	uk dancehall	1	494085.0
afropop	uk hip hop	1	494085.0
dancehall	grime	1	494085.0
dancehall	uk dancehall	1	494085.0
dancehall	uk hip hop	1	494085.0
ghanaian hip hop	grime	1	494085.0
ghanaian hip hop	uk dancehall	1	494085.0
ghanaian hip hop	uk hip hop	1	494085.0
grime	swedish dancehall	1	494085.0
swedish dancehall	uk dancehall	1	494085.0
swedish dancehall	uk hip hop	1	494085.0
grime	uk dancehall	1	494085.0
uk dancehall	uk dancehall	1	494085.0
uk dancehall	uk hip hop	1	494085.0
afro dancehall	francoton	1	494085.0
afro dancehall	french hip hop	1	494085.0
afro dancehall	rap conscient	1	494085.0
afropop	francoton	1	494085.0
dancehall	francoton	1	494085.0
dancehall	rap conscient	1	494085.0
francoton	ghanaian hip hop	1	494085.0
french hip hop	ghanaian hip hop	1	494085.0
ghanaian hip hop	rap conscient	1	494085.0
francoton	swedish dancehall	1	494085.0
french hip hop	swedish dancehall	1	494085.0
rap conscient	swedish dancehall	1	494085.0
francoton	uk hip hop	1	494085.0
rap conscient	uk hip hop	1	494085.0
canadian hip hop	uk funky	1	1240829.0
canadian pop	uk funky	1	1240829.0
hip hop	uk funky	1	1240829.0
rap	uk funky	1	1240829.0
toronto rap	uk funky	1	1240829.0
afro dancehall	canadian hip hop	1	1240829.0
afropop	canadian hip hop	1	1240829.0
azonto	canadian hip hop	1	1240829.0
canadian hip hop	nigerian hip hop	1	1240829.0
canadian hip hop	nigerian pop	1	1240829.0
afro dancehall	canadian pop	1	1240829.0
afropop	canadian pop	1	1240829.0
azonto	canadian pop	1	1240829.0
canadian pop	nigerian hip hop	1	1240829.0
canadian pop	nigerian pop	1	1240829.0
afro dancehall	hip hop	1	1240829.0
afropop	hip hop	1	1240829.0
azonto	hip hop	1	1240829.0
hip hop	nigerian hip hop	1	1240829.0
hip hop	nigerian pop	1	1240829.0
nigerian hip hop	pop rap	1	1240829.0
nigerian pop	pop rap	1	1240829.0
afro dancehall	rap	1	1240829.0
afropop	rap	1	1240829.0
azonto	rap	1	1240829.0
nigerian hip hop	rap	1	1240829.0
nigerian pop	rap	1	1240829.0
afro dancehall	toronto rap	1	1240829.0
afropop	toronto rap	1	1240829.0
azonto	toronto rap	1	1240829.0
nigerian hip hop	toronto rap	1	1240829.0
nigerian pop	toronto rap	1	1240829.0
azonto	uk funky	1	1240829.0
nigerian hip hop	uk funky	1	1240829.0
nigerian pop	uk funky	1	1240829.0
canadian contemporary r&b	west coast rap	1	4080579.0
canadian pop	west coast rap	1	4080579.0
colombian pop	dance pop	1	2801731.0
colombian pop	deep euro house	1	2801731.0
colombian pop	deep house	1	2801731.0
colombian pop	edm	1	2801731.0
colombian pop	german dance	1	2801731.0
colombian pop	pop	1	2801731.0
colombian pop	tropical house	1	2801731.0
deep euro house	latin	1	2801731.0
deep house	latin	1	2801731.0
german dance	latin	1	2801731.0
deep euro house	latin pop	1	2801731.0
deep house	latin pop	1	2801731.0
edm	latin pop	1	2801731.0
german dance	latin pop	1	2801731.0
latin pop	tropical house	1	2801731.0
deep euro house	reggaeton	1	2801731.0
deep house	reggaeton	1	2801731.0
german dance	reggaeton	1	2801731.0
electronic trap	rap	1	15444029.0
pop rap	puerto rican pop	1	15444029.0
puerto rican pop	rap	1	15444029.0
edm	puerto rican pop	1	15444029.0
edm	trap latino	1	15444029.0
electronic trap	latin	1	15444029.0
electronic trap	puerto rican pop	1	15444029.0
electronic trap	reggaeton	1	15444029.0
electronic trap	trap latino	1	15444029.0
post-teen pop	trap latino	1	15444029.0
belgian pop	francoton	1	10459360.0
chanson	francoton	1	279615.0
francoton	french rock	1	279615.0
conscious hip hop	neo soul	1	1613370.0
dmv rap	neo soul	1	1613370.0
hip hop	neo soul	1	1613370.0
neo soul	rap	1	1613370.0
cuban alternative	francoton	1	3158080.0
cuban alternative	french hip hop	1	3158080.0
cuban alternative	rap conscient	1	3158080.0
etherpop	francoton	1	3158080.0
etherpop	french hip hop	1	3158080.0
etherpop	rap conscient	1	3158080.0
dancehall	zouk riddim	1	6004034.0
reunion pop	zouk riddim	1	6004034.0
francoton	kosovan pop	1	257659.0
kosovan pop	pop urbaine	1	257659.0
kosovan pop	rap marseille	1	257659.0
french hip hop	zouk riddim	1	2348235.0
pop urbaine	zouk riddim	1	2348235.0
rap francais	zouk riddim	1	2348235.0
