source	target	weight	avg_streams
french hip hop	pop urbaine	282	3109346.7096774187
dance pop	pop	151	4762664.0
french hip hop	french hip hop	143	3219039.9540229887
pop urbaine	pop urbaine	139	3230945.9
pop	pop rap	124	3688547.614035088
french hip hop	rap francais	122	2854958.0576923075
pop urbaine	rap francais	120	2874049.211538461
francoton	french hip hop	116	2909613.0
francoton	pop urbaine	115	2920103.033898305
pop rap	rap	105	2728083.620689655
pop	pop	102	4744501.7625
pop	rap	99	2948992.0
pop	tropical house	94	4808639.142857143
hip hop	rap	85	2455850.1481481483
hip hop	pop rap	84	3145922.5185185187
hip hop	pop	83	2888754.904761905
french hip hop	rap conscient	82	4416246.478260869
pop urbaine	rap conscient	80	4495345.022222222
dance pop	pop rap	80	4136982.382978723
pop	post-teen pop	78	5245373.283018868
dance pop	tropical house	77	4696429.760869565
rap	trap	77	3207678.666666666
edm	pop	76	4679469.462962963
pop rap	trap	75	3827900.423076923
pop	trap	70	3993991.09375
dance pop	post-teen pop	62	5538921.975609756
dance pop	edm	61	4729150.857142857
hip hop	trap	61	3008396.380952381
dance pop	dance pop	57	5058363.720930233
dance pop	rap	57	3501302.2058823523
pop rap	post-teen pop	56	4233784.486486486
pop rap	pop rap	55	3309122.52
rap	rap	55	2583824.4074074067
pop	southern hip hop	47	3295484.0740740737
dance pop	hip hop	46	3646370.6551724137
french pop	pop urbaine	43	1827159.2
dance pop	trap	43	4623759.461538462
post-teen pop	rap	42	3551975.1
pop rap	southern hip hop	40	3118671.0
edm	tropical house	39	3904534.961538462
post-teen pop	tropical house	39	5510175.294117647
french hip hop	french pop	39	1712338.333333333
rap	southern hip hop	39	2134511.0
electro house	pop	39	3697185.1333333324
edm	post-teen pop	38	5790324.878787879
hip hop	post-teen pop	37	3569623.962962963
electropop	pop	37	4530398.678571428
atl hip hop	rap	35	2723253.3684210526
francoton	rap conscient	35	4709930.291666667
pop urbaine	rap marseille	35	1068817.2777777778
french hip hop	rap calme	35	1193066.6470588236
hip hop	hip hop	33	2193320.923076923
rap francais	rap francais	32	2449013.391304348
dance pop	electro house	31	3896985.2
pop urbaine	rap calme	31	1193066.6470588236
francoton	rap francais	31	2688822.25
atl hip hop	pop	30	3625864.2
rap conscient	rap francais	29	3870365.7619047617
tropical house	tropical house	29	3684352.08
hip hop	southern hip hop	29	1966830.5
post-teen pop	trap	29	5080078.0476190485
southern hip hop	trap	29	3382354.666666666
atl hip hop	pop rap	28	1945012.666666667
french hip hop	rap marseille	28	1344206.8823529412
dance pop	southern hip hop	28	3860913.777777778
pop rap	tropical house	27	4924361.0
francoton	francoton	26	2162895.25
francoton	french pop	26	2103261.166666666
trap	trap	25	3382354.666666666
edm	pop rap	25	5147900.6315789465
pop	uk dance	24	4742941.315789473
atl hip hop	hip hop	24	2168024.5384615385
melodic rap	rap	24	3349753.8666666667
dance pop	electropop	24	4253742.45
pop rap	urban contemporary	23	4479880.333333333
rap	urban contemporary	23	2614951.230769231
electropop	tropical house	23	3643642.277777778
canadian pop	rap	20	2252868.888888889
pop	uk pop	19	6364574.647058822
hip hop	urban contemporary	19	3415852.538461538
canadian pop	pop rap	19	2541836.777777778
melodic rap	pop rap	19	3009514.166666666
pop	urban contemporary	19	5193980.545454546
edm	electropop	19	4094761.125
pop	progressive house	19	3656741.8
rap francais	rap marseille	19	1130255.8461538462
dance pop	uk dance	18	5097723.076923077
atl hip hop	dance pop	18	3931425.0
atl hip hop	trap	18	1678337.4
house	pop	17	3684705.642857143
post-teen pop	southern hip hop	17	4240749.625
electro house	pop rap	17	4188326.538461538
r&b	rap	17	1857193.9230769232
hip hop	melodic rap	16	2856194.777777778
rap calme	rap francais	16	1409131.4
canadian pop	hip hop	15	3311113.833333333
electro house	tropical house	15	2546013.6923076925
rap	tropical house	15	5011210.2727272725
electro house	post-teen pop	15	4828475.666666667
dance pop	progressive house	15	3769144.6363636362
dance pop	uk pop	14	6671002.153846154
post-teen pop	uk dance	14	5791579.692307693
canadian pop	pop	14	4013588.1538461535
canadian pop	trap	14	1982290.1428571432
trap	urban contemporary	14	5131266.625
francoton	rap marseille	14	733342.8571428572
edm	rap	14	5011210.2727272725
trap	tropical house	14	5011210.2727272725
arabic hip hop	french hip hop	14	2507716.285714286
arabic hip hop	pop urbaine	14	2428308.6428571427
post-teen pop	post-teen pop	14	6201169.214285715
edm	uk pop	13	6085778.25
dance pop	house	13	3819534.3
tropical house	uk pop	13	6085778.25
conscious hip hop	pop	13	3605257.875
dirty south rap	pop rap	13	3949005.5714285714
dirty south rap	rap	13	3949005.5714285714
melodic rap	trap	13	3849235.2
atl hip hop	post-teen pop	13	4111053.0
indie poptimism	pop	13	1770581.4
edm	trap	13	5011210.2727272725
belgian hip hop	french hip hop	13	6953538.333333332
belgian hip hop	pop urbaine	13	6953538.333333332
big room	dance pop	13	4003289.25
big room	pop	13	4003289.25
dance pop	urban contemporary	13	5655266.625
hip hop	r&b	13	1919960.9090909087
french hip hop	rap algerien	13	2654366.5384615385
pop rap	r&b	13	3818139.111111112
chicago rap	rap	12	2436677.6
conscious hip hop	hip hop	12	3095687.25
conscious hip hop	pop rap	12	3095687.25
conscious hip hop	trap	12	3095687.25
miami hip hop	rap	12	4188433.833333334
hip hop	new orleans rap	12	3095687.25
new orleans rap	pop rap	12	3095687.25
atl hip hop	southern hip hop	12	1805606.888888889
detroit hip hop	pop	12	2238611.5
hip hop	tropical house	12	5466385.75
pop rap	progressive house	12	3379815.4444444445
electro house	rap	12	4756081.4
latin	tropical	12	7633860.0
chicago rap	hip hop	11	2436677.6
chicago rap	pop rap	11	2436677.6
conscious hip hop	rap	11	3095687.25
dirty south rap	hip hop	11	3033815.2
miami hip hop	pop rap	11	4873123.2
new orleans rap	rap	11	3095687.25
canadian pop	dance pop	11	4529442.8
melodic rap	pop	11	6100522.571428573
rap marseille	rap marseille	11	1114169.833333333
electropop	pop rap	11	1940223.9
edm	hip hop	11	5466385.75
pop rap	uk dance	11	5270957.625
electro house	trap	11	4756081.4
southern hip hop	tropical house	11	3758693.125
french pop	rap francais	11	1541576.1428571432
pop urbaine	rap algerien	11	2439867.090909091
latin	pop	11	6108175.0
edm	edm	11	4198979.444444444
pop	r&b	11	3941156.5
electropop	post-teen pop	11	5138135.2727272725
pop	pop edm	11	2989450.777777778
dirty south rap	pop	10	3451003.375
dirty south rap	trap	10	3949005.5714285714
chicago rap	trap	10	3009306.0
edm	southern hip hop	10	3758693.125
house	pop rap	10	4017982.4285714286
rap calme	rap conscient	10	2164027.25
hip hop	rock	10	386380.0
miami hip hop	trap	9	4188433.833333334
hip hop	miami hip hop	9	3963884.333333334
indie poptimism	tropical house	9	2143314.0
electro house	hip hop	9	5166941.0
progressive house	rap	9	3758693.125
electro house	southern hip hop	9	3758693.125
progressive house	southern hip hop	9	3758693.125
progressive house	trap	9	3758693.125
big room	tropical house	9	3239579.625
rap conscient	rap conscient	9	4709319.428571428
french indie pop	new french touch	9	2173565.666666666
french indietronica	new french touch	9	2173565.666666666
latin	latin	9	8123712.142857143
dance pop	latin	9	4365066.166666667
edm	electro house	9	2790769.5714285714
dance pop	pop edm	9	3459811.0
hip hop	modern rock	9	371324.0
french pop	rap conscient	9	1620537.0
french reggae	pop urbaine	9	2350670.5
miami hip hop	pop	8	4191860.5
chicago rap	pop	8	3009306.0
new orleans rap	pop	8	3095687.25
new orleans rap	trap	8	3095687.25
pop rap	toronto rap	8	2051297.0
rap	toronto rap	8	426108.4
moombahton	pop	8	4762044.6
dance pop	detroit hip hop	8	3965532.5
hip hop	progressive house	8	4491570.833333333
house	rap	8	4017982.4285714286
rap	uk dance	8	4017982.4285714286
house	southern hip hop	8	4017982.4285714286
southern hip hop	uk dance	8	4017982.4285714286
house	trap	8	4017982.4285714286
trap	uk dance	8	4017982.4285714286
pop rock	rap	8	3232115.5
new french touch	tropical house	8	290664.5
latin	reggaeton	8	9346739.666666666
r&b	trap	8	2837790.333333333
pop	viral pop	8	3195643.375
rap	rock	8	386380.0
hip pop	pop	8	4019326.333333334
pop	queens hip hop	8	4019326.333333334
azontobeats	french hip hop	8	2046355.5
azontobeats	pop urbaine	8	2046355.5
modern rock	pop rap	8	491096.0
pop rap	rock	8	491096.0
house	tropical house	7	4050290.4285714286
tropical house	uk dance	7	6292795.571428573
uk dance	uk pop	7	6292795.571428573
dirty south rap	post-teen pop	7	3923208.0
post-teen pop	urban contemporary	7	6560468.428571427
dance pop	melodic rap	7	7007885.833333332
atl hip hop	canadian pop	7	2291161.0
canadian hip hop	rap	7	426108.4
electropop	rap	7	1470930.0
edm	indie poptimism	7	1587624.333333333
dance pop	indie poptimism	7	1760643.6
electro house	electropop	7	4552350.571428572
dance pop	moombahton	7	4755344.5
indie pop	pop	7	1552326.8
hip hop	house	7	5001151.4
hip hop	uk dance	7	5001151.4
pop rap	pop rock	7	3328366.0
southern hip hop	southern hip hop	7	686229.1428571428
pop rap	viral pop	7	3871187.5714285714
pop	progressive electro house	7	2231089.666666666
pop	tropical	7	5591696.8
dance pop	r&b	7	5757217.4
modern rock	rap	7	371324.0
hip pop	pop rap	7	5797990.0
french hip hop	french reggae	7	2350670.5
house	post-teen pop	6	4639086.666666667
conscious hip hop	dance pop	6	3753881.666666666
melodic rap	southern hip hop	6	3308728.0
canadian pop	melodic rap	6	2291161.0
melodic rap	post-teen pop	6	7007885.833333332
gangster rap	rap	6	180263.33333333328
electropop	hip hop	6	1649105.666666667
indie poptimism	pop rap	6	1430981.8
edm	indie pop	6	1552326.8
danish pop	pop	6	1902187.25
post-teen pop	progressive house	6	4525059.5
pop	pop rock	6	3762765.5
edm	urban contemporary	6	3896522.8
tropical house	urban contemporary	6	3896522.8
belgian hip hop	rap francais	6	5688473.75
dance pop	dirty south rap	6	3143274.8
french indie pop	french indietronica	6	2173565.666666666
french indie pop	tropical house	6	290664.5
french indietronica	tropical house	6	290664.5
new french touch	new french touch	6	290664.5
g funk	pop	6	553187.0
atl hip hop	edm	6	5028699.5
atl hip hop	tropical house	6	5028699.5
alternative r&b	pop	6	4313245.166666667
alternative r&b	pop rap	6	3333036.0
alternative r&b	rap	6	3333036.0
atl hip hop	melodic rap	6	4344631.166666667
latin	latin pop	6	11170595.2
latin	latin hip hop	6	9003522.6
hip hop	pop rock	6	2190108.333333333
dance pop	progressive electro house	6	1430245.6
r&b	southern hip hop	6	2837790.333333333
southern hip hop	urban contemporary	6	5831696.0
pop edm	post-teen pop	6	2736739.2
french pop	french pop	6	1350465.0
pop	toronto rap	6	1868202.4
pop rap	queens hip hop	6	7384742.666666668
electropop	indie poptimism	6	1957194.8
pop rap	trap soul	6	4642254.666666667
francoton	french reggae	6	2350670.5
modern rock	trap	6	491096.0
rock	trap	6	491096.0
chicago rap	dance pop	5	3009306.0
conscious hip hop	southern hip hop	5	3095687.25
conscious hip hop	post-teen pop	5	3834260.0
canadian pop	urban contemporary	5	2427687.6
new orleans rap	southern hip hop	5	3095687.25
canadian hip hop	pop rap	5	496094.5
canadian hip hop	trap	5	496094.5
toronto rap	trap	5	496094.5
gangster rap	pop rap	5	162890.0
indie pop rap	pop	5	1171709.0
dance pop	indie pop	5	1759776.5
danish pop	edm	5	1902187.25
detroit hip hop	post-teen pop	5	3215133.2
french hip hop	rap antillais	5	5264488.6
pop urbaine	rap antillais	5	5264488.6
big room	electropop	5	4405584.2
uk dance	urban contemporary	5	2802626.75
atl hip hop	electro house	5	4521939.6
alternative r&b	dance pop	5	3928832.2
arabic hip hop	rap marseille	5	1028682.0
rap algerien	rap marseille	5	1028682.0
latin pop	reggaeton	5	11170595.2
reggaeton	tropical	5	9003522.6
pop	reggaeton	5	7962615.0
deep house	pop	5	2836182.25
dance pop	tropical	5	2847914.0
big room	edm	5	2067459.6
progressive house	tropical house	5	857764.25
tropical house	viral pop	5	4261898.4
edm	viral pop	5	5062639.5
canadian pop	edm	5	6622191.4
canadian pop	tropical house	5	6299698.0
big room	post-teen pop	5	4602388.0
norwegian pop	pop	5	3597882.0
hip pop	rap	5	2615077.75
hip hop	modern alternative rock	5	371324.0
hip hop	stomp pop	5	371324.0
pop	trap soul	5	4149912.5
electropop	electropop	5	1957194.8
dance pop	hip pop	5	4652617.6
dance pop	queens hip hop	5	4652617.6
barbadian pop	rap	5	4022417.0
rap calme	rap calme	5	810025.3333333335
pop edm	tropical house	5	2065787.75
afropop	french hip hop	5	2053370.0
afropop	pop urbaine	5	2053370.0
azontobeats	francoton	5	1697019.5
dance pop	uk contemporary r&b	4	4029092.25
edm	uk contemporary r&b	4	4029092.25
pop	uk contemporary r&b	4	4029092.25
tropical house	uk contemporary r&b	4	4029092.25
uk contemporary r&b	uk dance	4	4029092.25
chicago rap	dirty south rap	4	3009306.0
chicago rap	miami hip hop	4	3009306.0
chicago rap	southern hip hop	4	3009306.0
chicago rap	urban contemporary	4	3009306.0
conscious hip hop	urban contemporary	4	3229418.75
canadian pop	chicago rap	4	3009454.25
canadian pop	conscious hip hop	4	4536319.5
conscious hip hop	new orleans rap	4	3095687.25
miami hip hop	post-teen pop	4	6055011.25
canadian pop	southern hip hop	4	3020881.25
atl hip hop	dirty south rap	4	3012798.0
dirty south rap	melodic rap	4	3752384.25
melodic rap	miami hip hop	4	3164160.0
atl hip hop	urban contemporary	4	3627296.75
atl hip hop	canadian hip hop	4	618437.6666666665
atl trap	rap	4	180263.33333333328
atl hip hop	toronto rap	4	618437.6666666665
gangster rap	hip hop	4	162890.0
filter house	pop	4	8195368.5
indie pop rap	post-teen pop	4	1370115.75
danish pop	tropical house	4	1902187.25
indie pop	tropical house	4	1902187.25
dance pop	danish pop	4	2295407.0
indietronica	tropical house	4	874461.5
disco house	tropical house	4	3929317.5
belgian hip hop	francoton	4	7301179.0
hip hop	viral pop	4	864120.5
new french touch	nice indie	4	290664.5
detroit hip hop	r&b	4	445874.5
g funk	r&b	4	445874.5
atl hip hop	house	4	3347634.0
atl hip hop	progressive house	4	3347634.0
atl hip hop	uk dance	4	3347634.0
alternative r&b	edm	4	3347634.0
alternative r&b	electro house	4	3347634.0
alternative r&b	house	4	3347634.0
alternative r&b	progressive house	4	3347634.0
alternative r&b	tropical house	4	3347634.0
alternative r&b	uk dance	4	3347634.0
alternative r&b	atl hip hop	4	3347634.0
alternative r&b	southern hip hop	4	3347634.0
alternative r&b	trap	4	3347634.0
electro house	neo soul	4	2865429.75
alternative r&b	hip hop	4	4219524.0
hip hop	neo soul	4	2901437.5
neo soul	rap	4	2901437.5
arabic hip hop	rap conscient	4	5556405.5
rap algerien	rap conscient	4	5556405.5
arabic hip hop	francoton	4	2418474.5
francoton	moroccan pop	4	2563991.75
french pop	rap marseille	4	821815.25
latin hip hop	latin pop	4	11197537.75
latin hip hop	tropical	4	11197537.75
latin pop	tropical	4	11197537.75
tropical	tropical	4	11197537.75
dance pop	reggaeton	4	5811561.75
latin	post-teen pop	4	7487115.666666668
brazilian edm	pop nacional	4	7713846.0
electronic trap	pop	4	4825484.666666667
latin	reggaeton flow	4	2891656.0
edm	progressive house	4	857764.25
progressive electro house	tropical house	4	810131.0
dance pop	miami hip hop	4	4419836.666666667
electro house	urban contemporary	4	3009221.666666666
edm	pop edm	4	4381457.666666667
dance pop	viral pop	4	2986116.25
moombahton	post-teen pop	4	6239997.0
francoton	rap calme	4	376736.5
big room	pop rap	4	2496062.5
electropop	trap	4	917320.3333333336
dance pop	norwegian pop	4	4266785.5
hip hop	hip pop	4	3804363.75
modern alternative rock	rap	4	371324.0
rap	stomp pop	4	371324.0
post-teen pop	uk pop	4	10509664.75
hip pop	trap	4	5797990.0
dance pop	toronto rap	4	2930567.666666666
edm	neo mellow	4	3793167.5
neo mellow	pop	4	3793167.5
neo mellow	tropical house	4	3793167.5
hip pop	post-teen pop	4	3747745.25
post-teen pop	queens hip hop	4	3747745.25
barbadian pop	pop rap	4	5021215.333333333
pop rock	trap	4	2555697.5
dmv rap	pop	4	3372360.5
dance pop	uk funky	4	9690587.0
pop	uk funky	4	9690587.0
indietronica	pop	4	869498.75
modern rock	pop	4	321990.5
rap	trap soul	4	448756.5
modern rock	southern hip hop	4	491096.0
rock	southern hip hop	4	491096.0
modern alternative rock	pop rap	4	491096.0
pop rap	stomp pop	4	491096.0
house	uk contemporary r&b	3	4211587.666666667
house	uk pop	3	4211587.666666667
conscious hip hop	dirty south rap	3	3963884.333333334
conscious hip hop	miami hip hop	3	3963884.333333334
chicago rap	post-teen pop	3	3963884.333333334
chicago rap	new orleans rap	3	3963884.333333334
atl hip hop	chicago rap	3	3963884.333333334
chicago rap	melodic rap	3	3963884.333333334
atl hip hop	conscious hip hop	3	3963884.333333334
conscious hip hop	melodic rap	3	3963884.333333334
canadian pop	dirty south rap	3	3963884.333333334
canadian pop	miami hip hop	3	3963884.333333334
dance pop	new orleans rap	3	3963884.333333334
dirty south rap	new orleans rap	3	3963884.333333334
miami hip hop	new orleans rap	3	3963884.333333334
new orleans rap	urban contemporary	3	3963884.333333334
atl hip hop	miami hip hop	3	3963884.333333334
melodic rap	urban contemporary	3	3963884.333333334
canadian pop	new orleans rap	3	3963884.333333334
new orleans rap	post-teen pop	3	3963884.333333334
atl hip hop	new orleans rap	3	3963884.333333334
melodic rap	new orleans rap	3	3963884.333333334
french hip hop	rap ivoire	3	4670839.5
canadian hip hop	melodic rap	3	618437.6666666665
melodic rap	toronto rap	3	618437.6666666665
canadian hip hop	gangster rap	3	162890.0
canadian pop	gangster rap	3	162890.0
atl trap	hip hop	3	162890.0
atl trap	pop rap	3	162890.0
gangster rap	toronto rap	3	162890.0
hip hop	indie poptimism	3	519494.33333333326
dance pop	indie pop rap	3	430308.0
electropop	indie pop rap	3	430308.0
indie poptimism	rap	3	519494.33333333326
electro house	indie poptimism	3	2453512.666666666
danish pop	moombahton	3	2106318.0
electropop	moombahton	3	2106318.0
indie pop	moombahton	3	2106318.0
indie poptimism	moombahton	3	2106318.0
moombahton	tropical house	3	2106318.0
detroit hip hop	pop rap	3	4934435.333333333
dance pop	disco house	3	3405084.0
disco house	pop	3	3405084.0
filter house	tropical house	3	5193113.0
tropical house	vocal house	3	5193113.0
belgian hip hop	rap conscient	3	5990586.666666668
girl group	hip hop	3	1075720.666666667
girl group	pop rap	3	1075720.666666667
girl group	southern hip hop	3	1075720.666666667
girl group	trap	3	1075720.666666667
hip hop	talent show	3	1075720.666666667
pop rap	talent show	3	1075720.666666667
southern hip hop	talent show	3	1075720.666666667
talent show	trap	3	1075720.666666667
rap	viral pop	3	261198.66666666663
southern hip hop	viral pop	3	1075720.666666667
trap	viral pop	3	1075720.666666667
french indie pop	french indie pop	3	2173565.666666666
french indietronica	french indietronica	3	2173565.666666666
g funk	post-teen pop	3	495298.66666666674
neo soul	pop rap	3	3769382.666666666
neo soul	southern hip hop	3	3769382.666666666
neo soul	trap	3	3769382.666666666
atl hip hop	dfw rap	3	6035690.666666668
dfw rap	rap	3	6035690.666666668
dfw rap	trap	3	6035690.666666668
arabic hip hop	french pop	3	3024211.666666666
francoton	rai	3	2794987.666666666
french pop	rai	3	2794987.666666666
pop urbaine	rai	3	2794987.666666666
francoton	rif	3	2794987.666666666
french pop	rif	3	2794987.666666666
pop urbaine	rif	3	2794987.666666666
rap conscient	rap marseille	3	472085.66666666674
latin	puerto rican pop	3	12190035.666666664
latin hip hop	puerto rican pop	3	12190035.666666664
puerto rican pop	reggaeton	3	12190035.666666664
puerto rican pop	tropical	3	12190035.666666664
pop	west coast rap	3	3401896.333333333
indie pop rap	pop rap	3	2283810.5
indie pop rap	rap	3	2283810.5
brazilian edm	brazilian edm	3	7713846.0
hip hop	toronto rap	3	616823.3333333335
dance pop	deep house	3	1671315.0
deep house	edm	3	1671315.0
deep house	tropical house	3	1671315.0
latin hip hop	pop	3	8338111.333333332
latin	mexican pop	3	4223753.0
edm	progressive electro house	3	810131.0
house	urban contemporary	3	377779.0
progressive house	urban contemporary	3	377779.0
dirty south rap	southern hip hop	3	1140998.0
r&b	urban contemporary	3	8501071.333333334
electro house	viral pop	3	4205115.666666667
electropop	viral pop	3	3806876.666666666
post-teen pop	viral pop	3	3695493.333333334
conscious hip hop	rock	3	453794.0
dance pop	deep big room	3	1146231.0
deep big room	pop	3	1146231.0
deep big room	tropical house	3	1146231.0
dance pop	dutch house	3	2401022.5
dutch house	pop	3	2401022.5
dutch house	tropical house	3	2401022.5
edm	metropopolis	3	4042804.0
metropopolis	pop	3	4042804.0
electropop	progressive house	3	3983533.333333334
metropopolis	tropical house	3	4042804.0
pop rap	progressive electro house	3	1026003.0
electropop	southern hip hop	3	1175042.5
atl hip hop	atl hip hop	3	170568.0
funk	new french touch	3	6844890.0
funk	tropical house	3	6844890.0
canadian hip hop	pop	3	222343.0
norwegian pop	tropical house	3	2485925.333333333
moombahton	pop rap	3	8745634.5
moombahton	rap	3	8745634.5
big room	uk pop	3	6861393.0
dutch pop	edm	3	1929520.5
dutch pop	pop	3	1929520.5
dutch pop	tropical house	3	1929520.5
dance pop	trap soul	3	7851068.5
post-teen pop	r&b	3	7851068.5
post-teen pop	trap soul	3	7851068.5
francoton	pop rap	3	2244745.0
french hip hop	pop rap	3	3203611.5
queens hip hop	rap	3	4562488.5
hip pop	southern hip hop	3	4973284.333333333
queens hip hop	trap	3	7384742.666666668
post-teen pop	toronto rap	3	2930567.666666666
dance pop	neo mellow	3	4306339.666666667
barbadian pop	pop	3	6469189.5
barbadian pop	trap	3	7472963.0
barbadian pop	hip hop	3	4490711.333333333
pop rap	uk pop	3	8030909.333333332
edm	pop rock	3	4627809.333333333
pop rock	tropical house	3	4627809.333333333
post-teen pop	tropical	3	9362715.5
pop rock	southern hip hop	3	2555697.5
canadian contemporary r&b	pop	3	6330644.666666668
azontobeats	rap conscient	3	2272231.666666666
post-teen pop	uk funky	3	9690587.0
pop rap	rap conscient	3	3295675.0
dance pop	dancehall	3	11845426.0
dancehall	pop	3	11845426.0
dance pop	german dance	3	1307940.0
german dance	tropical house	3	1307940.0
azontobeats	french pop	3	1697019.5
french pop	french reggae	3	2350670.5
francoton	tahitian	3	2025312.0
french hip hop	tahitian	3	2025312.0
pop urbaine	tahitian	3	2025312.0
modern alternative rock	pop	3	274262.66666666674
french hip hop	rumba congolaise	3	1509569.5
french hip hop	soukous	3	1509569.5
pop urbaine	rumba congolaise	3	1509569.5
pop urbaine	soukous	3	1509569.5
deep euro house	pop	3	5039968.0
german dance	pop	3	5039968.0
trap	trap soul	3	448756.5
pop	rock	3	491096.0
dmv rap	hip hop	3	491096.0
dmv rap	pop rap	3	491096.0
dmv rap	trap	3	491096.0
hip hop	trap soul	3	491096.0
hip hop	pittsburgh rap	3	491096.0
pittsburgh rap	pop rap	3	491096.0
modern alternative rock	trap	3	491096.0
stomp pop	trap	3	491096.0
electro house	indie electropop	2	5332208.0
electro house	nyc pop	2	5332208.0
atl trap	canadian hip hop	2	162890.0
atl trap	canadian pop	2	162890.0
atl trap	toronto rap	2	162890.0
canadian contemporary r&b	electro	2	11352076.5
canadian pop	electro	2	11352076.5
electro	pop	2	11352076.5
canadian contemporary r&b	filter house	2	11352076.5
canadian pop	filter house	2	11352076.5
francoton	latin	2	7190125.5
francoton	reggaeton	2	7190125.5
etherpop	hip hop	2	576033.0
etherpop	indie pop rap	2	576033.0
indie pop rap	indie poptimism	2	576033.0
etherpop	pop rap	2	576033.0
etherpop	rap	2	576033.0
danish pop	electro house	2	2798213.0
electro house	indie pop	2	2798213.0
danish pop	pop rap	2	2798213.0
indie pop	pop rap	2	2798213.0
detroit hip hop	edm	2	7294885.0
detroit hip hop	electro house	2	7294885.0
detroit hip hop	house	2	7294885.0
detroit hip hop	progressive house	2	7294885.0
detroit hip hop	tropical house	2	7294885.0
detroit hip hop	uk dance	2	7294885.0
belgian hip hop	rap antillais	2	11269102.5
rap antillais	rap conscient	2	11269102.5
australian indie	new french touch	2	289576.5
australian indie	tropical house	2	289576.5
indietronica	new french touch	2	289576.5
new french touch	nu disco	2	289576.5
nu disco	tropical house	2	289576.5
new french touch	shimmer pop	2	289576.5
shimmer pop	tropical house	2	289576.5
new french touch	vapor soul	2	289576.5
tropical house	vapor soul	2	289576.5
dance pop	filter house	2	5038660.5
dance pop	vocal house	2	5038660.5
disco house	electropop	2	5038660.5
electropop	filter house	2	5038660.5
electropop	house	2	5038660.5
electropop	vocal house	2	5038660.5
pop	vocal house	2	5038660.5
piano rock	pop rap	2	6997511.5
dance pop	deep pop r&b	2	5227474.5
deep pop r&b	edm	2	5227474.5
deep pop r&b	pop	2	5227474.5
deep pop r&b	tropical house	2	5227474.5
deep pop r&b	uk dance	2	5227474.5
atl hip hop	girl group	2	277138.0
dirty south rap	girl group	2	277138.0
girl group	rap	2	277138.0
atl hip hop	talent show	2	277138.0
dirty south rap	talent show	2	277138.0
rap	talent show	2	277138.0
atl hip hop	viral pop	2	277138.0
dirty south rap	viral pop	2	277138.0
french indie pop	nice indie	2	290664.5
french indietronica	nice indie	2	290664.5
nice indie	tropical house	2	290664.5
dance pop	g funk	2	636180.0
electro house	funk	2	595651.5
electro house	indie soul	2	595651.5
electro house	soul	2	595651.5
filter house	funk	2	595651.5
filter house	indie soul	2	595651.5
filter house	neo soul	2	595651.5
filter house	soul	2	595651.5
funk	new rave	2	595651.5
indie soul	new rave	2	595651.5
neo soul	new rave	2	595651.5
new rave	soul	2	595651.5
dance pop	lgbtq+ hip hop	2	5135208.0
dance pop	neo soul	2	5135208.0
edm	lgbtq+ hip hop	2	5135208.0
edm	neo soul	2	5135208.0
electro house	lgbtq+ hip hop	2	5135208.0
house	lgbtq+ hip hop	2	5135208.0
house	neo soul	2	5135208.0
lgbtq+ hip hop	pop	2	5135208.0
neo soul	pop	2	5135208.0
lgbtq+ hip hop	progressive house	2	5135208.0
neo soul	progressive house	2	5135208.0
lgbtq+ hip hop	tropical house	2	5135208.0
neo soul	tropical house	2	5135208.0
lgbtq+ hip hop	uk dance	2	5135208.0
neo soul	uk dance	2	5135208.0
atl hip hop	lgbtq+ hip hop	2	5135208.0
hip hop	lgbtq+ hip hop	2	5135208.0
lgbtq+ hip hop	pop rap	2	5135208.0
lgbtq+ hip hop	rap	2	5135208.0
lgbtq+ hip hop	southern hip hop	2	5135208.0
lgbtq+ hip hop	trap	2	5135208.0
atl hip hop	neo soul	2	5135208.0
canadian hip hop	grime	2	275478.5
canadian hip hop	london rap	2	275478.5
canadian hip hop	uk hip hop	2	275478.5
canadian pop	grime	2	275478.5
canadian pop	london rap	2	275478.5
canadian pop	uk hip hop	2	275478.5
grime	hip hop	2	275478.5
hip hop	london rap	2	275478.5
hip hop	uk hip hop	2	275478.5
grime	pop rap	2	275478.5
london rap	pop rap	2	275478.5
pop rap	uk hip hop	2	275478.5
grime	rap	2	275478.5
london rap	rap	2	275478.5
rap	uk hip hop	2	275478.5
grime	toronto rap	2	275478.5
london rap	toronto rap	2	275478.5
toronto rap	uk hip hop	2	275478.5
arabic hip hop	moroccan pop	2	3278260.0
moroccan pop	rai	2	3278260.0
moroccan pop	rif	2	3278260.0
hollywood	hollywood	2	541447.5
dance pop	modern reggae	2	3568243.0
modern reggae	pop	2	3568243.0
modern reggae	post-teen pop	2	3568243.0
conscious hip hop	pop rock	2	3159386.5
arabic hip hop	rap francais	2	544962.0
rap algerien	rap francais	2	544962.0
post-teen pop	reggaeton	2	10151372.0
francoton	pop	2	6490137.5
brazilian edm	electro house	2	7713846.0
canadian hip hop	hip hop	2	860702.5
east coast hip hop	pop	2	707907.0
east coast hip hop	pop rap	2	378082.0
east coast hip hop	rap	2	378082.0
brostep	pop	2	5085299.0
post-teen pop	progressive electro house	2	2939478.0
edm	moombahton	2	1599172.5
electronic trap	indie pop	2	1501218.0
electronic trap	indie poptimism	2	1501218.0
dance pop	electronic trap	2	2849551.0
electronic trap	tropical house	2	2849551.0
dance pop	latin hip hop	2	4223753.0
dance pop	reggaeton flow	2	4223753.0
latin pop	reggaeton flow	2	4223753.0
latin hip hop	mexican pop	2	4223753.0
mexican pop	reggaeton	2	4223753.0
mexican pop	reggaeton flow	2	4223753.0
mexican pop	tropical	2	4223753.0
pop	reggaeton flow	2	4223753.0
reggaeton flow	tropical	2	4223753.0
cubaton	latin	2	8276460.0
cubaton	tropical	2	8276460.0
edm	miami hip hop	2	465559.0
electro house	miami hip hop	2	465559.0
miami hip hop	tropical house	2	465559.0
edm	r&b	2	377779.0
electro house	r&b	2	377779.0
house	r&b	2	377779.0
progressive house	r&b	2	377779.0
r&b	tropical house	2	377779.0
r&b	uk dance	2	377779.0
dirty south rap	r&b	2	6236981.5
dirty south rap	urban contemporary	2	6236981.5
miami hip hop	r&b	2	6236981.5
miami hip hop	urban contemporary	2	6236981.5
urban contemporary	urban contemporary	2	6236981.5
pop edm	viral pop	2	5180848.0
edm	social media pop	2	9503711.0
canadian pop	electro house	2	7615901.0
canadian pop	electropop	2	3899620.5
pop rap	underground hip hop	2	594627.5
rap	underground hip hop	2	594627.5
afropop	tropical house	2	2421101.5
detroit hip hop	urban contemporary	2	255569.0
g funk	urban contemporary	2	255569.0
electronic trap	post-teen pop	2	5813451.5
dutch house	electropop	2	2401022.5
dutch house	post-teen pop	2	2401022.5
deep big room	edm	2	1146231.0
dutch house	edm	2	2401022.5
deep big room	pop rap	2	1146231.0
dutch house	pop rap	2	2401022.5
candy pop	dance pop	2	1943668.0
dance pop	metropopolis	2	1943668.0
candy pop	edm	2	1943668.0
candy pop	pop	2	1943668.0
candy pop	tropical house	2	1943668.0
permanent wave	pop	2	7217713.0
permanent wave	tropical house	2	7217713.0
canadian hip hop	urban contemporary	2	123392.5
toronto rap	urban contemporary	2	123392.5
edm	norwegian pop	2	3633065.0
electro house	norwegian pop	2	3633065.0
post-teen pop	swedish pop	2	6607108.0
edm	melodic rap	2	8390830.5
melodic rap	tropical house	2	8390830.5
moroccan pop	pop urbaine	2	1849723.5
moombahton	trap	2	8745634.5
canadian pop	deep house	2	266892.0
dance pop	dutch pop	2	1929520.5
progressive house	uk pop	2	6838969.0
francoton	hip hop	2	234948.5
pop rap	pop urbaine	2	3203611.5
francoton	rap	2	234948.5
hip hop	queens hip hop	2	6941060.5
queens hip hop	southern hip hop	2	6941060.5
danish pop	electropop	2	1006161.5
electropop	indie pop	2	1006161.5
hip pop	urban contemporary	2	10650679.0
queens hip hop	urban contemporary	2	10650679.0
barbadian pop	dance pop	2	6469189.5
barbadian pop	southern hip hop	2	7472963.0
francoton	rap antillais	2	343765.5
belgian hip hop	rap calme	2	168343.0
rap	uk pop	2	842974.0
electro house	neo mellow	2	3150786.5
electro house	pop rock	2	3150786.5
alternative r&b	canadian pop	2	3303840.0
latin pop	pop	2	9362715.5
pop	puerto rican pop	2	9362715.5
latin pop	post-teen pop	2	9362715.5
post-teen pop	puerto rican pop	2	9362715.5
deep house	pop rap	2	1459162.5
dance pop	swedish pop	2	9304152.5
edm	swedish pop	2	9304152.5
pop	swedish pop	2	9304152.5
swedish pop	tropical house	2	9304152.5
canadian pop	post-teen pop	2	6301323.5
australian pop	pop	2	8678998.0
complextro	dance pop	2	6813754.0
dance pop	german techno	2	6813754.0
complextro	pop	2	6813754.0
german techno	pop	2	6813754.0
complextro	post-teen pop	2	6813754.0
german techno	post-teen pop	2	6813754.0
big room	latin	2	785547.0
edm	latin	2	785547.0
electro house	latin	2	785547.0
latin	melbourne bounce	2	785547.0
latin	melbourne bounce international	2	785547.0
latin	progressive electro house	2	785547.0
latin	tropical house	2	785547.0
deep tropical house	pop	2	1311048.5
deep tropical house	post-teen pop	2	1311048.5
electropop	uk dance	2	3437751.5
deep tropical house	funk	2	6830389.0
edm	funk	2	6830389.0
francoton	rap maroc	2	1214853.0
french hip hop	rap maroc	2	1214853.0
pop urbaine	rap maroc	2	1214853.0
afropop	rap conscient	2	2395691.5
desert blues	french hip hop	2	3140971.0
french hip hop	kora	2	3140971.0
french hip hop	mande pop	2	3140971.0
desert blues	pop urbaine	2	3140971.0
kora	pop urbaine	2	3140971.0
mande pop	pop urbaine	2	3140971.0
tropical house	uk funky	2	13321979.0
uk funky	uk pop	2	13321979.0
dancehall	uk pop	2	11845426.0
pop rap	uk funky	2	12683513.5
dancehall	post-teen pop	2	14041784.0
dancehall	tropical house	2	14041784.0
dance pop	west coast rap	2	2189006.0
french pop	tahitian	2	2025312.0
edm	indietronica	2	165846.0
edm	modern alternative rock	2	165846.0
atl hip hop	gangster rap	2	191872.0
gangster rap	trap	2	191872.0
beach music	brill building pop	2	264787.0
beach music	rock-and-roll	2	264787.0
beach music	rockabilly	2	264787.0
brill building pop	rock-and-roll	2	264787.0
brill building pop	rockabilly	2	264787.0
rock-and-roll	rockabilly	2	264787.0
afropop	francoton	2	1368727.0
francoton	rumba congolaise	2	1368727.0
francoton	soukous	2	1368727.0
french indie pop	french rock	2	5939368.0
french indietronica	french rock	2	5939368.0
afro dancehall	pop rap	2	8023543.5
afropop	pop rap	2	8023543.5
azonto	pop rap	2	8023543.5
french reggae	rap conscient	2	2676029.0
canadian pop	latin	2	16566828.0
canadian pop	tropical	2	16566828.0
bassline	french hip hop	2	6264338.0
bassline	rap conscient	2	6264338.0
french hip hop	grime	2	6264338.0
grime	rap conscient	2	6264338.0
french hip hop	instrumental grime	2	6264338.0
instrumental grime	rap conscient	2	6264338.0
dance pop	pop rock	2	5814888.5
dance pop	swedish electropop	2	7183143.0
edm	swedish electropop	2	7183143.0
pop	swedish electropop	2	7183143.0
swedish electropop	tropical house	2	7183143.0
conscious hip hop	r&b	2	758559.0
southern hip hop	trap soul	2	448756.5
modern rock	new orleans rap	2	491096.0
new orleans rap	rock	2	491096.0
conscious hip hop	modern rock	2	491096.0
dmv rap	modern rock	2	491096.0
dmv rap	rock	2	491096.0
modern rock	r&b	2	491096.0
modern rock	trap soul	2	491096.0
r&b	rock	2	491096.0
rock	trap soul	2	491096.0
modern rock	pittsburgh rap	2	491096.0
pittsburgh rap	rock	2	491096.0
modern rock	rock	2	491096.0
dmv rap	rap	2	491096.0
pittsburgh rap	rap	2	491096.0
pittsburgh rap	trap	2	491096.0
dmv rap	southern hip hop	2	491096.0
pittsburgh rap	pop	2	491096.0
modern alternative rock	southern hip hop	2	491096.0
southern hip hop	stomp pop	2	491096.0
atl hip hop	r&b	2	1511975.5
dance pop	deep euro house	2	2498081.0
deep euro house	edm	2	2498081.0
edm	german dance	2	2498081.0
deep euro house	tropical house	2	2498081.0
indietronica	pop rap	2	406417.0
indie poptimism	southern hip hop	2	406417.0
indietronica	southern hip hop	2	406417.0
indie poptimism	trap	2	406417.0
indietronica	trap	2	406417.0
pop rock	west coast rap	1	5827677.0
atl hip hop	philly rap	1	4650959.0
hip hop	philly rap	1	4650959.0
philly rap	pop rap	1	4650959.0
philly rap	rap	1	4650959.0
philly rap	southern hip hop	1	4650959.0
philly rap	trap	1	4650959.0
indie pop rap	r&b	1	4189539.0
indie pop rap	urban contemporary	1	4189539.0
latin	r&b	1	3735916.0
r&b	reggaeton	1	3735916.0
dance pop	francoton	1	3735916.0
francoton	post-teen pop	1	3735916.0
francoton	r&b	1	3735916.0
edm	indie cafe pop	1	5069639.0
indie cafe pop	pop	1	5069639.0
indie cafe pop	tropical house	1	5069639.0
electro house	pop nacional	1	7713846.0
pop nacional	pop nacional	1	7713846.0
french hip hop	french indie pop	1	2697613.0
french indie pop	pop urbaine	1	2697613.0
french indie pop	rap conscient	1	2697613.0
french hip hop	french indietronica	1	2697613.0
french indietronica	pop urbaine	1	2697613.0
french indietronica	rap conscient	1	2697613.0
east coast hip hop	hip hop	1	378082.0
east coast hip hop	indie pop rap	1	378082.0
hip hop	indie pop rap	1	378082.0
indie pop rap	southern hip hop	1	378082.0
indie pop rap	trap	1	378082.0
deep euro house	deep house	1	844549.0
deep house	deep house	1	844549.0
deep house	german dance	1	844549.0
brostep	dance pop	1	3935288.0
brostep	post-teen pop	1	3935288.0
edm	electronic trap	1	2849551.0
electro house	electronic trap	1	2849551.0
electronic trap	moombahton	1	2849551.0
electronic trap	pop rap	1	2849551.0
danish pop	electronic trap	1	2849551.0
electronic trap	electropop	1	2849551.0
cubaton	dance pop	1	8276460.0
cubaton	latin pop	1	8276460.0
cubaton	mexican pop	1	8276460.0
cubaton	pop	1	8276460.0
cubaton	latin hip hop	1	8276460.0
cubaton	reggaeton	1	8276460.0
cubaton	reggaeton flow	1	8276460.0
disco house	edm	1	137931.0
edm	house	1	137931.0
dirty south rap	edm	1	145571.0
dirty south rap	electro house	1	145571.0
dirty south rap	house	1	145571.0
house	miami hip hop	1	145571.0
dirty south rap	progressive house	1	145571.0
miami hip hop	progressive house	1	145571.0
dirty south rap	tropical house	1	145571.0
dirty south rap	uk dance	1	145571.0
miami hip hop	uk dance	1	145571.0
chicago rap	edm	1	145571.0
chicago rap	electro house	1	145571.0
chicago rap	house	1	145571.0
chicago rap	progressive house	1	145571.0
chicago rap	tropical house	1	145571.0
chicago rap	uk dance	1	145571.0
miami hip hop	southern hip hop	1	145571.0
dance pop	social media pop	1	9503711.0
electro house	social media pop	1	9503711.0
electropop	social media pop	1	9503711.0
pop	social media pop	1	9503711.0
pop edm	social media pop	1	9503711.0
pop rap	social media pop	1	9503711.0
post-teen pop	social media pop	1	9503711.0
social media pop	tropical house	1	9503711.0
canadian pop	moombahton	1	2746875.0
canadian pop	danish pop	1	2746875.0
canadian pop	indie pop	1	2746875.0
canadian pop	indie poptimism	1	2746875.0
danish pop	post-teen pop	1	2746875.0
indie pop	post-teen pop	1	2746875.0
indie poptimism	post-teen pop	1	2746875.0
alternative r&b	brostep	1	6235310.0
alternative r&b	progressive electro house	1	6235310.0
french hip hop	j-pop	1	1977525.0
j-pop	pop urbaine	1	1977525.0
j-pop	rap conscient	1	1977525.0
french hip hop	j-rap	1	1977525.0
j-rap	pop urbaine	1	1977525.0
j-rap	rap conscient	1	1977525.0
french hip hop	japanese r&b	1	1977525.0
japanese r&b	pop urbaine	1	1977525.0
japanese r&b	rap conscient	1	1977525.0
trap	underground hip hop	1	532912.0
conscious hip hop	irish rock	1	416492.0
conscious hip hop	permanent wave	1	416492.0
hip hop	irish rock	1	416492.0
hip hop	permanent wave	1	416492.0
irish rock	rap	1	416492.0
permanent wave	rap	1	416492.0
irish rock	west coast rap	1	416492.0
permanent wave	west coast rap	1	416492.0
rock	west coast rap	1	416492.0
afropop	french indie pop	1	120359.0
burkinabe pop	french indie pop	1	120359.0
french indie pop	world	1	120359.0
afropop	french indietronica	1	120359.0
burkinabe pop	french indietronica	1	120359.0
french indietronica	world	1	120359.0
afropop	new french touch	1	120359.0
burkinabe pop	new french touch	1	120359.0
new french touch	world	1	120359.0
burkinabe pop	tropical house	1	120359.0
tropical house	world	1	120359.0
detroit hip hop	rap	1	213536.0
g funk	pop rap	1	213536.0
g funk	rap	1	213536.0
big room	candy pop	1	1943668.0
big room	metropopolis	1	1943668.0
candy pop	deep big room	1	1943668.0
deep big room	electropop	1	1943668.0
deep big room	metropopolis	1	1943668.0
deep big room	post-teen pop	1	1943668.0
candy pop	dutch house	1	1943668.0
dutch house	metropopolis	1	1943668.0
candy pop	electro house	1	1943668.0
electro house	metropopolis	1	1943668.0
candy pop	progressive electro house	1	1943668.0
electropop	progressive electro house	1	1943668.0
metropopolis	progressive electro house	1	1943668.0
candy pop	progressive house	1	1943668.0
metropopolis	progressive house	1	1943668.0
big room	hip hop	1	1943668.0
big room	rap	1	1943668.0
big room	southern hip hop	1	1943668.0
big room	trap	1	1943668.0
deep big room	hip hop	1	1943668.0
deep big room	rap	1	1943668.0
deep big room	southern hip hop	1	1943668.0
deep big room	trap	1	1943668.0
dutch house	hip hop	1	1943668.0
dutch house	rap	1	1943668.0
dutch house	southern hip hop	1	1943668.0
dutch house	trap	1	1943668.0
hip hop	progressive electro house	1	1943668.0
progressive electro house	rap	1	1943668.0
progressive electro house	southern hip hop	1	1943668.0
progressive electro house	trap	1	1943668.0
candy pop	hip hop	1	1943668.0
candy pop	pop rap	1	1943668.0
candy pop	rap	1	1943668.0
candy pop	southern hip hop	1	1943668.0
candy pop	trap	1	1943668.0
hip hop	metropopolis	1	1943668.0
metropopolis	pop rap	1	1943668.0
metropopolis	rap	1	1943668.0
metropopolis	southern hip hop	1	1943668.0
metropopolis	trap	1	1943668.0
dance pop	permanent wave	1	922268.0
edm	permanent wave	1	922268.0
electro house	permanent wave	1	922268.0
norwegian pop	permanent wave	1	922268.0
permanent wave	pop edm	1	922268.0
chicago indie	new french touch	1	6873892.0
chicago indie	tropical house	1	6873892.0
new french touch	soul	1	6873892.0
soul	tropical house	1	6873892.0
canadian hip hop	toronto rap	1	129065.0
canadian pop	toronto rap	1	129065.0
toronto rap	toronto rap	1	129065.0
big room	norwegian pop	1	5502018.0
disco house	norwegian pop	1	5502018.0
filter house	norwegian pop	1	5502018.0
house	norwegian pop	1	5502018.0
norwegian pop	vocal house	1	5502018.0
canadian hip hop	chicago rap	1	146164.0
chicago rap	toronto rap	1	146164.0
canadian hip hop	french hip hop	1	130597.0
canadian hip hop	pop urbaine	1	130597.0
canadian hip hop	rap francais	1	130597.0
french hip hop	toronto rap	1	130597.0
pop urbaine	toronto rap	1	130597.0
rap francais	toronto rap	1	130597.0
french hip hop	trap soul	1	130597.0
pop urbaine	trap soul	1	130597.0
rap francais	trap soul	1	130597.0
swedish pop	viral pop	1	612042.0
detroit hip hop	hip pop	1	297602.0
g funk	hip pop	1	297602.0
detroit hip hop	neo soul	1	297602.0
g funk	neo soul	1	297602.0
electropop	permanent wave	1	13513158.0
dance pop	gauze pop	1	112783.0
edm	gauze pop	1	112783.0
electronic trap	gauze pop	1	112783.0
gauze pop	pop	1	112783.0
dance pop	euphoric hardstyle	1	348794.0
dance pop	hardstyle	1	348794.0
edm	euphoric hardstyle	1	348794.0
edm	hardstyle	1	348794.0
big room	electro house	1	348794.0
deep big room	electro house	1	348794.0
electro house	electro house	1	348794.0
electro house	euphoric hardstyle	1	348794.0
electro house	hardstyle	1	348794.0
electro house	progressive electro house	1	348794.0
electro house	progressive house	1	348794.0
big room	moombahton	1	348794.0
deep big room	moombahton	1	348794.0
electro house	moombahton	1	348794.0
euphoric hardstyle	moombahton	1	348794.0
hardstyle	moombahton	1	348794.0
moombahton	progressive electro house	1	348794.0
moombahton	progressive house	1	348794.0
euphoric hardstyle	pop	1	348794.0
hardstyle	pop	1	348794.0
euphoric hardstyle	pop rap	1	348794.0
hardstyle	pop rap	1	348794.0
euphoric hardstyle	tropical house	1	348794.0
hardstyle	tropical house	1	348794.0
moroccan pop	rap marseille	1	1871004.0
detroit hip hop	modern alternative rock	1	251552.0
detroit hip hop	modern rock	1	251552.0
detroit hip hop	pop rock	1	251552.0
detroit hip hop	rock	1	251552.0
detroit hip hop	stomp pop	1	251552.0
g funk	modern alternative rock	1	251552.0
g funk	modern rock	1	251552.0
g funk	pop rock	1	251552.0
g funk	rock	1	251552.0
g funk	stomp pop	1	251552.0
electro house	melodic rap	1	9219162.0
atl hip hop	moombahton	1	9219162.0
hip hop	moombahton	1	9219162.0
melodic rap	moombahton	1	9219162.0
dfw rap	hip hop	1	4189944.0
dfw rap	melodic rap	1	4189944.0
dfw rap	pop rap	1	4189944.0
melodic rap	melodic rap	1	4189944.0
canadian pop	deep euro house	1	113540.0
canadian pop	german dance	1	113540.0
arabic hip hop	london rap	1	587726.0
francoton	london rap	1	587726.0
french hip hop	london rap	1	587726.0
london rap	pop urbaine	1	587726.0
london rap	rap algerien	1	587726.0
conscious hip hop	gqom	1	603531.0
gqom	hip hop	1	603531.0
gqom	rap	1	603531.0
gqom	west coast rap	1	603531.0
french hip hop	rap montrealais	1	798954.0
pop urbaine	rap montrealais	1	798954.0
rap francais	rap montrealais	1	798954.0
dutch pop	uk pop	1	1000664.0
big room	dutch pop	1	1000664.0
dutch pop	progressive house	1	1000664.0
basshall	francoton	1	286725.0
basshall	french hip hop	1	286725.0
basshall	pop urbaine	1	286725.0
girl group	pop	1	2672886.0
girl group	r&b	1	2672886.0
girl group	trap soul	1	2672886.0
pop	talent show	1	2672886.0
r&b	talent show	1	2672886.0
talent show	trap soul	1	2672886.0
r&b	viral pop	1	2672886.0
trap soul	viral pop	1	2672886.0
french hip hop	indie r&b	1	1472643.0
indie r&b	pop urbaine	1	1472643.0
indie r&b	rap conscient	1	1472643.0
french hip hop	uk alternative hip hop	1	1472643.0
pop urbaine	uk alternative hip hop	1	1472643.0
rap conscient	uk alternative hip hop	1	1472643.0
alternative metal	east coast hip hop	1	131941.0
east coast hip hop	nu metal	1	131941.0
east coast hip hop	post-grunge	1	131941.0
east coast hip hop	rap metal	1	131941.0
alternative metal	hip hop	1	131941.0
hip hop	nu metal	1	131941.0
hip hop	post-grunge	1	131941.0
hip hop	rap metal	1	131941.0
alternative metal	pop rap	1	131941.0
nu metal	pop rap	1	131941.0
pop rap	post-grunge	1	131941.0
pop rap	rap metal	1	131941.0
alternative metal	rap	1	131941.0
nu metal	rap	1	131941.0
post-grunge	rap	1	131941.0
rap	rap metal	1	131941.0
afropop	basshall	1	2119769.0
azontobeats	basshall	1	2119769.0
basshall	rumba congolaise	1	2119769.0
basshall	soukous	1	2119769.0
atl trap	dance pop	1	13374001.0
dance pop	gangster rap	1	13374001.0
atl trap	pop	1	13374001.0
gangster rap	pop	1	13374001.0
atl trap	post-teen pop	1	13374001.0
gangster rap	post-teen pop	1	13374001.0
r&b	uk pop	1	1845652.0
arabic hip hop	hip hop	1	142885.0
french hip hop	hip hop	1	142885.0
hip hop	pop urbaine	1	142885.0
hip hop	rap algerien	1	142885.0
arabic hip hop	pop rap	1	142885.0
pop rap	rap algerien	1	142885.0
arabic hip hop	rap	1	142885.0
french hip hop	rap	1	142885.0
pop urbaine	rap	1	142885.0
rap	rap algerien	1	142885.0
arabic hip hop	southern hip hop	1	142885.0
francoton	southern hip hop	1	142885.0
french hip hop	southern hip hop	1	142885.0
pop urbaine	southern hip hop	1	142885.0
rap algerien	southern hip hop	1	142885.0
arabic hip hop	trap	1	142885.0
francoton	trap	1	142885.0
french hip hop	trap	1	142885.0
pop urbaine	trap	1	142885.0
rap algerien	trap	1	142885.0
electropop	francoton	1	9244359.0
francoton	tropical house	1	9244359.0
electropop	french pop	1	9244359.0
french pop	pop	1	9244359.0
french pop	tropical house	1	9244359.0
atl hip hop	hip pop	1	852870.0
atl hip hop	queens hip hop	1	852870.0
danish pop	indie poptimism	1	1289795.0
indie pop	indie poptimism	1	1289795.0
indie poptimism	indie poptimism	1	1289795.0
edm	hip pop	1	8272107.0
edm	queens hip hop	1	8272107.0
electro house	hip pop	1	8272107.0
electro house	queens hip hop	1	8272107.0
hip pop	moombahton	1	8272107.0
moombahton	queens hip hop	1	8272107.0
hip pop	tropical house	1	8272107.0
queens hip hop	tropical house	1	8272107.0
edm	toronto rap	1	8272107.0
electro house	toronto rap	1	8272107.0
moombahton	toronto rap	1	8272107.0
moombahton	urban contemporary	1	8272107.0
toronto rap	tropical house	1	8272107.0
hip pop	toronto rap	1	8272107.0
queens hip hop	toronto rap	1	8272107.0
neo mellow	uk dance	1	1289242.0
hip pop	viral pop	1	372417.0
queens hip hop	viral pop	1	372417.0
barbadian pop	dirty south rap	1	12328392.0
barbadian pop	miami hip hop	1	12328392.0
barbadian pop	urban contemporary	1	12328392.0
french pop	rap antillais	1	112948.0
electropop	toronto rap	1	401876.0
toronto rap	uk pop	1	401876.0
trap	uk pop	1	401876.0
electropop	urban contemporary	1	401876.0
uk pop	urban contemporary	1	401876.0
aussietronica	melbourne bounce	1	18572003.0
melbourne bounce	tropical house	1	18572003.0
new french touch	norwegian hip hop	1	191646.0
norwegian hip hop	tropical house	1	191646.0
new french touch	norwegian pop	1	191646.0
new french touch	vapor twitch	1	191646.0
tropical house	vapor twitch	1	191646.0
electro house	uk pop	1	2253651.0
alternative r&b	canadian hip hop	1	354055.0
canadian hip hop	indie r&b	1	354055.0
canadian hip hop	indie soul	1	354055.0
canadian pop	indie r&b	1	354055.0
canadian pop	indie soul	1	354055.0
hip hop	indie r&b	1	354055.0
hip hop	indie soul	1	354055.0
indie r&b	pop rap	1	354055.0
indie soul	pop rap	1	354055.0
indie r&b	rap	1	354055.0
indie soul	rap	1	354055.0
alternative r&b	toronto rap	1	354055.0
indie r&b	toronto rap	1	354055.0
indie soul	toronto rap	1	354055.0
dance pop	latin pop	1	2158603.0
dance pop	puerto rican pop	1	2158603.0
afro house	canadian hip hop	1	420244.0
afro house	canadian pop	1	420244.0
afro house	hip hop	1	420244.0
afro house	pop rap	1	420244.0
afro house	rap	1	420244.0
afro house	toronto rap	1	420244.0
canadian hip hop	deep house	1	420244.0
deep house	hip hop	1	420244.0
deep house	rap	1	420244.0
deep house	toronto rap	1	420244.0
canadian hip hop	kwaito house	1	420244.0
canadian pop	kwaito house	1	420244.0
hip hop	kwaito house	1	420244.0
kwaito house	pop rap	1	420244.0
kwaito house	rap	1	420244.0
kwaito house	toronto rap	1	420244.0
afro house	pop	1	420244.0
afro house	uk contemporary r&b	1	420244.0
deep house	uk contemporary r&b	1	420244.0
kwaito house	pop	1	420244.0
kwaito house	uk contemporary r&b	1	420244.0
canadian hip hop	uk contemporary r&b	1	420244.0
canadian pop	uk contemporary r&b	1	420244.0
hip hop	uk contemporary r&b	1	420244.0
pop rap	uk contemporary r&b	1	420244.0
rap	uk contemporary r&b	1	420244.0
toronto rap	uk contemporary r&b	1	420244.0
big room	swedish pop	1	6006131.0
detroit hip hop	nyc rap	1	249641.0
g funk	nyc rap	1	249641.0
hip hop	nyc rap	1	249641.0
nyc rap	rap	1	249641.0
atl hip hop	pop rock	1	4620299.0
barbadian pop	canadian hip hop	1	117720.0
canadian hip hop	dance pop	1	117720.0
canadian hip hop	post-teen pop	1	117720.0
canadian hip hop	r&b	1	117720.0
barbadian pop	canadian pop	1	117720.0
canadian pop	r&b	1	117720.0
barbadian pop	toronto rap	1	117720.0
r&b	toronto rap	1	117720.0
trap soul	urban contemporary	1	13029251.0
hip pop	r&b	1	13029251.0
hip pop	trap soul	1	13029251.0
queens hip hop	r&b	1	13029251.0
queens hip hop	trap soul	1	13029251.0
australian pop	big room	1	7635211.0
big room	viral pop	1	7635211.0
australian pop	edm	1	7635211.0
australian pop	progressive house	1	7635211.0
progressive house	viral pop	1	7635211.0
australian pop	tropical house	1	7635211.0
complextro	pop edm	1	1142581.0
electro house	pop edm	1	1142581.0
german techno	pop edm	1	1142581.0
big room	tropical	1	785547.0
edm	tropical	1	785547.0
electro house	tropical	1	785547.0
melbourne bounce	tropical	1	785547.0
melbourne bounce international	tropical	1	785547.0
progressive electro house	tropical	1	785547.0
tropical	tropical house	1	785547.0
big room	miami hip hop	1	785547.0
dance pop	melbourne bounce	1	785547.0
melbourne bounce	miami hip hop	1	785547.0
melbourne bounce	pop	1	785547.0
melbourne bounce	pop rap	1	785547.0
dance pop	melbourne bounce international	1	785547.0
melbourne bounce international	miami hip hop	1	785547.0
melbourne bounce international	pop	1	785547.0
melbourne bounce international	pop rap	1	785547.0
miami hip hop	progressive electro house	1	785547.0
latin	miami hip hop	1	785547.0
latin	pop rap	1	785547.0
miami hip hop	tropical	1	785547.0
pop rap	tropical	1	785547.0
album rock	experimental rock	1	177211.0
art rock	experimental rock	1	177211.0
classic rock	experimental rock	1	177211.0
experimental rock	folk rock	1	177211.0
experimental rock	mellow gold	1	177211.0
experimental rock	psychedelic rock	1	177211.0
experimental rock	rock	1	177211.0
album rock	experimental	1	177211.0
album rock	experimental pop	1	177211.0
art rock	experimental	1	177211.0
art rock	experimental pop	1	177211.0
classic rock	experimental	1	177211.0
classic rock	experimental pop	1	177211.0
experimental	folk rock	1	177211.0
experimental pop	folk rock	1	177211.0
experimental	mellow gold	1	177211.0
experimental pop	mellow gold	1	177211.0
experimental	psychedelic rock	1	177211.0
experimental pop	psychedelic rock	1	177211.0
experimental	rock	1	177211.0
experimental pop	rock	1	177211.0
experimental	experimental rock	1	177211.0
experimental pop	experimental rock	1	177211.0
boy band	dance pop	1	857985.0
boy band	deep tropical house	1	857985.0
dance pop	deep tropical house	1	857985.0
deep tropical house	viral pop	1	857985.0
boy band	edm	1	857985.0
boy band	electro house	1	857985.0
boy band	electropop	1	857985.0
boy band	pop	1	857985.0
boy band	pop edm	1	857985.0
boy band	tropical house	1	857985.0
electropop	nyc pop	1	3118548.0
indie electropop	nyc pop	1	3118548.0
indie pop	nyc pop	1	3118548.0
indie poptimism	nyc pop	1	3118548.0
indietronica	nyc pop	1	3118548.0
la pop	nyc pop	1	3118548.0
nyc pop	pop	1	3118548.0
nyc pop	pop edm	1	3118548.0
nyc pop	tropical house	1	3118548.0
alternative r&b	canadian contemporary r&b	1	6253625.0
alternative r&b	electropop	1	6253625.0
alternative r&b	post-teen pop	1	6253625.0
canadian contemporary r&b	conscious hip hop	1	6253625.0
canadian contemporary r&b	dmv rap	1	6253625.0
canadian contemporary r&b	hip hop	1	6253625.0
canadian contemporary r&b	pop rap	1	6253625.0
canadian contemporary r&b	rap	1	6253625.0
canadian pop	dmv rap	1	6253625.0
dance pop	dmv rap	1	6253625.0
conscious hip hop	electropop	1	6253625.0
dmv rap	electropop	1	6253625.0
dmv rap	post-teen pop	1	6253625.0
alternative r&b	conscious hip hop	1	6253625.0
alternative r&b	dmv rap	1	6253625.0
norwegian pop	pop rap	1	5753090.0
pop edm	pop rap	1	5753090.0
french hip hop	moroccan pop	1	1828443.0
french pop	moroccan pop	1	1828443.0
french hip hop	rai	1	1828443.0
french pop	rap maroc	1	1828443.0
french hip hop	rif	1	1828443.0
art pop	canadian contemporary r&b	1	253382.0
art pop	canadian pop	1	253382.0
art pop	pop	1	253382.0
desert blues	rap conscient	1	3140971.0
kora	rap conscient	1	3140971.0
mande pop	rap conscient	1	3140971.0
electropop	uk funky	1	2427803.0
east coast hip hop	francoton	1	327012.0
francoton	hardcore hip hop	1	327012.0
francoton	hip pop	1	327012.0
east coast hip hop	rap conscient	1	327012.0
hardcore hip hop	rap conscient	1	327012.0
hip hop	rap conscient	1	327012.0
hip pop	rap conscient	1	327012.0
rap	rap conscient	1	327012.0
dancehall	edm	1	14041784.0
dancehall	uk dance	1	14041784.0
dancehall	uk funky	1	14041784.0
australian dance	conscious hip hop	1	3351990.0
australian pop	conscious hip hop	1	3351990.0
australian dance	hip hop	1	3351990.0
australian pop	hip hop	1	3351990.0
australian dance	rap	1	3351990.0
australian pop	rap	1	3351990.0
australian dance	west coast rap	1	3351990.0
australian pop	west coast rap	1	3351990.0
canadian contemporary r&b	complextro	1	12484927.0
canadian contemporary r&b	dance pop	1	12484927.0
canadian contemporary r&b	edm	1	12484927.0
canadian contemporary r&b	electro house	1	12484927.0
canadian contemporary r&b	german techno	1	12484927.0
canadian contemporary r&b	post-teen pop	1	12484927.0
canadian contemporary r&b	tropical house	1	12484927.0
canadian pop	complextro	1	12484927.0
canadian pop	german techno	1	12484927.0
complextro	electropop	1	12484927.0
electropop	german techno	1	12484927.0
arabic hip hop	belgian hip hop	1	4922631.0
belgian hip hop	rap algerien	1	4922631.0
detroit hip hop	uk pop	1	1284072.0
g funk	uk pop	1	1284072.0
hip hop	uk pop	1	1284072.0
arabic hip hop	italian hip hop	1	1923814.0
francoton	italian hip hop	1	1923814.0
french hip hop	italian hip hop	1	1923814.0
italian hip hop	pop urbaine	1	1923814.0
italian hip hop	rap algerien	1	1923814.0
arabic hip hop	milan indie	1	1923814.0
francoton	milan indie	1	1923814.0
french hip hop	milan indie	1	1923814.0
milan indie	pop urbaine	1	1923814.0
milan indie	rap algerien	1	1923814.0
arabic hip hop	rap tunisien	1	1923814.0
francoton	rap tunisien	1	1923814.0
french hip hop	rap tunisien	1	1923814.0
pop urbaine	rap tunisien	1	1923814.0
rap algerien	rap tunisien	1	1923814.0
electropop	etherpop	1	3974831.0
etherpop	pop	1	3974831.0
etherpop	tropical house	1	3974831.0
azontobeats	french reggae	1	2025312.0
french reggae	tahitian	1	2025312.0
rap conscient	tahitian	1	2025312.0
barbadian pop	edm	1	609987.0
barbadian pop	electro house	1	609987.0
barbadian pop	house	1	609987.0
barbadian pop	progressive house	1	609987.0
barbadian pop	tropical house	1	609987.0
barbadian pop	uk dance	1	609987.0
austindie	dance pop	1	152885.0
dance pop	indietronica	1	152885.0
dance pop	modern alternative rock	1	152885.0
dance pop	modern rock	1	152885.0
austindie	edm	1	152885.0
edm	modern rock	1	152885.0
austindie	electronic trap	1	152885.0
electronic trap	indietronica	1	152885.0
electronic trap	modern alternative rock	1	152885.0
electronic trap	modern rock	1	152885.0
austindie	pop	1	152885.0
puerto rican pop	reggaeton flow	1	227462.0
latin hip hop	reggaeton	1	227462.0
reggaeton	reggaeton	1	227462.0
reggaeton	reggaeton flow	1	227462.0
latin	trap latino	1	227462.0
latin hip hop	trap latino	1	227462.0
reggaeton	trap latino	1	227462.0
reggaeton flow	trap latino	1	227462.0
trap latino	tropical	1	227462.0
canadian hip hop	southern hip hop	1	191872.0
southern hip hop	toronto rap	1	191872.0
atl hip hop	atl trap	1	191872.0
atl trap	gangster rap	1	191872.0
gangster rap	gangster rap	1	191872.0
gangster rap	melodic rap	1	191872.0
atl trap	southern hip hop	1	191872.0
gangster rap	southern hip hop	1	191872.0
atl trap	trap	1	191872.0
francoton	rap ivoire	1	5481024.0
french pop	rap ivoire	1	5481024.0
pop urbaine	rap ivoire	1	5481024.0
rap conscient	rap ivoire	1	5481024.0
rap francais	rap ivoire	1	5481024.0
emo rap	melodic rap	1	764987.0
emo rap	rap	1	764987.0
emo rap	trap	1	764987.0
beach music	doo-wop	1	264787.0
beach music	rhythm and blues	1	264787.0
adult standards	beach music	1	264787.0
beach music	bubblegum pop	1	264787.0
beach music	folk rock	1	264787.0
beach music	lounge	1	264787.0
beach music	motown	1	264787.0
beach music	soul	1	264787.0
adult standards	brill building pop	1	264787.0
brill building pop	brill building pop	1	264787.0
brill building pop	bubblegum pop	1	264787.0
brill building pop	folk rock	1	264787.0
brill building pop	lounge	1	264787.0
brill building pop	motown	1	264787.0
brill building pop	soul	1	264787.0
adult standards	doo-wop	1	264787.0
brill building pop	doo-wop	1	264787.0
bubblegum pop	doo-wop	1	264787.0
doo-wop	folk rock	1	264787.0
doo-wop	lounge	1	264787.0
doo-wop	motown	1	264787.0
doo-wop	rock-and-roll	1	264787.0
doo-wop	rockabilly	1	264787.0
doo-wop	soul	1	264787.0
adult standards	rhythm and blues	1	264787.0
brill building pop	rhythm and blues	1	264787.0
bubblegum pop	rhythm and blues	1	264787.0
folk rock	rhythm and blues	1	264787.0
lounge	rhythm and blues	1	264787.0
motown	rhythm and blues	1	264787.0
rhythm and blues	rock-and-roll	1	264787.0
rhythm and blues	rockabilly	1	264787.0
rhythm and blues	soul	1	264787.0
adult standards	rock-and-roll	1	264787.0
bubblegum pop	rock-and-roll	1	264787.0
folk rock	rock-and-roll	1	264787.0
lounge	rock-and-roll	1	264787.0
motown	rock-and-roll	1	264787.0
rock-and-roll	rock-and-roll	1	264787.0
rock-and-roll	soul	1	264787.0
adult standards	rockabilly	1	264787.0
bubblegum pop	rockabilly	1	264787.0
folk rock	rockabilly	1	264787.0
lounge	rockabilly	1	264787.0
motown	rockabilly	1	264787.0
rockabilly	rockabilly	1	264787.0
rockabilly	soul	1	264787.0
electropop	indie electropop	1	2739886.0
indie electropop	pop	1	2739886.0
indie electropop	tropical house	1	2739886.0
electropop	indietronica	1	2739886.0
rap conscient	rumba congolaise	1	1650412.0
rap conscient	soukous	1	1650412.0
bmore	dance pop	1	722528.0
bmore	danish pop	1	722528.0
bmore	electropop	1	722528.0
bmore	indie pop	1	722528.0
bmore	indie poptimism	1	722528.0
bmore	pop	1	722528.0
bmore	tropical house	1	722528.0
dance pop	ninja	1	722528.0
danish pop	ninja	1	722528.0
electropop	ninja	1	722528.0
indie pop	ninja	1	722528.0
indie poptimism	ninja	1	722528.0
ninja	pop	1	722528.0
ninja	tropical house	1	722528.0
alternative metal	electropop	1	179177.0
electropop	nu metal	1	179177.0
electropop	post-grunge	1	179177.0
electropop	rap metal	1	179177.0
alternative metal	indie poptimism	1	179177.0
indie poptimism	nu metal	1	179177.0
indie poptimism	post-grunge	1	179177.0
indie poptimism	rap metal	1	179177.0
alternative metal	indietronica	1	179177.0
indietronica	nu metal	1	179177.0
indietronica	post-grunge	1	179177.0
indietronica	rap metal	1	179177.0
alternative metal	pop	1	179177.0
nu metal	pop	1	179177.0
pop	post-grunge	1	179177.0
pop	rap metal	1	179177.0
modern alternative rock	tropical house	1	178807.0
arabic hip hop	arabic hip hop	1	601263.0
arabic hip hop	rap maroc	1	601263.0
arabic hip hop	rap algerien	1	601263.0
rap algerien	rap maroc	1	601263.0
afropop	french pop	1	1368727.0
french pop	rumba congolaise	1	1368727.0
french pop	soukous	1	1368727.0
electrofox	french indie pop	1	5939368.0
electrofox	french indietronica	1	5939368.0
electrofox	french rock	1	5939368.0
french rock	french rock	1	5939368.0
french rock	new french touch	1	5939368.0
electrofox	nouvelle chanson francaise	1	5939368.0
french indie pop	nouvelle chanson francaise	1	5939368.0
french indietronica	nouvelle chanson francaise	1	5939368.0
french rock	nouvelle chanson francaise	1	5939368.0
new french touch	nouvelle chanson francaise	1	5939368.0
afro dancehall	dance pop	1	4721844.0
afro dancehall	edm	1	4721844.0
afro dancehall	electro house	1	4721844.0
afro dancehall	moombahton	1	4721844.0
afro dancehall	pop	1	4721844.0
afro dancehall	tropical house	1	4721844.0
afropop	dance pop	1	4721844.0
afropop	edm	1	4721844.0
afropop	electro house	1	4721844.0
afropop	moombahton	1	4721844.0
afropop	pop	1	4721844.0
azonto	dance pop	1	4721844.0
azonto	edm	1	4721844.0
azonto	electro house	1	4721844.0
azonto	moombahton	1	4721844.0
azonto	pop	1	4721844.0
azonto	tropical house	1	4721844.0
french reggae	rap francais	1	2676029.0
adult standards	canadian country	1	174098.0
adult standards	canadian pop	1	174098.0
adult standards	country	1	174098.0
adult standards	country dawn	1	174098.0
adult standards	dance pop	1	174098.0
canadian country	canadian pop	1	174098.0
canadian pop	canadian pop	1	174098.0
canadian pop	country	1	174098.0
canadian pop	country dawn	1	174098.0
canadian country	lounge	1	174098.0
canadian pop	lounge	1	174098.0
country	lounge	1	174098.0
country dawn	lounge	1	174098.0
dance pop	lounge	1	174098.0
canadian pop	latin hip hop	1	16566828.0
latin hip hop	post-teen pop	1	16566828.0
canadian pop	reggaeton	1	16566828.0
canadian pop	latin pop	1	16566828.0
canadian pop	puerto rican pop	1	16566828.0
dutch house	electro house	1	2858377.0
dutch pop	electro house	1	2858377.0
dutch pop	electropop	1	2858377.0
dutch house	pop edm	1	2858377.0
dutch pop	pop edm	1	2858377.0
dutch pop	pop rap	1	2858377.0
dutch pop	post-teen pop	1	2858377.0
detroit hip hop	piano rock	1	229320.0
detroit hip hop	viral pop	1	229320.0
g funk	piano rock	1	229320.0
g funk	viral pop	1	229320.0
hip hop	piano rock	1	229320.0
piano rock	rap	1	229320.0
bassline	pop urbaine	1	6264338.0
grime	pop urbaine	1	6264338.0
instrumental grime	pop urbaine	1	6264338.0
bassline	francoton	1	6264338.0
francoton	grime	1	6264338.0
francoton	instrumental grime	1	6264338.0
australian dance	dance pop	1	9722785.0
australian dance	electropop	1	9722785.0
australian dance	pop	1	9722785.0
australian dance	post-teen pop	1	9722785.0
australian dance	uk pop	1	9722785.0
australian pop	dance pop	1	9722785.0
australian pop	electropop	1	9722785.0
australian pop	post-teen pop	1	9722785.0
australian pop	uk pop	1	9722785.0
bboy	deep tropical house	1	4840143.0
bboy	edm	1	4840143.0
bboy	new french touch	1	4840143.0
bboy	tropical house	1	4840143.0
deep tropical house	instrumental funk	1	4840143.0
edm	instrumental funk	1	4840143.0
instrumental funk	new french touch	1	4840143.0
instrumental funk	tropical house	1	4840143.0
deep tropical house	modern funk	1	4840143.0
edm	modern funk	1	4840143.0
modern funk	new french touch	1	4840143.0
modern funk	tropical house	1	4840143.0
deep euro house	neo mellow	1	7581855.0
deep house	neo mellow	1	7581855.0
german dance	neo mellow	1	7581855.0
deep euro house	pop rock	1	7581855.0
deep house	pop rock	1	7581855.0
german dance	pop rock	1	7581855.0
dance pop	scandipop	1	12602174.0
edm	scandipop	1	12602174.0
pop	scandipop	1	12602174.0
post-teen pop	scandipop	1	12602174.0
post-teen pop	swedish electropop	1	12602174.0
scandipop	tropical house	1	12602174.0
edm	uk dance	1	12602174.0
scandipop	uk dance	1	12602174.0
swedish electropop	uk dance	1	12602174.0
swedish pop	uk dance	1	12602174.0
edm	uk funky	1	12602174.0
scandipop	uk funky	1	12602174.0
swedish electropop	uk funky	1	12602174.0
swedish pop	uk funky	1	12602174.0
modern alternative rock	modern rock	1	491096.0
modern rock	modern rock	1	491096.0
modern rock	pop rock	1	491096.0
modern rock	stomp pop	1	491096.0
modern alternative rock	rock	1	491096.0
pop rock	rock	1	491096.0
rock	rock	1	491096.0
rock	stomp pop	1	491096.0
dmv rap	new orleans rap	1	491096.0
new orleans rap	r&b	1	491096.0
new orleans rap	trap soul	1	491096.0
new orleans rap	pittsburgh rap	1	491096.0
modern alternative rock	new orleans rap	1	491096.0
new orleans rap	pop rock	1	491096.0
new orleans rap	stomp pop	1	491096.0
conscious hip hop	trap soul	1	491096.0
dmv rap	r&b	1	491096.0
dmv rap	trap soul	1	491096.0
conscious hip hop	pittsburgh rap	1	491096.0
dmv rap	pittsburgh rap	1	491096.0
conscious hip hop	modern alternative rock	1	491096.0
conscious hip hop	stomp pop	1	491096.0
dmv rap	modern alternative rock	1	491096.0
dmv rap	pop rock	1	491096.0
dmv rap	stomp pop	1	491096.0
pittsburgh rap	r&b	1	491096.0
pittsburgh rap	southern hip hop	1	491096.0
pittsburgh rap	trap soul	1	491096.0
pop	stomp pop	1	491096.0
modern alternative rock	r&b	1	491096.0
pop rock	r&b	1	491096.0
r&b	stomp pop	1	491096.0
modern alternative rock	trap soul	1	491096.0
pop rock	trap soul	1	491096.0
stomp pop	trap soul	1	491096.0
modern alternative rock	pittsburgh rap	1	491096.0
pittsburgh rap	pop rock	1	491096.0
pittsburgh rap	stomp pop	1	491096.0
atl hip hop	barbadian pop	1	2617534.0
french indie pop	russian dance	1	107513.0
french indie pop	russian pop	1	107513.0
barbadian pop	conscious hip hop	1	1026022.0
barbadian pop	west coast rap	1	1026022.0
post-teen pop	west coast rap	1	1026022.0
r&b	west coast rap	1	1026022.0
urban contemporary	west coast rap	1	1026022.0
deep pop edm	electropop	1	1764112.0
deep pop edm	indie poptimism	1	1764112.0
deep pop edm	norwegian pop	1	1764112.0
deep pop edm	pop	1	1764112.0
deep pop edm	post-teen pop	1	1764112.0
deep pop edm	swedish electropop	1	1764112.0
deep pop edm	tropical house	1	1764112.0
deep tropical house	electropop	1	1764112.0
deep tropical house	indie poptimism	1	1764112.0
deep tropical house	norwegian pop	1	1764112.0
deep tropical house	swedish electropop	1	1764112.0
deep tropical house	tropical house	1	1764112.0
electro house	swedish electropop	1	1764112.0
electropop	pop edm	1	1764112.0
indie poptimism	pop edm	1	1764112.0
norwegian pop	pop edm	1	1764112.0
pop edm	swedish electropop	1	1764112.0
electropop	swedish tropical house	1	1764112.0
indie poptimism	swedish tropical house	1	1764112.0
norwegian pop	swedish tropical house	1	1764112.0
pop	swedish tropical house	1	1764112.0
post-teen pop	swedish tropical house	1	1764112.0
swedish electropop	swedish tropical house	1	1764112.0
swedish tropical house	tropical house	1	1764112.0
deep euro house	electro house	1	2498081.0
deep house	electro house	1	2498081.0
electro house	german dance	1	2498081.0
deep euro house	electropop	1	2498081.0
deep house	electropop	1	2498081.0
electropop	german dance	1	2498081.0
deep euro house	pop edm	1	2498081.0
deep house	pop edm	1	2498081.0
german dance	pop edm	1	2498081.0
deep euro house	pop rap	1	2498081.0
german dance	pop rap	1	2498081.0
deep euro house	post-teen pop	1	2498081.0
deep house	post-teen pop	1	2498081.0
german dance	post-teen pop	1	2498081.0
canadian pop	electronic trap	1	7912165.0
pop	underground hip hop	1	656343.0
atl hip hop	electropop	1	406417.0
atl hip hop	indie poptimism	1	406417.0
atl hip hop	indietronica	1	406417.0
indietronica	rap	1	406417.0
atl hip hop	trap soul	1	406417.0
electropop	r&b	1	406417.0
electropop	trap soul	1	406417.0
indie poptimism	r&b	1	406417.0
indie poptimism	trap soul	1	406417.0
hip hop	indietronica	1	406417.0
indietronica	r&b	1	406417.0
indietronica	trap soul	1	406417.0
colombian pop	latin	1	11062825.0
colombian pop	reggaeton	1	11062825.0
canadian hip hop	uk funky	1	11325243.0
canadian pop	uk funky	1	11325243.0
hip hop	uk funky	1	11325243.0
rap	uk funky	1	11325243.0
toronto rap	uk funky	1	11325243.0
afro dancehall	canadian hip hop	1	11325243.0
afropop	canadian hip hop	1	11325243.0
azonto	canadian hip hop	1	11325243.0
canadian hip hop	nigerian hip hop	1	11325243.0
canadian hip hop	nigerian pop	1	11325243.0
afro dancehall	canadian pop	1	11325243.0
afropop	canadian pop	1	11325243.0
azonto	canadian pop	1	11325243.0
canadian pop	nigerian hip hop	1	11325243.0
canadian pop	nigerian pop	1	11325243.0
afro dancehall	hip hop	1	11325243.0
afropop	hip hop	1	11325243.0
azonto	hip hop	1	11325243.0
hip hop	nigerian hip hop	1	11325243.0
hip hop	nigerian pop	1	11325243.0
nigerian hip hop	pop rap	1	11325243.0
nigerian pop	pop rap	1	11325243.0
afro dancehall	rap	1	11325243.0
afropop	rap	1	11325243.0
azonto	rap	1	11325243.0
nigerian hip hop	rap	1	11325243.0
nigerian pop	rap	1	11325243.0
afro dancehall	toronto rap	1	11325243.0
afropop	toronto rap	1	11325243.0
azonto	toronto rap	1	11325243.0
nigerian hip hop	toronto rap	1	11325243.0
nigerian pop	toronto rap	1	11325243.0
afro dancehall	uk funky	1	11325243.0
afropop	uk funky	1	11325243.0
azonto	uk funky	1	11325243.0
nigerian hip hop	uk funky	1	11325243.0
nigerian pop	uk funky	1	11325243.0
arabic hip hop	rap antillais	1	574583.0
rap algerien	rap antillais	1	574583.0
neo mellow	norwegian pop	1	4047922.0
neo mellow	pop edm	1	4047922.0
dance pop	piano rock	1	4047922.0
edm	piano rock	1	4047922.0
electro house	piano rock	1	4047922.0
norwegian pop	piano rock	1	4047922.0
piano rock	pop	1	4047922.0
piano rock	pop edm	1	4047922.0
piano rock	tropical house	1	4047922.0
norwegian pop	pop rock	1	4047922.0
pop edm	pop rock	1	4047922.0
east coast hip hop	hip pop	1	1037732.0
east coast hip hop	neo soul	1	1037732.0
east coast hip hop	r&b	1	1037732.0
east coast hip hop	urban contemporary	1	1037732.0
belgian pop	francoton	1	5632530.0
belgian pop	french hip hop	1	5632530.0
belgian pop	rap conscient	1	5632530.0
cuban alternative	francoton	1	6518439.0
cuban alternative	french hip hop	1	6518439.0
cuban alternative	rap conscient	1	6518439.0
etherpop	francoton	1	6518439.0
etherpop	french hip hop	1	6518439.0
etherpop	rap conscient	1	6518439.0
francoton	rap algerien	1	2516115.0
french pop	rap algerien	1	2516115.0
art pop	french indie pop	1	434071.0
french indie pop	gauze pop	1	434071.0
french indie pop	neo-singer-songwriter	1	434071.0
art pop	french indietronica	1	434071.0
french indietronica	gauze pop	1	434071.0
french indietronica	neo-singer-songwriter	1	434071.0
art pop	new french touch	1	434071.0
gauze pop	new french touch	1	434071.0
neo-singer-songwriter	new french touch	1	434071.0
art pop	tropical house	1	434071.0
gauze pop	tropical house	1	434071.0
neo-singer-songwriter	tropical house	1	434071.0
