source	target	weight	avg_streams
french hip hop	pop urbaine	363	5130036.453125
french hip hop	french hip hop	190	5422685.218579235
pop urbaine	pop urbaine	188	5436893.627906977
pop urbaine	rap francais	177	4578597.9911504425
french hip hop	rap francais	174	4452291.336134453
francoton	french hip hop	129	4250516.769230769
francoton	pop urbaine	127	4356786.03125
dance pop	pop	109	4275863.916666667
pop	pop	108	4408504.762711864
french hip hop	rap conscient	89	5735470.6
pop	post-teen pop	85	4228714.92
pop	tropical house	75	3038569.378378378
pop urbaine	rap conscient	72	5839539.098360656
edm	pop	65	3795025.8387096776
pop urbaine	rap marseille	61	2760601.1025641025
dance pop	tropical house	52	3032304.0
rap francais	rap francais	49	2807329.1428571427
dance pop	edm	47	3741545.103448277
french hip hop	rap marseille	46	2855189.0
francoton	rap francais	46	2393417.210526316
electropop	pop	45	3919971.8636363638
french hip hop	rap calme	42	3195250.2580645164
dance pop	post-teen pop	42	4757243.793103448
pop	pop rap	38	4606072.178571428
pop rap	rap	38	1480312.761904762
post-teen pop	tropical house	35	2713645.5555555555
francoton	francoton	33	2701929.5483870967
rap francais	rap marseille	33	2485966.157894737
edm	post-teen pop	32	3510872.56
dance pop	dance pop	31	4895455.238095238
rap	trap	30	2188524.75
francoton	rap conscient	30	4242803.655172414
rap conscient	rap francais	30	2713379.88
latin	reggaeton	30	6659714.444444444
edm	tropical house	29	3466119.466666667
latin	pop	29	7785490.461538463
pop	reggaeton	29	7785490.461538463
rap	rap	29	1419720.2857142857
pop	rap	27	3559673.052631579
hip hop	rap	27	1066105.9375
dance pop	pop rap	25	5213346.666666667
rap calme	rap conscient	24	3781009.583333334
pop	uk dance	24	2856723.727272727
belgian hip hop	french hip hop	24	5647917.863636362
francoton	french pop	23	3198584.8125
pop urbaine	rap calme	23	3250225.9523809524
dance pop	uk dance	22	2390938.222222222
dance pop	electropop	20	3836899.055555557
house	pop	20	2687795.888888889
dance pop	latin	20	8365585.25
dance pop	reggaeton	20	8365585.25
french hip hop	french pop	20	4947746.578947368
moombahton	pop	19	3485022.875
electropop	post-teen pop	19	2845150.9411764713
electro house	pop	19	3660707.8461538474
bmore	pop	18	3485022.875
ninja	pop	18	3485022.875
french pop	pop urbaine	18	5436805.3125
pop	uk pop	18	6043233.6875
latin	latin	18	6659714.444444444
dance pop	house	17	2040663.7142857143
tropical house	tropical house	17	3466119.466666667
french hip hop	rap algerien	17	2362905.3125
pop urbaine	rap algerien	17	2368842.625
belgian hip hop	pop urbaine	17	4227271.8
melodic rap	rap	17	1704068.916666667
electropop	tropical house	17	5373949.111111111
australian pop	pop	16	1861872.166666667
dance pop	rap	16	5203997.166666667
hip hop	pop rap	16	1234782.5384615385
australian dance	pop	15	1838583.6
latin	pop rap	15	7672837.333333332
pop rap	reggaeton	15	7672837.333333332
edm	latin	15	8979333.444444444
edm	reggaeton	15	8979333.444444444
francoton	rap marseille	15	911844.181818182
dance pop	electro house	14	3048346.0
edm	pop rap	14	6927897.083333332
pop rap	post-teen pop	14	4412060.307692308
rap marseille	rap marseille	14	690643.2857142857
canadian pop	pop	14	6582493.181818183
tropical house	uk dance	13	2629211.666666666
big room	dance pop	13	3134573.75
big room	pop	13	3134573.75
pop rap	pop rap	13	2757080.6153846155
pop rap	trap	13	1403390.4545454546
house	uk dance	12	2629211.666666666
edm	uk dance	12	2323848.2
arabic hip hop	french hip hop	12	2372916.166666666
rap conscient	rap conscient	12	8094471.916666668
edm	electropop	12	5373949.111111111
latin	trap latino	12	6797619.2
latin	tropical	12	7389134.625
rap	southern hip hop	12	1402693.875
reggaeton	reggaeton	12	5189403.285714285
rap calme	rap calme	11	2572503.909090909
melodic rap	trap	11	2467364.7
post-teen pop	uk dance	11	2918350.7142857136
edm	edm	11	3913186.666666666
electro house	tropical house	11	3785211.0
pop	trap latino	11	3739805.6
arabic hip hop	pop urbaine	11	2556200.0
atl hip hop	rap	11	2604240.714285714
post-teen pop	post-teen pop	11	6967151.0
edm	electro house	10	3785211.0
edm	house	10	1987687.0
house	tropical house	10	1987687.0
big room	tropical house	10	3134573.75
latin	rap	10	7911663.888888889
rap	reggaeton	10	7911663.888888889
pop	trap	10	4716078.444444444
hip hop	trap	10	1563661.2222222222
rap conscient	rap marseille	10	1898273.5
dfw rap	trap	9	2605444.5
house	post-teen pop	9	3408761.0
big room	edm	9	3134573.75
post-teen pop	rap	9	3693930.125
latin	post-teen pop	9	7465028.333333332
post-teen pop	reggaeton	9	7465028.333333332
pop	puerto rican pop	9	5845654.0
french pop	rap conscient	9	5170279.875
belgian hip hop	rap conscient	9	10493052.777777778
gangster rap	rap	9	2579492.8571428573
electropop	electropop	9	4515773.8
rap calme	rap francais	9	3208424.125
dance pop	uk pop	9	4775050.0
edm	uk pop	9	4023592.75
tropical house	uk pop	9	4023592.75
reggaeton	trap latino	9	3458829.666666666
reggaeton	tropical	9	5916911.666666668
latin	tropical house	9	10301556.666666666
reggaeton	tropical house	9	10301556.666666666
chanson	variete francaise	9	984431.0
bmore	dance pop	8	3485022.875
dance pop	moombahton	8	3485022.875
dance pop	ninja	8	3485022.875
big room	uk dance	8	2323848.2
electro house	uk dance	8	2323848.2
conscious hip hop	rap	8	751379.1666666665
melodic rap	pop rap	8	2235135.375
rap	uk pop	8	2280539.2
pop rap	tropical house	8	5537572.333333333
belgian hip hop	rap francais	8	1172934.875
latin	latin hip hop	8	5302232.2
pop	tropical	8	7652539.0
bmore	post-teen pop	7	2698553.4285714286
moombahton	post-teen pop	7	2698553.4285714286
ninja	post-teen pop	7	2698553.4285714286
dance pop	disco house	7	1347131.25
dance pop	filter house	7	1347131.25
dance pop	vocal house	7	1347131.25
disco house	pop	7	1347131.25
filter house	pop	7	1347131.25
pop	vocal house	7	1347131.25
electro house	post-teen pop	7	3442649.0
pop rap	trap latino	7	5270543.5
rap	trap latino	7	5270543.5
dance pop	trap latino	7	4468668.75
dance pop	trap	7	5933489.0
french hip hop	rap ivoire	7	1507949.166666667
atl trap	rap	7	3384198.75
dfw rap	rap	7	2122842.5
french pop	variete francaise	7	3417788.333333333
french hip hop	new french touch	7	9727474.666666666
latin	reggaeton flow	7	6781791.25
reggaeton	reggaeton flow	7	6781791.25
latin hip hop	reggaeton	7	5302232.2
australian pop	post-teen pop	6	1861872.166666667
disco house	uk dance	6	1693881.333333333
filter house	uk dance	6	1693881.333333333
uk dance	vocal house	6	1693881.333333333
electronic trap	pop rap	6	8318221.833333332
edm	rap	6	8318221.833333332
electronic trap	rap	6	8318221.833333332
electronic trap	latin	6	8318221.833333332
electronic trap	reggaeton	6	8318221.833333332
electronic trap	pop	6	5845654.0
dance pop	puerto rican pop	6	5845654.0
french hip hop	french indie pop	6	8762443.6
hip hop	hip hop	6	1732145.0
alternative r&b	pop	6	3302196.333333333
hip hop	pop	6	505909.6
canadian hip hop	pop rap	6	4330207.166666667
canadian hip hop	rap	6	1492360.666666667
hip hop	melodic rap	6	1215154.5
pop rap	uk pop	6	2747334.75
modern rock	pop	6	4239545.8
latin	puerto rican pop	6	10971723.0
pop urbaine	rap tunisien	6	2227376.5
belgian hip hop	new french touch	6	9948434.333333334
dance pop	tropical	6	7652539.0
electro house	latin	6	6333179.666666668
edm	tropical	6	8565404.5
tropical	tropical house	6	8565404.5
french pop	rap francais	6	1660070.333333333
francoton	variete francaise	6	1034569.5
belgian edm	edm	6	5506447.5
belgian edm	tropical house	6	5506447.5
belgian edm	latin	6	8140500.0
belgian edm	reggaeton	6	8140500.0
belgian edm	tropical	6	8140500.0
chanson	francoton	6	984431.0
chanson	french pop	6	984431.0
australian dance	bmore	5	1838583.6
australian pop	bmore	5	1838583.6
australian dance	edm	5	1838583.6
australian pop	edm	5	1838583.6
australian dance	electropop	5	1838583.6
australian pop	electropop	5	1838583.6
australian dance	moombahton	5	1838583.6
australian pop	moombahton	5	1838583.6
australian dance	ninja	5	1838583.6
australian pop	ninja	5	1838583.6
australian dance	tropical house	5	1838583.6
australian pop	tropical house	5	1838583.6
australian dance	post-teen pop	5	1838583.6
big room	post-teen pop	5	2456132.8
boy band	pop	5	1615070.25
latin	trap	5	10016656.75
reggaeton	trap	5	10016656.75
french pop	french pop	5	3988236.6
chanson	rap conscient	5	9712601.0
francoton	rap algerien	5	1431368.0
canadian pop	dance pop	5	8283466.2
rap	toronto rap	5	1655460.4
nc hip hop	rap	5	1098829.666666667
basshall	french hip hop	5	3929737.4
basshall	pop urbaine	5	3929737.4
canadian pop	electropop	5	2853197.333333333
canadian pop	tropical house	5	4411165.0
post-teen pop	uk pop	5	9880039.6
belgian hip hop	belgian pop	5	10121532.75
belgian pop	french hip hop	5	10121532.75
belgian pop	new french touch	5	10121532.75
latin	latin pop	5	8117080.2
latin pop	reggaeton	5	8117080.2
puerto rican pop	reggaeton	5	10971723.0
trap	trap	5	2455179.8
atl hip hop	melodic rap	5	3051657.4
pop urbaine	rap ivoire	5	1944906.5
french hip hop	rap tunisien	5	2582493.6
electropop	latin	5	10449630.0
electropop	reggaeton	5	10449630.0
latin pop	pop	5	7206615.666666668
pop	reggaeton flow	5	5970914.0
rap algerien	rap marseille	5	683530.0
pop	progressive electro house	5	4745518.0
pop	progressive house	5	4781947.666666667
electro house	reggaeton	5	6333179.666666668
francoton	pop rap	5	738362.0
french hip hop	rap	5	1149381.4
pop urbaine	rap	5	1149381.4
pop rap	southern hip hop	5	2481158.25
pop	r&b	4	4200760.25
uk dance	uk dance	4	2309418.25
disco house	edm	4	1347131.25
edm	filter house	4	1347131.25
edm	vocal house	4	1347131.25
big room	house	4	2008077.5
electro house	house	4	2008077.5
house	house	4	2008077.5
disco house	tropical house	4	1347131.25
filter house	tropical house	4	1347131.25
tropical house	vocal house	4	1347131.25
post-teen pop	trap latino	4	4468668.75
edm	trap	4	10010249.25
french indie pop	pop urbaine	4	9475355.0
canadian pop	pop rap	4	1897455.0
pop rap	toronto rap	4	1897455.0
canadian pop	rap	4	1897455.0
conscious hip hop	melodic rap	4	970420.25
conscious hip hop	pop rap	4	970420.25
conscious hip hop	trap	4	970420.25
atl hip hop	hip hop	4	1595161.0
gangster rap	hip hop	4	1733840.25
atl hip hop	pop rap	4	1595161.0
gangster rap	pop rap	4	1773429.5
album rock	rap	4	310688.5
birmingham metal	rap	4	310688.5
hard rock	rap	4	310688.5
metal	rap	4	310688.5
rap	rock	4	310688.5
pop house	uk dance	4	10001026.0
basshall	rap francais	4	3193655.75
dutch hip hop	pop urbaine	4	2289581.25
electropop	melodic dubstep	4	2429132.5
melodic dubstep	pop	4	2429132.5
hip hop	uk pop	4	412279.66666666674
chicago rap	pop rap	4	412292.0
chicago rap	trap	4	412292.0
melodic rap	pop	4	431711.75
emo	pop	4	4837448.333333333
arabic hip hop	rap francais	4	1498275.25
rap algerien	rap francais	4	1498275.25
southern hip hop	trap	4	1298053.0
atl hip hop	dfw rap	4	3028919.5
belgian hip hop	belgian hip hop	4	1753233.5
french pop	rap marseille	4	323758.33333333326
electro house	uk pop	4	4200474.25
metropopolis	pop	4	5242112.75
new french touch	rap conscient	4	10772580.5
french hip hop	neo metal	4	7170565.0
neo metal	pop urbaine	4	7170565.0
moombahton	tropical house	4	6229088.333333332
dance pop	latin pop	4	7206615.666666668
pop rap	reggaeton flow	4	6019980.666666668
canadian hip hop	trap	4	1915363.75
post-teen pop	trap	4	2290513.5
deep big room	tropical house	4	3611009.666666666
dance pop	progressive electro house	4	4179278.0
progressive electro house	tropical house	4	4179278.0
electro house	tropical	4	6333179.666666668
latin	moombahton	4	8990309.0
moombahton	reggaeton	4	8990309.0
arabic hip hop	rap	4	1082063.25
francoton	rap	4	1082063.25
french hip hop	hip hop	4	854502.75
hip hop	pop urbaine	4	854502.75
rap	rap algerien	4	1082063.25
uk dance	uk pop	4	4619178.5
brostep	pop	4	3605471.333333334
hip hop	southern hip hop	4	3146573.333333333
emo rap	trap	4	4190870.0
miami hip hop	trap	4	5418433.5
big room	r&b	3	2458309.666666666
dance pop	r&b	3	2458309.666666666
edm	r&b	3	2458309.666666666
r&b	tropical house	3	2458309.666666666
disco house	house	3	1693881.333333333
filter house	house	3	1693881.333333333
house	vocal house	3	1693881.333333333
disco house	post-teen pop	3	1693881.333333333
filter house	post-teen pop	3	1693881.333333333
post-teen pop	vocal house	3	1693881.333333333
boy band	electropop	3	521884.66666666674
boy band	tropical house	3	521884.66666666674
pop rap	puerto rican pop	3	5845654.0
puerto rican pop	rap	3	5845654.0
edm	puerto rican pop	3	5845654.0
edm	trap latino	3	5845654.0
electronic trap	puerto rican pop	3	5845654.0
electronic trap	trap latino	3	5845654.0
dance pop	electronic trap	3	5845654.0
electronic trap	post-teen pop	3	5845654.0
post-teen pop	puerto rican pop	3	5845654.0
electronic trap	trap	3	10790789.666666666
chanson	french hip hop	3	9751974.0
french hip hop	french rock	3	9751974.0
french hip hop	nouvelle chanson francaise	3	9751974.0
french rock	rap conscient	3	9712601.0
nouvelle chanson francaise	rap conscient	3	9712601.0
detroit hip hop	hip hop	3	317716.66666666674
detroit hip hop	pop rap	3	317716.66666666674
detroit hip hop	rap	3	317716.66666666674
g funk	hip hop	3	317716.66666666674
g funk	pop rap	3	317716.66666666674
g funk	rap	3	317716.66666666674
canadian hip hop	dance pop	3	656523.6666666665
canadian hip hop	pop	3	656523.6666666665
r&b	rap	3	564726.0
atl trap	hip hop	3	1079345.0
melodic rap	nc hip hop	3	1098829.666666667
atl trap	pop rap	3	1079345.0
french hip hop	rap antillais	3	2354980.333333333
basshall	dutch pop	3	3151884.333333333
dutch hip hop	french hip hop	3	2898739.666666666
dutch urban	pop urbaine	3	2929182.666666666
dancehall	pop	3	4910080.666666667
canadian pop	edm	3	4411165.0
chicago rap	pop	3	437250.66666666674
chicago rap	rap	3	415899.66666666674
trap	uk pop	3	2859637.0
pop	viral pop	3	11242569.0
canadian pop	post-teen pop	3	13374874.0
post-teen pop	viral pop	3	11242569.0
edm	modern rock	3	4811641.0
modern rock	tropical house	3	4811641.0
big room	pop rap	3	5926902.666666668
canadian pop	uk pop	3	10073195.333333334
latin pop	trap latino	3	7953393.666666668
puerto rican pop	trap latino	3	10971723.0
latin pop	tropical	3	10584035.666666666
puerto rican pop	tropical	3	10971723.0
arabic hip hop	rap conscient	3	427947.66666666674
rap algerien	rap conscient	3	427947.66666666674
azontobeats	french hip hop	3	7062660.666666668
azontobeats	pop urbaine	3	7062660.666666668
philly rap	rap	3	1463170.5
dfw rap	pop rap	3	3618931.0
melodic rap	southern hip hop	3	1233547.333333333
french hip hop	moroccan pop	3	1462571.0
moroccan pop	pop urbaine	3	1462571.0
french hip hop	rai	3	1311716.5
pop urbaine	rai	3	1311716.5
francoton	rap tunisien	3	2083580.0
belgian hip hop	rap calme	3	1345653.333333333
indie poptimism	pop	3	3068369.666666666
francoton	new french touch	3	3913144.666666666
neo metal	rap francais	3	2534814.333333333
electropop	french hip hop	3	3578296.0
electropop	moombahton	3	6229088.333333332
bmore	tropical house	3	6229088.333333332
ninja	tropical house	3	6229088.333333332
latin hip hop	trap latino	3	4776068.0
trap latino	tropical	3	4776068.0
belgian hip hop	francoton	3	6205115.0
francoton	french reggae	3	2311787.0
french pop	french reggae	3	2311787.0
dance pop	reggaeton flow	3	5970914.0
latin hip hop	pop	3	8362610.0
latin pop	post-teen pop	3	6739673.5
post-teen pop	reggaeton flow	3	4461216.5
pop rap	tropical	3	7489885.333333332
post-teen pop	tropical	3	6739673.5
rap marseille	rap tunisien	3	631572.0
deep big room	edm	3	3611009.666666666
dance pop	deep big room	3	3980317.0
deep big room	pop	3	3980317.0
dance pop	progressive house	3	2985306.5
electro house	electropop	3	4456053.666666667
edm	indie poptimism	3	2188926.0
post-teen pop	progressive house	3	5993659.5
dance pop	pop edm	3	3612089.0
edm	pop edm	3	3612089.0
pop	pop edm	3	3612089.0
pop edm	tropical house	3	3612089.0
electropop	trap	3	3980012.0
reggaeton flow	tropical house	3	4664011.0
arabic hip hop	hip hop	3	666452.3333333335
arabic hip hop	pop rap	3	666452.3333333335
francoton	hip hop	3	666452.3333333335
french hip hop	pop rap	3	666452.3333333335
pop rap	pop urbaine	3	666452.3333333335
hip hop	rap algerien	3	666452.3333333335
pop rap	rap algerien	3	666452.3333333335
francoton	rap calme	3	316071.33333333326
pop	urban contemporary	3	5133050.5
brostep	dance pop	3	2186088.0
brostep	tropical house	3	2186088.0
house	uk pop	3	4773561.666666667
swedish pop	tropical house	3	2887523.333333333
arabic hip hop	trap	3	1145247.333333333
francoton	trap	3	1145247.333333333
french hip hop	southern hip hop	3	841833.3333333335
french hip hop	trap	3	1145247.333333333
pop urbaine	southern hip hop	3	841833.3333333335
pop urbaine	trap	3	1145247.333333333
rap algerien	trap	3	1145247.333333333
dance pop	dutch house	3	3202808.0
dutch house	pop	3	3202808.0
basshall	tropical house	3	4635355.5
basshall	belgian edm	3	8140500.0
belgian edm	dutch hip hop	3	8140500.0
belgian edm	dutch house	3	8140500.0
belgian edm	dutch urban	3	8140500.0
belgian edm	latin hip hop	3	8140500.0
belgian edm	dance pop	3	8140500.0
belgian edm	pop	3	8140500.0
belgian edm	belgian edm	3	8140500.0
belgian edm	latin pop	3	8140500.0
belgian edm	rap latina	3	8140500.0
toronto rap	trap	3	2328197.666666666
french hip hop	latin	3	9396481.0
french hip hop	reggaeton	3	9396481.0
pop	queens hip hop	3	640323.5
rap francais	rap ivoire	3	1649800.0
miami hip hop	rap	3	5418433.5
rap conscient	variete francaise	3	984431.0
variete francaise	variete francaise	3	984431.0
french reggae	variete francaise	3	984431.0
french rock	variete francaise	3	984431.0
french jazz	variete francaise	3	984431.0
nouvelle chanson francaise	variete francaise	3	984431.0
chanson	chanson	3	984431.0
emo rap	miami hip hop	3	5622623.5
dance pop	hip pop	3	2924359.0
hip pop	pop	3	2924359.0
dance pop	francoton	3	954091.0
francoton	pop	3	954091.0
chanson	pop urbaine	2	14076686.0
french rock	pop urbaine	2	14076686.0
nouvelle chanson francaise	pop urbaine	2	14076686.0
french indie pop	rap conscient	2	14076686.0
conscious hip hop	detroit hip hop	2	313297.0
detroit hip hop	dmv rap	2	313297.0
conscious hip hop	g funk	2	313297.0
dmv rap	g funk	2	313297.0
conscious hip hop	hip hop	2	313297.0
dmv rap	hip hop	2	313297.0
dmv rap	rap	2	313297.0
alternative r&b	uk pop	2	7334568.0
french hip hop	j-pop	2	1957586.0
j-pop	pop urbaine	2	1957586.0
j-pop	rap conscient	2	1957586.0
french hip hop	j-rap	2	1957586.0
j-rap	pop urbaine	2	1957586.0
j-rap	rap conscient	2	1957586.0
french hip hop	japanese r&b	2	1957586.0
japanese r&b	pop urbaine	2	1957586.0
japanese r&b	rap conscient	2	1957586.0
arabic hip hop	francoton	2	453050.0
arabic hip hop	french pop	2	453050.0
french pop	rap algerien	2	453050.0
dance pop	hip hop	2	646354.5
dance pop	toronto rap	2	646354.5
pop	toronto rap	2	646354.5
canadian hip hop	r&b	2	646354.5
canadian pop	r&b	2	646354.5
hip hop	r&b	2	646354.5
pop rap	r&b	2	646354.5
r&b	toronto rap	2	646354.5
atl hip hop	conscious hip hop	2	1485699.0
atl trap	conscious hip hop	2	1485699.0
conscious hip hop	gangster rap	2	1485699.0
atl hip hop	nc hip hop	2	1485699.0
atl trap	nc hip hop	2	1485699.0
gangster rap	nc hip hop	2	1485699.0
nc hip hop	pop rap	2	1485699.0
nc hip hop	trap	2	1485699.0
belgian hip hop	rap antillais	2	2855529.5
pop urbaine	rap antillais	2	2855529.5
rap antillais	rap conscient	2	2855529.5
alternative r&b	house	2	2240476.5
alternative r&b	tropical house	2	2240476.5
alternative r&b	uk dance	2	2240476.5
album rock	dfw rap	2	310688.5
album rock	melodic rap	2	310688.5
birmingham metal	dfw rap	2	310688.5
birmingham metal	melodic rap	2	310688.5
dfw rap	hard rock	2	310688.5
hard rock	melodic rap	2	310688.5
dfw rap	metal	2	310688.5
melodic rap	metal	2	310688.5
dfw rap	rock	2	310688.5
melodic rap	rock	2	310688.5
belgian hip hop	rap marseille	2	4520626.0
basshall	dutch hip hop	2	4162721.0
basshall	dutch urban	2	4162721.0
dutch hip hop	rap francais	2	4162721.0
dutch pop	french hip hop	2	4162721.0
dutch pop	pop urbaine	2	4162721.0
dutch pop	rap francais	2	4162721.0
dutch urban	french hip hop	2	4162721.0
dutch urban	rap francais	2	4162721.0
afro dancehall	pop	2	4917807.5
afro dancehall	uk contemporary r&b	2	4917807.5
dancehall	uk contemporary r&b	2	4917807.5
nigerian hip hop	pop	2	4917807.5
nigerian hip hop	uk contemporary r&b	2	4917807.5
nigerian pop	pop	2	4917807.5
nigerian pop	uk contemporary r&b	2	4917807.5
canadian pop	melodic dubstep	2	2429132.5
dance pop	melodic dubstep	2	2429132.5
melodic dubstep	post-teen pop	2	2429132.5
melodic dubstep	tropical house	2	2429132.5
chicago rap	uk pop	2	455141.5
conscious hip hop	pop	2	455141.5
conscious hip hop	uk pop	2	455141.5
chicago rap	melodic rap	2	455141.5
melodic rap	uk pop	2	455141.5
dance pop	viral pop	2	15874696.0
emo	pop rap	2	7096888.5
modern rock	pop rap	2	7096888.5
pop punk	pop rap	2	7096888.5
big room	emo	2	7096888.5
edm	emo	2	7096888.5
emo	progressive house	2	7096888.5
emo	tropical house	2	7096888.5
big room	modern rock	2	7096888.5
modern rock	progressive house	2	7096888.5
big room	pop punk	2	7096888.5
edm	pop punk	2	7096888.5
pop	pop punk	2	7096888.5
pop punk	progressive house	2	7096888.5
pop punk	tropical house	2	7096888.5
pop rap	progressive house	2	7096888.5
country	country rap	2	19521027.0
country	lgbtq+ hip hop	2	19521027.0
country	pop rap	2	19521027.0
country rap	country road	2	19521027.0
country road	lgbtq+ hip hop	2	19521027.0
country road	pop rap	2	19521027.0
alternative r&b	chicago rap	2	351400.5
alternative r&b	rap	2	351400.5
belgian hip hop	variete francaise	2	17840452.5
french hip hop	variete francaise	2	17840452.5
new french touch	variete francaise	2	17840452.5
french hip hop	tahitian	2	2444452.0
pop urbaine	tahitian	2	2444452.0
atl hip hop	southern hip hop	2	1704623.0
atl hip hop	trap	2	1704623.0
atl trap	dfw rap	2	5282698.5
atl trap	melodic rap	2	5282698.5
dfw rap	southern hip hop	2	279016.5
edm	eurodance	2	10116341.5
eurodance	tropical house	2	10116341.5
edm	europop	2	10116341.5
europop	tropical house	2	10116341.5
francoton	moroccan pop	2	1462571.0
francoton	rai	2	1311716.5
rai	rap algerien	2	1311716.5
french hip hop	rif	2	2217972.0
pop urbaine	rif	2	2217972.0
french hip hop	magyar mulatos	2	2217972.0
magyar mulatos	pop urbaine	2	2217972.0
electropop	progressive electro house	2	4219673.0
indie poptimism	progressive electro house	2	4219673.0
indietronica	pop	2	4219673.0
indietronica	progressive electro house	2	4219673.0
brostep	metropopolis	2	5635747.5
metropopolis	progressive electro house	2	5635747.5
new french touch	pop urbaine	2	1697089.0
new french touch	rap francais	2	1697089.0
dutch hip hop	francoton	2	416441.5
electropop	pop urbaine	2	3578296.0
art pop	french hip hop	2	787963.0
french hip hop	metropopolis	2	787963.0
french hip hop	shimmer pop	2	787963.0
bmore	electropop	2	4848478.0
electropop	ninja	2	4848478.0
bmore	metropopolis	2	4848478.0
edm	metropopolis	2	4848478.0
electropop	metropopolis	2	4848478.0
metropopolis	moombahton	2	4848478.0
metropopolis	ninja	2	4848478.0
metropopolis	tropical house	2	4848478.0
electropop	musique guadeloupe	2	2028328.0
musique guadeloupe	pop	2	2028328.0
musique guadeloupe	tropical house	2	2028328.0
reggaeton flow	trap latino	2	4776068.0
hip hop	trap latino	2	6630973.0
french hip hop	russian hip hop	2	2694775.0
pop urbaine	russian hip hop	2	2694775.0
rap conscient	russian hip hop	2	2694775.0
rap francais	russian hip hop	2	2694775.0
estonian hip hop	french hip hop	2	1445338.0
french hip hop	hyperpop	2	1445338.0
country rap	k-pop	2	341189.0
k-pop	lgbtq+ hip hop	2	341189.0
k-pop	pop rap	2	341189.0
canadian contemporary r&b	electro house	2	5199008.0
canadian pop	electro house	2	5199008.0
french reggae	rap conscient	2	2311787.0
neo soul	pop	2	10215092.5
latin	pop reggaeton	2	4416647.0
pop reggaeton	reggaeton	2	4416647.0
dance pop	latin hip hop	2	8362610.0
latin pop	pop rap	2	6739673.5
electropop	reggaeton flow	2	8787514.5
electropop	tropical	2	8787514.5
pop	pop reggaeton	2	8584720.0
latin hip hop	post-teen pop	2	8584720.0
pop reggaeton	post-teen pop	2	8584720.0
francoton	tropical house	2	1369479.5
canadian hip hop	emo rap	2	682172.0
emo rap	pop rap	2	682172.0
hip pop	rap	2	507139.0
queens hip hop	rap	2	501709.0
pop	pop rock	2	4404921.0
edm	progressive electro house	2	5876294.5
electro house	indie poptimism	2	2188926.0
post-teen pop	progressive electro house	2	2198667.0
dance pop	indie poptimism	2	2188926.0
indie poptimism	tropical house	2	2188926.0
dance pop	future house	2	3612089.0
future house	pop	2	3612089.0
future house	tropical house	2	3612089.0
progressive house	tropical house	2	3612089.0
edm	indietronica	2	3612089.0
edm	nyc pop	2	3612089.0
electropop	uk pop	2	7846138.0
trap	tropical house	2	7668628.0
belgian hip hop	french indie pop	2	7693076.5
french indie pop	new french touch	2	7693076.5
electropop	pop rap	2	4640852.5
bmore	latin	2	8990309.0
bmore	reggaeton	2	8990309.0
dembow	edm	2	8990309.0
edm	rap dominicano	2	8990309.0
edm	reggaeton flow	2	8990309.0
dembow	moombahton	2	8990309.0
moombahton	rap dominicano	2	8990309.0
moombahton	reggaeton flow	2	8990309.0
moombahton	tropical	2	8990309.0
latin	ninja	2	8990309.0
ninja	reggaeton	2	8990309.0
dembow	pop	2	8990309.0
pop	rap dominicano	2	8990309.0
dembow	tropical house	2	8990309.0
rap dominicano	tropical house	2	8990309.0
edm	moombahton	2	8990309.0
arabic hip hop	gangster rap	2	731015.5
francoton	gangster rap	2	731015.5
french hip hop	gangster rap	2	731015.5
gangster rap	pop urbaine	2	731015.5
gangster rap	rap algerien	2	731015.5
baroque pop	pop	2	318568.0
french indie pop	rap calme	2	272693.0
francoton	latin	2	2765680.5
francoton	reggaeton	2	2765680.5
pop	uk contemporary r&b	2	2441980.5
edm	urban contemporary	2	5133050.5
tropical house	urban contemporary	2	5133050.5
rap	reggaeton flow	2	484913.0
reggaeton flow	trap	2	484913.0
trap	trap latino	2	484913.0
french hip hop	pop	2	12271928.5
pop	pop urbaine	2	12271928.5
brostep	post-teen pop	2	2186088.0
brostep	uk pop	2	2186088.0
dance pop	dutch edm	2	3586931.0
dance pop	trance	2	3586931.0
brostep	edm	2	3586931.0
dutch edm	edm	2	3586931.0
edm	trance	2	3586931.0
dutch edm	pop	2	3586931.0
pop	trance	2	3586931.0
dutch edm	tropical house	2	3586931.0
trance	tropical house	2	3586931.0
big room	dutch house	2	6244522.5
dutch house	electro house	2	6244522.5
big room	deep big room	2	4348545.0
big room	electro house	2	4348545.0
deep big room	electro house	2	4348545.0
progressive house	uk pop	2	5366877.0
canadian contemporary r&b	pop	2	8375230.0
pop	swedish pop	2	2322059.0
arabic hip hop	southern hip hop	2	553423.0
francoton	southern hip hop	2	553423.0
rap algerien	southern hip hop	2	553423.0
basshall	dance pop	2	4635355.5
basshall	pop	2	4635355.5
electro house	latin pop	2	5004615.0
basshall	latin	2	8140500.0
basshall	reggaeton	2	8140500.0
basshall	tropical	2	8140500.0
dutch hip hop	latin	2	8140500.0
dutch hip hop	reggaeton	2	8140500.0
dutch hip hop	tropical	2	8140500.0
dutch house	latin	2	8140500.0
dutch house	reggaeton	2	8140500.0
dutch house	tropical	2	8140500.0
dutch urban	latin	2	8140500.0
dutch urban	reggaeton	2	8140500.0
dutch urban	tropical	2	8140500.0
basshall	edm	2	8140500.0
dutch hip hop	edm	2	8140500.0
dutch hip hop	tropical house	2	8140500.0
dutch house	edm	2	8140500.0
dutch house	tropical house	2	8140500.0
dutch urban	edm	2	8140500.0
dutch urban	tropical house	2	8140500.0
edm	latin hip hop	2	8140500.0
latin hip hop	tropical house	2	8140500.0
belgian dance	latin	2	8140500.0
big room	latin	2	8140500.0
latin	progressive electro house	2	8140500.0
belgian dance	reggaeton	2	8140500.0
big room	reggaeton	2	8140500.0
progressive electro house	reggaeton	2	8140500.0
belgian dance	tropical	2	8140500.0
big room	tropical	2	8140500.0
progressive electro house	tropical	2	8140500.0
edm	latin pop	2	8140500.0
edm	rap latina	2	8140500.0
latin pop	tropical house	2	8140500.0
rap latina	tropical house	2	8140500.0
belgian dance	belgian edm	2	8140500.0
belgian edm	big room	2	8140500.0
belgian edm	electro house	2	8140500.0
belgian edm	progressive electro house	2	8140500.0
chicago rap	hip hop	2	369442.5
chicago rap	southern hip hop	2	369442.5
arabic hip hop	rap marseille	2	761467.0
dance pop	dutch pop	2	733962.0
dutch pop	pop	2	733962.0
dutch house	post-teen pop	2	733962.0
dutch pop	post-teen pop	2	733962.0
canadian hip hop	hip hop	2	3148555.5
canadian hip hop	southern hip hop	2	3148555.5
canadian pop	hip hop	2	3148555.5
canadian pop	southern hip hop	2	3148555.5
canadian pop	trap	2	3148555.5
hip hop	toronto rap	2	3148555.5
southern hip hop	toronto rap	2	3148555.5
latin	pop urbaine	2	5793912.5
pop urbaine	reggaeton	2	5793912.5
gangster rap	pop	2	425862.0
emo rap	rap	2	4190870.0
rap	smooth jazz	2	337416.0
rap	smooth saxophone	2	337416.0
new french touch	new french touch	2	22817245.5
french hip hop	italian hip hop	2	1082120.0
italian hip hop	pop urbaine	2	1082120.0
florida rap	rap	2	3142609.0
francoton	french rock	2	984431.0
francoton	french jazz	2	984431.0
francoton	nouvelle chanson francaise	2	984431.0
french pop	french rock	2	984431.0
french jazz	french pop	2	984431.0
french pop	nouvelle chanson francaise	2	984431.0
chanson	french reggae	2	984431.0
chanson	french rock	2	984431.0
chanson	french jazz	2	984431.0
chanson	nouvelle chanson francaise	2	984431.0
emo rap	emo rap	2	5622623.5
emo rap	latin	2	7694258.0
emo rap	reggaeton	2	7694258.0
latin	miami hip hop	2	7694258.0
miami hip hop	reggaeton	2	7694258.0
atl hip hop	dance pop	2	408282.0
atl hip hop	pop	2	408282.0
atl hip hop	post-teen pop	2	408282.0
dance pop	melodic rap	2	408282.0
melodic rap	post-teen pop	2	408282.0
electropop	rap	2	291396.0
etherpop	rap	2	291396.0
indie poptimism	rap	2	291396.0
art pop	dance pop	2	2727334.0
art pop	pop	2	2727334.0
art pop	post-teen pop	2	2727334.0
hip pop	pop rap	2	2924359.0
dance pop	urban contemporary	2	954091.0
dance pop	queens hip hop	2	954091.0
francoton	post-teen pop	2	954091.0
boy band	dance pop	2	4894627.0
atl hip hop	philly rap	1	266637.0
atl trap	philly rap	1	266637.0
atl trap	southern hip hop	1	266637.0
atl trap	trap	1	266637.0
philly rap	trap	1	266637.0
dfw rap	hip hop	1	266637.0
dfw rap	philly rap	1	266637.0
melodic rap	philly rap	1	266637.0
dance pop	finnish pop	1	11039778.0
deep euro house	finnish pop	1	11039778.0
deep house	finnish pop	1	11039778.0
edm	finnish pop	1	11039778.0
finnish pop	german dance	1	11039778.0
finnish pop	pop	1	11039778.0
finnish pop	tropical house	1	11039778.0
dfw rap	gangster rap	1	10298760.0
dfw rap	melodic rap	1	10298760.0
gangster rap	melodic rap	1	10298760.0
melodic rap	melodic rap	1	10298760.0
rap ivoire	rap marseille	1	2830226.0
big room	bubblegum dance	1	9209081.0
bubblegum dance	dance pop	1	9209081.0
bubblegum dance	dutch house	1	9209081.0
bubblegum dance	edm	1	9209081.0
bubblegum dance	electro house	1	9209081.0
bubblegum dance	pop	1	9209081.0
bubblegum dance	progressive electro house	1	9209081.0
bubblegum dance	tropical house	1	9209081.0
big room	eurodance	1	9209081.0
dance pop	eurodance	1	9209081.0
dutch house	eurodance	1	9209081.0
electro house	eurodance	1	9209081.0
eurodance	pop	1	9209081.0
eurodance	progressive electro house	1	9209081.0
big room	europop	1	9209081.0
dance pop	europop	1	9209081.0
dutch house	europop	1	9209081.0
electro house	europop	1	9209081.0
europop	pop	1	9209081.0
europop	progressive electro house	1	9209081.0
pop edm	uk pop	1	2481212.0
francoton	rif	1	2217972.0
magyar mulatos	moroccan pop	1	2217972.0
magyar mulatos	rai	1	2217972.0
magyar mulatos	rif	1	2217972.0
moroccan pop	rap algerien	1	2217972.0
moroccan pop	rap tunisien	1	2217972.0
rai	rap tunisien	1	2217972.0
rap algerien	rif	1	2217972.0
rap tunisien	rif	1	2217972.0
francoton	magyar mulatos	1	2217972.0
magyar mulatos	rap algerien	1	2217972.0
magyar mulatos	rap tunisien	1	2217972.0
brostep	electropop	1	4827257.0
brostep	indie pop	1	4827257.0
indie pop	pop	1	4827257.0
indie pop	progressive electro house	1	4827257.0
brostep	indie poptimism	1	4827257.0
brostep	indietronica	1	4827257.0
brostep	neo-synthpop	1	4827257.0
neo-synthpop	pop	1	4827257.0
neo-synthpop	progressive electro house	1	4827257.0
brostep	shimmer pop	1	4827257.0
pop	shimmer pop	1	4827257.0
progressive electro house	shimmer pop	1	4827257.0
country rap	pop	1	2074373.0
lgbtq+ hip hop	pop	1	2074373.0
country rap	pop rap	1	2074373.0
lgbtq+ hip hop	pop rap	1	2074373.0
country rap	rap	1	2074373.0
lgbtq+ hip hop	rap	1	2074373.0
new french touch	rap calme	1	3044836.0
dutch urban	francoton	1	462106.0
dutch hip hop	rap marseille	1	462106.0
dutch urban	rap marseille	1	462106.0
neo metal	rap calme	1	1736035.0
art pop	belgian hip hop	1	787963.0
art pop	pop urbaine	1	787963.0
art pop	rap francais	1	787963.0
belgian hip hop	electropop	1	787963.0
electropop	rap francais	1	787963.0
belgian hip hop	metropopolis	1	787963.0
metropopolis	pop urbaine	1	787963.0
metropopolis	rap francais	1	787963.0
belgian hip hop	shimmer pop	1	787963.0
pop urbaine	shimmer pop	1	787963.0
rap francais	shimmer pop	1	787963.0
art pop	rap conscient	1	787963.0
electropop	rap conscient	1	787963.0
metropopolis	rap conscient	1	787963.0
rap conscient	shimmer pop	1	787963.0
dutch pop	german dance	1	4544538.0
dutch pop	tropical house	1	4544538.0
bmore	candy pop	1	2028328.0
candy pop	edm	1	2028328.0
candy pop	electropop	1	2028328.0
candy pop	moombahton	1	2028328.0
candy pop	ninja	1	2028328.0
candy pop	pop	1	2028328.0
candy pop	tropical house	1	2028328.0
candy pop	musique guadeloupe	1	2028328.0
dance pop	musique guadeloupe	1	2028328.0
metropopolis	musique guadeloupe	1	2028328.0
musique guadeloupe	post-teen pop	1	2028328.0
bmore	musique guadeloupe	1	2028328.0
edm	musique guadeloupe	1	2028328.0
moombahton	musique guadeloupe	1	2028328.0
musique guadeloupe	ninja	1	2028328.0
latin hip hop	reggaeton flow	1	9303562.0
reggaeton flow	tropical	1	9303562.0
puerto rican pop	reggaeton flow	1	9303562.0
trap latino	trap latino	1	9303562.0
latin hip hop	puerto rican pop	1	9303562.0
canadian hip hop	latin	1	12777033.0
canadian pop	latin	1	12777033.0
hip hop	latin	1	12777033.0
latin	toronto rap	1	12777033.0
canadian hip hop	reggaeton	1	12777033.0
canadian pop	reggaeton	1	12777033.0
hip hop	reggaeton	1	12777033.0
reggaeton	toronto rap	1	12777033.0
canadian hip hop	trap latino	1	12777033.0
canadian pop	trap latino	1	12777033.0
toronto rap	trap latino	1	12777033.0
estonian hip hop	pop urbaine	1	1445338.0
hyperpop	pop urbaine	1	1445338.0
estonian hip hop	rap conscient	1	1445338.0
hyperpop	rap conscient	1	1445338.0
estonian hip hop	rap francais	1	1445338.0
hyperpop	rap francais	1	1445338.0
estonian hip hop	russian hip hop	1	1445338.0
hyperpop	russian hip hop	1	1445338.0
latin	r&b en espanol	1	257578.0
puerto rican pop	r&b en espanol	1	257578.0
r&b en espanol	reggaeton	1	257578.0
r&b en espanol	trap latino	1	257578.0
belgian pop	vogue	1	922093.0
variete francaise	vogue	1	922093.0
country rap	k-pop boy group	1	341189.0
k-pop boy group	lgbtq+ hip hop	1	341189.0
k-pop boy group	pop rap	1	341189.0
k-hop	k-pop	1	341189.0
k-pop	k-pop	1	341189.0
k-hop	k-pop boy group	1	341189.0
k-pop	k-pop boy group	1	341189.0
country rap	k-hop	1	341189.0
k-hop	lgbtq+ hip hop	1	341189.0
k-hop	pop rap	1	341189.0
canadian contemporary r&b	destroy techno	1	2022786.0
canadian pop	destroy techno	1	2022786.0
destroy techno	pop	1	2022786.0
edm	italo dance	1	11023602.0
italo dance	tropical house	1	11023602.0
french hip hop	french reggae	1	3639143.0
french reggae	pop urbaine	1	3639143.0
french reggae	rap francais	1	3639143.0
dance pop	neo soul	1	17095494.0
edm	neo soul	1	17095494.0
electro house	neo soul	1	17095494.0
house	neo soul	1	17095494.0
neo soul	progressive house	1	17095494.0
neo soul	tropical house	1	17095494.0
neo soul	uk dance	1	17095494.0
dance pop	pop reggaeton	1	8584720.0
electropop	latin hip hop	1	8584720.0
latin hip hop	pop rap	1	8584720.0
electropop	latin pop	1	8584720.0
electropop	pop reggaeton	1	8584720.0
pop rap	pop reggaeton	1	8584720.0
basshall	belgian hip hop	1	2281662.0
rap conscient	tropical house	1	1784868.0
dance pop	emo rap	1	676862.0
emo rap	hip pop	1	676862.0
emo rap	pop	1	676862.0
emo rap	post-teen pop	1	676862.0
emo rap	queens hip hop	1	676862.0
hip pop	trap	1	676862.0
queens hip hop	trap	1	676862.0
canadian hip hop	hip pop	1	676862.0
canadian hip hop	post-teen pop	1	676862.0
canadian hip hop	queens hip hop	1	676862.0
pop rap	pop rock	1	2365604.0
pop rock	rap	1	2365604.0
edm	future house	1	3612089.0
edm	progressive house	1	3612089.0
big room	electropop	1	3612089.0
big room	indie poptimism	1	3612089.0
big room	indietronica	1	3612089.0
big room	nyc pop	1	3612089.0
big room	pop edm	1	3612089.0
deep big room	electropop	1	3612089.0
deep big room	indie poptimism	1	3612089.0
deep big room	indietronica	1	3612089.0
deep big room	nyc pop	1	3612089.0
deep big room	pop edm	1	3612089.0
deep big room	post-teen pop	1	3612089.0
electro house	indietronica	1	3612089.0
electro house	nyc pop	1	3612089.0
electro house	pop edm	1	3612089.0
electropop	future house	1	3612089.0
future house	indie poptimism	1	3612089.0
future house	indietronica	1	3612089.0
future house	nyc pop	1	3612089.0
future house	pop edm	1	3612089.0
future house	post-teen pop	1	3612089.0
electropop	pop edm	1	3612089.0
indie poptimism	pop edm	1	3612089.0
indietronica	pop edm	1	3612089.0
nyc pop	pop edm	1	3612089.0
pop edm	pop edm	1	3612089.0
pop edm	post-teen pop	1	3612089.0
nyc pop	progressive electro house	1	3612089.0
pop edm	progressive electro house	1	3612089.0
electropop	progressive house	1	3612089.0
indie poptimism	progressive house	1	3612089.0
indietronica	progressive house	1	3612089.0
nyc pop	progressive house	1	3612089.0
pop edm	progressive house	1	3612089.0
dance pop	indietronica	1	3612089.0
dance pop	nyc pop	1	3612089.0
nyc pop	pop	1	3612089.0
indietronica	tropical house	1	3612089.0
nyc pop	tropical house	1	3612089.0
bmore	uk pop	1	7668628.0
moombahton	uk pop	1	7668628.0
ninja	uk pop	1	7668628.0
bmore	trap	1	7668628.0
moombahton	trap	1	7668628.0
ninja	trap	1	7668628.0
metropopolis	trap	1	7668628.0
deep euro house	gauze pop	1	1453271.0
gauze pop	new french touch	1	1453271.0
gauze pop	tropical house	1	1453271.0
belgian hip hop	chanson	1	1102550.0
chanson	new french touch	1	1102550.0
belgian hip hop	french rock	1	1102550.0
french rock	new french touch	1	1102550.0
belgian hip hop	nouvelle chanson francaise	1	1102550.0
new french touch	nouvelle chanson francaise	1	1102550.0
deep house	uk pop	1	1229726.0
complextro	electropop	1	765763.0
electropop	german techno	1	765763.0
complextro	indie electropop	1	765763.0
dance pop	indie electropop	1	765763.0
edm	indie electropop	1	765763.0
electro house	indie electropop	1	765763.0
german techno	indie electropop	1	765763.0
indie electropop	pop	1	765763.0
indie electropop	post-teen pop	1	765763.0
indie electropop	tropical house	1	765763.0
complextro	indie poptimism	1	765763.0
german techno	indie poptimism	1	765763.0
indie poptimism	post-teen pop	1	765763.0
complextro	pop	1	765763.0
german techno	pop	1	765763.0
complextro	vapor soul	1	765763.0
dance pop	vapor soul	1	765763.0
edm	vapor soul	1	765763.0
electro house	vapor soul	1	765763.0
german techno	vapor soul	1	765763.0
pop	vapor soul	1	765763.0
post-teen pop	vapor soul	1	765763.0
tropical house	vapor soul	1	765763.0
bmore	dembow	1	8990309.0
bmore	rap dominicano	1	8990309.0
bmore	reggaeton flow	1	8990309.0
bmore	tropical	1	8990309.0
dembow	electropop	1	8990309.0
electropop	rap dominicano	1	8990309.0
dembow	ninja	1	8990309.0
ninja	rap dominicano	1	8990309.0
ninja	reggaeton flow	1	8990309.0
ninja	tropical	1	8990309.0
bmore	edm	1	8990309.0
bmore	electro house	1	8990309.0
bmore	moombahton	1	8990309.0
bmore	pop rap	1	8990309.0
electro house	moombahton	1	8990309.0
moombahton	moombahton	1	8990309.0
moombahton	pop rap	1	8990309.0
edm	ninja	1	8990309.0
electro house	ninja	1	8990309.0
moombahton	ninja	1	8990309.0
ninja	pop rap	1	8990309.0
dembow	latin	1	8990309.0
dembow	reggaeton	1	8990309.0
latin	rap dominicano	1	8990309.0
rap dominicano	reggaeton	1	8990309.0
dance pop	dembow	1	8990309.0
dembow	electro house	1	8990309.0
dembow	pop rap	1	8990309.0
dance pop	rap dominicano	1	8990309.0
electro house	rap dominicano	1	8990309.0
pop rap	rap dominicano	1	8990309.0
electro house	reggaeton flow	1	8990309.0
arabic hip hop	g funk	1	892511.0
arabic hip hop	west coast rap	1	892511.0
francoton	g funk	1	892511.0
francoton	west coast rap	1	892511.0
french hip hop	g funk	1	892511.0
french hip hop	west coast rap	1	892511.0
g funk	pop urbaine	1	892511.0
pop urbaine	west coast rap	1	892511.0
g funk	rap algerien	1	892511.0
rap algerien	west coast rap	1	892511.0
dance pop	escape room	1	701750.0
dance pop	minnesota hip hop	1	701750.0
dance pop	trap queen	1	701750.0
escape room	pop	1	701750.0
minnesota hip hop	pop	1	701750.0
pop	trap queen	1	701750.0
escape room	post-teen pop	1	701750.0
minnesota hip hop	post-teen pop	1	701750.0
post-teen pop	trap queen	1	701750.0
dance pop	k-pop	1	1543326.0
electropop	k-pop	1	1543326.0
etherpop	k-pop	1	1543326.0
indie poptimism	k-pop	1	1543326.0
k-pop	pop	1	1543326.0
k-pop	post-teen pop	1	1543326.0
dance pop	k-pop boy group	1	1543326.0
electropop	k-pop boy group	1	1543326.0
etherpop	k-pop boy group	1	1543326.0
indie poptimism	k-pop boy group	1	1543326.0
k-pop boy group	pop	1	1543326.0
k-pop boy group	post-teen pop	1	1543326.0
eurodance	melbourne bounce international	1	8259765.0
italo dance	melbourne bounce international	1	8259765.0
arabic hip hop	neo metal	1	376326.0
francoton	neo metal	1	376326.0
neo metal	rap algerien	1	376326.0
baroque pop	dance pop	1	318568.0
baroque pop	post-teen pop	1	318568.0
dance pop	emo	1	318568.0
emo	post-teen pop	1	318568.0
dance pop	modern rock	1	318568.0
modern rock	post-teen pop	1	318568.0
francoton	french indie pop	1	272693.0
french indie pop	rap francais	1	272693.0
dance pop	uk contemporary r&b	1	1549270.0
edm	uk contemporary r&b	1	1549270.0
tropical house	uk contemporary r&b	1	1549270.0
french hip hop	permanent wave	1	11102520.0
french hip hop	soft rock	1	11102520.0
permanent wave	rap conscient	1	11102520.0
rap conscient	soft rock	1	11102520.0
dance pop	pop house	1	4156029.0
house	pop house	1	4156029.0
pop	pop house	1	4156029.0
pop house	pop house	1	4156029.0
pop house	tropical house	1	4156029.0
pop house	uk pop	1	4156029.0
edm	rock	1	241146.0
pop	rock	1	241146.0
rock	tropical house	1	241146.0
cali rap	reggaeton flow	1	484913.0
gangster rap	reggaeton flow	1	484913.0
hip hop	reggaeton flow	1	484913.0
reggaeton flow	southern hip hop	1	484913.0
cali rap	trap latino	1	484913.0
gangster rap	trap latino	1	484913.0
southern hip hop	trap latino	1	484913.0
cali rap	pop rap	1	484913.0
cali rap	rap	1	484913.0
cali rap	trap	1	484913.0
gangster rap	trap	1	484913.0
bmore	french hip hop	1	6368629.0
bmore	pop urbaine	1	6368629.0
edm	french hip hop	1	6368629.0
edm	pop urbaine	1	6368629.0
french hip hop	moombahton	1	6368629.0
moombahton	pop urbaine	1	6368629.0
french hip hop	ninja	1	6368629.0
ninja	pop urbaine	1	6368629.0
french hip hop	tropical house	1	6368629.0
pop urbaine	tropical house	1	6368629.0
pop rap	uk dance	1	3586931.0
brostep	uk dance	1	3586931.0
dutch edm	uk dance	1	3586931.0
trance	uk dance	1	3586931.0
brostep	pop rap	1	3586931.0
dutch edm	pop rap	1	3586931.0
electro house	pop rap	1	3586931.0
house	pop rap	1	3586931.0
pop rap	trance	1	3586931.0
dutch edm	post-teen pop	1	3586931.0
post-teen pop	trance	1	3586931.0
big room	uk pop	1	3586931.0
dutch edm	uk pop	1	3586931.0
trance	uk pop	1	3586931.0
big room	big room	1	4348545.0
deep big room	deep big room	1	4348545.0
deep big room	dutch house	1	4348545.0
electro house	electro house	1	4348545.0
big room	progressive electro house	1	4348545.0
deep big room	progressive electro house	1	4348545.0
electro house	progressive electro house	1	4348545.0
big room	progressive house	1	4348545.0
deep big room	progressive house	1	4348545.0
electro house	progressive house	1	4348545.0
progressive electro house	uk pop	1	785245.0
canadian pop	contemporary country	1	586146.0
contemporary country	pop	1	586146.0
contemporary country	post-teen pop	1	586146.0
canadian contemporary r&b	dance pop	1	8375230.0
canadian contemporary r&b	edm	1	8375230.0
canadian contemporary r&b	house	1	8375230.0
canadian pop	house	1	8375230.0
canadian contemporary r&b	progressive house	1	8375230.0
canadian pop	progressive house	1	8375230.0
canadian contemporary r&b	tropical house	1	8375230.0
canadian contemporary r&b	uk dance	1	8375230.0
canadian pop	uk dance	1	8375230.0
canadian contemporary r&b	post-teen pop	1	8375230.0
canadian contemporary r&b	uk pop	1	8375230.0
electropop	swedish pop	1	1948062.0
arabic hip hop	dirty south rap	1	569520.0
dirty south rap	francoton	1	569520.0
dirty south rap	french hip hop	1	569520.0
dirty south rap	pop urbaine	1	569520.0
dirty south rap	rap algerien	1	569520.0
dance pop	hollywood	1	28126020.0
hollywood	pop	1	28126020.0
hollywood	post-teen pop	1	28126020.0
alternative hip hop	french hip hop	1	981964.0
alternative hip hop	pop urbaine	1	981964.0
alternative hip hop	rap conscient	1	981964.0
alternative hip hop	rap francais	1	981964.0
basshall	latin hip hop	1	8140500.0
dutch hip hop	latin hip hop	1	8140500.0
dutch house	latin hip hop	1	8140500.0
dutch urban	latin hip hop	1	8140500.0
dance pop	dutch hip hop	1	8140500.0
dutch hip hop	pop	1	8140500.0
dance pop	dutch urban	1	8140500.0
dutch urban	pop	1	8140500.0
basshall	belgian dance	1	8140500.0
basshall	big room	1	8140500.0
basshall	electro house	1	8140500.0
basshall	progressive electro house	1	8140500.0
belgian dance	dutch hip hop	1	8140500.0
big room	dutch hip hop	1	8140500.0
dutch hip hop	electro house	1	8140500.0
dutch hip hop	progressive electro house	1	8140500.0
belgian dance	dutch house	1	8140500.0
dutch house	progressive electro house	1	8140500.0
belgian dance	dutch urban	1	8140500.0
big room	dutch urban	1	8140500.0
dutch urban	electro house	1	8140500.0
dutch urban	progressive electro house	1	8140500.0
basshall	latin pop	1	8140500.0
basshall	rap latina	1	8140500.0
dutch hip hop	latin pop	1	8140500.0
dutch hip hop	rap latina	1	8140500.0
dutch house	latin pop	1	8140500.0
dutch house	rap latina	1	8140500.0
dutch urban	latin pop	1	8140500.0
dutch urban	rap latina	1	8140500.0
belgian dance	latin hip hop	1	8140500.0
big room	latin hip hop	1	8140500.0
electro house	latin hip hop	1	8140500.0
latin hip hop	progressive electro house	1	8140500.0
latin	rap latina	1	8140500.0
latin hip hop	latin pop	1	8140500.0
latin hip hop	rap latina	1	8140500.0
latin hip hop	tropical	1	8140500.0
rap latina	reggaeton	1	8140500.0
rap latina	tropical	1	8140500.0
tropical	tropical	1	8140500.0
belgian dance	dance pop	1	8140500.0
belgian dance	edm	1	8140500.0
belgian dance	pop	1	8140500.0
belgian dance	tropical house	1	8140500.0
dance pop	rap latina	1	8140500.0
pop	rap latina	1	8140500.0
belgian dance	latin pop	1	8140500.0
belgian dance	rap latina	1	8140500.0
big room	latin pop	1	8140500.0
big room	rap latina	1	8140500.0
electro house	rap latina	1	8140500.0
latin pop	progressive electro house	1	8140500.0
progressive electro house	rap latina	1	8140500.0
neo soul	pop rap	1	3334691.0
pop rap	uk contemporary r&b	1	3334691.0
dfw rap	nc hip hop	1	325091.0
edm	sky room	1	2872395.0
belgian edm	german dance	1	2872395.0
deep big room	german dance	1	2872395.0
german dance	sky room	1	2872395.0
belgian edm	pop house	1	2872395.0
deep big room	pop house	1	2872395.0
pop house	sky room	1	2872395.0
sky room	tropical house	1	2872395.0
deep house	edm	1	2872395.0
deep house	german dance	1	2872395.0
deep house	pop house	1	2872395.0
deep house	tropical house	1	2872395.0
belgian edm	deep house	1	2872395.0
deep big room	deep house	1	2872395.0
deep house	sky room	1	2872395.0
alternative r&b	hip hop	1	401469.0
alternative r&b	pop rap	1	401469.0
alternative r&b	r&b	1	401469.0
alternative r&b	southern hip hop	1	401469.0
alternative r&b	trap	1	401469.0
alternative r&b	trap soul	1	401469.0
chicago rap	r&b	1	401469.0
chicago rap	trap soul	1	401469.0
rap	trap soul	1	401469.0
afropop	french hip hop	1	16299078.0
afropop	pop urbaine	1	16299078.0
french hip hop	rumba congolaise	1	16299078.0
pop urbaine	rumba congolaise	1	16299078.0
french hip hop	soukous	1	16299078.0
pop urbaine	soukous	1	16299078.0
francoton	zouk riddim	1	2450724.0
dance pop	scandipop	1	1223991.0
edm	scandipop	1	1223991.0
pop	scandipop	1	1223991.0
scandipop	tropical house	1	1223991.0
scandipop	uk dance	1	1223991.0
dutch house	viral pop	1	1130211.0
dutch pop	viral pop	1	1130211.0
tropical house	viral pop	1	1130211.0
basshall	post-teen pop	1	1130211.0
basshall	viral pop	1	1130211.0
basshall	dutch house	1	1130211.0
belgian hip hop	downtempo	1	367263.0
downtempo	french hip hop	1	367263.0
downtempo	new french touch	1	367263.0
canadian hip hop	philly rap	1	2659704.0
canadian pop	philly rap	1	2659704.0
hip hop	philly rap	1	2659704.0
philly rap	pop rap	1	2659704.0
philly rap	toronto rap	1	2659704.0
album rock	experimental rock	1	360100.0
art rock	experimental rock	1	360100.0
classic rock	experimental rock	1	360100.0
experimental rock	folk rock	1	360100.0
experimental rock	mellow gold	1	360100.0
experimental rock	psychedelic rock	1	360100.0
experimental rock	rock	1	360100.0
album rock	experimental	1	360100.0
album rock	experimental pop	1	360100.0
art rock	experimental	1	360100.0
art rock	experimental pop	1	360100.0
classic rock	experimental	1	360100.0
classic rock	experimental pop	1	360100.0
experimental	folk rock	1	360100.0
experimental pop	folk rock	1	360100.0
experimental	mellow gold	1	360100.0
experimental pop	mellow gold	1	360100.0
experimental	psychedelic rock	1	360100.0
experimental pop	psychedelic rock	1	360100.0
experimental	rock	1	360100.0
experimental pop	rock	1	360100.0
experimental	experimental rock	1	360100.0
experimental pop	experimental rock	1	360100.0
canadian pop	french hip hop	1	18175228.0
canadian pop	pop urbaine	1	18175228.0
arabic hip hop	rai	1	405461.0
new french touch	r&b	1	797693.0
canadian hip hop	dirty south rap	1	3637407.0
canadian hip hop	gangster rap	1	3637407.0
canadian pop	dirty south rap	1	3637407.0
canadian pop	gangster rap	1	3637407.0
dirty south rap	hip hop	1	3637407.0
dirty south rap	pop rap	1	3637407.0
dirty south rap	rap	1	3637407.0
dirty south rap	toronto rap	1	3637407.0
gangster rap	toronto rap	1	3637407.0
alternative r&b	dance pop	1	261620.0
dance pop	deep pop r&b	1	261620.0
dance pop	indie r&b	1	261620.0
deep pop r&b	pop	1	261620.0
indie r&b	pop	1	261620.0
alternative r&b	post-teen pop	1	261620.0
deep pop r&b	post-teen pop	1	261620.0
indie r&b	post-teen pop	1	261620.0
french hip hop	latin hip hop	1	6293434.0
french hip hop	tropical	1	6293434.0
latin hip hop	pop urbaine	1	6293434.0
pop urbaine	tropical	1	6293434.0
belgian pop	belgian pop	1	510830.0
belgian pop	variete francaise	1	510830.0
dance pop	israeli pop	1	526439.0
deep euro house	israeli pop	1	526439.0
deep house	israeli pop	1	526439.0
edm	israeli pop	1	526439.0
german dance	israeli pop	1	526439.0
israeli pop	pop	1	526439.0
israeli pop	tropical house	1	526439.0
dance pop	dominican pop	1	337713.0
dominican pop	pop	1	337713.0
dominican pop	post-teen pop	1	337713.0
dominican pop	dutch house	1	337713.0
dutch house	reggaeton flow	1	337713.0
dutch house	trap latino	1	337713.0
dominican pop	dutch pop	1	337713.0
dutch pop	reggaeton flow	1	337713.0
dutch pop	trap latino	1	337713.0
dominican pop	tropical house	1	337713.0
trap latino	tropical house	1	337713.0
basshall	emo rap	1	302933.0
basshall	miami hip hop	1	302933.0
basshall	rap	1	302933.0
basshall	trap	1	302933.0
arabic hip hop	rap algerien	1	3580977.0
arabic hip hop	rap tunisien	1	3580977.0
rap algerien	rap algerien	1	3580977.0
rap algerien	rap tunisien	1	3580977.0
french hip hop	turkish hip hop	1	330787.0
pop urbaine	turkish hip hop	1	330787.0
rap francais	turkish hip hop	1	330787.0
french pop	latin	1	5294391.0
french pop	reggaeton	1	5294391.0
east coast hip hop	pop	1	326556.0
east coast hip hop	uk pop	1	326556.0
gangster rap	uk pop	1	326556.0
queens hip hop	uk pop	1	326556.0
detroit hip hop	east coast hip hop	1	326556.0
east coast hip hop	g funk	1	326556.0
east coast hip hop	hip hop	1	326556.0
east coast hip hop	rap	1	326556.0
detroit hip hop	gangster rap	1	326556.0
g funk	gangster rap	1	326556.0
detroit hip hop	queens hip hop	1	326556.0
g funk	queens hip hop	1	326556.0
hip hop	queens hip hop	1	326556.0
detroit hip hop	pop	1	326556.0
g funk	pop	1	326556.0
detroit hip hop	uk pop	1	326556.0
g funk	uk pop	1	326556.0
edm	swedish pop	1	2696056.0
dance pop	uk funky	1	1960164.0
pop	uk funky	1	1960164.0
post-teen pop	uk funky	1	1960164.0
emo rap	melodic rap	1	687482.0
emo rap	toronto rap	1	687482.0
belgian edm	electropop	1	6668299.0
belgian edm	la pop	1	6668299.0
edm	la pop	1	6668299.0
la pop	pop	1	6668299.0
la pop	tropical house	1	6668299.0
francoton	rap ivoire	1	2109227.0
french pop	rap ivoire	1	2109227.0
rap conscient	rap ivoire	1	2109227.0
alternative hip hop	chicago rap	1	337416.0
alternative hip hop	rap	1	337416.0
chicago rap	gangster rap	1	337416.0
chicago rap	hardcore hip hop	1	337416.0
hardcore hip hop	rap	1	337416.0
chicago rap	hip pop	1	337416.0
alternative hip hop	smooth jazz	1	337416.0
alternative hip hop	smooth saxophone	1	337416.0
gangster rap	smooth jazz	1	337416.0
gangster rap	smooth saxophone	1	337416.0
hardcore hip hop	smooth jazz	1	337416.0
hardcore hip hop	smooth saxophone	1	337416.0
hip hop	smooth jazz	1	337416.0
hip hop	smooth saxophone	1	337416.0
hip pop	smooth jazz	1	337416.0
hip pop	smooth saxophone	1	337416.0
pop rap	smooth jazz	1	337416.0
pop rap	smooth saxophone	1	337416.0
smooth jazz	southern hip hop	1	337416.0
smooth saxophone	southern hip hop	1	337416.0
smooth jazz	trap	1	337416.0
smooth saxophone	trap	1	337416.0
chicago rap	smooth jazz	1	337416.0
chicago rap	smooth saxophone	1	337416.0
new french touch	pop	1	4018452.0
new french touch	swedish pop	1	4018452.0
moroccan pop	rap francais	1	707170.0
belgian hip hop	french indietronica	1	14283603.0
french hip hop	french indietronica	1	14283603.0
french indietronica	new french touch	1	14283603.0
arabic hip hop	emo rap	1	2328896.0
emo rap	francoton	1	2328896.0
emo rap	french hip hop	1	2328896.0
emo rap	pop urbaine	1	2328896.0
emo rap	rap algerien	1	2328896.0
italian hip hop	rap marseille	1	1082120.0
italian hip hop	rap algerien	1	1082120.0
italian hip hop	rap tunisien	1	1082120.0
atl hip hop	florida rap	1	3142609.0
florida rap	hip hop	1	3142609.0
florida rap	pop rap	1	3142609.0
florida rap	southern hip hop	1	3142609.0
florida rap	trap	1	3142609.0
atl hip hop	miami hip hop	1	3142609.0
hip hop	miami hip hop	1	3142609.0
miami hip hop	pop rap	1	3142609.0
miami hip hop	southern hip hop	1	3142609.0
southern hip hop	southern hip hop	1	3142609.0
alternative r&b	french hip hop	1	1418654.0
alternative r&b	pop urbaine	1	1418654.0
alternative r&b	rap conscient	1	1418654.0
chicago rap	french hip hop	1	1418654.0
chicago rap	pop urbaine	1	1418654.0
chicago rap	rap conscient	1	1418654.0
deep pop r&b	french hip hop	1	1418654.0
deep pop r&b	pop urbaine	1	1418654.0
deep pop r&b	rap conscient	1	1418654.0
hip hop	rap conscient	1	1418654.0
french hip hop	indie r&b	1	1418654.0
indie r&b	pop urbaine	1	1418654.0
indie r&b	rap conscient	1	1418654.0
french hip hop	indie soul	1	1418654.0
indie soul	pop urbaine	1	1418654.0
indie soul	rap conscient	1	1418654.0
french hip hop	neo soul	1	1418654.0
neo soul	pop urbaine	1	1418654.0
neo soul	rap conscient	1	1418654.0
rap	rap conscient	1	1418654.0
rap conscient	southern hip hop	1	1418654.0
french hip hop	underground hip hop	1	1418654.0
pop urbaine	underground hip hop	1	1418654.0
rap conscient	underground hip hop	1	1418654.0
french jazz	rap conscient	1	984431.0
french jazz	french reggae	1	984431.0
french reggae	nouvelle chanson francaise	1	984431.0
french jazz	french rock	1	984431.0
french rock	nouvelle chanson francaise	1	984431.0
miami hip hop	miami hip hop	1	7694258.0
emo rap	lgbtq+ hip hop	1	3550989.0
lgbtq+ hip hop	miami hip hop	1	3550989.0
atl hip hop	electropop	1	291396.0
atl hip hop	etherpop	1	291396.0
atl hip hop	indie poptimism	1	291396.0
etherpop	pop rap	1	291396.0
indie poptimism	pop rap	1	291396.0
dance pop	southern hip hop	1	291396.0
electropop	southern hip hop	1	291396.0
etherpop	southern hip hop	1	291396.0
indie poptimism	southern hip hop	1	291396.0
pop	southern hip hop	1	291396.0
post-teen pop	southern hip hop	1	291396.0
etherpop	trap	1	291396.0
indie poptimism	trap	1	291396.0
dance pop	dfw rap	1	291396.0
dfw rap	electropop	1	291396.0
electropop	melodic rap	1	291396.0
dfw rap	etherpop	1	291396.0
etherpop	melodic rap	1	291396.0
dfw rap	indie poptimism	1	291396.0
indie poptimism	melodic rap	1	291396.0
dfw rap	pop	1	291396.0
dfw rap	post-teen pop	1	291396.0
art pop	pop rap	1	2727334.0
edm	hip pop	1	954091.0
edm	queens hip hop	1	954091.0
hip pop	tropical house	1	954091.0
queens hip hop	tropical house	1	954091.0
edm	francoton	1	954091.0
pop rap	queens hip hop	1	954091.0
hip pop	post-teen pop	1	954091.0
post-teen pop	queens hip hop	1	954091.0
hip pop	urban contemporary	1	954091.0
pop rap	urban contemporary	1	954091.0
post-teen pop	urban contemporary	1	954091.0
queens hip hop	urban contemporary	1	954091.0
francoton	urban contemporary	1	954091.0
francoton	hip pop	1	954091.0
francoton	queens hip hop	1	954091.0
dark trap	pop rap	1	17714561.0
pop rap	vapor trap	1	17714561.0
boy band	hip pop	1	4894627.0
boy band	post-teen pop	1	4894627.0
hip pop	latin	1	4894627.0
hip pop	latin pop	1	4894627.0
hip pop	reggaeton	1	4894627.0
hip pop	tropical	1	4894627.0
boy band	dancehall	1	4894627.0
boy band	pop rap	1	4894627.0
dancehall	latin	1	4894627.0
dancehall	latin pop	1	4894627.0
dancehall	reggaeton	1	4894627.0
dancehall	tropical	1	4894627.0
dance pop	dancehall	1	4894627.0
dancehall	hip pop	1	4894627.0
dancehall	post-teen pop	1	4894627.0
arabic hip hop	dutch hip hop	1	370777.0
dutch hip hop	rap algerien	1	370777.0
dutch hip hop	uk hip hop	1	370777.0
arabic hip hop	uk hip hop	1	370777.0
francoton	uk hip hop	1	370777.0
french hip hop	uk hip hop	1	370777.0
pop urbaine	uk hip hop	1	370777.0
rap algerien	uk hip hop	1	370777.0
brostep	modern rock	1	6444238.0
modern rock	progressive electro house	1	6444238.0
brostep	pop rock	1	6444238.0
pop rock	progressive electro house	1	6444238.0
atl trap	dance pop	1	525168.0
dance pop	gangster rap	1	525168.0
atl trap	pop	1	525168.0
atl trap	post-teen pop	1	525168.0
gangster rap	post-teen pop	1	525168.0
post-teen pop	r&b	1	9428112.0
r&b	uk pop	1	9428112.0
electro house	trap latino	1	1868730.0
electro house	puerto rican pop	1	1868730.0
future house	house	1	2950666.0
future house	uk dance	1	2950666.0
house	progressive electro house	1	2950666.0
progressive electro house	uk dance	1	2950666.0
house	progressive house	1	2950666.0
progressive house	uk dance	1	2950666.0
latin	reggae fusion	1	27927657.0
latin hip hop	reggae fusion	1	27927657.0
reggae fusion	reggaeton	1	27927657.0
reggae fusion	tropical	1	27927657.0
pop reggaeton	trap latino	1	248574.0
dance pop	social media pop	1	1424486.0
edm	social media pop	1	1424486.0
pop	social media pop	1	1424486.0
social media pop	tropical house	1	1424486.0
social media pop	uk dance	1	1424486.0
dance pop	teen pop	1	1424486.0
edm	teen pop	1	1424486.0
pop	teen pop	1	1424486.0
teen pop	tropical house	1	1424486.0
teen pop	uk dance	1	1424486.0
albanian hip hop	french hip hop	1	13807651.0
albanian hip hop	pop urbaine	1	13807651.0
albanian hip hop	rap algerien	1	13807651.0
albanian hip hop	rap tunisien	1	13807651.0
french hip hop	german hip hop	1	13807651.0
german hip hop	pop urbaine	1	13807651.0
german hip hop	rap algerien	1	13807651.0
german hip hop	rap tunisien	1	13807651.0
latin	rap conscient	1	16601618.0
rap conscient	reggaeton	1	16601618.0
french hip hop	hip hop quebecois	1	1349713.0
hip hop quebecois	pop urbaine	1	1349713.0
hip hop quebecois	rap conscient	1	1349713.0
hip hop quebecois	rap francais	1	1349713.0
