artist_1	artist_2	count	song_ids
Hugh Jackman	The Greatest Showman Ensemble	6	['3IkWmgGsXbsafrunwPojXO', '6j5CkQ0dTssfFJe3hy651C', '5xNUR50KxswPRAvx7S163g', '5AaMcrFAm20mYBoRj2PRTf', '43ay9lQZ5rfNcOOHhRF2cM', '4L7pHI5dCCVUi4AozQN3qJ']
Bradley Cooper	Lady Gaga	5	['3DKpA54hrFIdPN6AtL9HXa', '2VxeLyX666F8uXCJ0dZF8B', '5IXk9TVBuxG87sFrwclBJw', '4Z2s8VRI8WEZyU0xeqnlJD', '5lK18Pt33xNudq4qYDxIm8']
Keala Settle	The Greatest Showman Ensemble	5	['2xGjteMU3E1tkEPVFBO08U', '5xNUR50KxswPRAvx7S163g', '5AaMcrFAm20mYBoRj2PRTf', '43ay9lQZ5rfNcOOHhRF2cM', '4L7pHI5dCCVUi4AozQN3qJ']
Hugh Jackman	Zac Efron	4	['4L7pHI5dCCVUi4AozQN3qJ', '43ay9lQZ5rfNcOOHhRF2cM', '2cKovq3l6OJjhVVDbVKOsr', '2q3DTT3EZV268SdYM3Snx0']
Hardy Caprio	One Acen	4	['3wAyZwtyyLMsJNG7Mb17ky', '0IDyHJDpx8NfvD2HSErdYx', '2Xs2HQqDDb00tsaWFYKyXt', '09QDTOldsJkM9ykxdTtAlf']
Amanda Seyfried	Christine Baranski	4	['3zZ6W6T7TuGJmcyvZ5VRlo', '7C3xydn7tJZLCSBcV2ZFYe', '6ERUsU7mPnu6sUQptDACkA', '1QWJmDzpPKqewtg0abEyq8']
Amanda Seyfried	Julie Walters	4	['3zZ6W6T7TuGJmcyvZ5VRlo', '7C3xydn7tJZLCSBcV2ZFYe', '6ERUsU7mPnu6sUQptDACkA', '1QWJmDzpPKqewtg0abEyq8']
Christine Baranski	Julie Walters	4	['3zZ6W6T7TuGJmcyvZ5VRlo', '7C3xydn7tJZLCSBcV2ZFYe', '6ERUsU7mPnu6sUQptDACkA', '1QWJmDzpPKqewtg0abEyq8']
Kendrick Lamar	SZA	4	['3GCdLUSnKSMJhs4Tj6CV3s', '12SJpYZEdj4kzWZ8FPFg4Y', '2Imq77E6CEJR5TPUxlJvTY', '66kQ7wr4d2LwwSjr7HXcyr']
Hugh Jackman	Keala Settle	4	['5xNUR50KxswPRAvx7S163g', '5AaMcrFAm20mYBoRj2PRTf', '4L7pHI5dCCVUi4AozQN3qJ', '43ay9lQZ5rfNcOOHhRF2cM']
Hugh Jackman	Zendaya	4	['5xNUR50KxswPRAvx7S163g', '5AaMcrFAm20mYBoRj2PRTf', '4L7pHI5dCCVUi4AozQN3qJ', '43ay9lQZ5rfNcOOHhRF2cM']
Keala Settle	Zendaya	4	['5xNUR50KxswPRAvx7S163g', '5AaMcrFAm20mYBoRj2PRTf', '4L7pHI5dCCVUi4AozQN3qJ', '43ay9lQZ5rfNcOOHhRF2cM']
The Greatest Showman Ensemble	Zendaya	4	['5xNUR50KxswPRAvx7S163g', '5AaMcrFAm20mYBoRj2PRTf', '4L7pHI5dCCVUi4AozQN3qJ', '43ay9lQZ5rfNcOOHhRF2cM']
Ariana Grande	Nicki Minaj	4	['0sdbFOyfgAhAhWq8DpzkaW', '1ZEm9cJC05rawV2tptNfTS', '5iZ4hcpCgFVijq5OOjBTKZ', '3L4GsGLgxpHieVQH86H8bv']
Diplo	LSD	4	['7boPPE857KEqCIHNwFkDop', '73F87Sqh6jQWucOOvz1WFx', '2c7GlMNmF7pbohjykutmLP', '5a8RPWgKSmcGBGcffmIrUi']
Diplo	Labrinth	4	['7boPPE857KEqCIHNwFkDop', '73F87Sqh6jQWucOOvz1WFx', '2c7GlMNmF7pbohjykutmLP', '5a8RPWgKSmcGBGcffmIrUi']
Diplo	Sia	4	['7boPPE857KEqCIHNwFkDop', '73F87Sqh6jQWucOOvz1WFx', '2c7GlMNmF7pbohjykutmLP', '5a8RPWgKSmcGBGcffmIrUi']
LSD	Labrinth	4	['7boPPE857KEqCIHNwFkDop', '73F87Sqh6jQWucOOvz1WFx', '2c7GlMNmF7pbohjykutmLP', '5a8RPWgKSmcGBGcffmIrUi']
LSD	Sia	4	['7boPPE857KEqCIHNwFkDop', '73F87Sqh6jQWucOOvz1WFx', '2c7GlMNmF7pbohjykutmLP', '5a8RPWgKSmcGBGcffmIrUi']
Labrinth	Sia	4	['7boPPE857KEqCIHNwFkDop', '73F87Sqh6jQWucOOvz1WFx', '2c7GlMNmF7pbohjykutmLP', '5a8RPWgKSmcGBGcffmIrUi']
21 Savage	Post Malone	4	['2U7Hu2RaNQNRi7izoJyZaX', '0e7ipj03S05BNilyu5bRzt', '1OmcAT5Y8eg5bUPv9qJT4R', '7wGoVu4Dady5GV0Sv4UIsx']
Post Malone	Swae Lee	3	['1A6OTy97kk0mMdm78rHsm8', '5VuxWXbt7XENQCtE9TzpTv', '3KkXRkHbMCARz0aVfEt68P']
Alexa Davies	Jessica Keenan Wynn	3	['717z018DWodjJnW6DE7t4z', '1WOBzx0R3hyphrI1AUv4Zu', '1QWJmDzpPKqewtg0abEyq8']
Alexa Davies	Lily James	3	['717z018DWodjJnW6DE7t4z', '1WOBzx0R3hyphrI1AUv4Zu', '1QWJmDzpPKqewtg0abEyq8']
Jessica Keenan Wynn	Lily James	3	['717z018DWodjJnW6DE7t4z', '1WOBzx0R3hyphrI1AUv4Zu', '1QWJmDzpPKqewtg0abEyq8']
Ella Eyre	Sigala	3	['3kGfazcbVvVkuZunzlLgTD', '0v3BMLcwUmAwyqJaf5997o', '5CpkVOosLFc83LbwqO6hnI']
Amanda Seyfried	Pierce Brosnan	3	['3zZ6W6T7TuGJmcyvZ5VRlo', '7jicciytVTNBXYrIXHs3Hv', '1QWJmDzpPKqewtg0abEyq8']
Hugh Skinner	Lily James	3	['37RKadHJqPuVzlM0tDBC3N', '6rekLbbb3i42gCgFIXOFvE', '1QWJmDzpPKqewtg0abEyq8']
6ix9ine	Nicki Minaj	3	['1oJ8EDr2pv94IvSd6ZmDgo', '4QIyEq7TcTdAcxjI2AFlAK', '2E124GmJRnBJuXbTb4cPUB']
Rae Sremmurd	Slim Jxmmi	3	['6sTDhYVVXU3HSDuG7mBLRU', '2yUbCEiaolfSMluDo9RMmG', '0TCnOEVeLQMXOUrpPlM7uY']
Rae Sremmurd	Swae Lee	3	['6sTDhYVVXU3HSDuG7mBLRU', '2yUbCEiaolfSMluDo9RMmG', '0TCnOEVeLQMXOUrpPlM7uY']
Slim Jxmmi	Swae Lee	3	['6sTDhYVVXU3HSDuG7mBLRU', '2yUbCEiaolfSMluDo9RMmG', '0TCnOEVeLQMXOUrpPlM7uY']
Zac Efron	Zendaya	3	['4L7pHI5dCCVUi4AozQN3qJ', '630sXRhIcfwr2e4RdNtjKN', '43ay9lQZ5rfNcOOHhRF2cM']
Kelsea Ballerini	The Chainsmokers	3	['4edS9dC0JPBlSS4p4gMOT0', '15kQGEy89K8deJcZVFEn0N', '6LKYeyLt4G4SlZ6OJwFhVS']
Cardi B	Migos	3	['1YZfcVLbbJwfizR5cDOp3q', '2qcG0nZ6S3zZV0UrkY5nFo', '4wFjTWCunQFKtukqrNijEt']
Post Malone	Ty Dolla $ign	3	['7wrDRQgHlvDnimrRHfQZxt', '65NwOZqoXny4JxqAPlfxRF', '3swc6WTsr7rl9DqQKQA55C']
21 Savage	Metro Boomin	3	['0AluA5RNsa4Cx6XRhf2hWZ', '1m6lqaLvUTxPjOo98fJH8U', '43lYaovU2FoeuBMNusVVVW']
Gunna	Lil Baby	3	['1BxkZE73h9BN3qwuA15TA3', '78QR3Wp35dqAhFEc2qAGjE', '6wWaVoUOzLQJHd3bWAUpdZ']
Emily Warren	The Chainsmokers	3	['5yNEdBlZMxpcVtGKz5NFk5', '3OtQmFLS5b3pTgIf44GQFJ', '5hrXLJJrnKraxRQntH0Vv9']
6ix9ine	A Boogie Wit da Hoodie	2	['6o79O9qBP3OAkWOXajAQIS', '0zl3PdjIl320fK0pxBGWNR']
Drake	Michael Jackson	2	['36ONiya0OANYknz0GgJmwB', '6G8kHiVZ1jW7vHMPVRNZU0']
6ix9ine	Kanye West	2	['0EwS8XJQspgrj1zSUXhFkl', '1oJ8EDr2pv94IvSd6ZmDgo']
Charlie Puth	Kehlani	2	['76S09sHj7GGMJAtOLjmVQ2', '1lsBTdE6MGsKeZCD6llNu7']
J Balvin	Willy William	2	['7fwXWKdDNI5IutOMc5OKYw', '2rb5MvYT7ZIxbKW5hfcHx8']
MIST	MoStack	2	['5zrJXcrpfOcoqOmRsv0r1e', '0RIMrAUyLGBF7zAPdvgE73']
Donae'o	Giggs	2	['6dh1aHKIyvpcOHEPWokza3', '19e7nxjjaxsdxJpUe0LYQQ']
Andy Garcia	Cher	2	['4btXKZvLKtOfpIU4DR1MW5', '1QWJmDzpPKqewtg0abEyq8']
Ina Wroldsen	Jax Jones	2	['0KsB4TwgATg88aXCMBoO3Y', '6tvQzeCPwOytDlBYCIOY0n']
Ella Eyre	French Montana	2	['0v3BMLcwUmAwyqJaf5997o', '5CpkVOosLFc83LbwqO6hnI']
Ella Eyre	Meghan Trainor	2	['0v3BMLcwUmAwyqJaf5997o', '5CpkVOosLFc83LbwqO6hnI']
French Montana	Meghan Trainor	2	['0v3BMLcwUmAwyqJaf5997o', '5CpkVOosLFc83LbwqO6hnI']
French Montana	Sigala	2	['0v3BMLcwUmAwyqJaf5997o', '5CpkVOosLFc83LbwqO6hnI']
Meghan Trainor	Sigala	2	['0v3BMLcwUmAwyqJaf5997o', '5CpkVOosLFc83LbwqO6hnI']
Bea Miller	NOTD	2	['2og9I9rQwr2XdTLJUupfT1', '18W92Zm1KjLCbUIszOhpkD']
David Guetta	Martin Garrix	2	['0OlnLZY4cmQzT6ZGttvWBM', '6RnkFd8Fqqgk1Uni8RgqCQ']
Drake	Lil Baby	2	['6vN77lE9LK6HP2DewaN6HZ', '6wWaVoUOzLQJHd3bWAUpdZ']
Chris Stapleton	Justin Timberlake	2	['1LhMopPAallLeaeNutqbgS', '09ts3GnICqYEU5PkQCpJK3']
21 Savage	Cardi B	2	['75FDPwaULRdYDn4StFN2rT', '0dIoGTQXDh1wVnhIiSyYEa']
Jamie Foxx	Kanye West	2	['5XJJdNPkwmbUwE79gv0NxK', '3QHPHLAkYV5cQBUYs6rowx']
Hugh Jackman	Michelle Williams	2	['0RoA7ObU6phWpqhlC9zH4Z', '11DnDeWTQuv3GIH0XHT2pl']
Hugh Jackman	Ziv Zaifman	2	['0RoA7ObU6phWpqhlC9zH4Z', '11DnDeWTQuv3GIH0XHT2pl']
Michelle Williams	Ziv Zaifman	2	['0RoA7ObU6phWpqhlC9zH4Z', '11DnDeWTQuv3GIH0XHT2pl']
Billie Eilish	Khalid	2	['1NJcg626wLln4pGHpiV7mf', '0u2P5u6lvoDfwTYjAADbn4']
Amanda Seyfried	Colin Firth	2	['3zZ6W6T7TuGJmcyvZ5VRlo', '1QWJmDzpPKqewtg0abEyq8']
Amanda Seyfried	Stellan Skarsgård	2	['3zZ6W6T7TuGJmcyvZ5VRlo', '1QWJmDzpPKqewtg0abEyq8']
Christine Baranski	Colin Firth	2	['3zZ6W6T7TuGJmcyvZ5VRlo', '1QWJmDzpPKqewtg0abEyq8']
Christine Baranski	Pierce Brosnan	2	['3zZ6W6T7TuGJmcyvZ5VRlo', '1QWJmDzpPKqewtg0abEyq8']
Christine Baranski	Stellan Skarsgård	2	['3zZ6W6T7TuGJmcyvZ5VRlo', '1QWJmDzpPKqewtg0abEyq8']
Colin Firth	Julie Walters	2	['3zZ6W6T7TuGJmcyvZ5VRlo', '1QWJmDzpPKqewtg0abEyq8']
Colin Firth	Pierce Brosnan	2	['3zZ6W6T7TuGJmcyvZ5VRlo', '1QWJmDzpPKqewtg0abEyq8']
Colin Firth	Stellan Skarsgård	2	['3zZ6W6T7TuGJmcyvZ5VRlo', '1QWJmDzpPKqewtg0abEyq8']
Julie Walters	Pierce Brosnan	2	['3zZ6W6T7TuGJmcyvZ5VRlo', '1QWJmDzpPKqewtg0abEyq8']
Julie Walters	Stellan Skarsgård	2	['3zZ6W6T7TuGJmcyvZ5VRlo', '1QWJmDzpPKqewtg0abEyq8']
Pierce Brosnan	Stellan Skarsgård	2	['3zZ6W6T7TuGJmcyvZ5VRlo', '1QWJmDzpPKqewtg0abEyq8']
Daddy Yankee	Justin Bieber	2	['6rPO02ozF3bM7NnOV4h6s2', '5CtI0qwDJkDQGwXD1H1cLb']
Daddy Yankee	Luis Fonsi	2	['6rPO02ozF3bM7NnOV4h6s2', '5CtI0qwDJkDQGwXD1H1cLb']
Justin Bieber	Luis Fonsi	2	['6rPO02ozF3bM7NnOV4h6s2', '5CtI0qwDJkDQGwXD1H1cLb']
Amanda Seyfried	Dominic Cooper	2	['71CU7N8x2l4b5DEHPXxZfE', '1QWJmDzpPKqewtg0abEyq8']
Amanda Seyfried	Jeremy Irvine	2	['7jicciytVTNBXYrIXHs3Hv', '1QWJmDzpPKqewtg0abEyq8']
Amanda Seyfried	Lily James	2	['7jicciytVTNBXYrIXHs3Hv', '1QWJmDzpPKqewtg0abEyq8']
Hugh Skinner	Josh Dylan	2	['6rekLbbb3i42gCgFIXOFvE', '1QWJmDzpPKqewtg0abEyq8']
Jeremy Irvine	Lily James	2	['7jicciytVTNBXYrIXHs3Hv', '1QWJmDzpPKqewtg0abEyq8']
Jeremy Irvine	Pierce Brosnan	2	['7jicciytVTNBXYrIXHs3Hv', '1QWJmDzpPKqewtg0abEyq8']
Josh Dylan	Lily James	2	['6rekLbbb3i42gCgFIXOFvE', '1QWJmDzpPKqewtg0abEyq8']
Lily James	Pierce Brosnan	2	['7jicciytVTNBXYrIXHs3Hv', '1QWJmDzpPKqewtg0abEyq8']
Bugzy Malone	Rag'n'Bone Man	2	['1e6y20DzpftrGToH2H3OYN', '1nIHpufnp5TZLgqigbVIhI']
M-22	Medina	2	['6VG5Vmv8UVmCo8RLUfLlQz', '25Mf35cnnFalpVNFp0g3hW']
Clean Bandit	Luis Fonsi	2	['5XWCc9wQes7X5uyYH9h5JR', '1fLhGF1JfGQYj6EZLndD86']
Clean Bandit	MARINA	2	['5XWCc9wQes7X5uyYH9h5JR', '1fLhGF1JfGQYj6EZLndD86']
Luis Fonsi	MARINA	2	['5XWCc9wQes7X5uyYH9h5JR', '1fLhGF1JfGQYj6EZLndD86']
Daniel Everidge	Hugh Jackman	2	['5xNUR50KxswPRAvx7S163g', '5AaMcrFAm20mYBoRj2PRTf']
Daniel Everidge	Keala Settle	2	['5xNUR50KxswPRAvx7S163g', '5AaMcrFAm20mYBoRj2PRTf']
Daniel Everidge	The Greatest Showman Ensemble	2	['5xNUR50KxswPRAvx7S163g', '5AaMcrFAm20mYBoRj2PRTf']
Daniel Everidge	Zendaya	2	['5xNUR50KxswPRAvx7S163g', '5AaMcrFAm20mYBoRj2PRTf']
6ix9ine	Murda Beatz	2	['2E124GmJRnBJuXbTb4cPUB', '4QIyEq7TcTdAcxjI2AFlAK']
Murda Beatz	Nicki Minaj	2	['2E124GmJRnBJuXbTb4cPUB', '4QIyEq7TcTdAcxjI2AFlAK']
Belly Squad	Headie One	2	['3pjampEJWz0wJuiFYyzX0x', '1wz2sz0H6elYYv96IfXhai']
Cardi B	Maroon 5	2	['6FRLCMO5TUHTexlWo8ym1W', '7fa9MBXhVfQ8P8Df9OEbD8']
Grey	Maren Morris	2	['09IStsImFySgyp0pIQdqAc', '2ARqIya5NAuvFVHSN3bL0m']
Grey	Zedd	2	['09IStsImFySgyp0pIQdqAc', '2ARqIya5NAuvFVHSN3bL0m']
Maren Morris	Zedd	2	['09IStsImFySgyp0pIQdqAc', '2ARqIya5NAuvFVHSN3bL0m']
Kanye West	PARTYNEXTDOOR	2	['6Bg7MznA9X0dIhlAsLyBYj', '3dG6tjetoR4GMmUGZUprLt']
Brando	Loud Luxury	2	['7K7MUBCnzgBAvMVW2RTWNs', '43V1z6QToNNWNldV4FEG6r']
Dizzee Rascal	Skepta	2	['2tl23RrczaSyVeiCwWzVDs', '4m08vFKrKbjEklzRIBwllU']
Bugzy Malone	Kojo Funds	2	['6jmuzJIkp31AMa2n4W3XSm', '2ccB04JyAmTQGg2RN9FlcX']
Mabel	RAYE	2	['1GnfpjuZ1NUjEXSir7F8Hj', '5ppjtLheLgMk3jtZXnNjC4']
Mabel	Stefflon Don	2	['1GnfpjuZ1NUjEXSir7F8Hj', '5ppjtLheLgMk3jtZXnNjC4']
RAYE	Stefflon Don	2	['1GnfpjuZ1NUjEXSir7F8Hj', '5ppjtLheLgMk3jtZXnNjC4']
Gesaffelstein	The Weeknd	2	['13wNEvWmBsWaWVtiLPRIW5', '56d6kYZhfhzpoC3s1dRU2V']
Geko	NSG	2	['7Lh7cJzYuo4U5Uq687rLSm', '6lU7kJ6k1oUew36PbPl15E']
Maleek Berry	Not3s	2	['3zHvNZPykFJF9ZsExlHHyt', '7uAbIeiw12MKjpUQnH0SjL']
Keala Settle	Zac Efron	2	['4L7pHI5dCCVUi4AozQN3qJ', '43ay9lQZ5rfNcOOHhRF2cM']
The Greatest Showman Ensemble	Zac Efron	2	['4L7pHI5dCCVUi4AozQN3qJ', '43ay9lQZ5rfNcOOHhRF2cM']
Calvin Harris	benny blanco	2	['5sdb5pMhcK44SSLsj1moUh', '1kQhi22kyluRCnIPAXtxEZ']
Camila Cabello	Young Thug	2	['1rfofaqEpACxVEHIZBJe6W', '0ofbQMrRDsUaVKq2mGLEAb']
Jack & Jack	Jonas Blue	2	['3KLygy1YWhmrQx0GRs7IOx', '3u1S1OmAUhx5DRlLrXqyp3']
Cardi B	Nicki Minaj	2	['1YZfcVLbbJwfizR5cDOp3q', '4wFjTWCunQFKtukqrNijEt']
Migos	Nicki Minaj	2	['1YZfcVLbbJwfizR5cDOp3q', '4wFjTWCunQFKtukqrNijEt']
KYLE	Kehlani	2	['4F1yvJfQ7gJkrcgFJQDjOr', '43cFjTTCD9Cni4aSL0sORz']
Lil Wayne	Nicki Minaj	2	['5IvdLxVB8gwwcgnEkXSSW2', '2D1MK9oaxy7axXggy3iVbp']
Bastille	Craig David	2	['5lRzEC0Hyj92nEr9JkDxM2', '34t13rSSZtr22CjcmroMmh']
Ay Em	Dappy	2	['5lTBFpNkKWu8nRy3qzEw2h', '4D6HSqoQGomDQAhNOqQnAE']
Eminem	Nate Dogg	2	['6yr8GiTHWvFfi4o6Q5ebdT', '4xkOaSrkexMciUUogZKVTS']
J. Cole	kiLL edward	2	['6onwlDmIVKE8bBgyBRSuS0', '3rFF7kSm5qBOOPs6ljFgPp']
David Guetta	Sia	2	['66BjcDhhwWCcQIBxHMpKXh', '33IOhptvC2Qoy2UhjiHXLV']
Jonas Blue	Lennon Stella	2	['6XqvFyJGdUD5IWee02ARKU', '1wsLHgXJ4SKIfd5ePSX1hD']
Jonas Blue	Liam Payne	2	['6XqvFyJGdUD5IWee02ARKU', '1wsLHgXJ4SKIfd5ePSX1hD']
Lennon Stella	Liam Payne	2	['6XqvFyJGdUD5IWee02ARKU', '1wsLHgXJ4SKIfd5ePSX1hD']
Chance the Rapper	DJ Khaled	2	['5WvAo7DNuPRmk4APhdPzi8', '3DXncPQOG4VBw3QHh3S817']
Chance the Rapper	Justin Bieber	2	['5WvAo7DNuPRmk4APhdPzi8', '3DXncPQOG4VBw3QHh3S817']
Chance the Rapper	Quavo	2	['5WvAo7DNuPRmk4APhdPzi8', '3DXncPQOG4VBw3QHh3S817']
DJ Khaled	Justin Bieber	2	['5WvAo7DNuPRmk4APhdPzi8', '3DXncPQOG4VBw3QHh3S817']
DJ Khaled	Quavo	2	['5WvAo7DNuPRmk4APhdPzi8', '3DXncPQOG4VBw3QHh3S817']
Justin Bieber	Quavo	2	['5WvAo7DNuPRmk4APhdPzi8', '3DXncPQOG4VBw3QHh3S817']
Lil Peep	XXXTENTACION	2	['4jvjzW7Hm0yK4LvvE0Paz9', '0Dn40gxVCMo5TkgS8Ik18Q']
Anne-Marie	David Guetta	2	['2zy9TMoZlYGuCNY4TLqG24', '2lYTJK94hb0fd1LQtb6Dhk']
Ariana Grande	Troye Sivan	2	['17JYzDCW1UTndfURuTydF2', '1NbGcdgwRHZ5rbPIT9hdR3']
BTS	Steve Aoki	2	['2J0X46UkpfLlWbuCXFgDLr', '2r1T6xGTVaNAqBoPH4lZEE']
Mabel	Not3s	2	['0A9y4c4dkI68IEnsRGtWil', '3CmDfdlhSnRvoNeCwXWvh1']
Jason Derulo	Nicki Minaj	2	['6kex4EBAj0WHXDKZMEJaaF', '5Xn4IyTtW6FUGIUyWjbUHG']
Ed Sheeran	Eminem	2	['1cS0TgbR263ey9jn0MwD2s', '5UEnHoDYpsxlfzWLZIc7LD']
A$AP Rocky	Moby	2	['1YmF9PvLhIISIANoMLIYGq', '3oHkMCVJyOcjg5FhfLc2Rq']
Drake	Static Major	2	['4IvenHmD0spfFDOKphoUDp', '3mvYQKm8h6M5K5h0nVPY9S']
Drake	Ty Dolla $ign	2	['4IvenHmD0spfFDOKphoUDp', '3mvYQKm8h6M5K5h0nVPY9S']
Static Major	Ty Dolla $ign	2	['4IvenHmD0spfFDOKphoUDp', '3mvYQKm8h6M5K5h0nVPY9S']
Paloma Faith	Sigala	2	['6Z0CSptkTKzOpownOPnK5g', '5xzCzOAOfRi4DOttSzvznR']
Khalid	Shawn Mendes	2	['5SwEgzUFDHwpWHKrbnP32Z', '3Wf2YGdYT8xVdNsQSoRKk9']
George Benson	Gorillaz	2	['5fGWdNGGnvKrrHL6U7c1Vp', '3NeiYiBn3rQBgurfVk92Zm']
Metro Boomin	Travis Scott	2	['6osMzmRHCVETbZMHceLRmh', '2mYDDUkBcgFNBqkWctyyuc']
Halsey	Khalid	2	['7FGq80cy8juXBCD2nrqdWU', '0d2iYfpKoM0QCKvcLCkBao']
Halsey	benny blanco	2	['7FGq80cy8juXBCD2nrqdWU', '0d2iYfpKoM0QCKvcLCkBao']
Khalid	benny blanco	2	['7FGq80cy8juXBCD2nrqdWU', '0d2iYfpKoM0QCKvcLCkBao']
Little Mix	Nicki Minaj	2	['222B3aljXx6fFwKmFjuBED', '6rrTr2HEAzlpC4KWZxF3S1']
Clean Bandit	Demi Lovato	2	['6kPJZM97LwdG9QIsT7khp6', '3NuK5xMlSlB6K2Qp16zf3h']
Bebe Rexha	Florida Georgia Line	2	['7iDa6hUg2VgEL1o1HjmfBn', '4e4fqjx0Izh4svvTef1z7e']
Eminem	Jessie Reyez	2	['4g32MdRoqwGKQd3NXIRhpU', '09FfQO3PqHO4HIJL511Ksi']
Beyoncé	JAY-Z	2	['1W6wxOOYyJyyok8fqYSZ3m', '0WqIKmW4BTrj3eJFmnCKMv']
Lotto Boyzz	M.O	2	['2aeKv96tpmi1T3ctpAZBqB', '70eehEqNug7oAhozjhG21t']
Lotto Boyzz	Mr Eazi	2	['2aeKv96tpmi1T3ctpAZBqB', '70eehEqNug7oAhozjhG21t']
M.O	Mr Eazi	2	['2aeKv96tpmi1T3ctpAZBqB', '70eehEqNug7oAhozjhG21t']
Logic	Marshmello	2	['6zOhgKfbMiQWToE6K13s2s', '4EAV2cKiqKP5UPZmY6dejk']
Drake	Kyla	2	['1xznGGDReH1oQq0xzbwXa3', '1zi7xx7UVEFkmKfv06H8x0']
Drake	WizKid	2	['1xznGGDReH1oQq0xzbwXa3', '1zi7xx7UVEFkmKfv06H8x0']
Kyla	WizKid	2	['1xznGGDReH1oQq0xzbwXa3', '1zi7xx7UVEFkmKfv06H8x0']
Kodak Black	Offset	2	['0FZ4Dmg8jJJAPJnvBIzD9z', '7l3E7lcozEodtVsSTCkcaA']
Kodak Black	Travis Scott	2	['0FZ4Dmg8jJJAPJnvBIzD9z', '7l3E7lcozEodtVsSTCkcaA']
Offset	Travis Scott	2	['0FZ4Dmg8jJJAPJnvBIzD9z', '7l3E7lcozEodtVsSTCkcaA']
Olly Murs	Snoop Dogg	2	['5b3Gs8XMgi9GVD2r3Dhb4f', '6gLTlewjPtazYnOa9I5Bno']
Drew Love	The Chainsmokers	1	['3pWcj8hxj3fsb9TDAcMpEl']
Eartha Kitt	Henri Rene & His Orchestra	1	['1foCxQtxBweJtZmdxhEHVO']
Haile	MIST	1	['7xrS0MTajQF2ZnGHD6cj8o']
Khalid	Normani	1	['45Egmo7icyopuzJN0oMEdk']
Alessia Cara	Zedd	1	['0I20rLT2MJDhcF96AjbNYo']
6ix9ine	Fetty Wap	1	['0zl3PdjIl320fK0pxBGWNR']
A Boogie Wit da Hoodie	Fetty Wap	1	['0zl3PdjIl320fK0pxBGWNR']
Nines	Tee Supreme	1	['0OukYXzMkEgQ3mD3BqUazy']
Rudimental	Tom Walker	1	['0ySwEFQoOhVaGBky9iCdFJ']
Cardi B	Kehlani	1	['5DfWF0jqMgZDCiu9zJENTA']
RAYE	Ramz	1	['15DWgtFnXWtaE3vEiZTUVn']
6ix9ine	DJ SpinKing	1	['6kp0inxIexxSiDJfWqq0ZL']
Kirsty MacColl	The Pogues	1	['3VTNVsTTu05dmTsVFrmGpK']
Cardi B	Meek Mill	1	['3DnZfpfe8wLeJgzc00gKeW']
Gunna	Metro Boomin	1	['5gub2bpJRgJP4m4MliqtdV']
Noah Cyrus	One Bit	1	['1g61lRiAj3Nwc8ZGtEum8s']
Little Mix	Sharaya J	1	['6XkEw1h2Hq4fGnSm0JuSIs']
Beyoncé	J Balvin	1	['7fwXWKdDNI5IutOMc5OKYw']
Beyoncé	Willy William	1	['7fwXWKdDNI5IutOMc5OKYw']
Future	James Blake	1	['51rXHuKN8Loc4sUlKPODgH']
Future	Jay Rock	1	['51rXHuKN8Loc4sUlKPODgH']
Future	Kendrick Lamar	1	['51rXHuKN8Loc4sUlKPODgH']
James Blake	Jay Rock	1	['51rXHuKN8Loc4sUlKPODgH']
James Blake	Kendrick Lamar	1	['51rXHuKN8Loc4sUlKPODgH']
Jay Rock	Kendrick Lamar	1	['51rXHuKN8Loc4sUlKPODgH']
Justin Jesso	Kygo	1	['0Zbbxnx4SGGHoIow4PpISP']
Krept & Konan	MoStack	1	['5yPqI0naJoENMs29O6wyyP']
A$AP Rocky	Cardi B	1	['2DQ1ITjI0YoLFzuADN1ZBW']
A$AP Rocky	G-Eazy	1	['2DQ1ITjI0YoLFzuADN1ZBW']
Cardi B	G-Eazy	1	['2DQ1ITjI0YoLFzuADN1ZBW']
Ella Mai	Meek Mill	1	['6irE4Fbjbry3czv7mTxVSB']
Marshmello	Selena Gomez	1	['7EmGUiUaOSGDnUUQUDrOXC']
G-Eazy	Halsey	1	['5k38wzpLb15YgncyWdTZE4']
James Hype	Kelli-Leigh	1	['53SnCRcGrB2UCqNGyYZhJD']
Juice WRLD	Trippie Redd	1	['75lcPkAkUsKWHGBlGM476R']
CADE	Cheat Codes	1	['1NDxZ7cFAo481dtYWdrUnR']
CADE	Maggie Lindemann	1	['1NDxZ7cFAo481dtYWdrUnR']
Cheat Codes	Maggie Lindemann	1	['1NDxZ7cFAo481dtYWdrUnR']
Khalid	Marshmello	1	['7vGuf3Y35N4wmASOKLUVVU']
MIST	Nines	1	['63IsxoG84vTm9eUfZLfmpW']
Khalid	Martin Garrix	1	['3nc420PXjTdBV5TN0gCFkS']
HRVY	Malu Trevejo	1	['0fBP9n1mUM2Ur7LUPq8MVn']
Big Narstie	John Reid	1	['6RlHX1oWuPOhPkESDxiKFl']
Big Narstie	Nightcrawlers	1	['6RlHX1oWuPOhPkESDxiKFl']
John Reid	Nightcrawlers	1	['6RlHX1oWuPOhPkESDxiKFl']
Maroon 5	SZA	1	['3hBBKuWJfxlIlnd9QFoC8k']
Skrapz	WSTRN	1	['2rX6qwJbQLfTc5sVPdzr39']
Brooks	David Guetta	1	['6RnkFd8Fqqgk1Uni8RgqCQ']
Brooks	Martin Garrix	1	['6RnkFd8Fqqgk1Uni8RgqCQ']
D-Block Europe	Yxng Bane	1	['6GUIJ8E7U2yF4plRiEEGKL']
Ed Sheeran	Future	1	['2x0WlnmfG39ZuDmstl9xfX']
Ed Sheeran	Taylor Swift	1	['2x0WlnmfG39ZuDmstl9xfX']
Future	Taylor Swift	1	['2x0WlnmfG39ZuDmstl9xfX']
BloodPop®	Justin Bieber	1	['7nZmah2llfvLDiUjm0kiyz']
Skepta	WizKid	1	['11RIJRbBfyLlJut96itSFd']
Afrojack	Charli XCX	1	['0tPQPaOKM32WgMSbPCYyRH']
Afrojack	David Guetta	1	['0tPQPaOKM32WgMSbPCYyRH']
Afrojack	French Montana	1	['0tPQPaOKM32WgMSbPCYyRH']
Charli XCX	David Guetta	1	['0tPQPaOKM32WgMSbPCYyRH']
Charli XCX	French Montana	1	['0tPQPaOKM32WgMSbPCYyRH']
David Guetta	French Montana	1	['0tPQPaOKM32WgMSbPCYyRH']
Fundz	Nines	1	['2V7cCRI6i8eFhkETSEmAbO']
Au/Ra	CamelPhat	1	['3MkuFR7t25mu7Iscp6GGiV']
Demi Lovato	Jax Jones	1	['2ytH5wDuqhgLTiDVYioteq']
Demi Lovato	Stefflon Don	1	['2ytH5wDuqhgLTiDVYioteq']
Jax Jones	Stefflon Don	1	['2ytH5wDuqhgLTiDVYioteq']
AJ x Deno	Cadet	1	['2r7kFZo4Ua517FKCW39fo9']
AJ x Deno	Da Beatfreakz	1	['2r7kFZo4Ua517FKCW39fo9']
AJ x Deno	Swarmz	1	['2r7kFZo4Ua517FKCW39fo9']
Cadet	Da Beatfreakz	1	['2r7kFZo4Ua517FKCW39fo9']
Cadet	Swarmz	1	['2r7kFZo4Ua517FKCW39fo9']
Da Beatfreakz	Swarmz	1	['2r7kFZo4Ua517FKCW39fo9']
Lil Wayne	XXXTENTACION	1	['5BQrp63SHCVf4bzCzJePne']
Bad Bunny	Drake	1	['116H0KvKr2Zl4RPuVBruDO']
Jax Jones	Years & Years	1	['29R1IMTTbDDA3VNlk6UEW5']
Nicki Minaj	Post Malone	1	['6IaieqiCVvsNvEt6Y7yOFa']
CamelPhat	Elderbrook	1	['1HrMWH5GUdK6Yi94rbANJA']
Eminem	"Royce Da 5'9"""	1	['28FGV3ORH14MYORd7s5dlU']
Bebe Rexha	Machine Gun Kelly	1	['0OI7AFifLSoGzpb8bdBLLV']
Bebe Rexha	X Ambassadors	1	['0OI7AFifLSoGzpb8bdBLLV']
Machine Gun Kelly	X Ambassadors	1	['0OI7AFifLSoGzpb8bdBLLV']
Kanye West	Lil Pump	1	['4S8d14HvHb70ImctNgVzQQ']
Macklemore	Skylar Grey	1	['0CokSRCu5hZgPxcZBaEzVE']
Ina Wroldsen	Martin Solveig	1	['6O85MfGECKBqAK2MgSbCaj']
Alexa Davies	Amanda Seyfried	1	['1QWJmDzpPKqewtg0abEyq8']
Alexa Davies	Andy Garcia	1	['1QWJmDzpPKqewtg0abEyq8']
Alexa Davies	Cher	1	['1QWJmDzpPKqewtg0abEyq8']
Alexa Davies	Christine Baranski	1	['1QWJmDzpPKqewtg0abEyq8']
Alexa Davies	Colin Firth	1	['1QWJmDzpPKqewtg0abEyq8']
Alexa Davies	Dominic Cooper	1	['1QWJmDzpPKqewtg0abEyq8']
Alexa Davies	Hugh Skinner	1	['1QWJmDzpPKqewtg0abEyq8']
Alexa Davies	Jeremy Irvine	1	['1QWJmDzpPKqewtg0abEyq8']
Alexa Davies	Josh Dylan	1	['1QWJmDzpPKqewtg0abEyq8']
Alexa Davies	Julie Walters	1	['1QWJmDzpPKqewtg0abEyq8']
Alexa Davies	Meryl Streep	1	['1QWJmDzpPKqewtg0abEyq8']
Alexa Davies	Pierce Brosnan	1	['1QWJmDzpPKqewtg0abEyq8']
Alexa Davies	Stellan Skarsgård	1	['1QWJmDzpPKqewtg0abEyq8']
Amanda Seyfried	Andy Garcia	1	['1QWJmDzpPKqewtg0abEyq8']
Amanda Seyfried	Cher	1	['1QWJmDzpPKqewtg0abEyq8']
Amanda Seyfried	Hugh Skinner	1	['1QWJmDzpPKqewtg0abEyq8']
Amanda Seyfried	Jessica Keenan Wynn	1	['1QWJmDzpPKqewtg0abEyq8']
Amanda Seyfried	Josh Dylan	1	['1QWJmDzpPKqewtg0abEyq8']
Amanda Seyfried	Meryl Streep	1	['1QWJmDzpPKqewtg0abEyq8']
Andy Garcia	Christine Baranski	1	['1QWJmDzpPKqewtg0abEyq8']
Andy Garcia	Colin Firth	1	['1QWJmDzpPKqewtg0abEyq8']
Andy Garcia	Dominic Cooper	1	['1QWJmDzpPKqewtg0abEyq8']
Andy Garcia	Hugh Skinner	1	['1QWJmDzpPKqewtg0abEyq8']
Andy Garcia	Jeremy Irvine	1	['1QWJmDzpPKqewtg0abEyq8']
Andy Garcia	Jessica Keenan Wynn	1	['1QWJmDzpPKqewtg0abEyq8']
Andy Garcia	Josh Dylan	1	['1QWJmDzpPKqewtg0abEyq8']
Andy Garcia	Julie Walters	1	['1QWJmDzpPKqewtg0abEyq8']
Andy Garcia	Lily James	1	['1QWJmDzpPKqewtg0abEyq8']
Andy Garcia	Meryl Streep	1	['1QWJmDzpPKqewtg0abEyq8']
Andy Garcia	Pierce Brosnan	1	['1QWJmDzpPKqewtg0abEyq8']
Andy Garcia	Stellan Skarsgård	1	['1QWJmDzpPKqewtg0abEyq8']
Cher	Christine Baranski	1	['1QWJmDzpPKqewtg0abEyq8']
Cher	Colin Firth	1	['1QWJmDzpPKqewtg0abEyq8']
Cher	Dominic Cooper	1	['1QWJmDzpPKqewtg0abEyq8']
Cher	Hugh Skinner	1	['1QWJmDzpPKqewtg0abEyq8']
Cher	Jeremy Irvine	1	['1QWJmDzpPKqewtg0abEyq8']
Cher	Jessica Keenan Wynn	1	['1QWJmDzpPKqewtg0abEyq8']
Cher	Josh Dylan	1	['1QWJmDzpPKqewtg0abEyq8']
Cher	Julie Walters	1	['1QWJmDzpPKqewtg0abEyq8']
Cher	Lily James	1	['1QWJmDzpPKqewtg0abEyq8']
Cher	Meryl Streep	1	['1QWJmDzpPKqewtg0abEyq8']
Cher	Pierce Brosnan	1	['1QWJmDzpPKqewtg0abEyq8']
Cher	Stellan Skarsgård	1	['1QWJmDzpPKqewtg0abEyq8']
Christine Baranski	Dominic Cooper	1	['1QWJmDzpPKqewtg0abEyq8']
Christine Baranski	Hugh Skinner	1	['1QWJmDzpPKqewtg0abEyq8']
Christine Baranski	Jeremy Irvine	1	['1QWJmDzpPKqewtg0abEyq8']
Christine Baranski	Jessica Keenan Wynn	1	['1QWJmDzpPKqewtg0abEyq8']
Christine Baranski	Josh Dylan	1	['1QWJmDzpPKqewtg0abEyq8']
Christine Baranski	Lily James	1	['1QWJmDzpPKqewtg0abEyq8']
Christine Baranski	Meryl Streep	1	['1QWJmDzpPKqewtg0abEyq8']
Colin Firth	Dominic Cooper	1	['1QWJmDzpPKqewtg0abEyq8']
Colin Firth	Hugh Skinner	1	['1QWJmDzpPKqewtg0abEyq8']
Colin Firth	Jeremy Irvine	1	['1QWJmDzpPKqewtg0abEyq8']
Colin Firth	Jessica Keenan Wynn	1	['1QWJmDzpPKqewtg0abEyq8']
Colin Firth	Josh Dylan	1	['1QWJmDzpPKqewtg0abEyq8']
Colin Firth	Lily James	1	['1QWJmDzpPKqewtg0abEyq8']
Colin Firth	Meryl Streep	1	['1QWJmDzpPKqewtg0abEyq8']
Dominic Cooper	Hugh Skinner	1	['1QWJmDzpPKqewtg0abEyq8']
Dominic Cooper	Jeremy Irvine	1	['1QWJmDzpPKqewtg0abEyq8']
Dominic Cooper	Jessica Keenan Wynn	1	['1QWJmDzpPKqewtg0abEyq8']
Dominic Cooper	Josh Dylan	1	['1QWJmDzpPKqewtg0abEyq8']
Dominic Cooper	Julie Walters	1	['1QWJmDzpPKqewtg0abEyq8']
Dominic Cooper	Lily James	1	['1QWJmDzpPKqewtg0abEyq8']
Dominic Cooper	Meryl Streep	1	['1QWJmDzpPKqewtg0abEyq8']
Dominic Cooper	Pierce Brosnan	1	['1QWJmDzpPKqewtg0abEyq8']
Dominic Cooper	Stellan Skarsgård	1	['1QWJmDzpPKqewtg0abEyq8']
Hugh Skinner	Jeremy Irvine	1	['1QWJmDzpPKqewtg0abEyq8']
Hugh Skinner	Jessica Keenan Wynn	1	['1QWJmDzpPKqewtg0abEyq8']
Hugh Skinner	Julie Walters	1	['1QWJmDzpPKqewtg0abEyq8']
Hugh Skinner	Meryl Streep	1	['1QWJmDzpPKqewtg0abEyq8']
Hugh Skinner	Pierce Brosnan	1	['1QWJmDzpPKqewtg0abEyq8']
Hugh Skinner	Stellan Skarsgård	1	['1QWJmDzpPKqewtg0abEyq8']
Jeremy Irvine	Jessica Keenan Wynn	1	['1QWJmDzpPKqewtg0abEyq8']
Jeremy Irvine	Josh Dylan	1	['1QWJmDzpPKqewtg0abEyq8']
Jeremy Irvine	Julie Walters	1	['1QWJmDzpPKqewtg0abEyq8']
Jeremy Irvine	Meryl Streep	1	['1QWJmDzpPKqewtg0abEyq8']
Jeremy Irvine	Stellan Skarsgård	1	['1QWJmDzpPKqewtg0abEyq8']
Jessica Keenan Wynn	Josh Dylan	1	['1QWJmDzpPKqewtg0abEyq8']
Jessica Keenan Wynn	Julie Walters	1	['1QWJmDzpPKqewtg0abEyq8']
Jessica Keenan Wynn	Meryl Streep	1	['1QWJmDzpPKqewtg0abEyq8']
Jessica Keenan Wynn	Pierce Brosnan	1	['1QWJmDzpPKqewtg0abEyq8']
Jessica Keenan Wynn	Stellan Skarsgård	1	['1QWJmDzpPKqewtg0abEyq8']
Josh Dylan	Julie Walters	1	['1QWJmDzpPKqewtg0abEyq8']
Josh Dylan	Meryl Streep	1	['1QWJmDzpPKqewtg0abEyq8']
Josh Dylan	Pierce Brosnan	1	['1QWJmDzpPKqewtg0abEyq8']
Josh Dylan	Stellan Skarsgård	1	['1QWJmDzpPKqewtg0abEyq8']
Julie Walters	Lily James	1	['1QWJmDzpPKqewtg0abEyq8']
Julie Walters	Meryl Streep	1	['1QWJmDzpPKqewtg0abEyq8']
Lily James	Meryl Streep	1	['1QWJmDzpPKqewtg0abEyq8']
Lily James	Stellan Skarsgård	1	['1QWJmDzpPKqewtg0abEyq8']
Meryl Streep	Pierce Brosnan	1	['1QWJmDzpPKqewtg0abEyq8']
Meryl Streep	Stellan Skarsgård	1	['1QWJmDzpPKqewtg0abEyq8']
A$AP Rocky	Skepta	1	['7ycWLEP1GsNjVvcjawXz3z']
Dynoro	Gigi D'Agostino	1	['0E9ZjEAyAwOXZ7wJC0PD33']
A$AP Rocky	FKA twigs	1	['1AqemxWsT0iGg5Lvkm16Bt']
Bing Crosby	John Scott Trotter & His Orchestra	1	['4so0Wek9Ig1p6CRCHuINwW']
Bing Crosby	Ken Darby Singers	1	['4so0Wek9Ig1p6CRCHuINwW']
John Scott Trotter & His Orchestra	Ken Darby Singers	1	['4so0Wek9Ig1p6CRCHuINwW']
Vince Staples	Yugen Blakrok	1	['7bUcBztfGqO7cSI2gMZeCI']
Kojo Funds	Mabel	1	['6KfNna0zfHtWJJ803hFBWX']
2 Chainz	Saudi	1	['4LmAnpjlhWTahvRkYR8xJa']
2 Chainz	ScHoolboy Q	1	['4LmAnpjlhWTahvRkYR8xJa']
Saudi	ScHoolboy Q	1	['4LmAnpjlhWTahvRkYR8xJa']
2 Chainz	Louisa	1	['04dNBM7zkRT00to5FrLzru']
Alicia Keys	Eminem	1	['2rozzUGTRWqhTa2NzJAl8I']
Shakira	Wyclef Jean	1	['3ZFTkvIE7kyPt6Nu3PEa7V']
Coldplay	The Chainsmokers	1	['6RUKPb4LETWmmr3iAEQktW']
Alika	CLiQ	1	['5KvRFKrsapVHYNzoM7rDUw']
Jax Jones	Mabel	1	['3pSfoP1xZllxEuZ6Oh6ebn']
Jax Jones	Rich The Kid	1	['3pSfoP1xZllxEuZ6Oh6ebn']
Mabel	Rich The Kid	1	['3pSfoP1xZllxEuZ6Oh6ebn']
KIDS SEE GHOSTS	Yasiin Bey	1	['2I3dW2dCBZAJGj5X21E53k']
Julia Michaels	Shawn Mendes	1	['5QskYLFPX9y7pLU0VEMNbr']
D-Block Europe	Dirtbike Lb	1	['7bkzlEJJLmV6wMJIBhYAMi']
D-Block Europe	Lil Pino	1	['7bkzlEJJLmV6wMJIBhYAMi']
D-Block Europe	Young Adz	1	['7bkzlEJJLmV6wMJIBhYAMi']
Dirtbike Lb	Lil Pino	1	['7bkzlEJJLmV6wMJIBhYAMi']
Dirtbike Lb	Young Adz	1	['7bkzlEJJLmV6wMJIBhYAMi']
Lil Pino	Young Adz	1	['7bkzlEJJLmV6wMJIBhYAMi']
BLACKPINK	Dua Lipa	1	['13hvHEstJ4sNbzdroPrPI3']
Liam Payne	Quavo	1	['6EpRaXYhGOB3fj4V2uDkMJ']
Future	Juice WRLD	1	['5274I4mUMnYczyeXkGDWZN']
Eminem	X Ambassadors	1	['5p9ufaI7TwrlXtmiKCz3q3']
Naughty Boy	Rak-Su	1	['6pWzEnoUsuiTcp6odVDovx']
Naughty Boy	Wyclef Jean	1	['6pWzEnoUsuiTcp6odVDovx']
Rak-Su	Wyclef Jean	1	['6pWzEnoUsuiTcp6odVDovx']
Asco	Fredo	1	['6Y8rxEIxkh2JlrVq7OuvZl']
Juice WRLD	Lil Uzi Vert	1	['3obgSF06ki98lYNLNq5vCB']
Post Malone	Quavo	1	['3a1lNhkSLSkpJE4MSHpDu9']
Nicki Minaj	The Weeknd	1	['5vAEnWrHxLv78uwZrAJcX6']
Anuel AA	Fabolous	1	['2tnlNVAhuQGgoFJxALVeXx']
Anuel AA	Meek Mill	1	['2tnlNVAhuQGgoFJxALVeXx']
Fabolous	Meek Mill	1	['2tnlNVAhuQGgoFJxALVeXx']
Avicii	Rita Ora	1	['2OALaHcDdKkjYEpAr0Qzab']
MNEK	Stormzy	1	['0ihguwGVwKihJ1Nj8fGQlY']
6ix9ine	Anuel AA	1	['7ATATJztoWLcqDAcVVof0C']
Becky G	David Guetta	1	['3soOPBuMK8YMdWnV7xpEyf']
Becky G	Sean Paul	1	['3soOPBuMK8YMdWnV7xpEyf']
David Guetta	Sean Paul	1	['3soOPBuMK8YMdWnV7xpEyf']
Kendrick Lamar	Zacari	1	['6PGoSes0D9eUDeeAafB2As']
Landon Cube	Lil Skies	1	['2u7mxWSeoqTXndK5e08jMp']
Ariana Grande	Missy Elliott	1	['4b7mLZQWsy0rLnrMtPA9fQ']
Kygo	Miguel	1	['6xTU6B6nFwKKTSZ9ySXS80']
Meek Mill	Tory Lanez	1	['6SPYOjTjqvidDI24Hy9lwX']
Chantel Jeffries	Offset	1	['50phRe11Y2nC2N968jVU53']
Chantel Jeffries	Vory	1	['50phRe11Y2nC2N968jVU53']
Offset	Vory	1	['50phRe11Y2nC2N968jVU53']
Fredo	GRM Daily	1	['5BhRfzO3MokDQVJUKurRTV']
Fredo	Not3s	1	['5BhRfzO3MokDQVJUKurRTV']
GRM Daily	Not3s	1	['5BhRfzO3MokDQVJUKurRTV']
Diplo	Ellie Goulding	1	['5JEx7HbmvHQQswJCsoo9rA']
Diplo	Swae Lee	1	['5JEx7HbmvHQQswJCsoo9rA']
Ellie Goulding	Swae Lee	1	['5JEx7HbmvHQQswJCsoo9rA']
David Guetta	Jamie Scott	1	['0OlnLZY4cmQzT6ZGttvWBM']
David Guetta	Romy Dya	1	['0OlnLZY4cmQzT6ZGttvWBM']
Jamie Scott	Martin Garrix	1	['0OlnLZY4cmQzT6ZGttvWBM']
Jamie Scott	Romy Dya	1	['0OlnLZY4cmQzT6ZGttvWBM']
Martin Garrix	Romy Dya	1	['0OlnLZY4cmQzT6ZGttvWBM']
Jess Glynne	Yungen	1	['4qQj5RXJk7zaz5EUIgs5y1']
J Styles	Nines	1	['4GgwF7YGBVf7gaNUcNk9e1']
Elley Duhé	Zedd	1	['4keoy2fqgwGnbWlm3ZVZFa']
Camila Cabello	Pharrell Williams	1	['6XlSyYFTU1nodeWwwzVgTV']
Logic	Wiz Khalifa	1	['0jqBo5RYn008f4ZY8kPewW']
Kojo Funds	Yxng Bane	1	['1nSQkkzQvanTiThhG7bHlG']
Jax Jones	RAYE	1	['00lNx0OcTJrS3MKHcB80HY']
KAMILLE	Little Mix	1	['7KfHeaOXXwaUZAYHIRgWIi']
Lil Wayne	Sosamann	1	['3JX0dOCIAiaR8MP3ryXWuM']
21 Savage	Migos	1	['4BHzHISX21PYwGXiBEUQ70']
J Hus	MIST	1	['0RIMrAUyLGBF7zAPdvgE73']
J Hus	MoStack	1	['0RIMrAUyLGBF7zAPdvgE73']
Andrez Babii	Judah	1	['14boA065HMHWvqyPPEeN4y']
Andrez Babii	Rio Santana	1	['14boA065HMHWvqyPPEeN4y']
Andrez Babii	XXXTENTACION	1	['14boA065HMHWvqyPPEeN4y']
Judah	Rio Santana	1	['14boA065HMHWvqyPPEeN4y']
Judah	XXXTENTACION	1	['14boA065HMHWvqyPPEeN4y']
Rio Santana	XXXTENTACION	1	['14boA065HMHWvqyPPEeN4y']
Idina Menzel	Michael Bublé	1	['0Ie5uiv54KgCr7P4sYDTHl']
PnB Rock	XXXTENTACION	1	['6rAGFgcGtlIdYxlhDizXNo']
Kendrick Lamar	Rich The Kid	1	['4pYZLpX23Vx8rwDpJCpPTA']
Lil Wayne	Swizz Beatz	1	['3wScL5W8H40zzCKN0atfBk']
Diplo	Dua Lipa	1	['5N4erncE7kuUccm7zEmwzk']
Diplo	Mark Ronson	1	['5N4erncE7kuUccm7zEmwzk']
Diplo	Silk City	1	['5N4erncE7kuUccm7zEmwzk']
Dua Lipa	Mark Ronson	1	['5N4erncE7kuUccm7zEmwzk']
Dua Lipa	Silk City	1	['5N4erncE7kuUccm7zEmwzk']
Mark Ronson	Silk City	1	['5N4erncE7kuUccm7zEmwzk']
French Montana	Stefflon Don	1	['2VoJe7vkKkigs7C3CGnSXL']
Beyoncé	Ed Sheeran	1	['1bhUWB0zJMIKr9yVPrkEuI']
Jonas Blue	William Singe	1	['0NiXXAI876aGImAd6rTj8w']
Beyoncé	Eminem	1	['5PIBgH1cUFwu5IiUk9tnN9']
Julia Michaels	Lauv	1	['2hnxrRNzF74mdDzpQZQukQ']
Joey Bada$$	XXXTENTACION	1	['7J2gyNghNTzl4EsLhXp01Q']
Bad Bunny	Cardi B	1	['58q2HKrzhC3ozto2nDdN4z']
Bad Bunny	J Balvin	1	['58q2HKrzhC3ozto2nDdN4z']
Cardi B	J Balvin	1	['58q2HKrzhC3ozto2nDdN4z']
Lil Wayne	Reginae Carter	1	['05r1GGg1Rhs0RcUg27C82a']
D-Block Europe	Rich The Kid	1	['5131MJFq3tQTIzwMvSkoun']
D-Block Europe	The Plug	1	['5131MJFq3tQTIzwMvSkoun']
Rich The Kid	The Plug	1	['5131MJFq3tQTIzwMvSkoun']
Timbaland	ZAYN	1	['7jhlKPpAUqgV1m6AOTO19U']
Big Sean	Migos	1	['2KokOIKdw4zZutDil85Ugh']
Big Sean	Travis Scott	1	['2KokOIKdw4zZutDil85Ugh']
Big Sean	Ty Dolla $ign	1	['2KokOIKdw4zZutDil85Ugh']
Migos	Travis Scott	1	['2KokOIKdw4zZutDil85Ugh']
Migos	Ty Dolla $ign	1	['2KokOIKdw4zZutDil85Ugh']
Travis Scott	Ty Dolla $ign	1	['2KokOIKdw4zZutDil85Ugh']
Jessie Ware	MIST	1	['3xW4CIDbiPGhhBCsAGlGhQ']
Krept & Konan	Loski	1	['1mmlrSHlrjND2rr5ppL8ah']
Krept & Konan	ZieZie	1	['1mmlrSHlrjND2rr5ppL8ah']
Krept & Konan	iLL BLU	1	['1mmlrSHlrjND2rr5ppL8ah']
Loski	ZieZie	1	['1mmlrSHlrjND2rr5ppL8ah']
Loski	iLL BLU	1	['1mmlrSHlrjND2rr5ppL8ah']
ZieZie	iLL BLU	1	['1mmlrSHlrjND2rr5ppL8ah']
Clean Bandit	Ellie Goulding	1	['3WDIhWoRWVcaHdRwMEHkkS']
Dyo	NEIKED	1	['3AsAuGTaDQzavZZThyYlop']
Loud Luxury	anders	1	['15fZrZhdK0g1BS9sDeW6sD']
Kanye West	Lil Uzi Vert	1	['3DoBTwfr8yi2LN08SBpFkN']
Kanye West	Travis Scott	1	['3DoBTwfr8yi2LN08SBpFkN']
Lil Uzi Vert	Travis Scott	1	['3DoBTwfr8yi2LN08SBpFkN']
B. Swanson Quartet	Frank Sinatra	1	['7inXu0Eaeg02VsM8kHNvzM']
J Balvin	Liam Payne	1	['0Y4hwUppbGc8aIBmiTz30A']
David Bowie	Queen	1	['2fuCquhmrzHpu5xcA1ci9x']
Cardi B	SZA	1	['1f5PNhkNgUpvDEeZfcIlO1']
MAX	Ty Dolla $ign	1	['469YIE4l6dLgsEIXRqeFSa']
Bryson Tiller	DJ Khaled	1	['1OAh8uOEOvTDqkKFsKksCi']
Bryson Tiller	Rihanna	1	['1OAh8uOEOvTDqkKFsKksCi']
DJ Khaled	Rihanna	1	['1OAh8uOEOvTDqkKFsKksCi']
Dua Lipa	Martin Garrix	1	['3ebXMykcMXOcLeJ9xZ17XH']
BloodPop®	John Legend	1	['7gevvAspxft2qQmcvJjNBH']
Amelia Monét	EO	1	['4O2Ik3niDOidE9C47QB3GX']
Avicii	Billy Raffoul	1	['12ip0ceCeszDTDFxDY1AXJ']
Cheat Codes	Little Mix	1	['54l9GJGQ1UCFKe2tzt1Vxt']
Nicki Minaj	ZAYN	1	['49ATdDBSasXb6wsHdrB2xQ']
ALMA	Charli XCX	1	['2khkbmL11VFqKGMrcGIJB3']
ALMA	Tove Lo	1	['2khkbmL11VFqKGMrcGIJB3']
Charli XCX	Tove Lo	1	['2khkbmL11VFqKGMrcGIJB3']
Becky Hill	Jonas Blue	1	['4M8x1TR36VMQMFMbGCdoyA']
Becky Hill	MK	1	['4M8x1TR36VMQMFMbGCdoyA']
Jonas Blue	MK	1	['4M8x1TR36VMQMFMbGCdoyA']
070 Shake	Diddy	1	['5FYu8uBB6E11mepU601601']
070 Shake	Nas	1	['5FYu8uBB6E11mepU601601']
Diddy	Nas	1	['5FYu8uBB6E11mepU601601']
Ryan Riback	Starley	1	['78rIJddV4X0HkNAInEcYde']
Nines	SL	1	['2nLqea9qjjLm5kGew6Z7GS']
Nines	Tiggs Da Author	1	['2nLqea9qjjLm5kGew6Z7GS']
Nines	Yung Fume	1	['2nLqea9qjjLm5kGew6Z7GS']
SL	Tiggs Da Author	1	['2nLqea9qjjLm5kGew6Z7GS']
SL	Yung Fume	1	['2nLqea9qjjLm5kGew6Z7GS']
Tiggs Da Author	Yung Fume	1	['2nLqea9qjjLm5kGew6Z7GS']
Logic	Young Sinatra	1	['3W4JFzOQdo5J2Wgt9DFg24']
Eminem	Labrinth	1	['38TgLPNHsPzgqri5G4SPun']
Eminem	Nicki Minaj	1	['38TgLPNHsPzgqri5G4SPun']
Labrinth	Nicki Minaj	1	['38TgLPNHsPzgqri5G4SPun']
Michael Bublé	The Puppini Sisters	1	['4qBejt9FeqLI9blHI1Nq1x']
Offset	Tyga	1	['5IaHrVsrferBYDm0bDyABy']
Avicii	Tim Berg	1	['6J7ZSdEEYo3ns4gnHdwRL0']
Dan Caplen	Jess Glynne	1	['5CLGzJsGqhCEECcpnFQA8x']
Dan Caplen	Macklemore	1	['5CLGzJsGqhCEECcpnFQA8x']
Dan Caplen	Rudimental	1	['5CLGzJsGqhCEECcpnFQA8x']
Jess Glynne	Macklemore	1	['5CLGzJsGqhCEECcpnFQA8x']
Jess Glynne	Rudimental	1	['5CLGzJsGqhCEECcpnFQA8x']
Macklemore	Rudimental	1	['5CLGzJsGqhCEECcpnFQA8x']
Anne-Marie	Marshmello	1	['08bNPGLD8AhKpnnERrAc6G']
Anne-Marie	Major Lazer	1	['3D1rlKmZdpYUeMtRRLNawc']
Anne-Marie	Mr Eazi	1	['3D1rlKmZdpYUeMtRRLNawc']
Anne-Marie	Rudimental	1	['3D1rlKmZdpYUeMtRRLNawc']
Major Lazer	Mr Eazi	1	['3D1rlKmZdpYUeMtRRLNawc']
Major Lazer	Rudimental	1	['3D1rlKmZdpYUeMtRRLNawc']
Mr Eazi	Rudimental	1	['3D1rlKmZdpYUeMtRRLNawc']
Chance the Rapper	Lil Wayne	1	['3DXncPQOG4VBw3QHh3S817']
DJ Khaled	Lil Wayne	1	['3DXncPQOG4VBw3QHh3S817']
Justin Bieber	Lil Wayne	1	['3DXncPQOG4VBw3QHh3S817']
Lil Wayne	Quavo	1	['3DXncPQOG4VBw3QHh3S817']
Brett Eldredge	Meghan Trainor	1	['5Q2P43CJra0uRAogjHyJDK']
Calvin Harris	Jessie Reyez	1	['5N5k9nd479b1xpDZ4usjrg']
Calvin Harris	Sam Smith	1	['5N5k9nd479b1xpDZ4usjrg']
Jessie Reyez	Sam Smith	1	['5N5k9nd479b1xpDZ4usjrg']
J Balvin	Nicky Jam	1	['39N9RPD9MRb5WmoLzNzPeA']
French Montana	Jason Derulo	1	['2z4pcBLQXF2BXKFvd0BuB6']
21 Savage	Quavo	1	['3edzl4zvKFi0D3iuF6cs2f']
Jorja Smith	Stormzy	1	['2tpYmda4mM7XFvpbhOfERH']
Bebe Rexha	David Guetta	1	['0YammaEkYSeo9vQYZ1OwS6']
Bebe Rexha	J Balvin	1	['0YammaEkYSeo9vQYZ1OwS6']
David Guetta	J Balvin	1	['0YammaEkYSeo9vQYZ1OwS6']
Alexa Davies	Celia Imrie	1	['1WOBzx0R3hyphrI1AUv4Zu']
Celia Imrie	Jessica Keenan Wynn	1	['1WOBzx0R3hyphrI1AUv4Zu']
Celia Imrie	Lily James	1	['1WOBzx0R3hyphrI1AUv4Zu']
Kodak Black	XXXTENTACION	1	['40oKW22ZNNkEdZLJTScaQI']
Demi Lovato	Luis Fonsi	1	['1zsG4eaZmkA1dvjDDsAGLK']
Avicii	Sandro Cavazza	1	['6WbADFqMvR8N5u0BvtsWQE']
Kendrick Lamar	Lil Wayne	1	['0dbTQYW3Ad1FTzIA9t90E8']
Marvin Gaye	Tammi Terrell	1	['2H3ZUSE54pST4ubRd5FzFR']
Chip	Not3s	1	['38xW706M5Qluex4kivcVWY']
Dave	J Hus	1	['4YLzVD32aMH4qgSsSPtNbl']
Bazzi	Camila Cabello	1	['4VUwkH455At9kENOfzTqmF']
Avelino	Not3s	1	['68YYKjdbD8VfGHPhXZaPsB']
Chip	SL	1	['0sHu2d3Pd8EzZXBczp5p93']
Drake	N.E.R.D	1	['739vCwA3EpBSkk3uDsI2wB']
Drake	Rihanna	1	['739vCwA3EpBSkk3uDsI2wB']
N.E.R.D	Rihanna	1	['739vCwA3EpBSkk3uDsI2wB']
Kanye West	Nicki Minaj	1	['1oJ8EDr2pv94IvSd6ZmDgo']
Arlissa	Jonas Blue	1	['1bfPwJtmZdqv6MPY5Wr7eH']
6LACK	J. Cole	1	['4at3d5QWnlibMVN75ECDrp']
CamelPhat	Cristoph	1	['6TR0FGw4zhlGbQALN065AI']
CamelPhat	Jem Cooke	1	['6TR0FGw4zhlGbQALN065AI']
Cristoph	Jem Cooke	1	['6TR0FGw4zhlGbQALN065AI']
BTS	Nicki Minaj	1	['03iCbZaM4OkRR4We6wIzvx']
Babes Wodumo	Zacari	1	['76iVOVsliCHlWqKuDnCfhE']
Jason Derulo	Ty Dolla $ign	1	['6kex4EBAj0WHXDKZMEJaaF']
Nicki Minaj	Ty Dolla $ign	1	['6kex4EBAj0WHXDKZMEJaaF']
Conor Maynard	Kris Kross Amsterdam	1	['3DGar7krWlmrXRFHBcQF6z']
Conor Maynard	The Boy Next Door	1	['3DGar7krWlmrXRFHBcQF6z']
Kris Kross Amsterdam	The Boy Next Door	1	['3DGar7krWlmrXRFHBcQF6z']
Drake	Meek Mill	1	['2IRZnDFmlqMuOrYOLnZZyc']
John Lennon	The Harlem Community Choir	1	['3zJw3rugfpVrmBeDDnUYzy']
John Lennon	The Plastic Ono Band	1	['3zJw3rugfpVrmBeDDnUYzy']
John Lennon	Yoko Ono	1	['3zJw3rugfpVrmBeDDnUYzy']
The Harlem Community Choir	The Plastic Ono Band	1	['3zJw3rugfpVrmBeDDnUYzy']
The Harlem Community Choir	Yoko Ono	1	['3zJw3rugfpVrmBeDDnUYzy']
The Plastic Ono Band	Yoko Ono	1	['3zJw3rugfpVrmBeDDnUYzy']
AlunaGeorge	Shakka	1	['1keIwLlHg0VZhoQQiTb0Xi']
First Aid Kit	George Ezra	1	['1bYW7P6Uk83IJU61eozUfE']
Calvin Harris	Frank Ocean	1	['7tr2za8SQg2CI8EDgrdtNl']
Calvin Harris	Migos	1	['7tr2za8SQg2CI8EDgrdtNl']
Frank Ocean	Migos	1	['7tr2za8SQg2CI8EDgrdtNl']
Drake	Gunna	1	['6wWaVoUOzLQJHd3bWAUpdZ']
Alessia Cara	Khalid	1	['5tz69p7tJuGPeMGwNTxYuV']
Alessia Cara	Logic	1	['5tz69p7tJuGPeMGwNTxYuV']
Khalid	Logic	1	['5tz69p7tJuGPeMGwNTxYuV']
Anderson .Paak	Kendrick Lamar	1	['1gnwGVoG7V08vMX3hyr90x']
James Arthur	Juicy J	1	['3ZbJMlEL4Kcme0ONRO7Slx']
James Arthur	Marshmello	1	['3ZbJMlEL4Kcme0ONRO7Slx']
Juicy J	Marshmello	1	['3ZbJMlEL4Kcme0ONRO7Slx']
Mike Posner	Seeb	1	['17Fd6Yb7mSbinKG8LoWfFl']
Hailee Steinfeld	MNEK	1	['7haQE5nOcxwk0HXahP0aV3']
GoldLink	Tom Misch	1	['4A7DUET5H4f7dJkUhjfVFB']
AJ Tracey	ASCO	1	['7AnniUuXOgiVCRzdLEnm5c']
AJ Tracey	Avelino	1	['7AnniUuXOgiVCRzdLEnm5c']
AJ Tracey	GRM Daily	1	['7AnniUuXOgiVCRzdLEnm5c']
AJ Tracey	Loski	1	['7AnniUuXOgiVCRzdLEnm5c']
AJ Tracey	Skrapz	1	['7AnniUuXOgiVCRzdLEnm5c']
ASCO	Avelino	1	['7AnniUuXOgiVCRzdLEnm5c']
ASCO	GRM Daily	1	['7AnniUuXOgiVCRzdLEnm5c']
ASCO	Loski	1	['7AnniUuXOgiVCRzdLEnm5c']
ASCO	Skrapz	1	['7AnniUuXOgiVCRzdLEnm5c']
Avelino	GRM Daily	1	['7AnniUuXOgiVCRzdLEnm5c']
Avelino	Loski	1	['7AnniUuXOgiVCRzdLEnm5c']
Avelino	Skrapz	1	['7AnniUuXOgiVCRzdLEnm5c']
GRM Daily	Loski	1	['7AnniUuXOgiVCRzdLEnm5c']
GRM Daily	Skrapz	1	['7AnniUuXOgiVCRzdLEnm5c']
Loski	Skrapz	1	['7AnniUuXOgiVCRzdLEnm5c']
Dalton Harris	James Arthur	1	['1btYqMyo7cj4rDdn0G47bg']
6ix9ine	Lil Baby	1	['4m5Cd9kAbIxg6t9sMrQWtk']
Sigala	The Vamps	1	['59D6pNWyn8UXPpos5fbAqm']
Professor Green	Rag'n'Bone Man	1	['1zKlT4kCuHmIj10cr0ZryI']
Clean Bandit	Julia Michaels	1	['2xmrfQpmS2iJExTlklLoAL']
Kanye West	Travis Barker	1	['0T6RSXxFhW8dRTWHI604ld']
Kanye West	XXXTENTACION	1	['0T6RSXxFhW8dRTWHI604ld']
Travis Barker	XXXTENTACION	1	['0T6RSXxFhW8dRTWHI604ld']
Mr Eazi	RAYE	1	['5STWwZgJ5gHzXdOsZ1hTqH']
Anne-Marie	Clean Bandit	1	['5knuzwU65gJK7IF5yJsuaW']
Anne-Marie	Sean Paul	1	['5knuzwU65gJK7IF5yJsuaW']
Clean Bandit	Sean Paul	1	['5knuzwU65gJK7IF5yJsuaW']
Alan Walker	Digital Farm Animals	1	['5yFSF6qQA1rcLsQRnBsZgb']
Alan Walker	Juliander	1	['5yFSF6qQA1rcLsQRnBsZgb']
Alan Walker	Noah Cyrus	1	['5yFSF6qQA1rcLsQRnBsZgb']
Digital Farm Animals	Juliander	1	['5yFSF6qQA1rcLsQRnBsZgb']
Digital Farm Animals	Noah Cyrus	1	['5yFSF6qQA1rcLsQRnBsZgb']
Juliander	Noah Cyrus	1	['5yFSF6qQA1rcLsQRnBsZgb']
Metro Boomin	Swae Lee	1	['6osMzmRHCVETbZMHceLRmh']
Swae Lee	Travis Scott	1	['6osMzmRHCVETbZMHceLRmh']
Imagine Dragons	Kygo	1	['0kHyKhJMukHEPfeh8s7rdM']
Kojo Funds	RAYE	1	['4i8ObH2xPP4DSNniUJlgar']
G-Eazy	Post Malone	1	['688QpQAwqsLdBR6lr13wK1']
G-Eazy	YG	1	['688QpQAwqsLdBR6lr13wK1']
Post Malone	YG	1	['688QpQAwqsLdBR6lr13wK1']
Charli XCX	Troye Sivan	1	['05mAIVLkIWc2d1UBYZBCp8']
Calvin Harris	PARTYNEXTDOOR	1	['2rYyq0b3XWwmWl0k727OVG']
Banx & Ranx	Ella Eyre	1	['1HagMz5nWk1HmevNCBOxF3']
Banx & Ranx	Yxng Bane	1	['1HagMz5nWk1HmevNCBOxF3']
Ella Eyre	Yxng Bane	1	['1HagMz5nWk1HmevNCBOxF3']
Diplo	French Montana	1	['5mqzhMuUpvnMfwNz6iepmO']
Diplo	Lil Pump	1	['5mqzhMuUpvnMfwNz6iepmO']
Diplo	Zhavia Ward	1	['5mqzhMuUpvnMfwNz6iepmO']
French Montana	Lil Pump	1	['5mqzhMuUpvnMfwNz6iepmO']
French Montana	Zhavia Ward	1	['5mqzhMuUpvnMfwNz6iepmO']
Lil Pump	Zhavia Ward	1	['5mqzhMuUpvnMfwNz6iepmO']
Mark Ronson	Miley Cyrus	1	['27rdGxbavYJeBphck5MZAF']
Alesso	Florida Georgia Line	1	['5AEtlRudpgdT5FtNiuly6Y']
Alesso	Hailee Steinfeld	1	['5AEtlRudpgdT5FtNiuly6Y']
Alesso	watt	1	['5AEtlRudpgdT5FtNiuly6Y']
Florida Georgia Line	Hailee Steinfeld	1	['5AEtlRudpgdT5FtNiuly6Y']
Florida Georgia Line	watt	1	['5AEtlRudpgdT5FtNiuly6Y']
Hailee Steinfeld	watt	1	['5AEtlRudpgdT5FtNiuly6Y']
6LACK	Khalid	1	['6Hgh47WXVKtXN5zGOu0hjI']
6LACK	Ty Dolla $ign	1	['6Hgh47WXVKtXN5zGOu0hjI']
Khalid	Ty Dolla $ign	1	['6Hgh47WXVKtXN5zGOu0hjI']
JAY-Z	Meek Mill	1	['4iQ5gmTAzWfK8JyFC2LBox']
JAY-Z	Rick Ross	1	['4iQ5gmTAzWfK8JyFC2LBox']
Meek Mill	Rick Ross	1	['4iQ5gmTAzWfK8JyFC2LBox']
Calvin Harris	Normani	1	['5xesHO6GLWTrjsKOjAXRmf']
Calvin Harris	WizKid	1	['5xesHO6GLWTrjsKOjAXRmf']
Normani	WizKid	1	['5xesHO6GLWTrjsKOjAXRmf']
Fredo	Yxng Bane	1	['6GvhPVjvqhspuWvnuCkvhF']
Halsey	The Chainsmokers	1	['7BKLCZ1jbUBVqRi2FVlTVw']
Bruno Mars	Gucci Mane	1	['0QIjsbm2fh1cJ45XO9eGqq']
Bruno Mars	Kodak Black	1	['0QIjsbm2fh1cJ45XO9eGqq']
Gucci Mane	Kodak Black	1	['0QIjsbm2fh1cJ45XO9eGqq']
Khalid	Swae Lee	1	['5jyyPsIGM2yqkZN9R3TmvN']
Felix Jaehn	OMI	1	['7vFoFDWqTX0mHzLfrF1Cfy']
Kygo	Sandro Cavazza	1	['14sOS5L36385FJ3OL8hew4']
Koomz	Sneakbo	1	['0IHZweEFocoR53zvPopaRy']
Ariana Grande	Liz Gillies	1	['6YJdPrH3i2POzu7hdHIRrb']
DigDat	K-Trap	1	['52ENZqPXfNJZwobe8r5wqt']
DigDat	Krept & Konan	1	['52ENZqPXfNJZwobe8r5wqt']
K-Trap	Krept & Konan	1	['52ENZqPXfNJZwobe8r5wqt']
Yungen	Yxng Bane	1	['638s8Qi75q1pXjuH86fJX7']
John Williams	Mykola Dmytrovych Leontovych	1	['4tHqQMWSqmL6YjXwsqthDI']
Liam Payne	Rita Ora	1	['5hM6sP0Gh1jD57drszNueC']
Jordan Rakei	Loyle Carner	1	['0KTvHwi5cDdZh86cpZztfu']
Little Mix	Stormzy	1	['02gj0J38nzyO9lNi9mzi3A']
6ix9ine	Tory Lanez	1	['6Gy7rXB6Ku5vIWC7WGWsl3']
6ix9ine	Bobby Shmurda	1	['1jQvUmf16VE9WQCPuK2e8K']
KIDS SEE GHOSTS	Ty Dolla $ign	1	['7GRTrWsP3yo2Fx8umJfA1X']
Fredo	Stay Flee Get Lizzy	1	['0mfEHC4z5a7533o7VNOH2c']
Fredo	Young T & Bugsey	1	['0mfEHC4z5a7533o7VNOH2c']
Stay Flee Get Lizzy	Young T & Bugsey	1	['0mfEHC4z5a7533o7VNOH2c']
A$AP Rocky	Kid Cudi	1	['3oHkMCVJyOcjg5FhfLc2Rq']
A$AP Rocky	T.I.	1	['3oHkMCVJyOcjg5FhfLc2Rq']
Kid Cudi	Moby	1	['3oHkMCVJyOcjg5FhfLc2Rq']
Kid Cudi	T.I.	1	['3oHkMCVJyOcjg5FhfLc2Rq']
Moby	T.I.	1	['3oHkMCVJyOcjg5FhfLc2Rq']
Matt Ox	XXXTENTACION	1	['65u1dHQyQyE4y4aN2eDmMF']
Shawn Mendes	Zedd	1	['575NJxNUVDqwJGdzBrlLbv']
Trippie Redd	XXXTENTACION	1	['7AQim7LbvFVZJE3O8TYgf2']
Gunna	Tory Lanez	1	['6bMIExEulvwM2X6zsuiYwr']
Calvin Harris	SZA	1	['0P6AWOA4LG1XOctzaVu5tt']
Drake	Migos	1	['6n4U3TlzUGhdSFbUUhTvLP']
One Acen	Yungen	1	['289nGFPu0WYPy6Z5gS5YbE']
Lady Gaga	Tony Bennett	1	['6kkJlaBYdyFcwCg67hW40t']
Kendrick Lamar	Travis Scott	1	['5cXg9IQS34FzLVdHhp7hu7']
Blake Shelton	Gwen Stefani	1	['2OQ6a4CfUeYskpTTgyawyJ']
Mitchell Ayres & His Orchestra	Perry Como	1	['2pXpURmn6zC5ZYDMms6fwa']
Mitchell Ayres & His Orchestra	The Fontane Sisters	1	['2pXpURmn6zC5ZYDMms6fwa']
Perry Como	The Fontane Sisters	1	['2pXpURmn6zC5ZYDMms6fwa']
Anne-Marie	James Arthur	1	['6mQLN3zRtAp6ovjusyYKrV']
Fuse ODG	Kent Jones	1	['0VoQCaHK0kzgQ6fVtcLChy']
Fuse ODG	Sean Paul	1	['0VoQCaHK0kzgQ6fVtcLChy']
Fuse ODG	Sigala	1	['0VoQCaHK0kzgQ6fVtcLChy']
Kent Jones	Sean Paul	1	['0VoQCaHK0kzgQ6fVtcLChy']
Kent Jones	Sigala	1	['0VoQCaHK0kzgQ6fVtcLChy']
Sean Paul	Sigala	1	['0VoQCaHK0kzgQ6fVtcLChy']
Beyoncé	DJ Khaled	1	['1W6wxOOYyJyyok8fqYSZ3m']
Beyoncé	Future	1	['1W6wxOOYyJyyok8fqYSZ3m']
DJ Khaled	Future	1	['1W6wxOOYyJyyok8fqYSZ3m']
DJ Khaled	JAY-Z	1	['1W6wxOOYyJyyok8fqYSZ3m']
Future	JAY-Z	1	['1W6wxOOYyJyyok8fqYSZ3m']
CNCO	Little Mix	1	['5PB8zB1MOZASboLquvinMF']
Empress Of	Khalid	1	['4AhSkRYioEIfGvCV19peYN']
Eminem	Joyner Lucas	1	['60SdxE8apGAxMiRrpbmLY0']
Logic	Ryan Tedder	1	['6e2PtJYcltVk76nLwxBzRn']
Calvin Harris	Dua Lipa	1	['7ef4DlsgrMEH11cDZd32M6']
Lil Peep	Marshmello	1	['6VrCmhRBFnuGKmtNfk4jDs']
Dave	Nines	1	['0o9DbFRMsKnQ3AC0wQCk8a']
BlocBoy JB	Drake	1	['4qKcDkK6siZ7Jp1Jb4m0aL']
KIDS SEE GHOSTS	Louis Prima	1	['6JyEh4kl9DLwmSAoNDRn5b']
Austyn Johnson	Cameron Seely	1	['66y7x28jXOPrcmu3D5Zjh6']
Austyn Johnson	Hugh Jackman	1	['66y7x28jXOPrcmu3D5Zjh6']
Cameron Seely	Hugh Jackman	1	['66y7x28jXOPrcmu3D5Zjh6']
Estelle	Kanye West	1	['22UDw8rSfLbUsaAGTXQ4Z8']
Drake	JAY-Z	1	['3Yw09dj3cTXsAzlLjgBfIP']
Big Sean	Calvin Harris	1	['5bcTCxgc7xVfSaMV3RuVke']
Big Sean	Katy Perry	1	['5bcTCxgc7xVfSaMV3RuVke']
Big Sean	Pharrell Williams	1	['5bcTCxgc7xVfSaMV3RuVke']
Calvin Harris	Katy Perry	1	['5bcTCxgc7xVfSaMV3RuVke']
Calvin Harris	Pharrell Williams	1	['5bcTCxgc7xVfSaMV3RuVke']
Katy Perry	Pharrell Williams	1	['5bcTCxgc7xVfSaMV3RuVke']
Fuse ODG	Major Lazer	1	['0L7loeTIg6akW84aEQZpCT']
Fuse ODG	Nyla	1	['0L7loeTIg6akW84aEQZpCT']
Major Lazer	Nyla	1	['0L7loeTIg6akW84aEQZpCT']
Big Sean	Logic	1	['5KVciTEfXvpcFHR3RFbtJy']
Dr. Dre	Snoop Dogg	1	['6ltPEsP4edATzvinHOzvk2']
Drake	Quavo	1	['1rlIrbWboTRGeKfHhgbJRZ']
Michael Bublé	Shania Twain	1	['2gbCG4Rt9984UZ7Tc0dIFd']
Bebe Rexha	Cardi B	1	['1YNQscOx6OqBQjxgJVhEeW']
Bebe Rexha	Charli XCX	1	['1YNQscOx6OqBQjxgJVhEeW']
Bebe Rexha	Rita Ora	1	['1YNQscOx6OqBQjxgJVhEeW']
Cardi B	Charli XCX	1	['1YNQscOx6OqBQjxgJVhEeW']
Cardi B	Rita Ora	1	['1YNQscOx6OqBQjxgJVhEeW']
Charli XCX	Rita Ora	1	['1YNQscOx6OqBQjxgJVhEeW']
Jess Glynne	Years & Years	1	['2LHW4yz6klTPujnMZR9nNu']
Elley Duhé	Gryffin	1	['4QVS8YCpK71R4FsxSMCjhP']
Ed Sheeran	Fuse ODG	1	['03EcqaAMg58r10dgbl0o6y']
Ed Sheeran	Mugeez	1	['03EcqaAMg58r10dgbl0o6y']
Fuse ODG	Mugeez	1	['03EcqaAMg58r10dgbl0o6y']
Avicii	Nicky Romero	1	['2bNrvWD9d5Zn9tS8XvcaMk']
MoStack	Mr Eazi	1	['5vySkXA0v40CDwofIvhc1Y']
MoStack	Not3s	1	['5vySkXA0v40CDwofIvhc1Y']
MoStack	Steel Banglez	1	['5vySkXA0v40CDwofIvhc1Y']
MoStack	Yungen	1	['5vySkXA0v40CDwofIvhc1Y']
Mr Eazi	Not3s	1	['5vySkXA0v40CDwofIvhc1Y']
Mr Eazi	Steel Banglez	1	['5vySkXA0v40CDwofIvhc1Y']
Mr Eazi	Yungen	1	['5vySkXA0v40CDwofIvhc1Y']
Not3s	Steel Banglez	1	['5vySkXA0v40CDwofIvhc1Y']
Not3s	Yungen	1	['5vySkXA0v40CDwofIvhc1Y']
Steel Banglez	Yungen	1	['5vySkXA0v40CDwofIvhc1Y']
Sia	ZAYN	1	['1j4kHkkpqZRBwE0A4CN4Yv']
French Montana	Swae Lee	1	['3B54sVLJ402zGa6Xm4YGNe']
Bruno Mars	Cardi B	1	['3Vo4wInECJQuz9BIBMOu8i']
Kanye West	Nas	1	['1vi9adPJiD4d22ybGp25hy']
Lil Pump	Maluma	1	['2LskIZrCeLxRvCiGP8gxlh']
Lil Pump	Swae Lee	1	['2LskIZrCeLxRvCiGP8gxlh']
Lil Pump	XXXTENTACION	1	['2LskIZrCeLxRvCiGP8gxlh']
Maluma	Swae Lee	1	['2LskIZrCeLxRvCiGP8gxlh']
Maluma	XXXTENTACION	1	['2LskIZrCeLxRvCiGP8gxlh']
Swae Lee	XXXTENTACION	1	['2LskIZrCeLxRvCiGP8gxlh']
Clean Bandit	Zara Larsson	1	['1x5sYLZiu9r5E43kMlt9f8']
Chris Brown	Lil Dicky	1	['10Igtw8bSDyyFs7KIsKngZ']
Crazy Cousinz	M.O	1	['5CuMr1KC8oMHIBbyduLqI5']
Crazy Cousinz	Yungen	1	['5CuMr1KC8oMHIBbyduLqI5']
M.O	Yungen	1	['5CuMr1KC8oMHIBbyduLqI5']
Gunna	M Huncho	1	['0trjvNuATk3tEwIpXRr16m']
Gunna	Nafe Smallz	1	['0trjvNuATk3tEwIpXRr16m']
Gunna	The Plug	1	['0trjvNuATk3tEwIpXRr16m']
M Huncho	Nafe Smallz	1	['0trjvNuATk3tEwIpXRr16m']
M Huncho	The Plug	1	['0trjvNuATk3tEwIpXRr16m']
Nafe Smallz	The Plug	1	['0trjvNuATk3tEwIpXRr16m']
De La Ghetto	Jason Derulo	1	['4QtiVmuA88tPQiCOHZuQ5b']
De La Ghetto	Sofia Reyes	1	['4QtiVmuA88tPQiCOHZuQ5b']
Jason Derulo	Sofia Reyes	1	['4QtiVmuA88tPQiCOHZuQ5b']
Katy Perry	Nicki Minaj	1	['2kVHAQKVtczchKctctzbtK']
David Guetta	Jason Derulo	1	['5Xn4IyTtW6FUGIUyWjbUHG']
David Guetta	Nicki Minaj	1	['5Xn4IyTtW6FUGIUyWjbUHG']
David Guetta	Willy William	1	['5Xn4IyTtW6FUGIUyWjbUHG']
Jason Derulo	Willy William	1	['5Xn4IyTtW6FUGIUyWjbUHG']
Nicki Minaj	Willy William	1	['5Xn4IyTtW6FUGIUyWjbUHG']
Lil Yachty	Trippie Redd	1	['6tarvNiKnEjYMj1VZhlDqR']
KIDS SEE GHOSTS	Pusha T	1	['3aUFrxO1B8EW63QchEl3wX']
Larry Walsh	Mark Linett	1	['5xlS0QkVrSH7ssEbBgBzbM']
Larry Walsh	Sweet	1	['5xlS0QkVrSH7ssEbBgBzbM']
Larry Walsh	The Beach Boys	1	['5xlS0QkVrSH7ssEbBgBzbM']
Mark Linett	Sweet	1	['5xlS0QkVrSH7ssEbBgBzbM']
Mark Linett	The Beach Boys	1	['5xlS0QkVrSH7ssEbBgBzbM']
Sweet	The Beach Boys	1	['5xlS0QkVrSH7ssEbBgBzbM']
Geko	Not3s	1	['6zBJkx4SUFDAfoHMpcLSkd']
Dave	MoStack	1	['4USHZ3omhEBGjHLD9BIJYs']
Ab-Soul	Anderson .Paak	1	['4KXwFI9pgJLpUIAc9oSL8j']
Ab-Soul	James Blake	1	['4KXwFI9pgJLpUIAc9oSL8j']
Anderson .Paak	James Blake	1	['4KXwFI9pgJLpUIAc9oSL8j']
Ariana Grande	Pharrell Williams	1	['4mLkiFppf8Xvem6BSY34qw']
Bastille	Marshmello	1	['2dpaYNEQHiRxtZbfNsse99']
Chip	M.O	1	['0W62hhso3n2u9mq7g2D6Hn']
Cardi B	Chance the Rapper	1	['00B7TZ0Xawar6NZ00JFomN']
Dave	Fredo	1	['01IQ4aQgOf0Kkq3a273hmO']
Dzeko	Post Malone	1	['4kWO6O1BUXcZmaxitpVUwp']
Dzeko	Preme	1	['4kWO6O1BUXcZmaxitpVUwp']
Dzeko	Tiësto	1	['4kWO6O1BUXcZmaxitpVUwp']
Post Malone	Preme	1	['4kWO6O1BUXcZmaxitpVUwp']
Post Malone	Tiësto	1	['4kWO6O1BUXcZmaxitpVUwp']
Preme	Tiësto	1	['4kWO6O1BUXcZmaxitpVUwp']
Metro Boomin	Offset	1	['7sO5G9EABYOXQKNPNiE9NR']
NAV	Travis Scott	1	['6nO3tr47nr2P7f3hXb8JIo']
BloodPop®	Hailee Steinfeld	1	['3towKHKVOXCCcL1fHv6xFO']
Cadet	Deno	1	['1fp2uoWXPca3mIdxRHIgQm']
Kendrick Lamar	The Weeknd	1	['4ofvoCdXq99vpMZO4Cfp8x']
Lil Wayne	Travis Scott	1	['0CBQ0m3mufWH75LTYB3s6h']
Nines	RAY BLK	1	['06MgGAD2MaQXM30tce3BbR']
Nines	Skrapz	1	['06MgGAD2MaQXM30tce3BbR']
RAY BLK	Skrapz	1	['06MgGAD2MaQXM30tce3BbR']
Bruno Mars	Mark Ronson	1	['32OlwWuMpZ6b0aN2RZOeMS']
Kygo	OneRepublic	1	['5gIRPQWULwrvIt0F6pY7ph']
Hozier	Mavis Staples	1	['7wR5r0KYGXBpyWXCdyYs3F']
Logic	OneRepublic	1	['1Nj2oBISdFDSF8eDuXcALz']
Blackstreet	Dr. Dre	1	['6MdqqkQ8sSC0WB4i8PyRuQ']
Blackstreet	Queen Pen	1	['6MdqqkQ8sSC0WB4i8PyRuQ']
Dr. Dre	Queen Pen	1	['6MdqqkQ8sSC0WB4i8PyRuQ']
AJ x Deno	EO	1	['0lstGz2advSx5VqY8olvzt']
Cardi B	DJ Snake	1	['4w8niZpiMy6qz1mntFA5uM']
Cardi B	Ozuna	1	['4w8niZpiMy6qz1mntFA5uM']
Cardi B	Selena Gomez	1	['4w8niZpiMy6qz1mntFA5uM']
DJ Snake	Ozuna	1	['4w8niZpiMy6qz1mntFA5uM']
DJ Snake	Selena Gomez	1	['4w8niZpiMy6qz1mntFA5uM']
Ozuna	Selena Gomez	1	['4w8niZpiMy6qz1mntFA5uM']
Kanye West	Pusha T	1	['5vnuJ8EopkP5dHukpOmT3L']
Migos	Post Malone	1	['3OnOomd79OjqSYHchCQ6ht']
Drake	French Montana	1	['04MLEeAMuV9IlHEsD8vF6A']
Kygo	Selena Gomez	1	['3eR23VReFzcdmS7TYCrhCe']
Lauv	Robin Schulz	1	['7LR2nZOAmgApHf2q3m1WW0']
Juicy J	Rae Sremmurd	1	['2yUbCEiaolfSMluDo9RMmG']
Juicy J	Slim Jxmmi	1	['2yUbCEiaolfSMluDo9RMmG']
Juicy J	Swae Lee	1	['2yUbCEiaolfSMluDo9RMmG']
MØ	Steel Banglez	1	['1p6Sc7zeA9dMIDT1mIpCJ1']
MØ	Yxng Bane	1	['1p6Sc7zeA9dMIDT1mIpCJ1']
Steel Banglez	Yxng Bane	1	['1p6Sc7zeA9dMIDT1mIpCJ1']
AJ Tracey	Not3s	1	['6DMXPshekQJR7uOMj0103y']
