artist_1	artist_2	count	song_ids
Ed Sheeran	Stormzy	5	['2nyTaLu3TTrSS6CAxR3z0b', '4QPEwDdOMhY7rNS05mTyMR', '4iYxrnTvYsTtyphOTqTvkh', '1AI7UPw3fgwAFkvAlZWhE0', '07s9NNOT0sZQp7TyolLLgu']
Post Malone	Swae Lee	4	['7dbka99KTWke5o9hRp0JoB', '0RiRZpuVRbi7oqRdSMwhQY', '3KkXRkHbMCARz0aVfEt68P', '4VqTRBvYg0z8C4nsl4Hupy']
J Balvin	Tyga	4	['1jlnBQGP2DtSEhMgQaz7a7', '6osaMSJh9NguagEDQcZaKx', '1f38Gx6xQz6r4H1jGVNBJo', '1fBXSMOusjaj7GjzErHmUI']
Lil Baby	Meek Mill	3	['0hGH0S74Eoyv6mXZcOKtdQ', '4U6ubKsTd8RBDP5tPPhh7I', '12Fkyg9lpmaz2zmKOfw2Y2']
Aloe Blacc	Avicii	3	['6nDKrPlXdpomGBgAlO7UdP', '2x0RZdkZcD8QRI53XT4GI5', '0n2nEtLP3OzDdi12ziIekx']
Swarmz	Tion Wayne	3	['0vsrvBFFKrkyBWzrKADVkT', '5wIjM4q7oIgiLqn8Qfoyxh', '1AvLAAXMtq7IGi48x9TrD7']
M Huncho	Nafe Smallz	3	['5fLa9OF5eaUOWz81oDqhgg', '3uAN7G71iZl9zN8uxMRpKO', '2sMkhUglKashsCjp76uOB9']
Europa	Jax Jones	3	['11o2y87vqODipLK98a1v34', '3O83h4LS797N23DpweeRAa', '5naYe7rLMZcLfO1DKg48MK']
Europa	Madison Beer	3	['11o2y87vqODipLK98a1v34', '3O83h4LS797N23DpweeRAa', '5naYe7rLMZcLfO1DKg48MK']
Europa	Martin Solveig	3	['11o2y87vqODipLK98a1v34', '3O83h4LS797N23DpweeRAa', '5naYe7rLMZcLfO1DKg48MK']
Jax Jones	Madison Beer	3	['11o2y87vqODipLK98a1v34', '3O83h4LS797N23DpweeRAa', '5naYe7rLMZcLfO1DKg48MK']
Jax Jones	Martin Solveig	3	['11o2y87vqODipLK98a1v34', '3O83h4LS797N23DpweeRAa', '5naYe7rLMZcLfO1DKg48MK']
Madison Beer	Martin Solveig	3	['11o2y87vqODipLK98a1v34', '3O83h4LS797N23DpweeRAa', '5naYe7rLMZcLfO1DKg48MK']
Eminem	Logic	3	['0Lw6aQcBFWTQ9m4MSwwwes', '2MuMD298IpYqKF367wegUd', '7M2tXmeS15NAzEn7ABFeBg']
Juice WRLD	Lil Tecca	3	['5DSfqrLkUHLZ9bW0SS3rVy', '0DZJACISivjWjscIp5Kg1q', '2WsuSYJNXGKXVYkHPnq2yp']
Aitch	Jaykae	3	['2nyTaLu3TTrSS6CAxR3z0b', '0SHe3bDl9wXWh9LSExKWMb', '4iYxrnTvYsTtyphOTqTvkh']
Aitch	Stormzy	3	['3KcSwX6pyUnfJ0YZlcJE7d', '2nyTaLu3TTrSS6CAxR3z0b', '4iYxrnTvYsTtyphOTqTvkh']
5 Seconds of Summer	The Chainsmokers	3	['11cDEev79fPKi6uJCjUhu8', '7ql71hBakyMi0Lxiq3Mugs', '5QiNbIilmMiMBXvaAlf7lN']
Hugh Jackman	The Greatest Showman Ensemble	3	['5xNUR50KxswPRAvx7S163g', '43ay9lQZ5rfNcOOHhRF2cM', '3IkWmgGsXbsafrunwPojXO']
Travis Scott	Young Thug	3	['7DcvwMAiqKJQD1rrdfxSDx', '56AMYGJzxBO6p8v0wEe9de', '3s4mrPrEFFPF0LmAfutW0n']
Travis Barker	YUNGBLUD	3	['4mGdjNMo0RonTlOEb7cYg4', '6bWBLZLBRQEJ5KsLicouNB', '2gTdDMpNxIRFSiu7HutMCg']
DJ Snake	J Balvin	3	['6osaMSJh9NguagEDQcZaKx', '1f38Gx6xQz6r4H1jGVNBJo', '1fBXSMOusjaj7GjzErHmUI']
DJ Snake	Tyga	3	['6osaMSJh9NguagEDQcZaKx', '1f38Gx6xQz6r4H1jGVNBJo', '1fBXSMOusjaj7GjzErHmUI']
Brendon Urie	Taylor Swift	3	['4MsUsFfWseB9M2plGJyuIw', '2Rk4JlNc2TPmZe2af99d45', '4Sib57MmYGJzSvkW84jTwh']
Keala Settle	The Greatest Showman Ensemble	3	['5xNUR50KxswPRAvx7S163g', '43ay9lQZ5rfNcOOHhRF2cM', '2xGjteMU3E1tkEPVFBO08U']
Dappy	Tory Lanez	3	['3zgKEF4I4ILmTTSBvtiRlJ', '6EBrsshL06rKyB33oUKZ7P', '2Gk3n1M2ZMS1a1j6BPTq6G']
Post Malone	Travis Scott	3	['4Yq3XUNfWrAPWuB94qkC09', '0b6UoVjUzFyZNpHI0aAhKt', '7CZyCXKG6d5ALeq41sLzbw']
Goodboys	MEDUZA	3	['1DFD5Fotzgn6yYXkYsKiGs', '7CHi4DtfK4heMlQaudCuHK', '5p1ex0pXv6jSPJ6QbumQpD']
Drake	Rick Ross	3	['1rX5L6pyl3rVWb55D8Cprr', '5ry2OE6R2zPQFDO85XkgRb', '4aPB8rSxGFISs0o6V2LrTy']
Dave	Fredo	3	['01IQ4aQgOf0Kkq3a273hmO', '4jPNeDjE1uqswNYqHyyozA', '01ZIculhpupvh79iH4LSWz']
Offset	Tyga	3	['5IaHrVsrferBYDm0bDyABy', '2toVe5hfuIi97ytDPDbQFt', '0jAfdqv18goRTUxm3ilRjb']
AJ Tracey	Not3s	3	['0LjXPuuttcYpND3IxAFww1', '6DMXPshekQJR7uOMj0103y', '4hGsbyf3p0U5mlJTJwiUTq']
Billy Ray Cyrus	Lil Nas X	3	['6u7jPi22kF8CTQ3rb9DHE7', '2YpeDb67231RjR0MgVLzsG', '6jmZlyf9DxcIoRrjw02YXm']
Nafe Smallz	Tory Lanez	2	['0MET90crciVlxlE07ub7Rn', '5u6o597GcbXH20H3LeVkHP']
Lil Baby	Post Malone	2	['0hGH0S74Eoyv6mXZcOKtdQ', '12Fkyg9lpmaz2zmKOfw2Y2']
Meek Mill	Post Malone	2	['0hGH0S74Eoyv6mXZcOKtdQ', '12Fkyg9lpmaz2zmKOfw2Y2']
James Blake	Metro Boomin	2	['64ydkbrt0xhdJXRaam06Mc', '4cQrSREMqBSvJ8ZzBZjVb8']
James Blake	Travis Scott	2	['64ydkbrt0xhdJXRaam06Mc', '4cQrSREMqBSvJ8ZzBZjVb8']
Metro Boomin	Travis Scott	2	['64ydkbrt0xhdJXRaam06Mc', '4cQrSREMqBSvJ8ZzBZjVb8']
Jax Jones	Years & Years	2	['29R1IMTTbDDA3VNlk6UEW5', '6tgzMDY2f0Qo6sYel0Mil3']
D-Block Europe	Krept & Konan	2	['3GDPQVjCQj1WyJGJhAj53E', '1X6vINQkDMsJNIsn85RZW2']
Krept & Konan	WizKid	2	['2uuAE79hwuYDzEI20wDRpy', '6iWSILyqtCuVXSB9e0woqH']
MoStack	Stormzy	2	['3uAuSelpsppdSCgnSLPn03', '4GwPFO8jSGIsh5udMEfKZ2']
Nafe Smallz	Skepta	2	['3nG784YlxS4VQOF0qiHKVP', '6gRbkI6s0M7zTE9uhRZUjV']
RANI	Sam Feldt	2	['0qc4QlcCxVTGyShurEv1UU', '36orMWv2PgvnzXsd5CJ0yL']
Gunna	Lil Mosey	2	['7iHHxY2NLlJRAmlAmC4ahQ', '5hDAT527wXWNBnJlujhuUs']
Ed Sheeran	Khalid	2	['4evmHXcjt3bTUHD1cvny97', '70eFcWOvlMObDhURTqT4Fv']
Post Malone	SZA	2	['5KE9b4x7Zj2A8XtbkqhqTe', '2leIuE4fdcJoNMSKu5Yr7a']
Juice WRLD	benny blanco	2	['6cjSh516BbrNUs213jDAGm', '1KVczjazCcCCgM3gXXUl47']
Aitch	Ed Sheeran	2	['2nyTaLu3TTrSS6CAxR3z0b', '4iYxrnTvYsTtyphOTqTvkh']
Ed Sheeran	Jaykae	2	['2nyTaLu3TTrSS6CAxR3z0b', '4iYxrnTvYsTtyphOTqTvkh']
Jaykae	Stormzy	2	['2nyTaLu3TTrSS6CAxR3z0b', '4iYxrnTvYsTtyphOTqTvkh']
Da Beatfreakz	Swarmz	2	['0Q8aQ6xUAFOGCd0vR32FPf', '2r7kFZo4Ua517FKCW39fo9']
Digga D	Russ Millions	2	['4wNndJWTgjmPzko0RD0Z9q', '2H3k1TAcWxtdLJ3wSOQng9']
Chris Brown	Drake	2	['6XHVuErjQ4XNm6nDPVCxVX', '7FEwp8BavoEVE3AnxJDchc']
J. Cole	Travis Scott	2	['7DcvwMAiqKJQD1rrdfxSDx', '3s4mrPrEFFPF0LmAfutW0n']
J. Cole	Young Thug	2	['7DcvwMAiqKJQD1rrdfxSDx', '3s4mrPrEFFPF0LmAfutW0n']
Billie Eilish	Khalid	2	['1NJcg626wLln4pGHpiV7mf', '0u2P5u6lvoDfwTYjAADbn4']
Gesaffelstein	The Weeknd	2	['2vXKRlJBXyOcvZYTdNeckS', '7wFybC8jBH3zE139OpCtpG']
Disclosure	Khalid	2	['0rTV5WefWd1J3OwIheTzxM', '6TqXcAFInzjp0bODyvrWEq']
Drake	Summer Walker	2	['0mfCH4nfpshBQR9ueZP5eP', '14SaZBTjxlorHJQxXh01Hu']
9lokknine	YNW Melly	2	['4sjiIpEv617LDXaidKioOI', '29ZXwWOOLz9t5fa3eT3i7T']
MoStack	Steel Banglez	2	['4GnyYF4eMbgYQB7ulg73I9', '78KyOmqWmqLkQcXO1cA7MO']
Burna Boy	Mahalia	2	['5S2TCmPS3UUrG3ZK7NBa7b', '4JSEMSiKPVcIEBQIlmGuI3']
Bruno Mars	Chris Stapleton	2	['6EbduYTr62sSzvl36wWiFM', '7hvO2qCwJVZxiyoA7c9i5d']
Bruno Mars	Ed Sheeran	2	['6EbduYTr62sSzvl36wWiFM', '7hvO2qCwJVZxiyoA7c9i5d']
Chris Stapleton	Ed Sheeran	2	['6EbduYTr62sSzvl36wWiFM', '7hvO2qCwJVZxiyoA7c9i5d']
Russ Millions	Tion Wayne	2	['0mFrbJniEwJcqzq3FQD14s', '5wIjM4q7oIgiLqn8Qfoyxh']
Chris Brown	Tyga	2	['1jlnBQGP2DtSEhMgQaz7a7', '4Q8aDd3H6LF8t4eY7So9O8']
D-Block Europe	Lil Pino	2	['5fLa9OF5eaUOWz81oDqhgg', '7bkzlEJJLmV6wMJIBhYAMi']
Hugh Jackman	Keala Settle	2	['5xNUR50KxswPRAvx7S163g', '43ay9lQZ5rfNcOOHhRF2cM']
Hugh Jackman	Zendaya	2	['5xNUR50KxswPRAvx7S163g', '43ay9lQZ5rfNcOOHhRF2cM']
Keala Settle	Zendaya	2	['5xNUR50KxswPRAvx7S163g', '43ay9lQZ5rfNcOOHhRF2cM']
The Greatest Showman Ensemble	Zendaya	2	['5xNUR50KxswPRAvx7S163g', '43ay9lQZ5rfNcOOHhRF2cM']
Game of Thrones	SZA	2	['4cbdPT6uaBOgOQe3fLMofl', '35RDmXJ59YYGNlv1KfTGsP']
Game of Thrones	The Weeknd	2	['4cbdPT6uaBOgOQe3fLMofl', '35RDmXJ59YYGNlv1KfTGsP']
Game of Thrones	Travis Scott	2	['4cbdPT6uaBOgOQe3fLMofl', '35RDmXJ59YYGNlv1KfTGsP']
SZA	The Weeknd	2	['4cbdPT6uaBOgOQe3fLMofl', '35RDmXJ59YYGNlv1KfTGsP']
SZA	Travis Scott	2	['4cbdPT6uaBOgOQe3fLMofl', '35RDmXJ59YYGNlv1KfTGsP']
The Weeknd	Travis Scott	2	['4cbdPT6uaBOgOQe3fLMofl', '35RDmXJ59YYGNlv1KfTGsP']
Dappy	Deno	2	['1x7oxSp01uKwWT7ljXJADW', '0Q8aQ6xUAFOGCd0vR32FPf']
Mark Ronson	Miley Cyrus	2	['27rdGxbavYJeBphck5MZAF', '02dRkCEc8Q5ch4TTcnLxOn']
T-Pain	Tory Lanez	2	['0mTKJnVf6GcujyDr1PZn0Q', '6JsHgIkMYHcbNtKfsal2Mg']
Ed Sheeran	Yebba	2	['5ug4vqGZ3eisGhY1IsziNX', '0VsGaRXR5WAzpu51unJTis']
Dappy	The Plug	2	['6EBrsshL06rKyB33oUKZ7P', '2Gk3n1M2ZMS1a1j6BPTq6G']
The Plug	Tory Lanez	2	['6EBrsshL06rKyB33oUKZ7P', '2Gk3n1M2ZMS1a1j6BPTq6G']
Fredo	Stay Flee Get Lizzy	2	['0mfEHC4z5a7533o7VNOH2c', '0qQFyJw6mbLyzWSWmx1poL']
Burna Boy	Ed Sheeran	2	['07s9NNOT0sZQp7TyolLLgu', '4QPEwDdOMhY7rNS05mTyMR']
Burna Boy	Stormzy	2	['07s9NNOT0sZQp7TyolLLgu', '4QPEwDdOMhY7rNS05mTyMR']
Ozzy Osbourne	Post Malone	2	['4Yq3XUNfWrAPWuB94qkC09', '7CZyCXKG6d5ALeq41sLzbw']
Ozzy Osbourne	Travis Scott	2	['4Yq3XUNfWrAPWuB94qkC09', '7CZyCXKG6d5ALeq41sLzbw']
PnB Rock	Trippie Redd	2	['03eJ2DclFWXYU8GWgANdmZ', '69dXVFCMiz3SL1L7M24NdX']
PnB Rock	XXXTENTACION	2	['03eJ2DclFWXYU8GWgANdmZ', '69dXVFCMiz3SL1L7M24NdX']
Trippie Redd	XXXTENTACION	2	['03eJ2DclFWXYU8GWgANdmZ', '69dXVFCMiz3SL1L7M24NdX']
Burna Boy	Jorja Smith	2	['3IWs9dAwTqN0EFhOIcBDfs', '5pAbCxt9e3f81lOmjIXwzd']
Michael Phantom	Octavian	2	['1TULEHv0wpIZYI7zqmhzEg', '3JrYkRVUNq5QLUgVJMCLYz']
Michael Phantom	Skepta	2	['1TULEHv0wpIZYI7zqmhzEg', '3JrYkRVUNq5QLUgVJMCLYz']
Octavian	Skepta	2	['1TULEHv0wpIZYI7zqmhzEg', '3JrYkRVUNq5QLUgVJMCLYz']
Camila Cabello	Mark Ronson	2	['5Uw7Dut2lZfexn3Y09swpf', '1HpzOCZbNWzxvvXfSGtSrX']
KSI	Randolph	2	['2zomOrcP6peq11Zr13DRQT', '3JDLEkyVTDKyJLy5CNMTaB']
Brendon Urie	Panic! At The Disco	2	['4MsUsFfWseB9M2plGJyuIw', '2Rk4JlNc2TPmZe2af99d45']
Panic! At The Disco	Taylor Swift	2	['4MsUsFfWseB9M2plGJyuIw', '2Rk4JlNc2TPmZe2af99d45']
Chance the Rapper	Ed Sheeran	2	['543bCW2ruMPmxUBWirQ3MR', '4wuCQX7JvAZLlrcmH4AeZF']
Chance the Rapper	PnB Rock	2	['543bCW2ruMPmxUBWirQ3MR', '4wuCQX7JvAZLlrcmH4AeZF']
Ed Sheeran	PnB Rock	2	['543bCW2ruMPmxUBWirQ3MR', '4wuCQX7JvAZLlrcmH4AeZF']
Y2K	bbno$	2	['07rmSXN6vNoquX1AsWd9pP', '51Fjme0JiitpyXKuyQiCDo']
Aitch	ZieZie	2	['584UC3Qpm8SbYd7aRWKREu', '2jTBEuS8P9ZqVos9zecRzl']
Lykke Li	Mark Ronson	2	['7aQeWViSfRWSEwtJD86Eq0', '2jUO4Rbw8VizhpHS63jrq4']
Jorja Smith	Loyle Carner	2	['4PIrQHxXlHlSXKoKd2nuxE', '6dEe0H4vjEyy2ukczkB25o']
D-Block Europe	M Huncho	2	['5fLa9OF5eaUOWz81oDqhgg', '07bfKWZvI6qWpdrlue6wst']
Camila Cabello	Shawn Mendes	2	['0TK2YIli7K1leLovkQiNik', '6v3KW9xbzN5yKLt9YKDYA2']
Fall Out Boy	Macklemore	2	['7Feaw9WAEREY0DUOSXJLOM', '40OMBMYRk5IQL6xCzGM0JA']
Fall Out Boy	Martin Garrix	2	['7Feaw9WAEREY0DUOSXJLOM', '40OMBMYRk5IQL6xCzGM0JA']
Macklemore	Martin Garrix	2	['7Feaw9WAEREY0DUOSXJLOM', '40OMBMYRk5IQL6xCzGM0JA']
AJ Tracey	MoStack	2	['0LjXPuuttcYpND3IxAFww1', '78KyOmqWmqLkQcXO1cA7MO']
Dan Caplen	Jess Glynne	2	['5CLGzJsGqhCEECcpnFQA8x', '20ZP3Om9DvDazXrNUC7WM2']
Dan Caplen	Macklemore	2	['5CLGzJsGqhCEECcpnFQA8x', '20ZP3Om9DvDazXrNUC7WM2']
Dan Caplen	Rudimental	2	['5CLGzJsGqhCEECcpnFQA8x', '20ZP3Om9DvDazXrNUC7WM2']
Jess Glynne	Macklemore	2	['5CLGzJsGqhCEECcpnFQA8x', '20ZP3Om9DvDazXrNUC7WM2']
Jess Glynne	Rudimental	2	['5CLGzJsGqhCEECcpnFQA8x', '20ZP3Om9DvDazXrNUC7WM2']
Macklemore	Rudimental	2	['5CLGzJsGqhCEECcpnFQA8x', '20ZP3Om9DvDazXrNUC7WM2']
D-Block Europe	Lil Baby	2	['2RGlyOU1kkBgBDB0GIy2vm', '141GIDaZBy7Bn3I2NAFR31']
Lil Tjay	Polo G	2	['6uFn47ACjqYkc0jADwEdj1', '5AjINjwKyRvQJhSe2zpPHi']
Future	Halsey	2	['2C6WXnmZ66tHhHlnvwePiK', '59PYPDxTbqJpiGfyogPb5h']
Future	Post Malone	2	['2C6WXnmZ66tHhHlnvwePiK', '59PYPDxTbqJpiGfyogPb5h']
Halsey	Post Malone	2	['2C6WXnmZ66tHhHlnvwePiK', '59PYPDxTbqJpiGfyogPb5h']
JAY1	Tion Wayne	2	['5wIjM4q7oIgiLqn8Qfoyxh', '0RniiBbrT5QUD9TlZvlFGo']
Hugh Jackman	Zac Efron	2	['43ay9lQZ5rfNcOOHhRF2cM', '2cKovq3l6OJjhVVDbVKOsr']
Anne-Marie	Lauv	2	['4wopYJ5wpYOM6ogm2Jugnw', '322tcqPhma7F6hfCeLisx0']
Dave	J Hus	2	['3rqmxZNh2BRgJ3BiCPFTSG', '6YSsSzRV6fiITssNkIAxHi']
Headie One	K-Trap	2	['0DQYfM3sCUBCehTE2gdxaP', '0TJxxb5DmfwwAJndnAuzEn']
Headie One	Krept & Konan	2	['0DQYfM3sCUBCehTE2gdxaP', '0TJxxb5DmfwwAJndnAuzEn']
K-Trap	Krept & Konan	2	['0DQYfM3sCUBCehTE2gdxaP', '0TJxxb5DmfwwAJndnAuzEn']
Kehlani	Ty Dolla $ign	2	['7e4KQkp5ZR1gXCAalRjX6B', '6ZRuF2n1CQxyxxAAWsKJOy']
DaBaby	Post Malone	2	['0Xek5rqai2jcOWCYWJfVCF', '6UFEJuDXQMWhL5UH5f9fUR']
Ant Clemons	Kanye West	2	['24bnCCysWnbNRNUT4LpHcP', '454Epa1vrCGFddHXKyC1kb']
Ed Sheeran	Justin Bieber	2	['3HVWdVOQ0ZA45FuZGSfvns', '0hVXuCcriWRGvwMV1r5Yn9']
Offset	Travis Scott	2	['7pMRoGLEJuFM2wl5pt0R99', '0FZ4Dmg8jJJAPJnvBIzD9z']
Ed Sheeran	Eminem	2	['1cS0TgbR263ey9jn0MwD2s', '0AtP8EkGPn6SwxKDaUuXec']
Zac Efron	Zendaya	2	['630sXRhIcfwr2e4RdNtjKN', '43ay9lQZ5rfNcOOHhRF2cM']
Ariana Grande	Lana Del Rey	2	['3NkJNL3WqO1Lqc3uNDxvCN', '6zegtH6XXd2PDPLvy1Y0n2']
Ariana Grande	Miley Cyrus	2	['3NkJNL3WqO1Lqc3uNDxvCN', '6zegtH6XXd2PDPLvy1Y0n2']
Lana Del Rey	Miley Cyrus	2	['3NkJNL3WqO1Lqc3uNDxvCN', '6zegtH6XXd2PDPLvy1Y0n2']
Machine Gun Kelly	Travis Barker	2	['6bWBLZLBRQEJ5KsLicouNB', '2gTdDMpNxIRFSiu7HutMCg']
Machine Gun Kelly	YUNGBLUD	2	['6bWBLZLBRQEJ5KsLicouNB', '2gTdDMpNxIRFSiu7HutMCg']
Juice WRLD	Trippie Redd	1	['7tgjDlQsMR8RvkdlNCJA58']
Juice WRLD	YNW Melly	1	['7tgjDlQsMR8RvkdlNCJA58']
Trippie Redd	YNW Melly	1	['7tgjDlQsMR8RvkdlNCJA58']
Eartha Kitt	Henri Rene & His Orchestra	1	['1foCxQtxBweJtZmdxhEHVO']
Post Malone	Young Thug	1	['6vBdBCoOhKHiYDDOcorfNo']
Khalid	Normani	1	['45Egmo7icyopuzJN0oMEdk']
Headie One	Stormzy	1	['6Oq4fiDzKaFMU89dTvM24u']
Hardy Caprio	T MULLA	1	['7yxjVF8ESBo6VB89JNzCsh']
Hardy Caprio	One Acen	1	['3wAyZwtyyLMsJNG7Mb17ky']
J Hus	Skepta	1	['4DmgUMnnCw27Tu5Jvqhm1n']
Migos	Mustard	1	['63cd4JkwGgYJrbOizbfmsp']
Kirsty MacColl	The Pogues	1	['3VTNVsTTu05dmTsVFrmGpK']
Shawn Mendes	Taylor Swift	1	['3i9UVldZOE0aD0JnyfAZZ0']
D-Block Europe	Yxng Bane	1	['7BCgZAsDRFETcLOM7Ofcod']
Lil Baby	Stefflon Don	1	['2bkafQf4LKDOQcK2qlyYU5']
D-Block Europe	Offset	1	['0YTXcXihG2qpxb3U3LbPfc']
D-Block Europe	The Plug	1	['0YTXcXihG2qpxb3U3LbPfc']
Offset	The Plug	1	['0YTXcXihG2qpxb3U3LbPfc']
Jessie Reyez	Lewis Capaldi	1	['7tTRP2vA00uScZ4SjB3ZQZ']
CHVRCHES	Marshmello	1	['5icOoE6VgqFKohjWWNp0Ac']
Mabel	Tiësto	1	['6fenHIxXuuzKB55wY4WCHP']
Cardi B	Lil Nas X	1	['4ak7xjvBeBOcJGWFDX9w5n']
Jax Jones	Tove Lo	1	['6FjsgiFwQCO9TF5KC7BwgV']
Marshmello	YUNGBLUD	1	['7jzldCBnJjpJM3epzJ85KE']
Marshmello	blackbear	1	['7jzldCBnJjpJM3epzJ85KE']
YUNGBLUD	blackbear	1	['7jzldCBnJjpJM3epzJ85KE']
AJ	Ard Adz	1	['4rpGCUItuki220uz77N00s']
AJ	Geko	1	['4rpGCUItuki220uz77N00s']
AJ	Koomz	1	['4rpGCUItuki220uz77N00s']
Ard Adz	Geko	1	['4rpGCUItuki220uz77N00s']
Ard Adz	Koomz	1	['4rpGCUItuki220uz77N00s']
Geko	Koomz	1	['4rpGCUItuki220uz77N00s']
Khalid	Marshmello	1	['7vGuf3Y35N4wmASOKLUVVU']
Alice Chater	Professor Green	1	['5KbyaL9axdN8x9JAxollOp']
Ella Eyre	French Montana	1	['5CpkVOosLFc83LbwqO6hnI']
Ella Eyre	Meghan Trainor	1	['5CpkVOosLFc83LbwqO6hnI']
Ella Eyre	Sigala	1	['5CpkVOosLFc83LbwqO6hnI']
French Montana	Meghan Trainor	1	['5CpkVOosLFc83LbwqO6hnI']
French Montana	Sigala	1	['5CpkVOosLFc83LbwqO6hnI']
Meghan Trainor	Sigala	1	['5CpkVOosLFc83LbwqO6hnI']
Jordan Rakei	Loyle Carner	1	['64I9byMYBlS1ARsC3vtpgW']
Brendon Urie	Juice WRLD	1	['1KVczjazCcCCgM3gXXUl47']
Brendon Urie	benny blanco	1	['1KVczjazCcCCgM3gXXUl47']
DJ Khaled	SZA	1	['0BnTBAGmr9FtYwkZrwKhwS']
Little Mix	Ty Dolla $ign	1	['18n2GdCpsHYzkbMKPavE7Y']
Kane Brown	Marshmello	1	['4hPpVbbakQNv8YTHYaOJP4']
21 Savage	Cardi B	1	['1Hd2XLitkt1PYCWSbfF5qV']
21 Savage	DJ Khaled	1	['1Hd2XLitkt1PYCWSbfF5qV']
Cardi B	DJ Khaled	1	['1Hd2XLitkt1PYCWSbfF5qV']
Fred Hammond	Kanye West	1	['7r6aR2f57resC5r93LwMfK']
DigDat	Hardy Caprio	1	['0SErNy2An0gCpYFRUNWwNT']
AJ x Deno	Cadet	1	['2r7kFZo4Ua517FKCW39fo9']
AJ x Deno	Da Beatfreakz	1	['2r7kFZo4Ua517FKCW39fo9']
AJ x Deno	Swarmz	1	['2r7kFZo4Ua517FKCW39fo9']
Cadet	Da Beatfreakz	1	['2r7kFZo4Ua517FKCW39fo9']
Cadet	Swarmz	1	['2r7kFZo4Ua517FKCW39fo9']
Loyle Carner	Tom Misch	1	['4pjcxC0qgXWZWmcBjzn1az']
Bad Bunny	Drake	1	['116H0KvKr2Zl4RPuVBruDO']
Jamie Foxx	Kanye West	1	['3QHPHLAkYV5cQBUYs6rowx']
Kendrick Lamar	SZA	1	['3GCdLUSnKSMJhs4Tj6CV3s']
Chip	D-Block Europe	1	['19Jge57xirLkt5gc7m7ftP']
Hugh Jackman	Michelle Williams	1	['0RoA7ObU6phWpqhlC9zH4Z']
Hugh Jackman	Ziv Zaifman	1	['0RoA7ObU6phWpqhlC9zH4Z']
Michelle Williams	Ziv Zaifman	1	['0RoA7ObU6phWpqhlC9zH4Z']
Aitch	Sir Spyro	1	['4iYxrnTvYsTtyphOTqTvkh']
Ed Sheeran	Sir Spyro	1	['4iYxrnTvYsTtyphOTqTvkh']
Jaykae	Sir Spyro	1	['4iYxrnTvYsTtyphOTqTvkh']
Sir Spyro	Stormzy	1	['4iYxrnTvYsTtyphOTqTvkh']
Becky Hill	Weiss	1	['6MSuMFyOdoJMAEgvnhqbRu']
Kanye West	Lil Pump	1	['4S8d14HvHb70ImctNgVzQQ']
BTS	Lil Nas X	1	['6woeVu3fVMflqen1t4N6pg']
BTS	RM	1	['6woeVu3fVMflqen1t4N6pg']
Lil Nas X	RM	1	['6woeVu3fVMflqen1t4N6pg']
Ella Henderson	Sigala	1	['35mMXfym6C9VOTUVrcKKZp']
Camila Cabello	DaBaby	1	['3yOlyBJuViE2YSGn3nVE1K']
Halsey	Travis Barker	1	['4mGdjNMo0RonTlOEb7cYg4']
Halsey	YUNGBLUD	1	['4mGdjNMo0RonTlOEb7cYg4']
Gunna	Travis Scott	1	['56AMYGJzxBO6p8v0wEe9de']
Gunna	Young Thug	1	['56AMYGJzxBO6p8v0wEe9de']
MIST	Sidhu Moose Wala	1	['15rEEVR9tYJS4hbubgS3u7']
MIST	Steel Banglez	1	['15rEEVR9tYJS4hbubgS3u7']
MIST	Stefflon Don	1	['15rEEVR9tYJS4hbubgS3u7']
Sidhu Moose Wala	Steel Banglez	1	['15rEEVR9tYJS4hbubgS3u7']
Sidhu Moose Wala	Stefflon Don	1	['15rEEVR9tYJS4hbubgS3u7']
Steel Banglez	Stefflon Don	1	['15rEEVR9tYJS4hbubgS3u7']
A$AP Rocky	Skepta	1	['7ycWLEP1GsNjVvcjawXz3z']
Dynoro	Gigi D'Agostino	1	['0E9ZjEAyAwOXZ7wJC0PD33']
Hit-Boy	Nipsey Hussle	1	['6ya8ejoKgw906Y8LWclqrp']
Hit-Boy	Roddy Ricch	1	['6ya8ejoKgw906Y8LWclqrp']
Nipsey Hussle	Roddy Ricch	1	['6ya8ejoKgw906Y8LWclqrp']
Aitch	MoStack	1	['4GnyYF4eMbgYQB7ulg73I9']
Aitch	Steel Banglez	1	['4GnyYF4eMbgYQB7ulg73I9']
Bing Crosby	John Scott Trotter & His Orchestra	1	['4so0Wek9Ig1p6CRCHuINwW']
Bing Crosby	Ken Darby Singers	1	['4so0Wek9Ig1p6CRCHuINwW']
John Scott Trotter & His Orchestra	Ken Darby Singers	1	['4so0Wek9Ig1p6CRCHuINwW']
AJ Tracey	D-Block Europe	1	['4UTNMseYoApB2f4BSUjoo7']
Agnes	Avicii	1	['4XZxalvnG4Yo8YZLuiT1kV']
Agnes	Vargas & Lagola	1	['4XZxalvnG4Yo8YZLuiT1kV']
Avicii	Vargas & Lagola	1	['4XZxalvnG4Yo8YZLuiT1kV']
Shakira	Wyclef Jean	1	['3ZFTkvIE7kyPt6Nu3PEa7V']
Blueface	Cardi B	1	['1JkrD47SDpAbyvqKtolcea']
Blueface	YG	1	['1JkrD47SDpAbyvqKtolcea']
Cardi B	YG	1	['1JkrD47SDpAbyvqKtolcea']
Aitch	Bowzer Boss	1	['0SHe3bDl9wXWh9LSExKWMb']
Bowzer Boss	Jaykae	1	['0SHe3bDl9wXWh9LSExKWMb']
Billie Eilish	Justin Bieber	1	['3yNZ5r3LKfdmjoS3gkhUCT']
Chris Brown	Marshmello	1	['4Q8aDd3H6LF8t4eY7So9O8']
Marshmello	Tyga	1	['4Q8aDd3H6LF8t4eY7So9O8']
D-Block Europe	Dirtbike Lb	1	['7bkzlEJJLmV6wMJIBhYAMi']
D-Block Europe	Young Adz	1	['7bkzlEJJLmV6wMJIBhYAMi']
Dirtbike Lb	Lil Pino	1	['7bkzlEJJLmV6wMJIBhYAMi']
Dirtbike Lb	Young Adz	1	['7bkzlEJJLmV6wMJIBhYAMi']
Lil Pino	Young Adz	1	['7bkzlEJJLmV6wMJIBhYAMi']
BLACKPINK	Dua Lipa	1	['13hvHEstJ4sNbzdroPrPI3']
David Guetta	Martin Solveig	1	['0IhTEIjFaRt3B2NQYf9azQ']
Calvin Harris	Rag'n'Bone Man	1	['5itOtNx0WxtJmi1TQ3RuRd']
J Balvin	Selena Gomez	1	['1WSGTYKLEpKfNQYYW5Oymt']
J Balvin	Tainy	1	['1WSGTYKLEpKfNQYYW5Oymt']
J Balvin	benny blanco	1	['1WSGTYKLEpKfNQYYW5Oymt']
Selena Gomez	Tainy	1	['1WSGTYKLEpKfNQYYW5Oymt']
Selena Gomez	benny blanco	1	['1WSGTYKLEpKfNQYYW5Oymt']
Tainy	benny blanco	1	['1WSGTYKLEpKfNQYYW5Oymt']
ZAYN	Zhavia Ward	1	['1iWHabUgUuuKLBa0TzTHfk']
Daniel Everidge	Hugh Jackman	1	['5xNUR50KxswPRAvx7S163g']
Daniel Everidge	Keala Settle	1	['5xNUR50KxswPRAvx7S163g']
Daniel Everidge	The Greatest Showman Ensemble	1	['5xNUR50KxswPRAvx7S163g']
Daniel Everidge	Zendaya	1	['5xNUR50KxswPRAvx7S163g']
Ariana Grande	Nicki Minaj	1	['7vJS1DPc3FzBtqBs8n3mW5']
Ariana Grande	Normani	1	['7vJS1DPc3FzBtqBs8n3mW5']
Nicki Minaj	Normani	1	['7vJS1DPc3FzBtqBs8n3mW5']
A Boogie Wit da Hoodie	Roddy Ricch	1	['5j1yOqWONR9T6l43AzJ6Es']
6ix9ine	Murda Beatz	1	['4QIyEq7TcTdAcxjI2AFlAK']
6ix9ine	Nicki Minaj	1	['4QIyEq7TcTdAcxjI2AFlAK']
Murda Beatz	Nicki Minaj	1	['4QIyEq7TcTdAcxjI2AFlAK']
Dappy	Geko	1	['1x7oxSp01uKwWT7ljXJADW']
Dappy	Stefflon Don	1	['1x7oxSp01uKwWT7ljXJADW']
Deno	Geko	1	['1x7oxSp01uKwWT7ljXJADW']
Deno	Stefflon Don	1	['1x7oxSp01uKwWT7ljXJADW']
Geko	Stefflon Don	1	['1x7oxSp01uKwWT7ljXJADW']
Bring Me The Horizon	Dani Filth	1	['0ceW5TkemJUEmJERavfqQq']
Darkoo	One Acen	1	['0KzhyaVtr2v4J9GVdMgCk0']
Becky Hill	Sigala	1	['1yAPglN5AGf7UoLK062ZYq']
Fredo	Popcaan	1	['0qQFyJw6mbLyzWSWmx1poL']
Fredo	Tory Lanez	1	['0qQFyJw6mbLyzWSWmx1poL']
Popcaan	Stay Flee Get Lizzy	1	['0qQFyJw6mbLyzWSWmx1poL']
Popcaan	Tory Lanez	1	['0qQFyJw6mbLyzWSWmx1poL']
Stay Flee Get Lizzy	Tory Lanez	1	['0qQFyJw6mbLyzWSWmx1poL']
Cardi B	French Montana	1	['7x9nXsowok1JszkVztI5NI']
Cardi B	Post Malone	1	['7x9nXsowok1JszkVztI5NI']
Cardi B	Rvssian	1	['7x9nXsowok1JszkVztI5NI']
French Montana	Post Malone	1	['7x9nXsowok1JszkVztI5NI']
French Montana	Rvssian	1	['7x9nXsowok1JszkVztI5NI']
Post Malone	Rvssian	1	['7x9nXsowok1JszkVztI5NI']
Cardi B	Maroon 5	1	['7fa9MBXhVfQ8P8Df9OEbD8']
Post Malone	Quavo	1	['3a1lNhkSLSkpJE4MSHpDu9']
DigDat	Kenny Allstar	1	['707G2An6l0OKGioSWZx3f2']
Dixie Chicks	Taylor Swift	1	['4AYtqFyFbX0Xkc2wtcygTr']
Kygo	Valerie Broussard	1	['3Kuu5vASpXK8oRsxOvau6P']
Brooks	David Guetta	1	['4Tvw0lweq9l2JPQKFbpbBQ']
Brooks	Loote	1	['4Tvw0lweq9l2JPQKFbpbBQ']
David Guetta	Loote	1	['4Tvw0lweq9l2JPQKFbpbBQ']
MNEK	Stormzy	1	['0ihguwGVwKihJ1Nj8fGQlY']
Grey	Maren Morris	1	['09IStsImFySgyp0pIQdqAc']
Grey	Zedd	1	['09IStsImFySgyp0pIQdqAc']
Maren Morris	Zedd	1	['09IStsImFySgyp0pIQdqAc']
Deno	DigDat	1	['0azSeNc3H1uS3nDCbsaoJY']
Fredo	Lil Dotz	1	['048rA2xbxWQ1lfurZl7nUQ']
Diplo	Ellie Goulding	1	['5JEx7HbmvHQQswJCsoo9rA']
Diplo	Swae Lee	1	['5JEx7HbmvHQQswJCsoo9rA']
Ellie Goulding	Swae Lee	1	['5JEx7HbmvHQQswJCsoo9rA']
Eli Brown	Solardo	1	['7CN6ZYIX338ekn7pb2CpQp']
AJ Tracey	Unknown T	1	['5vR65o6UhwcmQqaNtLzNOX']
Post Malone	Roddy Ricch	1	['0fcq51a3gOI6gPvzc0YLsk']
Post Malone	Tyga	1	['0fcq51a3gOI6gPvzc0YLsk']
Roddy Ricch	Tyga	1	['0fcq51a3gOI6gPvzc0YLsk']
Boy Better Know	Skepta	1	['1gLEdHMnuTP11tWYovZbZi']
Summer Walker	Usher	1	['3TTMUI5dFcbeNSDTTDY9M8']
Dappy	Yungen	1	['0bXcl7JnhraHGIqqilbQxI']
Lauv	Troye Sivan	1	['7COXchtUOMd6uIT6HvmRaI']
Brando	Loud Luxury	1	['7K7MUBCnzgBAvMVW2RTWNs']
Headie One	Skepta	1	['40HiuQ6ZVkp0QpOXI2QUBp']
Anitta	Rita Ora	1	['6JqpFboOH2bq9pzaYbkKBn']
Anitta	Sofia Reyes	1	['6JqpFboOH2bq9pzaYbkKBn']
Rita Ora	Sofia Reyes	1	['6JqpFboOH2bq9pzaYbkKBn']
Cadet	Krept & Konan	1	['2uFoVXRf7HNdAg2gJR0VH0']
Cadet	Stormzy	1	['2uFoVXRf7HNdAg2gJR0VH0']
Krept & Konan	Stormzy	1	['2uFoVXRf7HNdAg2gJR0VH0']
AJ Tracey	Skepta	1	['29Y1hEc0NSxvFylHFV8W9e']
ILLENIUM	Lennon Stella	1	['6wo37KVqFJhtuxPTpLCcfe']
ILLENIUM	The Chainsmokers	1	['6wo37KVqFJhtuxPTpLCcfe']
Lennon Stella	The Chainsmokers	1	['6wo37KVqFJhtuxPTpLCcfe']
Stormzy	Tiana Major9	1	['0AtMTwBF9dmAd2kjgKXpSu']
Calvin Harris	benny blanco	1	['1kQhi22kyluRCnIPAXtxEZ']
Idina Menzel	Michael Bublé	1	['0Ie5uiv54KgCr7P4sYDTHl']
Galantis	OneRepublic	1	['1pfgsjmxVZhoZpeDx6POKv']
KSI	Talia Mar	1	['3JDLEkyVTDKyJLy5CNMTaB']
Randolph	Talia Mar	1	['3JDLEkyVTDKyJLy5CNMTaB']
Ella Henderson	Jax Jones	1	['1pRShUtGOG6ZP5fsnw9G4h']
Aitch	Tyreezy	1	['4y90aFUvxkibo5m3XUzaBd']
Ariana Grande	Lizzo	1	['07Oz5StQ7GRoygNLaXs2pd']
BTS	Halsey	1	['5KawlOMHjWeUjQtnuRs22c']
Tom Walker	Zara Larsson	1	['2oVoSgGAlog02WQ2pLCxcT']
Diplo	Dua Lipa	1	['5N4erncE7kuUccm7zEmwzk']
Diplo	Mark Ronson	1	['5N4erncE7kuUccm7zEmwzk']
Diplo	Silk City	1	['5N4erncE7kuUccm7zEmwzk']
Dua Lipa	Mark Ronson	1	['5N4erncE7kuUccm7zEmwzk']
Dua Lipa	Silk City	1	['5N4erncE7kuUccm7zEmwzk']
Mark Ronson	Silk City	1	['5N4erncE7kuUccm7zEmwzk']
B. Swanson Quartet	Frank Sinatra	1	['4kKdvXD0ez7jp1296JmAts']
Elton John	Kiki Dee	1	['7HW5WIw7ZgZORCzUxv5gW5']
Abra Cadabra	Bugzy Malone	1	['2ux0beVLp8GyOsNUvU8Wa1']
Abra Cadabra	Krept & Konan	1	['2ux0beVLp8GyOsNUvU8Wa1']
Abra Cadabra	Morrisson	1	['2ux0beVLp8GyOsNUvU8Wa1']
Abra Cadabra	Rv	1	['2ux0beVLp8GyOsNUvU8Wa1']
Abra Cadabra	SL	1	['2ux0beVLp8GyOsNUvU8Wa1']
Abra Cadabra	Snap Capone	1	['2ux0beVLp8GyOsNUvU8Wa1']
Bugzy Malone	Krept & Konan	1	['2ux0beVLp8GyOsNUvU8Wa1']
Bugzy Malone	Morrisson	1	['2ux0beVLp8GyOsNUvU8Wa1']
Bugzy Malone	Rv	1	['2ux0beVLp8GyOsNUvU8Wa1']
Bugzy Malone	SL	1	['2ux0beVLp8GyOsNUvU8Wa1']
Bugzy Malone	Snap Capone	1	['2ux0beVLp8GyOsNUvU8Wa1']
Krept & Konan	Morrisson	1	['2ux0beVLp8GyOsNUvU8Wa1']
Krept & Konan	Rv	1	['2ux0beVLp8GyOsNUvU8Wa1']
Krept & Konan	SL	1	['2ux0beVLp8GyOsNUvU8Wa1']
Krept & Konan	Snap Capone	1	['2ux0beVLp8GyOsNUvU8Wa1']
Morrisson	Rv	1	['2ux0beVLp8GyOsNUvU8Wa1']
Morrisson	SL	1	['2ux0beVLp8GyOsNUvU8Wa1']
Morrisson	Snap Capone	1	['2ux0beVLp8GyOsNUvU8Wa1']
Rv	SL	1	['2ux0beVLp8GyOsNUvU8Wa1']
Rv	Snap Capone	1	['2ux0beVLp8GyOsNUvU8Wa1']
SL	Snap Capone	1	['2ux0beVLp8GyOsNUvU8Wa1']
Lancey Foux	Skepta	1	['6ri5Xg0UxyNP4tScPkGrUo']
Skepta	slowthai	1	['6RjFuqzKb1gByFDiB14MvO']
Bad Bunny	Cardi B	1	['58q2HKrzhC3ozto2nDdN4z']
Bad Bunny	J Balvin	1	['58q2HKrzhC3ozto2nDdN4z']
Cardi B	J Balvin	1	['58q2HKrzhC3ozto2nDdN4z']
David Guetta	RAYE	1	['4YhN72dRYL2Z3MsaKyT7rS']
Chelsea Cutler	Kygo	1	['6aoGtdWXBkYQ2O2wnyIz2x']
Kanye West	YNW Melly	1	['6vWEAOUSxohKxhp0K1BsxL']
Charli XCX	Christine and the Queens	1	['4UQeq4HUvC5uPEA9pWTgPW']
Chris Brown	Ink	1	['7ILEWkpfdK6AjH2D7jppWk']
Chris Brown	Justin Bieber	1	['7ILEWkpfdK6AjH2D7jppWk']
Ink	Justin Bieber	1	['7ILEWkpfdK6AjH2D7jppWk']
D-Block Europe	Dave	1	['1W8UflmoVZXS3TUFftuulB']
Calvin Harris	CamelPhat	1	['0kDIirlQCy6YnmsK5pZ6PZ']
Bring Me The Horizon	Rahzel	1	['6baGTtDakSNvUfW3FJd8yX']
Death Stranding: Timefall	Diplo	1	['0Z26mbSHJ1dkUu7g9DDgif']
Death Stranding: Timefall	Khalid	1	['0Z26mbSHJ1dkUu7g9DDgif']
Death Stranding: Timefall	Major Lazer	1	['0Z26mbSHJ1dkUu7g9DDgif']
Diplo	Khalid	1	['0Z26mbSHJ1dkUu7g9DDgif']
Diplo	Major Lazer	1	['0Z26mbSHJ1dkUu7g9DDgif']
Khalid	Major Lazer	1	['0Z26mbSHJ1dkUu7g9DDgif']
A Boogie Wit da Hoodie	Internet Money	1	['735RSTb2xbtWbDtKD9XDYi']
A Boogie Wit da Hoodie	Lil Tecca	1	['735RSTb2xbtWbDtKD9XDYi']
Internet Money	Lil Tecca	1	['735RSTb2xbtWbDtKD9XDYi']
AJ Tracey	Giggs	1	['3Cwx13S6kYpafhhGSuNlBw']
David Bowie	Queen	1	['2fuCquhmrzHpu5xcA1ci9x']
BTS	Charli XCX	1	['4c1WgUnHXq2LEncGHKgj1I']
Drake	Swae Lee	1	['2sqsNXfN0HtgDEgaHXiUTa']
Beyoncé	Childish Gambino	1	['7oqftogUN82Q7VNy2TmTJW']
Beyoncé	JAY-Z	1	['7oqftogUN82Q7VNy2TmTJW']
Beyoncé	Oumou Sangaré	1	['7oqftogUN82Q7VNy2TmTJW']
Childish Gambino	JAY-Z	1	['7oqftogUN82Q7VNy2TmTJW']
Childish Gambino	Oumou Sangaré	1	['7oqftogUN82Q7VNy2TmTJW']
JAY-Z	Oumou Sangaré	1	['7oqftogUN82Q7VNy2TmTJW']
Ed Sheeran	Ella Mai	1	['5T03itPFOPGGkvVPvPiyla']
Lotto Ash	MIST	1	['04NmkOQFNokd6vHzxNeivK']
Fredo	MIST	1	['5aubXDnDNVKA5pS7EnR0mp']
Ariana Grande	Social House	1	['0Ryd8975WihbObpp5cPW1t']
Bryson Tiller	Summer Walker	1	['2xyx0o4xNOLLjBSbOOdcbA']
Becky Hill	Goodboys	1	['7CHi4DtfK4heMlQaudCuHK']
Becky Hill	MEDUZA	1	['7CHi4DtfK4heMlQaudCuHK']
Evan Rachel Wood	Idina Menzel	1	['50WeOnXhM1H7AZEeIDoWfZ']
AURORA	Idina Menzel	1	['3Z0oQ8r78OUaHvGPiDBR3W']
Kygo	Whitney Houston	1	['6oJ6le65B3SEqPwMRNXWjY']
MoStack	Not3s	1	['0LjXPuuttcYpND3IxAFww1']
Becky Hill	Jonas Blue	1	['4M8x1TR36VMQMFMbGCdoyA']
Becky Hill	MK	1	['4M8x1TR36VMQMFMbGCdoyA']
Jonas Blue	MK	1	['4M8x1TR36VMQMFMbGCdoyA']
Jon Z	Tyga	1	['1kK6DwzyXJSp58u5HYWwuD']
Jon Z	YG	1	['1kK6DwzyXJSp58u5HYWwuD']
Tyga	YG	1	['1kK6DwzyXJSp58u5HYWwuD']
A Boogie Wit da Hoodie	Lil Uzi Vert	1	['364spZLB5bhNlnPrzvUB41']
Chris Brown	Tory Lanez	1	['0Odu228D0yGcFySGuxU4rY']
Ay Em	French Montana	1	['6NfEnXqB08Rw4idcRhu8MJ']
Ay Em	Geko	1	['6NfEnXqB08Rw4idcRhu8MJ']
French Montana	Geko	1	['6NfEnXqB08Rw4idcRhu8MJ']
Mura Masa	slowthai	1	['3ndhPhaWdICplZVrC4NeCR']
Michael Bublé	The Puppini Sisters	1	['4qBejt9FeqLI9blHI1Nq1x']
Jonas Blue	Rita Ora	1	['3M9Apu4OZfylLTFKvgEtKa']
Jonas Blue	Tiësto	1	['3M9Apu4OZfylLTFKvgEtKa']
Rita Ora	Tiësto	1	['3M9Apu4OZfylLTFKvgEtKa']
Lay-Z	Skepta	1	['0kmxWw7KjktV4V1ZpbOeru']
Lay-Z	WizKid	1	['0kmxWw7KjktV4V1ZpbOeru']
Skepta	WizKid	1	['0kmxWw7KjktV4V1ZpbOeru']
Dave	Ruelle	1	['5F0Bf5M5lTO8SwfRQai4or']
Jonas Blue	Lennon Stella	1	['6XqvFyJGdUD5IWee02ARKU']
Jonas Blue	Liam Payne	1	['6XqvFyJGdUD5IWee02ARKU']
Lennon Stella	Liam Payne	1	['6XqvFyJGdUD5IWee02ARKU']
Anne-Marie	Marshmello	1	['08bNPGLD8AhKpnnERrAc6G']
Dave	MoStack	1	['6YSsSzRV6fiITssNkIAxHi']
J Hus	MoStack	1	['6YSsSzRV6fiITssNkIAxHi']
Khalid	P!nk	1	['2BM7nF0pMIpLQOT04o691Z']
Chris Brown	J Balvin	1	['1jlnBQGP2DtSEhMgQaz7a7']
Marshmello	Roddy Ricch	1	['0PowxVSTY2uh1CPc8EPKyX']
Dan + Shay	Justin Bieber	1	['2wrJq5XKLnmhRXHIAf9xBa']
Idris Elba	Sean Paul	1	['7cz506PyIgh2bMN90Mc8Tn']
Idris Elba	Stefflon Don	1	['7cz506PyIgh2bMN90Mc8Tn']
Idris Elba	Wiley	1	['7cz506PyIgh2bMN90Mc8Tn']
Sean Paul	Stefflon Don	1	['7cz506PyIgh2bMN90Mc8Tn']
Sean Paul	Wiley	1	['7cz506PyIgh2bMN90Mc8Tn']
Stefflon Don	Wiley	1	['7cz506PyIgh2bMN90Mc8Tn']
Brett Eldredge	Meghan Trainor	1	['5Q2P43CJra0uRAogjHyJDK']
Calvin Harris	Jessie Reyez	1	['5N5k9nd479b1xpDZ4usjrg']
Calvin Harris	Sam Smith	1	['5N5k9nd479b1xpDZ4usjrg']
Jessie Reyez	Sam Smith	1	['5N5k9nd479b1xpDZ4usjrg']
The Chainsmokers	Winona Oak	1	['4BiiOzZCrXEzHRLYcYFiD5']
Bradley Cooper	Lady Gaga	1	['2VxeLyX666F8uXCJ0dZF8B']
Headie One	Rv	1	['6cqR6Nvk4hNF6P8POXVgvO']
Aitch	JAY1	1	['5wIjM4q7oIgiLqn8Qfoyxh']
Aitch	Russ Millions	1	['5wIjM4q7oIgiLqn8Qfoyxh']
Aitch	Sav'o	1	['5wIjM4q7oIgiLqn8Qfoyxh']
Aitch	Swarmz	1	['5wIjM4q7oIgiLqn8Qfoyxh']
Aitch	Tion Wayne	1	['5wIjM4q7oIgiLqn8Qfoyxh']
JAY1	Russ Millions	1	['5wIjM4q7oIgiLqn8Qfoyxh']
JAY1	Sav'o	1	['5wIjM4q7oIgiLqn8Qfoyxh']
JAY1	Swarmz	1	['5wIjM4q7oIgiLqn8Qfoyxh']
Russ Millions	Sav'o	1	['5wIjM4q7oIgiLqn8Qfoyxh']
Russ Millions	Swarmz	1	['5wIjM4q7oIgiLqn8Qfoyxh']
Sav'o	Swarmz	1	['5wIjM4q7oIgiLqn8Qfoyxh']
Sav'o	Tion Wayne	1	['5wIjM4q7oIgiLqn8Qfoyxh']
Burna Boy	Dave	1	['3z4CGd63tpUn9a6oQSG0CI']
Bruno Mars	Cardi B	1	['0PG9fbaaHFHfre2gUVo7AN']
Gunna	Koffee	1	['6xW2g0c5uSoa3S6xk9eI4j']
KEY!	Skepta	1	['19xuCobFr8orZ8BgPJYgd8']
Ant Clemons	Ty Dolla $ign	1	['24bnCCysWnbNRNUT4LpHcP']
Kanye West	Ty Dolla $ign	1	['24bnCCysWnbNRNUT4LpHcP']
Chance the Rapper	DJ Khaled	1	['5WvAo7DNuPRmk4APhdPzi8']
Chance the Rapper	Justin Bieber	1	['5WvAo7DNuPRmk4APhdPzi8']
Chance the Rapper	Quavo	1	['5WvAo7DNuPRmk4APhdPzi8']
DJ Khaled	Justin Bieber	1	['5WvAo7DNuPRmk4APhdPzi8']
DJ Khaled	Quavo	1	['5WvAo7DNuPRmk4APhdPzi8']
Justin Bieber	Quavo	1	['5WvAo7DNuPRmk4APhdPzi8']
Kanye West	Sunday Service Choir	1	['1WnqWQcWcuQbVzgE7ecfCY']
AJ Tracey	Jay Critch	1	['2Mtty4uiMM8z8eDeUYBqRp']
D-Block Europe	Jack Boy	1	['0cc0C15xFeldpAIkIp440J']
CamelPhat	Cristoph	1	['6TR0FGw4zhlGbQALN065AI']
CamelPhat	Jem Cooke	1	['6TR0FGw4zhlGbQALN065AI']
Cristoph	Jem Cooke	1	['6TR0FGw4zhlGbQALN065AI']
21 Savage	Offset	1	['7pMRoGLEJuFM2wl5pt0R99']
21 Savage	Travis Scott	1	['7pMRoGLEJuFM2wl5pt0R99']
Jonas Blue	Theresa Rex	1	['4NSW0Km5ZG60L8FthUebPJ']
Camila Cabello	Cardi B	1	['4vUmTMuQqjdnvlZmAH61Qk']
Camila Cabello	Ed Sheeran	1	['4vUmTMuQqjdnvlZmAH61Qk']
Cardi B	Ed Sheeran	1	['4vUmTMuQqjdnvlZmAH61Qk']
Joyner Lucas	Logic	1	['36TO60sxDduIsO3xH8IcUh']
Juice WRLD	YoungBoy Never Broke Again	1	['6Gg1gjgKi2AK4e0qzsR7sd']
Drake	Meek Mill	1	['2IRZnDFmlqMuOrYOLnZZyc']
Madison Beer	Offset	1	['3WefHNGtjexZvi66ZEx9u4']
John Lennon	The Harlem Community Choir	1	['3zJw3rugfpVrmBeDDnUYzy']
John Lennon	The Plastic Ono Band	1	['3zJw3rugfpVrmBeDDnUYzy']
John Lennon	Yoko Ono	1	['3zJw3rugfpVrmBeDDnUYzy']
The Harlem Community Choir	The Plastic Ono Band	1	['3zJw3rugfpVrmBeDDnUYzy']
The Harlem Community Choir	Yoko Ono	1	['3zJw3rugfpVrmBeDDnUYzy']
The Plastic Ono Band	Yoko Ono	1	['3zJw3rugfpVrmBeDDnUYzy']
Khalid	SAFE	1	['1E6DEDWDKHoOW0fcFuDghV']
Megan Thee Stallion	Nicki Minaj	1	['5N1o6d8zGcSZSeMFkOUQOk']
Megan Thee Stallion	Ty Dolla $ign	1	['5N1o6d8zGcSZSeMFkOUQOk']
Nicki Minaj	Ty Dolla $ign	1	['5N1o6d8zGcSZSeMFkOUQOk']
Headie One	Young T & Bugsey	1	['0PXukVbYpvz40KcEFKnIw7']
AJ Tracey	Dave	1	['3DKCTIiJ97bS9TGiqcABjo']
Bring Me The Horizon	Death Stranding: Timefall	1	['2eZjO58Qe9og2xmyfw4qwJ']
Digga D	LD	1	['4wNndJWTgjmPzko0RD0Z9q']
Digga D	Lethal Bizzle	1	['4wNndJWTgjmPzko0RD0Z9q']
Digga D	Ms Banks	1	['4wNndJWTgjmPzko0RD0Z9q']
Digga D	Taze	1	['4wNndJWTgjmPzko0RD0Z9q']
LD	Lethal Bizzle	1	['4wNndJWTgjmPzko0RD0Z9q']
LD	Ms Banks	1	['4wNndJWTgjmPzko0RD0Z9q']
LD	Russ Millions	1	['4wNndJWTgjmPzko0RD0Z9q']
LD	Taze	1	['4wNndJWTgjmPzko0RD0Z9q']
Lethal Bizzle	Ms Banks	1	['4wNndJWTgjmPzko0RD0Z9q']
Lethal Bizzle	Russ Millions	1	['4wNndJWTgjmPzko0RD0Z9q']
Lethal Bizzle	Taze	1	['4wNndJWTgjmPzko0RD0Z9q']
Ms Banks	Russ Millions	1	['4wNndJWTgjmPzko0RD0Z9q']
Ms Banks	Taze	1	['4wNndJWTgjmPzko0RD0Z9q']
Russ Millions	Taze	1	['4wNndJWTgjmPzko0RD0Z9q']
Clean Bandit	Luis Fonsi	1	['5XWCc9wQes7X5uyYH9h5JR']
Clean Bandit	MARINA	1	['5XWCc9wQes7X5uyYH9h5JR']
Luis Fonsi	MARINA	1	['5XWCc9wQes7X5uyYH9h5JR']
DigDat	Loski	1	['6lW3qM6vUkfwNwD5IMkZW8']
D-Block Europe	Nafe Smallz	1	['5fLa9OF5eaUOWz81oDqhgg']
Lil Pino	M Huncho	1	['5fLa9OF5eaUOWz81oDqhgg']
Lil Pino	Nafe Smallz	1	['5fLa9OF5eaUOWz81oDqhgg']
Paloma Faith	Sigala	1	['6Z0CSptkTKzOpownOPnK5g']
Charli XCX	Lizzo	1	['1MfuskV4ODUp14C2dnyPgW']
Ariana Grande	Victoria Monét	1	['6tsOcBnaKgzK22yEiqRh8P']
Jess Glynne	RAYE	1	['359R03sj5qiwy4j0TqvLog']
Bastille	Seeb	1	['3gicyfiEVMGONgzygpWjNT']
A Boogie Wit da Hoodie	Offset	1	['0jAfdqv18goRTUxm3ilRjb']
A Boogie Wit da Hoodie	Tyga	1	['0jAfdqv18goRTUxm3ilRjb']
Aitch	Bugzy Malone	1	['2LA9gKY5t2kx4BY5GSy3Us']
NSG	Tion Wayne	1	['2cytBOLpwFRX7J9URCrFIe']
Bebe Rexha	Jax Jones	1	['5RgBnDtHKFHgtVdqabjGE3']
Not3s	Remedee	1	['3wPTI3G39TG3kxR5ybhrzK']
Not3s	Young Adz	1	['3wPTI3G39TG3kxR5ybhrzK']
Remedee	Young Adz	1	['3wPTI3G39TG3kxR5ybhrzK']
Charli XCX	Troye Sivan	1	['05mAIVLkIWc2d1UBYZBCp8']
A Boogie Wit da Hoodie	Ed Sheeran	1	['4vIKzWqtn44umal5jXq4wE']
A Boogie Wit da Hoodie	Meek Mill	1	['4vIKzWqtn44umal5jXq4wE']
Ed Sheeran	Meek Mill	1	['4vIKzWqtn44umal5jXq4wE']
Beyoncé	Blue Ivy	1	['0B3FovCVaGKS5w1FTidEUP']
Beyoncé	SAINt JHN	1	['0B3FovCVaGKS5w1FTidEUP']
Beyoncé	WizKid	1	['0B3FovCVaGKS5w1FTidEUP']
Blue Ivy	SAINt JHN	1	['0B3FovCVaGKS5w1FTidEUP']
Blue Ivy	WizKid	1	['0B3FovCVaGKS5w1FTidEUP']
SAINt JHN	WizKid	1	['0B3FovCVaGKS5w1FTidEUP']
Halsey	Khalid	1	['7FGq80cy8juXBCD2nrqdWU']
Halsey	benny blanco	1	['7FGq80cy8juXBCD2nrqdWU']
Khalid	benny blanco	1	['7FGq80cy8juXBCD2nrqdWU']
Billy Ray Cyrus	Mason Ramsey	1	['6jmZlyf9DxcIoRrjw02YXm']
Billy Ray Cyrus	Young Thug	1	['6jmZlyf9DxcIoRrjw02YXm']
Lil Nas X	Mason Ramsey	1	['6jmZlyf9DxcIoRrjw02YXm']
Lil Nas X	Young Thug	1	['6jmZlyf9DxcIoRrjw02YXm']
Mason Ramsey	Young Thug	1	['6jmZlyf9DxcIoRrjw02YXm']
Bebe Rexha	The Chainsmokers	1	['05CwHjIk71RXVU40boRMnR']
Little Mix	Nicki Minaj	1	['222B3aljXx6fFwKmFjuBED']
Aitch	GRM Daily	1	['39PP9AowEIoqIqgDtPcSlN']
John Mayer	Khalid	1	['09oZ9eXQ2fo6YDrPzJqAoP']
DJ Khaled	John Legend	1	['6O10oTtZIZ4DkkUqyfCbrR']
DJ Khaled	Nipsey Hussle	1	['6O10oTtZIZ4DkkUqyfCbrR']
John Legend	Nipsey Hussle	1	['6O10oTtZIZ4DkkUqyfCbrR']
Fredo	Yxng Bane	1	['6GvhPVjvqhspuWvnuCkvhF']
D-Block Europe	DigDat	1	['4aRRxKxJbvIEjXWXB0l3w7']
Post Malone	Ty Dolla $ign	1	['3swc6WTsr7rl9DqQKQA55C']
GRM Daily	J Hus	1	['1CBWQi8t0QqdEEXlXPuS6A']
50 Cent	Ed Sheeran	1	['0AtP8EkGPn6SwxKDaUuXec']
50 Cent	Eminem	1	['0AtP8EkGPn6SwxKDaUuXec']
Kygo	Sandro Cavazza	1	['14sOS5L36385FJ3OL8hew4']
6ix9ine	A Boogie Wit da Hoodie	1	['1wJRveJZLSb1rjhnUHQiv6']
Ariana Grande	Liz Gillies	1	['6YJdPrH3i2POzu7hdHIRrb']
Bring Me The Horizon	Grimes	1	['1JdWRS3PBZlSgKcPKcULtr']
John Williams	Mykola Dmytrovych Leontovych	1	['4tHqQMWSqmL6YjXwsqthDI']
Clean Bandit	Demi Lovato	1	['3NuK5xMlSlB6K2Qp16zf3h']
Dappy	Kranium	1	['3zgKEF4I4ILmTTSBvtiRlJ']
Dappy	Wiley	1	['3zgKEF4I4ILmTTSBvtiRlJ']
Kranium	Tory Lanez	1	['3zgKEF4I4ILmTTSBvtiRlJ']
Kranium	Wiley	1	['3zgKEF4I4ILmTTSBvtiRlJ']
Tory Lanez	Wiley	1	['3zgKEF4I4ILmTTSBvtiRlJ']
M Huncho	Yxng Bane	1	['3akDp4kBJVXBgSnYTOYbMB']
Katy Perry	Zedd	1	['2XWjPtKdi5sucFYtVav07d']
6ix9ine	Tory Lanez	1	['6Gy7rXB6Ku5vIWC7WGWsl3']
Fredo	Young T & Bugsey	1	['0mfEHC4z5a7533o7VNOH2c']
Stay Flee Get Lizzy	Young T & Bugsey	1	['0mfEHC4z5a7533o7VNOH2c']
Jme	KSI	1	['2zomOrcP6peq11Zr13DRQT']
Jme	Randolph	1	['2zomOrcP6peq11Zr13DRQT']
H.E.R.	Stormzy	1	['2DdI0KRBuxV5Km0bkm67yh']
21 Savage	Post Malone	1	['0e7ipj03S05BNilyu5bRzt']
Big Sean	Chris Brown	1	['6Dq8FZrvx9S28iyaKSwn9x']
Big Sean	DJ Khaled	1	['6Dq8FZrvx9S28iyaKSwn9x']
Big Sean	Lil Wayne	1	['6Dq8FZrvx9S28iyaKSwn9x']
Chris Brown	DJ Khaled	1	['6Dq8FZrvx9S28iyaKSwn9x']
Chris Brown	Lil Wayne	1	['6Dq8FZrvx9S28iyaKSwn9x']
DJ Khaled	Lil Wayne	1	['6Dq8FZrvx9S28iyaKSwn9x']
Nafe Smallz	Yxng Bane	1	['2BCB7BfbOxdRrIrzf8qLh4']
Dave	Ed Sheeran	1	['2qRN7PWiHRLprw4FpDeI9N']
Dave	Paulo Londra	1	['2qRN7PWiHRLprw4FpDeI9N']
Ed Sheeran	Paulo Londra	1	['2qRN7PWiHRLprw4FpDeI9N']
A Boogie Wit da Hoodie	Summer Walker	1	['4Qxn47gWPSucovKrMyRf1z']
Clipse	Kanye West	1	['0oPOuDmmkVp3h6puekhs6P']
Clipse	Kenny G	1	['0oPOuDmmkVp3h6puekhs6P']
Kanye West	Kenny G	1	['0oPOuDmmkVp3h6puekhs6P']
A Boogie Wit da Hoodie	Khalid	1	['6PYnUsNEpYC7A4BS2sjw3L']
Blake Shelton	Gwen Stefani	1	['2OQ6a4CfUeYskpTTgyawyJ']
Mitchell Ayres & His Orchestra	Perry Como	1	['2pXpURmn6zC5ZYDMms6fwa']
Mitchell Ayres & His Orchestra	The Fontane Sisters	1	['2pXpURmn6zC5ZYDMms6fwa']
Perry Como	The Fontane Sisters	1	['2pXpURmn6zC5ZYDMms6fwa']
Jhené Aiko	Summer Walker	1	['7EkiMl81fUHVwpItgtzI4r']
Anne-Marie	James Arthur	1	['6mQLN3zRtAp6ovjusyYKrV']
Jax Jones	Jess Glynne	1	['3eS1VMcEmq2IUgpaeDysCb']
Drake	Kyla	1	['1zi7xx7UVEFkmKfv06H8x0']
Drake	WizKid	1	['1zi7xx7UVEFkmKfv06H8x0']
Kyla	WizKid	1	['1zi7xx7UVEFkmKfv06H8x0']
Empress Of	Khalid	1	['4AhSkRYioEIfGvCV19peYN']
Eminem	Joyner Lucas	1	['60SdxE8apGAxMiRrpbmLY0']
Future	Travis Scott	1	['3WRIaWsws011vHMd9uzPjG']
Crazy Cousinz	Unknown T	1	['4XsG4fUG2oAA5KVnGJqLw1']
Lil Baby	Young Thug	1	['1GeNui6m825V8jP4uKiIaH']
Calvin Harris	Dua Lipa	1	['7ef4DlsgrMEH11cDZd32M6']
BlocBoy JB	Drake	1	['4qKcDkK6siZ7Jp1Jb4m0aL']
OFB	Yxng Bane	1	['0eoBz79KtUGtpS3Tm8Zqst']
One Acen	Yungen	1	['3mTSAVBL7yd7iHAaglXUPY']
Austyn Johnson	Cameron Seely	1	['66y7x28jXOPrcmu3D5Zjh6']
Austyn Johnson	Hugh Jackman	1	['66y7x28jXOPrcmu3D5Zjh6']
Cameron Seely	Hugh Jackman	1	['66y7x28jXOPrcmu3D5Zjh6']
Estelle	Kanye West	1	['22UDw8rSfLbUsaAGTXQ4Z8']
Julia Michaels	Niall Horan	1	['5WtfUKzXircvW8l5aaVZWT']
Michael Bublé	Shania Twain	1	['2gbCG4Rt9984UZ7Tc0dIFd']
Keala Settle	Zac Efron	1	['43ay9lQZ5rfNcOOHhRF2cM']
The Greatest Showman Ensemble	Zac Efron	1	['43ay9lQZ5rfNcOOHhRF2cM']
Kodak Black	Offset	1	['0FZ4Dmg8jJJAPJnvBIzD9z']
Kodak Black	Travis Scott	1	['0FZ4Dmg8jJJAPJnvBIzD9z']
BTS	Lauv	1	['314ZkcV7oLWG8yWE7LABvH']
Dan Reynolds	YUNGBLUD	1	['4KzOYxD4qIkUtZV9ZYakGu']
French Montana	Swae Lee	1	['3B54sVLJ402zGa6Xm4YGNe']
Gunna	Lil Baby	1	['78QR3Wp35dqAhFEc2qAGjE']
Lil Pump	Maluma	1	['2LskIZrCeLxRvCiGP8gxlh']
Lil Pump	Swae Lee	1	['2LskIZrCeLxRvCiGP8gxlh']
Lil Pump	XXXTENTACION	1	['2LskIZrCeLxRvCiGP8gxlh']
Maluma	Swae Lee	1	['2LskIZrCeLxRvCiGP8gxlh']
Maluma	XXXTENTACION	1	['2LskIZrCeLxRvCiGP8gxlh']
Swae Lee	XXXTENTACION	1	['2LskIZrCeLxRvCiGP8gxlh']
Bruno Mars	Gucci Mane	1	['2G1tXoGBaEMJ7FKGnkf6ud']
Bruno Mars	Kodak Black	1	['2G1tXoGBaEMJ7FKGnkf6ud']
Gucci Mane	Kodak Black	1	['2G1tXoGBaEMJ7FKGnkf6ud']
Alan Walker	Farruko	1	['4n7jnSxVLd8QioibtTDBDq']
Alan Walker	Sabrina Carpenter	1	['4n7jnSxVLd8QioibtTDBDq']
Farruko	Sabrina Carpenter	1	['4n7jnSxVLd8QioibtTDBDq']
D-Block Europe	Ling Hussle	1	['3GDPQVjCQj1WyJGJhAj53E']
Krept & Konan	Ling Hussle	1	['3GDPQVjCQj1WyJGJhAj53E']
B Live	Cheb Rabi	1	['57FYmXLG6tuXkBuYDSB74C']
B Live	Skepta	1	['57FYmXLG6tuXkBuYDSB74C']
Cheb Rabi	Skepta	1	['57FYmXLG6tuXkBuYDSB74C']
Chip	Roddy Ricch	1	['1ogmtYEsS4ywfLIhMee5bu']
Chip	The Plug	1	['1ogmtYEsS4ywfLIhMee5bu']
Chip	Yxng Bane	1	['1ogmtYEsS4ywfLIhMee5bu']
Roddy Ricch	The Plug	1	['1ogmtYEsS4ywfLIhMee5bu']
Roddy Ricch	Yxng Bane	1	['1ogmtYEsS4ywfLIhMee5bu']
The Plug	Yxng Bane	1	['1ogmtYEsS4ywfLIhMee5bu']
Chris Brown	Lil Dicky	1	['10Igtw8bSDyyFs7KIsKngZ']
Lil Peep	XXXTENTACION	1	['4jvjzW7Hm0yK4LvvE0Paz9']
Eminem	Nate Dogg	1	['4xkOaSrkexMciUUogZKVTS']
Ed Sheeran	H.E.R.	1	['3FHXUqaUer9o231Je1zxIN']
SHAED	ZAYN	1	['1iQDltZqI7BXnHrFy4Qo1k']
Larry Walsh	Mark Linett	1	['5xlS0QkVrSH7ssEbBgBzbM']
Larry Walsh	Sweet	1	['5xlS0QkVrSH7ssEbBgBzbM']
Larry Walsh	The Beach Boys	1	['5xlS0QkVrSH7ssEbBgBzbM']
Mark Linett	Sweet	1	['5xlS0QkVrSH7ssEbBgBzbM']
Mark Linett	The Beach Boys	1	['5xlS0QkVrSH7ssEbBgBzbM']
Sweet	The Beach Boys	1	['5xlS0QkVrSH7ssEbBgBzbM']
Drake	PARTYNEXTDOOR	1	['5bvnqVuq7UFl0txSlHpsfS']
Ed Sheeran	Travis Scott	1	['1DhRbox3xkceP64k3JeYfW']
Ellie Goulding	Juice WRLD	1	['6kls8cSlUyHW2BUOkDJIZE']
Blueface	French Montana	1	['40Zb4FZ6nS1Hj8RVfaLkCV']
Blueface	Lil Tjay	1	['40Zb4FZ6nS1Hj8RVfaLkCV']
French Montana	Lil Tjay	1	['40Zb4FZ6nS1Hj8RVfaLkCV']
Bastille	London Contemporary Orchestra	1	['6lYNtepnbJVzR0tAxj2lW7']
Bastille	Marshmello	1	['2dpaYNEQHiRxtZbfNsse99']
Snoop Dogg	Tory Lanez	1	['0BpYTh0O2ut5wvt0QtDGt4']
Ed Sheeran	J Hus	1	['1Bdptrvb7nQkq8kCw3siE9']
Ed Sheeran	Young Thug	1	['1Bdptrvb7nQkq8kCw3siE9']
J Hus	Young Thug	1	['1Bdptrvb7nQkq8kCw3siE9']
Anuel AA	Bantu	1	['4Uy3kNxW2kB8AEoXljEcth']
Anuel AA	Nicki Minaj	1	['4Uy3kNxW2kB8AEoXljEcth']
Bantu	Nicki Minaj	1	['4Uy3kNxW2kB8AEoXljEcth']
Kehlani	Zedd	1	['5aUSEPNd3m5xliFK4pn5mU']
Dzeko	Post Malone	1	['4kWO6O1BUXcZmaxitpVUwp']
Dzeko	Preme	1	['4kWO6O1BUXcZmaxitpVUwp']
Dzeko	Tiësto	1	['4kWO6O1BUXcZmaxitpVUwp']
Post Malone	Preme	1	['4kWO6O1BUXcZmaxitpVUwp']
Post Malone	Tiësto	1	['4kWO6O1BUXcZmaxitpVUwp']
Preme	Tiësto	1	['4kWO6O1BUXcZmaxitpVUwp']
Diplo	Jonas Brothers	1	['4fwo6czG5nvOQMzhOto1ya']
Blade Brown	GRM Daily	1	['3nacJ5sdpq7WyBxtJm1A3w']
Blade Brown	Not3s	1	['3nacJ5sdpq7WyBxtJm1A3w']
GRM Daily	Not3s	1	['3nacJ5sdpq7WyBxtJm1A3w']
DJ Khaled	J Balvin	1	['4U6ubKsTd8RBDP5tPPhh7I']
DJ Khaled	Jeremih	1	['4U6ubKsTd8RBDP5tPPhh7I']
DJ Khaled	Lil Baby	1	['4U6ubKsTd8RBDP5tPPhh7I']
DJ Khaled	Meek Mill	1	['4U6ubKsTd8RBDP5tPPhh7I']
J Balvin	Jeremih	1	['4U6ubKsTd8RBDP5tPPhh7I']
J Balvin	Lil Baby	1	['4U6ubKsTd8RBDP5tPPhh7I']
J Balvin	Meek Mill	1	['4U6ubKsTd8RBDP5tPPhh7I']
Jeremih	Lil Baby	1	['4U6ubKsTd8RBDP5tPPhh7I']
Jeremih	Meek Mill	1	['4U6ubKsTd8RBDP5tPPhh7I']
Logic	Marshmello	1	['4EAV2cKiqKP5UPZmY6dejk']
DJ Khaled	Post Malone	1	['0b6UoVjUzFyZNpHI0aAhKt']
DJ Khaled	Travis Scott	1	['0b6UoVjUzFyZNpHI0aAhKt']
Fredo	MoStack	1	['5IgNWTxx7yRQ7hA1raV46e']
Da Beatfreakz	Dappy	1	['0Q8aQ6xUAFOGCd0vR32FPf']
Da Beatfreakz	Deno	1	['0Q8aQ6xUAFOGCd0vR32FPf']
Dappy	Swarmz	1	['0Q8aQ6xUAFOGCd0vR32FPf']
Deno	Swarmz	1	['0Q8aQ6xUAFOGCd0vR32FPf']
Krept & Konan	Spice	1	['6jL9fAnZpIvdS8p9I1ToBR']
Krept & Konan	Tory Lanez	1	['6jL9fAnZpIvdS8p9I1ToBR']
Spice	Tory Lanez	1	['6jL9fAnZpIvdS8p9I1ToBR']
CamelPhat	Jake Bugg	1	['4esEsg9IxiTAGMBQLe9XOu']
Camila Cabello	Young Thug	1	['1rfofaqEpACxVEHIZBJe6W']
Cadet	Deno	1	['1fp2uoWXPca3mIdxRHIgQm']
Becky Hill	Weiss (UK)	1	['6u8epWzzk3CsJ05sqExF6T']
Dave	Headie One	1	['0G1GIn5gGoe5iLHvVC5FM0']
Lotto Boyzz	M.O	1	['70eehEqNug7oAhozjhG21t']
Lotto Boyzz	Mr Eazi	1	['70eehEqNug7oAhozjhG21t']
M.O	Mr Eazi	1	['70eehEqNug7oAhozjhG21t']
Aitch	Young T & Bugsey	1	['23GvTfcGK454ppLsts3W44']
Normani	Sam Smith	1	['6Qs4SXO9dwPj5GKvVOv8Ki']
Kygo	Rita Ora	1	['3y3brCCecHC3Db18aIOnny']
AJ x Deno	EO	1	['0lstGz2advSx5VqY8olvzt']
Ed Sheeran	Skrillex	1	['5d1rmWWF1725tnYjq6rMDB']
Cardi B	DJ Snake	1	['4w8niZpiMy6qz1mntFA5uM']
Cardi B	Ozuna	1	['4w8niZpiMy6qz1mntFA5uM']
Cardi B	Selena Gomez	1	['4w8niZpiMy6qz1mntFA5uM']
DJ Snake	Ozuna	1	['4w8niZpiMy6qz1mntFA5uM']
DJ Snake	Selena Gomez	1	['4w8niZpiMy6qz1mntFA5uM']
Ozuna	Selena Gomez	1	['4w8niZpiMy6qz1mntFA5uM']
Dimension	Sub Focus	1	['507UUx311ghfFTMSuHUeyS']
Oliver Heldens	Riton	1	['0qaWEvPkts34WF68r8Dzx9']
Oliver Heldens	Vula	1	['0qaWEvPkts34WF68r8Dzx9']
Riton	Vula	1	['0qaWEvPkts34WF68r8Dzx9']
NAV	The Weeknd	1	['4RbbzNY4MEcgzewYWkIsGu']
Dean Lewis	Martin Garrix	1	['7pWK1kMgHy5lNNiIfuRbkP']
AJ Tracey	Steel Banglez	1	['78KyOmqWmqLkQcXO1cA7MO']
Dolapo	MoStack	1	['1qat51qbnivZQaOvAMObpX']
Drake	French Montana	1	['04MLEeAMuV9IlHEsD8vF6A']
Bonn	Martin Garrix	1	['1ahVFh0ViDZr8LvkEVlq3B']
Daddy Yankee	Snow	1	['5w9c2J52mkdntKOmRLeM2m']
LANY	Lauv	1	['3GRSqlALWISqLeNncZMbpX']
Jack & Jack	Jonas Blue	1	['3KLygy1YWhmrQx0GRs7IOx']
KSI	Lil Baby	1	['4etKC4ngPKsQDHUMnYgV3A']
KSI	Rick Ross	1	['4etKC4ngPKsQDHUMnYgV3A']
KSI	S-X	1	['4etKC4ngPKsQDHUMnYgV3A']
Lil Baby	Rick Ross	1	['4etKC4ngPKsQDHUMnYgV3A']
Lil Baby	S-X	1	['4etKC4ngPKsQDHUMnYgV3A']
Rick Ross	S-X	1	['4etKC4ngPKsQDHUMnYgV3A']
Stormzy	Yebba	1	['2ixNRyMUQnlcmnox8xBTL5']
James Arthur	Martin Jensen	1	['2qfEcCkEo5NscA9GL7ER72']
