source	target	weight	avg_streams
dance pop	pop	190	8494509.122448979
pop	pop	160	8917200.777777778
pop rap	rap	154	5248284.825
pop	post-teen pop	144	8562016.787234042
uk hip hop	uk hip hop	131	7099227.013333334
rap	trap	130	6629746.414285715
pop	pop rap	119	5913775.065789472
grime	uk hip hop	117	7658449.083333332
rap	rap	105	5737329.907894737
pop	tropical house	105	8019784.3
pop	rap	101	4408728.737704918
hip hop	rap	100	5664629.631578947
pop rap	trap	90	5850098.333333332
dance pop	post-teen pop	87	9864706.49122807
dance pop	tropical house	85	8258034.777777777
edm	pop	84	8131321.102040816
hip hop	pop rap	71	6455248.813953487
dance pop	edm	69	8741444.0
rap	southern hip hop	66	4957385.365853659
dance pop	dance pop	66	8351614.02
uk drill	uk hip hop	64	4399064.9655172415
dance pop	pop rap	63	6406796.888888889
pop	trap	62	3633883.763157895
melodic rap	rap	58	5746656.951219512
pop rap	pop rap	58	6768521.066666666
hip hop	trap	52	6512273.228571429
pop	uk pop	52	12324121.92857143
post-teen pop	tropical house	51	7805065.390243903
dance pop	rap	50	3800134.35483871
electropop	pop	49	7333922.676470588
london rap	uk hip hop	46	7898399.541666668
edm	tropical house	46	9283322.73076923
hip hop	pop	46	4907849.107142857
pop rap	southern hip hop	44	6062101.925925926
melodic rap	trap	43	7014829.028571429
pop	uk dance	43	11530434.76923077
edm	post-teen pop	42	8317515.666666668
dance pop	uk dance	40	10810543.739130436
house	pop	40	12546677.826086955
pop rap	post-teen pop	40	6874163.352941178
melodic rap	pop rap	39	4528907.228571429
southern hip hop	trap	38	4418935.727272728
atl hip hop	rap	37	6926907.25
trap	trap	37	5115552.0
dance pop	trap	35	2717510.75
dance pop	house	34	11871239.6
dance pop	uk pop	32	13091755.961538462
post-teen pop	post-teen pop	32	11791500.5
tropical house	tropical house	30	9081189.884615384
tropical house	uk pop	30	11256895.2
grime	grime	30	5534528.75
tropical house	uk dance	29	11429662.294117644
pop	southern hip hop	29	3085282.111111112
electro house	pop	28	6828107.666666668
dance pop	electropop	28	6406564.75
rap	uk hip hop	28	2882769.1818181816
melodic rap	pop	28	3948071.8
manchester hip hop	uk hip hop	27	8552221.933333334
edm	uk pop	27	11319462.125
house	tropical house	26	10903747.529411763
grime	uk drill	26	4813551.647058823
pop	r&b	25	6358776.333333332
pop rap	r&b	25	3603693.0
r&b	rap	25	3541380.3684210526
atl hip hop	pop rap	24	5180102.0
post-teen pop	rap	24	5182907.833333333
pop rap	uk hip hop	24	4124057.461538462
grime	london rap	24	8078365.375
post-teen pop	uk dance	23	9803927.444444444
hip hop	hip hop	23	6107856.842105263
electropop	post-teen pop	23	8093311.05
hip hop	southern hip hop	23	7784189.153846154
canadian pop	pop	23	11350061.2
edm	uk dance	22	11566269.25
rap	urban contemporary	22	1187393.7272727273
miami hip hop	rap	22	2833542.0
edm	house	21	10702147.642857144
latin	pop	21	2944295.6153846155
hip hop	melodic rap	21	5687295.6
dance pop	hip hop	21	5112212.0
post-teen pop	uk pop	21	13753606.10526316
house	uk dance	20	10825853.0
trap	uk hip hop	20	2498140.0
pop	uk hip hop	19	8540620.666666666
atl hip hop	trap	19	5304490.071428572
house	post-teen pop	19	10860045.466666667
post-teen pop	trap	19	4357332.352941177
dfw rap	rap	19	6323737.733333332
pop rap	urban contemporary	19	2203620.727272727
electropop	tropical house	19	5225932.142857143
dfw rap	trap	18	9789565.25
latin	pop rap	18	3233904.25
gangster rap	rap	18	6772917.3125
canadian pop	rap	18	7888045.714285715
dirty south rap	rap	18	3626904.0
afro dancehall	uk hip hop	18	13637760.42857143
birmingham grime	uk hip hop	18	7790918.928571427
alternative r&b	pop	18	10692129.3125
dance pop	electro house	17	7640892.75
pop	reggaeton	17	3197031.0
hollywood	show tunes	17	6340958.5
trap	urban contemporary	17	2043043.7777777773
miami hip hop	trap	17	2937329.6
pop rap	uk pop	17	11517162.75
latin	rap	16	3621041.8
pop rap	reggaeton	16	3742653.3
rap	reggaeton	16	3621041.8
edm	edm	16	8110535.357142857
canadian hip hop	rap	16	7559285.5
rap	toronto rap	16	7994146.6
melodic rap	southern hip hop	16	3640036.4375
r&b	trap	16	2047003.0909090908
dance pop	southern hip hop	16	3311900.222222222
grime	pop	15	9649317.4
atl trap	rap	15	7563189.666666668
big room	dance pop	15	7075221.2
big room	pop	15	7469122.0
dance pop	latin	15	2187463.1818181816
edm	pop rap	15	6735795.214285715
melodic rap	uk hip hop	15	3023261.666666666
canadian hip hop	pop rap	15	8321372.4
canadian pop	pop rap	15	8124029.076923078
dancehall	uk hip hop	15	14821006.0
pop rap	tropical house	15	7660015.2727272725
atl hip hop	pop	15	1973075.083333333
uk dancehall	uk hip hop	15	9630838.9
edm	electropop	15	5890580.666666668
atl hip hop	hip hop	14	4908599.0
conscious hip hop	rap	14	6295985.636363638
melodic rap	melodic rap	14	3777144.75
grime	manchester hip hop	14	2274687.6
grime	rap	14	3465486.153846153
dirty south rap	pop rap	14	3325104.8
instrumental grime	uk hip hop	14	3029745.916666666
birmingham grime	grime	14	8850855.363636363
miami hip hop	pop rap	14	2754958.6
rap	uk pop	14	11844506.7
pop	urban contemporary	14	5354528.25
electro house	post-teen pop	13	8838373.583333334
grime	pop rap	13	5574313.0
pop rap	toronto rap	13	8561143.166666666
dfw rap	pop rap	13	5234928.75
afro dancehall	grime	13	6154830.583333332
grime	uk alternative hip hop	13	2847672.7142857136
hip hop	r&b	13	5623929.625
hip hop	post-teen pop	13	4276048.111111111
hip hop	urban contemporary	13	2544578.4285714286
atl hip hop	southern hip hop	12	4540553.2
electro house	tropical house	12	7021400.7
melodic rap	post-teen pop	12	3181172.666666666
canadian hip hop	trap	12	7444363.916666668
uk dance	uk pop	12	12916283.333333336
chicago rap	trap	12	5775644.111111111
latin	trap	11	1880825.7142857143
reggaeton	trap	11	1880825.7142857143
atl trap	pop rap	11	4210536.777777778
dance pop	r&b	11	5730515.4
chicago rap	melodic rap	11	5504261.7
manchester hip hop	uk drill	11	11580540.75
dance pop	reggaeton	11	2219570.25
canadian hip hop	uk hip hop	11	2245373.8571428573
toronto rap	uk hip hop	11	2245373.8571428573
canadian pop	trap	11	7616333.9
toronto rap	trap	11	8026908.909090909
atl hip hop	melodic rap	11	8878589.363636363
house	uk pop	11	13214512.909090908
chicago rap	pop rap	11	4319189.888888889
canadian pop	dance pop	11	12713096.8
canadian hip hop	pop	11	3841336.1818181816
london rap	uk drill	11	13423290.833333336
post-teen pop	uk hip hop	11	3215262.571428572
dance pop	melodic rap	11	2979849.3636363638
modern rock	pop	11	10259018.75
post-teen pop	southern hip hop	11	4258506.7
grime	uk pop	10	9620770.142857144
edm	electro house	10	6500427.444444444
big room	tropical house	10	8351784.875
movie tunes	show tunes	10	9489429.4
dirty south rap	hip hop	10	3820017.25
gangster rap	pop rap	10	5205665.6
uk hip hop	ukg revival	10	11457898.125
chicago rap	pop	10	6280787.5
contemporary country	pop	10	2725467.375
hollywood	post-teen pop	10	17062942.8
post-teen pop	show tunes	10	9580062.0
dancehall	grime	10	7507488.285714285
chicago rap	rap	10	5916202.714285715
southern hip hop	urban contemporary	10	2771102.8
dirty south rap	trap	10	2071472.0
latin	post-teen pop	10	3124310.666666666
uk hip hop	uk pop	9	10214198.57142857
philly rap	rap	9	6503702.333333332
electro house	uk dance	9	10665569.833333334
dance pop	disco house	9	6735816.333333332
house	house	9	9186934.333333334
disco house	pop	9	6735816.333333332
detroit hip hop	pop rap	9	3655413.4285714286
detroit hip hop	rap	9	3655413.4285714286
grime	trap	9	3539726.75
hip hop	toronto rap	9	8001377.111111111
rap	trap soul	9	4173441.222222222
uk alternative hip hop	uk hip hop	9	3591584.4
pop	toronto rap	9	4466488.222222222
conscious hip hop	pop rap	9	7468798.25
show tunes	show tunes	9	7437910.8
emo rap	trap	9	9114505.8
pop	swedish pop	9	2590471.875
atl hip hop	dance pop	9	1477967.5
post-teen pop	r&b	9	9267491.875
metropopolis	pop	9	10515831.666666666
brostep	pop	9	9407069.125
electropop	electropop	9	10588727.142857144
atl trap	trap	8	2941395.6
big room	uk dance	8	12569027.2
dance pop	vocal house	8	7853323.0
big room	edm	8	7872017.0
disco house	house	8	7661969.571428573
disco house	uk dance	8	7995967.2
pop	vocal house	8	7853323.0
detroit hip hop	hip hop	8	3655413.4285714286
g funk	rap	8	3585655.571428572
hollywood	movie tunes	8	9489429.4
edm	rap	8	3979946.7142857136
grime	melodic rap	8	3590926.0
canadian hip hop	hip hop	8	8552378.0
canadian hip hop	southern hip hop	8	9101683.125
canadian pop	hip hop	8	10769916.5
gangster rap	hip hop	8	7522384.5
southern hip hop	toronto rap	8	9101683.125
electro house	uk pop	8	13499015.0
afro dancehall	pop	8	6914765.142857143
dancehall	pop	8	10086837.857142856
nigerian hip hop	pop	8	6914765.142857143
nigerian pop	pop	8	6914765.142857143
emo rap	rap	8	8370491.833333332
conscious hip hop	pop	8	6293744.666666668
hip hop	uk pop	8	9864191.57142857
trap	uk pop	8	10619895.285714284
art pop	pop	8	3982211.666666666
uk drill	uk drill	8	2100298.0
r&b	southern hip hop	8	2771102.8
southern hip hop	southern hip hop	8	5292449.666666667
pop rap	trap latino	8	4960322.5
rap	trap latino	8	5887885.8
pop	trap latino	8	4367780.666666667
pop	progressive house	8	9125318.333333334
moombahton	pop	8	7076772.0
hip hop	miami hip hop	8	4004348.5
atl trap	hip hop	7	5813140.166666668
philly rap	trap	7	1741072.8
uk dance	uk dance	7	10042276.0
uk dance	vocal house	7	9707888.25
dance pop	filter house	7	8094252.0
filter house	pop	7	8094252.0
big room	post-teen pop	7	10112839.285714284
g funk	pop rap	7	3585655.571428572
g funk	hip hop	7	4112294.666666666
conscious hip hop	hip hop	7	2081229.666666667
pop house	uk dance	7	20493946.6
canadian pop	southern hip hop	7	9919965.857142856
atl hip hop	dfw rap	7	10266620.142857144
dfw rap	southern hip hop	7	3314485.571428572
dfw rap	pop	7	3098946.0
birmingham hip hop	uk hip hop	7	7511869.333333332
canadian hip hop	dance pop	7	5530119.285714285
conscious hip hop	trap	7	9288338.666666666
contemporary country	post-teen pop	7	2447648.1428571427
hollywood	hollywood	7	7371447.2
dance pop	hollywood	7	19767885.0
dance pop	show tunes	7	10692358.0
show tunes	social media pop	7	10692358.0
instrumental grime	uk alternative hip hop	7	2116758.4
grime	instrumental grime	7	2911927.833333333
art pop	dance pop	7	4713097.6
art pop	post-teen pop	7	4713097.6
pop	uk contemporary r&b	7	6133962.2
atl hip hop	post-teen pop	7	1881622.4285714286
cali rap	pop rap	7	2663799.6
cali rap	rap	7	2663799.6
pop	progressive electro house	7	8040595.166666668
hip pop	pop	7	7182482.75
dirty south rap	pop	7	1005833.1428571428
miami hip hop	pop	7	1005833.1428571428
chicago rap	hip hop	7	785919.4
grime	uk dancehall	7	7076913.166666668
pop	pop edm	7	3352386.0
atl trap	southern hip hop	6	3565159.25
trap soul	uk hip hop	6	1376786.5
electro house	house	6	8504725.666666666
disco house	tropical house	6	6735816.333333332
filter house	uk dance	6	10647315.333333334
edm	latin	6	2869183.666666666
edm	trap	6	5370741.0
canadian hip hop	grime	6	2728948.8
grime	toronto rap	6	2728948.8
grime	swedish gangsta rap	6	7534615.0
swedish gangsta rap	uk hip hop	6	7534615.0
country	pop rap	6	20586123.33333333
pop rap	trap soul	6	3727687.8
dfw rap	hip hop	6	3901822.333333334
birmingham hip hop	grime	6	8947707.8
dance pop	toronto rap	6	6279077.666666668
nc hip hop	rap	6	6621074.5
conscious hip hop	melodic rap	6	9364698.666666666
alternative r&b	electropop	6	13387887.4
hollywood	social media pop	6	10692358.0
rap	rock	6	3780460.0
emo rap	melodic rap	6	10372438.75
melodic rap	miami hip hop	6	437253.5
birmingham grime	uk alternative hip hop	6	2461432.75
rap	uk alternative hip hop	6	2461432.75
emo	pop	6	9296889.5
indietronica	pop	6	7515231.0
dance pop	swedish pop	6	3490986.0
dance pop	neo soul	6	17623989.5
neo soul	pop	6	17623989.5
dance pop	uk contemporary r&b	6	6331549.5
tropical house	uk contemporary r&b	6	6331549.5
uk contemporary r&b	uk pop	6	6531002.25
atl hip hop	uk hip hop	6	3469105.8
pop	trap soul	6	4820135.8
alternative r&b	dance pop	6	7883494.833333332
cali rap	trap	6	2663799.6
swedish pop	tropical house	6	1093301.2
pop	talent show	6	7937178.333333332
chicago rap	southern hip hop	6	785919.4
london rap	manchester hip hop	6	9700565.25
gangster rap	trap	6	2427187.166666666
gangster rap	pop	6	4529818.2
post-teen pop	reggaeton	6	4146777.0
pop	tropical	6	3593387.5
pop rap	reggaeton flow	6	3004046.5
pop	queens hip hop	6	7591388.0
pop	pop rock	6	9747316.666666666
bmore	pop	6	7076772.0
ninja	pop	6	7076772.0
miami hip hop	southern hip hop	6	4732585.2
disco house	edm	5	6705058.2
big room	house	5	9976014.2
tropical house	vocal house	5	7853323.0
rap	uk drill	5	2320614.2
grime	nigerian hip hop	5	3853438.4
grime	nigerian pop	5	3853438.4
afro dancehall	uk drill	5	8048379.2
nigerian hip hop	uk hip hop	5	16956692.4
nigerian pop	uk hip hop	5	16956692.4
electropop	melodic rap	5	3765847.0
canadian hip hop	r&b	5	6891638.6
r&b	toronto rap	5	6891638.6
birmingham grime	london rap	5	9354576.4
afro dancehall	uk contemporary r&b	5	6186608.4
canadian contemporary r&b	pop	5	7387872.5
canadian contemporary r&b	rap	5	1359271.333333333
melodic rap	r&b	5	3318350.0
emo rap	pop rap	5	8505224.8
melodic rap	uk pop	5	11271050.8
indie pop	pop	5	9271863.8
pop	swedish electropop	5	3450340.6
pop	viral pop	5	18641903.0
canadian pop	post-teen pop	5	18211869.8
post-teen pop	viral pop	5	18641903.0
modern rock	pop rap	5	5247548.8
grime	ukg revival	5	11088693.25
neo soul	tropical house	5	23333021.33333333
uk pop	uk pop	5	6238050.6
electropop	pop rap	5	8904961.8
r&b	urban contemporary	5	2771102.8
alternative r&b	post-teen pop	5	11180435.5
atl trap	pop	5	2730282.5
southern hip hop	uk hip hop	5	1756005.666666667
brostep	dance pop	5	7864009.5
dance pop	metropopolis	5	2573320.2
edm	swedish pop	5	774261.25
metropopolis	tropical house	5	4149340.4
electropop	uk dance	5	6215779.0
brostep	pop rap	5	4915719.25
rap	tropical house	5	5542517.333333333
trap	tropical house	5	9250380.666666666
dance pop	hip pop	5	8070240.666666668
atl hip hop	miami hip hop	5	4609383.4
dance pop	talent show	5	8221578.4
brostep	rap	5	1752980.0
latin pop	pop	5	3760638.666666666
latin pop	post-teen pop	5	3760638.666666666
post-teen pop	tropical	5	3535591.666666666
pop house	tropical house	5	16623551.0
rap	reggaeton flow	5	3197395.5
dance pop	pop edm	5	2569125.333333333
edm	pop edm	5	2569125.333333333
pop edm	tropical house	5	2569125.333333333
progressive house	tropical house	5	3845730.333333334
uk contemporary r&b	uk hip hop	5	1476175.25
bmore	dance pop	5	7076772.0
dance pop	moombahton	5	7076772.0
dance pop	ninja	5	7076772.0
canadian pop	tropical house	5	13034273.333333336
house	pop rap	5	13122498.25
house	progressive house	5	7643181.0
afropop	rap	5	2094206.25
philly rap	pop rap	5	8719562.5
nyc rap	uk hip hop	5	993692.5
pop	puerto rican pop	5	5841993.0
dance pop	urban contemporary	5	1083677.25
dirty south rap	southern hip hop	5	996689.25
electro house	rap	5	2870912.5
edm	r&b	4	10717780.25
r&b	tropical house	4	10717780.25
edm	filter house	4	8094252.0
edm	vocal house	4	8094252.0
house	vocal house	4	9707888.25
filter house	tropical house	4	8094252.0
dmv rap	hip hop	4	2906829.75
dmv rap	rap	4	2906829.75
birmingham grime	manchester hip hop	4	2635249.0
manchester hip hop	uk alternative hip hop	4	2608137.25
boy band	electropop	4	3344997.75
boy band	pop	4	3344997.75
boy band	tropical house	4	3344997.75
edm	reggaeton	4	2808018.75
electronic trap	latin	4	2808018.75
electronic trap	reggaeton	4	2808018.75
electronic trap	pop rap	4	2808018.75
electronic trap	rap	4	2808018.75
canadian hip hop	post-teen pop	4	2906546.5
canadian hip hop	gangster rap	4	6659009.25
canadian pop	dirty south rap	4	6643345.25
gangster rap	toronto rap	4	6659009.25
country	country rap	4	20586123.33333333
country	lgbtq+ hip hop	4	20586123.33333333
country road	pop rap	4	20586123.33333333
melodic rap	trap soul	4	3738671.0
melodic rap	uk drill	4	2202233.5
pop rap	uk drill	4	1270205.5
atl trap	melodic rap	4	8871909.25
melodic rap	philly rap	4	2076806.75
art pop	pop rap	4	3139182.0
art pop	rap	4	730589.5
indie r&b	rap	4	730589.5
indietronica	rap	4	730589.5
rap	uk alternative pop	4	730589.5
afropop	uk hip hop	4	1300262.333333333
birmingham grime	uk drill	4	3095992.0
instrumental grime	uk drill	4	4028020.0
chicago rap	post-teen pop	4	3530135.5
birmingham grime	pop	4	3929372.333333334
pop	uk alternative hip hop	4	2682820.5
pop	uk drill	4	3929372.333333334
melodic rap	nc hip hop	4	6621074.5
alternative r&b	tropical house	4	12819985.666666664
dancehall	uk contemporary r&b	4	7642729.0
nigerian hip hop	uk contemporary r&b	4	7642729.0
nigerian pop	uk contemporary r&b	4	7642729.0
outlaw country	pop	4	1470149.0
broadway	show tunes	4	9628752.0
pop	soundtrack	4	1847411.5
rap	soundtrack	4	1847411.5
melodic rap	urban contemporary	4	1163324.5
album rock	rap	4	6007196.0
birmingham metal	rap	4	6007196.0
hard rock	rap	4	6007196.0
metal	rap	4	6007196.0
london rap	uk alternative hip hop	4	2910544.666666666
social media pop	uk hip hop	4	458171.5
dance pop	modern rock	4	5057167.25
baroque pop	pop	4	7748067.0
dance pop	swedish electropop	4	3490986.0
indie r&b	pop	4	1995932.0
dance pop	viral pop	4	16226938.0
edm	modern rock	4	6607538.5
modern rock	tropical house	4	6607538.5
london rap	ukg revival	4	13791881.666666664
neo soul	pop rap	4	5397705.0
dance pop	uk funky	4	6898774.5
pop	uk funky	4	6898774.5
post-teen pop	uk funky	4	6898774.5
pop rap	uk dance	4	9104580.5
neo soul	uk pop	4	7848110.5
atl trap	uk hip hop	4	3497081.5
electropop	trap	4	6240333.333333332
dance pop	dfw rap	4	2210348.75
electropop	rap	4	2535929.0
etherpop	rap	4	2535929.0
indie poptimism	rap	4	2535929.0
post-teen pop	trap soul	4	5770186.0
canadian pop	uk pop	4	24106108.75
detroit hip hop	pop	4	4825046.333333333
cali rap	hip hop	4	2672745.5
cali rap	southern hip hop	4	2672745.5
hip hop	uk hip hop	4	2440054.5
indie poptimism	pop	4	22520781.0
brostep	uk pop	4	8154126.0
brostep	tropical house	4	10055173.333333334
edm	metropopolis	4	5061568.25
electropop	house	4	7423511.5
pop rap	progressive electro house	4	1160513.0
hip pop	rap	4	3403634.75
r&b	uk pop	4	14781272.5
atl hip hop	dirty south rap	4	2727921.0
atl hip hop	urban contemporary	4	397716.0
hip hop	latin	4	3334602.0
hip hop	reggaeton	4	3334602.0
chicago rap	dance pop	4	3535483.0
uk alternative hip hop	uk drill	4	799875.5
talent show	tropical house	4	7343346.5
dance pop	progressive electro house	4	2298013.333333333
k-pop	pop	4	3210390.0
latin	reggaeton	4	7872931.0
dance pop	latin pop	4	3760638.666666666
dance pop	tropical	4	3535591.666666666
pop	reggaeton flow	4	3129390.0
dance pop	pop house	4	19868199.0
edm	pop house	4	16834959.333333332
pop	pop house	4	19868199.0
dancehall	pop rap	4	11458899.666666664
latin	southern hip hop	4	2082456.0
reggaeton	southern hip hop	4	2082456.0
contemporary country	dance pop	4	1457448.25
dance pop	progressive house	4	7982464.666666668
edm	progressive house	4	3845730.333333334
post-teen pop	progressive house	4	10997212.666666666
grime	uk contemporary r&b	4	1476175.25
complextro	pop	4	2209596.5
electropop	metropopolis	4	6639537.333333332
deep groove house	house	4	9270306.666666666
canadian pop	edm	4	13034273.333333336
pop	trap queen	4	4744254.333333333
progressive house	uk dance	4	7643181.0
alternative r&b	pop rap	4	11093736.5
afropop	pop rap	4	2625821.666666666
dancehall	uk dancehall	4	15883946.0
pop rap	uk dancehall	4	15883946.0
dance pop	puerto rican pop	4	5841993.0
dance pop	trap latino	4	2487982.666666666
big room	rap	4	3216273.0
atl hip hop	philly rap	3	1514033.666666667
atl trap	philly rap	3	1514033.666666667
big room	r&b	3	13448523.0
filter house	house	3	10647315.333333334
disco house	post-teen pop	3	10647315.333333334
filter house	post-teen pop	3	10647315.333333334
post-teen pop	vocal house	3	10647315.333333334
conscious hip hop	detroit hip hop	3	3168485.333333333
detroit hip hop	dmv rap	3	3168485.333333333
conscious hip hop	g funk	3	3168485.333333333
dmv rap	g funk	3	3168485.333333333
birmingham hip hop	manchester hip hop	3	3190286.333333333
british indie rock	rap rock	3	2182824.333333333
modern alternative rock	rap rock	3	2182824.333333333
modern rock	rap rock	3	2182824.333333333
rap rock	rock	3	2182824.333333333
electronic trap	trap	3	1491101.333333333
broadway	movie tunes	3	13958117.333333336
post-teen pop	toronto rap	3	3529939.0
canadian hip hop	dirty south rap	3	8736738.666666666
canadian pop	gangster rap	3	8736738.666666666
dirty south rap	toronto rap	3	8736738.666666666
swedish gangsta rap	ukg revival	3	9885865.0
country rap	country road	3	20586123.33333333
country road	lgbtq+ hip hop	3	20586123.33333333
canadian hip hop	uk drill	3	839664.3333333335
toronto rap	uk drill	3	839664.3333333335
trap	uk drill	3	839664.3333333335
atl trap	dfw rap	3	11680432.0
afropop	grime	3	1355823.333333333
azonto	grime	3	1355823.333333333
afropop	uk drill	3	1300262.333333333
pop edm	uk pop	3	11019550.666666666
chicago rap	electropop	3	4585792.333333333
manchester hip hop	pop	3	3213485.333333333
birmingham hip hop	pop	3	3929372.333333334
uk drill	uk pop	3	4613144.0
canadian pop	r&b	3	11107231.666666666
atl hip hop	conscious hip hop	3	6993789.666666668
canadian contemporary r&b	electro house	3	11022344.333333334
canadian pop	electro house	3	11022344.333333334
afro dancehall	birmingham grime	3	12280156.333333336
afro dancehall	london rap	3	29187613.66666667
london rap	london rap	3	12400933.0
broadway	hollywood	3	9628752.0
broadway	post-teen pop	3	9628752.0
movie tunes	post-teen pop	3	9628752.0
canadian contemporary r&b	pop rap	3	1359271.333333333
canadian hip hop	urban contemporary	3	2443413.0
toronto rap	urban contemporary	3	2443413.0
london rap	rap	3	3130950.0
modern rock	post-teen pop	3	6312386.333333332
chicago rap	uk pop	3	15772601.0
pop rap	vapor trap	3	8623587.0
dance pop	indie pop	3	5631575.0
indie pop	post-teen pop	3	5631575.0
dance pop	indietronica	3	5099670.0
london rap	pop	3	1355607.666666667
london rap	uk contemporary r&b	3	622373.3333333335
modern rock	progressive house	3	8379548.0
big room	pop rap	3	12624254.0
pop rap	progressive house	3	8744062.333333334
post-teen pop	uk contemporary r&b	3	6926798.666666668
edm	neo soul	3	23333021.33333333
neo soul	uk dance	3	23333021.33333333
edm	uk contemporary r&b	3	6747341.0
pop rap	uk funky	3	6656581.333333332
etherpop	pop rap	3	13694084.666666664
indie poptimism	pop rap	3	13694084.666666664
alternative r&b	rap	3	2345028.0
british indie rock	pop rap	3	1515440.0
modern alternative rock	pop rap	3	1515440.0
pop rap	rock	3	1515440.0
dfw rap	melodic rap	3	12327519.666666664
gangster rap	melodic rap	3	10759402.333333334
dancehall	rap	3	3759710.333333334
dancehall	trap	3	3759710.333333334
pop	shimmer pop	3	9683552.666666666
brostep	post-teen pop	3	10055173.333333334
big room	uk pop	3	11839476.333333336
dance pop	dutch edm	3	13945749.0
dance pop	trance	3	13945749.0
dutch edm	pop	3	13945749.0
pop	trance	3	13945749.0
dutch edm	tropical house	3	13945749.0
trance	tropical house	3	13945749.0
british indie rock	pop	3	2439948.5
modern alternative rock	pop	3	2439948.5
pop	rock	3	2439948.5
southern hip hop	uk pop	3	7078853.0
hip pop	trap	3	5480435.0
hip pop	pop rap	3	7702468.0
indie r&b	indie soul	3	416251.5
dance pop	trap soul	3	4750220.0
country road	pop	3	2920752.0
hip hop	trap latino	3	4077895.0
neo soul	rap	3	405745.0
chicago rap	r&b	3	822535.3333333335
chicago rap	urban contemporary	3	358632.66666666674
rap	west coast rap	3	885575.3333333335
chicago rap	miami hip hop	3	1803908.0
edm	talent show	3	7417096.0
birmingham indie	uk hip hop	3	17529253.0
birmingham grime	pop rap	3	5822597.0
london rap	uk dancehall	3	20024500.666666668
uk dancehall	uk drill	3	1381112.666666667
desi hip hop	uk hip hop	3	2561829.0
desi pop	uk hip hop	3	2561829.0
punjabi pop	uk hip hop	3	2561829.0
east coast hip hop	rap	3	7525312.333333332
hip hop	instrumental grime	3	6776387.0
instrumental grime	rap	3	9400950.5
instrumental grime	trap	3	9400950.5
edm	europop	3	5349241.333333333
europop	tropical house	3	5349241.333333333
big room	swedish pop	3	1199072.0
canadian pop	electropop	3	6769238.0
progressive electro house	rap	3	1021333.5
dance pop	k-pop	3	3718012.0
electropop	latin	3	5112052.0
latin hip hop	pop	3	4532832.0
post-teen pop	reggaeton flow	3	2810697.5
latin hip hop	pop rap	3	4532832.0
pop rap	tropical	3	4532832.0
dance pop	queens hip hop	3	6662497.5
hip pop	post-teen pop	3	6662497.5
post-teen pop	queens hip hop	3	6662497.5
reggaeton flow	trap	3	3197395.5
trap	trap latino	3	3197395.5
latin hip hop	rap	3	3766775.0
perreo	rap	3	3766775.0
rap	tropical	3	3766775.0
country	dance pop	3	1556063.333333333
country	pop	3	1556063.333333333
country	post-teen pop	3	1556063.333333333
progressive electro house	tropical house	3	2801761.0
edm	indietronica	3	2285823.5
electro house	electropop	3	3373902.666666666
electro house	pop edm	3	2569125.333333333
dance pop	deep big room	3	3272886.5
deep big room	tropical house	3	3272886.5
pop edm	post-teen pop	3	4039344.666666666
german techno	pop	3	2129134.0
bmore	post-teen pop	3	8685214.333333334
electropop	uk pop	3	9484143.333333334
moombahton	post-teen pop	3	8685214.333333334
moombahton	tropical house	3	7950293.5
ninja	post-teen pop	3	8685214.333333334
deep house	house	3	6742075.0
australian pop	pop	3	11737727.333333336
electro house	pop rap	3	7749217.666666668
edm	pop rock	3	1894095.666666667
neo mellow	pop	3	2358574.666666666
pop rock	tropical house	3	1894095.666666667
dance pop	trap queen	3	4744254.333333333
escape room	pop	3	3347112.0
post-teen pop	trap queen	3	4744254.333333333
k-pop	post-teen pop	3	3232585.0
k-pop boy group	pop	3	3232585.0
k-pop boy group	post-teen pop	3	3232585.0
edm	moombahton	3	6295537.0
grime	vapor trap	3	534869.6666666665
rap	vapor trap	3	2012321.0
metropopolis	post-teen pop	3	3731561.666666666
pop	video game music	3	2251445.0
afropop	post-teen pop	3	1312206.333333333
afropop	pop	3	1801971.0
afropop	hip hop	3	2622373.5
house	pop house	3	12401901.0
dance pop	deep groove house	3	10608188.5
deep groove house	pop	3	10608188.5
deep groove house	tropical house	3	10608188.5
deep groove house	uk dance	3	10608188.5
afro dancehall	rap	3	2468533.666666666
azonto	rap	3	2468533.666666666
nigerian hip hop	rap	3	2468533.666666666
nigerian pop	rap	3	2468533.666666666
house	uk hip hop	3	10700189.666666666
dancehall	house	3	15883946.0
pop	uk dancehall	3	24837227.0
conscious hip hop	urban contemporary	3	430029.5
dirty south rap	melodic rap	3	1031343.0
grime	nyc rap	3	993692.5
aussie drill	uk hip hop	3	1599477.0
post-teen pop	puerto rican pop	3	5841993.0
philly rap	pop	3	2116895.5
etherpop	pop	3	18169089.0
dirty south rap	r&b	3	603052.3333333335
miami hip hop	r&b	3	603052.3333333335
house	rap	3	5073469.0
instrumental grime	social media pop	3	5104382.5
new orleans rap	pop rap	3	914126.0
new orleans rap	rap	3	914126.0
florida rap	rap	3	10926884.5
latin	miami hip hop	3	2240455.5
miami hip hop	reggaeton	3	2240455.5
emo rap	miami hip hop	3	2917158.5
post-teen pop	trap latino	3	2487982.666666666
atl trap	dance pop	3	1989837.0
canadian hip hop	trap soul	2	1036436.5
toronto rap	trap soul	2	1036436.5
trap	trap soul	2	1036436.5
dfw rap	philly rap	2	2071982.0
art pop	hip hop	2	730589.5
art pop	southern hip hop	2	730589.5
art pop	trap	2	730589.5
hip hop	indie r&b	2	730589.5
indie r&b	pop rap	2	730589.5
indie r&b	southern hip hop	2	730589.5
indie r&b	trap	2	730589.5
hip hop	indietronica	2	730589.5
indietronica	pop rap	2	730589.5
indietronica	southern hip hop	2	730589.5
indietronica	trap	2	730589.5
hip hop	uk alternative pop	2	730589.5
pop rap	uk alternative pop	2	730589.5
southern hip hop	uk alternative pop	2	730589.5
trap	uk alternative pop	2	730589.5
dance pop	gauze pop	2	8748835.5
edm	gauze pop	2	8748835.5
gauze pop	house	2	8748835.5
gauze pop	pop	2	8748835.5
gauze pop	tropical house	2	8748835.5
gauze pop	uk dance	2	8748835.5
azonto	uk drill	2	1784055.0
nigerian hip hop	uk drill	2	1784055.0
nigerian pop	uk drill	2	1784055.0
azonto	uk hip hop	2	1784055.0
birmingham grime	trap soul	2	4542039.0
grime	trap soul	2	4542039.0
instrumental grime	trap soul	2	4542039.0
alternative r&b	uk pop	2	25973386.0
manchester hip hop	uk pop	2	4613144.0
birmingham grime	uk pop	2	4613144.0
birmingham hip hop	uk pop	2	4613144.0
uk alternative hip hop	uk pop	2	4613144.0
atl trap	conscious hip hop	2	10309102.0
conscious hip hop	gangster rap	2	10309102.0
atl hip hop	nc hip hop	2	10309102.0
atl trap	nc hip hop	2	10309102.0
gangster rap	nc hip hop	2	10309102.0
nc hip hop	pop rap	2	10309102.0
nc hip hop	trap	2	10309102.0
canadian contemporary r&b	destroy techno	2	3972829.0
canadian pop	destroy techno	2	3972829.0
destroy techno	pop	2	3972829.0
alternative r&b	house	2	18104256.0
alternative r&b	uk dance	2	18104256.0
florida rap	melodic rap	2	2842465.0
melodic rap	vapor trap	2	2842465.0
afro dancehall	alternative r&b	2	2591647.5
afro dancehall	indie anthem-folk	2	2591647.5
afro dancehall	indie r&b	2	2591647.5
afro dancehall	indie soul	2	2591647.5
alternative r&b	dancehall	2	2591647.5
dancehall	indie anthem-folk	2	2591647.5
dancehall	indie r&b	2	2591647.5
dancehall	indie soul	2	2591647.5
alternative r&b	nigerian hip hop	2	2591647.5
indie anthem-folk	nigerian hip hop	2	2591647.5
indie r&b	nigerian hip hop	2	2591647.5
indie soul	nigerian hip hop	2	2591647.5
alternative r&b	nigerian pop	2	2591647.5
indie anthem-folk	nigerian pop	2	2591647.5
indie r&b	nigerian pop	2	2591647.5
indie soul	nigerian pop	2	2591647.5
outlaw country	post-teen pop	2	1470149.0
contemporary country	uk pop	2	1470149.0
outlaw country	uk pop	2	1470149.0
broadway	dance pop	2	9628752.0
broadway	social media pop	2	9628752.0
dance pop	movie tunes	2	9628752.0
movie tunes	social media pop	2	9628752.0
pop rap	soundtrack	2	1847411.5
canadian contemporary r&b	soundtrack	2	1847411.5
canadian pop	soundtrack	2	1847411.5
afro dancehall	uk pop	2	7599861.0
dancehall	uk pop	2	7599861.0
nigerian hip hop	uk pop	2	7599861.0
nigerian pop	uk pop	2	7599861.0
album rock	dfw rap	2	6007196.0
album rock	melodic rap	2	6007196.0
birmingham metal	dfw rap	2	6007196.0
birmingham metal	melodic rap	2	6007196.0
dfw rap	hard rock	2	6007196.0
hard rock	melodic rap	2	6007196.0
dfw rap	metal	2	6007196.0
melodic rap	metal	2	6007196.0
dfw rap	rock	2	6007196.0
melodic rap	rock	2	6007196.0
uk alternative hip hop	uk alternative hip hop	2	3934972.0
instrumental grime	london rap	2	3934972.0
social media pop	social media pop	2	458171.5
baroque pop	dance pop	2	7748067.0
baroque pop	post-teen pop	2	7748067.0
dance pop	emo	2	7748067.0
emo	post-teen pop	2	7748067.0
conscious hip hop	uk pop	2	17125884.5
dark trap	pop rap	2	10525249.5
indietronica	post-teen pop	2	5984755.0
post-teen pop	swedish electropop	2	5984755.0
dance pop	swedish indie pop	2	5984755.0
pop	swedish indie pop	2	5984755.0
post-teen pop	swedish indie pop	2	5984755.0
post-teen pop	swedish pop	2	5984755.0
indie soul	pop	2	752497.0
indie r&b	uk contemporary r&b	2	752497.0
indie soul	uk contemporary r&b	2	752497.0
uk alternative hip hop	uk contemporary r&b	2	752497.0
emo	pop rap	2	10845712.0
pop punk	pop rap	2	10845712.0
big room	emo	2	10845712.0
edm	emo	2	10845712.0
emo	progressive house	2	10845712.0
emo	tropical house	2	10845712.0
big room	modern rock	2	10845712.0
big room	pop punk	2	10845712.0
edm	pop punk	2	10845712.0
pop	pop punk	2	10845712.0
pop punk	progressive house	2	10845712.0
pop punk	tropical house	2	10845712.0
afro dancehall	ukg revival	2	20360625.5
neo soul	post-teen pop	2	7848110.5
pop rap	uk contemporary r&b	2	7848110.5
liquid funk	neo soul	2	7848110.5
neo soul	uk funky	2	7848110.5
liquid funk	uk contemporary r&b	2	7848110.5
uk contemporary r&b	uk dance	2	7848110.5
uk contemporary r&b	uk funky	2	7848110.5
dance pop	liquid funk	2	7848110.5
liquid funk	pop	2	7848110.5
liquid funk	post-teen pop	2	7848110.5
liquid funk	tropical house	2	7848110.5
tropical house	uk funky	2	7848110.5
liquid funk	uk pop	2	7848110.5
uk funky	uk pop	2	7848110.5
liquid funk	pop rap	2	7848110.5
chicago rap	nyc rap	2	6050183.0
atl hip hop	electropop	2	2535929.0
atl hip hop	etherpop	2	2535929.0
atl hip hop	indie poptimism	2	2535929.0
electropop	southern hip hop	2	2535929.0
etherpop	southern hip hop	2	2535929.0
indie poptimism	southern hip hop	2	2535929.0
etherpop	trap	2	2535929.0
indie poptimism	trap	2	2535929.0
dfw rap	electropop	2	2535929.0
dfw rap	etherpop	2	2535929.0
etherpop	melodic rap	2	2535929.0
dfw rap	indie poptimism	2	2535929.0
indie poptimism	melodic rap	2	2535929.0
dfw rap	post-teen pop	2	2535929.0
r&b	r&b	2	6023178.5
r&b	trap soul	2	6023178.5
trap soul	urban contemporary	2	6023178.5
dfw rap	nc hip hop	2	2933047.0
alternative r&b	chicago rap	2	1198915.5
g funk	pop	2	6780506.5
detroit hip hop	uk pop	2	6780506.5
g funk	uk pop	2	6780506.5
post-teen pop	social media pop	2	13854460.5
pop rap	rap rock	2	1553724.0
rap	rap rock	2	1553724.0
british indie rock	rap	2	1553724.0
modern alternative rock	rap	2	1553724.0
modern rock	rap	2	1553724.0
alternative r&b	r&b	2	1447322.0
rap	uk dancehall	2	4335162.0
trap	uk dancehall	2	4335162.0
canadian contemporary r&b	uk pop	2	12928333.5
electropop	progressive electro house	2	15775973.5
indie poptimism	progressive electro house	2	15775973.5
indietronica	progressive electro house	2	15775973.5
brostep	metropopolis	2	33467816.0
metropopolis	progressive electro house	2	33467816.0
dutch edm	post-teen pop	2	13945749.0
post-teen pop	trance	2	13945749.0
dutch edm	uk pop	2	13945749.0
trance	uk pop	2	13945749.0
country rap	pop rap	2	1950111.5
lgbtq+ hip hop	pop rap	2	1950111.5
country rap	rap	2	1950111.5
lgbtq+ hip hop	rap	2	1950111.5
edm	swedish electropop	2	997217.0
swedish electropop	tropical house	2	997217.0
metropopolis	uk dance	2	2652810.5
brostep	modern rock	2	20076028.5
modern rock	progressive electro house	2	20076028.5
arabic hip hop	uk hip hop	2	388821.0
hip pop	uk pop	2	11310116.5
hip hop	hip pop	2	7702468.0
hip pop	southern hip hop	2	7702468.0
hip hop	tropical house	2	10885727.0
southern hip hop	tropical house	2	10885727.0
hip pop	tropical house	2	10885727.0
alternative r&b	indie r&b	2	371792.0
indie soul	indie soul	2	416251.5
indie soul	london rap	2	416251.5
indie soul	uk alternative hip hop	2	416251.5
girl group	pop	2	9124842.0
girl group	pop rap	2	9124842.0
pop rap	talent show	2	9124842.0
chicago rap	hip pop	2	846221.5
pop rap	west coast rap	2	1162156.0
birmingham hip hop	uk drill	2	1649945.0
country rap	k-pop	2	538252.0
k-pop	lgbtq+ hip hop	2	538252.0
k-pop	pop rap	2	538252.0
birmingham grime	birmingham hip hop	2	1507787.0
birmingham indie	grime	2	17529253.0
london rap	pop rap	2	2042367.5
birmingham grime	desi hip hop	2	2561829.0
birmingham grime	desi pop	2	2561829.0
birmingham grime	punjabi pop	2	2561829.0
desi hip hop	grime	2	2561829.0
desi pop	grime	2	2561829.0
grime	punjabi pop	2	2561829.0
birmingham grime	dancehall	2	2561829.0
birmingham grime	uk dancehall	2	2561829.0
birmingham grime	hip hop	2	5305312.5
grime	hip hop	2	5305312.5
instrumental grime	pop rap	2	9400950.5
grime	southern hip hop	2	4735636.5
instrumental grime	southern hip hop	2	9400950.5
cali rap	gangster rap	2	901284.5
cali rap	melodic rap	2	875847.5
big room	electropop	2	2471764.0
dance pop	europop	2	1152017.5
europop	pop	2	1152017.5
electropop	swedish pop	2	1991744.5
cali rap	pop	2	847515.0
brostep	trap	2	2253395.5
latin	latin	2	7872931.0
reggaeton	reggaeton	2	7872931.0
dance pop	reggaeton flow	2	2810697.5
electropop	latin pop	2	5112052.0
latin pop	pop rap	2	3178350.5
electropop	tropical	2	5112052.0
electropop	reggaeton	2	5298889.0
pop	pop reggaeton	2	5298889.0
latin hip hop	post-teen pop	2	5298889.0
pop reggaeton	post-teen pop	2	5298889.0
hip pop	r&b	2	3054849.0
queens hip hop	r&b	2	3054849.0
canadian hip hop	emo rap	2	5089157.5
queens hip hop	rap	2	6778858.5
queens hip hop	trap	2	2777789.0
dancehall	post-teen pop	2	3672416.5
post-teen pop	uk dancehall	2	3672416.5
manchester hip hop	pop rap	2	968537.0
canadian hip hop	dancehall	2	4769736.0
dancehall	melodic rap	2	4769736.0
dancehall	toronto rap	2	4769736.0
reggae fusion	uk hip hop	2	2608807.0
hip hop	reggaeton flow	2	3197395.5
reggaeton flow	southern hip hop	2	3197395.5
southern hip hop	trap latino	2	3197395.5
perreo	pop rap	2	3766775.0
deep big room	edm	2	3272886.5
big room	pop edm	2	3272886.5
post-teen pop	progressive electro house	2	2801761.0
electropop	progressive house	2	3935131.5
indietronica	tropical house	2	2285823.5
deep big room	pop	2	3329500.0
dance pop	future house	2	3329500.0
future house	pop	2	3329500.0
future house	tropical house	2	3329500.0
edm	indie poptimism	2	3329500.0
edm	nyc pop	2	3329500.0
tropical house	uk hip hop	2	372435.5
bmore	tropical house	2	7950293.5
bmore	uk pop	2	11994385.5
electropop	moombahton	2	7950293.5
moombahton	uk pop	2	11994385.5
ninja	tropical house	2	7950293.5
ninja	uk pop	2	11994385.5
disco house	tech house	2	6826975.5
house	tech house	2	6826975.5
deep groove house	deep house	2	6594543.0
deep groove house	disco house	2	6594543.0
deep house	disco house	2	6594543.0
grime	post-teen pop	2	5025615.5
australian pop	post-teen pop	2	17035402.0
edm	latin pop	2	2991513.5
latin	tropical house	2	2991513.5
latin pop	tropical house	2	2991513.5
baile pop	dance pop	2	1057812.0
baile pop	pop	2	1057812.0
dance pop	funk carioca	2	1057812.0
funk carioca	pop	2	1057812.0
dance pop	funk das antigas	2	1057812.0
funk das antigas	pop	2	1057812.0
dance pop	pagode baiano	2	1057812.0
pagode baiano	pop	2	1057812.0
birmingham grime	ukg revival	2	19175050.0
rap	ukg revival	2	1683518.0
electropop	melodic dubstep	2	7182182.0
melodic dubstep	pop	2	7182182.0
dance pop	neo mellow	2	1410399.5
dance pop	pop rock	2	1807707.5
electro house	pop rock	2	1807707.5
manchester hip hop	manchester hip hop	2	4347372.5
dance pop	escape room	2	4856777.0
dance pop	minnesota hip hop	2	4856777.0
minnesota hip hop	pop	2	4856777.0
escape room	post-teen pop	2	4856777.0
minnesota hip hop	post-teen pop	2	4856777.0
electropop	k-pop	2	4005115.5
dance pop	k-pop boy group	2	4005115.5
electropop	k-pop boy group	2	4005115.5
pop	scandipop	2	13685176.0
bmore	edm	2	6295537.0
edm	ninja	2	6295537.0
birmingham grime	underground hip hop	2	608350.5
grime	underground hip hop	2	608350.5
instrumental grime	underground hip hop	2	608350.5
rap	underground hip hop	2	608350.5
birmingham grime	vapor trap	2	608350.5
instrumental grime	vapor trap	2	608350.5
edm	indie pop	2	3083681.0
indie pop	tropical house	2	3083681.0
candy pop	electropop	2	3134735.0
deep tech house	house	2	4103845.5
deep tech house	progressive house	2	4103845.5
disco house	progressive house	2	4103845.5
progressive house	progressive house	2	4103845.5
edm	video game music	2	2251445.0
moombahton	video game music	2	2251445.0
tropical house	video game music	2	2251445.0
alternative r&b	edm	2	2251445.0
alternative r&b	moombahton	2	2251445.0
glam rock	rock	2	6651896.0
atl hip hop	r&b	2	684680.5
east coast hip hop	pop	2	6746286.0
afropop	dance pop	2	1801971.0
afropop	r&b	2	1801971.0
east coast hip hop	hip hop	2	6746286.0
afrobeat	hip hop	2	971224.0
hip hop	malian blues	2	971224.0
hip hop	mande pop	2	971224.0
hip hop	wassoulou	2	971224.0
hip hop	world	2	971224.0
afrobeat	pop rap	2	971224.0
malian blues	pop rap	2	971224.0
mande pop	pop rap	2	971224.0
pop rap	wassoulou	2	971224.0
pop rap	world	2	971224.0
afrobeat	rap	2	971224.0
malian blues	rap	2	971224.0
mande pop	rap	2	971224.0
rap	wassoulou	2	971224.0
rap	world	2	971224.0
edm	urban contemporary	2	19633516.0
tropical house	urban contemporary	2	19633516.0
deep groove house	pop house	2	10608188.5
deep groove house	uk pop	2	10608188.5
adult standards	canadian pop	2	1602347.5
brostep	edm	2	16181338.0
dutch edm	edm	2	16181338.0
edm	trance	2	16181338.0
canadian pop	uk dance	2	15960319.0
latin	r&b	2	421463.5
r&b	reggaeton	2	421463.5
brostep	melodic rap	2	2347702.5
dancehall	uk tech house	2	24837227.0
pop	uk tech house	2	24837227.0
pop rap	uk tech house	2	24837227.0
uk dancehall	uk tech house	2	24837227.0
uk hip hop	uk tech house	2	24837227.0
dance pop	uk dancehall	2	24837227.0
dance pop	uk hip hop	2	24837227.0
adult standards	dance pop	2	2328081.5
contemporary country	hip pop	2	2046027.0
country	hip pop	2	2046027.0
country road	dance pop	2	2046027.0
country road	hip pop	2	2046027.0
country road	post-teen pop	2	2046027.0
progressive house	uk pop	2	22295493.0
alternative r&b	trap	2	3056552.5
alternative r&b	trap soul	2	1247893.5
chicago rap	dirty south rap	2	380651.0
conscious hip hop	dance pop	2	430029.5
conscious hip hop	dirty south rap	2	430029.5
conscious hip hop	miami hip hop	2	430029.5
conscious hip hop	southern hip hop	2	430029.5
atl hip hop	chicago rap	2	380651.0
dirty south rap	post-teen pop	2	1270382.5
miami hip hop	post-teen pop	2	1270382.5
canadian pop	urban contemporary	2	1978267.5
post-teen pop	urban contemporary	2	1444358.5
canadian pop	melodic rap	2	373078.0
house	neo-singer-songwriter	2	7059408.0
neo-singer-songwriter	progressive house	2	7059408.0
atl hip hop	atl hip hop	2	425342.0
boston hip hop	hip hop	2	2218206.5
boston hip hop	rap	2	2218206.5
hip hop	philly rap	2	15357493.5
hip hop	queens hip hop	2	8520278.5
houston rap	pop	2	4519209.0
houston rap	pop rap	2	4519209.0
pop rap	queens hip hop	2	4519209.0
pop rap	trap queen	2	4519209.0
aussie drill	grime	2	1599477.0
edm	puerto rican pop	2	5841993.0
candy pop	pop	2	3480075.5
australian pop	tropical house	2	3455709.5
afro dancehall	post-teen pop	2	1482697.5
afro dancehall	pop rap	2	3453120.5
azonto	pop rap	2	3453120.5
nigerian hip hop	pop rap	2	3453120.5
nigerian pop	pop rap	2	3453120.5
azonto	pop	2	2632718.0
alternative r&b	etherpop	2	18169089.0
atl hip hop	country	2	829990.0
atl trap	country	2	829990.0
country	gangster rap	2	829990.0
country	melodic rap	2	829990.0
country	rap	2	829990.0
country	trap	2	829990.0
post-teen pop	talent show	2	9428302.0
queens hip hop	uk pop	2	12127927.0
dirty south rap	urban contemporary	2	447515.5
miami hip hop	urban contemporary	2	447515.5
urban contemporary	urban contemporary	2	447515.5
dance pop	gangster rap	2	2039215.5
hip hop	neo mellow	2	496894.0
hip hop	neo soul	2	496894.0
neo mellow	pop rap	2	496894.0
neo mellow	rap	2	496894.0
neo mellow	southern hip hop	2	496894.0
neo soul	southern hip hop	2	496894.0
neo mellow	trap	2	496894.0
neo soul	trap	2	496894.0
gangster rap	urban contemporary	2	496894.0
dfw rap	trap soul	2	6440905.5
gangster rap	uk pop	2	8861572.5
detroit hip hop	gangster rap	2	6426881.0
g funk	gangster rap	2	6426881.0
canadian hip hop	house	2	5073469.0
house	melodic rap	2	5073469.0
melodic rap	uk dancehall	2	6610303.0
house	toronto rap	2	5073469.0
house	trap	2	5073469.0
basshall	grime	2	6930665.0
basshall	uk hip hop	2	6930665.0
complextro	post-teen pop	2	2612899.5
german techno	post-teen pop	2	2612899.5
grime	social media pop	2	490229.0
dance pop	dirty south rap	2	656131.5
dance pop	miami hip hop	2	656131.5
dance pop	detroit hip hop	2	914126.0
detroit hip hop	trap	2	914126.0
hip hop	new orleans rap	2	914126.0
new orleans rap	southern hip hop	2	914126.0
new orleans rap	trap	2	914126.0
dance pop	new orleans rap	2	914126.0
new orleans rap	pop	2	914126.0
rap	smooth jazz	2	1377847.0
rap	smooth saxophone	2	1377847.0
atl hip hop	gangster rap	2	5082438.5
atl trap	gangster rap	2	5082438.5
atl hip hop	atl trap	2	446341.0
atl hip hop	florida rap	2	10926884.5
florida rap	hip hop	2	10926884.5
florida rap	pop rap	2	10926884.5
florida rap	southern hip hop	2	10926884.5
florida rap	trap	2	10926884.5
emo rap	emo rap	2	2917158.5
emo rap	latin	2	4082774.0
emo rap	reggaeton	2	4082774.0
canadian pop	toronto rap	2	1988180.5
melodic rap	tropical house	2	8141153.5
nyc rap	trap	2	796641.0
big room	dfw rap	2	3216273.0
big room	melodic rap	2	3216273.0
canadian electronic	rap	2	3216273.0
deep big room	rap	2	3216273.0
dfw rap	electro house	2	3216273.0
electro house	melodic rap	2	3216273.0
pop edm	rap	2	3216273.0
big room	canadian hip hop	2	3216273.0
big room	toronto rap	2	3216273.0
big room	trap	2	3216273.0
big room	trap soul	2	3216273.0
canadian hip hop	electro house	2	3216273.0
electro house	toronto rap	2	3216273.0
electro house	trap	2	3216273.0
electro house	trap soul	2	3216273.0
big room	electro house	2	3216273.0
dutch edm	rap	2	3216273.0
rap	trance	2	3216273.0
atl trap	dirty south rap	2	5058336.5
latin	urban contemporary	2	398137.0
reggaeton	urban contemporary	2	398137.0
atl trap	urban contemporary	2	398137.0
dance pop	philly rap	2	398137.0
philly rap	southern hip hop	2	398137.0
philly rap	urban contemporary	2	398137.0
ghanaian hip hop	uk hip hop	2	332677.0
swedish dancehall	uk hip hop	2	332677.0
electronic trap	pop	2	6758771.0
drum and bass	liquid funk	2	3601026.0
rap	social media pop	2	9718536.0
social media pop	trap	2	9718536.0
dfw rap	gangster rap	1	30897332.0
atl hip hop	cali rap	1	8091772.0
celtic	new wave pop	1	10688162.0
celtic punk	new wave pop	1	10688162.0
celtic rock	new wave pop	1	10688162.0
folk punk	new wave pop	1	10688162.0
irish folk	new wave pop	1	10688162.0
new wave pop	punk	1	10688162.0
atl hip hop	dancehall	1	1739659.0
atl hip hop	uk dancehall	1	1739659.0
atl trap	dancehall	1	1739659.0
atl trap	uk dancehall	1	1739659.0
brostep	electropop	1	28222447.0
brostep	indie pop	1	28222447.0
indie pop	progressive electro house	1	28222447.0
brostep	indie poptimism	1	28222447.0
brostep	indietronica	1	28222447.0
brostep	neo-synthpop	1	28222447.0
neo-synthpop	pop	1	28222447.0
neo-synthpop	progressive electro house	1	28222447.0
brostep	shimmer pop	1	28222447.0
progressive electro house	shimmer pop	1	28222447.0
country rap	pop	1	3070233.0
lgbtq+ hip hop	pop	1	3070233.0
dance pop	swedish synthpop	1	380406.0
edm	swedish synthpop	1	380406.0
house	metropopolis	1	380406.0
house	swedish electropop	1	380406.0
house	swedish pop	1	380406.0
house	swedish synthpop	1	380406.0
pop	swedish synthpop	1	380406.0
swedish synthpop	tropical house	1	380406.0
swedish electropop	uk dance	1	380406.0
swedish pop	uk dance	1	380406.0
swedish synthpop	uk dance	1	380406.0
british indie rock	brostep	1	1438872.0
brostep	modern alternative rock	1	1438872.0
brostep	rock	1	1438872.0
british indie rock	progressive electro house	1	1438872.0
modern alternative rock	progressive electro house	1	1438872.0
progressive electro house	rock	1	1438872.0
arabic hip hop	manchester hip hop	1	388821.0
alternative r&b	brostep	1	1197474.0
alternative r&b	progressive electro house	1	1197474.0
edm	hip hop	1	10885727.0
edm	southern hip hop	1	10885727.0
edm	hip pop	1	10885727.0
alternative r&b	indie soul	1	415802.0
alternative r&b	london rap	1	415802.0
alternative r&b	uk alternative hip hop	1	415802.0
indie jazz	indie r&b	1	415802.0
indie jazz	indie soul	1	415802.0
indie jazz	london rap	1	415802.0
indie jazz	uk alternative hip hop	1	415802.0
indie r&b	indie r&b	1	415802.0
indie r&b	london rap	1	415802.0
indie r&b	uk alternative hip hop	1	415802.0
indie r&b	neo r&b	1	415802.0
indie soul	neo r&b	1	415802.0
london rap	neo r&b	1	415802.0
neo r&b	uk alternative hip hop	1	415802.0
indie r&b	neo soul	1	415802.0
indie soul	neo soul	1	415802.0
london rap	neo soul	1	415802.0
neo soul	uk alternative hip hop	1	415802.0
indie r&b	soul	1	415802.0
indie soul	soul	1	415802.0
london rap	soul	1	415802.0
soul	uk alternative hip hop	1	415802.0
girl group	hip hop	1	6515178.0
girl group	r&b	1	6515178.0
girl group	southern hip hop	1	6515178.0
girl group	trap	1	6515178.0
girl group	trap soul	1	6515178.0
hip hop	talent show	1	6515178.0
r&b	talent show	1	6515178.0
southern hip hop	talent show	1	6515178.0
talent show	trap	1	6515178.0
talent show	trap soul	1	6515178.0
trap soul	uk pop	1	6515178.0
brostep	contemporary country	1	4670202.0
contemporary country	progressive electro house	1	4670202.0
brostep	country road	1	4670202.0
country road	progressive electro house	1	4670202.0
chicago rap	gospel	1	799569.0
gospel	rap	1	799569.0
canadian hip hop	latin	1	5838894.0
canadian pop	latin	1	5838894.0
latin	toronto rap	1	5838894.0
canadian hip hop	reggaeton	1	5838894.0
canadian pop	reggaeton	1	5838894.0
reggaeton	toronto rap	1	5838894.0
canadian hip hop	trap latino	1	5838894.0
canadian pop	trap latino	1	5838894.0
toronto rap	trap latino	1	5838894.0
chicago rap	neo soul	1	314596.0
pop	west coast rap	1	1898491.0
instrumental grime	manchester hip hop	1	738061.0
instrumental grime	pop	1	738061.0
instrumental grime	uk pop	1	738061.0
birmingham grime	instrumental grime	1	738061.0
birmingham hip hop	instrumental grime	1	738061.0
chicago rap	emo rap	1	4650422.0
country rap	k-pop boy group	1	538252.0
k-pop boy group	lgbtq+ hip hop	1	538252.0
k-pop boy group	pop rap	1	538252.0
k-hop	k-pop	1	538252.0
k-pop	k-pop	1	538252.0
k-hop	k-pop boy group	1	538252.0
k-pop	k-pop boy group	1	538252.0
country rap	k-hop	1	538252.0
k-hop	lgbtq+ hip hop	1	538252.0
k-hop	pop rap	1	538252.0
dance pop	nc hip hop	1	2981076.0
nc hip hop	pop	1	2981076.0
nc hip hop	post-teen pop	1	2981076.0
dance pop	rap rock	1	3441025.0
electropop	rap rock	1	3441025.0
etherpop	rap rock	1	3441025.0
indie poptimism	rap rock	1	3441025.0
pop	rap rock	1	3441025.0
post-teen pop	rap rock	1	3441025.0
british indie rock	dance pop	1	3441025.0
dance pop	modern alternative rock	1	3441025.0
dance pop	rock	1	3441025.0
british indie rock	electropop	1	3441025.0
electropop	modern alternative rock	1	3441025.0
electropop	modern rock	1	3441025.0
electropop	rock	1	3441025.0
british indie rock	etherpop	1	3441025.0
etherpop	modern alternative rock	1	3441025.0
etherpop	modern rock	1	3441025.0
etherpop	rock	1	3441025.0
british indie rock	indie poptimism	1	3441025.0
indie poptimism	modern alternative rock	1	3441025.0
indie poptimism	modern rock	1	3441025.0
indie poptimism	rock	1	3441025.0
british indie rock	post-teen pop	1	3441025.0
modern alternative rock	post-teen pop	1	3441025.0
post-teen pop	rock	1	3441025.0
birmingham hip hop	desi hip hop	1	2561829.0
birmingham hip hop	desi pop	1	2561829.0
birmingham hip hop	punjabi pop	1	2561829.0
birmingham indie	desi hip hop	1	2561829.0
birmingham indie	desi pop	1	2561829.0
birmingham indie	punjabi pop	1	2561829.0
birmingham grime	birmingham grime	1	2561829.0
birmingham hip hop	london rap	1	2561829.0
birmingham grime	birmingham indie	1	2561829.0
birmingham indie	london rap	1	2561829.0
birmingham indie	uk drill	1	2561829.0
birmingham hip hop	dancehall	1	2561829.0
birmingham hip hop	pop rap	1	2561829.0
birmingham hip hop	uk dancehall	1	2561829.0
birmingham indie	dancehall	1	2561829.0
birmingham indie	pop	1	2561829.0
birmingham indie	pop rap	1	2561829.0
birmingham indie	uk dancehall	1	2561829.0
desi hip hop	london rap	1	2561829.0
desi hip hop	uk drill	1	2561829.0
desi pop	london rap	1	2561829.0
desi pop	uk drill	1	2561829.0
london rap	punjabi pop	1	2561829.0
punjabi pop	uk drill	1	2561829.0
dancehall	desi hip hop	1	2561829.0
desi hip hop	pop	1	2561829.0
desi hip hop	pop rap	1	2561829.0
desi hip hop	uk dancehall	1	2561829.0
dancehall	desi pop	1	2561829.0
desi pop	pop	1	2561829.0
desi pop	pop rap	1	2561829.0
desi pop	uk dancehall	1	2561829.0
dancehall	punjabi pop	1	2561829.0
pop	punjabi pop	1	2561829.0
pop rap	punjabi pop	1	2561829.0
punjabi pop	uk dancehall	1	2561829.0
dancehall	london rap	1	2561829.0
dancehall	uk drill	1	2561829.0
birmingham grime	east coast hip hop	1	9083365.0
east coast hip hop	grime	1	9083365.0
east coast hip hop	instrumental grime	1	9083365.0
birmingham grime	rap	1	9083365.0
birmingham grime	southern hip hop	1	9083365.0
birmingham grime	trap	1	9083365.0
edm	eurodance	1	13743689.0
edm	italo dance	1	13743689.0
eurodance	tropical house	1	13743689.0
italo dance	tropical house	1	13743689.0
cali rap	conscious hip hop	1	955054.0
afro dancehall	manchester hip hop	1	970137.0
big room	europop	1	1614028.0
big room	swedish electropop	1	1614028.0
europop	swedish pop	1	1614028.0
swedish electropop	swedish pop	1	1614028.0
swedish pop	swedish pop	1	1614028.0
colombian pop	rap kreyol	1	317397.0
dance pop	rap kreyol	1	317397.0
latin	rap kreyol	1	317397.0
latin pop	rap kreyol	1	317397.0
pop	rap kreyol	1	317397.0
cali rap	cali rap	1	847515.0
brostep	r&b	1	1290518.0
progressive electro house	r&b	1	1290518.0
progressive electro house	trap	1	1290518.0
k-pop	uk pop	1	3143805.0
dance pop	k-pop girl group	1	3143805.0
k-pop girl group	pop	1	3143805.0
k-pop girl group	uk pop	1	3143805.0
electro house	neo soul	1	54302843.0
house	neo soul	1	54302843.0
neo soul	progressive house	1	54302843.0
latin	latin hip hop	1	5298889.0
latin	latin pop	1	5298889.0
latin	pop reggaeton	1	5298889.0
latin	reggaeton flow	1	5298889.0
latin	tropical	1	5298889.0
latin hip hop	reggaeton	1	5298889.0
latin pop	reggaeton	1	5298889.0
pop reggaeton	reggaeton	1	5298889.0
reggaeton	reggaeton flow	1	5298889.0
reggaeton	tropical	1	5298889.0
dance pop	latin hip hop	1	5298889.0
dance pop	pop reggaeton	1	5298889.0
electropop	latin hip hop	1	5298889.0
electropop	pop reggaeton	1	5298889.0
pop rap	pop reggaeton	1	5298889.0
electropop	reggaeton flow	1	5298889.0
dance pop	emo rap	1	1036369.0
emo rap	hip pop	1	1036369.0
emo rap	pop	1	1036369.0
emo rap	post-teen pop	1	1036369.0
emo rap	queens hip hop	1	1036369.0
canadian hip hop	hip pop	1	1036369.0
canadian hip hop	queens hip hop	1	1036369.0
manchester hip hop	post-teen pop	1	414168.0
dancehall	manchester hip hop	1	414168.0
manchester hip hop	uk dancehall	1	414168.0
grime	reggae fusion	1	2608807.0
canadian hip hop	reggae fusion	1	2608807.0
melodic rap	reggae fusion	1	2608807.0
pop rap	reggae fusion	1	2608807.0
rap	reggae fusion	1	2608807.0
reggae fusion	toronto rap	1	2608807.0
reggae fusion	trap	1	2608807.0
perreo	pop	1	3766775.0
hip hop	latin hip hop	1	3766775.0
hip hop	perreo	1	3766775.0
hip hop	tropical	1	3766775.0
latin hip hop	southern hip hop	1	3766775.0
perreo	southern hip hop	1	3766775.0
southern hip hop	tropical	1	3766775.0
latin hip hop	trap	1	3766775.0
perreo	trap	1	3766775.0
trap	tropical	1	3766775.0
dfw rap	latin	1	3766775.0
dfw rap	latin hip hop	1	3766775.0
dfw rap	perreo	1	3766775.0
dfw rap	reggaeton	1	3766775.0
dfw rap	reggaeton flow	1	3766775.0
dfw rap	trap latino	1	3766775.0
dfw rap	tropical	1	3766775.0
latin	melodic rap	1	3766775.0
latin hip hop	melodic rap	1	3766775.0
melodic rap	perreo	1	3766775.0
melodic rap	reggaeton	1	3766775.0
melodic rap	reggaeton flow	1	3766775.0
melodic rap	trap latino	1	3766775.0
melodic rap	tropical	1	3766775.0
pop rap	pop rock	1	9833503.0
pop rock	rap	1	9833503.0
country dawn	dance pop	1	576136.0
country dawn	pop	1	576136.0
country dawn	post-teen pop	1	576136.0
edm	future house	1	3329500.0
edm	progressive electro house	1	3329500.0
big room	indie poptimism	1	3329500.0
big room	indietronica	1	3329500.0
big room	nyc pop	1	3329500.0
deep big room	electropop	1	3329500.0
deep big room	indie poptimism	1	3329500.0
deep big room	indietronica	1	3329500.0
deep big room	nyc pop	1	3329500.0
deep big room	pop edm	1	3329500.0
deep big room	post-teen pop	1	3329500.0
electro house	indie poptimism	1	3329500.0
electro house	indietronica	1	3329500.0
electro house	nyc pop	1	3329500.0
electropop	future house	1	3329500.0
future house	indie poptimism	1	3329500.0
future house	indietronica	1	3329500.0
future house	nyc pop	1	3329500.0
future house	pop edm	1	3329500.0
future house	post-teen pop	1	3329500.0
electropop	pop edm	1	3329500.0
indie poptimism	pop edm	1	3329500.0
indietronica	pop edm	1	3329500.0
nyc pop	pop edm	1	3329500.0
pop edm	pop edm	1	3329500.0
nyc pop	progressive electro house	1	3329500.0
pop edm	progressive electro house	1	3329500.0
indie poptimism	progressive house	1	3329500.0
indietronica	progressive house	1	3329500.0
nyc pop	progressive house	1	3329500.0
pop edm	progressive house	1	3329500.0
dance pop	indie poptimism	1	3329500.0
dance pop	nyc pop	1	3329500.0
nyc pop	pop	1	3329500.0
indie poptimism	tropical house	1	3329500.0
nyc pop	tropical house	1	3329500.0
grime	tropical house	1	412194.0
contemporary country	pop edm	1	1161603.0
pop edm	texas country	1	1161603.0
complextro	pop edm	1	1161603.0
german techno	pop edm	1	1161603.0
complextro	contemporary country	1	1161603.0
contemporary country	edm	1	1161603.0
contemporary country	electro house	1	1161603.0
contemporary country	german techno	1	1161603.0
contemporary country	tropical house	1	1161603.0
complextro	texas country	1	1161603.0
dance pop	texas country	1	1161603.0
edm	texas country	1	1161603.0
electro house	texas country	1	1161603.0
german techno	texas country	1	1161603.0
pop	texas country	1	1161603.0
post-teen pop	texas country	1	1161603.0
texas country	tropical house	1	1161603.0
bmore	electropop	1	13649142.0
bmore	metropopolis	1	13649142.0
metropopolis	moombahton	1	13649142.0
electropop	ninja	1	13649142.0
metropopolis	ninja	1	13649142.0
bmore	trap	1	13649142.0
moombahton	trap	1	13649142.0
ninja	trap	1	13649142.0
metropopolis	trap	1	13649142.0
bass house	deep groove house	1	6594543.0
bass house	deep house	1	6594543.0
bass house	disco house	1	6594543.0
bass house	house	1	6594543.0
deep groove house	deep groove house	1	6594543.0
deep house	deep house	1	6594543.0
disco house	disco house	1	6594543.0
deep groove house	funky tech house	1	6594543.0
deep house	funky tech house	1	6594543.0
disco house	funky tech house	1	6594543.0
funky tech house	house	1	6594543.0
deep groove house	tech house	1	6594543.0
deep house	tech house	1	6594543.0
bassline	birmingham grime	1	446415.0
bassline	grime	1	446415.0
bassline	instrumental grime	1	446415.0
bassline	rap	1	446415.0
london rap	post-teen pop	1	3120566.0
baile pop	edm	1	1057812.0
baile pop	pop rap	1	1057812.0
baile pop	post-teen pop	1	1057812.0
baile pop	tropical house	1	1057812.0
baile pop	uk pop	1	1057812.0
edm	funk carioca	1	1057812.0
funk carioca	pop rap	1	1057812.0
funk carioca	post-teen pop	1	1057812.0
funk carioca	tropical house	1	1057812.0
funk carioca	uk pop	1	1057812.0
edm	funk das antigas	1	1057812.0
funk das antigas	pop rap	1	1057812.0
funk das antigas	post-teen pop	1	1057812.0
funk das antigas	tropical house	1	1057812.0
funk das antigas	uk pop	1	1057812.0
edm	pagode baiano	1	1057812.0
pagode baiano	pop rap	1	1057812.0
pagode baiano	post-teen pop	1	1057812.0
pagode baiano	tropical house	1	1057812.0
pagode baiano	uk pop	1	1057812.0
baile pop	latin	1	1057812.0
baile pop	latin pop	1	1057812.0
baile pop	mexican pop	1	1057812.0
funk carioca	latin	1	1057812.0
funk carioca	latin pop	1	1057812.0
funk carioca	mexican pop	1	1057812.0
funk das antigas	latin	1	1057812.0
funk das antigas	latin pop	1	1057812.0
funk das antigas	mexican pop	1	1057812.0
latin	pagode baiano	1	1057812.0
latin pop	pagode baiano	1	1057812.0
mexican pop	pagode baiano	1	1057812.0
dance pop	mexican pop	1	1057812.0
edm	mexican pop	1	1057812.0
mexican pop	pop	1	1057812.0
mexican pop	pop rap	1	1057812.0
mexican pop	post-teen pop	1	1057812.0
mexican pop	tropical house	1	1057812.0
latin	uk pop	1	1057812.0
latin pop	uk pop	1	1057812.0
mexican pop	uk pop	1	1057812.0
instrumental grime	ukg revival	1	2979128.0
canadian pop	melodic dubstep	1	7182182.0
dance pop	melodic dubstep	1	7182182.0
melodic dubstep	post-teen pop	1	7182182.0
melodic dubstep	tropical house	1	7182182.0
alternative r&b	grime	1	1665152.0
grime	indie r&b	1	1665152.0
alternative r&b	uk hip hop	1	1665152.0
indie r&b	uk hip hop	1	1665152.0
adult standards	hollywood	1	2120207.0
canadian pop	hollywood	1	2120207.0
hollywood	lounge	1	2120207.0
adult standards	show tunes	1	2120207.0
canadian pop	show tunes	1	2120207.0
lounge	show tunes	1	2120207.0
big room	neo mellow	1	2323905.0
big room	piano rock	1	2323905.0
big room	pop rock	1	2323905.0
dance pop	piano rock	1	2323905.0
edm	neo mellow	1	2323905.0
edm	piano rock	1	2323905.0
electro house	neo mellow	1	2323905.0
electro house	piano rock	1	2323905.0
piano rock	pop	1	2323905.0
neo mellow	tropical house	1	2323905.0
piano rock	tropical house	1	2323905.0
house	talent show	1	10476284.0
talent show	uk dance	1	10476284.0
etherpop	k-pop	1	7551090.0
indie poptimism	k-pop	1	7551090.0
etherpop	k-pop boy group	1	7551090.0
indie poptimism	k-pop boy group	1	7551090.0
dance pop	indie anthem-folk	1	3287759.0
edm	indie anthem-folk	1	3287759.0
indie anthem-folk	pop	1	3287759.0
indie anthem-folk	post-teen pop	1	3287759.0
indie anthem-folk	scandipop	1	3287759.0
indie anthem-folk	swedish electropop	1	3287759.0
indie anthem-folk	swedish pop	1	3287759.0
indie anthem-folk	tropical house	1	3287759.0
indie anthem-folk	uk pop	1	3287759.0
scandipop	uk pop	1	3287759.0
swedish electropop	uk pop	1	3287759.0
swedish pop	uk pop	1	3287759.0
bmore	house	1	10339629.0
house	moombahton	1	10339629.0
house	ninja	1	10339629.0
classic uk pop	glam rock	1	1460409.0
classic uk pop	mellow gold	1	1460409.0
classic uk pop	piano rock	1	1460409.0
classic uk pop	soft rock	1	1460409.0
latin	trap latino	1	10446973.0
reggaeton	trap latino	1	10446973.0
art pop	candy pop	1	500429.0
candy pop	metropopolis	1	500429.0
candy pop	shimmer pop	1	500429.0
dance pop	shimmer pop	1	500429.0
art pop	electropop	1	500429.0
electropop	shimmer pop	1	500429.0
art pop	metropopolis	1	500429.0
metropopolis	metropopolis	1	500429.0
metropopolis	shimmer pop	1	500429.0
post-teen pop	shimmer pop	1	500429.0
art pop	tropical house	1	500429.0
shimmer pop	tropical house	1	500429.0
dance pop	deep tech house	1	1148283.0
deep tech house	edm	1	1148283.0
deep tech house	electro house	1	1148283.0
disco house	electro house	1	1148283.0
electro house	progressive house	1	1148283.0
deep tech house	pop	1	1148283.0
deep tech house	tropical house	1	1148283.0
deep tech house	uk dance	1	1148283.0
beatboxing	melodic metalcore	1	391800.0
east coast hip hop	melodic metalcore	1	391800.0
hip hop	melodic metalcore	1	391800.0
melodic metalcore	turntablism	1	391800.0
beatboxing	metalcore	1	391800.0
east coast hip hop	metalcore	1	391800.0
hip hop	metalcore	1	391800.0
metalcore	turntablism	1	391800.0
beatboxing	uk metalcore	1	391800.0
east coast hip hop	uk metalcore	1	391800.0
hip hop	uk metalcore	1	391800.0
turntablism	uk metalcore	1	391800.0
bmore	video game music	1	2251445.0
electropop	video game music	1	2251445.0
ninja	video game music	1	2251445.0
alternative r&b	video game music	1	2251445.0
dance pop	video game music	1	2251445.0
electro house	video game music	1	2251445.0
pop rap	video game music	1	2251445.0
alternative r&b	bmore	1	2251445.0
alternative r&b	ninja	1	2251445.0
bmore	electro house	1	2251445.0
bmore	moombahton	1	2251445.0
bmore	pop rap	1	2251445.0
electro house	moombahton	1	2251445.0
moombahton	moombahton	1	2251445.0
moombahton	pop rap	1	2251445.0
electro house	ninja	1	2251445.0
moombahton	ninja	1	2251445.0
ninja	pop rap	1	2251445.0
alternative r&b	electro house	1	2251445.0
album rock	glam rock	1	6651896.0
album rock	rock	1	6651896.0
art rock	glam rock	1	6651896.0
art rock	rock	1	6651896.0
classic rock	glam rock	1	6651896.0
classic rock	rock	1	6651896.0
dance rock	glam rock	1	6651896.0
dance rock	rock	1	6651896.0
glam rock	glam rock	1	6651896.0
glam rock	permanent wave	1	6651896.0
permanent wave	rock	1	6651896.0
glam rock	protopunk	1	6651896.0
protopunk	rock	1	6651896.0
rock	rock	1	6651896.0
candy pop	k-pop	1	459141.0
k-pop	metropopolis	1	459141.0
k-pop	tropical house	1	459141.0
candy pop	k-pop boy group	1	459141.0
k-pop boy group	metropopolis	1	459141.0
k-pop boy group	tropical house	1	459141.0
dance pop	east coast hip hop	1	971224.0
east coast hip hop	post-teen pop	1	971224.0
east coast hip hop	r&b	1	971224.0
afrobeat	dance pop	1	971224.0
dance pop	malian blues	1	971224.0
dance pop	mande pop	1	971224.0
dance pop	wassoulou	1	971224.0
dance pop	world	1	971224.0
afrobeat	pop	1	971224.0
malian blues	pop	1	971224.0
mande pop	pop	1	971224.0
pop	wassoulou	1	971224.0
pop	world	1	971224.0
afrobeat	post-teen pop	1	971224.0
malian blues	post-teen pop	1	971224.0
mande pop	post-teen pop	1	971224.0
post-teen pop	wassoulou	1	971224.0
post-teen pop	world	1	971224.0
afrobeat	r&b	1	971224.0
malian blues	r&b	1	971224.0
mande pop	r&b	1	971224.0
r&b	wassoulou	1	971224.0
r&b	world	1	971224.0
atl hip hop	east coast hip hop	1	971224.0
east coast hip hop	pop rap	1	971224.0
afrobeat	atl hip hop	1	971224.0
afropop	atl hip hop	1	971224.0
atl hip hop	malian blues	1	971224.0
atl hip hop	mande pop	1	971224.0
atl hip hop	wassoulou	1	971224.0
atl hip hop	world	1	971224.0
afrobeat	east coast hip hop	1	971224.0
afropop	east coast hip hop	1	971224.0
east coast hip hop	malian blues	1	971224.0
east coast hip hop	mande pop	1	971224.0
east coast hip hop	wassoulou	1	971224.0
east coast hip hop	world	1	971224.0
uk pop	urban contemporary	1	5343613.0
birmingham hip hop	birmingham hip hop	1	453745.0
birmingham hip hop	birmingham indie	1	453745.0
pop house	pop house	1	15989326.0
pop house	uk pop	1	15989326.0
hollywood	norwegian pop	1	3181680.0
norwegian pop	show tunes	1	3181680.0
afro dancehall	swedish gangsta rap	1	5350279.0
london rap	swedish gangsta rap	1	5350279.0
deep groove house	edm	1	14326770.0
cali rap	reggaeton flow	1	2628016.0
gangster rap	reggaeton flow	1	2628016.0
cali rap	trap latino	1	2628016.0
gangster rap	trap latino	1	2628016.0
hip hop	london rap	1	1522906.0
london rap	southern hip hop	1	1522906.0
london rap	trap	1	1522906.0
hip hop	manchester hip hop	1	1522906.0
manchester hip hop	rap	1	1522906.0
manchester hip hop	southern hip hop	1	1522906.0
manchester hip hop	trap	1	1522906.0
channel islands indie	hip hop	1	336489.0
channel islands indie	uk alternative hip hop	1	336489.0
channel islands indie	uk hip hop	1	336489.0
hip hop	vapor soul	1	336489.0
uk alternative hip hop	vapor soul	1	336489.0
uk hip hop	vapor soul	1	336489.0
adult standards	adult standards	1	817936.0
adult standards	easy listening	1	817936.0
adult standards	swing	1	817936.0
canadian pop	easy listening	1	817936.0
canadian pop	swing	1	817936.0
adult standards	lounge	1	817936.0
easy listening	lounge	1	817936.0
lounge	swing	1	817936.0
brostep	uk dance	1	16181338.0
dutch edm	uk dance	1	16181338.0
trance	uk dance	1	16181338.0
dutch edm	pop rap	1	16181338.0
pop rap	trance	1	16181338.0
afropop	birmingham grime	1	499360.0
azonto	birmingham grime	1	499360.0
birmingham grime	nigerian hip hop	1	499360.0
birmingham grime	nigerian pop	1	499360.0
afro dancehall	instrumental grime	1	499360.0
afropop	instrumental grime	1	499360.0
azonto	instrumental grime	1	499360.0
instrumental grime	nigerian hip hop	1	499360.0
instrumental grime	nigerian pop	1	499360.0
indie poptimism	uk hip hop	1	1465286.0
metropopolis	uk hip hop	1	1465286.0
progressive electro house	uk pop	1	2274022.0
melodic rap	progressive electro house	1	1479132.0
canadian pop	contemporary country	1	8363446.0
dance pop	uk tech house	1	24837227.0
grime	uk tech house	1	24837227.0
house	uk tech house	1	24837227.0
dance pop	dancehall	1	24837227.0
dancehall	dancehall	1	24837227.0
dance pop	grime	1	24837227.0
house	uk dancehall	1	24837227.0
uk dancehall	uk dancehall	1	24837227.0
adult standards	hip pop	1	2269404.0
adult standards	pop	1	2269404.0
adult standards	post-teen pop	1	2269404.0
dance pop	modern country rock	1	2269404.0
hip pop	modern country rock	1	2269404.0
modern country rock	pop	1	2269404.0
modern country rock	post-teen pop	1	2269404.0
canadian contemporary r&b	dance pop	1	25121375.0
canadian contemporary r&b	edm	1	25121375.0
canadian contemporary r&b	house	1	25121375.0
canadian pop	house	1	25121375.0
canadian contemporary r&b	progressive house	1	25121375.0
canadian pop	progressive house	1	25121375.0
canadian contemporary r&b	tropical house	1	25121375.0
canadian contemporary r&b	uk dance	1	25121375.0
canadian contemporary r&b	post-teen pop	1	25121375.0
hollywood	pop	1	46994466.0
alternative r&b	hip hop	1	1475852.0
alternative r&b	southern hip hop	1	1475852.0
chicago rap	trap soul	1	1475852.0
canadian pop	chicago rap	1	363165.0
canadian pop	conscious hip hop	1	363165.0
conscious hip hop	post-teen pop	1	363165.0
canadian pop	miami hip hop	1	363165.0
atl hip hop	canadian pop	1	363165.0
uk hip hop	vapor trap	1	387908.0
nyc rap	ukg revival	1	387908.0
southern hip hop	ukg revival	1	387908.0
trap	ukg revival	1	387908.0
ukg revival	vapor trap	1	387908.0
deep melodic euro house	deep tech house	1	7059408.0
deep tech house	tech house	1	7059408.0
deep melodic euro house	disco house	1	7059408.0
deep melodic euro house	edm	1	7059408.0
edm	tech house	1	7059408.0
deep melodic euro house	house	1	7059408.0
deep melodic euro house	progressive house	1	7059408.0
progressive house	tech house	1	7059408.0
deep melodic euro house	tropical house	1	7059408.0
tech house	tropical house	1	7059408.0
deep melodic euro house	uk dance	1	7059408.0
tech house	uk dance	1	7059408.0
deep tech house	neo-singer-songwriter	1	7059408.0
disco house	neo-singer-songwriter	1	7059408.0
edm	neo-singer-songwriter	1	7059408.0
neo-singer-songwriter	tropical house	1	7059408.0
neo-singer-songwriter	uk dance	1	7059408.0
deep melodic euro house	neo-singer-songwriter	1	7059408.0
neo-singer-songwriter	tech house	1	7059408.0
dance pop	scandipop	1	24082593.0
edm	scandipop	1	24082593.0
scandipop	tropical house	1	24082593.0
scandipop	uk dance	1	24082593.0
boston hip hop	conscious hip hop	1	2121863.0
boston hip hop	dmv rap	1	2121863.0
boston hip hop	pop rap	1	2121863.0
dmv rap	pop rap	1	2121863.0
baton rouge rap	chicago rap	1	9091526.0
baton rouge rap	melodic rap	1	9091526.0
canadian hip hop	philly rap	1	30316850.0
canadian pop	philly rap	1	30316850.0
philly rap	toronto rap	1	30316850.0
album rock	experimental rock	1	7525596.0
art rock	experimental rock	1	7525596.0
classic rock	experimental rock	1	7525596.0
experimental rock	folk rock	1	7525596.0
experimental rock	mellow gold	1	7525596.0
experimental rock	psychedelic rock	1	7525596.0
experimental rock	rock	1	7525596.0
album rock	experimental	1	7525596.0
album rock	experimental pop	1	7525596.0
art rock	experimental	1	7525596.0
art rock	experimental pop	1	7525596.0
classic rock	experimental	1	7525596.0
classic rock	experimental pop	1	7525596.0
experimental	folk rock	1	7525596.0
experimental pop	folk rock	1	7525596.0
experimental	mellow gold	1	7525596.0
experimental pop	mellow gold	1	7525596.0
experimental	psychedelic rock	1	7525596.0
experimental pop	psychedelic rock	1	7525596.0
experimental	rock	1	7525596.0
experimental pop	rock	1	7525596.0
experimental	experimental rock	1	7525596.0
experimental pop	experimental rock	1	7525596.0
alternative r&b	canadian hip hop	1	1019935.0
dance pop	houston rap	1	4519209.0
hip pop	houston rap	1	4519209.0
houston rap	post-teen pop	1	4519209.0
houston rap	queens hip hop	1	4519209.0
hip pop	trap queen	1	4519209.0
queens hip hop	trap queen	1	4519209.0
hip hop	houston rap	1	4519209.0
houston rap	r&b	1	4519209.0
houston rap	southern hip hop	1	4519209.0
houston rap	trap	1	4519209.0
houston rap	trap soul	1	4519209.0
hip hop	trap queen	1	4519209.0
r&b	trap queen	1	4519209.0
southern hip hop	trap queen	1	4519209.0
trap	trap queen	1	4519209.0
trap queen	trap soul	1	4519209.0
hip pop	trap soul	1	4519209.0
queens hip hop	southern hip hop	1	4519209.0
queens hip hop	trap soul	1	4519209.0
melodic metalcore	video game music	1	395864.0
metalcore	video game music	1	395864.0
uk metalcore	video game music	1	395864.0
aussie drill	uk drill	1	1599477.0
aussie drill	nyc rap	1	1599477.0
london rap	nyc rap	1	1599477.0
nyc rap	uk drill	1	1599477.0
edm	tropical	1	4925215.0
puerto rican pop	tropical house	1	4925215.0
tropical	tropical house	1	4925215.0
latin	uk dance	1	4925215.0
latin pop	uk dance	1	4925215.0
puerto rican pop	uk dance	1	4925215.0
tropical	uk dance	1	4925215.0
latin	uk funky	1	4925215.0
latin pop	uk funky	1	4925215.0
puerto rican pop	uk funky	1	4925215.0
tropical	uk funky	1	4925215.0
dance pop	uk alternative pop	1	4925215.0
edm	uk alternative pop	1	4925215.0
pop	uk alternative pop	1	4925215.0
post-teen pop	uk alternative pop	1	4925215.0
tropical house	uk alternative pop	1	4925215.0
indie pop	uk dance	1	4925215.0
uk alternative pop	uk dance	1	4925215.0
electropop	uk funky	1	4925215.0
indie pop	uk funky	1	4925215.0
metropopolis	uk funky	1	4925215.0
uk alternative pop	uk funky	1	4925215.0
indie pop	latin	1	4925215.0
latin	metropopolis	1	4925215.0
latin	uk alternative pop	1	4925215.0
indie pop	latin pop	1	4925215.0
latin pop	metropopolis	1	4925215.0
latin pop	uk alternative pop	1	4925215.0
electropop	puerto rican pop	1	4925215.0
indie pop	puerto rican pop	1	4925215.0
metropopolis	puerto rican pop	1	4925215.0
puerto rican pop	uk alternative pop	1	4925215.0
indie pop	tropical	1	4925215.0
metropopolis	tropical	1	4925215.0
tropical	uk alternative pop	1	4925215.0
british soul	dance pop	1	690007.0
british soul	edm	1	690007.0
british soul	pop	1	690007.0
british soul	tropical house	1	690007.0
candy pop	escape room	1	1191110.0
candy pop	minnesota hip hop	1	1191110.0
candy pop	pop rap	1	1191110.0
candy pop	trap queen	1	1191110.0
electropop	escape room	1	1191110.0
electropop	minnesota hip hop	1	1191110.0
electropop	trap queen	1	1191110.0
escape room	metropopolis	1	1191110.0
metropopolis	minnesota hip hop	1	1191110.0
metropopolis	pop rap	1	1191110.0
metropopolis	trap queen	1	1191110.0
escape room	tropical house	1	1191110.0
minnesota hip hop	tropical house	1	1191110.0
trap queen	tropical house	1	1191110.0
dance pop	deep pop r&b	1	6150952.0
dance pop	indie r&b	1	6150952.0
deep pop r&b	pop	1	6150952.0
deep pop r&b	post-teen pop	1	6150952.0
indie r&b	post-teen pop	1	6150952.0
electro house	metropopolis	1	1291510.0
metropopolis	norwegian pop	1	1291510.0
metropopolis	pop edm	1	1291510.0
electro house	modern rock	1	1291510.0
modern rock	norwegian pop	1	1291510.0
modern rock	pop edm	1	1291510.0
norwegian pop	pop	1	1291510.0
norwegian pop	pop rock	1	1291510.0
pop edm	pop rock	1	1291510.0
australian pop	candy pop	1	5769041.0
candy pop	dance pop	1	5769041.0
candy pop	post-teen pop	1	5769041.0
candy pop	viral pop	1	5769041.0
australian pop	dance pop	1	5769041.0
australian pop	electropop	1	5769041.0
electropop	viral pop	1	5769041.0
australian pop	metropopolis	1	5769041.0
metropopolis	viral pop	1	5769041.0
tropical house	viral pop	1	5769041.0
philly rap	uk pop	1	3835654.0
afro dancehall	dance pop	1	2632718.0
azonto	dance pop	1	2632718.0
dance pop	nigerian hip hop	1	2632718.0
dance pop	nigerian pop	1	2632718.0
azonto	post-teen pop	1	2632718.0
nigerian hip hop	post-teen pop	1	2632718.0
nigerian pop	post-teen pop	1	2632718.0
afro dancehall	r&b	1	2632718.0
azonto	r&b	1	2632718.0
nigerian hip hop	r&b	1	2632718.0
nigerian pop	r&b	1	2632718.0
afro dancehall	melodic rap	1	2632718.0
afropop	melodic rap	1	2632718.0
azonto	melodic rap	1	2632718.0
melodic rap	nigerian hip hop	1	2632718.0
melodic rap	nigerian pop	1	2632718.0
afro dancehall	trap	1	2632718.0
afropop	trap	1	2632718.0
azonto	trap	1	2632718.0
nigerian hip hop	trap	1	2632718.0
nigerian pop	trap	1	2632718.0
alternative r&b	indie poptimism	1	36010396.0
electropop	etherpop	1	36010396.0
etherpop	post-teen pop	1	36010396.0
electropop	indie poptimism	1	36010396.0
indie poptimism	post-teen pop	1	36010396.0
country	country	1	829990.0
country	country road	1	829990.0
atl hip hop	country road	1	829990.0
atl trap	country road	1	829990.0
country road	gangster rap	1	829990.0
country road	melodic rap	1	829990.0
country road	rap	1	829990.0
country road	trap	1	829990.0
atl hip hop	country rap	1	829990.0
atl trap	country rap	1	829990.0
country rap	gangster rap	1	829990.0
country rap	melodic rap	1	829990.0
country rap	trap	1	829990.0
atl hip hop	lgbtq+ hip hop	1	829990.0
atl trap	lgbtq+ hip hop	1	829990.0
gangster rap	lgbtq+ hip hop	1	829990.0
lgbtq+ hip hop	melodic rap	1	829990.0
lgbtq+ hip hop	trap	1	829990.0
dance pop	girl group	1	11734506.0
girl group	hip pop	1	11734506.0
girl group	post-teen pop	1	11734506.0
girl group	queens hip hop	1	11734506.0
hip pop	talent show	1	11734506.0
queens hip hop	talent show	1	11734506.0
alternative r&b	neo mellow	1	4254925.0
alternative r&b	pop rock	1	4254925.0
alternative r&b	singer-songwriter	1	4254925.0
pop	singer-songwriter	1	4254925.0
dirty south rap	neo mellow	1	496894.0
dirty south rap	neo soul	1	496894.0
miami hip hop	neo mellow	1	496894.0
miami hip hop	neo soul	1	496894.0
neo mellow	urban contemporary	1	496894.0
neo soul	urban contemporary	1	496894.0
dirty south rap	gangster rap	1	496894.0
gangster rap	miami hip hop	1	496894.0
gangster rap	southern hip hop	1	496894.0
conscious hip hop	neo mellow	1	496894.0
gangster rap	neo mellow	1	496894.0
conscious hip hop	neo soul	1	496894.0
gangster rap	neo soul	1	496894.0
conscious hip hop	r&b	1	496894.0
gangster rap	r&b	1	496894.0
dfw rap	r&b	1	9665538.0
east coast hip hop	uk pop	1	12521348.0
detroit hip hop	east coast hip hop	1	12521348.0
east coast hip hop	g funk	1	12521348.0
detroit hip hop	queens hip hop	1	12521348.0
g funk	queens hip hop	1	12521348.0
art pop	melodic metalcore	1	485643.0
canadian electropop	melodic metalcore	1	485643.0
chillwave	melodic metalcore	1	485643.0
dance pop	melodic metalcore	1	485643.0
electropop	melodic metalcore	1	485643.0
escape room	melodic metalcore	1	485643.0
grave wave	melodic metalcore	1	485643.0
indietronica	melodic metalcore	1	485643.0
melodic metalcore	metropopolis	1	485643.0
art pop	metalcore	1	485643.0
canadian electropop	metalcore	1	485643.0
chillwave	metalcore	1	485643.0
dance pop	metalcore	1	485643.0
electropop	metalcore	1	485643.0
escape room	metalcore	1	485643.0
grave wave	metalcore	1	485643.0
indietronica	metalcore	1	485643.0
metalcore	metropopolis	1	485643.0
art pop	uk metalcore	1	485643.0
canadian electropop	uk metalcore	1	485643.0
chillwave	uk metalcore	1	485643.0
dance pop	uk metalcore	1	485643.0
electropop	uk metalcore	1	485643.0
escape room	uk metalcore	1	485643.0
grave wave	uk metalcore	1	485643.0
indietronica	uk metalcore	1	485643.0
metropopolis	uk metalcore	1	485643.0
post-romantic era	soundtrack	1	1935668.0
soundtrack	ukrainian classical	1	1935668.0
basshall	post-teen pop	1	6930665.0
grime	house	1	6930665.0
basshall	canadian hip hop	1	6930665.0
basshall	melodic rap	1	6930665.0
basshall	pop rap	1	6930665.0
basshall	rap	1	6930665.0
basshall	toronto rap	1	6930665.0
basshall	trap	1	6930665.0
basshall	house	1	6930665.0
basshall	uk dancehall	1	6930665.0
canadian hip hop	uk dancehall	1	6930665.0
toronto rap	uk dancehall	1	6930665.0
complextro	dance pop	1	2700247.0
dance pop	german techno	1	2700247.0
emo rap	toronto rap	1	9141946.0
grime	r&b	1	1709548.0
r&b	uk hip hop	1	1709548.0
detroit hip hop	r&b	1	914126.0
detroit hip hop	dirty south rap	1	914126.0
detroit hip hop	miami hip hop	1	914126.0
detroit hip hop	southern hip hop	1	914126.0
detroit hip hop	urban contemporary	1	914126.0
detroit hip hop	new orleans rap	1	914126.0
new orleans rap	r&b	1	914126.0
dirty south rap	new orleans rap	1	914126.0
miami hip hop	new orleans rap	1	914126.0
new orleans rap	urban contemporary	1	914126.0
trap soul	uk dancehall	1	1235963.0
trap soul	uk drill	1	1235963.0
argentine hip hop	uk hip hop	1	4528988.0
trap argentino	uk hip hop	1	4528988.0
trap latino	uk hip hop	1	4528988.0
argentine hip hop	pop	1	4528988.0
pop	trap argentino	1	4528988.0
argentine hip hop	uk pop	1	4528988.0
trap argentino	uk pop	1	4528988.0
trap latino	uk pop	1	4528988.0
alternative hip hop	chicago rap	1	1377847.0
alternative hip hop	rap	1	1377847.0
chicago rap	gangster rap	1	1377847.0
chicago rap	hardcore hip hop	1	1377847.0
hardcore hip hop	rap	1	1377847.0
alternative hip hop	smooth jazz	1	1377847.0
alternative hip hop	smooth saxophone	1	1377847.0
gangster rap	smooth jazz	1	1377847.0
gangster rap	smooth saxophone	1	1377847.0
hardcore hip hop	smooth jazz	1	1377847.0
hardcore hip hop	smooth saxophone	1	1377847.0
hip hop	smooth jazz	1	1377847.0
hip hop	smooth saxophone	1	1377847.0
hip pop	smooth jazz	1	1377847.0
hip pop	smooth saxophone	1	1377847.0
pop rap	smooth jazz	1	1377847.0
pop rap	smooth saxophone	1	1377847.0
smooth jazz	southern hip hop	1	1377847.0
smooth saxophone	southern hip hop	1	1377847.0
smooth jazz	trap	1	1377847.0
smooth saxophone	trap	1	1377847.0
chicago rap	smooth jazz	1	1377847.0
chicago rap	smooth saxophone	1	1377847.0
alternative r&b	melodic rap	1	4637253.0
contemporary country	europop	1	1822650.0
contemporary country	pop rock	1	1822650.0
contemporary country	urban contemporary	1	1822650.0
country	europop	1	1822650.0
country	pop rock	1	1822650.0
country	urban contemporary	1	1822650.0
country road	europop	1	1822650.0
country road	pop rock	1	1822650.0
country road	urban contemporary	1	1822650.0
dance pop	oklahoma country	1	1822650.0
europop	oklahoma country	1	1822650.0
hip pop	oklahoma country	1	1822650.0
oklahoma country	pop	1	1822650.0
oklahoma country	pop rock	1	1822650.0
oklahoma country	post-teen pop	1	1822650.0
oklahoma country	urban contemporary	1	1822650.0
adult standards	deep adult standards	1	3893818.0
adult standards	vocal harmony group	1	3893818.0
brill building pop	deep adult standards	1	3893818.0
brill building pop	vocal harmony group	1	3893818.0
deep adult standards	easy listening	1	3893818.0
easy listening	vocal harmony group	1	3893818.0
deep adult standards	lounge	1	3893818.0
lounge	vocal harmony group	1	3893818.0
talent show	uk pop	1	7122098.0
canadian hip hop	uk funky	1	4273523.0
canadian pop	uk funky	1	4273523.0
hip hop	uk funky	1	4273523.0
rap	uk funky	1	4273523.0
toronto rap	uk funky	1	4273523.0
afro dancehall	canadian hip hop	1	4273523.0
afropop	canadian hip hop	1	4273523.0
azonto	canadian hip hop	1	4273523.0
canadian hip hop	nigerian hip hop	1	4273523.0
canadian hip hop	nigerian pop	1	4273523.0
afro dancehall	canadian pop	1	4273523.0
afropop	canadian pop	1	4273523.0
azonto	canadian pop	1	4273523.0
canadian pop	nigerian hip hop	1	4273523.0
canadian pop	nigerian pop	1	4273523.0
afro dancehall	hip hop	1	4273523.0
azonto	hip hop	1	4273523.0
hip hop	nigerian hip hop	1	4273523.0
hip hop	nigerian pop	1	4273523.0
afro dancehall	toronto rap	1	4273523.0
afropop	toronto rap	1	4273523.0
azonto	toronto rap	1	4273523.0
nigerian hip hop	toronto rap	1	4273523.0
nigerian pop	toronto rap	1	4273523.0
afro dancehall	uk funky	1	4273523.0
afropop	uk funky	1	4273523.0
azonto	uk funky	1	4273523.0
nigerian hip hop	uk funky	1	4273523.0
nigerian pop	uk funky	1	4273523.0
alternative r&b	alternative r&b	1	327782.0
alternative r&b	art pop	1	327782.0
alternative r&b	chillwave	1	327782.0
chillwave	pop	1	327782.0
alternative r&b	escape room	1	327782.0
alternative r&b	experimental pop	1	327782.0
experimental pop	pop	1	327782.0
alternative r&b	indietronica	1	327782.0
alternative r&b	shimmer pop	1	327782.0
alternative r&b	shiver pop	1	327782.0
pop	shiver pop	1	327782.0
alternative r&b	vapor soul	1	327782.0
pop	vapor soul	1	327782.0
boston hip hop	detroit hip hop	1	2314550.0
boston hip hop	g funk	1	2314550.0
bassline	uk hip hop	1	392833.0
uk funky	uk hip hop	1	392833.0
atl trap	atl trap	1	446341.0
canadian hip hop	vapor trap	1	4820262.0
canadian pop	vapor trap	1	4820262.0
hip hop	vapor trap	1	4820262.0
toronto rap	vapor trap	1	4820262.0
adult standards	canadian country	1	2386759.0
adult standards	country	1	2386759.0
adult standards	country dawn	1	2386759.0
canadian country	canadian pop	1	2386759.0
canadian pop	canadian pop	1	2386759.0
canadian pop	country	1	2386759.0
canadian pop	country dawn	1	2386759.0
canadian country	lounge	1	2386759.0
canadian pop	lounge	1	2386759.0
country	lounge	1	2386759.0
country dawn	lounge	1	2386759.0
dance pop	lounge	1	2386759.0
miami hip hop	miami hip hop	1	4082774.0
florida rap	pop	1	2177600.0
florida rap	post-teen pop	1	2177600.0
dirty south rap	florida rap	1	2177600.0
dirty south rap	miami hip hop	1	2177600.0
electro house	latin	1	382671.0
electro house	reggaeton	1	382671.0
electro house	trap latino	1	382671.0
electro house	tropical	1	382671.0
electro house	viral pop	1	382671.0
latin	viral pop	1	382671.0
reggaeton	viral pop	1	382671.0
trap latino	viral pop	1	382671.0
tropical	viral pop	1	382671.0
uk contemporary r&b	uk drill	1	3465229.0
instrumental grime	melodic rap	1	6289941.0
london rap	melodic rap	1	6289941.0
instrumental grime	uk dancehall	1	6289941.0
comedy rap	dance pop	1	1500126.0
comedy rap	pop	1	1500126.0
comedy rap	pop rap	1	1500126.0
comedy rap	r&b	1	1500126.0
comedy rap	rap	1	1500126.0
emo rap	lgbtq+ hip hop	1	1751543.0
lgbtq+ hip hop	miami hip hop	1	1751543.0
detroit hip hop	g funk	1	332414.0
detroit hip hop	west coast rap	1	332414.0
g funk	g funk	1	332414.0
g funk	west coast rap	1	332414.0
hip hop	west coast rap	1	332414.0
canadian hip hop	toronto rap	1	3593370.0
toronto rap	toronto rap	1	3593370.0
chicago rap	metropopolis	1	13066034.0
melodic rap	metropopolis	1	13066034.0
chicago rap	tropical house	1	13066034.0
cali rap	nyc rap	1	796641.0
hip hop	nyc rap	1	796641.0
nyc rap	pop rap	1	796641.0
nyc rap	rap	1	796641.0
nyc rap	southern hip hop	1	796641.0
brostep	pop rock	1	38713185.0
pop rock	progressive electro house	1	38713185.0
canadian hip hop	g funk	1	425821.0
g funk	melodic rap	1	425821.0
g funk	toronto rap	1	425821.0
g funk	trap	1	425821.0
canadian hip hop	west coast rap	1	425821.0
melodic rap	west coast rap	1	425821.0
toronto rap	west coast rap	1	425821.0
trap	west coast rap	1	425821.0
atl hip hop	uk pop	1	5201797.0
atl trap	uk pop	1	5201797.0
atl hip hop	grime	1	5201797.0
atl trap	grime	1	5201797.0
gangster rap	grime	1	5201797.0
gangster rap	uk hip hop	1	5201797.0
latin	zimdancehall	1	322506.0
reggaeton flow	zimdancehall	1	322506.0
trap latino	zimdancehall	1	322506.0
hip pop	latin	1	322506.0
latin	queens hip hop	1	322506.0
hip pop	reggaeton flow	1	322506.0
queens hip hop	reggaeton flow	1	322506.0
hip pop	trap latino	1	322506.0
queens hip hop	trap latino	1	322506.0
dance pop	zimdancehall	1	322506.0
hip pop	zimdancehall	1	322506.0
pop	zimdancehall	1	322506.0
pop rap	zimdancehall	1	322506.0
post-teen pop	zimdancehall	1	322506.0
queens hip hop	zimdancehall	1	322506.0
complextro	pop rap	1	2525552.0
german techno	pop rap	1	2525552.0
complextro	r&b	1	2525552.0
electro house	r&b	1	2525552.0
german techno	r&b	1	2525552.0
complextro	rap	1	2525552.0
german techno	rap	1	2525552.0
complextro	urban contemporary	1	2525552.0
electro house	urban contemporary	1	2525552.0
german techno	urban contemporary	1	2525552.0
canadian electronic	dfw rap	1	3216273.0
canadian electronic	melodic rap	1	3216273.0
deep big room	dfw rap	1	3216273.0
deep big room	melodic rap	1	3216273.0
dfw rap	pop edm	1	3216273.0
melodic rap	pop edm	1	3216273.0
canadian electronic	canadian hip hop	1	3216273.0
canadian electronic	toronto rap	1	3216273.0
canadian electronic	trap	1	3216273.0
canadian electronic	trap soul	1	3216273.0
canadian hip hop	deep big room	1	3216273.0
deep big room	toronto rap	1	3216273.0
deep big room	trap	1	3216273.0
deep big room	trap soul	1	3216273.0
canadian hip hop	pop edm	1	3216273.0
pop edm	toronto rap	1	3216273.0
pop edm	trap	1	3216273.0
pop edm	trap soul	1	3216273.0
big room	big room	1	3216273.0
big room	brostep	1	3216273.0
big room	dutch edm	1	3216273.0
big room	trance	1	3216273.0
big room	canadian electronic	1	3216273.0
brostep	canadian electronic	1	3216273.0
canadian electronic	dance pop	1	3216273.0
canadian electronic	dutch edm	1	3216273.0
canadian electronic	edm	1	3216273.0
canadian electronic	electro house	1	3216273.0
canadian electronic	house	1	3216273.0
canadian electronic	trance	1	3216273.0
canadian electronic	tropical house	1	3216273.0
big room	deep big room	1	3216273.0
brostep	deep big room	1	3216273.0
deep big room	dutch edm	1	3216273.0
deep big room	electro house	1	3216273.0
deep big room	house	1	3216273.0
deep big room	trance	1	3216273.0
brostep	electro house	1	3216273.0
dutch edm	electro house	1	3216273.0
electro house	electro house	1	3216273.0
electro house	trance	1	3216273.0
brostep	pop edm	1	3216273.0
dutch edm	pop edm	1	3216273.0
house	pop edm	1	3216273.0
pop edm	trance	1	3216273.0
canadian hip hop	dfw rap	1	3216273.0
dfw rap	toronto rap	1	3216273.0
canadian hip hop	melodic rap	1	3216273.0
melodic rap	toronto rap	1	3216273.0
brostep	dfw rap	1	3216273.0
dfw rap	dutch edm	1	3216273.0
dfw rap	edm	1	3216273.0
dfw rap	house	1	3216273.0
dfw rap	trance	1	3216273.0
dfw rap	tropical house	1	3216273.0
dutch edm	melodic rap	1	3216273.0
edm	melodic rap	1	3216273.0
melodic rap	trance	1	3216273.0
brostep	canadian hip hop	1	3216273.0
canadian hip hop	dutch edm	1	3216273.0
canadian hip hop	edm	1	3216273.0
canadian hip hop	trance	1	3216273.0
canadian hip hop	tropical house	1	3216273.0
brostep	toronto rap	1	3216273.0
dutch edm	toronto rap	1	3216273.0
edm	toronto rap	1	3216273.0
toronto rap	trance	1	3216273.0
toronto rap	tropical house	1	3216273.0
dutch edm	trap	1	3216273.0
trance	trap	1	3216273.0
brostep	trap soul	1	3216273.0
dutch edm	trap soul	1	3216273.0
edm	trap soul	1	3216273.0
house	trap soul	1	3216273.0
trance	trap soul	1	3216273.0
trap soul	tropical house	1	3216273.0
bmore	boy band	1	2066872.0
bmore	pop rock	1	2066872.0
boy band	edm	1	2066872.0
electropop	pop rock	1	2066872.0
boy band	moombahton	1	2066872.0
moombahton	pop rock	1	2066872.0
boy band	ninja	1	2066872.0
ninja	pop rock	1	2066872.0
swedish gangsta rap	uk drill	1	480865.0
dirty south rap	latin	1	398137.0
dirty south rap	reggaeton	1	398137.0
atl trap	miami hip hop	1	398137.0
dirty south rap	philly rap	1	398137.0
miami hip hop	philly rap	1	398137.0
chicago rap	latin	1	398137.0
chicago rap	reggaeton	1	398137.0
atl hip hop	latin	1	398137.0
atl trap	latin	1	398137.0
atl hip hop	reggaeton	1	398137.0
atl trap	reggaeton	1	398137.0
latin	philly rap	1	398137.0
philly rap	reggaeton	1	398137.0
atl trap	chicago rap	1	398137.0
atl trap	r&b	1	398137.0
chicago rap	philly rap	1	398137.0
philly rap	r&b	1	398137.0
brostep	conscious hip hop	1	752149.0
conscious hip hop	progressive electro house	1	752149.0
brostep	dmv rap	1	752149.0
dmv rap	pop	1	752149.0
dmv rap	progressive electro house	1	752149.0
brostep	hip hop	1	752149.0
hip hop	progressive electro house	1	752149.0
dfw rap	dirty south rap	1	553264.0
dfw rap	miami hip hop	1	553264.0
dfw rap	urban contemporary	1	553264.0
deep tech house	modern rock	1	3447220.0
deep tech house	nottingham indie	1	3447220.0
disco house	modern rock	1	3447220.0
disco house	nottingham indie	1	3447220.0
edm	nottingham indie	1	3447220.0
house	modern rock	1	3447220.0
house	nottingham indie	1	3447220.0
nottingham indie	progressive house	1	3447220.0
nottingham indie	tropical house	1	3447220.0
modern rock	uk dance	1	3447220.0
nottingham indie	uk dance	1	3447220.0
atl trap	post-teen pop	1	3581537.0
gangster rap	post-teen pop	1	3581537.0
dance pop	deep house	1	6889607.0
dance pop	uk house	1	6889607.0
house	uk house	1	6889607.0
deep house	pop	1	6889607.0
pop	uk house	1	6889607.0
deep house	pop house	1	6889607.0
disco house	pop house	1	6889607.0
pop house	uk house	1	6889607.0
pop house	vocal house	1	6889607.0
deep house	tropical house	1	6889607.0
tropical house	uk house	1	6889607.0
deep house	uk dance	1	6889607.0
uk dance	uk house	1	6889607.0
deep house	uk pop	1	6889607.0
disco house	uk pop	1	6889607.0
uk house	uk pop	1	6889607.0
uk pop	vocal house	1	6889607.0
birmingham hip hop	girl group	1	332677.0
birmingham hip hop	house	1	332677.0
birmingham hip hop	post-teen pop	1	332677.0
birmingham hip hop	tropical house	1	332677.0
girl group	uk drill	1	332677.0
house	uk drill	1	332677.0
post-teen pop	uk drill	1	332677.0
tropical house	uk drill	1	332677.0
girl group	uk hip hop	1	332677.0
afro dancehall	birmingham hip hop	1	332677.0
afropop	birmingham hip hop	1	332677.0
birmingham hip hop	ghanaian hip hop	1	332677.0
birmingham hip hop	swedish dancehall	1	332677.0
ghanaian hip hop	uk drill	1	332677.0
swedish dancehall	uk drill	1	332677.0
afro dancehall	girl group	1	332677.0
afropop	girl group	1	332677.0
ghanaian hip hop	girl group	1	332677.0
girl group	swedish dancehall	1	332677.0
afro dancehall	house	1	332677.0
afropop	house	1	332677.0
ghanaian hip hop	house	1	332677.0
house	swedish dancehall	1	332677.0
ghanaian hip hop	post-teen pop	1	332677.0
post-teen pop	swedish dancehall	1	332677.0
afro dancehall	tropical house	1	332677.0
afropop	tropical house	1	332677.0
ghanaian hip hop	tropical house	1	332677.0
swedish dancehall	tropical house	1	332677.0
electro	pop	1	2450984.0
complextro	uk pop	1	2450984.0
electro	uk pop	1	2450984.0
pop rap	puerto rican pop	1	6758771.0
puerto rican pop	rap	1	6758771.0
edm	trap latino	1	6758771.0
electronic trap	puerto rican pop	1	6758771.0
electronic trap	trap latino	1	6758771.0
dance pop	electronic trap	1	6758771.0
electronic trap	post-teen pop	1	6758771.0
drum and bass	drum and bass	1	3601026.0
drum and bass	house	1	3601026.0
house	liquid funk	1	3601026.0
liquid funk	liquid funk	1	3601026.0
future house	house	1	14721852.0
future house	uk dance	1	14721852.0
house	progressive electro house	1	14721852.0
progressive electro house	uk dance	1	14721852.0
canadian contemporary r&b	canadian hip hop	1	382991.0
canadian hip hop	canadian pop	1	382991.0
canadian contemporary r&b	melodic rap	1	382991.0
canadian contemporary r&b	toronto rap	1	382991.0
canadian contemporary r&b	trap	1	382991.0
australian pop	big room	1	1142378.0
australian pop	edm	1	1142378.0
australian pop	progressive house	1	1142378.0
uk drill	ukg revival	1	35370972.0
progressive house	swedish pop	1	784116.0
latin	reggae fusion	1	3993669.0
latin hip hop	reggae fusion	1	3993669.0
reggae fusion	reggaeton	1	3993669.0
reggae fusion	tropical	1	3993669.0
la pop	pop	1	1391561.0
la pop	post-teen pop	1	1391561.0
dance pop	social media pop	1	8156105.0
edm	social media pop	1	8156105.0
pop	social media pop	1	8156105.0
social media pop	tropical house	1	8156105.0
social media pop	uk dance	1	8156105.0
dance pop	teen pop	1	8156105.0
edm	teen pop	1	8156105.0
pop	teen pop	1	8156105.0
teen pop	tropical house	1	8156105.0
teen pop	uk dance	1	8156105.0
atl hip hop	social media pop	1	9718536.0
atl trap	social media pop	1	9718536.0
dirty south rap	social media pop	1	9718536.0
gangster rap	social media pop	1	9718536.0
hip hop	social media pop	1	9718536.0
pop rap	social media pop	1	9718536.0
social media pop	southern hip hop	1	9718536.0
atl hip hop	instrumental grime	1	9718536.0
atl trap	instrumental grime	1	9718536.0
dirty south rap	instrumental grime	1	9718536.0
gangster rap	instrumental grime	1	9718536.0
danish electronic	pop	1	7626931.0
danish electronic	post-teen pop	1	7626931.0
big room	talent show	1	7626931.0
danish electronic	talent show	1	7626931.0
electro house	talent show	1	7626931.0
pop edm	talent show	1	7626931.0
danish electronic	uk pop	1	7626931.0
