artist_1	artist_2	count	song_ids
Gunna	Young Thug	6	['4ea9w8c4ROqiZpJVhfBA3m', '56AMYGJzxBO6p8v0wEe9de', '6igOR5QCn09zAVF2ikZjsV', '4bi9YrkOvmg4Eb7h00AW2c', '5Z8HZM6iQMhhqyPcCGY5g9', '2OaKHGvIxoOzIYjyMsxcT8']
5 Seconds of Summer	The Chainsmokers	5	['4FAd2rB28SaWaJWmn30Xuy', '5rAtoPMDrOFN5wLdM6YmRx', '11cDEev79fPKi6uJCjUhu8', '7ql71hBakyMi0Lxiq3Mugs', '5QiNbIilmMiMBXvaAlf7lN']
Travis Scott	Young Thug	5	['4ea9w8c4ROqiZpJVhfBA3m', '56AMYGJzxBO6p8v0wEe9de', '7DcvwMAiqKJQD1rrdfxSDx', '3RZftiuTcLOqpsd8ZlwNhr', '3s4mrPrEFFPF0LmAfutW0n']
Tyga	YG	5	['1kK6DwzyXJSp58u5HYWwuD', '51wFQM8W0YfXTmHusXUr5i', '3SZqA7rQvROJsCbUu2v0xa', '3O7lxdQoe1aNWs93VSHsJg', '0EzRnjtN5ER0wu1IudNom8']
Lil Baby	Meek Mill	4	['0hGH0S74Eoyv6mXZcOKtdQ', '6xVhqLT40s5sVhepe9Mckc', '4U6ubKsTd8RBDP5tPPhh7I', '12Fkyg9lpmaz2zmKOfw2Y2']
Post Malone	Swae Lee	4	['7dbka99KTWke5o9hRp0JoB', '0RiRZpuVRbi7oqRdSMwhQY', '3KkXRkHbMCARz0aVfEt68P', '4VqTRBvYg0z8C4nsl4Hupy']
Dreamville	J. Cole	4	['4eqrNsKy9Mvg1fvfsTVIAE', '36J0iaPDGbYGsHvYpaYs3k', '3pZO6GoVPeSYDxxsH6vCdj', '6MF4tRr5lU8qok8IKaFOBE']
Bebe Rexha	The Chainsmokers	4	['6IJTc8xo6XasOU8fpxMU57', '2oejEp50ZzPuQTQ6v54Evp', '1SNiXDwSilLujcYdvfqVpT', '05CwHjIk71RXVU40boRMnR']
Dreamville	JID	4	['5WnfnSpuNEGXyEt78PBA6d', '4eqrNsKy9Mvg1fvfsTVIAE', '36J0iaPDGbYGsHvYpaYs3k', '2gtFMLjQpCTGekMi4oXZxN']
J Balvin	Tyga	4	['1jlnBQGP2DtSEhMgQaz7a7', '6osaMSJh9NguagEDQcZaKx', '1f38Gx6xQz6r4H1jGVNBJo', '1fBXSMOusjaj7GjzErHmUI']
Aloe Blacc	Avicii	3	['6nDKrPlXdpomGBgAlO7UdP', '2x0RZdkZcD8QRI53XT4GI5', '0n2nEtLP3OzDdi12ziIekx']
Dreamville	Young Nudy	3	['4eqrNsKy9Mvg1fvfsTVIAE', '36J0iaPDGbYGsHvYpaYs3k', '3pZO6GoVPeSYDxxsH6vCdj']
J. Cole	Young Nudy	3	['4eqrNsKy9Mvg1fvfsTVIAE', '36J0iaPDGbYGsHvYpaYs3k', '3pZO6GoVPeSYDxxsH6vCdj']
ILLENIUM	Lennon Stella	3	['6wo37KVqFJhtuxPTpLCcfe', '3g0mEQx3NTanacLseoP0Gw', '63VyEdzMM3w4ZQ1WtARa2S']
ILLENIUM	The Chainsmokers	3	['6wo37KVqFJhtuxPTpLCcfe', '3g0mEQx3NTanacLseoP0Gw', '63VyEdzMM3w4ZQ1WtARa2S']
Lennon Stella	The Chainsmokers	3	['6wo37KVqFJhtuxPTpLCcfe', '3g0mEQx3NTanacLseoP0Gw', '63VyEdzMM3w4ZQ1WtARa2S']
A Boogie Wit da Hoodie	Tyga	3	['4TCG827sk5fDEmUvcQlStk', '0Zl4G9qcdXV5hVhdOirNHG', '0jAfdqv18goRTUxm3ilRjb']
Eminem	Logic	3	['0Lw6aQcBFWTQ9m4MSwwwes', '2MuMD298IpYqKF367wegUd', '7M2tXmeS15NAzEn7ABFeBg']
Juice WRLD	Lil Tecca	3	['5DSfqrLkUHLZ9bW0SS3rVy', '0DZJACISivjWjscIp5Kg1q', '2WsuSYJNXGKXVYkHPnq2yp']
Cardi B	DJ Snake	3	['4w8niZpiMy6qz1mntFA5uM', '0KoiMHhqKLoL4xM54rcWYY', '5BRUlCrkTljRTux8BUPUDp']
Cardi B	Ozuna	3	['4w8niZpiMy6qz1mntFA5uM', '0KoiMHhqKLoL4xM54rcWYY', '5BRUlCrkTljRTux8BUPUDp']
Cardi B	Selena Gomez	3	['4w8niZpiMy6qz1mntFA5uM', '0KoiMHhqKLoL4xM54rcWYY', '5BRUlCrkTljRTux8BUPUDp']
DJ Snake	Ozuna	3	['4w8niZpiMy6qz1mntFA5uM', '0KoiMHhqKLoL4xM54rcWYY', '5BRUlCrkTljRTux8BUPUDp']
DJ Snake	Selena Gomez	3	['4w8niZpiMy6qz1mntFA5uM', '0KoiMHhqKLoL4xM54rcWYY', '5BRUlCrkTljRTux8BUPUDp']
Ozuna	Selena Gomez	3	['4w8niZpiMy6qz1mntFA5uM', '0KoiMHhqKLoL4xM54rcWYY', '5BRUlCrkTljRTux8BUPUDp']
Bas	Dreamville	3	['5WnfnSpuNEGXyEt78PBA6d', '4eqrNsKy9Mvg1fvfsTVIAE', '36J0iaPDGbYGsHvYpaYs3k']
Bas	JID	3	['5WnfnSpuNEGXyEt78PBA6d', '4eqrNsKy9Mvg1fvfsTVIAE', '36J0iaPDGbYGsHvYpaYs3k']
Travis Barker	YUNGBLUD	3	['4mGdjNMo0RonTlOEb7cYg4', '6bWBLZLBRQEJ5KsLicouNB', '2gTdDMpNxIRFSiu7HutMCg']
DJ Snake	J Balvin	3	['6osaMSJh9NguagEDQcZaKx', '1f38Gx6xQz6r4H1jGVNBJo', '1fBXSMOusjaj7GjzErHmUI']
DJ Snake	Tyga	3	['6osaMSJh9NguagEDQcZaKx', '1f38Gx6xQz6r4H1jGVNBJo', '1fBXSMOusjaj7GjzErHmUI']
Gunna	Lil Baby	3	['78QR3Wp35dqAhFEc2qAGjE', '2VIMXmWUIqhMqg6h5FOFPG', '6wWaVoUOzLQJHd3bWAUpdZ']
Brendon Urie	Taylor Swift	3	['4MsUsFfWseB9M2plGJyuIw', '2Rk4JlNc2TPmZe2af99d45', '4Sib57MmYGJzSvkW84jTwh']
Dreamville	EARTHGANG	3	['4eqrNsKy9Mvg1fvfsTVIAE', '36J0iaPDGbYGsHvYpaYs3k', '2gtFMLjQpCTGekMi4oXZxN']
EARTHGANG	JID	3	['4eqrNsKy9Mvg1fvfsTVIAE', '36J0iaPDGbYGsHvYpaYs3k', '2gtFMLjQpCTGekMi4oXZxN']
Ed Sheeran	Stormzy	3	['07s9NNOT0sZQp7TyolLLgu', '1AI7UPw3fgwAFkvAlZWhE0', '4QPEwDdOMhY7rNS05mTyMR']
Post Malone	Travis Scott	3	['4Yq3XUNfWrAPWuB94qkC09', '0b6UoVjUzFyZNpHI0aAhKt', '7CZyCXKG6d5ALeq41sLzbw']
PnB Rock	XXXTENTACION	3	['4AEzAEnbm9uRgbmTdeI63K', '69dXVFCMiz3SL1L7M24NdX', '03eJ2DclFWXYU8GWgANdmZ']
Trippie Redd	XXXTENTACION	3	['7AQim7LbvFVZJE3O8TYgf2', '69dXVFCMiz3SL1L7M24NdX', '03eJ2DclFWXYU8GWgANdmZ']
Rich The Kid	Tory Lanez	3	['2VGD6mGeuv6aORaU0vKsHB', '51w9Jbat1pLeWINGCpnQUR', '7cWmR9RLLMY6bj28q4bhvz']
Drake	Rick Ross	3	['1rX5L6pyl3rVWb55D8Cprr', '5ry2OE6R2zPQFDO85XkgRb', '4aPB8rSxGFISs0o6V2LrTy']
DaBaby	Lil Baby	3	['2nKYHpmwjLaEOXS3o7QMiz', '5MPPttjfGap2C6j6eKcO6J', '2FvD20Z8aoWIePi7PoN8sG']
Offset	Tyga	3	['5IaHrVsrferBYDm0bDyABy', '2toVe5hfuIi97ytDPDbQFt', '0jAfdqv18goRTUxm3ilRjb']
Billy Ray Cyrus	Lil Nas X	3	['6u7jPi22kF8CTQ3rb9DHE7', '2YpeDb67231RjR0MgVLzsG', '6jmZlyf9DxcIoRrjw02YXm']
Lil Baby	Post Malone	2	['0hGH0S74Eoyv6mXZcOKtdQ', '12Fkyg9lpmaz2zmKOfw2Y2']
Meek Mill	Post Malone	2	['0hGH0S74Eoyv6mXZcOKtdQ', '12Fkyg9lpmaz2zmKOfw2Y2']
6ix9ine	A Boogie Wit da Hoodie	2	['1wJRveJZLSb1rjhnUHQiv6', '6o79O9qBP3OAkWOXajAQIS']
Daddy Yankee	Snow	2	['5w9c2J52mkdntKOmRLeM2m', '4au7FRcgZzChASRYu279xH']
21 Savage	Offset	2	['7pMRoGLEJuFM2wl5pt0R99', '6mCqxnyOhr4tHMbRbQL4Yn']
Migos	Mustard	2	['3j84U36KvLeXNDPv4t5pI8', '63cd4JkwGgYJrbOizbfmsp']
G-Eazy	Tyga	2	['1NHlyKgtR4roNylOhidKSv', '4WstRtdgYjwPvpCekgYAhs']
RANI	Sam Feldt	2	['0qc4QlcCxVTGyShurEv1UU', '36orMWv2PgvnzXsd5CJ0yL']
Marshmello	Roddy Ricch	2	['6GSkLS2y4ZnnZsuRAj975K', '0PowxVSTY2uh1CPc8EPKyX']
Gunna	Lil Mosey	2	['7iHHxY2NLlJRAmlAmC4ahQ', '5hDAT527wXWNBnJlujhuUs']
Blueface	Rich The Kid	2	['4hanO6Du5J7QEguNHYZHmw', '6XkLPzkKzPhpr3hrvl1TUq']
Gunna	Roddy Ricch	2	['5ravc2aiNoYmu9m37diYXW', '7A20WnLkjtZU2d7hIB6Ziu']
Drake	Lil Baby	2	['6vN77lE9LK6HP2DewaN6HZ', '6wWaVoUOzLQJHd3bWAUpdZ']
Ed Sheeran	Khalid	2	['4evmHXcjt3bTUHD1cvny97', '70eFcWOvlMObDhURTqT4Fv']
Post Malone	SZA	2	['5KE9b4x7Zj2A8XtbkqhqTe', '2leIuE4fdcJoNMSKu5Yr7a']
Juice WRLD	benny blanco	2	['6cjSh516BbrNUs213jDAGm', '1KVczjazCcCCgM3gXXUl47']
Diplo	LSD	2	['6Dma0t0hOe6Bd6u5YRKF3n', '3Y7a0typ6ik1KscmebXd6D']
Diplo	Labrinth	2	['6Dma0t0hOe6Bd6u5YRKF3n', '3Y7a0typ6ik1KscmebXd6D']
Diplo	Sia	2	['6Dma0t0hOe6Bd6u5YRKF3n', '3Y7a0typ6ik1KscmebXd6D']
LSD	Labrinth	2	['6Dma0t0hOe6Bd6u5YRKF3n', '3Y7a0typ6ik1KscmebXd6D']
LSD	Sia	2	['6Dma0t0hOe6Bd6u5YRKF3n', '3Y7a0typ6ik1KscmebXd6D']
Labrinth	Sia	2	['6Dma0t0hOe6Bd6u5YRKF3n', '3Y7a0typ6ik1KscmebXd6D']
Murda Beatz	Nicki Minaj	2	['4QIyEq7TcTdAcxjI2AFlAK', '7H1591r6SfmZZh6BUE7Gue']
Chris Brown	Drake	2	['6XHVuErjQ4XNm6nDPVCxVX', '7FEwp8BavoEVE3AnxJDchc']
J. Cole	Travis Scott	2	['7DcvwMAiqKJQD1rrdfxSDx', '3s4mrPrEFFPF0LmAfutW0n']
J. Cole	Young Thug	2	['7DcvwMAiqKJQD1rrdfxSDx', '3s4mrPrEFFPF0LmAfutW0n']
Buddy	Dreamville	2	['5WnfnSpuNEGXyEt78PBA6d', '2gtFMLjQpCTGekMi4oXZxN']
Buddy	Guapdad 4000	2	['5WnfnSpuNEGXyEt78PBA6d', '2gtFMLjQpCTGekMi4oXZxN']
Buddy	JID	2	['5WnfnSpuNEGXyEt78PBA6d', '2gtFMLjQpCTGekMi4oXZxN']
Dreamville	Guapdad 4000	2	['5WnfnSpuNEGXyEt78PBA6d', '2gtFMLjQpCTGekMi4oXZxN']
Guapdad 4000	JID	2	['5WnfnSpuNEGXyEt78PBA6d', '2gtFMLjQpCTGekMi4oXZxN']
Meek Mill	NAV	2	['1xkMNjOFNCw3OCI7Gtjpjb', '5rU6kDNXZLXIinFezpbWbO']
Blueface	YG	2	['0EzRnjtN5ER0wu1IudNom8', '1JkrD47SDpAbyvqKtolcea']
Billie Eilish	Khalid	2	['1NJcg626wLln4pGHpiV7mf', '0u2P5u6lvoDfwTYjAADbn4']
Gesaffelstein	The Weeknd	2	['2vXKRlJBXyOcvZYTdNeckS', '7wFybC8jBH3zE139OpCtpG']
Chance the Rapper	DaBaby	2	['0WoAkdHmgPmEXfiBox1flk', '00ko9WaS4jOX1kEk3gvHjf']
Disclosure	Khalid	2	['0rTV5WefWd1J3OwIheTzxM', '6TqXcAFInzjp0bODyvrWEq']
Gunna	Travis Scott	2	['4ea9w8c4ROqiZpJVhfBA3m', '56AMYGJzxBO6p8v0wEe9de']
Drake	Summer Walker	2	['0mfCH4nfpshBQR9ueZP5eP', '14SaZBTjxlorHJQxXh01Hu']
9lokknine	YNW Melly	2	['4sjiIpEv617LDXaidKioOI', '29ZXwWOOLz9t5fa3eT3i7T']
Chris Brown	Lil Mosey	2	['7BxpObs6K7Yio5lVb3sMYX', '4E08gEca6avoGx5SS4MM6T']
Bruno Mars	Chris Stapleton	2	['6EbduYTr62sSzvl36wWiFM', '7hvO2qCwJVZxiyoA7c9i5d']
Bruno Mars	Ed Sheeran	2	['6EbduYTr62sSzvl36wWiFM', '7hvO2qCwJVZxiyoA7c9i5d']
Chris Stapleton	Ed Sheeran	2	['6EbduYTr62sSzvl36wWiFM', '7hvO2qCwJVZxiyoA7c9i5d']
Chris Brown	Tyga	2	['1jlnBQGP2DtSEhMgQaz7a7', '4Q8aDd3H6LF8t4eY7So9O8']
Bas	EARTHGANG	2	['4eqrNsKy9Mvg1fvfsTVIAE', '36J0iaPDGbYGsHvYpaYs3k']
Bas	J. Cole	2	['4eqrNsKy9Mvg1fvfsTVIAE', '36J0iaPDGbYGsHvYpaYs3k']
Bas	Young Nudy	2	['4eqrNsKy9Mvg1fvfsTVIAE', '36J0iaPDGbYGsHvYpaYs3k']
EARTHGANG	J. Cole	2	['4eqrNsKy9Mvg1fvfsTVIAE', '36J0iaPDGbYGsHvYpaYs3k']
EARTHGANG	Young Nudy	2	['4eqrNsKy9Mvg1fvfsTVIAE', '36J0iaPDGbYGsHvYpaYs3k']
J. Cole	JID	2	['4eqrNsKy9Mvg1fvfsTVIAE', '36J0iaPDGbYGsHvYpaYs3k']
JID	Young Nudy	2	['4eqrNsKy9Mvg1fvfsTVIAE', '36J0iaPDGbYGsHvYpaYs3k']
A Boogie Wit da Hoodie	Roddy Ricch	2	['5j1yOqWONR9T6l43AzJ6Es', '6ztvsy3C6hPjVg9j4x1XKJ']
6ix9ine	Nicki Minaj	2	['1oJ8EDr2pv94IvSd6ZmDgo', '4QIyEq7TcTdAcxjI2AFlAK']
Game of Thrones	SZA	2	['4cbdPT6uaBOgOQe3fLMofl', '35RDmXJ59YYGNlv1KfTGsP']
Game of Thrones	The Weeknd	2	['4cbdPT6uaBOgOQe3fLMofl', '35RDmXJ59YYGNlv1KfTGsP']
Game of Thrones	Travis Scott	2	['4cbdPT6uaBOgOQe3fLMofl', '35RDmXJ59YYGNlv1KfTGsP']
SZA	The Weeknd	2	['4cbdPT6uaBOgOQe3fLMofl', '35RDmXJ59YYGNlv1KfTGsP']
SZA	Travis Scott	2	['4cbdPT6uaBOgOQe3fLMofl', '35RDmXJ59YYGNlv1KfTGsP']
The Weeknd	Travis Scott	2	['4cbdPT6uaBOgOQe3fLMofl', '35RDmXJ59YYGNlv1KfTGsP']
KYLE	Lil Yachty	2	['1jkEorRvoRQNo1WZfD1X5q', '0CmDU4HueRJ9XXul7PdJLc']
T-Pain	Tory Lanez	2	['0mTKJnVf6GcujyDr1PZn0Q', '6JsHgIkMYHcbNtKfsal2Mg']
Ed Sheeran	Yebba	2	['5ug4vqGZ3eisGhY1IsziNX', '0VsGaRXR5WAzpu51unJTis']
Bad Bunny	J Balvin	2	['25ZAibhr3bdlMCLmubZDVt', '58q2HKrzhC3ozto2nDdN4z']
Burna Boy	Ed Sheeran	2	['07s9NNOT0sZQp7TyolLLgu', '4QPEwDdOMhY7rNS05mTyMR']
Burna Boy	Stormzy	2	['07s9NNOT0sZQp7TyolLLgu', '4QPEwDdOMhY7rNS05mTyMR']
Grey	Zedd	2	['6875MeXyCW0wLyT72Eetmo', '09IStsImFySgyp0pIQdqAc']
Ozzy Osbourne	Post Malone	2	['4Yq3XUNfWrAPWuB94qkC09', '7CZyCXKG6d5ALeq41sLzbw']
Ozzy Osbourne	Travis Scott	2	['4Yq3XUNfWrAPWuB94qkC09', '7CZyCXKG6d5ALeq41sLzbw']
PnB Rock	Trippie Redd	2	['03eJ2DclFWXYU8GWgANdmZ', '69dXVFCMiz3SL1L7M24NdX']
Post Malone	Roddy Ricch	2	['3IKRHd9ihUdGffgz4Mbgv0', '0fcq51a3gOI6gPvzc0YLsk']
Post Malone	Tyga	2	['3IKRHd9ihUdGffgz4Mbgv0', '0fcq51a3gOI6gPvzc0YLsk']
Roddy Ricch	Tyga	2	['3IKRHd9ihUdGffgz4Mbgv0', '0fcq51a3gOI6gPvzc0YLsk']
Goodboys	MEDUZA	2	['1DFD5Fotzgn6yYXkYsKiGs', '7CHi4DtfK4heMlQaudCuHK']
Burna Boy	Jorja Smith	2	['3IWs9dAwTqN0EFhOIcBDfs', '5pAbCxt9e3f81lOmjIXwzd']
Camila Cabello	Mark Ronson	2	['5Uw7Dut2lZfexn3Y09swpf', '1HpzOCZbNWzxvvXfSGtSrX']
Brendon Urie	Panic! At The Disco	2	['4MsUsFfWseB9M2plGJyuIw', '2Rk4JlNc2TPmZe2af99d45']
Panic! At The Disco	Taylor Swift	2	['4MsUsFfWseB9M2plGJyuIw', '2Rk4JlNc2TPmZe2af99d45']
ScHoolboy Q	Travis Scott	2	['01DOm09B2AbiTARAbXVI6g', '2EGtBS7Ws3ajiSkJLviFJ4']
Chance the Rapper	Ed Sheeran	2	['543bCW2ruMPmxUBWirQ3MR', '4wuCQX7JvAZLlrcmH4AeZF']
Chance the Rapper	PnB Rock	2	['543bCW2ruMPmxUBWirQ3MR', '4wuCQX7JvAZLlrcmH4AeZF']
Ed Sheeran	PnB Rock	2	['543bCW2ruMPmxUBWirQ3MR', '4wuCQX7JvAZLlrcmH4AeZF']
Y2K	bbno$	2	['07rmSXN6vNoquX1AsWd9pP', '51Fjme0JiitpyXKuyQiCDo']
NAV	Young Thug	2	['369g3Kv6MXsl0wn7PNtWvO', '28yESWw8HvQoZlyGpyH5Va']
Camila Cabello	Shawn Mendes	2	['0TK2YIli7K1leLovkQiNik', '6v3KW9xbzN5yKLt9YKDYA2']
Fall Out Boy	Macklemore	2	['7Feaw9WAEREY0DUOSXJLOM', '40OMBMYRk5IQL6xCzGM0JA']
Fall Out Boy	Martin Garrix	2	['7Feaw9WAEREY0DUOSXJLOM', '40OMBMYRk5IQL6xCzGM0JA']
Macklemore	Martin Garrix	2	['7Feaw9WAEREY0DUOSXJLOM', '40OMBMYRk5IQL6xCzGM0JA']
Jon Z	Tyga	2	['3SZqA7rQvROJsCbUu2v0xa', '1kK6DwzyXJSp58u5HYWwuD']
Jon Z	YG	2	['3SZqA7rQvROJsCbUu2v0xa', '1kK6DwzyXJSp58u5HYWwuD']
Lil Tjay	Polo G	2	['6uFn47ACjqYkc0jADwEdj1', '5AjINjwKyRvQJhSe2zpPHi']
Future	Halsey	2	['2C6WXnmZ66tHhHlnvwePiK', '59PYPDxTbqJpiGfyogPb5h']
Future	Post Malone	2	['2C6WXnmZ66tHhHlnvwePiK', '59PYPDxTbqJpiGfyogPb5h']
Halsey	Post Malone	2	['2C6WXnmZ66tHhHlnvwePiK', '59PYPDxTbqJpiGfyogPb5h']
Anne-Marie	Lauv	2	['4wopYJ5wpYOM6ogm2Jugnw', '322tcqPhma7F6hfCeLisx0']
Lil Wayne	Tory Lanez	2	['51w9Jbat1pLeWINGCpnQUR', '1kWAhf2TJPkpiSgTnp8Ure']
Kehlani	Ty Dolla $ign	2	['7e4KQkp5ZR1gXCAalRjX6B', '6ZRuF2n1CQxyxxAAWsKJOy']
DaBaby	Post Malone	2	['0Xek5rqai2jcOWCYWJfVCF', '6UFEJuDXQMWhL5UH5f9fUR']
DJ Khaled	Lil Wayne	2	['6Dq8FZrvx9S28iyaKSwn9x', '7C0BHTRLmWUONc8OYjOPdW']
Ant Clemons	Kanye West	2	['24bnCCysWnbNRNUT4LpHcP', '454Epa1vrCGFddHXKyC1kb']
Juice WRLD	Young Thug	2	['572BChNcXOIvtfn2TGmTKc', '5TnLXSd4h6G06Fbt2ApOpa']
Ed Sheeran	Justin Bieber	2	['3HVWdVOQ0ZA45FuZGSfvns', '0hVXuCcriWRGvwMV1r5Yn9']
Chance the Rapper	DJ Khaled	2	['5WvAo7DNuPRmk4APhdPzi8', '03nPEoQOYMuDe7KmGljpmd']
Chance the Rapper	Justin Bieber	2	['5WvAo7DNuPRmk4APhdPzi8', '03nPEoQOYMuDe7KmGljpmd']
Chance the Rapper	Quavo	2	['5WvAo7DNuPRmk4APhdPzi8', '03nPEoQOYMuDe7KmGljpmd']
DJ Khaled	Justin Bieber	2	['5WvAo7DNuPRmk4APhdPzi8', '03nPEoQOYMuDe7KmGljpmd']
DJ Khaled	Quavo	2	['5WvAo7DNuPRmk4APhdPzi8', '03nPEoQOYMuDe7KmGljpmd']
Justin Bieber	Quavo	2	['5WvAo7DNuPRmk4APhdPzi8', '03nPEoQOYMuDe7KmGljpmd']
Offset	Travis Scott	2	['7pMRoGLEJuFM2wl5pt0R99', '0FZ4Dmg8jJJAPJnvBIzD9z']
A Boogie Wit da Hoodie	Offset	2	['2xKQj6P0TgxBVaRiojP2s2', '0jAfdqv18goRTUxm3ilRjb']
Mustard	YG	2	['5duCElafuovM4ZSmkQL4hn', '3O7lxdQoe1aNWs93VSHsJg']
DaBaby	Trippie Redd	2	['3Kd6Wp3lG5HXMB2dlvuy7y', '6YfTl5YupXOQBKiJJLrxcw']
DaBaby	Quality Control	2	['2nKYHpmwjLaEOXS3o7QMiz', '5MPPttjfGap2C6j6eKcO6J']
Lil Baby	Quality Control	2	['2nKYHpmwjLaEOXS3o7QMiz', '5MPPttjfGap2C6j6eKcO6J']
DJ Khaled	Lil Baby	2	['6xVhqLT40s5sVhepe9Mckc', '4U6ubKsTd8RBDP5tPPhh7I']
DJ Khaled	Meek Mill	2	['6xVhqLT40s5sVhepe9Mckc', '4U6ubKsTd8RBDP5tPPhh7I']
French Montana	Swae Lee	2	['54yCP5dfn4uvU5h37aE8f4', '3B54sVLJ402zGa6Xm4YGNe']
NAV	The Weeknd	2	['4RbbzNY4MEcgzewYWkIsGu', '4hqOmrCCJKyiuwDexd8c2t']
Ariana Grande	Lana Del Rey	2	['3NkJNL3WqO1Lqc3uNDxvCN', '6zegtH6XXd2PDPLvy1Y0n2']
Ariana Grande	Miley Cyrus	2	['3NkJNL3WqO1Lqc3uNDxvCN', '6zegtH6XXd2PDPLvy1Y0n2']
Lana Del Rey	Miley Cyrus	2	['3NkJNL3WqO1Lqc3uNDxvCN', '6zegtH6XXd2PDPLvy1Y0n2']
Machine Gun Kelly	Travis Barker	2	['6bWBLZLBRQEJ5KsLicouNB', '2gTdDMpNxIRFSiu7HutMCg']
Machine Gun Kelly	YUNGBLUD	2	['6bWBLZLBRQEJ5KsLicouNB', '2gTdDMpNxIRFSiu7HutMCg']
Gucci Mane	Logic	1	['5sCwso3aURYAdieWEFI1nE']
Juice WRLD	Trippie Redd	1	['7tgjDlQsMR8RvkdlNCJA58']
Juice WRLD	YNW Melly	1	['7tgjDlQsMR8RvkdlNCJA58']
Trippie Redd	YNW Melly	1	['7tgjDlQsMR8RvkdlNCJA58']
Diplo	Morgan Wallen	1	['0rFQ5cKYJ9WtHSKp9sxVYt']
James Blake	Metro Boomin	1	['64ydkbrt0xhdJXRaam06Mc']
James Blake	Travis Scott	1	['64ydkbrt0xhdJXRaam06Mc']
Metro Boomin	Travis Scott	1	['64ydkbrt0xhdJXRaam06Mc']
Erika Sirola	Robin Schulz	1	['1rCcsYnmqbMYdkG7kS9GC5']
Eartha Kitt	Henri Rene & His Orchestra	1	['1foCxQtxBweJtZmdxhEHVO']
Lil Baby	Yo Gotti	1	['6PRh0ilIMEP1xlUHqalnkD']
Post Malone	Young Thug	1	['6vBdBCoOhKHiYDDOcorfNo']
Khalid	Normani	1	['45Egmo7icyopuzJN0oMEdk']
5 Seconds of Summer	Julia Michaels	1	['6GzApXoBQiiAjak3tOQfV3']
Daddy Yankee	Katy Perry	1	['4au7FRcgZzChASRYu279xH']
Katy Perry	Snow	1	['4au7FRcgZzChASRYu279xH']
Lil Wayne	Ty Dolla $ign	1	['3vWzyGTu6Ovo1GdrcJqH6e']
Lil Wayne	XXXTENTACION	1	['3vWzyGTu6Ovo1GdrcJqH6e']
Ty Dolla $ign	XXXTENTACION	1	['3vWzyGTu6Ovo1GdrcJqH6e']
21 Savage	DJ Snake	1	['6mCqxnyOhr4tHMbRbQL4Yn']
21 Savage	Gucci Mane	1	['6mCqxnyOhr4tHMbRbQL4Yn']
21 Savage	Sheck Wes	1	['6mCqxnyOhr4tHMbRbQL4Yn']
DJ Snake	Gucci Mane	1	['6mCqxnyOhr4tHMbRbQL4Yn']
DJ Snake	Offset	1	['6mCqxnyOhr4tHMbRbQL4Yn']
DJ Snake	Sheck Wes	1	['6mCqxnyOhr4tHMbRbQL4Yn']
Gucci Mane	Offset	1	['6mCqxnyOhr4tHMbRbQL4Yn']
Gucci Mane	Sheck Wes	1	['6mCqxnyOhr4tHMbRbQL4Yn']
Offset	Sheck Wes	1	['6mCqxnyOhr4tHMbRbQL4Yn']
Kirsty MacColl	The Pogues	1	['3VTNVsTTu05dmTsVFrmGpK']
G-Eazy	Rich The Kid	1	['1NHlyKgtR4roNylOhidKSv']
Rich The Kid	Tyga	1	['1NHlyKgtR4roNylOhidKSv']
Shawn Mendes	Taylor Swift	1	['3i9UVldZOE0aD0JnyfAZZ0']
PARTYNEXTDOOR	Summer Walker	1	['43IMaycr34ZR5kS8mlL5hH']
A Touch Of Class	R3HAB	1	['02itaCXOdC54J0ISjqqFAp']
Juice WRLD	Seezyn	1	['6rz0dTA0PdhXImFV5EjM0w']
Chance the Rapper	John Legend	1	['1g3ErLqysBJ5EIGdYYMWFZ']
Drake	James Fauntleroy	1	['56NDFbD0tCUawnqeU2wcvv']
A Boogie Wit da Hoodie	Mustard	1	['2zjGJ0dChMR0KxBZS15aqo']
A Boogie Wit da Hoodie	NAV	1	['2zjGJ0dChMR0KxBZS15aqo']
A Boogie Wit da Hoodie	Playboi Carti	1	['2zjGJ0dChMR0KxBZS15aqo']
Mustard	NAV	1	['2zjGJ0dChMR0KxBZS15aqo']
Mustard	Playboi Carti	1	['2zjGJ0dChMR0KxBZS15aqo']
NAV	Playboi Carti	1	['2zjGJ0dChMR0KxBZS15aqo']
DaBaby	Stunna 4 Vegas	1	['7vxGCUPJhe0fXfBkwVPFcP']
CHVRCHES	Marshmello	1	['5icOoE6VgqFKohjWWNp0Ac']
DaBaby	Dreamville	1	['6MF4tRr5lU8qok8IKaFOBE']
DaBaby	J. Cole	1	['6MF4tRr5lU8qok8IKaFOBE']
DaBaby	Lute	1	['6MF4tRr5lU8qok8IKaFOBE']
Dreamville	Lute	1	['6MF4tRr5lU8qok8IKaFOBE']
J. Cole	Lute	1	['6MF4tRr5lU8qok8IKaFOBE']
Cardi B	Lil Nas X	1	['4ak7xjvBeBOcJGWFDX9w5n']
Marshmello	YUNGBLUD	1	['7jzldCBnJjpJM3epzJ85KE']
Marshmello	blackbear	1	['7jzldCBnJjpJM3epzJ85KE']
YUNGBLUD	blackbear	1	['7jzldCBnJjpJM3epzJ85KE']
Drake	Lil Wayne	1	['2hcohLIysMxofYziluXCoX']
Khalid	Marshmello	1	['7vGuf3Y35N4wmASOKLUVVU']
Macklemore	Why Don't We	1	['45ZGEdLxCZvdMX9jWlsAAx']
A Boogie Wit da Hoodie	Juice WRLD	1	['3L19besdNQzd342qL78xqm']
Brandy	Daniel Caesar	1	['2fhePAlCSsJplwkjqMYpVm']
Charlotte Cardin	Loud	1	['6SlLKlIbF057jIOiQA52dT']
5 Seconds of Summer	Charlie Puth	1	['5iTaLzgPI5jRMVAxITcZwT']
Becky G	Duckwrth	1	['5C0ivQMxes2lWuOANhvVAm']
Becky G	Keke Palmer	1	['5C0ivQMxes2lWuOANhvVAm']
Becky G	League of Legends	1	['5C0ivQMxes2lWuOANhvVAm']
Becky G	SOYEON of (G)I-DLE	1	['5C0ivQMxes2lWuOANhvVAm']
Becky G	Thutmose	1	['5C0ivQMxes2lWuOANhvVAm']
Becky G	True Damage	1	['5C0ivQMxes2lWuOANhvVAm']
Duckwrth	Keke Palmer	1	['5C0ivQMxes2lWuOANhvVAm']
Duckwrth	League of Legends	1	['5C0ivQMxes2lWuOANhvVAm']
Duckwrth	SOYEON of (G)I-DLE	1	['5C0ivQMxes2lWuOANhvVAm']
Duckwrth	Thutmose	1	['5C0ivQMxes2lWuOANhvVAm']
Duckwrth	True Damage	1	['5C0ivQMxes2lWuOANhvVAm']
Keke Palmer	League of Legends	1	['5C0ivQMxes2lWuOANhvVAm']
Keke Palmer	SOYEON of (G)I-DLE	1	['5C0ivQMxes2lWuOANhvVAm']
Keke Palmer	Thutmose	1	['5C0ivQMxes2lWuOANhvVAm']
Keke Palmer	True Damage	1	['5C0ivQMxes2lWuOANhvVAm']
League of Legends	SOYEON of (G)I-DLE	1	['5C0ivQMxes2lWuOANhvVAm']
League of Legends	Thutmose	1	['5C0ivQMxes2lWuOANhvVAm']
League of Legends	True Damage	1	['5C0ivQMxes2lWuOANhvVAm']
SOYEON of (G)I-DLE	Thutmose	1	['5C0ivQMxes2lWuOANhvVAm']
SOYEON of (G)I-DLE	True Damage	1	['5C0ivQMxes2lWuOANhvVAm']
Thutmose	True Damage	1	['5C0ivQMxes2lWuOANhvVAm']
Brendon Urie	Juice WRLD	1	['1KVczjazCcCCgM3gXXUl47']
Brendon Urie	benny blanco	1	['1KVczjazCcCCgM3gXXUl47']
Gunna	Rich The Kid	1	['4bi9YrkOvmg4Eb7h00AW2c']
Rich The Kid	Young Thug	1	['4bi9YrkOvmg4Eb7h00AW2c']
Ky-Mani Marley	Stefflon Don	1	['0OTBOHjEaoqroFlfut1ZsH']
Ky-Mani Marley	Vybz Kartel	1	['0OTBOHjEaoqroFlfut1ZsH']
Ky-Mani Marley	XXXTENTACION	1	['0OTBOHjEaoqroFlfut1ZsH']
Stefflon Don	Vybz Kartel	1	['0OTBOHjEaoqroFlfut1ZsH']
Stefflon Don	XXXTENTACION	1	['0OTBOHjEaoqroFlfut1ZsH']
Vybz Kartel	XXXTENTACION	1	['0OTBOHjEaoqroFlfut1ZsH']
Yung Gravy	bbno$	1	['1IhMuuTCpO0K7BM2MmIZ0w']
DJ Khaled	SZA	1	['0BnTBAGmr9FtYwkZrwKhwS']
Kane Brown	Marshmello	1	['4hPpVbbakQNv8YTHYaOJP4']
21 Savage	Cardi B	1	['1Hd2XLitkt1PYCWSbfF5qV']
21 Savage	DJ Khaled	1	['1Hd2XLitkt1PYCWSbfF5qV']
Cardi B	DJ Khaled	1	['1Hd2XLitkt1PYCWSbfF5qV']
Fred Hammond	Kanye West	1	['7r6aR2f57resC5r93LwMfK']
Murda Beatz	PnB Rock	1	['7H1591r6SfmZZh6BUE7Gue']
Nicki Minaj	PnB Rock	1	['7H1591r6SfmZZh6BUE7Gue']
Anuel AA	Daddy Yankee	1	['2ksOAxtIxY8yElEWw8RhgK']
Anuel AA	J Balvin	1	['2ksOAxtIxY8yElEWw8RhgK']
Anuel AA	KAROL G	1	['2ksOAxtIxY8yElEWw8RhgK']
Anuel AA	Ozuna	1	['2ksOAxtIxY8yElEWw8RhgK']
Daddy Yankee	J Balvin	1	['2ksOAxtIxY8yElEWw8RhgK']
Daddy Yankee	KAROL G	1	['2ksOAxtIxY8yElEWw8RhgK']
Daddy Yankee	Ozuna	1	['2ksOAxtIxY8yElEWw8RhgK']
J Balvin	KAROL G	1	['2ksOAxtIxY8yElEWw8RhgK']
J Balvin	Ozuna	1	['2ksOAxtIxY8yElEWw8RhgK']
KAROL G	Ozuna	1	['2ksOAxtIxY8yElEWw8RhgK']
MAX	Quinn XCII	1	['2tOOcDDYkh0PSjr6GwPEAJ']
Bad Bunny	Drake	1	['116H0KvKr2Zl4RPuVBruDO']
Lil Pump	Lil Wayne	1	['6flur5o18COKeafnjLHRiJ']
Chance the Rapper	Megan Thee Stallion	1	['1xsP6AITcWNigBYBYVnVZw']
Kendrick Lamar	SZA	1	['3GCdLUSnKSMJhs4Tj6CV3s']
Lil Skies	Smokepurpp	1	['1e4jcHkbKwazmvLw0ug4EL']
Bas	Buddy	1	['5WnfnSpuNEGXyEt78PBA6d']
Bas	Guapdad 4000	1	['5WnfnSpuNEGXyEt78PBA6d']
Bas	Jace	1	['5WnfnSpuNEGXyEt78PBA6d']
Bas	Mez	1	['5WnfnSpuNEGXyEt78PBA6d']
Bas	Reese LAFLARE	1	['5WnfnSpuNEGXyEt78PBA6d']
Bas	Ski Mask The Slump God	1	['5WnfnSpuNEGXyEt78PBA6d']
Bas	Smokepurpp	1	['5WnfnSpuNEGXyEt78PBA6d']
Buddy	Jace	1	['5WnfnSpuNEGXyEt78PBA6d']
Buddy	Mez	1	['5WnfnSpuNEGXyEt78PBA6d']
Buddy	Reese LAFLARE	1	['5WnfnSpuNEGXyEt78PBA6d']
Buddy	Ski Mask The Slump God	1	['5WnfnSpuNEGXyEt78PBA6d']
Buddy	Smokepurpp	1	['5WnfnSpuNEGXyEt78PBA6d']
Dreamville	Jace	1	['5WnfnSpuNEGXyEt78PBA6d']
Dreamville	Mez	1	['5WnfnSpuNEGXyEt78PBA6d']
Dreamville	Reese LAFLARE	1	['5WnfnSpuNEGXyEt78PBA6d']
Dreamville	Ski Mask The Slump God	1	['5WnfnSpuNEGXyEt78PBA6d']
Dreamville	Smokepurpp	1	['5WnfnSpuNEGXyEt78PBA6d']
Guapdad 4000	Jace	1	['5WnfnSpuNEGXyEt78PBA6d']
Guapdad 4000	Mez	1	['5WnfnSpuNEGXyEt78PBA6d']
Guapdad 4000	Reese LAFLARE	1	['5WnfnSpuNEGXyEt78PBA6d']
Guapdad 4000	Ski Mask The Slump God	1	['5WnfnSpuNEGXyEt78PBA6d']
Guapdad 4000	Smokepurpp	1	['5WnfnSpuNEGXyEt78PBA6d']
JID	Jace	1	['5WnfnSpuNEGXyEt78PBA6d']
JID	Mez	1	['5WnfnSpuNEGXyEt78PBA6d']
JID	Reese LAFLARE	1	['5WnfnSpuNEGXyEt78PBA6d']
JID	Ski Mask The Slump God	1	['5WnfnSpuNEGXyEt78PBA6d']
JID	Smokepurpp	1	['5WnfnSpuNEGXyEt78PBA6d']
Jace	Mez	1	['5WnfnSpuNEGXyEt78PBA6d']
Jace	Reese LAFLARE	1	['5WnfnSpuNEGXyEt78PBA6d']
Jace	Ski Mask The Slump God	1	['5WnfnSpuNEGXyEt78PBA6d']
Jace	Smokepurpp	1	['5WnfnSpuNEGXyEt78PBA6d']
Mez	Reese LAFLARE	1	['5WnfnSpuNEGXyEt78PBA6d']
Mez	Ski Mask The Slump God	1	['5WnfnSpuNEGXyEt78PBA6d']
Mez	Smokepurpp	1	['5WnfnSpuNEGXyEt78PBA6d']
Reese LAFLARE	Ski Mask The Slump God	1	['5WnfnSpuNEGXyEt78PBA6d']
Reese LAFLARE	Smokepurpp	1	['5WnfnSpuNEGXyEt78PBA6d']
Ski Mask The Slump God	Smokepurpp	1	['5WnfnSpuNEGXyEt78PBA6d']
Future	Young Thug	1	['0zNHMc1cGKe4MO5rtGtKRh']
Blueface	Tyga	1	['0EzRnjtN5ER0wu1IudNom8']
Ozuna	ROSALÍA	1	['7BlBVFwvbWvcwNcUarQmjk']
DB Omerta	Kodak Black	1	['6vn5wV2qwx5sengy1kZHnJ']
DB Omerta	NLE Choppa	1	['6vn5wV2qwx5sengy1kZHnJ']
Kodak Black	NLE Choppa	1	['6vn5wV2qwx5sengy1kZHnJ']
2 Chainz	Travis Scott	1	['6Z4rmc0uujCpl8yXe3yjgI']
Skrillex	Travis Scott	1	['0u695M7KyzXaPIjpEbxOkB']
Kanye West	Lil Pump	1	['4S8d14HvHb70ImctNgVzQQ']
BTS	Lil Nas X	1	['6woeVu3fVMflqen1t4N6pg']
BTS	RM	1	['6woeVu3fVMflqen1t4N6pg']
Lil Nas X	RM	1	['6woeVu3fVMflqen1t4N6pg']
Chance the Rapper	Gucci Mane	1	['0WoAkdHmgPmEXfiBox1flk']
Chance the Rapper	YK Osiris	1	['0WoAkdHmgPmEXfiBox1flk']
DaBaby	Gucci Mane	1	['0WoAkdHmgPmEXfiBox1flk']
DaBaby	YK Osiris	1	['0WoAkdHmgPmEXfiBox1flk']
Gucci Mane	YK Osiris	1	['0WoAkdHmgPmEXfiBox1flk']
Camila Cabello	DaBaby	1	['3yOlyBJuViE2YSGn3nVE1K']
Halsey	Travis Barker	1	['4mGdjNMo0RonTlOEb7cYg4']
Halsey	YUNGBLUD	1	['4mGdjNMo0RonTlOEb7cYg4']
Daddy Yankee	Justin Bieber	1	['6rPO02ozF3bM7NnOV4h6s2']
Daddy Yankee	Luis Fonsi	1	['6rPO02ozF3bM7NnOV4h6s2']
Justin Bieber	Luis Fonsi	1	['6rPO02ozF3bM7NnOV4h6s2']
Khalid	Majid Jordan	1	['1opARDDYaOeE1QUdwXmBGu']
A$AP Rocky	Skepta	1	['7ycWLEP1GsNjVvcjawXz3z']
Dynoro	Gigi D'Agostino	1	['0E9ZjEAyAwOXZ7wJC0PD33']
Hit-Boy	Nipsey Hussle	1	['6ya8ejoKgw906Y8LWclqrp']
Hit-Boy	Roddy Ricch	1	['6ya8ejoKgw906Y8LWclqrp']
Nipsey Hussle	Roddy Ricch	1	['6ya8ejoKgw906Y8LWclqrp']
Bing Crosby	John Scott Trotter & His Orchestra	1	['4so0Wek9Ig1p6CRCHuINwW']
Bing Crosby	Ken Darby Singers	1	['4so0Wek9Ig1p6CRCHuINwW']
John Scott Trotter & His Orchestra	Ken Darby Singers	1	['4so0Wek9Ig1p6CRCHuINwW']
Logic	Wiz Khalifa	1	['0ZN72tCEgbwPXEtj6TPMxK']
Agnes	Avicii	1	['4XZxalvnG4Yo8YZLuiT1kV']
Agnes	Vargas & Lagola	1	['4XZxalvnG4Yo8YZLuiT1kV']
Avicii	Vargas & Lagola	1	['4XZxalvnG4Yo8YZLuiT1kV']
Blueface	Cardi B	1	['1JkrD47SDpAbyvqKtolcea']
Cardi B	YG	1	['1JkrD47SDpAbyvqKtolcea']
Billie Eilish	Justin Bieber	1	['3yNZ5r3LKfdmjoS3gkhUCT']
Chris Brown	Marshmello	1	['4Q8aDd3H6LF8t4eY7So9O8']
Marshmello	Tyga	1	['4Q8aDd3H6LF8t4eY7So9O8']
BLACKPINK	Dua Lipa	1	['13hvHEstJ4sNbzdroPrPI3']
Chris Brown	London On Da Track	1	['4otQJBpb8okSeykALR3eCH']
Chris Brown	Summer Walker	1	['4otQJBpb8okSeykALR3eCH']
London On Da Track	Summer Walker	1	['4otQJBpb8okSeykALR3eCH']
Gunna	Polo G	1	['2VIMXmWUIqhMqg6h5FOFPG']
Lil Baby	Polo G	1	['2VIMXmWUIqhMqg6h5FOFPG']
David Guetta	Martin Solveig	1	['0IhTEIjFaRt3B2NQYf9azQ']
Calvin Harris	Rag'n'Bone Man	1	['5itOtNx0WxtJmi1TQ3RuRd']
J Balvin	Selena Gomez	1	['1WSGTYKLEpKfNQYYW5Oymt']
J Balvin	Tainy	1	['1WSGTYKLEpKfNQYYW5Oymt']
J Balvin	benny blanco	1	['1WSGTYKLEpKfNQYYW5Oymt']
Selena Gomez	Tainy	1	['1WSGTYKLEpKfNQYYW5Oymt']
Selena Gomez	benny blanco	1	['1WSGTYKLEpKfNQYYW5Oymt']
Tainy	benny blanco	1	['1WSGTYKLEpKfNQYYW5Oymt']
ZAYN	Zhavia Ward	1	['1iWHabUgUuuKLBa0TzTHfk']
Future	Juice WRLD	1	['5274I4mUMnYczyeXkGDWZN']
Ariana Grande	Nicki Minaj	1	['7vJS1DPc3FzBtqBs8n3mW5']
Ariana Grande	Normani	1	['7vJS1DPc3FzBtqBs8n3mW5']
Nicki Minaj	Normani	1	['7vJS1DPc3FzBtqBs8n3mW5']
6ix9ine	Murda Beatz	1	['4QIyEq7TcTdAcxjI2AFlAK']
Darell	Sech	1	['1Ej96GIBCTvgH7tNX1r3qr']
A Boogie Wit da Hoodie	Jay Critch	1	['4gJUBncw0XCMTBHneTjqGx']
A Boogie Wit da Hoodie	Rich The Kid	1	['4gJUBncw0XCMTBHneTjqGx']
Jay Critch	Rich The Kid	1	['4gJUBncw0XCMTBHneTjqGx']
Buddy	EARTHGANG	1	['2gtFMLjQpCTGekMi4oXZxN']
EARTHGANG	Guapdad 4000	1	['2gtFMLjQpCTGekMi4oXZxN']
Cardi B	French Montana	1	['7x9nXsowok1JszkVztI5NI']
Cardi B	Post Malone	1	['7x9nXsowok1JszkVztI5NI']
Cardi B	Rvssian	1	['7x9nXsowok1JszkVztI5NI']
French Montana	Post Malone	1	['7x9nXsowok1JszkVztI5NI']
French Montana	Rvssian	1	['7x9nXsowok1JszkVztI5NI']
Post Malone	Rvssian	1	['7x9nXsowok1JszkVztI5NI']
Cardi B	Maroon 5	1	['7fa9MBXhVfQ8P8Df9OEbD8']
Post Malone	Quavo	1	['3a1lNhkSLSkpJE4MSHpDu9']
Dixie Chicks	Taylor Swift	1	['4AYtqFyFbX0Xkc2wtcygTr']
Kygo	Valerie Broussard	1	['3Kuu5vASpXK8oRsxOvau6P']
Lil Uzi Vert	Young Thug	1	['3pTScODwk9tggZzmuH6xDY']
Juicy J	Rae Sremmurd	1	['1BuZAIO8WZpavWVbbq3Lci']
Juicy J	Slim Jxmmi	1	['1BuZAIO8WZpavWVbbq3Lci']
Juicy J	Swae Lee	1	['1BuZAIO8WZpavWVbbq3Lci']
Rae Sremmurd	Slim Jxmmi	1	['1BuZAIO8WZpavWVbbq3Lci']
Rae Sremmurd	Swae Lee	1	['1BuZAIO8WZpavWVbbq3Lci']
Slim Jxmmi	Swae Lee	1	['1BuZAIO8WZpavWVbbq3Lci']
Brooks	David Guetta	1	['4Tvw0lweq9l2JPQKFbpbBQ']
Brooks	Loote	1	['4Tvw0lweq9l2JPQKFbpbBQ']
David Guetta	Loote	1	['4Tvw0lweq9l2JPQKFbpbBQ']
Big Sean	Jhené Aiko	1	['1nal3Tf1OCV53KigMZXsZ7']
Grey	Maren Morris	1	['09IStsImFySgyp0pIQdqAc']
Maren Morris	Zedd	1	['09IStsImFySgyp0pIQdqAc']
Doe Boy	Future	1	['2j7mcsEz4n5XxMMqqjjB6p']
Doe Boy	Meek Mill	1	['2j7mcsEz4n5XxMMqqjjB6p']
Future	Meek Mill	1	['2j7mcsEz4n5XxMMqqjjB6p']
Blueface	Gunna	1	['4MUkRNmCgbcoAVu5BuNVgp']
Diplo	Ellie Goulding	1	['5JEx7HbmvHQQswJCsoo9rA']
Diplo	Swae Lee	1	['5JEx7HbmvHQQswJCsoo9rA']
Ellie Goulding	Swae Lee	1	['5JEx7HbmvHQQswJCsoo9rA']
"Bobby ""Boris"" Pickett"	The Crypt-Kickers	1	['0xxZY5C9xxij3D1HkzbnfC']
Tory Lanez	Trey Songz	1	['5rPhugY1JSJCJWIRiniDta']
Chance the Rapper	MadeinTYO	1	['00ko9WaS4jOX1kEk3gvHjf']
DaBaby	MadeinTYO	1	['00ko9WaS4jOX1kEk3gvHjf']
Doja Cat	Tyga	1	['7f5trao56t7sB7f14QDTmp']
Gunna	Offset	1	['0SQ8yalm13UIJuebuZkQlH']
Summer Walker	Usher	1	['3TTMUI5dFcbeNSDTTDY9M8']
Offset	Stunna 4 Vegas	1	['09TZsMHXEtQkdmMJZPLKup']
Lauv	Troye Sivan	1	['7COXchtUOMd6uIT6HvmRaI']
Brando	Loud Luxury	1	['7K7MUBCnzgBAvMVW2RTWNs']
Chance the Rapper	Murda Beatz	1	['0yFvWTLs3iIwDbc91noXGT']
Chance the Rapper	TisaKorean	1	['0yFvWTLs3iIwDbc91noXGT']
Murda Beatz	TisaKorean	1	['0yFvWTLs3iIwDbc91noXGT']
G-Eazy	GASHI	1	['6MDjeiUWPPgEwLtiBrr9he']
Mustard	Roddy Ricch	1	['3QzAOrNlsabgbMwlZt7TAY']
Anitta	Rita Ora	1	['6JqpFboOH2bq9pzaYbkKBn']
Anitta	Sofia Reyes	1	['6JqpFboOH2bq9pzaYbkKBn']
Rita Ora	Sofia Reyes	1	['6JqpFboOH2bq9pzaYbkKBn']
JP Saxe	Julia Michaels	1	['2kJwzbxV2ppxnQoYw4GLBZ']
Idina Menzel	Michael Bublé	1	['0Ie5uiv54KgCr7P4sYDTHl']
Galantis	OneRepublic	1	['1pfgsjmxVZhoZpeDx6POKv']
Daniel Caesar	Pharrell Williams	1	['0b6l1obmzq1YrqiKBVLtIo']
DaBaby	Moneybagg Yo	1	['2FvD20Z8aoWIePi7PoN8sG']
Lil Baby	Moneybagg Yo	1	['2FvD20Z8aoWIePi7PoN8sG']
Lil Wayne	Swizz Beatz	1	['3wScL5W8H40zzCKN0atfBk']
Ariana Grande	Lizzo	1	['07Oz5StQ7GRoygNLaXs2pd']
BTS	Halsey	1	['5KawlOMHjWeUjQtnuRs22c']
Meek Mill	Roddy Ricch	1	['4bl1HBZliBuYpFZjWgefE4']
B. Swanson Quartet	Frank Sinatra	1	['4kKdvXD0ez7jp1296JmAts']
Trippie Redd	iann dior	1	['6G0FACzGN80Dj2v4ass5rq']
2 Chainz	Kendrick Lamar	1	['7jKUnzzOGhAlPjr7LkIUlE']
Kacey Musgraves	Troye Sivan	1	['4dFtIGQBrYjiskk7fN5Wmx']
Childish Major	Cozz	1	['1OS9fNE87zO4Z696lBXriv']
Childish Major	Dreamville	1	['1OS9fNE87zO4Z696lBXriv']
Childish Major	REASON	1	['1OS9fNE87zO4Z696lBXriv']
Cozz	Dreamville	1	['1OS9fNE87zO4Z696lBXriv']
Cozz	REASON	1	['1OS9fNE87zO4Z696lBXriv']
Dreamville	REASON	1	['1OS9fNE87zO4Z696lBXriv']
Lil Skies	PnB Rock	1	['7cWh3ScxjhvasLI0CBRoZk']
Alesso	TINI	1	['2JoIjuzRplpYGvvLpSW2on']
Kygo	The Chainsmokers	1	['3TKpJrY9q49Mj1JOsM9zGL']
Bad Bunny	Cardi B	1	['58q2HKrzhC3ozto2nDdN4z']
Cardi B	J Balvin	1	['58q2HKrzhC3ozto2nDdN4z']
David Guetta	RAYE	1	['4YhN72dRYL2Z3MsaKyT7rS']
Chelsea Cutler	Kygo	1	['6aoGtdWXBkYQ2O2wnyIz2x']
Kanye West	YNW Melly	1	['6vWEAOUSxohKxhp0K1BsxL']
Chris Brown	Ink	1	['7ILEWkpfdK6AjH2D7jppWk']
Chris Brown	Justin Bieber	1	['7ILEWkpfdK6AjH2D7jppWk']
Ink	Justin Bieber	1	['7ILEWkpfdK6AjH2D7jppWk']
Ghostface Killah	Miley Cyrus	1	['42zePe03Iq8tvFcJAIKkp8']
Death Stranding: Timefall	Diplo	1	['0Z26mbSHJ1dkUu7g9DDgif']
Death Stranding: Timefall	Khalid	1	['0Z26mbSHJ1dkUu7g9DDgif']
Death Stranding: Timefall	Major Lazer	1	['0Z26mbSHJ1dkUu7g9DDgif']
Diplo	Khalid	1	['0Z26mbSHJ1dkUu7g9DDgif']
Diplo	Major Lazer	1	['0Z26mbSHJ1dkUu7g9DDgif']
Khalid	Major Lazer	1	['0Z26mbSHJ1dkUu7g9DDgif']
Loud Luxury	anders	1	['15fZrZhdK0g1BS9sDeW6sD']
A Boogie Wit da Hoodie	Internet Money	1	['735RSTb2xbtWbDtKD9XDYi']
A Boogie Wit da Hoodie	Lil Tecca	1	['735RSTb2xbtWbDtKD9XDYi']
Internet Money	Lil Tecca	1	['735RSTb2xbtWbDtKD9XDYi']
Juice WRLD	Ski Mask The Slump God	1	['74lnM5V6ecvoTPV0fvptx9']
Gunna	Metro Boomin	1	['1fewSx2d5KIZ04wsooEBOz']
Grey	Hailee Steinfeld	1	['6875MeXyCW0wLyT72Eetmo']
Hailee Steinfeld	Zedd	1	['6875MeXyCW0wLyT72Eetmo']
David Bowie	Queen	1	['2fuCquhmrzHpu5xcA1ci9x']
BTS	Charli XCX	1	['4c1WgUnHXq2LEncGHKgj1I']
Drake	Swae Lee	1	['2sqsNXfN0HtgDEgaHXiUTa']
Chance the Rapper	Lil Durk	1	['0QBRshHeQLEThdj2TqxM9n']
Chance the Rapper	Nicki Minaj	1	['0QBRshHeQLEThdj2TqxM9n']
Lil Durk	Nicki Minaj	1	['0QBRshHeQLEThdj2TqxM9n']
Beyoncé	Childish Gambino	1	['7oqftogUN82Q7VNy2TmTJW']
Beyoncé	JAY-Z	1	['7oqftogUN82Q7VNy2TmTJW']
Beyoncé	Oumou Sangaré	1	['7oqftogUN82Q7VNy2TmTJW']
Childish Gambino	JAY-Z	1	['7oqftogUN82Q7VNy2TmTJW']
Childish Gambino	Oumou Sangaré	1	['7oqftogUN82Q7VNy2TmTJW']
JAY-Z	Oumou Sangaré	1	['7oqftogUN82Q7VNy2TmTJW']
Ed Sheeran	Ella Mai	1	['5T03itPFOPGGkvVPvPiyla']
The Chainsmokers	Ty Dolla $ign	1	['5MvLsT03RBp67RLoeISCdl']
The Chainsmokers	bülow	1	['5MvLsT03RBp67RLoeISCdl']
Ty Dolla $ign	bülow	1	['5MvLsT03RBp67RLoeISCdl']
Ariana Grande	Social House	1	['0Ryd8975WihbObpp5cPW1t']
Bryson Tiller	Summer Walker	1	['2xyx0o4xNOLLjBSbOOdcbA']
Becky Hill	Goodboys	1	['7CHi4DtfK4heMlQaudCuHK']
Becky Hill	MEDUZA	1	['7CHi4DtfK4heMlQaudCuHK']
Evan Rachel Wood	Idina Menzel	1	['50WeOnXhM1H7AZEeIDoWfZ']
AURORA	Idina Menzel	1	['3Z0oQ8r78OUaHvGPiDBR3W']
Kygo	Whitney Houston	1	['6oJ6le65B3SEqPwMRNXWjY']
A Boogie Wit da Hoodie	Lil Uzi Vert	1	['364spZLB5bhNlnPrzvUB41']
Chris Brown	Tory Lanez	1	['0Odu228D0yGcFySGuxU4rY']
Michael Bublé	The Puppini Sisters	1	['4qBejt9FeqLI9blHI1Nq1x']
G-Eazy	Logic	1	['2SDFznsHkeFXiPFwN0npVM']
Jonas Blue	Rita Ora	1	['3M9Apu4OZfylLTFKvgEtKa']
Jonas Blue	Tiësto	1	['3M9Apu4OZfylLTFKvgEtKa']
Rita Ora	Tiësto	1	['3M9Apu4OZfylLTFKvgEtKa']
Anne-Marie	Marshmello	1	['08bNPGLD8AhKpnnERrAc6G']
Khalid	P!nk	1	['2BM7nF0pMIpLQOT04o691Z']
Chris Brown	J Balvin	1	['1jlnBQGP2DtSEhMgQaz7a7']
Dan + Shay	Justin Bieber	1	['2wrJq5XKLnmhRXHIAf9xBa']
Kid Cudi	ScHoolboy Q	1	['0IH3D0P8OrQFs6ajcqbm0R']
Brett Eldredge	Meghan Trainor	1	['5Q2P43CJra0uRAogjHyJDK']
Calvin Harris	Jessie Reyez	1	['5N5k9nd479b1xpDZ4usjrg']
Calvin Harris	Sam Smith	1	['5N5k9nd479b1xpDZ4usjrg']
Jessie Reyez	Sam Smith	1	['5N5k9nd479b1xpDZ4usjrg']
The Chainsmokers	Winona Oak	1	['4BiiOzZCrXEzHRLYcYFiD5']
Gucci Mane	Lil Skies	1	['0hCHNYL8ApQCGNwJrYN1FY']
Quavo	Tory Lanez	1	['5CKtlUULFD5aPVX4PL02H6']
Quavo	Tyga	1	['5CKtlUULFD5aPVX4PL02H6']
Tory Lanez	Tyga	1	['5CKtlUULFD5aPVX4PL02H6']
Lil Wayne	Lloyd	1	['1kWAhf2TJPkpiSgTnp8Ure']
Lloyd	Tory Lanez	1	['1kWAhf2TJPkpiSgTnp8Ure']
Bradley Cooper	Lady Gaga	1	['2VxeLyX666F8uXCJ0dZF8B']
Offset	Quality Control	1	['2JdIqJBbIiwEah4ejqIWGj']
Offset	Young Thug	1	['2JdIqJBbIiwEah4ejqIWGj']
Quality Control	Young Thug	1	['2JdIqJBbIiwEah4ejqIWGj']
Afro Bros	Daddy Yankee	1	['0U6bQIAh6MCGo1xjbIIx2S']
Afro Bros	David Guetta	1	['0U6bQIAh6MCGo1xjbIIx2S']
Afro Bros	Dimitri Vegas	1	['0U6bQIAh6MCGo1xjbIIx2S']
Afro Bros	Dimitri Vegas & Like Mike	1	['0U6bQIAh6MCGo1xjbIIx2S']
Afro Bros	Like Mike	1	['0U6bQIAh6MCGo1xjbIIx2S']
Afro Bros	Natti Natasha	1	['0U6bQIAh6MCGo1xjbIIx2S']
Daddy Yankee	David Guetta	1	['0U6bQIAh6MCGo1xjbIIx2S']
Daddy Yankee	Dimitri Vegas	1	['0U6bQIAh6MCGo1xjbIIx2S']
Daddy Yankee	Dimitri Vegas & Like Mike	1	['0U6bQIAh6MCGo1xjbIIx2S']
Daddy Yankee	Like Mike	1	['0U6bQIAh6MCGo1xjbIIx2S']
Daddy Yankee	Natti Natasha	1	['0U6bQIAh6MCGo1xjbIIx2S']
David Guetta	Dimitri Vegas	1	['0U6bQIAh6MCGo1xjbIIx2S']
David Guetta	Dimitri Vegas & Like Mike	1	['0U6bQIAh6MCGo1xjbIIx2S']
David Guetta	Like Mike	1	['0U6bQIAh6MCGo1xjbIIx2S']
David Guetta	Natti Natasha	1	['0U6bQIAh6MCGo1xjbIIx2S']
Dimitri Vegas	Dimitri Vegas & Like Mike	1	['0U6bQIAh6MCGo1xjbIIx2S']
Dimitri Vegas	Like Mike	1	['0U6bQIAh6MCGo1xjbIIx2S']
Dimitri Vegas	Natti Natasha	1	['0U6bQIAh6MCGo1xjbIIx2S']
Dimitri Vegas & Like Mike	Like Mike	1	['0U6bQIAh6MCGo1xjbIIx2S']
Dimitri Vegas & Like Mike	Natti Natasha	1	['0U6bQIAh6MCGo1xjbIIx2S']
Like Mike	Natti Natasha	1	['0U6bQIAh6MCGo1xjbIIx2S']
Lil Baby	Lil Duke	1	['2KEux6D75xjj6fdabXpeAu']
Lil Baby	Trippie Redd	1	['2KEux6D75xjj6fdabXpeAu']
Lil Duke	Trippie Redd	1	['2KEux6D75xjj6fdabXpeAu']
PnB Rock	Tory Lanez	1	['19jsYX7bQKkNmBJPp4uOBj']
Bruno Mars	Cardi B	1	['0PG9fbaaHFHfre2gUVo7AN']
Bazzi	Camila Cabello	1	['4VUwkH455At9kENOfzTqmF']
DJ Khaled	Gunna	1	['7C0BHTRLmWUONc8OYjOPdW']
Gunna	Lil Wayne	1	['7C0BHTRLmWUONc8OYjOPdW']
Blueface	G-Eazy	1	['2O8gSQ9z52tZSLJnuzjkcG']
6ix9ine	Kanye West	1	['1oJ8EDr2pv94IvSd6ZmDgo']
Kanye West	Nicki Minaj	1	['1oJ8EDr2pv94IvSd6ZmDgo']
Ant Clemons	Ty Dolla $ign	1	['24bnCCysWnbNRNUT4LpHcP']
Kanye West	Ty Dolla $ign	1	['24bnCCysWnbNRNUT4LpHcP']
Captain Cuts	Felix Jaehn	1	['7FjZU7XFs7P9jHI9Z0yRhK']
Captain Cuts	Georgia Ku	1	['7FjZU7XFs7P9jHI9Z0yRhK']
Captain Cuts	NOTD	1	['7FjZU7XFs7P9jHI9Z0yRhK']
Felix Jaehn	Georgia Ku	1	['7FjZU7XFs7P9jHI9Z0yRhK']
Felix Jaehn	NOTD	1	['7FjZU7XFs7P9jHI9Z0yRhK']
Georgia Ku	NOTD	1	['7FjZU7XFs7P9jHI9Z0yRhK']
Kanye West	Sunday Service Choir	1	['1WnqWQcWcuQbVzgE7ecfCY']
Marshmello	Selena Gomez	1	['0tBbt8CrmxbjRP0pueQkyU']
Brent Faiyaz	Juice WRLD	1	['5ZOEulH7fvK4ZkMLTOyKL0']
21 Savage	Travis Scott	1	['7pMRoGLEJuFM2wl5pt0R99']
Jonas Blue	Theresa Rex	1	['4NSW0Km5ZG60L8FthUebPJ']
Justin Bieber	Usher	1	['3eYnKe0LhQA1B5HEkQaRTP']
Camila Cabello	Cardi B	1	['4vUmTMuQqjdnvlZmAH61Qk']
Camila Cabello	Ed Sheeran	1	['4vUmTMuQqjdnvlZmAH61Qk']
Cardi B	Ed Sheeran	1	['4vUmTMuQqjdnvlZmAH61Qk']
Joyner Lucas	Logic	1	['36TO60sxDduIsO3xH8IcUh']
Blueface	NLE Choppa	1	['67XyC1GdSkKb9sbRRkUDXS']
Juice WRLD	YoungBoy Never Broke Again	1	['6Gg1gjgKi2AK4e0qzsR7sd']
BIA	Russ	1	['2Xo3rLHjXfdb4avN68aQyi']
Drake	Meek Mill	1	['2IRZnDFmlqMuOrYOLnZZyc']
James Bay	Julia Michaels	1	['4JWQC6gyYoPRnxRxk0ta2M']
DaBaby	Nicki Minaj	1	['3GX2hFAekmSduZzcS52OnR']
Madison Beer	Offset	1	['3WefHNGtjexZvi66ZEx9u4']
John Lennon	The Harlem Community Choir	1	['3zJw3rugfpVrmBeDDnUYzy']
John Lennon	The Plastic Ono Band	1	['3zJw3rugfpVrmBeDDnUYzy']
John Lennon	Yoko Ono	1	['3zJw3rugfpVrmBeDDnUYzy']
The Harlem Community Choir	The Plastic Ono Band	1	['3zJw3rugfpVrmBeDDnUYzy']
The Harlem Community Choir	Yoko Ono	1	['3zJw3rugfpVrmBeDDnUYzy']
The Plastic Ono Band	Yoko Ono	1	['3zJw3rugfpVrmBeDDnUYzy']
Khalid	SAFE	1	['1E6DEDWDKHoOW0fcFuDghV']
Megan Thee Stallion	Nicki Minaj	1	['5N1o6d8zGcSZSeMFkOUQOk']
Megan Thee Stallion	Ty Dolla $ign	1	['5N1o6d8zGcSZSeMFkOUQOk']
Nicki Minaj	Ty Dolla $ign	1	['5N1o6d8zGcSZSeMFkOUQOk']
Flipp Dinero	Lil Baby	1	['14X1WxiHXdVRJ99cMCBzOE']
2 Chainz	Ariana Grande	1	['1R6VwZ8TuHRzxZUxe88n4I']
Labrinth	Zendaya	1	['10hMM5nsZQf66ldBlgWBfG']
Felix Cartal	Lights	1	['53hNIcq8OLj9OUNvQ4ulFM']
Drake	Gunna	1	['6wWaVoUOzLQJHd3bWAUpdZ']
Ariana Grande	Victoria Monét	1	['6tsOcBnaKgzK22yEiqRh8P']
6ix9ine	Lil Baby	1	['4m5Cd9kAbIxg6t9sMrQWtk']
Drake	Michael Jackson	1	['6G8kHiVZ1jW7vHMPVRNZU0']
A$AP Ferg	Big Sean	1	['2B9wgj9XzbJZLty03PRbVo']
A$AP Ferg	Hit-Boy	1	['2B9wgj9XzbJZLty03PRbVo']
Big Sean	Hit-Boy	1	['2B9wgj9XzbJZLty03PRbVo']
Kendrick Lamar	SiR	1	['6sq5mqtS3jwJjvBHALknJH']
Future	Lil Baby	1	['2wZjsbwmWfNVslgV5afl1L']
A$AP Ferg	A$AP Rocky	1	['3O7lxdQoe1aNWs93VSHsJg']
A$AP Ferg	Mustard	1	['3O7lxdQoe1aNWs93VSHsJg']
A$AP Ferg	Tyga	1	['3O7lxdQoe1aNWs93VSHsJg']
A$AP Ferg	YG	1	['3O7lxdQoe1aNWs93VSHsJg']
A$AP Rocky	Mustard	1	['3O7lxdQoe1aNWs93VSHsJg']
A$AP Rocky	Tyga	1	['3O7lxdQoe1aNWs93VSHsJg']
A$AP Rocky	YG	1	['3O7lxdQoe1aNWs93VSHsJg']
Mustard	Tyga	1	['3O7lxdQoe1aNWs93VSHsJg']
Bing Crosby	The Andrews Sisters	1	['04vLj9QUXoKdRlsp3gkURo']
Lil Durk	NAV	1	['4Y0FFtE3pFwfHwz20qum7b']
A Boogie Wit da Hoodie	Ed Sheeran	1	['4vIKzWqtn44umal5jXq4wE']
A Boogie Wit da Hoodie	Meek Mill	1	['4vIKzWqtn44umal5jXq4wE']
Ed Sheeran	Meek Mill	1	['4vIKzWqtn44umal5jXq4wE']
John Legend	Kelly Clarkson	1	['54q6WgqyTXjwOSrevVR8z9']
Beyoncé	Blue Ivy	1	['0B3FovCVaGKS5w1FTidEUP']
Beyoncé	SAINt JHN	1	['0B3FovCVaGKS5w1FTidEUP']
Beyoncé	WizKid	1	['0B3FovCVaGKS5w1FTidEUP']
Blue Ivy	SAINt JHN	1	['0B3FovCVaGKS5w1FTidEUP']
Blue Ivy	WizKid	1	['0B3FovCVaGKS5w1FTidEUP']
SAINt JHN	WizKid	1	['0B3FovCVaGKS5w1FTidEUP']
Mark Ronson	Miley Cyrus	1	['27rdGxbavYJeBphck5MZAF']
Avril Lavigne	Nicki Minaj	1	['1Spmq0UazGU6ovMIlGldZX']
J. Cole	Offset	1	['32iPykTXUNZ9oGyACGUybq']
6LACK	Khalid	1	['6Hgh47WXVKtXN5zGOu0hjI']
6LACK	Ty Dolla $ign	1	['6Hgh47WXVKtXN5zGOu0hjI']
Khalid	Ty Dolla $ign	1	['6Hgh47WXVKtXN5zGOu0hjI']
Halsey	Khalid	1	['7FGq80cy8juXBCD2nrqdWU']
Halsey	benny blanco	1	['7FGq80cy8juXBCD2nrqdWU']
Khalid	benny blanco	1	['7FGq80cy8juXBCD2nrqdWU']
Lary Kidd	Loud	1	['07EIeT704ftlhnsyyXrVf8']
Black Eyed Peas	J Balvin	1	['6cy3ki60hLwimwIje7tALf']
Billy Ray Cyrus	Mason Ramsey	1	['6jmZlyf9DxcIoRrjw02YXm']
Billy Ray Cyrus	Young Thug	1	['6jmZlyf9DxcIoRrjw02YXm']
Lil Nas X	Mason Ramsey	1	['6jmZlyf9DxcIoRrjw02YXm']
Lil Nas X	Young Thug	1	['6jmZlyf9DxcIoRrjw02YXm']
Mason Ramsey	Young Thug	1	['6jmZlyf9DxcIoRrjw02YXm']
John Mayer	Khalid	1	['09oZ9eXQ2fo6YDrPzJqAoP']
Daniel Caesar	John Mayer	1	['45PxuJqJBnPXZKLxoo9Apj']
DJ Khaled	John Legend	1	['6O10oTtZIZ4DkkUqyfCbrR']
DJ Khaled	Nipsey Hussle	1	['6O10oTtZIZ4DkkUqyfCbrR']
John Legend	Nipsey Hussle	1	['6O10oTtZIZ4DkkUqyfCbrR']
Halsey	The Chainsmokers	1	['7BKLCZ1jbUBVqRi2FVlTVw']
DaBaby	Kevin Gates	1	['2TsD9kSbgYx5fSNRsoNURE']
Post Malone	Ty Dolla $ign	1	['3swc6WTsr7rl9DqQKQA55C']
Gunna	NAV	1	['0nA2zH7QBV92QkSuwdCZbi']
50 Cent	Ed Sheeran	1	['0AtP8EkGPn6SwxKDaUuXec']
50 Cent	Eminem	1	['0AtP8EkGPn6SwxKDaUuXec']
Ed Sheeran	Eminem	1	['0AtP8EkGPn6SwxKDaUuXec']
Kygo	Sandro Cavazza	1	['14sOS5L36385FJ3OL8hew4']
Ariana Grande	Liz Gillies	1	['6YJdPrH3i2POzu7hdHIRrb']
John Williams	Mykola Dmytrovych Leontovych	1	['4tHqQMWSqmL6YjXwsqthDI']
Jagged Edge	Jermaine Dupri	1	['1nwsxV3FiYC3SJD9OfcVfF']
Jagged Edge	Tory Lanez	1	['1nwsxV3FiYC3SJD9OfcVfF']
Jermaine Dupri	Tory Lanez	1	['1nwsxV3FiYC3SJD9OfcVfF']
Clean Bandit	Demi Lovato	1	['3NuK5xMlSlB6K2Qp16zf3h']
Katy Perry	Zedd	1	['2XWjPtKdi5sucFYtVav07d']
Skye	XXXTENTACION	1	['2Yr2BzqNDpIh0YQcnFqM09']
6ix9ine	Tory Lanez	1	['6Gy7rXB6Ku5vIWC7WGWsl3']
Machine Gun Kelly	Trippie Redd	1	['37AGgp9VP8TVJBfEat74Bj']
Gucci Mane	Justin Bieber	1	['1VsqQEYObJsOPaeZwEXRPg']
21 Savage	Post Malone	1	['0e7ipj03S05BNilyu5bRzt']
Shawn Mendes	Zedd	1	['575NJxNUVDqwJGdzBrlLbv']
Julia Michaels	Selena Gomez	1	['1XJ93XskwJf7PCyIVLbNBt']
Big Sean	Chris Brown	1	['6Dq8FZrvx9S28iyaKSwn9x']
Big Sean	DJ Khaled	1	['6Dq8FZrvx9S28iyaKSwn9x']
Big Sean	Lil Wayne	1	['6Dq8FZrvx9S28iyaKSwn9x']
Chris Brown	DJ Khaled	1	['6Dq8FZrvx9S28iyaKSwn9x']
Chris Brown	Lil Wayne	1	['6Dq8FZrvx9S28iyaKSwn9x']
Maroon 5	SZA	1	['0WdGQhoAP2LBsqr5Jhit2g']
Dave	Ed Sheeran	1	['2qRN7PWiHRLprw4FpDeI9N']
Dave	Paulo Londra	1	['2qRN7PWiHRLprw4FpDeI9N']
Ed Sheeran	Paulo Londra	1	['2qRN7PWiHRLprw4FpDeI9N']
A Boogie Wit da Hoodie	Summer Walker	1	['4Qxn47gWPSucovKrMyRf1z']
Drake	Migos	1	['6n4U3TlzUGhdSFbUUhTvLP']
Clipse	Kanye West	1	['0oPOuDmmkVp3h6puekhs6P']
Clipse	Kenny G	1	['0oPOuDmmkVp3h6puekhs6P']
Kanye West	Kenny G	1	['0oPOuDmmkVp3h6puekhs6P']
A Boogie Wit da Hoodie	Khalid	1	['6PYnUsNEpYC7A4BS2sjw3L']
88-Keys	Mac Miller	1	['5h0Jgt873QtgL6nJRBGfT6']
88-Keys	Sia	1	['5h0Jgt873QtgL6nJRBGfT6']
Mac Miller	Sia	1	['5h0Jgt873QtgL6nJRBGfT6']
Blake Shelton	Gwen Stefani	1	['2OQ6a4CfUeYskpTTgyawyJ']
Mitchell Ayres & His Orchestra	Perry Como	1	['2pXpURmn6zC5ZYDMms6fwa']
Mitchell Ayres & His Orchestra	The Fontane Sisters	1	['2pXpURmn6zC5ZYDMms6fwa']
Perry Como	The Fontane Sisters	1	['2pXpURmn6zC5ZYDMms6fwa']
Jhené Aiko	Summer Walker	1	['7EkiMl81fUHVwpItgtzI4r']
Anne-Marie	James Arthur	1	['6mQLN3zRtAp6ovjusyYKrV']
Logic	YBN Cordae	1	['43IfdE75ficQgsI8QGBvwb']
Chance the Rapper	Shawn Mendes	1	['4pnIUqhf1AQMFrJPd4BbrT']
Drake	Kyla	1	['1zi7xx7UVEFkmKfv06H8x0']
Drake	WizKid	1	['1zi7xx7UVEFkmKfv06H8x0']
Kyla	WizKid	1	['1zi7xx7UVEFkmKfv06H8x0']
El Guincho	J Balvin	1	['2qG5sZ7Si6sdK74qLxedYM']
El Guincho	ROSALÍA	1	['2qG5sZ7Si6sdK74qLxedYM']
J Balvin	ROSALÍA	1	['2qG5sZ7Si6sdK74qLxedYM']
Empress Of	Khalid	1	['4AhSkRYioEIfGvCV19peYN']
Eminem	Joyner Lucas	1	['60SdxE8apGAxMiRrpbmLY0']
Future	Travis Scott	1	['3WRIaWsws011vHMd9uzPjG']
Lil Baby	Young Thug	1	['1GeNui6m825V8jP4uKiIaH']
Calvin Harris	Dua Lipa	1	['7ef4DlsgrMEH11cDZd32M6']
DaBaby	Migos	1	['1CCDIow4pPYyJYzhtTUYz2']
Drax Project	Hailee Steinfeld	1	['3qLBz3j26AHO2jBYUQWLA6']
21 Savage	Bazzi	1	['12iDo4Kdw9vA2X1lN3UTVu']
BlocBoy JB	Drake	1	['4qKcDkK6siZ7Jp1Jb4m0aL']
Farruko	Pedro Capó	1	['5iwz1NiezX7WWjnCgY5TH4']
G-Eazy	Gunna	1	['5bzaS5tAni5oUpW7bWVdtY']
Lil Durk	Lil Tjay	1	['2wUwC1gBJIC05JH87v2hgN']
Daniel Caesar	H.E.R.	1	['4OBZT9EnhYIV17t4pGw7ig']
Julia Michaels	Niall Horan	1	['5WtfUKzXircvW8l5aaVZWT']
Bea Miller	Jessie Reyez	1	['0T9un1tCka7l3lwsJmmLLU']
Drake	Quavo	1	['1rlIrbWboTRGeKfHhgbJRZ']
Michael Bublé	Shania Twain	1	['2gbCG4Rt9984UZ7Tc0dIFd']
2 Chainz	Big Sean	1	['0ZNrc4kNeQYD9koZ3KvCsy']
2 Chainz	Nicki Minaj	1	['0ZNrc4kNeQYD9koZ3KvCsy']
2 Chainz	YG	1	['0ZNrc4kNeQYD9koZ3KvCsy']
Big Sean	Nicki Minaj	1	['0ZNrc4kNeQYD9koZ3KvCsy']
Big Sean	YG	1	['0ZNrc4kNeQYD9koZ3KvCsy']
Nicki Minaj	YG	1	['0ZNrc4kNeQYD9koZ3KvCsy']
Kodak Black	Offset	1	['0FZ4Dmg8jJJAPJnvBIzD9z']
Kodak Black	Travis Scott	1	['0FZ4Dmg8jJJAPJnvBIzD9z']
88rising	Jackson Wang	1	['1qbXrxctv75pm1lWCn6Zw3']
88rising	Joji	1	['1qbXrxctv75pm1lWCn6Zw3']
88rising	Major Lazer	1	['1qbXrxctv75pm1lWCn6Zw3']
88rising	Swae Lee	1	['1qbXrxctv75pm1lWCn6Zw3']
Jackson Wang	Joji	1	['1qbXrxctv75pm1lWCn6Zw3']
Jackson Wang	Major Lazer	1	['1qbXrxctv75pm1lWCn6Zw3']
Jackson Wang	Swae Lee	1	['1qbXrxctv75pm1lWCn6Zw3']
Joji	Major Lazer	1	['1qbXrxctv75pm1lWCn6Zw3']
Joji	Swae Lee	1	['1qbXrxctv75pm1lWCn6Zw3']
Major Lazer	Swae Lee	1	['1qbXrxctv75pm1lWCn6Zw3']
BTS	Lauv	1	['314ZkcV7oLWG8yWE7LABvH']
Cardi B	Offset	1	['59ywHNwwchG4nZJMLyxSzd']
Chance the Rapper	Death Cab for Cutie	1	['67xBtV07CC73eFw7z5oCvU']
Fall Out Boy	ILOVEMAKONNEN	1	['2v5JTeM6hSmi5wWy7jiwrI']
Fall Out Boy	Lil Peep	1	['2v5JTeM6hSmi5wWy7jiwrI']
ILOVEMAKONNEN	Lil Peep	1	['2v5JTeM6hSmi5wWy7jiwrI']
Lil Pump	Maluma	1	['2LskIZrCeLxRvCiGP8gxlh']
Lil Pump	Swae Lee	1	['2LskIZrCeLxRvCiGP8gxlh']
Lil Pump	XXXTENTACION	1	['2LskIZrCeLxRvCiGP8gxlh']
Maluma	Swae Lee	1	['2LskIZrCeLxRvCiGP8gxlh']
Maluma	XXXTENTACION	1	['2LskIZrCeLxRvCiGP8gxlh']
Swae Lee	XXXTENTACION	1	['2LskIZrCeLxRvCiGP8gxlh']
Bruno Mars	Gucci Mane	1	['2G1tXoGBaEMJ7FKGnkf6ud']
Bruno Mars	Kodak Black	1	['2G1tXoGBaEMJ7FKGnkf6ud']
Gucci Mane	Kodak Black	1	['2G1tXoGBaEMJ7FKGnkf6ud']
Alan Walker	Farruko	1	['4n7jnSxVLd8QioibtTDBDq']
Alan Walker	Sabrina Carpenter	1	['4n7jnSxVLd8QioibtTDBDq']
Farruko	Sabrina Carpenter	1	['4n7jnSxVLd8QioibtTDBDq']
Chris Brown	French Montana	1	['54yCP5dfn4uvU5h37aE8f4']
Chris Brown	Swae Lee	1	['54yCP5dfn4uvU5h37aE8f4']
Lil Peep	XXXTENTACION	1	['4jvjzW7Hm0yK4LvvE0Paz9']
Eric Church	Luke Combs	1	['17TSJlshgQ5zu0e8dedAla']
Eminem	Nate Dogg	1	['4xkOaSrkexMciUUogZKVTS']
Alesso	Florida Georgia Line	1	['5Gu0PDLN4YJeW75PpBSg9p']
Alesso	Hailee Steinfeld	1	['5Gu0PDLN4YJeW75PpBSg9p']
Alesso	watt	1	['5Gu0PDLN4YJeW75PpBSg9p']
Florida Georgia Line	Hailee Steinfeld	1	['5Gu0PDLN4YJeW75PpBSg9p']
Florida Georgia Line	watt	1	['5Gu0PDLN4YJeW75PpBSg9p']
Hailee Steinfeld	watt	1	['5Gu0PDLN4YJeW75PpBSg9p']
Ed Sheeran	H.E.R.	1	['3FHXUqaUer9o231Je1zxIN']
SHAED	ZAYN	1	['1iQDltZqI7BXnHrFy4Qo1k']
A Day To Remember	Marshmello	1	['35rozLoS6QLE8HX8qswM3k']
Larry Walsh	Mark Linett	1	['5xlS0QkVrSH7ssEbBgBzbM']
Larry Walsh	Sweet	1	['5xlS0QkVrSH7ssEbBgBzbM']
Larry Walsh	The Beach Boys	1	['5xlS0QkVrSH7ssEbBgBzbM']
Mark Linett	Sweet	1	['5xlS0QkVrSH7ssEbBgBzbM']
Mark Linett	The Beach Boys	1	['5xlS0QkVrSH7ssEbBgBzbM']
Sweet	The Beach Boys	1	['5xlS0QkVrSH7ssEbBgBzbM']
Kina	Snøw	1	['4ZLzoOkj0MPWrTLvooIuaa']
Drake	PARTYNEXTDOOR	1	['5bvnqVuq7UFl0txSlHpsfS']
Ed Sheeran	Travis Scott	1	['1DhRbox3xkceP64k3JeYfW']
Ellie Goulding	Juice WRLD	1	['6kls8cSlUyHW2BUOkDJIZE']
Lil Uzi Vert	Yo Gotti	1	['6e9biVAugkOfydEN8OiJpi']
Santana	Tyga	1	['51wFQM8W0YfXTmHusXUr5i']
Santana	YG	1	['51wFQM8W0YfXTmHusXUr5i']
Lil Wayne	Rich The Kid	1	['51w9Jbat1pLeWINGCpnQUR']
Blueface	French Montana	1	['40Zb4FZ6nS1Hj8RVfaLkCV']
Blueface	Lil Tjay	1	['40Zb4FZ6nS1Hj8RVfaLkCV']
French Montana	Lil Tjay	1	['40Zb4FZ6nS1Hj8RVfaLkCV']
Avicii	Imagine Dragons	1	['6kXNnS7JJz0nAv4XEwEmQJ']
Bastille	Marshmello	1	['2dpaYNEQHiRxtZbfNsse99']
Rico Nasty	XXXTENTACION	1	['5dkZ2DrcPJrqwlRQe6Q35e']
Snoop Dogg	Tory Lanez	1	['0BpYTh0O2ut5wvt0QtDGt4']
Ed Sheeran	J Hus	1	['1Bdptrvb7nQkq8kCw3siE9']
Ed Sheeran	Young Thug	1	['1Bdptrvb7nQkq8kCw3siE9']
J Hus	Young Thug	1	['1Bdptrvb7nQkq8kCw3siE9']
Anuel AA	Bantu	1	['4Uy3kNxW2kB8AEoXljEcth']
Anuel AA	Nicki Minaj	1	['4Uy3kNxW2kB8AEoXljEcth']
Bantu	Nicki Minaj	1	['4Uy3kNxW2kB8AEoXljEcth']
Kehlani	Zedd	1	['5aUSEPNd3m5xliFK4pn5mU']
Dzeko	Post Malone	1	['4kWO6O1BUXcZmaxitpVUwp']
Dzeko	Preme	1	['4kWO6O1BUXcZmaxitpVUwp']
Dzeko	Tiësto	1	['4kWO6O1BUXcZmaxitpVUwp']
Post Malone	Preme	1	['4kWO6O1BUXcZmaxitpVUwp']
Post Malone	Tiësto	1	['4kWO6O1BUXcZmaxitpVUwp']
Preme	Tiësto	1	['4kWO6O1BUXcZmaxitpVUwp']
Drake	J. Cole	1	['2xUHiyGeGrWmmfv7NbDTWC']
Diplo	Jonas Brothers	1	['4fwo6czG5nvOQMzhOto1ya']
Bryce Vine	Loud Luxury	1	['4otVP2TcJliXWq2GjkvWkR']
Anderson .Paak	YBN Cordae	1	['5lw8Mgb4LyhriPIC86gV6e']
Juice WRLD	Kodak Black	1	['4KX8vXbouybtUptEyYxtIk']
DaBaby	Offset	1	['7f1zjZG77S891Uv4O68yfk']
DJ Khaled	J Balvin	1	['4U6ubKsTd8RBDP5tPPhh7I']
DJ Khaled	Jeremih	1	['4U6ubKsTd8RBDP5tPPhh7I']
J Balvin	Jeremih	1	['4U6ubKsTd8RBDP5tPPhh7I']
J Balvin	Lil Baby	1	['4U6ubKsTd8RBDP5tPPhh7I']
J Balvin	Meek Mill	1	['4U6ubKsTd8RBDP5tPPhh7I']
Jeremih	Lil Baby	1	['4U6ubKsTd8RBDP5tPPhh7I']
Jeremih	Meek Mill	1	['4U6ubKsTd8RBDP5tPPhh7I']
21 Savage	ScHoolboy Q	1	['4NN6N5TxBO5k9uqu0W4gfQ']
Logic	Marshmello	1	['4EAV2cKiqKP5UPZmY6dejk']
Metro Boomin	Offset	1	['7sO5G9EABYOXQKNPNiE9NR']
DJ Khaled	Post Malone	1	['0b6UoVjUzFyZNpHI0aAhKt']
DJ Khaled	Travis Scott	1	['0b6UoVjUzFyZNpHI0aAhKt']
NAV	Travis Scott	1	['6nO3tr47nr2P7f3hXb8JIo']
Bad Bunny	Daddy Yankee	1	['1c0hsvHLELX6y8qymnpLKL']
Bad Bunny	Lunay	1	['1c0hsvHLELX6y8qymnpLKL']
Daddy Yankee	Lunay	1	['1c0hsvHLELX6y8qymnpLKL']
DaBaby	Lil Nas X	1	['4SDgTLDYrJ2UrHbkRkg7MD']
Camila Cabello	Young Thug	1	['1rfofaqEpACxVEHIZBJe6W']
Meek Mill	Mustard	1	['5duCElafuovM4ZSmkQL4hn']
Meek Mill	Quavo	1	['5duCElafuovM4ZSmkQL4hn']
Meek Mill	YG	1	['5duCElafuovM4ZSmkQL4hn']
Mustard	Quavo	1	['5duCElafuovM4ZSmkQL4hn']
Quavo	YG	1	['5duCElafuovM4ZSmkQL4hn']
6LACK	Jessie Reyez	1	['5zXmmhtXrhDbYnScaYpqZg']
Big Rube	Offset	1	['57QievAWQ13DWl20Obiz8E']
Gucci Mane	Lil Yachty	1	['7tbyiwnLhtKYXNMjCZ60BT']
Gucci Mane	Migos	1	['7tbyiwnLhtKYXNMjCZ60BT']
Gucci Mane	Quality Control	1	['7tbyiwnLhtKYXNMjCZ60BT']
Lil Yachty	Migos	1	['7tbyiwnLhtKYXNMjCZ60BT']
Lil Yachty	Quality Control	1	['7tbyiwnLhtKYXNMjCZ60BT']
Migos	Quality Control	1	['7tbyiwnLhtKYXNMjCZ60BT']
A Boogie Wit da Hoodie	Sueco the Child	1	['2xKQj6P0TgxBVaRiojP2s2']
Offset	Sueco the Child	1	['2xKQj6P0TgxBVaRiojP2s2']
Ashnikko	Yung Baby Tate	1	['6qNB2ChCVPepl5ZjVJJTUW']
Bebe Rexha	Florida Georgia Line	1	['4e4fqjx0Izh4svvTef1z7e']
Normani	Sam Smith	1	['6Qs4SXO9dwPj5GKvVOv8Ki']
Kygo	Rita Ora	1	['3y3brCCecHC3Db18aIOnny']
Carly Rae Jepsen	Gryffin	1	['2j9YmQRxtjuVwb4XN95oT8']
Ed Sheeran	Skrillex	1	['5d1rmWWF1725tnYjq6rMDB']
Clever	Juice WRLD	1	['4zxpssj8DyrfZcEUSUiNxG']
Clever	Rvssian	1	['4zxpssj8DyrfZcEUSUiNxG']
Juice WRLD	Rvssian	1	['4zxpssj8DyrfZcEUSUiNxG']
Dean Lewis	Martin Garrix	1	['7pWK1kMgHy5lNNiIfuRbkP']
Drake	French Montana	1	['04MLEeAMuV9IlHEsD8vF6A']
Bonn	Martin Garrix	1	['1ahVFh0ViDZr8LvkEVlq3B']
J. Cole	Ty Dolla $ign	1	['3OJ4LEE50iFELaHiZ09zif']
070 Shake	Buju Banton	1	['74LujaXmzGQi5wRZ2HFh0G']
070 Shake	DJ Khaled	1	['74LujaXmzGQi5wRZ2HFh0G']
070 Shake	Mavado	1	['74LujaXmzGQi5wRZ2HFh0G']
070 Shake	Sizzla	1	['74LujaXmzGQi5wRZ2HFh0G']
Buju Banton	DJ Khaled	1	['74LujaXmzGQi5wRZ2HFh0G']
Buju Banton	Mavado	1	['74LujaXmzGQi5wRZ2HFh0G']
Buju Banton	Sizzla	1	['74LujaXmzGQi5wRZ2HFh0G']
DJ Khaled	Mavado	1	['74LujaXmzGQi5wRZ2HFh0G']
DJ Khaled	Sizzla	1	['74LujaXmzGQi5wRZ2HFh0G']
Mavado	Sizzla	1	['74LujaXmzGQi5wRZ2HFh0G']
LANY	Lauv	1	['3GRSqlALWISqLeNncZMbpX']
Jack & Jack	Jonas Blue	1	['3KLygy1YWhmrQx0GRs7IOx']
Gunna	Playboi Carti	1	['1q9jq5X5vwmewjOa2mHtQ1']
Kelsea Ballerini	The Chainsmokers	1	['4NBTZtAt1F13VvlSKe6KTl']
Gunna	Tyga	1	['4yn0ftNHQSwsWE81h33y4K']
James Arthur	Martin Jensen	1	['2qfEcCkEo5NscA9GL7ER72']
21 Savage	Metro Boomin	1	['0AluA5RNsa4Cx6XRhf2hWZ']
