artist_1	artist_2	count	song_ids
Quavo	Travis Scott	17	['2bjwRfXMk4uRgOD9IBYl9h', '3Ytr1SUCUi6J3L9dRFx5iH', '2nBI3iWLhupR7LyAJ5GGkE', '11cCVYamncF0ezwjj1irQ0', '7bTH8LgGSwyNNE4r1k95Zp', '4vwfOiyWxXeEdx4ejAJgdx', '4RgoqOBE34Q6zZj8K7RUAx', '6urLjX35oXXRYtcH1b3dCh', '7CWiWkccuRRdrmaW6AjVEf', '7g7raxdQpiLZT7aOlib4S1', '53MHr9cjIlwet0mpmqNvjC', '5vuiHi3QYbwcm1OKJOYnrf', '7JGyxh8G8QZnu4AMJuCqlj', '7foypmc7KZyU716Yv63BPe', '628Ueb4sRiXApObhcU9iPU', '3eZGNBvKkExXp8q5FAyM8y', '7J6bnDDitOwfelaJNixHhL']
21 Savage	Metro Boomin	13	['7vbjH8laThXpcBXeLNPm3M', '6m6Oy3F6GG0zRwH03rWmTv', '0tdCy39PgWN8LFWu34ORn3', '7DuvVy7JfFgXwWlVzyyPys', '0RRAHU9Dkui4ZuroPk7XF3', '5u6vkDnOyaf8LsteDAj2ub', '2D2w9943rsnJOGCrI4aMQp', '0Gux2yTMWYOlcBUNjGJu5p', '3oxCefEI6Tc6Z6t20J4IvH', '6fwdbPMwP1zVStm8FybmkO', '6HR1z11h0ROUlWP4Kx8Z7G', '4gmmRb6bZJffOOiww1JGTO', '7vg47qMIEdLfNdTE3WLf0T']
Huncho Jack	Quavo	12	['11cCVYamncF0ezwjj1irQ0', '7bTH8LgGSwyNNE4r1k95Zp', '4vwfOiyWxXeEdx4ejAJgdx', '4RgoqOBE34Q6zZj8K7RUAx', '6urLjX35oXXRYtcH1b3dCh', '7CWiWkccuRRdrmaW6AjVEf', '7g7raxdQpiLZT7aOlib4S1', '5vuiHi3QYbwcm1OKJOYnrf', '7JGyxh8G8QZnu4AMJuCqlj', '7foypmc7KZyU716Yv63BPe', '628Ueb4sRiXApObhcU9iPU', '7J6bnDDitOwfelaJNixHhL']
Huncho Jack	Travis Scott	12	['11cCVYamncF0ezwjj1irQ0', '7bTH8LgGSwyNNE4r1k95Zp', '4vwfOiyWxXeEdx4ejAJgdx', '4RgoqOBE34Q6zZj8K7RUAx', '6urLjX35oXXRYtcH1b3dCh', '7CWiWkccuRRdrmaW6AjVEf', '7g7raxdQpiLZT7aOlib4S1', '5vuiHi3QYbwcm1OKJOYnrf', '7JGyxh8G8QZnu4AMJuCqlj', '7foypmc7KZyU716Yv63BPe', '628Ueb4sRiXApObhcU9iPU', '7J6bnDDitOwfelaJNixHhL']
Metro Boomin	NAV	11	['0jiW3PNiHJxOhWh9oPBJ7m', '1xpXnpIpuvzpx9jz15baJF', '3JWh19WsndEFg0UFRFeTiU', '0RRAHU9Dkui4ZuroPk7XF3', '4KvXkK07Xyxix6k4Hi60Ia', '6HbGKJJqQ67K2TwzOndeTj', '4EbULzyWMuFx94aoIY1MlJ', '07Qrb9cID0kcYadv0cBN6t', '095XMpnufdWcJUWpO37EXh', '5Od0M7jp6IODTPW0cygHgu', '0gHcxtyWQT0HrlGxaxP1KT']
Metro Boomin	Offset	10	['6m6Oy3F6GG0zRwH03rWmTv', '0tdCy39PgWN8LFWu34ORn3', '7sO5G9EABYOXQKNPNiE9NR', '3JWh19WsndEFg0UFRFeTiU', '7LAhKXDNWwq3CmnFP3UIOP', '5u6vkDnOyaf8LsteDAj2ub', '3oxCefEI6Tc6Z6t20J4IvH', '6HR1z11h0ROUlWP4Kx8Z7G', '6kig1UFggPUyZBCvXD3Wod', '7vg47qMIEdLfNdTE3WLf0T']
21 Savage	Offset	7	['6m6Oy3F6GG0zRwH03rWmTv', '1tyjWMMINb9S0YBynTvJ7s', '0tdCy39PgWN8LFWu34ORn3', '5u6vkDnOyaf8LsteDAj2ub', '3oxCefEI6Tc6Z6t20J4IvH', '6HR1z11h0ROUlWP4Kx8Z7G', '7vg47qMIEdLfNdTE3WLf0T']
Future	Young Thug	7	['2XdgSB4TtzUHQYCMfSHbFI', '7r6LNJT2LqpLpEyZQJPygt', '25oOaleife6E2MIKmFkPvg', '06Gyf2pFDVmN5K8XAawG96', '4W598w0KcHVG5Nwqk0qMpj', '6FwiZxKXipsyGw2CVZOzol', '1wWRtPIKD7ZNvtsrzLyTev']
Big Sean	Metro Boomin	6	['0fWBFDRTIuk8ZgNdZqhCer', '42XnD59SFcomCJu55EPhqJ', '3wAI7MIQtTgwcRmwchPZBc', '7dHui7yOhsoj7HdWSuJTW7', '7DuvVy7JfFgXwWlVzyyPys', '0Gux2yTMWYOlcBUNjGJu5p']
DJ Khaled	Travis Scott	5	['4vv1KjUzPwrtDbozizSfQc', '6CwTHNCzgkq41m11iPpzsf', '56uTIyBsxLQIYgF765A2aM', '7lxZbmtC6SkUc2yXBgDOdO', '6LOCAhFzZiavHcLJucLuDy']
A Boogie Wit da Hoodie	Kodak Black	5	['5gx2E5aIXMRBellPZW1up5', '6Q2FftbUG530lCtBI74bMH', '4YkwUfWSIxdKNLDXw0caFO', '1f5cbQtDrykjarZVrShaDI', '3LnOF5n1GOs01siYZXzS3p']
2 Chainz	Travis Scott	5	['2nBI3iWLhupR7LyAJ5GGkE', '02hNDxtMMTpq72rdp1lm6v', '3eZGNBvKkExXp8q5FAyM8y', '4r4PJQBHAE0bIKCjunhTgd', '1nX9KhK3Fff27SnrIor2Yb']
Chance the Rapper	Lil Wayne	4	['0v9Wz8o0BT8DU38R4ddjeH', '1jYiIOC5d6soxkJP81fxq2', '72Q0FQQo32KJloivv5xge2', '3DXncPQOG4VBw3QHh3S817']
A$AP Mob	A$AP Rocky	4	['59e7E2LMPZ2bhW5G6aCwX8', '6kl1qtQXQsFiIWRBK24Cfp', '28mIIBZt0jAe8k9g52NOsX', '4pdgV8qr9Oytcv6thCdiIZ']
Frank Ocean	Tyler, The Creator	4	['4bEcoz1OcfMgUbp2ft8ieQ', '6KuXb26rHuRy3ZDse1VRmx', '1pGAvZo2axYXAXYiSeYEqY', '2q0VexHJirnUPnEOhr2DxK']
Chance the Rapper	Justin Bieber	4	['1jYiIOC5d6soxkJP81fxq2', '3eze1OsZ1rqeXkKStNfTmi', '72Q0FQQo32KJloivv5xge2', '3DXncPQOG4VBw3QHh3S817']
Big Sean	Travis Scott	4	['3eZGNBvKkExXp8q5FAyM8y', '3wAI7MIQtTgwcRmwchPZBc', '2nBI3iWLhupR7LyAJ5GGkE', '7lxZbmtC6SkUc2yXBgDOdO']
A$AP Rocky	Playboi Carti	4	['5QqyRUZeBE04yJxsD1OC0I', '4pdgV8qr9Oytcv6thCdiIZ', '6kl1qtQXQsFiIWRBK24Cfp', '5JwLhFNrXw49pn3HQqu02G']
2 Chainz	Big Sean	4	['3eZGNBvKkExXp8q5FAyM8y', '0rHJxNaQRMGK6Y4TUx3xRO', '2nBI3iWLhupR7LyAJ5GGkE', '42XnD59SFcomCJu55EPhqJ']
2 Chainz	Quavo	4	['3eZGNBvKkExXp8q5FAyM8y', '0rHJxNaQRMGK6Y4TUx3xRO', '2nBI3iWLhupR7LyAJ5GGkE', '39pS70eeDvyCAF3t8NAlVV']
Chris Brown	Gucci Mane	3	['0iTCmKvuU1ReULiQB0rI7n', '05Z7jet4VDNVgNQWcYHnrk', '3l4ha5okkyLgMAFIKRSNVG']
DJ Khaled	Future	3	['6CwTHNCzgkq41m11iPpzsf', '2G60ShHRZZhqxSKbZTWdOh', '2ClE3QfsNx9p0zjPKxmUYq']
DJ Khaled	Migos	3	['2ClE3QfsNx9p0zjPKxmUYq', '5ndHl6BMrihdTqvT6Exhln', '4oLuMvGQ4WJfU2s4OM6nfE']
Khalid	Lorde	3	['69Naniu2KjKjaQOBUagE8U', '7rdUtXasA973gmrr2Xxh3E', '2rE9TX3VQ0WNt7kziFhKep']
Khalid	Post Malone	3	['69Naniu2KjKjaQOBUagE8U', '7rdUtXasA973gmrr2Xxh3E', '2rE9TX3VQ0WNt7kziFhKep']
Khalid	SZA	3	['69Naniu2KjKjaQOBUagE8U', '7rdUtXasA973gmrr2Xxh3E', '2rE9TX3VQ0WNt7kziFhKep']
Lorde	Post Malone	3	['69Naniu2KjKjaQOBUagE8U', '7rdUtXasA973gmrr2Xxh3E', '2rE9TX3VQ0WNt7kziFhKep']
Lorde	SZA	3	['69Naniu2KjKjaQOBUagE8U', '7rdUtXasA973gmrr2Xxh3E', '2rE9TX3VQ0WNt7kziFhKep']
Post Malone	SZA	3	['69Naniu2KjKjaQOBUagE8U', '7rdUtXasA973gmrr2Xxh3E', '2rE9TX3VQ0WNt7kziFhKep']
Calvin Harris	Pharrell Williams	3	['6BaCraQ9xeLYg4Sb9TBT2X', '60APt5N2NRaKWf5xzJdzyC', '5bcTCxgc7xVfSaMV3RuVke']
Calvin Harris	Travis Scott	3	['4KaIJ1FWXUoAAnOts1YWjD', '4vv1KjUzPwrtDbozizSfQc', '6LOCAhFzZiavHcLJucLuDy']
Drake	WizKid	3	['1xznGGDReH1oQq0xzbwXa3', '2zYs4BonN2ydkbrRk333SN', '2f9LSU0aBW04w6KL26DW8r']
Gucci Mane	Migos	3	['1HTtUBEY3tuw2btgwwI2Ja', '1XRgIKC5TPwo7nWGyKqgG0', '6p8NuHm8uCGnn2Dtbtf7zE']
Lil Uzi Vert	Quavo	3	['4pdgV8qr9Oytcv6thCdiIZ', '6kl1qtQXQsFiIWRBK24Cfp', '53MHr9cjIlwet0mpmqNvjC']
Majid Jordan	PARTYNEXTDOOR	3	['6RD9GItAGZ3gbUbx14okHF', '0qfq195ZlBgRNeeABoQCwp', '0TwcrekK2QSdpXSzJHTsQh']
Lil Wayne	Ty Dolla $ign	3	['4dASQiO1Eoo3RJvt74FtXB', '0rlFL6bxIWcCn9gk9GExFA', '270aLuFCbX32hhBr8MQyPM']
Future	The Weeknd	3	['3mRcWCyteY2133a7xVMrYw', '0NWqNXBJTpXbkI5rPWNy3p', '7EiZI6JVHllARrX9PUvAdX']
Jax Jones	RAYE	3	['7M16mAuWuFA5rC9HvkXaGx', '00lNx0OcTJrS3MKHcB80HY', '4WrS6vezaPwOafKJmHqMEU']
2 Chainz	Jhené Aiko	3	['41jDpQ9b2VnVdsYEy2nC7z', '1p5B1jJk75RAblZCTnzUTU', '6H0AwSQ20mo62jGlPGB8S6']
2 Chainz	Trey Songz	3	['41jDpQ9b2VnVdsYEy2nC7z', '1p5B1jJk75RAblZCTnzUTU', '6H0AwSQ20mo62jGlPGB8S6']
2 Chainz	Ty Dolla $ign	3	['41jDpQ9b2VnVdsYEy2nC7z', '1p5B1jJk75RAblZCTnzUTU', '6H0AwSQ20mo62jGlPGB8S6']
Jhené Aiko	Trey Songz	3	['41jDpQ9b2VnVdsYEy2nC7z', '1p5B1jJk75RAblZCTnzUTU', '6H0AwSQ20mo62jGlPGB8S6']
Jhené Aiko	Ty Dolla $ign	3	['41jDpQ9b2VnVdsYEy2nC7z', '1p5B1jJk75RAblZCTnzUTU', '6H0AwSQ20mo62jGlPGB8S6']
Trey Songz	Ty Dolla $ign	3	['41jDpQ9b2VnVdsYEy2nC7z', '1p5B1jJk75RAblZCTnzUTU', '6H0AwSQ20mo62jGlPGB8S6']
A$AP Rocky	Lana Del Rey	3	['03hqMhmCZiNKMSPmVabPLP', '5QqyRUZeBE04yJxsD1OC0I', '5JwLhFNrXw49pn3HQqu02G']
Chris Brown	Future	3	['0NZUqq4iLQddokgtiC44Kb', '6FwiZxKXipsyGw2CVZOzol', '2XdgSB4TtzUHQYCMfSHbFI']
Chance the Rapper	DJ Khaled	3	['1jYiIOC5d6soxkJP81fxq2', '72Q0FQQo32KJloivv5xge2', '3DXncPQOG4VBw3QHh3S817']
Chance the Rapper	Quavo	3	['1jYiIOC5d6soxkJP81fxq2', '72Q0FQQo32KJloivv5xge2', '3DXncPQOG4VBw3QHh3S817']
DJ Khaled	Justin Bieber	3	['1jYiIOC5d6soxkJP81fxq2', '72Q0FQQo32KJloivv5xge2', '3DXncPQOG4VBw3QHh3S817']
DJ Khaled	Lil Wayne	3	['1jYiIOC5d6soxkJP81fxq2', '72Q0FQQo32KJloivv5xge2', '3DXncPQOG4VBw3QHh3S817']
DJ Khaled	Quavo	3	['1jYiIOC5d6soxkJP81fxq2', '72Q0FQQo32KJloivv5xge2', '3DXncPQOG4VBw3QHh3S817']
Justin Bieber	Lil Wayne	3	['1jYiIOC5d6soxkJP81fxq2', '72Q0FQQo32KJloivv5xge2', '3DXncPQOG4VBw3QHh3S817']
Justin Bieber	Quavo	3	['1jYiIOC5d6soxkJP81fxq2', '72Q0FQQo32KJloivv5xge2', '3DXncPQOG4VBw3QHh3S817']
Lil Wayne	Quavo	3	['1jYiIOC5d6soxkJP81fxq2', '72Q0FQQo32KJloivv5xge2', '3DXncPQOG4VBw3QHh3S817']
Lil Uzi Vert	Playboi Carti	3	['59J5nzL1KniFHnU120dQzt', '4pdgV8qr9Oytcv6thCdiIZ', '6kl1qtQXQsFiIWRBK24Cfp']
2 Chainz	Gucci Mane	3	['3eZGNBvKkExXp8q5FAyM8y', '2nBI3iWLhupR7LyAJ5GGkE', '39pS70eeDvyCAF3t8NAlVV']
2 Chainz	Kanye West	3	['3eZGNBvKkExXp8q5FAyM8y', '0rHJxNaQRMGK6Y4TUx3xRO', '2nBI3iWLhupR7LyAJ5GGkE']
2 Chainz	Yo Gotti	3	['3eZGNBvKkExXp8q5FAyM8y', '0rHJxNaQRMGK6Y4TUx3xRO', '2nBI3iWLhupR7LyAJ5GGkE']
Big Sean	Kanye West	3	['3eZGNBvKkExXp8q5FAyM8y', '0rHJxNaQRMGK6Y4TUx3xRO', '2nBI3iWLhupR7LyAJ5GGkE']
Big Sean	Quavo	3	['3eZGNBvKkExXp8q5FAyM8y', '0rHJxNaQRMGK6Y4TUx3xRO', '2nBI3iWLhupR7LyAJ5GGkE']
Big Sean	Yo Gotti	3	['3eZGNBvKkExXp8q5FAyM8y', '0rHJxNaQRMGK6Y4TUx3xRO', '2nBI3iWLhupR7LyAJ5GGkE']
Desiigner	Gucci Mane	3	['3eZGNBvKkExXp8q5FAyM8y', '1W8vII5CLpMMzAGvGlAgCk', '2nBI3iWLhupR7LyAJ5GGkE']
Gucci Mane	Quavo	3	['3eZGNBvKkExXp8q5FAyM8y', '2nBI3iWLhupR7LyAJ5GGkE', '39pS70eeDvyCAF3t8NAlVV']
Kanye West	Quavo	3	['3eZGNBvKkExXp8q5FAyM8y', '0rHJxNaQRMGK6Y4TUx3xRO', '2nBI3iWLhupR7LyAJ5GGkE']
Kanye West	Yo Gotti	3	['3eZGNBvKkExXp8q5FAyM8y', '0rHJxNaQRMGK6Y4TUx3xRO', '2nBI3iWLhupR7LyAJ5GGkE']
Quavo	Yo Gotti	3	['3eZGNBvKkExXp8q5FAyM8y', '0rHJxNaQRMGK6Y4TUx3xRO', '2nBI3iWLhupR7LyAJ5GGkE']
Clara Mae	KREAM	2	['5xey3cl8y5fWst3EKgPFk8', '26hcyzSE154xMZCbFdtInA']
Future	Nicki Minaj	2	['4AFgK4wP1iD5i8BYaLr9Vf', '2G60ShHRZZhqxSKbZTWdOh']
Future	Ty Dolla $ign	2	['14EgW52HVqnLHd30bgbPxg', '2EPbvVyo2qrrmeiEm57Cfl']
Camila Cabello	Quavo	2	['3Ytr1SUCUi6J3L9dRFx5iH', '4xBjsLUSjcx2h7PcRikpQp']
Drake	Young Thug	2	['7bJ4mu7MHa3rHiNyKjOoSl', '0xl1w2q4VLojeXp4JfazPL']
Lil Yachty	Quavo	2	['3wdfLVUhmX64lIyWIIEW8s', '4QeBlVCl2KzUEcQZiuskRd']
DJ Khaled	Drake	2	['2of5xn0GU0TdFneR1saRLH', '3pC1ILr9KzmQLMe8Kn5QBG']
Daft Punk	The Weeknd	2	['5aAx2yezTd8zXrkmtKl66Z', '5GXAXm5YOmYT0kL5jHvYBt']
J Balvin	Willy William	2	['7fwXWKdDNI5IutOMc5OKYw', '2rb5MvYT7ZIxbKW5hfcHx8']
A$AP Rocky	Cardi B	2	['2DQ1ITjI0YoLFzuADN1ZBW', '2Xqd0wUttjueBfdcltADOv']
A$AP Rocky	G-Eazy	2	['2DQ1ITjI0YoLFzuADN1ZBW', '2Xqd0wUttjueBfdcltADOv']
Cardi B	G-Eazy	2	['2DQ1ITjI0YoLFzuADN1ZBW', '2Xqd0wUttjueBfdcltADOv']
Beyoncé	DJ Khaled	2	['7Fa5UNizycSms5jP3SQD3F', '3OoZagIW3YK8vjt0ws6NOI']
Beyoncé	JAY-Z	2	['7Fa5UNizycSms5jP3SQD3F', '3OoZagIW3YK8vjt0ws6NOI']
DJ Khaled	JAY-Z	2	['7Fa5UNizycSms5jP3SQD3F', '3OoZagIW3YK8vjt0ws6NOI']
G-Eazy	Halsey	2	['5k38wzpLb15YgncyWdTZE4', '3YU6vJbjYUG0tiJyXf9x5V']
Major Lazer	MØ	2	['4WjH9Bzt3kx7z8kl0awxh4', '6DNtNfH8hXkqOX1sjqmI7p']
Maren Morris	Thomas Rhett	2	['2d48mamATjby7wgPjdrSOQ', '6zLdXcmvIxnAXpz9sXFnIE']
Big Sean	Calvin Harris	2	['6BaCraQ9xeLYg4Sb9TBT2X', '5bcTCxgc7xVfSaMV3RuVke']
Big Sean	Katy Perry	2	['6BaCraQ9xeLYg4Sb9TBT2X', '5bcTCxgc7xVfSaMV3RuVke']
Big Sean	Pharrell Williams	2	['6BaCraQ9xeLYg4Sb9TBT2X', '5bcTCxgc7xVfSaMV3RuVke']
Calvin Harris	Katy Perry	2	['6BaCraQ9xeLYg4Sb9TBT2X', '5bcTCxgc7xVfSaMV3RuVke']
Katy Perry	Pharrell Williams	2	['6BaCraQ9xeLYg4Sb9TBT2X', '5bcTCxgc7xVfSaMV3RuVke']
Gucci Mane	Rae Sremmurd	2	['6fujklziTHa8uoM5OQSfIo', '3A2OHirUAlQp2x73BJlEDA']
Calvin Harris	DJ Khaled	2	['4vv1KjUzPwrtDbozizSfQc', '6LOCAhFzZiavHcLJucLuDy']
Calvin Harris	Jeremih	2	['4vv1KjUzPwrtDbozizSfQc', '6LOCAhFzZiavHcLJucLuDy']
DJ Khaled	Jeremih	2	['4vv1KjUzPwrtDbozizSfQc', '6LOCAhFzZiavHcLJucLuDy']
Jeremih	Travis Scott	2	['4vv1KjUzPwrtDbozizSfQc', '6LOCAhFzZiavHcLJucLuDy']
G-Eazy	Zoe Nash	2	['6mVjlizvk7mq58DJl7pQ2j', '2WWruw7ul9N7eqoHELyMc2']
Maroon 5	SZA	2	['4mxWSdf71VFO52qFeY0fZt', '3hBBKuWJfxlIlnd9QFoC8k']
Nicki Minaj	Yo Gotti	2	['6c7D34787LOtPm8tzhsLgH', '4knL4iPxPOZjQzTUlELGSY']
A Boogie Wit da Hoodie	Chris Brown	2	['5gx2E5aIXMRBellPZW1up5', '4YkwUfWSIxdKNLDXw0caFO']
A Boogie Wit da Hoodie	Yo Gotti	2	['5gx2E5aIXMRBellPZW1up5', '4YkwUfWSIxdKNLDXw0caFO']
Chris Brown	Kodak Black	2	['5gx2E5aIXMRBellPZW1up5', '4YkwUfWSIxdKNLDXw0caFO']
Chris Brown	Yo Gotti	2	['5gx2E5aIXMRBellPZW1up5', '4YkwUfWSIxdKNLDXw0caFO']
Kodak Black	Yo Gotti	2	['5gx2E5aIXMRBellPZW1up5', '4YkwUfWSIxdKNLDXw0caFO']
Bing Crosby	The Andrews Sisters	2	['6UrKVLhzBYZY6fXmNyCLDi', '4Zo33RKIwOIiVsZZtXsKU4']
21 Savage	Big Sean	2	['0Gux2yTMWYOlcBUNjGJu5p', '7DuvVy7JfFgXwWlVzyyPys']
Metro Boomin	Travis Scott	2	['3wAI7MIQtTgwcRmwchPZBc', '5u6vkDnOyaf8LsteDAj2ub']
Offset	Travis Scott	2	['6urLjX35oXXRYtcH1b3dCh', '5u6vkDnOyaf8LsteDAj2ub']
Drake	PARTYNEXTDOOR	2	['5JUu0unA8VwhTZ9LkMWUVI', '1wZqJM5FGDEl3FjHDxDyQd']
Macklemore	Skylar Grey	2	['3HVr6jTVwBHBa2flM0eURR', '0CokSRCu5hZgPxcZBaEzVE']
A$AP Ferg	Migos	2	['4GBuL6fgtVXJNgP1GzoF6Z', '76T8y91xMLWJgfsEsmWGxW']
Drake	Future	2	['78sr3ogs4UzITcCNbXM9cM', '27GmP9AWRs744SzKcpJsTZ']
Miguel	Travis Scott	2	['5WoaF1B5XIEnWfmb5NZikf', '1DRW9bQzt2SE8f7H4KJZyL']
Lil Wayne	The-Dream	2	['0rlFL6bxIWcCn9gk9GExFA', '270aLuFCbX32hhBr8MQyPM']
The-Dream	Ty Dolla $ign	2	['0rlFL6bxIWcCn9gk9GExFA', '270aLuFCbX32hhBr8MQyPM']
Jonas Blue	William Singe	2	['0NiXXAI876aGImAd6rTj8w', '4xlrALxuaCf9yZBHJeTSG6']
21 Savage	Future	2	['6fwdbPMwP1zVStm8FybmkO', '2ClE3QfsNx9p0zjPKxmUYq']
Ty Dolla $ign	Wiz Khalifa	2	['4dASQiO1Eoo3RJvt74FtXB', '33z5crv3IO5U2BOi8xod92']
2 Chainz	Young Thug	2	['0xl1w2q4VLojeXp4JfazPL', '5PfTI3zrQbZEWcQdycMqJM']
Future	Kendrick Lamar	2	['6DB2KOEwHnjkgEnBt5SdeJ', '6dVZCbi9CYtD9LjAHXRjIG']
Post Malone	Quavo	2	['2YK01AIIWuywG24gsbuizE', '3a1lNhkSLSkpJE4MSHpDu9']
Lil Uzi Vert	NAV	2	['790MhTXPFrYkrqCKvpg4t1', '4EbULzyWMuFx94aoIY1MlJ']
Future	Kodak Black	2	['16dXg2YuFOxwDC3cTf5jde', '6CwTHNCzgkq41m11iPpzsf']
Lil Yachty	Macklemore	2	['7bsnTsbiwOymZWjPF9v6Di', '0RYXEibxMami3QuT8kn4Iz']
Fifth Harmony	Gucci Mane	2	['20H2Hd5AkUcRjB4yL3UQtJ', '7LEydI5NfjY6mZfKwYIptZ']
Aloe Blacc	Stargate	2	['5Foe9nJg1uSVMVpMtO1p6z', '7pstxLUhvsJC3M4TxHe2aI']
Aloe Blacc	Tiësto	2	['5Foe9nJg1uSVMVpMtO1p6z', '7pstxLUhvsJC3M4TxHe2aI']
Stargate	Tiësto	2	['5Foe9nJg1uSVMVpMtO1p6z', '7pstxLUhvsJC3M4TxHe2aI']
Gucci Mane	The Weeknd	2	['1tp1xMJ1uaOktksskS0Fzs', '2yuyaYAELoMG4ApV5wJsWR']
CMC$	DVBBS	2	['042x9bsUBWW2fJgJ6fUh61', '4XGqzhzg4PDmdPEMWmi7r8']
A$AP Mob	A$AP Twelvyy	2	['59e7E2LMPZ2bhW5G6aCwX8', '28mIIBZt0jAe8k9g52NOsX']
A$AP Rocky	A$AP Twelvyy	2	['59e7E2LMPZ2bhW5G6aCwX8', '28mIIBZt0jAe8k9g52NOsX']
Beyoncé	Eminem	2	['5b2QnYcT9rQIkhRWt4HztQ', '5PIBgH1cUFwu5IiUk9tnN9']
A$AP Rocky	Tyler, The Creator	2	['1a0wEEHipnBR7WOHFA6ucQ', '21yRtB6B8EMounImAfHRCP']
Calvin Harris	Future	2	['3FDrI0FLKzrYQiWxPhqV2W', '0lMbuWUpfTWhEmOKxppEau']
Calvin Harris	Khalid	2	['3FDrI0FLKzrYQiWxPhqV2W', '0lMbuWUpfTWhEmOKxppEau']
Future	Khalid	2	['3FDrI0FLKzrYQiWxPhqV2W', '0lMbuWUpfTWhEmOKxppEau']
Kygo	The Night Game	2	['1Bxzw8ag71snOU9IbhXVD6', '2UxfcZJCphbEkfbZ6nLiDx']
Julia Michaels	Maroon 5	2	['0rGCh6Ghy785e9wmjwNv4S', '2uSLx5uwRIhiA3sJJraNqX']
Katy Perry	Migos	2	['61WbtB6ujkpNAsAf5LjF4b', '14oOKFGuXu8DqvOe1W8vao']
Grey	Hailee Steinfeld	2	['6875MeXyCW0wLyT72Eetmo', '1qOLh0tI7trd1zdDKxYZTe']
Grey	Zedd	2	['6875MeXyCW0wLyT72Eetmo', '1qOLh0tI7trd1zdDKxYZTe']
Hailee Steinfeld	Zedd	2	['6875MeXyCW0wLyT72Eetmo', '1qOLh0tI7trd1zdDKxYZTe']
Gyptian	Karl Wolf	2	['6c2ACHz4eS6ZaUG4PUWbdC', '2ow0wC8bzfiI0sePbJScnL']
Jon Bellion	Vice	2	['5pvVAwQbuFoR7LkcicrKnk', '542Xd5qDeLBvgXZXhfW7LE']
A$AP Mob	Frank Ocean	2	['4pdgV8qr9Oytcv6thCdiIZ', '6kl1qtQXQsFiIWRBK24Cfp']
A$AP Mob	Lil Uzi Vert	2	['4pdgV8qr9Oytcv6thCdiIZ', '6kl1qtQXQsFiIWRBK24Cfp']
A$AP Mob	Playboi Carti	2	['4pdgV8qr9Oytcv6thCdiIZ', '6kl1qtQXQsFiIWRBK24Cfp']
A$AP Mob	Quavo	2	['4pdgV8qr9Oytcv6thCdiIZ', '6kl1qtQXQsFiIWRBK24Cfp']
A$AP Rocky	Frank Ocean	2	['4pdgV8qr9Oytcv6thCdiIZ', '6kl1qtQXQsFiIWRBK24Cfp']
A$AP Rocky	Lil Uzi Vert	2	['4pdgV8qr9Oytcv6thCdiIZ', '6kl1qtQXQsFiIWRBK24Cfp']
A$AP Rocky	Quavo	2	['4pdgV8qr9Oytcv6thCdiIZ', '6kl1qtQXQsFiIWRBK24Cfp']
Frank Ocean	Lil Uzi Vert	2	['4pdgV8qr9Oytcv6thCdiIZ', '6kl1qtQXQsFiIWRBK24Cfp']
Frank Ocean	Playboi Carti	2	['4pdgV8qr9Oytcv6thCdiIZ', '6kl1qtQXQsFiIWRBK24Cfp']
Frank Ocean	Quavo	2	['4pdgV8qr9Oytcv6thCdiIZ', '6kl1qtQXQsFiIWRBK24Cfp']
Playboi Carti	Quavo	2	['4pdgV8qr9Oytcv6thCdiIZ', '6kl1qtQXQsFiIWRBK24Cfp']
2 Chainz	Desiigner	2	['3eZGNBvKkExXp8q5FAyM8y', '2nBI3iWLhupR7LyAJ5GGkE']
Big Sean	Desiigner	2	['3eZGNBvKkExXp8q5FAyM8y', '2nBI3iWLhupR7LyAJ5GGkE']
Big Sean	Gucci Mane	2	['3eZGNBvKkExXp8q5FAyM8y', '2nBI3iWLhupR7LyAJ5GGkE']
Desiigner	Kanye West	2	['3eZGNBvKkExXp8q5FAyM8y', '2nBI3iWLhupR7LyAJ5GGkE']
Desiigner	Quavo	2	['3eZGNBvKkExXp8q5FAyM8y', '2nBI3iWLhupR7LyAJ5GGkE']
Desiigner	Travis Scott	2	['3eZGNBvKkExXp8q5FAyM8y', '2nBI3iWLhupR7LyAJ5GGkE']
Desiigner	Yo Gotti	2	['3eZGNBvKkExXp8q5FAyM8y', '2nBI3iWLhupR7LyAJ5GGkE']
Gucci Mane	Kanye West	2	['3eZGNBvKkExXp8q5FAyM8y', '2nBI3iWLhupR7LyAJ5GGkE']
Gucci Mane	Travis Scott	2	['3eZGNBvKkExXp8q5FAyM8y', '2nBI3iWLhupR7LyAJ5GGkE']
Gucci Mane	Yo Gotti	2	['3eZGNBvKkExXp8q5FAyM8y', '2nBI3iWLhupR7LyAJ5GGkE']
Kanye West	Travis Scott	2	['3eZGNBvKkExXp8q5FAyM8y', '2nBI3iWLhupR7LyAJ5GGkE']
Travis Scott	Yo Gotti	2	['3eZGNBvKkExXp8q5FAyM8y', '2nBI3iWLhupR7LyAJ5GGkE']
Calvin Harris	Frank Ocean	2	['6gpcs5eMhJwax4mIfKDYQk', '7tr2za8SQg2CI8EDgrdtNl']
Calvin Harris	Migos	2	['6gpcs5eMhJwax4mIfKDYQk', '7tr2za8SQg2CI8EDgrdtNl']
Frank Ocean	Migos	2	['6gpcs5eMhJwax4mIfKDYQk', '7tr2za8SQg2CI8EDgrdtNl']
Alan Walker	Gavin James	2	['3b5Li4QKDVBx1x7fQuu54a', '3t0J8vI9StQD8KIBkT2Cp5']
DJ Khaled	Rick Ross	2	['7lxZbmtC6SkUc2yXBgDOdO', '6CwTHNCzgkq41m11iPpzsf']
Rick Ross	Travis Scott	2	['7lxZbmtC6SkUc2yXBgDOdO', '6CwTHNCzgkq41m11iPpzsf']
Drake	Rihanna	2	['14WWzenpaEgQZlqPq2nk4v', '11KJSRSgaDxqydKYiD2Jew']
Drake	Giggs	2	['2jTujnt0y344ai1rNOywgr', '6CfrYuD3YRDYdYvH9jNtXY']
Offset	Quavo	2	['6urLjX35oXXRYtcH1b3dCh', '0tdCy39PgWN8LFWu34ORn3']
French Montana	Swae Lee	2	['3B54sVLJ402zGa6Xm4YGNe', '1F2HXIJrE2Xn81OzT2zZvW']
Lana Del Rey	The Weeknd	2	['5LYQSNHZxEA880URXFHg6h', '4L7Y2OAPiY2I2GndZjAs5K']
Shawn Hook	Vanessa Hudgens	2	['7DQXiMeLqiQsy1uqHSk0xc', '4gqMQftUs22F8pOGVn5Acr']
Rex Orange County	Tyler, The Creator	2	['33i3xxHB4YSYGYbtJrwwO8', '5WNYg3usc6H8N3MBEp4zVk']
Halsey	Lauren Jauregui	2	['11EDhDAVDtGPoSar6ootYA', '4C5ewaZ05vyXM23jFJdwd4']
Lil Uzi Vert	Oh Wonder	2	['2eAZfqOm4EnOF9VvN50Tyc', '6GNifiuBPrKFpwNBYnooFm']
21 Savage	Post Malone	2	['1OmcAT5Y8eg5bUPv9qJT4R', '7wGoVu4Dady5GV0Sv4UIsx']
A Boogie Wit da Hoodie	PnB Rock	2	['7uoMPWQIGU8wwrPrc94x1m', '1AH60dMaEfNjzDoUIFwIQi']
A Boogie Wit da Hoodie	YoungBoy Never Broke Again	2	['7uoMPWQIGU8wwrPrc94x1m', '1AH60dMaEfNjzDoUIFwIQi']
PnB Rock	YoungBoy Never Broke Again	2	['7uoMPWQIGU8wwrPrc94x1m', '1AH60dMaEfNjzDoUIFwIQi']
Alesso	Florida Georgia Line	2	['5AEtlRudpgdT5FtNiuly6Y', '5Gu0PDLN4YJeW75PpBSg9p']
Alesso	Hailee Steinfeld	2	['5AEtlRudpgdT5FtNiuly6Y', '5Gu0PDLN4YJeW75PpBSg9p']
Alesso	watt	2	['5AEtlRudpgdT5FtNiuly6Y', '5Gu0PDLN4YJeW75PpBSg9p']
Florida Georgia Line	Hailee Steinfeld	2	['5AEtlRudpgdT5FtNiuly6Y', '5Gu0PDLN4YJeW75PpBSg9p']
Florida Georgia Line	watt	2	['5AEtlRudpgdT5FtNiuly6Y', '5Gu0PDLN4YJeW75PpBSg9p']
Hailee Steinfeld	watt	2	['5AEtlRudpgdT5FtNiuly6Y', '5Gu0PDLN4YJeW75PpBSg9p']
21 Savage	Migos	2	['3IHZc2GclRu5nJpTqty7MY', '2ClE3QfsNx9p0zjPKxmUYq']
Katy Perry	Skip Marley	2	['5ndfVSDyPq90jaIUhNPeby', '6520aj0B4FSKGVuKNsOCOi']
Emily Warren	The Chainsmokers	2	['1pJQAHpD51J7GYaFrrFO9S', '6V9kwssTrwkKT72imgowj9']
Frank Ocean	Steve Lacy	2	['1pGAvZo2axYXAXYiSeYEqY', '4bEcoz1OcfMgUbp2ft8ieQ']
Steve Lacy	Tyler, The Creator	2	['1pGAvZo2axYXAXYiSeYEqY', '4bEcoz1OcfMgUbp2ft8ieQ']
Major Lazer	Nyla	2	['1KqvRRQd3lfM0pAlkGPrgD', '0L7loeTIg6akW84aEQZpCT']
Lana Del Rey	Playboi Carti	2	['5QqyRUZeBE04yJxsD1OC0I', '5JwLhFNrXw49pn3HQqu02G']
Daddy Yankee	Luis Fonsi	2	['5CtI0qwDJkDQGwXD1H1cLb', '4aWmUDTfIPGksMNLV2rQP2']
Katy Perry	Nicki Minaj	2	['2kVHAQKVtczchKctctzbtK', '3VRk65lHSwqd90TAkQqhvB']
Chris Brown	Young Thug	2	['6FwiZxKXipsyGw2CVZOzol', '2XdgSB4TtzUHQYCMfSHbFI']
Kendrick Lamar	Maroon 5	1	['5MFzQMkrl1FOOng9tq6R9r']
Eurielle	Migos	1	['6rcKz2VYbcaHJ0qSXucR56']
Eurielle	Quality Control	1	['6rcKz2VYbcaHJ0qSXucR56']
Migos	Quality Control	1	['6rcKz2VYbcaHJ0qSXucR56']
Hailee Steinfeld	Machine Gun Kelly	1	['77lGafvlU68CeHgB2pkHC9']
Chris Brown	Usher	1	['05Z7jet4VDNVgNQWcYHnrk']
Gucci Mane	Usher	1	['05Z7jet4VDNVgNQWcYHnrk']
DJ Khaled	Nicki Minaj	1	['2G60ShHRZZhqxSKbZTWdOh']
Eartha Kitt	Henri Rene & His Orchestra	1	['1foCxQtxBweJtZmdxhEHVO']
Future	Swae Lee	1	['2EPbvVyo2qrrmeiEm57Cfl']
Swae Lee	Ty Dolla $ign	1	['2EPbvVyo2qrrmeiEm57Cfl']
Anne-Marie	Mike Posner	1	['42NpUvd0I2kdIuMXX4nobE']
Anne-Marie	Nick Jonas	1	['42NpUvd0I2kdIuMXX4nobE']
Mike Posner	Nick Jonas	1	['42NpUvd0I2kdIuMXX4nobE']
Camila Cabello	Daddy Yankee	1	['3whrwq4DtvucphBPUogRuJ']
The Chainsmokers	XYLØ	1	['0B8B8cVRFIG1yznoQe7c9s']
Calvin Harris	John Legend	1	['08Wc3X7XNSyF8WYBPt2L8E']
Calvin Harris	Snoop Dogg	1	['08Wc3X7XNSyF8WYBPt2L8E']
Calvin Harris	Takeoff	1	['08Wc3X7XNSyF8WYBPt2L8E']
John Legend	Snoop Dogg	1	['08Wc3X7XNSyF8WYBPt2L8E']
John Legend	Takeoff	1	['08Wc3X7XNSyF8WYBPt2L8E']
Snoop Dogg	Takeoff	1	['08Wc3X7XNSyF8WYBPt2L8E']
Drake	Metro Boomin	1	['6kig1UFggPUyZBCvXD3Wod']
Drake	Offset	1	['6kig1UFggPUyZBCvXD3Wod']
Lil Uzi Vert	Migos	1	['4Km5HrUvYTaSUfiSGPJeQR']
Lil Yachty	NexXthursday	1	['4QeBlVCl2KzUEcQZiuskRd']
NexXthursday	Quavo	1	['4QeBlVCl2KzUEcQZiuskRd']
Kanye West	ScHoolboy Q	1	['2yJ9GVCLMmzBBfQAnfzlwr']
Cheat Codes	Dante Klein	1	['0lmdsH1MIoLsMymnNpd6HU']
Ty Dolla $ign	YG	1	['1Mb187X5w3OUQNH6P5M28Y']
Kirsty MacColl	The Pogues	1	['3VTNVsTTu05dmTsVFrmGpK']
G-Eazy	Kehlani	1	['1Eck97uRMlprKOOJN9oO1E']
Damian Marley	Skrillex	1	['26K4tbF6waeJzo11e3JDo8']
Damian Marley	Ty Dolla $ign	1	['26K4tbF6waeJzo11e3JDo8']
Skrillex	Ty Dolla $ign	1	['26K4tbF6waeJzo11e3JDo8']
Lil Uzi Vert	Pharrell Williams	1	['1MJErNPIQUoEMu4YUUmecm']
Beyoncé	J Balvin	1	['7fwXWKdDNI5IutOMc5OKYw']
Beyoncé	Willy William	1	['7fwXWKdDNI5IutOMc5OKYw']
Marshmello	Migos	1	['0nhVrTiCGiGRCoZOJiWzm1']
Justin Jesso	Kygo	1	['0Zbbxnx4SGGHoIow4PpISP']
Alok	Bruno Martini	1	['1a5Yu5L18qNxVhXx38njON']
Alok	Zeeba	1	['1a5Yu5L18qNxVhXx38njON']
Bruno Martini	Zeeba	1	['1a5Yu5L18qNxVhXx38njON']
Drake	Quavo	1	['2bjwRfXMk4uRgOD9IBYl9h']
Drake	Travis Scott	1	['2bjwRfXMk4uRgOD9IBYl9h']
Calvin Harris	DRAM	1	['0Ws8D3EWUDgY962Xftb0h5']
Calvin Harris	PARTYNEXTDOOR	1	['0Ws8D3EWUDgY962Xftb0h5']
Calvin Harris	ScHoolboy Q	1	['0Ws8D3EWUDgY962Xftb0h5']
DRAM	PARTYNEXTDOOR	1	['0Ws8D3EWUDgY962Xftb0h5']
DRAM	ScHoolboy Q	1	['0Ws8D3EWUDgY962Xftb0h5']
PARTYNEXTDOOR	ScHoolboy Q	1	['0Ws8D3EWUDgY962Xftb0h5']
Marshmello	Selena Gomez	1	['7EmGUiUaOSGDnUUQUDrOXC']
DJ Snake	Major Lazer	1	['4WjH9Bzt3kx7z8kl0awxh4']
DJ Snake	MØ	1	['4WjH9Bzt3kx7z8kl0awxh4']
Demi Lovato	Jax Jones	1	['0XfOi87h82i09rQjWYG0Bm']
Demi Lovato	Stefflon Don	1	['0XfOi87h82i09rQjWYG0Bm']
Jax Jones	Stefflon Don	1	['0XfOi87h82i09rQjWYG0Bm']
CNCO	Little Mix	1	['3zoYkqS4y2BsGVShPL2nTE']
Descemer Bueno	Enrique Iglesias	1	['7nKBxz47S9SD79N086fuhn']
Descemer Bueno	Zion & Lennox	1	['7nKBxz47S9SD79N086fuhn']
Enrique Iglesias	Zion & Lennox	1	['7nKBxz47S9SD79N086fuhn']
Ariana Grande	Future	1	['3FiE2d325mIOc4YjkSLVJR']
French Montana	Pharrell Williams	1	['3LRddJIw2ymm1CHIO9xlkC']
Damian Lemar Hudson	Logic	1	['7BKUWh5sdtdS17crohRe4L']
Daniel Caesar	Kali Uchis	1	['7zFXmv6vqI4qOt4yGf3jYZ']
Anjulie	VINAI	1	['5Qh8DqDqD0BxHbI2f8P3j2']
Gucci Mane	Kendrick Lamar	1	['3A2OHirUAlQp2x73BJlEDA']
Gucci Mane	Mike WiLL Made-It	1	['3A2OHirUAlQp2x73BJlEDA']
Kendrick Lamar	Mike WiLL Made-It	1	['3A2OHirUAlQp2x73BJlEDA']
Kendrick Lamar	Rae Sremmurd	1	['3A2OHirUAlQp2x73BJlEDA']
Mike WiLL Made-It	Rae Sremmurd	1	['3A2OHirUAlQp2x73BJlEDA']
CADE	Cheat Codes	1	['1NDxZ7cFAo481dtYWdrUnR']
CADE	Maggie Lindemann	1	['1NDxZ7cFAo481dtYWdrUnR']
Cheat Codes	Maggie Lindemann	1	['1NDxZ7cFAo481dtYWdrUnR']
Justin Bieber	Major Lazer	1	['6DNtNfH8hXkqOX1sjqmI7p']
Justin Bieber	MØ	1	['6DNtNfH8hXkqOX1sjqmI7p']
Khalid	Marshmello	1	['7vGuf3Y35N4wmASOKLUVVU']
Flume	Kai	1	['12REd1n8PeiHHWOh066tpr']
Daya	Gryffin	1	['0NyOeqzqjVM9j7IuWp2oJ6']
Daya	ILLENIUM	1	['0NyOeqzqjVM9j7IuWp2oJ6']
Gryffin	ILLENIUM	1	['0NyOeqzqjVM9j7IuWp2oJ6']
DRAM	Lil Yachty	1	['7yyRTcZmCiyzzJlNzGC9Ol']
Kendrick Lamar	U2	1	['4iYRa2btalAzPZoSYfROqF']
Bebe Rexha	Lil Wayne	1	['6Pw3Gvw4wNMZfTYZa6IQal']
Cash Cash	Conor Maynard	1	['1839RWzPRZCVgvamu4sHSN']
Charlie Puth	G-Eazy	1	['3qk4wRMDlaeagZGjSYbsOV']
Eminem	Kehlani	1	['6Ww0J5EFjiPxkgZpEkRQVN']
A-Trak	Calvin Harris	1	['4KaIJ1FWXUoAAnOts1YWjD']
A-Trak	Travis Scott	1	['4KaIJ1FWXUoAAnOts1YWjD']
2 Chainz	Chance the Rapper	1	['0v9Wz8o0BT8DU38R4ddjeH']
2 Chainz	Lil Wayne	1	['0v9Wz8o0BT8DU38R4ddjeH']
Machine Gun Kelly	Quavo	1	['5hfpu8saHLGedbHRtNCYjm']
Machine Gun Kelly	Ty Dolla $ign	1	['5hfpu8saHLGedbHRtNCYjm']
Quavo	Ty Dolla $ign	1	['5hfpu8saHLGedbHRtNCYjm']
21 Savage	London On Da Track	1	['1tyjWMMINb9S0YBynTvJ7s']
21 Savage	Nicki Minaj	1	['1tyjWMMINb9S0YBynTvJ7s']
London On Da Track	Nicki Minaj	1	['1tyjWMMINb9S0YBynTvJ7s']
London On Da Track	Offset	1	['1tyjWMMINb9S0YBynTvJ7s']
Nicki Minaj	Offset	1	['1tyjWMMINb9S0YBynTvJ7s']
Ed Sheeran	Future	1	['2x0WlnmfG39ZuDmstl9xfX']
Ed Sheeran	Taylor Swift	1	['2x0WlnmfG39ZuDmstl9xfX']
Future	Taylor Swift	1	['2x0WlnmfG39ZuDmstl9xfX']
DJ Snake	Lauv	1	['0Wv5wuenRLI3BcwgT3HPIP']
Jhené Aiko	The Chainsmokers	1	['0dj1CtyRxZ4bnIT4Q20jNT']
BloodPop®	Justin Bieber	1	['7nZmah2llfvLDiUjm0kiyz']
Ariana Grande	John Legend	1	['1KT0xdIjm7t053xByACrrg']
Afrojack	Charli XCX	1	['0tPQPaOKM32WgMSbPCYyRH']
Afrojack	David Guetta	1	['0tPQPaOKM32WgMSbPCYyRH']
Afrojack	French Montana	1	['0tPQPaOKM32WgMSbPCYyRH']
Charli XCX	David Guetta	1	['0tPQPaOKM32WgMSbPCYyRH']
Charli XCX	French Montana	1	['0tPQPaOKM32WgMSbPCYyRH']
David Guetta	French Montana	1	['0tPQPaOKM32WgMSbPCYyRH']
Felix Snow	Kiiara	1	['3QWjljChcOMkRDYSzF33Qr']
Daniel Caesar	H.E.R.	1	['1RMJOxR6GRPsBHL8qeC2ux']
Coldplay	Seeb	1	['1OAiWI2oPmglaOiv9fdioU']
Felix Jaehn	Mike Williams	1	['6a9vKVMFfNBi741DVSit3H']
Migos	Travis Scott	1	['204U3zjm9kkzX25Pr4Rdld']
21 Savage	Travis Scott	1	['5u6vkDnOyaf8LsteDAj2ub']
Lil Uzi Vert	Travis Scott	1	['53MHr9cjIlwet0mpmqNvjC']
Liam Payne	Zedd	1	['1CKd1PnqfYx0H12V9MSaIY']
Halsey	PARTYNEXTDOOR	1	['4Z22Uz5JhtWbkmzojNcdPr']
Gorillaz	Popcaan	1	['7l9CE3wmEGOUYw1j4ETjnL']
Jillian Edwards	Thomas Gold	1	['5abwHwUhywLGNli5NDcEN7']
Ariana Grande	Calvin Harris	1	['60APt5N2NRaKWf5xzJdzyC']
Ariana Grande	Pharrell Williams	1	['60APt5N2NRaKWf5xzJdzyC']
Ariana Grande	Young Thug	1	['60APt5N2NRaKWf5xzJdzyC']
Calvin Harris	Young Thug	1	['60APt5N2NRaKWf5xzJdzyC']
Pharrell Williams	Young Thug	1	['60APt5N2NRaKWf5xzJdzyC']
Labrinth	Noah Cyrus	1	['2BrzlUj1u1CtvaJDGIKpsP']
Bebe Rexha	Machine Gun Kelly	1	['0OI7AFifLSoGzpb8bdBLLV']
Bebe Rexha	X Ambassadors	1	['0OI7AFifLSoGzpb8bdBLLV']
Machine Gun Kelly	X Ambassadors	1	['0OI7AFifLSoGzpb8bdBLLV']
16yrold	KILLY	1	['1EuVCg1G7fVjuhKurU7m2b']
Drake	Kanye West	1	['28irpKCCK9nn9DZSik2zEx']
Big Sean	Kash Doll	1	['0fWBFDRTIuk8ZgNdZqhCer']
Kash Doll	Metro Boomin	1	['0fWBFDRTIuk8ZgNdZqhCer']
Drake	Gucci Mane	1	['5tFep7dXGd7vEJ668wTPux']
Bing Crosby	John Scott Trotter & His Orchestra	1	['4so0Wek9Ig1p6CRCHuINwW']
Bing Crosby	Ken Darby Singers	1	['4so0Wek9Ig1p6CRCHuINwW']
John Scott Trotter & His Orchestra	Ken Darby Singers	1	['4so0Wek9Ig1p6CRCHuINwW']
Andrelli	Hearts & Colors	1	['04CttTezSnv71USiiG9mIo']
Alicia Keys	Eminem	1	['2rozzUGTRWqhTa2NzJAl8I']
Coldplay	The Chainsmokers	1	['6RUKPb4LETWmmr3iAEQktW']
Adventure Club	Ben Stevenson	1	['0f3VCprEO3u4j93FtHxTbj']
21 Savage	Cardi B	1	['75FDPwaULRdYDn4StFN2rT']
Liam Payne	Quavo	1	['6EpRaXYhGOB3fj4V2uDkMJ']
Future	Metro Boomin	1	['6fwdbPMwP1zVStm8FybmkO']
Bipolar Sunshine	DJ Snake	1	['4OZEu0Vwq0RB2LAq14v99n']
Gucci Mane	Selena Gomez	1	['0XLOf9LhyazPX9Ld8jPiUq']
Ty Dolla $ign	WizKid	1	['47AMYhY7w49L3rv6UZdlXV']
Eminem	X Ambassadors	1	['5p9ufaI7TwrlXtmiKCz3q3']
2 Chainz	Migos	1	['4AlrLQ2RMxOwz1gTTkb4vQ']
Gucci Mane	Offset	1	['2XaInsPPUkZRkY4uFJ3AHK']
2 Chainz	PnB Rock	1	['5PfTI3zrQbZEWcQdycMqJM']
2 Chainz	Wiz Khalifa	1	['5PfTI3zrQbZEWcQdycMqJM']
PnB Rock	Wiz Khalifa	1	['5PfTI3zrQbZEWcQdycMqJM']
PnB Rock	Young Thug	1	['5PfTI3zrQbZEWcQdycMqJM']
Wiz Khalifa	Young Thug	1	['5PfTI3zrQbZEWcQdycMqJM']
ROZES	The Chainsmokers	1	['6O6M7pJLABmfBRoGZMu76Y']
Camila Cabello	Major Lazer	1	['3Ytr1SUCUi6J3L9dRFx5iH']
Camila Cabello	Travis Scott	1	['3Ytr1SUCUi6J3L9dRFx5iH']
Major Lazer	Quavo	1	['3Ytr1SUCUi6J3L9dRFx5iH']
Major Lazer	Travis Scott	1	['3Ytr1SUCUi6J3L9dRFx5iH']
Ella Eyre	Sigala	1	['3kGfazcbVvVkuZunzlLgTD']
Bebe Rexha	G-Eazy	1	['40YcuQysJ0KlGQTeGUosTC']
Lil Pump	Smokepurpp	1	['4at9j7aC7FvDlsllpOvsAC']
Sam Smith	Yebba	1	['5ZX1X9Rl4zbx1Wwyn3idVD']
Camila Cabello	Cashmere Cat	1	['43hDboyy6vJ6z2Jx5sHnCF']
Kesha	The Dap-Kings Horns	1	['5wIeuNURiubue1VTcglU57']
Lil Uzi Vert	Metro Boomin	1	['4EbULzyWMuFx94aoIY1MlJ']
Francesco Yates	Robin Schulz	1	['5tf1VVWniHgryyumXyJM7w']
Avicii	Rita Ora	1	['2OALaHcDdKkjYEpAr0Qzab']
Backstreet Boys	Florida Georgia Line	1	['4VFE6ZNqa8jHAmbYICoAFg']
Gorillaz	Vince Staples	1	['2bBMODHVTXGwE2aZYfbgCt']
Chris Lane	Tori Kelly	1	['7d9J74EuWKr8Th8g3auxXp']
Kendrick Lamar	Zacari	1	['6PGoSes0D9eUDeeAafB2As']
Lil Wayne	Nathaniel Alford	1	['270aLuFCbX32hhBr8MQyPM']
Lil Wayne	Twice As Nice	1	['270aLuFCbX32hhBr8MQyPM']
Nathaniel Alford	The-Dream	1	['270aLuFCbX32hhBr8MQyPM']
Nathaniel Alford	Twice As Nice	1	['270aLuFCbX32hhBr8MQyPM']
Nathaniel Alford	Ty Dolla $ign	1	['270aLuFCbX32hhBr8MQyPM']
The-Dream	Twice As Nice	1	['270aLuFCbX32hhBr8MQyPM']
Twice As Nice	Ty Dolla $ign	1	['270aLuFCbX32hhBr8MQyPM']
Massari	Tory Lanez	1	['2NEhPLA6cq55GiNGT7hiHd']
Jasmine Thompson	Skizzy Mars	1	['40UroIGvsMPLPBYwH8rMNA']
Jasmine Thompson	Vice	1	['40UroIGvsMPLPBYwH8rMNA']
Skizzy Mars	Vice	1	['40UroIGvsMPLPBYwH8rMNA']
Quintino	R3HAB	1	['3gfmFoJgmn9LiIj5mV8oSS']
Ryan Riback	some chick	1	['0XPcUR68l2ZFXXsorjnjuh']
David Guetta	Jamie Scott	1	['0OlnLZY4cmQzT6ZGttvWBM']
David Guetta	Martin Garrix	1	['0OlnLZY4cmQzT6ZGttvWBM']
David Guetta	Romy Dya	1	['0OlnLZY4cmQzT6ZGttvWBM']
Jamie Scott	Martin Garrix	1	['0OlnLZY4cmQzT6ZGttvWBM']
Jamie Scott	Romy Dya	1	['0OlnLZY4cmQzT6ZGttvWBM']
Martin Garrix	Romy Dya	1	['0OlnLZY4cmQzT6ZGttvWBM']
Big Sean	The-Dream	1	['5VlstKgCJPHDIMCQO4jHcQ']
Eminem	Pink	1	['4hGZxsGcFnuCJXn25EWj5j']
Loote	Martin Jensen	1	['5XiZK7m9PLppgIzJBpw2x5']
Metro Boomin	Playboi Carti	1	['3JWh19WsndEFg0UFRFeTiU']
NAV	Offset	1	['3JWh19WsndEFg0UFRFeTiU']
NAV	Playboi Carti	1	['3JWh19WsndEFg0UFRFeTiU']
Offset	Playboi Carti	1	['3JWh19WsndEFg0UFRFeTiU']
Ansel Elgort	Logic	1	['6OQea06z3cbOqYgG2O6eOZ']
Zay Hilfigerrr	Zayion McCall	1	['1lItf5ZXJc1by9SbPeljFd']
Anitta	J Balvin	1	['3Ga6eKrUFf12ouh9Yw3v2D']
Jonas Blue	RAYE	1	['1D3ODoXHBLpdxolZRHWV1j']
J. Davi$	Rob $tone	1	['5uDASfU19gDxSjW8cnCaBp']
J. Davi$	Spooks	1	['5uDASfU19gDxSjW8cnCaBp']
Rob $tone	Spooks	1	['5uDASfU19gDxSjW8cnCaBp']
A$AP Rocky	Jaden	1	['3xWwPvpAv1HbKFmTwf6uKR']
CMC$	Happy Sometimes	1	['4XGqzhzg4PDmdPEMWmi7r8']
DVBBS	Happy Sometimes	1	['4XGqzhzg4PDmdPEMWmi7r8']
R3HAB	VÉRITÉ	1	['3A2waEDfZQfl6RNOn8Y1xW']
Fifth Harmony	Ty Dolla $ign	1	['4tCtwWceOPWzenK2HAIJSb']
Kendrick Lamar	Rich The Kid	1	['4pYZLpX23Vx8rwDpJCpPTA']
A$AP Ferg	A$AP Mob	1	['28mIIBZt0jAe8k9g52NOsX']
A$AP Ferg	A$AP NAST	1	['28mIIBZt0jAe8k9g52NOsX']
A$AP Ferg	A$AP Rocky	1	['28mIIBZt0jAe8k9g52NOsX']
A$AP Ferg	A$AP Twelvyy	1	['28mIIBZt0jAe8k9g52NOsX']
A$AP Mob	A$AP NAST	1	['28mIIBZt0jAe8k9g52NOsX']
A$AP NAST	A$AP Rocky	1	['28mIIBZt0jAe8k9g52NOsX']
A$AP NAST	A$AP Twelvyy	1	['28mIIBZt0jAe8k9g52NOsX']
Emilie Adams	TRXD	1	['4MV8yeKSsls4xev14yDXL6']
JAY-Z	Linkin Park	1	['5sNESr6pQfIhL3krM8CtZn']
Camila Cabello	Young Thug	1	['0ofbQMrRDsUaVKq2mGLEAb']
Beyoncé	Ed Sheeran	1	['1bhUWB0zJMIKr9yVPrkEuI']
Logic	Lucy Rose	1	['6CvTbrBxxc5jFwqsivhpxh']
Big Sean	Starrah	1	['6zpXc7WJ3TqYWb02B6sKyF']
Big Sean	The Flint Chozen Choir	1	['6zpXc7WJ3TqYWb02B6sKyF']
Starrah	The Flint Chozen Choir	1	['6zpXc7WJ3TqYWb02B6sKyF']
Kendrick Lamar	The Weeknd	1	['4h90qkbnW1Qq6pBhoPvwko']
Anjulie	Leroy Styles	1	['76cX1GFe7MHAxcfNDOckuS']
Kesha	Macklemore	1	['2Za1AlJNvksouPPWbXpR2X']
Louane	The Chainsmokers	1	['5xhJmd0I15jFcEdqxfCzKk']
Daniel Caesar	Syd	1	['3E895HtTn6lB40SA0l9EkL']
Cardi B	Migos	1	['1YZfcVLbbJwfizR5cDOp3q']
Cardi B	Nicki Minaj	1	['1YZfcVLbbJwfizR5cDOp3q']
Migos	Nicki Minaj	1	['1YZfcVLbbJwfizR5cDOp3q']
Bryson Tiller	Young Thug	1	['4sxLB4ibrNZko2Y9wHfwZ3']
Frank Ocean	JAY-Z	1	['2q0VexHJirnUPnEOhr2DxK']
JAY-Z	Tyler, The Creator	1	['2q0VexHJirnUPnEOhr2DxK']
MØ	Snakehips	1	['0Zx8khUcEfCFK2AEoIhC92']
B. Swanson Quartet	Frank Sinatra	1	['7inXu0Eaeg02VsM8kHNvzM']
Lil Yachty	Migos	1	['5hx4FpDZOnDVYlyoG3rMks']
Taylor Swift	ZAYN	1	['3NdDpSvN911VPGivFlV5d0']
James Arthur	Machine Gun Kelly	1	['7w1JDEjmXYw2DwllK1EwCg']
Olivia O'Brien	gnash	1	['7vRriwrloYVaoAe3a9wJHe']
Major Lazer	Nicki Minaj	1	['0fg8CqpjdojMyXLNzM2PaJ']
Major Lazer	PARTYNEXTDOOR	1	['0fg8CqpjdojMyXLNzM2PaJ']
Nicki Minaj	PARTYNEXTDOOR	1	['0fg8CqpjdojMyXLNzM2PaJ']
Fetty Wap	Mark Morrison	1	['7aV2mflaASUmGhCErm7kBO']
Fetty Wap	Nevada	1	['7aV2mflaASUmGhCErm7kBO']
Mark Morrison	Nevada	1	['7aV2mflaASUmGhCErm7kBO']
Camila Cabello	Machine Gun Kelly	1	['1PSBzsahR2AKwLJgx8ehBj']
JP Cooper	Jonas Blue	1	['1CUVN2kn7mW5FjkqXTR2W1']
Christian Hudson	Klowds	1	['1rBI8NN1afzViJMGgTc2AG']
Nick Jonas	Nicki Minaj	1	['4nDfc6F2uVcc6wdG7kBzWO']
Bryson Tiller	DJ Khaled	1	['1OAh8uOEOvTDqkKFsKksCi']
Bryson Tiller	Rihanna	1	['1OAh8uOEOvTDqkKFsKksCi']
DJ Khaled	Rihanna	1	['1OAh8uOEOvTDqkKFsKksCi']
Kodak Black	Lil Wayne	1	['4DTpngLjoHj5gFxEZFeD3J']
CMC$	Gia Koka	1	['042x9bsUBWW2fJgJ6fUh61']
DVBBS	Gia Koka	1	['042x9bsUBWW2fJgJ6fUh61']
Dua Lipa	Martin Garrix	1	['3ebXMykcMXOcLeJ9xZ17XH']
Huncho Jack	Takeoff	1	['4vwfOiyWxXeEdx4ejAJgdx']
Quavo	Takeoff	1	['4vwfOiyWxXeEdx4ejAJgdx']
Takeoff	Travis Scott	1	['4vwfOiyWxXeEdx4ejAJgdx']
Mitchell Ayres & His Orchestra	Perry Como	1	['6IeK3Ap5m3HabwJxgI6eSE']
Mitchell Ayres & His Orchestra	The Fontane Sisters	1	['6IeK3Ap5m3HabwJxgI6eSE']
Perry Como	The Fontane Sisters	1	['6IeK3Ap5m3HabwJxgI6eSE']
Daya	The Chainsmokers	1	['0QsvXIfqM0zZoerQfsI9lm']
PARTYNEXTDOOR	ZAYN	1	['000xQL6tZNLJzIrtIgxqSl']
Big Sean	Jeremih	1	['0URaKGzNTtzKRtsJN1RkA9']
Ryan Riback	Starley	1	['78rIJddV4X0HkNAInEcYde']
Eminem	Nate Dogg	1	['6yr8GiTHWvFfi4o6Q5ebdT']
Flume	Tove Lo	1	['4sQMalN597HdggTu196aL0']
Michael Bublé	The Puppini Sisters	1	['4qBejt9FeqLI9blHI1Nq1x']
BTS	Desiigner	1	['7Ed6BkggCS2KaKY5YlINaF']
BTS	Steve Aoki	1	['7Ed6BkggCS2KaKY5YlINaF']
Desiigner	Steve Aoki	1	['7Ed6BkggCS2KaKY5YlINaF']
Cashmere Cat	Selena Gomez	1	['2wDjpPW3HZdA9quPPmZAMu']
Cashmere Cat	Tory Lanez	1	['2wDjpPW3HZdA9quPPmZAMu']
Selena Gomez	Tory Lanez	1	['2wDjpPW3HZdA9quPPmZAMu']
A$AP Ferg	Nicki Minaj	1	['2YzmfPLqUx5CJOaw5ThsBV']
Lido	Petit Biscuit	1	['7wKzj1b8YKPuZELfVDz708']
Cheat Codes	Nicky Romero	1	['4LSkEJ5P5MV0y3PZqw7guJ']
Florida Georgia Line	The Chainsmokers	1	['6GeD5g9vZTz25Egf8kxoIY']
Alan Walker	Kygo	1	['3t0J8vI9StQD8KIBkT2Cp5']
Gavin James	Kygo	1	['3t0J8vI9StQD8KIBkT2Cp5']
French Montana	Jason Derulo	1	['2z4pcBLQXF2BXKFvd0BuB6']
JAY-Z	Kanye West	1	['2KpCpk6HjXXLb7nnXoXA5O']
DJ Khaled	Kodak Black	1	['6CwTHNCzgkq41m11iPpzsf']
DJ Khaled	PARTYNEXTDOOR	1	['6CwTHNCzgkq41m11iPpzsf']
Future	PARTYNEXTDOOR	1	['6CwTHNCzgkq41m11iPpzsf']
Future	Rick Ross	1	['6CwTHNCzgkq41m11iPpzsf']
Future	Travis Scott	1	['6CwTHNCzgkq41m11iPpzsf']
Kodak Black	PARTYNEXTDOOR	1	['6CwTHNCzgkq41m11iPpzsf']
Kodak Black	Rick Ross	1	['6CwTHNCzgkq41m11iPpzsf']
Kodak Black	Travis Scott	1	['6CwTHNCzgkq41m11iPpzsf']
PARTYNEXTDOOR	Rick Ross	1	['6CwTHNCzgkq41m11iPpzsf']
PARTYNEXTDOOR	Travis Scott	1	['6CwTHNCzgkq41m11iPpzsf']
Drake	Sampha	1	['2fkeWbM6iqTw7oGHTYm2lw']
Dua Lipa	Major Lazer	1	['7rfiXyFb5M9BqdkvKvVEiB']
Dua Lipa	Wale	1	['7rfiXyFb5M9BqdkvKvVEiB']
Dua Lipa	WizKid	1	['7rfiXyFb5M9BqdkvKvVEiB']
Major Lazer	Wale	1	['7rfiXyFb5M9BqdkvKvVEiB']
Major Lazer	WizKid	1	['7rfiXyFb5M9BqdkvKvVEiB']
Wale	WizKid	1	['7rfiXyFb5M9BqdkvKvVEiB']
NOTD	Stanaj	1	['3SGWp9fJCzgK0WcpcKSQdy']
Kodak Black	XXXTENTACION	1	['40oKW22ZNNkEdZLJTScaQI']
Lost Kings	Tinashe	1	['4GJAd1nBylAEbw1dZDVzEQ']
Demi Lovato	Luis Fonsi	1	['1zsG4eaZmkA1dvjDDsAGLK']
Black Coffee	Drake	1	['7y6c07pgjZvtHI9kuMVqk1']
Black Coffee	Jorja Smith	1	['7y6c07pgjZvtHI9kuMVqk1']
Drake	Jorja Smith	1	['7y6c07pgjZvtHI9kuMVqk1']
Avicii	Sandro Cavazza	1	['6WbADFqMvR8N5u0BvtsWQE']
Laurell	Tritonal	1	['4Df6RCPoJkH3YotB6Tu6vy']
Kanye West	Tyga	1	['2Cth0v1xri32oZ799rL3rl']
A$AP Rocky	Famous Dex	1	['3ncgNpxLoBQ65ABk4djDyd']
Eminem	Phresher	1	['2MdMjF20umbTe4y2FgdnG8']
Future	Maroon 5	1	['5NNlUMcOEOdoOIwwaWXv0k']
P!nk	Sia	1	['7pYFPMeK0TnaTGdS6qOtEr']
P!nk	Stargate	1	['7pYFPMeK0TnaTGdS6qOtEr']
Sia	Stargate	1	['7pYFPMeK0TnaTGdS6qOtEr']
Maty Noyes	Vanic	1	['4eP9Et7gkdPf6eeCRNal75']
21 Savage	Quavo	1	['0tdCy39PgWN8LFWu34ORn3']
Metro Boomin	Quavo	1	['0tdCy39PgWN8LFWu34ORn3']
Killer Mike	Logic	1	['58kwvMXeOlsvzPqUlyj75Y']
Lil Wayne	Wale	1	['2h3i5tGUl6hMu572umjcGo']
Jason Derulo	Nicki Minaj	1	['6kex4EBAj0WHXDKZMEJaaF']
Jason Derulo	Ty Dolla $ign	1	['6kex4EBAj0WHXDKZMEJaaF']
Nicki Minaj	Ty Dolla $ign	1	['6kex4EBAj0WHXDKZMEJaaF']
Drake	Lil Wayne	1	['7KcGEssn7BnJdTgildK5y0']
Drake	Nicki Minaj	1	['7KcGEssn7BnJdTgildK5y0']
Lil Wayne	Nicki Minaj	1	['7KcGEssn7BnJdTgildK5y0']
Gucci Mane	blackbear	1	['53mrVsi49rLHIaKBiSvElG']
Joe Reisman's Orchestra and Chorus	Lou Monte	1	['1BB9hv4471pPlNqOAnDglV']
Martin Garrix	Troye Sivan	1	['6jA8HL9i4QGzsj6fjoxp8Y']
John Lennon	The Harlem Community Choir	1	['3zJw3rugfpVrmBeDDnUYzy']
John Lennon	The Plastic Ono Band	1	['3zJw3rugfpVrmBeDDnUYzy']
John Lennon	Yoko Ono	1	['3zJw3rugfpVrmBeDDnUYzy']
The Harlem Community Choir	The Plastic Ono Band	1	['3zJw3rugfpVrmBeDDnUYzy']
The Harlem Community Choir	Yoko Ono	1	['3zJw3rugfpVrmBeDDnUYzy']
The Plastic Ono Band	Yoko Ono	1	['3zJw3rugfpVrmBeDDnUYzy']
Matoma	The Vamps	1	['1yNyoWWWikbLhwIGWjZuDW']
Bebe Rexha	Digital Farm Animals	1	['7F9vK8hNFMml4GtHsaXui6']
Bebe Rexha	Louis Tomlinson	1	['7F9vK8hNFMml4GtHsaXui6']
Digital Farm Animals	Louis Tomlinson	1	['7F9vK8hNFMml4GtHsaXui6']
Kane Brown	Lauren Alaina	1	['7zVCrzzEJU7u24sbJPXA5W']
Alyssa Reid	Likewise	1	['5XJREWO2HkuBLqKlTa0vl5']
Fat Joe	French Montana	1	['7Ezwtgfw7khBrpvaNPtMoT']
Fat Joe	InfaRed	1	['7Ezwtgfw7khBrpvaNPtMoT']
Fat Joe	Remy Ma	1	['7Ezwtgfw7khBrpvaNPtMoT']
French Montana	InfaRed	1	['7Ezwtgfw7khBrpvaNPtMoT']
French Montana	Remy Ma	1	['7Ezwtgfw7khBrpvaNPtMoT']
InfaRed	Remy Ma	1	['7Ezwtgfw7khBrpvaNPtMoT']
Lil Yachty	Quality Control	1	['3wdfLVUhmX64lIyWIIEW8s']
Quality Control	Quavo	1	['3wdfLVUhmX64lIyWIIEW8s']
Big Sean	TWENTY88	1	['7yoe9vbbzakNAXwb1UaWLS']
Emily Warren	FRENSHIP	1	['2XMTqoHHSH0lvuXrvIEdco']
Linkin Park	Pusha T	1	['650OeHTLxZAQmb4aEbGmaA']
Linkin Park	Stormzy	1	['650OeHTLxZAQmb4aEbGmaA']
Pusha T	Stormzy	1	['650OeHTLxZAQmb4aEbGmaA']
SHY Martin	Timeflies	1	['5xYVqJ7ppf4bTbbztvVOYx']
Alessia Cara	Khalid	1	['5tz69p7tJuGPeMGwNTxYuV']
Alessia Cara	Logic	1	['5tz69p7tJuGPeMGwNTxYuV']
Khalid	Logic	1	['5tz69p7tJuGPeMGwNTxYuV']
Ty Dolla $ign	Zara Larsson	1	['54LGxQGf5LPXNGjtzDZ5IE']
Mike Posner	Seeb	1	['17Fd6Yb7mSbinKG8LoWfFl']
Lil Pump	Lil Yachty	1	['32zhF8yXc1lej5EcudJXp7']
Anna of the North	Rex Orange County	1	['5WNYg3usc6H8N3MBEp4zVk']
Anna of the North	Tyler, The Creator	1	['5WNYg3usc6H8N3MBEp4zVk']
DJ Khaled	Nas	1	['56uTIyBsxLQIYgF765A2aM']
Nas	Travis Scott	1	['56uTIyBsxLQIYgF765A2aM']
Clean Bandit	Julia Michaels	1	['2xmrfQpmS2iJExTlklLoAL']
Lil Uzi Vert	Nicki Minaj	1	['6GNifiuBPrKFpwNBYnooFm']
Nicki Minaj	Oh Wonder	1	['6GNifiuBPrKFpwNBYnooFm']
Rick Ross	Wale	1	['1KZ0Xo6Mmeprp1Sw5xCHYz']
Rick Ross	Young Thug	1	['1KZ0Xo6Mmeprp1Sw5xCHYz']
Wale	Young Thug	1	['1KZ0Xo6Mmeprp1Sw5xCHYz']
Anne-Marie	Clean Bandit	1	['5knuzwU65gJK7IF5yJsuaW']
Anne-Marie	Sean Paul	1	['5knuzwU65gJK7IF5yJsuaW']
Clean Bandit	Sean Paul	1	['5knuzwU65gJK7IF5yJsuaW']
Alan Walker	Digital Farm Animals	1	['5yFSF6qQA1rcLsQRnBsZgb']
Alan Walker	Juliander	1	['5yFSF6qQA1rcLsQRnBsZgb']
Alan Walker	Noah Cyrus	1	['5yFSF6qQA1rcLsQRnBsZgb']
Digital Farm Animals	Juliander	1	['5yFSF6qQA1rcLsQRnBsZgb']
Digital Farm Animals	Noah Cyrus	1	['5yFSF6qQA1rcLsQRnBsZgb']
Juliander	Noah Cyrus	1	['5yFSF6qQA1rcLsQRnBsZgb']
Kendrick Lamar	Sia	1	['7xHWNBFm6ObGEQPaUxHuKO']
Alessia Cara	Zedd	1	['0dA2Mk56wEzDgegdC6R17g']
David Guetta	Justin Bieber	1	['3A7qX2QjDlPnazUsRk5y0M']
Future	Post Malone	1	['2YK01AIIWuywG24gsbuizE']
Future	Quavo	1	['2YK01AIIWuywG24gsbuizE']
Ed Sheeran	Eminem	1	['5UEnHoDYpsxlfzWLZIc7LD']
Coleman Hell	SMLE	1	['0PU6tnyfo19DRCM7g5ISl4']
Drake	French Montana	1	['24BSTATmWEmrPOgEM17bfN']
21 Savage	NAV	1	['0RRAHU9Dkui4ZuroPk7XF3']
Halsey	The Chainsmokers	1	['7BKLCZ1jbUBVqRi2FVlTVw']
Chance the Rapper	Knox Fortune	1	['60xaS8mYBKUW4VQQ666N0T']
Conor Maynard	Kris Kross Amsterdam	1	['0fH86zQcE2CmATQju6WpXv']
Conor Maynard	Ty Dolla $ign	1	['0fH86zQcE2CmATQju6WpXv']
Kris Kross Amsterdam	Ty Dolla $ign	1	['0fH86zQcE2CmATQju6WpXv']
21 Savage	Mike WiLL Made-It	1	['3IHZc2GclRu5nJpTqty7MY']
21 Savage	YG	1	['3IHZc2GclRu5nJpTqty7MY']
Migos	Mike WiLL Made-It	1	['3IHZc2GclRu5nJpTqty7MY']
Migos	YG	1	['3IHZc2GclRu5nJpTqty7MY']
Mike WiLL Made-It	YG	1	['3IHZc2GclRu5nJpTqty7MY']
John Williams	Mykola Dmytrovych Leontovych	1	['4tHqQMWSqmL6YjXwsqthDI']
Chris Crone	SJUR	1	['2jfCy43LsFbCQoB6HyetlY']
Kygo	Sasha Sloan	1	['4aSfgWmRa9KsISD4Jmx7QB']
CVBZ	Cheat Codes	1	['5uu28fUesZMl89lf9CLrgN']
CVBZ	Fetty Wap	1	['5uu28fUesZMl89lf9CLrgN']
Cheat Codes	Fetty Wap	1	['5uu28fUesZMl89lf9CLrgN']
2 Chainz	Metro Boomin	1	['42XnD59SFcomCJu55EPhqJ']
Kali Uchis	Tyler, The Creator	1	['7KA4W4McWYRpgf0fWsJZWB']
Ariana Grande	Nicki Minaj	1	['4pLwZjInHj3SimIyN9SnOz']
Bebe Rexha	Florida Georgia Line	1	['7iDa6hUg2VgEL1o1HjmfBn']
Florida Georgia Line	Tim McGraw	1	['498ZVInMGDkmmNVpSWqHiZ']
Chris Brown	Meek Mill	1	['3GgT5Au03iV45iGfTpzdhu']
Chris Brown	Ty Dolla $ign	1	['3GgT5Au03iV45iGfTpzdhu']
Meek Mill	Ty Dolla $ign	1	['3GgT5Au03iV45iGfTpzdhu']
Travis Scott	Young Thug	1	['20dP2DaMHIAmwWAbp7peSr']
21 Savage	A Boogie Wit da Hoodie	1	['2vaMWMPMgsWX4fwJiKmdWm']
Gucci Mane	Slim Jxmmi	1	['17DjWsC0G9YQtAiepG3c5v']
Gucci Mane	Young Dolph	1	['17DjWsC0G9YQtAiepG3c5v']
Slim Jxmmi	Young Dolph	1	['17DjWsC0G9YQtAiepG3c5v']
Future	Tory Lanez	1	['0luqG2fhUz17ncifrWqrut']
Mustard	Quavo	1	['3sdDgcU2XvO8EwkUsIe7VW']
Mustard	YG	1	['3sdDgcU2XvO8EwkUsIe7VW']
Quavo	YG	1	['3sdDgcU2XvO8EwkUsIe7VW']
Calvin Harris	Rihanna	1	['0azC730Exh71aQlOt9Zj3y']
Calvin Harris	Kehlani	1	['0pJPdSVti6cTM1Q6xYGmcf']
Calvin Harris	Lil Yachty	1	['0pJPdSVti6cTM1Q6xYGmcf']
Kehlani	Lil Yachty	1	['0pJPdSVti6cTM1Q6xYGmcf']
Ozuna	Wisin	1	['2cnKEkpVUSV4wnjQiTWfH6']
Pressa	Tory Lanez	1	['0c473vwMZxxXcdhHay62PN']
2 Chainz	Drake	1	['0xl1w2q4VLojeXp4JfazPL']
A$AP Rocky	Maroon 5	1	['4OEOEsOhlzDqQuewiuPJAc']
88GLAM	NAV	1	['3OJq3VFyNrU0INcTwPyjbD']
Trippie Redd	XXXTENTACION	1	['7AQim7LbvFVZJE3O8TYgf2']
David Guetta	Dimitri Vegas	1	['1Sl3njkhhz8nrSPZroDQ82']
David Guetta	Dimitri Vegas & Like Mike	1	['1Sl3njkhhz8nrSPZroDQ82']
David Guetta	Kiiara	1	['1Sl3njkhhz8nrSPZroDQ82']
Dimitri Vegas	Dimitri Vegas & Like Mike	1	['1Sl3njkhhz8nrSPZroDQ82']
Dimitri Vegas	Kiiara	1	['1Sl3njkhhz8nrSPZroDQ82']
Dimitri Vegas & Like Mike	Kiiara	1	['1Sl3njkhhz8nrSPZroDQ82']
Galloway	Jocelyn Alice	1	['41xpFBBttwitDVd7rEDc2p']
Future	YG	1	['1tlBuoIRrtqFs9bE9dmli5']
21 Savage	DJ Khaled	1	['2ClE3QfsNx9p0zjPKxmUYq']
21 Savage	T.I.	1	['2ClE3QfsNx9p0zjPKxmUYq']
DJ Khaled	T.I.	1	['2ClE3QfsNx9p0zjPKxmUYq']
Future	Migos	1	['2ClE3QfsNx9p0zjPKxmUYq']
Future	T.I.	1	['2ClE3QfsNx9p0zjPKxmUYq']
Migos	T.I.	1	['2ClE3QfsNx9p0zjPKxmUYq']
Phoebe Ryan	The Chainsmokers	1	['2rizacJSyD9S1IQUxUxnsK']
NAV	The Weeknd	1	['7zxRMhXxJMQCeDDg0rKAVo']
Calvin Harris	Nicki Minaj	1	['7iDxZ5Cd0Yg08d4fI5WVtG']
Louis Tomlinson	Steve Aoki	1	['3EmmCZoqpWOTY1g2GBwJoR']
Poo Bear	Skrillex	1	['57p8CBvPOxrvyCbn6ttl5r']
Bebe Rexha	Ty Dolla $ign	1	['4ZJPwET9Jrgpkqi4Vo3Yg8']
Travis Scott	Trippie Redd	1	['3YeJXuRSNS5FYwOsDu44kD']
Lil Uzi Vert	The Weeknd	1	['5O8x1YlmLQopQHErxtDfi9']
Diplo	MØ	1	['68m6iwhKElLTBaGRG1LLwE']
Kiiara	Linkin Park	1	['104buTcnP2AsxqB7U1FIZ4']
Justin Bieber	Post Malone	1	['0H8XeaJunhvpBdBFIYi6Sh']
Bright Sparks	Tiësto	1	['4hiUYb2nb6NlfTP9CD38Pe']
Big Lenbo	Black Thought	1	['77mLzdHEWRB60CLlV02TV2']
Big Lenbo	Chuck D	1	['77mLzdHEWRB60CLlV02TV2']
Big Lenbo	Logic	1	['77mLzdHEWRB60CLlV02TV2']
Big Lenbo	No I.D	1	['77mLzdHEWRB60CLlV02TV2']
Black Thought	Chuck D	1	['77mLzdHEWRB60CLlV02TV2']
Black Thought	Logic	1	['77mLzdHEWRB60CLlV02TV2']
Black Thought	No I.D	1	['77mLzdHEWRB60CLlV02TV2']
Chuck D	Logic	1	['77mLzdHEWRB60CLlV02TV2']
Chuck D	No I.D	1	['77mLzdHEWRB60CLlV02TV2']
Logic	No I.D	1	['77mLzdHEWRB60CLlV02TV2']
G-Eazy	Marc E. Bassy	1	['1Bqxj0aH5KewYHKUg1IdrF']
A R I Z O N A	Don Diablo	1	['3AzvNvE3xpgelqmE5MRnbI']
21 Savage	Drake	1	['4ckuS4Nj4FZ7i3Def3Br8W']
Big Sean	Coldplay	1	['6uJwPeBGb3swi85TSr9iIz']
Big Sean	DJ Khaled	1	['7lxZbmtC6SkUc2yXBgDOdO']
Big Sean	Rick Ross	1	['7lxZbmtC6SkUc2yXBgDOdO']
Mimoza	Tyron Hapi	1	['77ngtwBosDuAwiQu8afOOQ']
Dave	Drake	1	['7bPLo5Fv7h15E2fW3g1mVQ']
A$AP Rocky	The Weeknd	1	['7F1LWA9sIlTorHUo4amGqk']
A$AP Rocky	Young Thug	1	['7F1LWA9sIlTorHUo4amGqk']
The Weeknd	Young Thug	1	['7F1LWA9sIlTorHUo4amGqk']
Lauren Jauregui	Steve Aoki	1	['5mAxA6Q1SIym6dPNiFLUyd']
Eminem	P!nk	1	['3OEer2dQj1eWhSqxatGiru']
21 Savage	Rich Brian	1	['6GmjF0MtrK8UHQlIh6tzRt']
Fuse ODG	Major Lazer	1	['0L7loeTIg6akW84aEQZpCT']
Fuse ODG	Nyla	1	['0L7loeTIg6akW84aEQZpCT']
Nause	Pretty Sister	1	['2Ae5awwKvQpTBKQHr1TYCg']
Michael Bublé	Shania Twain	1	['2gbCG4Rt9984UZ7Tc0dIFd']
Daddy Yankee	Justin Bieber	1	['5CtI0qwDJkDQGwXD1H1cLb']
Justin Bieber	Luis Fonsi	1	['5CtI0qwDJkDQGwXD1H1cLb']
Juicy J	Logic	1	['732btJLGu7gYNHHNdzshrG']
Ed Sheeran	Kranium	1	['1KqvRRQd3lfM0pAlkGPrgD']
Ed Sheeran	Major Lazer	1	['1KqvRRQd3lfM0pAlkGPrgD']
Ed Sheeran	Nyla	1	['1KqvRRQd3lfM0pAlkGPrgD']
Kranium	Major Lazer	1	['1KqvRRQd3lfM0pAlkGPrgD']
Kranium	Nyla	1	['1KqvRRQd3lfM0pAlkGPrgD']
Dakota	Jonas Blue	1	['6OZh916QF8XNunWaP97WEZ']
Eminem	Skylar Grey	1	['107CfwBqfICzcKur8k7UCA']
Sia	ZAYN	1	['1j4kHkkpqZRBwE0A4CN4Yv']
Cookin' On 3 Burners	Kungs	1	['0tICYNayWWhH9GPeFrfjfD']
Mike WiLL Made-It	Nicki Minaj	1	['3y9cCbnBn0zjkJa2YkOj70']
DJ Lucci	Sage The Gemini	1	['795qeY9x7NmfYJOZ9dQY0Y']
Clean Bandit	Zara Larsson	1	['1x5sYLZiu9r5E43kMlt9f8']
Imagine Dragons	Lil Wayne	1	['4dASQiO1Eoo3RJvt74FtXB']
Imagine Dragons	Logic	1	['4dASQiO1Eoo3RJvt74FtXB']
Imagine Dragons	Ty Dolla $ign	1	['4dASQiO1Eoo3RJvt74FtXB']
Imagine Dragons	Wiz Khalifa	1	['4dASQiO1Eoo3RJvt74FtXB']
Imagine Dragons	X Ambassadors	1	['4dASQiO1Eoo3RJvt74FtXB']
Lil Wayne	Logic	1	['4dASQiO1Eoo3RJvt74FtXB']
Lil Wayne	Wiz Khalifa	1	['4dASQiO1Eoo3RJvt74FtXB']
Lil Wayne	X Ambassadors	1	['4dASQiO1Eoo3RJvt74FtXB']
Logic	Ty Dolla $ign	1	['4dASQiO1Eoo3RJvt74FtXB']
Logic	Wiz Khalifa	1	['4dASQiO1Eoo3RJvt74FtXB']
Logic	X Ambassadors	1	['4dASQiO1Eoo3RJvt74FtXB']
Ty Dolla $ign	X Ambassadors	1	['4dASQiO1Eoo3RJvt74FtXB']
Wiz Khalifa	X Ambassadors	1	['4dASQiO1Eoo3RJvt74FtXB']
Big Sean	Migos	1	['1r0faljjM2b876iNoaDUh5']
99 Percent	Flo Rida	1	['6t2ubAB4iSYOuIpRAOGd4t']
Huncho Jack	Offset	1	['6urLjX35oXXRYtcH1b3dCh']
Future	Rihanna	1	['2Ce5IyMlVRVvN997ZJjJJA']
Calvin Harris	Jessie Reyez	1	['6KdmNK9MogmGcnO3wNZHhp']
Meek Mill	Sound M.O.B.	1	['5J5PXmMdQ2nh1lZOal8KmK']
Meek Mill	Tory Lanez	1	['5J5PXmMdQ2nh1lZOal8KmK']
Sound M.O.B.	Tory Lanez	1	['5J5PXmMdQ2nh1lZOal8KmK']
Future	Offset	1	['7r6LNJT2LqpLpEyZQJPygt']
Offset	Young Thug	1	['7r6LNJT2LqpLpEyZQJPygt']
Anevo	Kayla Diamond	1	['5mmvdgjLgQPTGOUeqWt4Lw']
Larry Walsh	Mark Linett	1	['5xlS0QkVrSH7ssEbBgBzbM']
Larry Walsh	Sweet	1	['5xlS0QkVrSH7ssEbBgBzbM']
Larry Walsh	The Beach Boys	1	['5xlS0QkVrSH7ssEbBgBzbM']
Mark Linett	Sweet	1	['5xlS0QkVrSH7ssEbBgBzbM']
Mark Linett	The Beach Boys	1	['5xlS0QkVrSH7ssEbBgBzbM']
Sweet	The Beach Boys	1	['5xlS0QkVrSH7ssEbBgBzbM']
Bahari	Grey	1	['1sl5tSzfK1JrcQIcA8rYDy']
Kendrick Lamar	Rihanna	1	['6SwRhMLwNqEi6alNPVG00n']
Mike Perry	SHY Martin	1	['2CPqh63wRVscbceKcPxwvv']
Cheat Codes	David Guetta	1	['1cG0umU5TKStygKsPFZ9pY']
Cheat Codes	Robin Schulz	1	['1cG0umU5TKStygKsPFZ9pY']
David Guetta	Robin Schulz	1	['1cG0umU5TKStygKsPFZ9pY']
DJ Snake	Justin Bieber	1	['4pdPtRcBmOSQDlJ3Fk945m']
KYLE	Lil Yachty	1	['2EEeOnHehOozLq4aS0n6SL']
Joey Bada$$	ScHoolboy Q	1	['31mqc7EKPsJf3pe6H5jEfC']
Keith Ape	Rich Brian	1	['7uuBfgY1vBCalrQRyyQhqs']
Keith Ape	XXXTENTACION	1	['7uuBfgY1vBCalrQRyyQhqs']
Rich Brian	XXXTENTACION	1	['7uuBfgY1vBCalrQRyyQhqs']
Maren Morris	Niall Horan	1	['65wnZsZLKJimfK1cTFOfa1']
Kodak Black	PnB Rock	1	['0BU7nIcCZxYSE0hYcc5oZz']
Future	Kiiara	1	['14EgW52HVqnLHd30bgbPxg']
Kiiara	Ty Dolla $ign	1	['14EgW52HVqnLHd30bgbPxg']
Noah Cyrus	XXXTENTACION	1	['2S2od3hT7ceytw7d1pTRuE']
Big Sean	Eminem	1	['1MksGqIztTT6M9R1ErKVs8']
Kid Cudi	Travis Scott	1	['6WSBZroxQaO3FYEpT2ACFH']
Bebe Rexha	Martin Garrix	1	['04DwTuZ2VBdJCCC5TROn7L']
Lucky Rose	Tep No	1	['2pq9pe4fR25v736ZXa8IRn']
Maluma	Shakira	1	['6mICuAdrwEjh6Y6lroV2Kg']
Fetty Wap	Remy Boyz	1	['5NQbUaeTEOGdD6hHcre0dZ']
Rick Ross	Skrillex	1	['6JyuJFedEvPmdWQW0PkbGJ']
Drake	Kyla	1	['1xznGGDReH1oQq0xzbwXa3']
Kyla	WizKid	1	['1xznGGDReH1oQq0xzbwXa3']
Chance the Rapper	Towkio	1	['3eze1OsZ1rqeXkKStNfTmi']
Justin Bieber	Towkio	1	['3eze1OsZ1rqeXkKStNfTmi']
Kygo	OneRepublic	1	['5gIRPQWULwrvIt0F6pY7ph']
French Montana	Max B	1	['1vVNlXi8gf8tZ7OhnEs4VE']
French Montana	The Weeknd	1	['1vVNlXi8gf8tZ7OhnEs4VE']
Max B	The Weeknd	1	['1vVNlXi8gf8tZ7OhnEs4VE']
Cheat Codes	Demi Lovato	1	['1louJpMmzEicAn7lzDalPW']
N.E.R.D	Rihanna	1	['6tUgfsOa8PLkoede5nOR7D']
Anjulie	Oskar Flood	1	['0Xa7b1Kw7I08dD2k7zZKtV']
Charlie Puth	Selena Gomez	1	['68EMU2RD1ECNeOeJ5qAXCV']
OneRepublic	Seeb	1	['7aF09WaavZAmAWuUeYxlYD']
Ariana Grande	Cashmere Cat	1	['4Q5yMlwAfAoitqg4r9oZHN']
A$AP Mob	KEY!	1	['59e7E2LMPZ2bhW5G6aCwX8']
A$AP Rocky	KEY!	1	['59e7E2LMPZ2bhW5G6aCwX8']
A$AP Twelvyy	KEY!	1	['59e7E2LMPZ2bhW5G6aCwX8']
Kygo	Selena Gomez	1	['3eR23VReFzcdmS7TYCrhCe']
SZA	Travis Scott	1	['0q75NwOoFiARAVp4EXU4Bs']
Kendrick Lamar	MC Eiht	1	['439TlnnznSiBbQbgXiBqAd']
Ellie Goulding	Kygo	1	['2Gl0FzuLxflY6nPifJp5Dr']
