source	target	weight	avg_streams
dance pop	pop	316	9167863.537414966
hip hop	rap	279	6046465.289655172
pop	pop	263	9074409.477272727
hip hop	pop	200	7236191.62601626
pop rap	rap	198	5938757.345794393
hip hop	hip hop	192	4914117.78125
pop	pop rap	191	7306712.964285715
pop	tropical house	191	9263028.289719626
other	other	188	10664975.615384616
pop	rap	175	7754192.638655462
rap	trap	174	6983969.632653061
hip hop	pop rap	170	5191051.222222222
electro	pop	149	9858865.626373626
rap	rap	144	6043084.925925926
hip hop	trap	135	5136791.773333333
dance pop	tropical house	129	9783876.81081081
pop rap	trap	124	6308666.422535211
dance pop	pop rap	113	8048892.319444444
dance pop	hip hop	106	7336436.735294118
dance pop	dance pop	104	9302497.23076923
dance pop	electro	103	10507400.323943663
pop	trap	98	7473092.087719297
electropop	pop	97	6566840.457627119
grime	hip hop	94	6233882.382978722
dance pop	rap	85	8236942.736842105
other	pop	77	9452779.054054054
pop rap	pop rap	75	6481354.711538463
dance	pop	66	11729801.272727273
house	pop	64	9554113.825
pop	r&b	62	9293361.755555557
dance pop	electropop	59	8448001.75
dance pop	other	58	9290879.607142856
electro	tropical house	57	11318442.027027028
trap	trap	56	5449290.0
dance pop	trap	53	8335741.909090909
hip hop	r&b	50	4578354.0
hip hop	tropical house	50	11025614.28125
r&b	rap	46	6280428.527777777
pop rap	tropical house	40	8571584.884615384
electro house	pop	40	12254683.666666664
tropical house	tropical house	39	9840259.484848484
pop rap	r&b	37	9416091.535714284
electropop	tropical house	37	8913270.518518519
dancehall	hip hop	35	7235059.695652174
dance	dance pop	35	14396386.74074074
dance pop	house	33	11154102.25
electro	pop rap	33	8279875.392857143
electro	hip hop	32	7518280.761904762
electro	electropop	31	9577254.961538462
rap	tropical house	30	9059092.318181818
dancehall	pop	30	9861930.0
dance pop	r&b	28	10118093.153846154
grime	rap	28	6939999.444444444
electro	rap	28	7006035.0
latin	pop	27	10035113.785714284
dance	tropical house	26	12165717.363636365
house	tropical house	26	11235788.222222222
pop	urban contemporary	25	5587260.75
pop	soul	24	8697881.38095238
electro	house	24	9161720.133333333
dance pop	dancehall	24	9061665.5
drill	hip hop	24	7824724.0
hip hop	soul	23	2853707.3
grime	grime	23	2316875.9285714286
rap	urban contemporary	23	6106106.705882353
hip hop	house	23	11245672.8
dance pop	electro house	23	13408501.5
dancehall	tropical house	22	10389952.875
rap	soul	21	7673524.368421053
funk	pop	21	12565096.666666664
pop rap	urban contemporary	20	7982116.384615385
hip hop	urban contemporary	20	7268549.153846154
moombahton	pop	19	6292554.666666668
electro	trap	19	8188495.733333332
trap	tropical house	19	8885758.75
electro	electro	19	9706115.05882353
pop	reggaeton	19	12186901.090909092
other	tropical house	18	5875632.2
dance pop	latin	18	5988584.363636362
dancehall	grime	17	4102020.0
hip hop	other	17	5459152.142857143
ninja	pop	16	7087037.0
indie pop	pop	16	7034601.166666668
dancehall	rap	16	9152241.5
dance	electro	15	9221543.615384616
dance	electropop	15	6228972.666666668
country	pop	15	8982544.285714285
hip hop	indie r&b	15	1354271.888888889
electropop	pop rap	15	8185895.25
r&b	trap	15	3674115.25
house	rap	15	9933167.909090908
electro	other	14	5227172.615384615
pop	tropical	14	4274825.571428572
afropop	pop	14	8946094.9
electro house	rap	14	5882047.0
new wave	other	14	1143001.0
pop rap	soul	13	10175617.0
dance pop	urban contemporary	13	4003414.272727273
afropop	hip hop	13	11344402.375
trap	urban contemporary	13	9032060.555555556
electro house	hip hop	13	5834351.181818183
electropop	hip hop	13	9360652.636363637
electro house	tropical house	13	11984096.3
funk	hip hop	12	5092926.714285715
dance pop	funk	12	16433340.3
electro house	pop rap	12	2770332.0
house	pop rap	12	4964413.2727272725
dance	pop rap	12	10423888.363636363
dance pop	soul	12	15605906.2
dance pop	reggaeton	12	7429843.375
electropop	rap	12	10388084.333333334
electropop	electropop	11	11674214.444444446
r&b	tropical house	11	14785716.9
other	pop rap	11	7670664.1
dance pop	moombahton	10	7035111.5
electropop	other	10	9702746.0
country	dance pop	10	13247722.444444446
pop	rock	10	8218474.333333332
indie r&b	rap	10	1584777.7142857143
electro	soul	10	19137683.55555556
soul	tropical house	10	19137683.55555556
electro	electro house	10	8651604.75
grime	pop	10	6867501.1
house	trap	10	10293001.75
dancehall	electro	10	7809914.5
latin	rap	10	12596427.142857146
dance	house	9	7136655.428571427
electropop	r&b	9	11743254.285714285
hip hop	latin	9	5809049.142857143
pop rap	pop rock	9	7419196.333333332
afropop	rap	9	8973579.5
electropop	house	9	12387568.444444446
afropop	tropical house	9	9760503.57142857
other	rap	9	2968499.5555555555
drill	grime	9	6505832.0
latin	pop rap	9	14322387.0
rap	reggaeton	9	14305038.666666664
afropop	dance pop	9	5789519.2
indie pop	tropical house	8	3554489.75
dance pop	tropical	8	2665723.6
pop rock	rap	8	6499938.875
pop	pop rock	8	12450968.625
electro house	electropop	8	12790902.875
indie r&b	pop rap	8	2041997.0
azonto	pop	8	4492184.666666667
electro	r&b	8	17044737.375
hip hop	indie pop	8	6462821.8
house	house	8	14427254.375
pop rap	reggaeton	8	14322387.0
dance pop	ninja	7	8209526.5
country	electropop	7	11733313.285714285
electro	indie pop	7	3273061.571428572
latin	reggaeton	7	13222423.0
pop	techno	7	8495669.57142857
electro house	r&b	7	9994890.714285716
adult standards	pop	7	1345562.0
dancehall	drill	7	11159369.833333334
r&b	r&b	7	12714675.4
electro house	trap	7	8439036.5
electropop	trap	7	10676184.6
dance	hip hop	7	5653119.166666668
grime	tropical house	7	8660666.142857144
latin	trap	7	12252131.8
funk	tropical house	7	15421115.333333336
country	tropical house	6	11126525.0
dance pop	indie pop	6	3613655.666666666
latin	tropical	6	4685374.5
electro	latin	6	9407198.833333334
funk	other	6	1499168.833333333
indie pop	pop rap	6	14424240.2
dubstep	rap	6	8877131.2
dancehall	pop rap	6	6611721.0
indie pop	rap	6	7981901.75
drill	rap	6	8489176.0
grime	house	6	1674054.25
hip hop	reggaeton	6	5650223.5
dance pop	grime	6	7797992.333333332
reggaeton	trap	6	14948342.5
dance	moombahton	5	4021052.0
hip hop	indie	5	1385483.0
azonto	rap	5	5699482.4
azonto	hip hop	5	5207045.0
funk	rap	5	4954245.0
electropop	indie pop	5	13085303.2
latin	latin	5	13222423.0
europop	tropical house	5	17776523.0
latin	tropical house	5	8289997.6
electropop	funk	5	8836082.2
electro	grime	5	1112776.75
dancehall	r&b	5	8799227.2
pop rap	rock	5	4399777.0
indie r&b	r&b	5	1862549.2
indie r&b	pop	5	2833198.666666666
indie r&b	trap	5	2467597.75
county rock	pop	5	12326444.25
county rock	dance pop	5	12326444.25
drill	tropical house	5	21601017.5
drill	pop	5	21601017.5
dubstep	hip hop	5	8877131.2
funk	pop rap	5	18670516.6
afropop	pop rap	5	6123232.4
hip hop	indietronica	5	10533569.0
dubstep	pop	5	25425335.8
house	r&b	5	13124208.4
electro house	house	5	13508047.75
dance	rap	5	6801549.4
grime	r&b	5	9543430.5
soul	trap	5	3088309.0
electro house	soul	5	12300808.5
dance	r&b	5	22735538.2
afropop	electro	5	3119807.5
azonto	dance pop	5	1938561.333333333
dance	ninja	4	3360428.5
grime	indie	4	1120042.0
funk	grime	4	2422819.5
grime	soul	4	1026192.0
dance pop	europop	4	15164369.25
dance	other	4	1337694.0
electropop	techno	4	13612624.5
other	r&b	4	4029440.0
other	soul	4	4011684.75
rock	tropical house	4	5668434.0
dance pop	k-pop	4	2598653.25
adult standards	hip hop	4	1107310.75
hip hop	rock	4	816356.0
indie pop	r&b	4	13994824.0
country pop	pop	4	15609652.333333336
country pop	dance pop	4	15609652.333333336
dancehall	house	4	10242570.5
azonto	pop rap	4	5988154.0
dancehall	funk	4	7118346.25
hip hop	pop rock	4	1312472.25
francoton	pop	4	4872887.5
dance pop	francoton	4	4872887.5
indietronica	rap	4	3070627.0
indie pop rap	rap	4	4956625.0
afropop	grime	4	10985784.5
electro house	other	4	15372533.75
house	other	4	5077902.666666667
dance	dancehall	4	2693018.75
house	soul	4	19048511.666666668
escape room	hip hop	4	532034.0
dance	trap	4	7333299.25
electro	reggaeton	4	12965939.5
electro	urban contemporary	4	5665238.25
tropical house	urban contemporary	4	5665238.25
indie	rap	3	1700774.333333333
azonto	grime	3	3067249.666666666
reggaeton	tropical	3	5758069.666666668
latin	other	3	3335027.666666666
electropop	latin	3	2551137.333333333
other	tropical	3	3335027.666666666
country	electro	3	20824632.0
country	electro house	3	20824632.0
grime	pop rap	3	11109704.333333334
r&b	techno	3	1534358.666666667
dance pop	rock	3	6310920.333333332
pop rock	tropical house	3	5124468.666666667
dance pop	pop rock	3	6310920.333333332
indie r&b	soul	3	1414163.333333333
electro	europop	3	22240768.666666668
jazz	pop	3	584123.6666666665
hip hop	jazz	3	650807.6666666665
afropop	drill	3	18196181.666666668
afropop	house	3	13511553.333333336
dubstep	pop rap	3	2050617.666666667
afropop	funk	3	8653069.666666666
indie pop	trap	3	3058926.5
indie pop rap	pop rap	3	4956625.0
other	trap	3	5237326.0
dance	soul	3	28076028.33333333
indie rock	pop	3	9798294.5
dance pop	indie rock	3	9798294.5
rap	rock	3	2113770.333333333
escape room	rap	3	395143.66666666674
latin	urban contemporary	3	929779.5
reggaeton	tropical house	3	12290184.333333336
moombahton	tropical house	3	8804010.5
moombahton	trap	3	5648287.5
ninja	trap	3	5648287.5
dancehall	dancehall	3	6815773.666666668
dancehall	trap	3	6675465.0
grime	indie r&b	3	547501.5
r&b	urban contemporary	3	5830136.666666668
afropop	electro house	3	2727488.0
dancehall	electro house	3	2727488.0
hip hop	moombahton	3	3507823.0
adult standards	dance pop	3	1738716.0
dance pop	drill	3	23514070.5
r&b	soul	3	7764014.5
azonto	electro	3	1938561.333333333
azonto	tropical house	3	1938561.333333333
grime	other	3	2331230.666666666
francoton	latin	2	1279221.5
francoton	reggaeton	2	1279221.5
dancehall	indie	2	1460258.5
tropical	tropical	2	8297580.5
hip hop	tropical	2	8297580.5
europop	house	2	11080154.5
electro	tropical	2	2289717.5
funk	latin	2	2289717.5
funk	tropical	2	2289717.5
tropical	tropical house	2	2289717.5
dance	latin	2	2289717.5
dance	tropical	2	2289717.5
funk	indie pop	2	2289717.5
dance	indie pop	2	2289717.5
indie pop	latin	2	2289717.5
indie pop	tropical	2	2289717.5
electropop	tropical	2	2289717.5
country	techno	2	23373219.5
other	urban contemporary	2	7531814.5
r&b	rock	2	7531814.5
rock	soul	2	7531814.5
rock	urban contemporary	2	7531814.5
pop rock	r&b	2	7531814.5
pop rock	soul	2	7531814.5
pop rock	urban contemporary	2	7531814.5
electro	k-pop	2	601694.5
electro house	k-pop	2	601694.5
k-pop	tropical house	2	601694.5
house	k-pop	2	601694.5
europop	pop	2	19248584.0
jazz funk	pop	2	396622.5
hip hop	jazz funk	2	396622.5
disco	pop	2	396622.5
disco	hip hop	2	396622.5
country pop	electropop	2	15550750.0
county rock	electropop	2	15550750.0
drill	other	2	19687964.5
drill	house	2	19687964.5
afropop	other	2	19687964.5
dancehall	other	2	19687964.5
azonto	funk	2	9647831.5
europop	pop rap	2	1388855.0
europop	rap	2	1388855.0
europop	hip hop	2	1388855.0
dance pop	techno	2	495684.5
electro	folk	2	932132.0
folk	tropical house	2	932132.0
folk	pop	2	932132.0
dance pop	folk	2	932132.0
new wave	rock	2	8154371.5
latin	r&b	2	341026.0
r&b	reggaeton	2	341026.0
indietronica	pop rap	2	5731351.0
indietronica	trap	2	5731351.0
indie pop rap	trap	2	4956625.0
hip hop	indie pop rap	2	4956625.0
indie pop rap	pop	2	10114070.0
dance pop	dubstep	2	34425597.0
disco house	pop	2	6363769.5
disco house	tropical house	2	9818278.5
disco house	house	2	9692510.0
indie rock	rap	2	2079752.5
k-pop	pop	2	4595612.0
reggaeton	urban contemporary	2	929779.5
adult standards	other	2	3008398.0
lounge	other	2	3008398.0
electro	moombahton	2	15767258.0
deep pop r&b	electro	2	3808598.5
deep pop r&b	tropical house	2	3808598.5
deep pop r&b	pop	2	3808598.5
dance pop	deep pop r&b	2	3808598.5
dance	urban contemporary	2	3817464.5
reggaeton	reggaeton	2	24024832.5
electropop	urban contemporary	2	397554.0
electropop	indie	2	424733.0
electropop	grime	2	5566620.5
rock	rock	2	6031798.5
classic rock	rock	2	6031798.5
electropop	soul	2	19079005.0
pop	synthpop	2	3556890.0
synthpop	tropical house	2	3556890.0
dance pop	synthpop	2	3556890.0
electropop	synthpop	2	3556890.0
electro	pop house	2	17129854.0
pop house	tropical house	2	17129854.0
pop	pop house	2	17129854.0
dance pop	pop house	2	17129854.0
adult standards	adult standards	2	1704770.5
adult standards	easy listening	2	1704770.5
adult standards	lounge	2	1704770.5
easy listening	pop	2	1069886.0
afropop	moombahton	2	3511866.5
dancehall	moombahton	2	3511866.5
electro	funk	2	10850425.0
dance	electro house	2	4801520.5
afropop	dance	2	3911138.5
country	hip hop	2	2245111.0
experimental	rock	2	9145435.0
dubstep	other	2	19167315.0
dubstep	trap	2	19323278.5
indie soul	r&b	2	398297.5
indie soul	rap	2	398297.5
hip hop	indie soul	2	398297.5
rap	rap rock	2	595235.0
afropop	r&b	2	8813548.5
electro	rock	2	3805053.5
moombahton	rap	2	352100.0
ninja	rap	2	352100.0
hip hop	ninja	2	352100.0
azonto	electro house	2	759459.0
drill	drill	2	5846581.0
indie r&b	indie soul	2	473556.0
lounge	pop	2	1369664.0
dance pop	lounge	2	1369664.0
afropop	dancehall	2	9754691.0
escape room	pop	2	2570282.5
francoton	pop rap	2	9455993.0
rap	trance	2	37796648.0
drill	indie pop	2	10645137.0
drill	electropop	2	10645137.0
folk	funk	1	1490289.0
dance	folk	1	1490289.0
folk	new wave	1	13390581.0
celtic	new wave	1	13390581.0
new wave	punk	1	13390581.0
francoton	r&b	1	289782.0
indie pop	indie pop rap	1	15141216.0
dance pop	indie pop rap	1	15141216.0
electropop	indie pop rap	1	15141216.0
dubstep	r&b	1	19940855.0
disco house	grime	1	1270115.0
disco house	electropop	1	12104363.0
disco house	soul	1	19013381.0
disco house	indie soul	1	19013381.0
electro	indie soul	1	19013381.0
indie soul	tropical house	1	19013381.0
house	indie soul	1	19013381.0
dance	indie soul	1	19013381.0
electropop	indie rock	1	3869132.0
electropop	rock	1	3869132.0
electropop	pop rock	1	3869132.0
indie rock	pop rap	1	3869132.0
grime	trap	1	32517671.0
pop rap	trip hop	1	370106.0
afrofuturism	pop rap	1	370106.0
escape room	pop rap	1	370106.0
rap	trip hop	1	370106.0
afrofuturism	rap	1	370106.0
trap	trip hop	1	370106.0
afrofuturism	trap	1	370106.0
escape room	trap	1	370106.0
hip hop	trip hop	1	370106.0
afrofuturism	hip hop	1	370106.0
new wave	tropical house	1	5677727.0
new wave	pop	1	5677727.0
electropop	new wave	1	5677727.0
hip hop	indie rock	1	290373.0
dancehall	latin	1	10667284.0
dancehall	reggaeton	1	10667284.0
moombahton	other	1	10944475.0
electropop	moombahton	1	10944475.0
ninja	other	1	10944475.0
ninja	tropical house	1	10944475.0
electropop	ninja	1	10944475.0
electro house	indie pop	1	7416431.0
indie pop	techno	1	7416431.0
soul	techno	1	7416431.0
house	moombahton	1	24870970.0
electro	ninja	1	24870970.0
house	ninja	1	24870970.0
dance	deep pop r&b	1	3962548.0
indie	soul	1	488104.0
dance pop	indie	1	488104.0
indie	indie r&b	1	488104.0
drill	funk	1	4215716.0
deep pop r&b	electro house	1	3654649.0
punk	rock	1	2918162.0
indie pop	soul	1	386502.0
urban contemporary	urban contemporary	1	13596669.0
folk	house	1	373975.0
other	synthpop	1	3556890.0
dance	pop house	1	17129854.0
dance	dance	1	17129854.0
house	pop house	1	17129854.0
dance pop	indie r&b	1	339594.0
adult standards	swing	1	1180646.0
lounge	swing	1	1180646.0
easy listening	lounge	1	1180646.0
pop	swing	1	1180646.0
funk	r&b	1	64879198.0
funk	soul	1	64879198.0
dubstep	tropical house	1	52164405.0
electro house	funk	1	6663546.0
funk	moombahton	1	6663546.0
county rock	hip hop	1	2476820.0
electropop	reggaeton	1	3073977.0
disco house	other	1	371639.0
k-pop	pop rap	1	303035.0
hip hop	k-pop	1	303035.0
soul	urban contemporary	1	2446789.0
folk rock	rock	1	9145435.0
psychedelic rock	rock	1	9145435.0
mellow gold	rock	1	9145435.0
folk rock	pop	1	9145435.0
experimental	folk rock	1	9145435.0
pop	psychedelic rock	1	9145435.0
experimental	psychedelic rock	1	9145435.0
mellow gold	pop	1	9145435.0
experimental	mellow gold	1	9145435.0
classic rock	pop	1	9145435.0
classic rock	experimental	1	9145435.0
country	other	1	460662.0
country	folk-pop	1	460662.0
americana	other	1	460662.0
americana	folk-pop	1	460662.0
americana	pop	1	460662.0
hip hop	rap rock	1	595235.0
electro house	urban contemporary	1	3672381.0
house	urban contemporary	1	3672381.0
drill	electro	1	36383004.0
moombahton	pop rap	1	352100.0
ninja	pop rap	1	352100.0
country pop	electro	1	15727457.0
county rock	electro	1	15727457.0
country pop	electro house	1	15727457.0
county rock	electro house	1	15727457.0
country pop	tropical house	1	15727457.0
county rock	tropical house	1	15727457.0
country	house	1	15727457.0
country pop	house	1	15727457.0
county rock	house	1	15727457.0
electro	indie rock	1	15727457.0
electro house	indie rock	1	15727457.0
indie rock	tropical house	1	15727457.0
house	indie rock	1	15727457.0
country	indie rock	1	15727457.0
country pop	indie rock	1	15727457.0
county rock	indie rock	1	15727457.0
azonto	house	1	1158731.0
azonto	dance	1	1158731.0
azonto	r&b	1	1158731.0
classical	other	1	1960011.0
indie jazz	indie soul	1	473556.0
indie jazz	indie r&b	1	473556.0
indie jazz	rap	1	473556.0
hip hop	indie jazz	1	473556.0
indie soul	soul	1	473556.0
indie r&b	indie r&b	1	473556.0
indie soul	indie soul	1	473556.0
dance pop	jazz	1	959126.0
dance pop	easy listening	1	959126.0
country	urban contemporary	1	2013402.0
country	pop rock	1	2013402.0
country	europop	1	2013402.0
easy listening	other	1	2228895.0
afropop	trap	1	4296766.0
azonto	trap	1	4296766.0
azonto	dancehall	1	4296766.0
other	reggaeton	1	5425648.0
chillwave	r&b	1	4730662.0
chillwave	pop	1	4730662.0
escape room	r&b	1	4730662.0
indietronica	r&b	1	4730662.0
indietronica	pop	1	4730662.0
adult standards	rap	1	1159178.0
blues	rap	1	1159178.0
lounge	rap	1	1159178.0
rap	swing	1	1159178.0
jazz	rap	1	1159178.0
blues	hip hop	1	1159178.0
hip hop	lounge	1	1159178.0
hip hop	swing	1	1159178.0
azonto	moombahton	1	360187.0
adult standards	country	1	1780202.0
country	lounge	1	1780202.0
funk	house	1	3032766.0
tropical	urban contemporary	1	1467289.0
pop rap	tropical	1	1467289.0
electro	francoton	1	9455993.0
francoton	tropical house	1	9455993.0
francoton	urban contemporary	1	9455993.0
francoton	hip hop	1	9455993.0
escape room	indie pop	1	409903.0
escape room	indie r&b	1	409903.0
escape room	indietronica	1	409903.0
electro house	rock	1	37484721.0
dubstep	rock	1	37484721.0
electro house	pop rock	1	37484721.0
dubstep	pop rock	1	37484721.0
dubstep	electro	1	37796648.0
electro	trance	1	37796648.0
electro house	electro house	1	37796648.0
dubstep	electro house	1	37796648.0
electro house	trance	1	37796648.0
dubstep	electropop	1	37796648.0
electropop	trance	1	37796648.0
dubstep	house	1	37796648.0
house	trance	1	37796648.0
dubstep	soul	1	37796648.0
soul	trance	1	37796648.0
trance	trap	1	37796648.0
hip hop	trance	1	37796648.0
electro	indie	1	309777.0
electro	pop rock	1	309777.0
indie	pop	1	309777.0
indie	tropical house	1	309777.0
other	roots rock	1	324329.0
pop	roots rock	1	324329.0
indie	pop rap	1	2181806.0
grime	indie pop	1	10645137.0
dancehall	indie pop	1	10645137.0
dancehall	electropop	1	10645137.0
