artist_1	artist_2	count	song_ids
Pineapple StormTv	Salve Malak	5	['5e0CF6LhfPARWyiu4eFohr', '1YUWhlQjFv7MQpcbb77zTL', '6HaTYIUKd8SzdvGOfutBRD', '2FGhB10Gon36GgFcOTMQEW', '13Rf6RaZT13TW4xLQR3MQr']
Post Malone	Swae Lee	4	['7dbka99KTWke5o9hRp0JoB', '0RiRZpuVRbi7oqRdSMwhQY', '3KkXRkHbMCARz0aVfEt68P', '4VqTRBvYg0z8C4nsl4Hupy']
MC Kevin o Chris	Sodré	3	['0WhDotK0QXigmsrlw0DxKK', '5dKesZwp6deuhEeW8F1UEi', '5bHx1IT5vfbM067r9p0S0P']
Henrique & Juliano	Hugo & Guilherme	3	['0wshnPflQAjMVaCDIraSWk', '3HdvjjrWBBwsEEcWjs3p1m', '3ufbWtzQSxYyIhllnGgKJt']
Analaga	João Gustavo e Murilo	3	['5pRGXCDY0eT6R1QicAn7Uk', '72xB2J9ZeBl0Rzxq2XmzdY', '5sKnnEybrfzmShFEuvCoBN']
Anitta	Ludmilla	3	['2H8ETIUEoN9YMf56X66bxd', '2caDAj0O4uD8OlJ8bap9nz', '3X4vxzjSiCtmZY2QRumOKW']
Alok	Zeeba	3	['39cmB3ZoTOLwOTq7tMNqKa', '1yzBGun3xDY7WpHOIP9nNp', '4nraNqonMyfc0U3o8VeXVu']
Henrique & Diego	Turma do Pagode	3	['7pSXU2BrcwQt5mbRPKEO4k', '4Rxb7NsUhNRr7aD5necJ3o', '1xg3EbmhAr1cfNOA55pvKH']
Goodboys	MEDUZA	3	['6iW38RGqdDGOofmz2HeXLW', '1DFD5Fotzgn6yYXkYsKiGs', '7CHi4DtfK4heMlQaudCuHK']
Brendon Urie	Taylor Swift	3	['4MsUsFfWseB9M2plGJyuIw', '2Rk4JlNc2TPmZe2af99d45', '4Sib57MmYGJzSvkW84jTwh']
Felipe Original	JS o Mão de Ouro	3	['4lKuzrdZrJuCAedbIslF3A', '5dKesZwp6deuhEeW8F1UEi', '5bHx1IT5vfbM067r9p0S0P']
Luccas Carlos	Vitão	3	['73XFZ3Tp4oRUjyvnn2Cmpx', '4iANxSIDT3kGekiquMSAgT', '4pq5g8DHg6lX7gDqu4OGlg']
César Mc	Pineapple StormTv	3	['5e0CF6LhfPARWyiu4eFohr', '2RoWhAVtQrPU53BERYlmYZ', '5yzYGjKIHJA4DNgDwBB8a7']
Henrique & Juliano	Marília Mendonça	3	['5zweis4XXFug8uxTRnqH1W', '4y17a6dAJ8P1jeZpd2LCrC', '0FwpTN3wN2ljtdiqUSQOIU']
Anitta	Becky G	2	['2eSnW4d3A4SyEVhVPmBffa', '6sAwJPgaSQ9Q4XGnbx1gZb']
Claudia Leitte	Mano Walter	2	['7oe0Ix6qnvqZhK0zDzOPie', '1FIaoiLn0E5ilfE5T0P9xx']
Jorge & Mateus	Maiara & Maraisa	2	['0GSHXM7PZ75f6ZwpekBq83', '5bp0iH4hXKrvwxi64oDGon']
Maiara & Maraisa	Marília Mendonça	2	['6YjyT6MEMsMc41NNWk2dYg', '6yxYagNp6Gapd7jXmWzgVc']
Aloe Blacc	Avicii	2	['6nDKrPlXdpomGBgAlO7UdP', '2x0RZdkZcD8QRI53XT4GI5']
Anitta	Mc Zaac	2	['1OUPXna2MCgAt3VNmXJBtg', '6u0EAxf1OJTLS7CvInuNd7']
Anitta	Tropkillaz	2	['1OUPXna2MCgAt3VNmXJBtg', '6u0EAxf1OJTLS7CvInuNd7']
Mc Zaac	Tropkillaz	2	['1OUPXna2MCgAt3VNmXJBtg', '6u0EAxf1OJTLS7CvInuNd7']
Ducon	Pineapple StormTv	2	['2FGhB10Gon36GgFcOTMQEW', '6HaTYIUKd8SzdvGOfutBRD']
Ducon	Salve Malak	2	['2FGhB10Gon36GgFcOTMQEW', '6HaTYIUKd8SzdvGOfutBRD']
Kayuá	Pineapple StormTv	2	['6HaTYIUKd8SzdvGOfutBRD', '2RoWhAVtQrPU53BERYlmYZ']
Maria	Pineapple StormTv	2	['6HaTYIUKd8SzdvGOfutBRD', '1YUWhlQjFv7MQpcbb77zTL']
Maria	Salve Malak	2	['6HaTYIUKd8SzdvGOfutBRD', '1YUWhlQjFv7MQpcbb77zTL']
Bruno Martini	Vitor Kley	2	['235BOGYon3gz23rKrtNwle', '36UiRg8wGUOFC3E0gdyvFA']
Ed Sheeran	Khalid	2	['4evmHXcjt3bTUHD1cvny97', '70eFcWOvlMObDhURTqT4Fv']
Dilsinho	Sorriso Maroto	2	['2lm3Ric7MeBk8hLfsiVokr', '01wavOnjFBNgdMWBFYIAP4']
Alok	IRO	2	['4nraNqonMyfc0U3o8VeXVu', '11xOwUHV7P1q7UpEQuMIrx']
Avine Vinny	Matheus & Kauan	2	['64ePZsgVWO1zRVpHxY2VYC', '3QkKCTSHnJlUag0GG9F1cN']
Dilsinho	Luan Santana	2	['1ekX8JX7LF3AyxI0nyOzvB', '08qhlblL5nfKeBDTQrzi8E']
Dallass	Orochi	2	['2vHshN6rsDYqoiZlMhfRpo', '6nc3d5wRTTzkZo29kZRr5r']
Ludmilla	Simone & Simaria	2	['5Wmg5LPPJnbMsKA9fthM3l', '0ituhG5DzBFsBdp6ECz030']
Chris Brown	Drake	2	['6XHVuErjQ4XNm6nDPVCxVX', '7FEwp8BavoEVE3AnxJDchc']
Anitta	J Balvin	2	['3Ga6eKrUFf12ouh9Yw3v2D', '1OUPXna2MCgAt3VNmXJBtg']
Alok	Felix Jaehn	2	['6PqUdUGS4h5aGY7YyEGXr8', '4Cy5f4JsH1yoeGks7FnoHw']
Alok	The Vamps	2	['6PqUdUGS4h5aGY7YyEGXr8', '4Cy5f4JsH1yoeGks7FnoHw']
Felix Jaehn	The Vamps	2	['6PqUdUGS4h5aGY7YyEGXr8', '4Cy5f4JsH1yoeGks7FnoHw']
Bradley Cooper	Lady Gaga	2	['2VxeLyX666F8uXCJ0dZF8B', '3DKpA54hrFIdPN6AtL9HXa']
Ozzy Osbourne	Post Malone	2	['4Yq3XUNfWrAPWuB94qkC09', '7CZyCXKG6d5ALeq41sLzbw']
Ozzy Osbourne	Travis Scott	2	['4Yq3XUNfWrAPWuB94qkC09', '7CZyCXKG6d5ALeq41sLzbw']
Post Malone	Travis Scott	2	['4Yq3XUNfWrAPWuB94qkC09', '7CZyCXKG6d5ALeq41sLzbw']
Ludmilla	Vou pro Sereno	2	['3kySOLOrkLeOPvu3HXEgVz', '15DHt4fP4FARWLvWkIxdAx']
MC JottaPê	MC Kevinho	2	['1AfNdxHdE4OLcnQUyC6j3i', '5FFpRbsH9WDYNoLauRAHpj']
MC Kekel	MC Kevinho	2	['1AfNdxHdE4OLcnQUyC6j3i', '51HrDv54pSe1IqynORNXBd']
Gusttavo Lima	Zé Felipe	2	['5MArTXEVyKBwoodjdy04fk', '6PrHpASrdyqydEKc8JFmEX']
Felipe Original	MC Kevin o Chris	2	['5dKesZwp6deuhEeW8F1UEi', '5bHx1IT5vfbM067r9p0S0P']
Felipe Original	Sodré	2	['5dKesZwp6deuhEeW8F1UEi', '5bHx1IT5vfbM067r9p0S0P']
JS o Mão de Ouro	MC Kevin o Chris	2	['5dKesZwp6deuhEeW8F1UEi', '5bHx1IT5vfbM067r9p0S0P']
JS o Mão de Ouro	Sodré	2	['5dKesZwp6deuhEeW8F1UEi', '5bHx1IT5vfbM067r9p0S0P']
Brendon Urie	Panic! At The Disco	2	['4MsUsFfWseB9M2plGJyuIw', '2Rk4JlNc2TPmZe2af99d45']
Panic! At The Disco	Taylor Swift	2	['4MsUsFfWseB9M2plGJyuIw', '2Rk4JlNc2TPmZe2af99d45']
Gustavo Mioto	Mano Walter	2	['39aWBx86ZdvXQ9d0fRAXxH', '3tU3UAasaDA9OixXGC3O33']
Chance the Rapper	Ed Sheeran	2	['543bCW2ruMPmxUBWirQ3MR', '4wuCQX7JvAZLlrcmH4AeZF']
Chance the Rapper	PnB Rock	2	['543bCW2ruMPmxUBWirQ3MR', '4wuCQX7JvAZLlrcmH4AeZF']
Ed Sheeran	PnB Rock	2	['543bCW2ruMPmxUBWirQ3MR', '4wuCQX7JvAZLlrcmH4AeZF']
Maiara & Maraisa	Zé Felipe	2	['4vKxWENeZqTDREw1ij7Oen', '2SKcNPi9XS3BzLkcuamNBc']
Adam K	Vintage Culture	2	['5WxtmHAcrDbghHVGupu18h', '574kOxVgCcy70oq623rvPE']
Bob do Contra	Pineapple StormTv	2	['2RoWhAVtQrPU53BERYlmYZ', '13Rf6RaZT13TW4xLQR3MQr']
Camila Cabello	Shawn Mendes	2	['0TK2YIli7K1leLovkQiNik', '6v3KW9xbzN5yKLt9YKDYA2']
Anitta	Snoop Dogg	2	['2H8ETIUEoN9YMf56X66bxd', '3GRYbb9KX2iGeLMur4FUVs']
Maiara & Maraisa	Zé Neto & Cristiano	2	['3o67Yt3Ua1qlSNV22zWUAn', '1NG3zBjoV0TtKcr5znJ6n3']
Chris MC	Pineapple StormTv	2	['5e0CF6LhfPARWyiu4eFohr', '2FGhB10Gon36GgFcOTMQEW']
Chris MC	Salve Malak	2	['5e0CF6LhfPARWyiu4eFohr', '2FGhB10Gon36GgFcOTMQEW']
Billy Ray Cyrus	Lil Nas X	2	['6u7jPi22kF8CTQ3rb9DHE7', '2YpeDb67231RjR0MgVLzsG']
Fancy Inc	Vintage Culture	2	['4tbC0eXSu3Bd5gnPoY3YXB', '3K16ZsnNjOTY1Esnrx0rQg']
Ed Sheeran	Justin Bieber	2	['3HVWdVOQ0ZA45FuZGSfvns', '0hVXuCcriWRGvwMV1r5Yn9']
DJ Snake	J Balvin	2	['6osaMSJh9NguagEDQcZaKx', '1fBXSMOusjaj7GjzErHmUI']
DJ Snake	Tyga	2	['6osaMSJh9NguagEDQcZaKx', '1fBXSMOusjaj7GjzErHmUI']
J Balvin	Tyga	2	['6osaMSJh9NguagEDQcZaKx', '1fBXSMOusjaj7GjzErHmUI']
Diego & Victor Hugo	Marília Mendonça	2	['7sl95MXCpM8WWsaH1BqvR3', '6NgwHmEgfQVIYQBq8QcWMi']
Alok	Bruno Martini	2	['39cmB3ZoTOLwOTq7tMNqKa', '1yzBGun3xDY7WpHOIP9nNp']
Bruno Martini	Zeeba	2	['39cmB3ZoTOLwOTq7tMNqKa', '1yzBGun3xDY7WpHOIP9nNp']
Pineapple StormTv	Xamã	2	['5e0CF6LhfPARWyiu4eFohr', '13Rf6RaZT13TW4xLQR3MQr']
Salve Malak	Xamã	2	['5e0CF6LhfPARWyiu4eFohr', '13Rf6RaZT13TW4xLQR3MQr']
Ariana Grande	Lana Del Rey	2	['3NkJNL3WqO1Lqc3uNDxvCN', '6zegtH6XXd2PDPLvy1Y0n2']
Ariana Grande	Miley Cyrus	2	['3NkJNL3WqO1Lqc3uNDxvCN', '6zegtH6XXd2PDPLvy1Y0n2']
Lana Del Rey	Miley Cyrus	2	['3NkJNL3WqO1Lqc3uNDxvCN', '6zegtH6XXd2PDPLvy1Y0n2']
Fernando & Sorocaba	Maiara & Maraisa	2	['6UnYL2ZUw8Vg40RRmFrrcI', '7qQV8fo97AFhrL9HPUeAsk']
Gloria Groove	Lexa	1	['28SWsF1IQxfc9bP5yua35K']
Aldair Playboy	MC Kevinho	1	['1n36knZX4bQ6FvcNEISVe9']
Aldair Playboy	Wesley Safadão	1	['1n36knZX4bQ6FvcNEISVe9']
MC Kevinho	Wesley Safadão	1	['1n36knZX4bQ6FvcNEISVe9']
Diego & Victor Hugo	Zé Neto & Cristiano	1	['4gDvg62vG96w0qJaF6wzcd']
Gente De Zona	Gusttavo Lima	1	['6poj56vC9JUu1yHTsv92WA']
Post Malone	Young Thug	1	['6vBdBCoOhKHiYDDOcorfNo']
MC Mirella	POCAH	1	['6zdrUt0j8guhZfcSF6X2Sb']
DJ 2F	MC Du Black	1	['3Uq45ipGutypFPmETfaoaH']
ANAVITÓRIA	Sandy	1	['1KIMRoLleFJCwABBrlAOPI']
DJ RD	MC MM	1	['68uKHxQzoY6gd7YSKJf21J']
Alok	Dynoro	1	['7sYAS4CpbV90oSemgaEQat']
A Banca Records	Azzy	1	['1lTsRXDMWFbsFjQGkbL5TX']
A Banca Records	Black	1	['1lTsRXDMWFbsFjQGkbL5TX']
A Banca Records	Lourena	1	['1lTsRXDMWFbsFjQGkbL5TX']
A Banca Records	Mazin	1	['1lTsRXDMWFbsFjQGkbL5TX']
Azzy	Black	1	['1lTsRXDMWFbsFjQGkbL5TX']
Azzy	Lourena	1	['1lTsRXDMWFbsFjQGkbL5TX']
Azzy	Mazin	1	['1lTsRXDMWFbsFjQGkbL5TX']
Black	Lourena	1	['1lTsRXDMWFbsFjQGkbL5TX']
Black	Mazin	1	['1lTsRXDMWFbsFjQGkbL5TX']
Lourena	Mazin	1	['1lTsRXDMWFbsFjQGkbL5TX']
Dennis DJ	Henrique & Diego	1	['1psCVg04oOY36IqUVyRfhO']
Anitta	Prince Royce	1	['7KicgcwT4Pz6wENOTJCNTp']
Anitta	DJ Yuri Martins	1	['6u0EAxf1OJTLS7CvInuNd7']
Anitta	Maejor	1	['6u0EAxf1OJTLS7CvInuNd7']
DJ Yuri Martins	Maejor	1	['6u0EAxf1OJTLS7CvInuNd7']
DJ Yuri Martins	Mc Zaac	1	['6u0EAxf1OJTLS7CvInuNd7']
DJ Yuri Martins	Tropkillaz	1	['6u0EAxf1OJTLS7CvInuNd7']
Maejor	Mc Zaac	1	['6u0EAxf1OJTLS7CvInuNd7']
Maejor	Tropkillaz	1	['6u0EAxf1OJTLS7CvInuNd7']
Bruno & Marrone	Diego & Victor Hugo	1	['0pqyzGaS6qpdHs3bzjVYzb']
CHVRCHES	Marshmello	1	['5icOoE6VgqFKohjWWNp0Ac']
Marília Mendonça	Simone & Simaria	1	['430umKhe4mL3R8BYQvefB8']
Chris MC	Djonga	1	['6Nf3HNHXUw8YHB8PUBw2wt']
Chris MC	Doug Now	1	['6Nf3HNHXUw8YHB8PUBw2wt']
Djonga	Doug Now	1	['6Nf3HNHXUw8YHB8PUBw2wt']
Marília Mendonça	Matheus & Kauan	1	['6sRLrSetyIwIKhW1eMlUNP']
Jorge & Mateus	Matheus & Kauan	1	['5q0NlM6Pm8Pp3orq7zGiRn']
MC Hariel	Mc Don Juan	1	['3mOTImYvsTNYV72s66e2pc']
Didá Banda Feminina	Leo Santana	1	['0rUL7vUZmCKxB0gS83W3aM']
Didá Banda Feminina	Marília Mendonça	1	['0rUL7vUZmCKxB0gS83W3aM']
Leo Santana	Marília Mendonça	1	['0rUL7vUZmCKxB0gS83W3aM']
BK	Delacruz	1	['6HaTYIUKd8SzdvGOfutBRD']
BK	Diomedes Chinaski	1	['6HaTYIUKd8SzdvGOfutBRD']
BK	Ducon	1	['6HaTYIUKd8SzdvGOfutBRD']
BK	Kayuá	1	['6HaTYIUKd8SzdvGOfutBRD']
BK	Luiz Lins	1	['6HaTYIUKd8SzdvGOfutBRD']
BK	Maria	1	['6HaTYIUKd8SzdvGOfutBRD']
BK	Pineapple StormTv	1	['6HaTYIUKd8SzdvGOfutBRD']
BK	Salve Malak	1	['6HaTYIUKd8SzdvGOfutBRD']
Delacruz	Diomedes Chinaski	1	['6HaTYIUKd8SzdvGOfutBRD']
Delacruz	Ducon	1	['6HaTYIUKd8SzdvGOfutBRD']
Delacruz	Kayuá	1	['6HaTYIUKd8SzdvGOfutBRD']
Delacruz	Luiz Lins	1	['6HaTYIUKd8SzdvGOfutBRD']
Delacruz	Maria	1	['6HaTYIUKd8SzdvGOfutBRD']
Delacruz	Pineapple StormTv	1	['6HaTYIUKd8SzdvGOfutBRD']
Delacruz	Salve Malak	1	['6HaTYIUKd8SzdvGOfutBRD']
Diomedes Chinaski	Ducon	1	['6HaTYIUKd8SzdvGOfutBRD']
Diomedes Chinaski	Kayuá	1	['6HaTYIUKd8SzdvGOfutBRD']
Diomedes Chinaski	Luiz Lins	1	['6HaTYIUKd8SzdvGOfutBRD']
Diomedes Chinaski	Maria	1	['6HaTYIUKd8SzdvGOfutBRD']
Diomedes Chinaski	Pineapple StormTv	1	['6HaTYIUKd8SzdvGOfutBRD']
Diomedes Chinaski	Salve Malak	1	['6HaTYIUKd8SzdvGOfutBRD']
Ducon	Kayuá	1	['6HaTYIUKd8SzdvGOfutBRD']
Ducon	Luiz Lins	1	['6HaTYIUKd8SzdvGOfutBRD']
Ducon	Maria	1	['6HaTYIUKd8SzdvGOfutBRD']
Kayuá	Luiz Lins	1	['6HaTYIUKd8SzdvGOfutBRD']
Kayuá	Maria	1	['6HaTYIUKd8SzdvGOfutBRD']
Kayuá	Salve Malak	1	['6HaTYIUKd8SzdvGOfutBRD']
Luiz Lins	Maria	1	['6HaTYIUKd8SzdvGOfutBRD']
Luiz Lins	Pineapple StormTv	1	['6HaTYIUKd8SzdvGOfutBRD']
Luiz Lins	Salve Malak	1	['6HaTYIUKd8SzdvGOfutBRD']
Alok	Ina Wroldsen	1	['2JVbZEpewmqNlSzmXJTx2E']
ANAVITÓRIA	Rubel	1	['1PQRwFvNM7xV65bIkHmDtx']
Matuê	Predella	1	['7MPQNyAX02uIEQCRsC4sgc']
MC G15	Mc Livinho	1	['31yFXM26dazFnWI2eoOM5R']
Anitta	Swae Lee	1	['5qm2otRZaeZaqdLVVohUjq']
João Neto & Frederico	Leo Santana	1	['1uvU55DdRfLleIxWF8dWxA']
Lexa	Pedro Sampaio	1	['14kRWkCWBYfQqILflEcpSJ']
MC Dede	MC Kevinho	1	['0nlFCC2xIQqUJpuQIVPl7S']
Ludmilla	MC Lan	1	['5JlaPIRxVrZ6ZjJ8IZzSEk']
Ludmilla	Skrillex	1	['5JlaPIRxVrZ6ZjJ8IZzSEk']
Ludmilla	TroyBoi	1	['5JlaPIRxVrZ6ZjJ8IZzSEk']
Ludmilla	Ty Dolla $ign	1	['5JlaPIRxVrZ6ZjJ8IZzSEk']
MC Lan	Skrillex	1	['5JlaPIRxVrZ6ZjJ8IZzSEk']
MC Lan	TroyBoi	1	['5JlaPIRxVrZ6ZjJ8IZzSEk']
MC Lan	Ty Dolla $ign	1	['5JlaPIRxVrZ6ZjJ8IZzSEk']
Skrillex	TroyBoi	1	['5JlaPIRxVrZ6ZjJ8IZzSEk']
Skrillex	Ty Dolla $ign	1	['5JlaPIRxVrZ6ZjJ8IZzSEk']
TroyBoi	Ty Dolla $ign	1	['5JlaPIRxVrZ6ZjJ8IZzSEk']
Becky G	Duckwrth	1	['5C0ivQMxes2lWuOANhvVAm']
Becky G	Keke Palmer	1	['5C0ivQMxes2lWuOANhvVAm']
Becky G	League of Legends	1	['5C0ivQMxes2lWuOANhvVAm']
Becky G	SOYEON of (G)I-DLE	1	['5C0ivQMxes2lWuOANhvVAm']
Becky G	Thutmose	1	['5C0ivQMxes2lWuOANhvVAm']
Becky G	True Damage	1	['5C0ivQMxes2lWuOANhvVAm']
Duckwrth	Keke Palmer	1	['5C0ivQMxes2lWuOANhvVAm']
Duckwrth	League of Legends	1	['5C0ivQMxes2lWuOANhvVAm']
Duckwrth	SOYEON of (G)I-DLE	1	['5C0ivQMxes2lWuOANhvVAm']
Duckwrth	Thutmose	1	['5C0ivQMxes2lWuOANhvVAm']
Duckwrth	True Damage	1	['5C0ivQMxes2lWuOANhvVAm']
Keke Palmer	League of Legends	1	['5C0ivQMxes2lWuOANhvVAm']
Keke Palmer	SOYEON of (G)I-DLE	1	['5C0ivQMxes2lWuOANhvVAm']
Keke Palmer	Thutmose	1	['5C0ivQMxes2lWuOANhvVAm']
Keke Palmer	True Damage	1	['5C0ivQMxes2lWuOANhvVAm']
League of Legends	SOYEON of (G)I-DLE	1	['5C0ivQMxes2lWuOANhvVAm']
League of Legends	Thutmose	1	['5C0ivQMxes2lWuOANhvVAm']
League of Legends	True Damage	1	['5C0ivQMxes2lWuOANhvVAm']
SOYEON of (G)I-DLE	Thutmose	1	['5C0ivQMxes2lWuOANhvVAm']
SOYEON of (G)I-DLE	True Damage	1	['5C0ivQMxes2lWuOANhvVAm']
Thutmose	True Damage	1	['5C0ivQMxes2lWuOANhvVAm']
Wesley Safadão	Zé Neto & Cristiano	1	['6hqQPoB1yYKcLfByfxO8he']
Anitta	Gustavo Mioto	1	['4JPSfCXQe6kDliMIJTqISW']
Anitta	Ozuna	1	['5uVgsAzjO6eJR06VPrqUga']
IRO	Zeeba	1	['4nraNqonMyfc0U3o8VeXVu']
Fernando & Sorocaba	Maycon e Vinicius	1	['7sjoxUWNUlpPuMcr31nv1y']
Dj Guuga	MC WM	1	['75G8U8YHMcHirBsO0we3zR']
MC Hariel	Oriente	1	['0R4dwzW253KTxchGryT1H6']
Ferrugem	Marcos & Belutti	1	['2dEkETSUpO8oZoCOcKT1yN']
Jerry Smith	Wesley Safadão	1	['2mJOngYlqgfdLMBSxPcJL3']
Dennis DJ	Lexa	1	['7yfVmOVRrstIgkNPz45tAJ']
Felipe Araújo	Ludmilla	1	['5Yzb3sVRYO4kqHhy0iVs1K']
Anuel AA	Daddy Yankee	1	['2ksOAxtIxY8yElEWw8RhgK']
Anuel AA	J Balvin	1	['2ksOAxtIxY8yElEWw8RhgK']
Anuel AA	KAROL G	1	['2ksOAxtIxY8yElEWw8RhgK']
Anuel AA	Ozuna	1	['2ksOAxtIxY8yElEWw8RhgK']
Daddy Yankee	J Balvin	1	['2ksOAxtIxY8yElEWw8RhgK']
Daddy Yankee	KAROL G	1	['2ksOAxtIxY8yElEWw8RhgK']
Daddy Yankee	Ozuna	1	['2ksOAxtIxY8yElEWw8RhgK']
J Balvin	KAROL G	1	['2ksOAxtIxY8yElEWw8RhgK']
J Balvin	Ozuna	1	['2ksOAxtIxY8yElEWw8RhgK']
KAROL G	Ozuna	1	['2ksOAxtIxY8yElEWw8RhgK']
Eduardo Costa	Thiago Carvalho	1	['7fMQSofTl0qS9wEPHhRf4o']
Bad Bunny	Drake	1	['116H0KvKr2Zl4RPuVBruDO']
Luka da Z.O	Maneiro Na Voz	1	['1L4FkMHbsJWmNmXLFtgHmW']
Lucas Lucco	Wesley Safadão	1	['3mNmUjoDHYDYj08IaRPtg0']
Dj Gabriel do Borel	Mc Poze do Rodo	1	['7HLU2aJTAQfSIgJ2dMASsP']
J Balvin	Mc Zaac	1	['1OUPXna2MCgAt3VNmXJBtg']
J Balvin	Tropkillaz	1	['1OUPXna2MCgAt3VNmXJBtg']
Mc Davi	Mc Kevin	1	['4cnNrOojGyU6J3OXqVTPIg']
BTS	Lil Nas X	1	['6woeVu3fVMflqen1t4N6pg']
BTS	RM	1	['6woeVu3fVMflqen1t4N6pg']
Lil Nas X	RM	1	['6woeVu3fVMflqen1t4N6pg']
Gesaffelstein	The Weeknd	1	['7wFybC8jBH3zE139OpCtpG']
Camila Cabello	DaBaby	1	['3yOlyBJuViE2YSGn3nVE1K']
Mc Bola	Mc Magal	1	['1YAtg8jo5fR3Q01eO2jPTl']
Dynoro	Gigi D'Agostino	1	['0E9ZjEAyAwOXZ7wJC0PD33']
Alok	Goodboys	1	['6iW38RGqdDGOofmz2HeXLW']
Alok	MEDUZA	1	['6iW38RGqdDGOofmz2HeXLW']
5 Seconds of Summer	The Chainsmokers	1	['11cDEev79fPKi6uJCjUhu8']
Billie Eilish	Justin Bieber	1	['3yNZ5r3LKfdmjoS3gkhUCT']
Daniel	Zé Neto & Cristiano	1	['68uZ11MmfONrfjEN6hODBL']
Calvin Harris	Rag'n'Bone Man	1	['5itOtNx0WxtJmi1TQ3RuRd']
Felipe Original	Pedro Sampaio	1	['4lKuzrdZrJuCAedbIslF3A']
JS o Mão de Ouro	Pedro Sampaio	1	['4lKuzrdZrJuCAedbIslF3A']
J Balvin	Selena Gomez	1	['1WSGTYKLEpKfNQYYW5Oymt']
J Balvin	Tainy	1	['1WSGTYKLEpKfNQYYW5Oymt']
J Balvin	benny blanco	1	['1WSGTYKLEpKfNQYYW5Oymt']
Selena Gomez	Tainy	1	['1WSGTYKLEpKfNQYYW5Oymt']
Selena Gomez	benny blanco	1	['1WSGTYKLEpKfNQYYW5Oymt']
Tainy	benny blanco	1	['1WSGTYKLEpKfNQYYW5Oymt']
MC Bruninho	MC G15	1	['0IQhbmEHBKRkITY5ygyLWB']
Gusttavo Lima	Thiago Brava	1	['3bdjxhq0PqcxNwswCOX6w1']
FBC	Sidoka	1	['5G3NKZf1Gqs7dQnY4Miliy']
Anitta	Chris Marshall	1	['2YHR2QhK6nWta7rbY1on6i']
Cardi B	Maroon 5	1	['7fa9MBXhVfQ8P8Df9OEbD8']
Post Malone	Quavo	1	['3a1lNhkSLSkpJE4MSHpDu9']
FP do Trem Bala	MC Kevin o Chris	1	['7FiIQXpIeLo3ITfGGpb8PB']
Humberto & Ronaldo	Jerry Smith	1	['0PaAB17axL9hn88mHiw8g0']
DJ Dollynho Da Lapa	OIK	1	['450ngaSmjQMdJFVzCADNQB']
Lourena	Orgânico	1	['3Vc8vnid3noqupe9PvUKxP']
Lourena	Rap Box	1	['3Vc8vnid3noqupe9PvUKxP']
Lourena	Sant	1	['3Vc8vnid3noqupe9PvUKxP']
Orgânico	Rap Box	1	['3Vc8vnid3noqupe9PvUKxP']
Orgânico	Sant	1	['3Vc8vnid3noqupe9PvUKxP']
Rap Box	Sant	1	['3Vc8vnid3noqupe9PvUKxP']
Gustavo Mioto	Jorge & Mateus	1	['7JdZZfozlODQ08ATf8xIZ6']
Leo Santana	Thascya	1	['2fbFvdmjDf95itlxFipgb5']
Jefferson Moraes	Maraisa	1	['5M78WUOq5AjcDfLoj9yi6a']
Jerry Smith	MC WM	1	['23GNCotvXa7WPvgYuruJjE']
Jerry Smith	POCAH	1	['23GNCotvXa7WPvgYuruJjE']
MC WM	POCAH	1	['23GNCotvXa7WPvgYuruJjE']
MC JottaPê	MC Kekel	1	['1AfNdxHdE4OLcnQUyC6j3i']
Matuê	Xamã	1	['5kuUOpHZlZjL8b7HXkxRsm']
Marília Mendonça	Murilo Huff	1	['72N0CRIAqjETbhghrkCUW2']
Dennis DJ	MC Kevinho	1	['5yH8pYxNckOU1cxfPsMIaz']
Anitta	Rita Ora	1	['6JqpFboOH2bq9pzaYbkKBn']
Anitta	Sofia Reyes	1	['6JqpFboOH2bq9pzaYbkKBn']
Rita Ora	Sofia Reyes	1	['6JqpFboOH2bq9pzaYbkKBn']
Anitta	Melim	1	['0R17DVcbWdNkZRv09VWCIB']
Choice	Lord	1	['1YUWhlQjFv7MQpcbb77zTL']
Choice	Maria	1	['1YUWhlQjFv7MQpcbb77zTL']
Choice	Pineapple StormTv	1	['1YUWhlQjFv7MQpcbb77zTL']
Choice	Salve Malak	1	['1YUWhlQjFv7MQpcbb77zTL']
Choice	Sant	1	['1YUWhlQjFv7MQpcbb77zTL']
Choice	Tiago Mac	1	['1YUWhlQjFv7MQpcbb77zTL']
Lord	Maria	1	['1YUWhlQjFv7MQpcbb77zTL']
Lord	Pineapple StormTv	1	['1YUWhlQjFv7MQpcbb77zTL']
Lord	Salve Malak	1	['1YUWhlQjFv7MQpcbb77zTL']
Lord	Sant	1	['1YUWhlQjFv7MQpcbb77zTL']
Lord	Tiago Mac	1	['1YUWhlQjFv7MQpcbb77zTL']
Maria	Sant	1	['1YUWhlQjFv7MQpcbb77zTL']
Maria	Tiago Mac	1	['1YUWhlQjFv7MQpcbb77zTL']
Pineapple StormTv	Sant	1	['1YUWhlQjFv7MQpcbb77zTL']
Pineapple StormTv	Tiago Mac	1	['1YUWhlQjFv7MQpcbb77zTL']
Salve Malak	Sant	1	['1YUWhlQjFv7MQpcbb77zTL']
Salve Malak	Tiago Mac	1	['1YUWhlQjFv7MQpcbb77zTL']
Sant	Tiago Mac	1	['1YUWhlQjFv7MQpcbb77zTL']
Gabriel Diniz	Wesley Safadão	1	['5hJJOWPZtBq15zVfWWM8lZ']
Diego & Victor Hugo	Henrique & Juliano	1	['5Vw6ZLNB6Ko7VZM6vmNIbr']
Dadá Boladão	MC JottaPê	1	['5FFpRbsH9WDYNoLauRAHpj']
Dadá Boladão	MC Kevinho	1	['5FFpRbsH9WDYNoLauRAHpj']
Projota	Vitão	1	['6l1PdE7lQbodewVQh16GCM']
Luíza & Maurílio	Zé Neto & Cristiano	1	['3J5Pu25BODMex4Jpy4l6FL']
BTS	Halsey	1	['5KawlOMHjWeUjQtnuRs22c']
Jão	Lagum	1	['6VgqKm7c4chTnDmyInAxPS']
Anitta	Wesley Safadão	1	['0RBOFW5424gCCCZrgECbt6']
ANAVITÓRIA	Matheus & Kauan	1	['1qDZnViQgUItsMpWLVwfGb']
Clau	CortesiaDaCasa	1	['2odzriVVZBwYOiYJEj30tm']
Clau	Haikaiss	1	['2odzriVVZBwYOiYJEj30tm']
CortesiaDaCasa	Haikaiss	1	['2odzriVVZBwYOiYJEj30tm']
MC Kekel	MC Rita	1	['76KDy62J99FKu6ZsxMJy3j']
DJ Victor Falcão	MC Menininho	1	['4aC48Yffpsw01b7sBJxase']
DJ Victor Falcão	Mc Th	1	['4aC48Yffpsw01b7sBJxase']
MC Menininho	Mc Th	1	['4aC48Yffpsw01b7sBJxase']
Anitta	Madonna	1	['2SC14LGDbRWRlyLg9Wupa0']
Anitta	Major Lazer	1	['0QopfywHKJZH8bnt8Cj9qr']
Mc Davi	Mc Pedrinho	1	['1R1HmdunvOnEK4bibKp7q5']
ANAVITÓRIA	Nando Reis	1	['7iNcOVH9n4EEY2rwWAQOsA']
Dennis DJ	Mc Livinho	1	['3YelJnhTqmTU1d1x8rLt4I']
Djonga	Mc Kaio	1	['78qClcxizF1otoEWRi2OBb']
Wesley Safadão	Yasmin Santos	1	['4pnlRYoaaGu24SuC3et5Pv']
Pabllo Vittar	Psirico	1	['6X0XdIcgwfVa9orJnDMQB0']
Adam K	MKLA	1	['5WxtmHAcrDbghHVGupu18h']
MKLA	Vintage Culture	1	['5WxtmHAcrDbghHVGupu18h']
David Bowie	Queen	1	['2fuCquhmrzHpu5xcA1ci9x']
Jonas Esticado	Matheus & Kauan	1	['7sRBlhkgNQq1OOFoiXxdAP']
Anitta	Jetlag Music	1	['0AKNWA4m7jhh4SdZxKMC0R']
BTS	Charli XCX	1	['4c1WgUnHXq2LEncGHKgj1I']
Mc Davi	Vitão	1	['0wryAFpQqHTvhteQx7ZNp2']
Hash Produções	Jovem Dex	1	['2pkiYFWrja3oTlTwDaTypd']
Hash Produções	Neves	1	['2pkiYFWrja3oTlTwDaTypd']
Jovem Dex	Neves	1	['2pkiYFWrja3oTlTwDaTypd']
DJ Henrique da VK	MC Ingryd	1	['63SHcJzckFykS8faA5zojY']
MC Kevinho	Simone & Simaria	1	['6etab3UBCo5GOTMZqUvRka']
Ciara	IZA	1	['1HBrxfreCZDstJMYVzgRPM']
Ciara	Major Lazer	1	['1HBrxfreCZDstJMYVzgRPM']
IZA	Major Lazer	1	['1HBrxfreCZDstJMYVzgRPM']
Bob do Contra	Cynthia Luz	1	['2RoWhAVtQrPU53BERYlmYZ']
Bob do Contra	César Mc	1	['2RoWhAVtQrPU53BERYlmYZ']
Bob do Contra	Elana Dara	1	['2RoWhAVtQrPU53BERYlmYZ']
Bob do Contra	Froid	1	['2RoWhAVtQrPU53BERYlmYZ']
Bob do Contra	Kayuá	1	['2RoWhAVtQrPU53BERYlmYZ']
Bob do Contra	MV Bill	1	['2RoWhAVtQrPU53BERYlmYZ']
Bob do Contra	Projota	1	['2RoWhAVtQrPU53BERYlmYZ']
Cynthia Luz	César Mc	1	['2RoWhAVtQrPU53BERYlmYZ']
Cynthia Luz	Elana Dara	1	['2RoWhAVtQrPU53BERYlmYZ']
Cynthia Luz	Froid	1	['2RoWhAVtQrPU53BERYlmYZ']
Cynthia Luz	Kayuá	1	['2RoWhAVtQrPU53BERYlmYZ']
Cynthia Luz	MV Bill	1	['2RoWhAVtQrPU53BERYlmYZ']
Cynthia Luz	Pineapple StormTv	1	['2RoWhAVtQrPU53BERYlmYZ']
Cynthia Luz	Projota	1	['2RoWhAVtQrPU53BERYlmYZ']
César Mc	Elana Dara	1	['2RoWhAVtQrPU53BERYlmYZ']
César Mc	Froid	1	['2RoWhAVtQrPU53BERYlmYZ']
César Mc	Kayuá	1	['2RoWhAVtQrPU53BERYlmYZ']
César Mc	MV Bill	1	['2RoWhAVtQrPU53BERYlmYZ']
César Mc	Projota	1	['2RoWhAVtQrPU53BERYlmYZ']
Elana Dara	Froid	1	['2RoWhAVtQrPU53BERYlmYZ']
Elana Dara	Kayuá	1	['2RoWhAVtQrPU53BERYlmYZ']
Elana Dara	MV Bill	1	['2RoWhAVtQrPU53BERYlmYZ']
Elana Dara	Pineapple StormTv	1	['2RoWhAVtQrPU53BERYlmYZ']
Elana Dara	Projota	1	['2RoWhAVtQrPU53BERYlmYZ']
Froid	Kayuá	1	['2RoWhAVtQrPU53BERYlmYZ']
Froid	MV Bill	1	['2RoWhAVtQrPU53BERYlmYZ']
Froid	Pineapple StormTv	1	['2RoWhAVtQrPU53BERYlmYZ']
Froid	Projota	1	['2RoWhAVtQrPU53BERYlmYZ']
Kayuá	MV Bill	1	['2RoWhAVtQrPU53BERYlmYZ']
Kayuá	Projota	1	['2RoWhAVtQrPU53BERYlmYZ']
MV Bill	Pineapple StormTv	1	['2RoWhAVtQrPU53BERYlmYZ']
MV Bill	Projota	1	['2RoWhAVtQrPU53BERYlmYZ']
Pineapple StormTv	Projota	1	['2RoWhAVtQrPU53BERYlmYZ']
Cynthia Luz	Delacruz	1	['5lYKob6hewwt3dcy5kWMfF']
Cynthia Luz	Oriente	1	['5lYKob6hewwt3dcy5kWMfF']
Delacruz	Oriente	1	['5lYKob6hewwt3dcy5kWMfF']
Ariana Grande	Social House	1	['0Ryd8975WihbObpp5cPW1t']
Anitta	Lexa	1	['2bPtwnrpFNEe8N7Q85kLHw']
Anitta	Luísa Sonza	1	['2bPtwnrpFNEe8N7Q85kLHw']
Anitta	Mc Rebecca	1	['2bPtwnrpFNEe8N7Q85kLHw']
Lexa	Luísa Sonza	1	['2bPtwnrpFNEe8N7Q85kLHw']
Lexa	Mc Rebecca	1	['2bPtwnrpFNEe8N7Q85kLHw']
Luísa Sonza	Mc Rebecca	1	['2bPtwnrpFNEe8N7Q85kLHw']
Becky Hill	Goodboys	1	['7CHi4DtfK4heMlQaudCuHK']
Becky Hill	MEDUZA	1	['7CHi4DtfK4heMlQaudCuHK']
Luan Santana	Paula Fernandes	1	['2PIWldP9oUhb9iqe3EJh1e']
Dennis DJ	MC Kevin o Chris	1	['7rLegaz7zKB6EtDNzcslKE']
MC Levin	Mc Gw	1	['3rswBEKYvgG2lEn6JCrHmk']
MC Levin	Mc Kitinho	1	['3rswBEKYvgG2lEn6JCrHmk']
Mc Gw	Mc Kitinho	1	['3rswBEKYvgG2lEn6JCrHmk']
Anitta	Papatinho	1	['2H8ETIUEoN9YMf56X66bxd']
Ludmilla	Papatinho	1	['2H8ETIUEoN9YMf56X66bxd']
Ludmilla	Snoop Dogg	1	['2H8ETIUEoN9YMf56X66bxd']
Papatinho	Snoop Dogg	1	['2H8ETIUEoN9YMf56X66bxd']
Anitta	MC Cabelinho	1	['0NRP5OIrTcgGvttJlSLO0n']
Luan Santana	MC Kekel	1	['7KdcbYcVF8LkQeQcTYOixJ']
Djonga	Filipe Ret	1	['5gInTGvfEUi29l5mqLgd1m']
Luísa Sonza	Pabllo Vittar	1	['1HEr5uCRyuuLlVCOB1RiTE']
Gusttavo Lima	Matheus & Kauan	1	['5cN5ZOVcYBl4Lnq50Zeqsx']
Diego & Victor Hugo	Raí Saia Rodada	1	['36P6ptTyxOggYgR2aoZiAl']
Chris MC	Dk 47	1	['2FGhB10Gon36GgFcOTMQEW']
Chris MC	Ducon	1	['2FGhB10Gon36GgFcOTMQEW']
Chris MC	MC Hariel	1	['2FGhB10Gon36GgFcOTMQEW']
Chris MC	MC Kevin o Chris	1	['2FGhB10Gon36GgFcOTMQEW']
Chris MC	Matuê	1	['2FGhB10Gon36GgFcOTMQEW']
Chris MC	Negra Li	1	['2FGhB10Gon36GgFcOTMQEW']
Chris MC	Vitão	1	['2FGhB10Gon36GgFcOTMQEW']
Dk 47	Ducon	1	['2FGhB10Gon36GgFcOTMQEW']
Dk 47	MC Hariel	1	['2FGhB10Gon36GgFcOTMQEW']
Dk 47	MC Kevin o Chris	1	['2FGhB10Gon36GgFcOTMQEW']
Dk 47	Matuê	1	['2FGhB10Gon36GgFcOTMQEW']
Dk 47	Negra Li	1	['2FGhB10Gon36GgFcOTMQEW']
Dk 47	Pineapple StormTv	1	['2FGhB10Gon36GgFcOTMQEW']
Dk 47	Salve Malak	1	['2FGhB10Gon36GgFcOTMQEW']
Dk 47	Vitão	1	['2FGhB10Gon36GgFcOTMQEW']
Ducon	MC Hariel	1	['2FGhB10Gon36GgFcOTMQEW']
Ducon	MC Kevin o Chris	1	['2FGhB10Gon36GgFcOTMQEW']
Ducon	Matuê	1	['2FGhB10Gon36GgFcOTMQEW']
Ducon	Negra Li	1	['2FGhB10Gon36GgFcOTMQEW']
Ducon	Vitão	1	['2FGhB10Gon36GgFcOTMQEW']
MC Hariel	MC Kevin o Chris	1	['2FGhB10Gon36GgFcOTMQEW']
MC Hariel	Matuê	1	['2FGhB10Gon36GgFcOTMQEW']
MC Hariel	Negra Li	1	['2FGhB10Gon36GgFcOTMQEW']
MC Hariel	Pineapple StormTv	1	['2FGhB10Gon36GgFcOTMQEW']
MC Hariel	Salve Malak	1	['2FGhB10Gon36GgFcOTMQEW']
MC Hariel	Vitão	1	['2FGhB10Gon36GgFcOTMQEW']
MC Kevin o Chris	Matuê	1	['2FGhB10Gon36GgFcOTMQEW']
MC Kevin o Chris	Negra Li	1	['2FGhB10Gon36GgFcOTMQEW']
MC Kevin o Chris	Pineapple StormTv	1	['2FGhB10Gon36GgFcOTMQEW']
MC Kevin o Chris	Salve Malak	1	['2FGhB10Gon36GgFcOTMQEW']
MC Kevin o Chris	Vitão	1	['2FGhB10Gon36GgFcOTMQEW']
Matuê	Negra Li	1	['2FGhB10Gon36GgFcOTMQEW']
Matuê	Pineapple StormTv	1	['2FGhB10Gon36GgFcOTMQEW']
Matuê	Salve Malak	1	['2FGhB10Gon36GgFcOTMQEW']
Matuê	Vitão	1	['2FGhB10Gon36GgFcOTMQEW']
Negra Li	Pineapple StormTv	1	['2FGhB10Gon36GgFcOTMQEW']
Negra Li	Salve Malak	1	['2FGhB10Gon36GgFcOTMQEW']
Negra Li	Vitão	1	['2FGhB10Gon36GgFcOTMQEW']
Pineapple StormTv	Vitão	1	['2FGhB10Gon36GgFcOTMQEW']
Salve Malak	Vitão	1	['2FGhB10Gon36GgFcOTMQEW']
Camila Cabello	Mark Ronson	1	['1HpzOCZbNWzxvvXfSGtSrX']
Dan + Shay	Justin Bieber	1	['2wrJq5XKLnmhRXHIAf9xBa']
Calvin Harris	Jessie Reyez	1	['5N5k9nd479b1xpDZ4usjrg']
Calvin Harris	Sam Smith	1	['5N5k9nd479b1xpDZ4usjrg']
Jessie Reyez	Sam Smith	1	['5N5k9nd479b1xpDZ4usjrg']
Ferrugem	MC Kevin o Chris	1	['2UxeBJPanPvF3Q2xH6zkbC']
Anitta	Marília Mendonça	1	['2qD7VoDYcrAPY0cVEfpsR5']
Dany Bala	Ruanzinho	1	['6VcaTmR9UhOuZD7aNNilOV']
Ana Cañas	Nando Reis	1	['1EQ8sBQ7Abv9DvNBzhXAcv']
Jerry Smith	Márcia Fellipe	1	['2lAyctg5FocS67eksHoyIg']
Luccas Carlos	Rashid	1	['23DMhYv6WjRmIRck1Uwjev']
Drake	MC Kevin o Chris	1	['7qLnSuxwLNlcapat8OCWZp']
Dilsinho	Fernando & Sorocaba	1	['5SKJqKLR4Eaq04fiHxbABd']
Bruno Mars	Cardi B	1	['0PG9fbaaHFHfre2gUVo7AN']
DaBaby	Post Malone	1	['6UFEJuDXQMWhL5UH5f9fUR']
Matuê	WIU	1	['17rF54WvGGqPVxDheq8PP8']
Cleber & Cauan	Jorge	1	['3umEJoDv6XsoBKlmi7eGRg']
Jão	Ludmilla	1	['4Y9DWmJ0Pbz5QWODRG1YKr']
Bruno Martini	Dennis DJ	1	['5sjvZiR2SjOGJimYmHXfzd']
Bruno Martini	Vitin	1	['5sjvZiR2SjOGJimYmHXfzd']
Dennis DJ	Vitin	1	['5sjvZiR2SjOGJimYmHXfzd']
Costa Gold	Haikaiss	1	['4CPhkF6SboNZoZfjgaEYME']
Camila Cabello	Cardi B	1	['4vUmTMuQqjdnvlZmAH61Qk']
Camila Cabello	Ed Sheeran	1	['4vUmTMuQqjdnvlZmAH61Qk']
Cardi B	Ed Sheeran	1	['4vUmTMuQqjdnvlZmAH61Qk']
Alok	Luan Santana	1	['66toMgjEVAujGwyc1PEDvx']
Belo	Pk	1	['4YbZBChhX5SkLhNJcvvhuD']
Gusttavo Lima	MC Kevinho	1	['7CBImG41isOs2r7lQU7CCy']
Ana Gabriela	Lagum	1	['3fLqmaO4vvZpFZSZy52VMp']
Gaab	Marília Mendonça	1	['1qy7aOHnfnOMJoT1fhoLYG']
Luísa Sonza	Vitão	1	['0HocIafyaS4C7rDGTJXYnj']
Jorge & Mateus	Luan Santana	1	['2PMLdLt5QeOuOgxfAvx1in']
Ariana Grande	Victoria Monét	1	['6tsOcBnaKgzK22yEiqRh8P']
Charli XCX	Pabllo Vittar	1	['5GsJcnO3rgpZFOrzL2EISO']
Alok	Mathieu Koss	1	['3lInRGfft6CCsJJPZX3AXq']
ANAVITÓRIA	Tiago Iorc	1	['2vRBYKWOyHtFMtiK60qRz7']
Anitta	Vitão	1	['52vPpP2gEYaBROIS77J38P']
Liu	Samantha Machado	1	['709F4UQ2uKplKvcD88xffa']
1Kilo	Baviera	1	['2srL4DYBekshpbprS6H0mO']
1Kilo	Knust	1	['2srL4DYBekshpbprS6H0mO']
Baviera	Knust	1	['2srL4DYBekshpbprS6H0mO']
Derek	Dfideliz	1	['6TLHo63Z3wqHkW6adVeEwZ']
Derek	Jé Santiago	1	['6TLHo63Z3wqHkW6adVeEwZ']
Derek	Recayd Mob	1	['6TLHo63Z3wqHkW6adVeEwZ']
Dfideliz	Jé Santiago	1	['6TLHo63Z3wqHkW6adVeEwZ']
Dfideliz	Recayd Mob	1	['6TLHo63Z3wqHkW6adVeEwZ']
Jé Santiago	Recayd Mob	1	['6TLHo63Z3wqHkW6adVeEwZ']
Dj Henrique de Ferraz	Luanzinho	1	['6d9GEfxIyQiEtuG1EVBF5m']
Dj Henrique de Ferraz	Nando	1	['6d9GEfxIyQiEtuG1EVBF5m']
Luanzinho	Nando	1	['6d9GEfxIyQiEtuG1EVBF5m']
Agnes Nunes	Xamã	1	['7FXjPI4dE1Eian6Exy6VEa']
Mark Ronson	Miley Cyrus	1	['27rdGxbavYJeBphck5MZAF']
Madonna	Maluma	1	['3tTV4DYlhkiXRNiiXwIAPf']
Black Eyed Peas	J Balvin	1	['6cy3ki60hLwimwIje7tALf']
Bebe Rexha	The Chainsmokers	1	['05CwHjIk71RXVU40boRMnR']
Luísa Sonza	Pk	1	['3YqLyRFwjGuPBT7EHoyQH7']
Little Mix	Nicki Minaj	1	['222B3aljXx6fFwKmFjuBED']
Jorge	Thiago Brava	1	['0dGqIEsFN3KakdPCMkgjre']
Anitta	Maluma	1	['6sAwJPgaSQ9Q4XGnbx1gZb']
Becky G	Maluma	1	['6sAwJPgaSQ9Q4XGnbx1gZb']
Post Malone	Ty Dolla $ign	1	['3swc6WTsr7rl9DqQKQA55C']
Djonga	Karol Conká	1	['49p8H214EdeK34rrqCXwi9']
Djonga	MC Rogê	1	['49p8H214EdeK34rrqCXwi9']
Djonga	Mc Rebecca	1	['49p8H214EdeK34rrqCXwi9']
Djonga	WC no Beat	1	['49p8H214EdeK34rrqCXwi9']
Karol Conká	MC Rogê	1	['49p8H214EdeK34rrqCXwi9']
Karol Conká	Mc Rebecca	1	['49p8H214EdeK34rrqCXwi9']
Karol Conká	WC no Beat	1	['49p8H214EdeK34rrqCXwi9']
MC Rogê	Mc Rebecca	1	['49p8H214EdeK34rrqCXwi9']
MC Rogê	WC no Beat	1	['49p8H214EdeK34rrqCXwi9']
Mc Rebecca	WC no Beat	1	['49p8H214EdeK34rrqCXwi9']
Dennis DJ	Mc Don Juan	1	['5Ufele27Idk8xPHYMh85Ra']
Priscilla Alcantara	Whindersson Nunes	1	['22rcaYTa2UgcLCbeO0NoNj']
Mc Davi	Mc Don Juan	1	['3NpRkAnxexTh4TklAZNjag']
Anitta	Caetano Veloso	1	['2GsvXMAz16fKroAmaCxLfL']
Mc Jefinho	Pedro Sampaio	1	['7wAQTVTggrFQ4bceY6e3GE']
Mc Livinho	Mc Pedrinho	1	['0CgMeXQiNYJxPVQ2EMJxdL']
Costa Gold	Haitam	1	['4rmLkydzgiALPSBQs3veCR']
Feid	Vitão	1	['3K2VA0D9DCYn0BCzFSA2Wk']
Gusttavo Lima	Solange Almeida	1	['6sCfaHWF2ctJKLBsQg8a1v']
Alex Sensation	Anitta	1	['24wIxeVejXRhYJPrOFpJbg']
Alex Sensation	Luis Fonsi	1	['24wIxeVejXRhYJPrOFpJbg']
Anitta	Luis Fonsi	1	['24wIxeVejXRhYJPrOFpJbg']
Felipe Araújo	Ferrugem	1	['5EKHbW7mXcAR4hCyS3YXjb']
Katy Perry	Zedd	1	['2XWjPtKdi5sucFYtVav07d']
Ferrugem	UM44K	1	['6BbrFCo6qJVHCRNfvXObti']
MC Gury	MC L da Vinte	1	['3Hb9kUdm4yf839Fle4RIdT']
Gustavo Mioto	Yasmin Santos	1	['1idjI8gtxgHjy8KyZamY6o']
Anitta	Leo Santana	1	['4RC2nzqaQygxoVQOVv3XlT']
Marília Mendonça	Tribo da Periferia	1	['6RtBJYQuduBYuDmX5ww6rW']
1LUM3	Baco Exu do Blues	1	['2BF6mQdYAkLmeRQmX7YyPy']
21 Savage	Post Malone	1	['0e7ipj03S05BNilyu5bRzt']
Lexa	MC Lan	1	['7LPR6AdkOQR9WpEixCGNCk']
Avine Vinny	Simone & Simaria	1	['76A0QqpRJQwn3NCqqlNlqi']
PK Delas	Pk	1	['26WpOBpHiIMoBuMEIwtOCH']
Ludmilla	Pk	1	['34D0w6kVzuQ35vyHIFrWTC']
Kizzy	Orochi	1	['1DdEU9f7uXklMx6Dm0Mdwq']
Ivete Sangalo	Leo Santana	1	['2C2Ox4v276QbOcCxeLGDCV']
El Guincho	J Balvin	1	['2qG5sZ7Si6sdK74qLxedYM']
El Guincho	ROSALÍA	1	['2qG5sZ7Si6sdK74qLxedYM']
J Balvin	ROSALÍA	1	['2qG5sZ7Si6sdK74qLxedYM']
MC Hollywood	MC Kevinho	1	['69KvEkL28yjwoOtApmB6CL']
Dj Guuga	Mc Livinho	1	['2kOmW169C7UV4SZDN9u0YO']
Emicida	Majur	1	['1BeAxDuc9FbQNWvXWlO66W']
Emicida	Pabllo Vittar	1	['1BeAxDuc9FbQNWvXWlO66W']
Majur	Pabllo Vittar	1	['1BeAxDuc9FbQNWvXWlO66W']
Dennis DJ	MC G15	1	['4xc6RrWzEOdprPqYn9Cyen']
Belo	PH e Michel	1	['484HHqXBpNz93sc5gajE8v']
Calvin Harris	Dua Lipa	1	['7ef4DlsgrMEH11cDZd32M6']
George Henrique & Rodrigo	Zé Neto & Cristiano	1	['3M6QJpWhM9NPcBwxTRKLlH']
Aaron Smith	Krono	1	['6WkJ2OK163XXS2oARUC9JM']
Aaron Smith	Luvli	1	['6WkJ2OK163XXS2oARUC9JM']
Krono	Luvli	1	['6WkJ2OK163XXS2oARUC9JM']
Alok	Conor Maynard	1	['1qSikFO1BLTMyZCi2SbksV']
Ludmilla	Topo La Maskara	1	['2RMOwSvOGQyy985Vx4VSGQ']
Ludmilla	Walshy Fire	1	['2RMOwSvOGQyy985Vx4VSGQ']
Topo La Maskara	Walshy Fire	1	['2RMOwSvOGQyy985Vx4VSGQ']
Anitta	DJ Zullu	1	['3QtOsthM0N3gRfD3dkqbl4']
Anitta	MC G15	1	['3QtOsthM0N3gRfD3dkqbl4']
DJ Zullu	MC G15	1	['3QtOsthM0N3gRfD3dkqbl4']
Farruko	Pedro Capó	1	['5iwz1NiezX7WWjnCgY5TH4']
Cynthia Luz	Gaab	1	['4oH03lpFiysmcWex1AyddD']
Cynthia Luz	Mc Davi	1	['4oH03lpFiysmcWex1AyddD']
Gaab	Mc Davi	1	['4oH03lpFiysmcWex1AyddD']
Azzy	Bob do Contra	1	['13Rf6RaZT13TW4xLQR3MQr']
Azzy	Dudu	1	['13Rf6RaZT13TW4xLQR3MQr']
Azzy	Filipe Ret	1	['13Rf6RaZT13TW4xLQR3MQr']
Azzy	MC Cabelinho	1	['13Rf6RaZT13TW4xLQR3MQr']
Azzy	MODE$TIA	1	['13Rf6RaZT13TW4xLQR3MQr']
Azzy	Maquiny	1	['13Rf6RaZT13TW4xLQR3MQr']
Azzy	Orochi	1	['13Rf6RaZT13TW4xLQR3MQr']
Azzy	Pineapple StormTv	1	['13Rf6RaZT13TW4xLQR3MQr']
Azzy	Salve Malak	1	['13Rf6RaZT13TW4xLQR3MQr']
Azzy	Xamã	1	['13Rf6RaZT13TW4xLQR3MQr']
Bob do Contra	Dudu	1	['13Rf6RaZT13TW4xLQR3MQr']
Bob do Contra	Filipe Ret	1	['13Rf6RaZT13TW4xLQR3MQr']
Bob do Contra	MC Cabelinho	1	['13Rf6RaZT13TW4xLQR3MQr']
Bob do Contra	MODE$TIA	1	['13Rf6RaZT13TW4xLQR3MQr']
Bob do Contra	Maquiny	1	['13Rf6RaZT13TW4xLQR3MQr']
Bob do Contra	Orochi	1	['13Rf6RaZT13TW4xLQR3MQr']
Bob do Contra	Salve Malak	1	['13Rf6RaZT13TW4xLQR3MQr']
Bob do Contra	Xamã	1	['13Rf6RaZT13TW4xLQR3MQr']
Dudu	Filipe Ret	1	['13Rf6RaZT13TW4xLQR3MQr']
Dudu	MC Cabelinho	1	['13Rf6RaZT13TW4xLQR3MQr']
Dudu	MODE$TIA	1	['13Rf6RaZT13TW4xLQR3MQr']
Dudu	Maquiny	1	['13Rf6RaZT13TW4xLQR3MQr']
Dudu	Orochi	1	['13Rf6RaZT13TW4xLQR3MQr']
Dudu	Pineapple StormTv	1	['13Rf6RaZT13TW4xLQR3MQr']
Dudu	Salve Malak	1	['13Rf6RaZT13TW4xLQR3MQr']
Dudu	Xamã	1	['13Rf6RaZT13TW4xLQR3MQr']
Filipe Ret	MC Cabelinho	1	['13Rf6RaZT13TW4xLQR3MQr']
Filipe Ret	MODE$TIA	1	['13Rf6RaZT13TW4xLQR3MQr']
Filipe Ret	Maquiny	1	['13Rf6RaZT13TW4xLQR3MQr']
Filipe Ret	Orochi	1	['13Rf6RaZT13TW4xLQR3MQr']
Filipe Ret	Pineapple StormTv	1	['13Rf6RaZT13TW4xLQR3MQr']
Filipe Ret	Salve Malak	1	['13Rf6RaZT13TW4xLQR3MQr']
Filipe Ret	Xamã	1	['13Rf6RaZT13TW4xLQR3MQr']
MC Cabelinho	MODE$TIA	1	['13Rf6RaZT13TW4xLQR3MQr']
MC Cabelinho	Maquiny	1	['13Rf6RaZT13TW4xLQR3MQr']
MC Cabelinho	Orochi	1	['13Rf6RaZT13TW4xLQR3MQr']
MC Cabelinho	Pineapple StormTv	1	['13Rf6RaZT13TW4xLQR3MQr']
MC Cabelinho	Salve Malak	1	['13Rf6RaZT13TW4xLQR3MQr']
MC Cabelinho	Xamã	1	['13Rf6RaZT13TW4xLQR3MQr']
MODE$TIA	Maquiny	1	['13Rf6RaZT13TW4xLQR3MQr']
MODE$TIA	Orochi	1	['13Rf6RaZT13TW4xLQR3MQr']
MODE$TIA	Pineapple StormTv	1	['13Rf6RaZT13TW4xLQR3MQr']
MODE$TIA	Salve Malak	1	['13Rf6RaZT13TW4xLQR3MQr']
MODE$TIA	Xamã	1	['13Rf6RaZT13TW4xLQR3MQr']
Maquiny	Orochi	1	['13Rf6RaZT13TW4xLQR3MQr']
Maquiny	Pineapple StormTv	1	['13Rf6RaZT13TW4xLQR3MQr']
Maquiny	Salve Malak	1	['13Rf6RaZT13TW4xLQR3MQr']
Maquiny	Xamã	1	['13Rf6RaZT13TW4xLQR3MQr']
Orochi	Pineapple StormTv	1	['13Rf6RaZT13TW4xLQR3MQr']
Orochi	Salve Malak	1	['13Rf6RaZT13TW4xLQR3MQr']
Orochi	Xamã	1	['13Rf6RaZT13TW4xLQR3MQr']
Marília Mendonça	Yasmin Santos	1	['2KyXyTrp3kp1Fsg7B1osYD']
Gusttavo Lima	Xand Avião	1	['4jGzR5Vri06Y5T9SxM7m5P']
Leo Santana	Ludmilla	1	['4k20Ie47EcWtS4wMBn8w8S']
MC Kevin o Chris	Vitor Canetinha	1	['3TvRRQj7qg8GOD612X9hKT']
DJ Felipe Único	Mc Dricka	1	['49N07rRWNp03L2HPCogaF0']
DJ Felipe Único	Mc Topre	1	['49N07rRWNp03L2HPCogaF0']
Mc Dricka	Mc Topre	1	['49N07rRWNp03L2HPCogaF0']
Orochi	Papatinho	1	['0nDnvGagGAQP5vpgCyS5yH']
DJ 2F	DJ Anderson França	1	['2qiqXQ2Suc253bR7k9AKVD']
DJ 2F	MC Ysa	1	['2qiqXQ2Suc253bR7k9AKVD']
DJ 2F	MK no Beat	1	['2qiqXQ2Suc253bR7k9AKVD']
DJ Anderson França	MC Ysa	1	['2qiqXQ2Suc253bR7k9AKVD']
DJ Anderson França	MK no Beat	1	['2qiqXQ2Suc253bR7k9AKVD']
MC Ysa	MK no Beat	1	['2qiqXQ2Suc253bR7k9AKVD']
Anitta	DJ Snake	1	['660eekzsNZ7sdATvfIsAkR']
Anitta	Sean Paul	1	['660eekzsNZ7sdATvfIsAkR']
Anitta	Tainy	1	['660eekzsNZ7sdATvfIsAkR']
DJ Snake	Sean Paul	1	['660eekzsNZ7sdATvfIsAkR']
DJ Snake	Tainy	1	['660eekzsNZ7sdATvfIsAkR']
Sean Paul	Tainy	1	['660eekzsNZ7sdATvfIsAkR']
Future	Halsey	1	['59PYPDxTbqJpiGfyogPb5h']
Future	Post Malone	1	['59PYPDxTbqJpiGfyogPb5h']
Halsey	Post Malone	1	['59PYPDxTbqJpiGfyogPb5h']
Bruno Cardoso	Ferrugem	1	['0vT797IpZpF5o1XLCnWCUL']
Lauana Prado	Maiara & Maraisa	1	['1xyVMQx51Kab6eLVtE6twx']
Gloria Groove	IZA	1	['161tk6AjNHvS8LC7Y4MHur']
Kina	Snøw	1	['4ZLzoOkj0MPWrTLvooIuaa']
Batidão Stronda	Dj DG	1	['4r0K5FOCCyuAEb6BsR2ziw']
Batidão Stronda	MC Bruninho	1	['4r0K5FOCCyuAEb6BsR2ziw']
Batidão Stronda	Vitinho Ferrari	1	['4r0K5FOCCyuAEb6BsR2ziw']
Dj DG	MC Bruninho	1	['4r0K5FOCCyuAEb6BsR2ziw']
Dj DG	Vitinho Ferrari	1	['4r0K5FOCCyuAEb6BsR2ziw']
MC Bruninho	Vitinho Ferrari	1	['4r0K5FOCCyuAEb6BsR2ziw']
Bruno & Marrone	Jorge & Mateus	1	['5mFn4teAi2HMi7kRHliyFL']
Marcos & Belutti	Matheus & Kauan	1	['5vbUG4Vo536Lyy6dwdY6Kg']
Y2K	bbno$	1	['51Fjme0JiitpyXKuyQiCDo']
Ed Sheeran	Travis Scott	1	['1DhRbox3xkceP64k3JeYfW']
Anitta	MC Kevinho	1	['7G2XZhDNHo7SSDWSVxC0UT']
Chris MC	César Mc	1	['5e0CF6LhfPARWyiu4eFohr']
Chris MC	Knust	1	['5e0CF6LhfPARWyiu4eFohr']
Chris MC	Xamã	1	['5e0CF6LhfPARWyiu4eFohr']
César Mc	Knust	1	['5e0CF6LhfPARWyiu4eFohr']
César Mc	Salve Malak	1	['5e0CF6LhfPARWyiu4eFohr']
César Mc	Xamã	1	['5e0CF6LhfPARWyiu4eFohr']
Knust	Pineapple StormTv	1	['5e0CF6LhfPARWyiu4eFohr']
Knust	Salve Malak	1	['5e0CF6LhfPARWyiu4eFohr']
Knust	Xamã	1	['5e0CF6LhfPARWyiu4eFohr']
Lucas Lucco	Paula Mattos	1	['2mo6GXEG5IwAA8CfBViGAf']
Anitta	DJ Luian	1	['6p6sG45DypURkhhXsVr6MN']
Anitta	Mambo Kingz	1	['6p6sG45DypURkhhXsVr6MN']
DJ Luian	Mambo Kingz	1	['6p6sG45DypURkhhXsVr6MN']
Bastille	Marshmello	1	['2dpaYNEQHiRxtZbfNsse99']
DJ RD	MC JottaPê	1	['6V43u5SCjkfMpxMAXRPifr']
DJ RD	MC M10	1	['6V43u5SCjkfMpxMAXRPifr']
MC JottaPê	MC M10	1	['6V43u5SCjkfMpxMAXRPifr']
Enzo Rabelo	Zé Felipe	1	['1ELXy0IfF2iKYwnsUqbYIQ']
Mc Livinho	Rennan da Penha	1	['0IQCOAw9ZAI6WnXIrl481F']
Dj Juninho 22	MC Kevin o Chris	1	['3N6isgIE6SAFbRfRIbQ3sd']
Dadá Boladão	OIK	1	['5F8ffc8KWKNawllr5WsW0r']
Dadá Boladão	Tati Zaqui	1	['5F8ffc8KWKNawllr5WsW0r']
OIK	Tati Zaqui	1	['5F8ffc8KWKNawllr5WsW0r']
Mc Th	WC no Beat	1	['4zZ2rPOa8itw3VuusVSicv']
Mc Th	Xamã	1	['4zZ2rPOa8itw3VuusVSicv']
WC no Beat	Xamã	1	['4zZ2rPOa8itw3VuusVSicv']
Hungria Hip Hop	Mojjo	1	['3g0KPXd30xVTmZEVf9P4FX']
Camila Cabello	Young Thug	1	['1rfofaqEpACxVEHIZBJe6W']
Dilsinho	João Gabriel	1	['75qv4qnNhOyZXzq2fHBjdI']
Disclosure	Khalid	1	['0rTV5WefWd1J3OwIheTzxM']
Anitta	Matheus & Kauan	1	['2Ab1wPTEqulaCGoBak1gUo']
Normani	Sam Smith	1	['6Qs4SXO9dwPj5GKvVOv8Ki']
ANAVITÓRIA	Vitor Kley	1	['7Gk5OrMYaMRtT2JmgJVAfk']
Mc Luanzinho	Mc Nando	1	['2ZWCFtbgpxCgb6qR0yHAkh']
Alesso	Anitta	1	['32lyOiqQrmCUICCcBfkBeG']
MC Kekel	Wesley Safadão	1	['4Jba76DjAcgEvvGfIopNTl']
Cardi B	DJ Snake	1	['4w8niZpiMy6qz1mntFA5uM']
Cardi B	Ozuna	1	['4w8niZpiMy6qz1mntFA5uM']
Cardi B	Selena Gomez	1	['4w8niZpiMy6qz1mntFA5uM']
DJ Snake	Ozuna	1	['4w8niZpiMy6qz1mntFA5uM']
DJ Snake	Selena Gomez	1	['4w8niZpiMy6qz1mntFA5uM']
Ozuna	Selena Gomez	1	['4w8niZpiMy6qz1mntFA5uM']
MC Kevin o Chris	POCAH	1	['3NnW2EqJxvHYrRy3upaznl']
Calibre 2.1	Neo Beats	1	['61vDGoB9k3ximR5YNzjmBc']
Calibre 2.1	OIK	1	['61vDGoB9k3ximR5YNzjmBc']
Neo Beats	OIK	1	['61vDGoB9k3ximR5YNzjmBc']
Daddy Yankee	Snow	1	['5w9c2J52mkdntKOmRLeM2m']
DJ RD	Dani Russo	1	['0qFHLde09T8wwoxQOhGtJQ']
DJ RD	MC Kekel	1	['0qFHLde09T8wwoxQOhGtJQ']
Dani Russo	MC Kekel	1	['0qFHLde09T8wwoxQOhGtJQ']
Fernanda Salgado	Mano Walter	1	['1I7WPxkyLpvlYwL2uXEdYD']
