artist_1	artist_2	count	song_ids
Alok	Zeeba	6	['39cmB3ZoTOLwOTq7tMNqKa', '06ZpMjkNdIDKVf3mK29UiC', '1Zp7mNLp3Q3jeOA0TEl4PI', '1yzBGun3xDY7WpHOIP9nNp', '4nraNqonMyfc0U3o8VeXVu', '1a5Yu5L18qNxVhXx38njON']
Alok	Bruno Martini	5	['39cmB3ZoTOLwOTq7tMNqKa', '06ZpMjkNdIDKVf3mK29UiC', '1Zp7mNLp3Q3jeOA0TEl4PI', '1yzBGun3xDY7WpHOIP9nNp', '1a5Yu5L18qNxVhXx38njON']
Bruno Martini	Zeeba	5	['39cmB3ZoTOLwOTq7tMNqKa', '06ZpMjkNdIDKVf3mK29UiC', '1Zp7mNLp3Q3jeOA0TEl4PI', '1yzBGun3xDY7WpHOIP9nNp', '1a5Yu5L18qNxVhXx38njON']
Pineapple StormTv	Salve Malak	4	['4nwQ1SG9CsAl4XoKuScF0r', '0b369xoVhUFJOH56pYq4KB', '6HaTYIUKd8SzdvGOfutBRD', '1YUWhlQjFv7MQpcbb77zTL']
Kendrick Lamar	SZA	4	['3GCdLUSnKSMJhs4Tj6CV3s', '12SJpYZEdj4kzWZ8FPFg4Y', '2Imq77E6CEJR5TPUxlJvTY', '66kQ7wr4d2LwwSjr7HXcyr']
21 Savage	Post Malone	4	['2U7Hu2RaNQNRi7izoJyZaX', '0e7ipj03S05BNilyu5bRzt', '1OmcAT5Y8eg5bUPv9qJT4R', '7wGoVu4Dady5GV0Sv4UIsx']
Maiara & Maraisa	Marília Mendonça	3	['6aIrHPvM3l16MeS7iOQRYO', '01TYBVirOZoaY5Uw2kLGwp', '6yxYagNp6Gapd7jXmWzgVc']
Maria	Pineapple StormTv	3	['0b369xoVhUFJOH56pYq4KB', '6HaTYIUKd8SzdvGOfutBRD', '1YUWhlQjFv7MQpcbb77zTL']
Maria	Salve Malak	3	['0b369xoVhUFJOH56pYq4KB', '6HaTYIUKd8SzdvGOfutBRD', '1YUWhlQjFv7MQpcbb77zTL']
Gabriel Diniz	Wesley Safadão	3	['7krl54SfiKf4fMlM7lGlWc', '66wtCJjGr2mE6lLaLwkj6i', '5hJJOWPZtBq15zVfWWM8lZ']
Alok	Bhaskar	3	['1kJ1E0czwQPvUVNXCLaHAB', '30pVSKdzBpZ9Np4Y2bJbFM', '61GiOLLEn0LcavpVu1my6Q']
Anitta	J Balvin	3	['3Ga6eKrUFf12ouh9Yw3v2D', '7FnHUsFRTMg8VYteFKj3xL', '6MNGxu8MprKGkchUchkJsy']
Diplo	LSD	3	['7boPPE857KEqCIHNwFkDop', '73F87Sqh6jQWucOOvz1WFx', '5a8RPWgKSmcGBGcffmIrUi']
Diplo	Labrinth	3	['7boPPE857KEqCIHNwFkDop', '73F87Sqh6jQWucOOvz1WFx', '5a8RPWgKSmcGBGcffmIrUi']
Diplo	Sia	3	['7boPPE857KEqCIHNwFkDop', '73F87Sqh6jQWucOOvz1WFx', '5a8RPWgKSmcGBGcffmIrUi']
LSD	Labrinth	3	['7boPPE857KEqCIHNwFkDop', '73F87Sqh6jQWucOOvz1WFx', '5a8RPWgKSmcGBGcffmIrUi']
LSD	Sia	3	['7boPPE857KEqCIHNwFkDop', '73F87Sqh6jQWucOOvz1WFx', '5a8RPWgKSmcGBGcffmIrUi']
Labrinth	Sia	3	['7boPPE857KEqCIHNwFkDop', '73F87Sqh6jQWucOOvz1WFx', '5a8RPWgKSmcGBGcffmIrUi']
MC Cabelinho	Orochi	3	['12hqpRynT8G2Hwm9QzPFkd', '6KudLqrhlX4kc0ndlbf14E', '1hw5UuO6s1DRAJmCn4Nc1H']
MC Cabelinho	WC no Beat	3	['12hqpRynT8G2Hwm9QzPFkd', '6KudLqrhlX4kc0ndlbf14E', '1hw5UuO6s1DRAJmCn4Nc1H']
Orochi	WC no Beat	3	['12hqpRynT8G2Hwm9QzPFkd', '6KudLqrhlX4kc0ndlbf14E', '1hw5UuO6s1DRAJmCn4Nc1H']
Post Malone	Ty Dolla $ign	3	['7wrDRQgHlvDnimrRHfQZxt', '65NwOZqoXny4JxqAPlfxRF', '3swc6WTsr7rl9DqQKQA55C']
Drake	Michael Jackson	2	['36ONiya0OANYknz0GgJmwB', '6G8kHiVZ1jW7vHMPVRNZU0']
Mc Davi	Mc Livinho	2	['7B3gD0HJTvH8zHVajBjoWK', '7bQ798Zl1FlT9dRMxkc77j']
ANAVITÓRIA	Sandy	2	['1NocSraHhZfASkuG2WdE5r', '1KIMRoLleFJCwABBrlAOPI']
Post Malone	Swae Lee	2	['1A6OTy97kk0mMdm78rHsm8', '3KkXRkHbMCARz0aVfEt68P']
Azzy	Pineapple StormTv	2	['4nwQ1SG9CsAl4XoKuScF0r', '4svcCNuxugwP6wrSnoMIfB']
Choice	Pineapple StormTv	2	['4svcCNuxugwP6wrSnoMIfB', '1YUWhlQjFv7MQpcbb77zTL']
J Balvin	Willy William	2	['7fwXWKdDNI5IutOMc5OKYw', '2rb5MvYT7ZIxbKW5hfcHx8']
Jerry Smith	Mc Nando Dk	2	['4s75aDCVs0lm1ubPpw9cf8', '7CtFr21TzdM4ntuBkwzpxg']
Marshmello	Selena Gomez	2	['0tBbt8CrmxbjRP0pueQkyU', '7EmGUiUaOSGDnUUQUDrOXC']
Ducon	Kayuá	2	['0b369xoVhUFJOH56pYq4KB', '6HaTYIUKd8SzdvGOfutBRD']
Ducon	Maria	2	['0b369xoVhUFJOH56pYq4KB', '6HaTYIUKd8SzdvGOfutBRD']
Ducon	Pineapple StormTv	2	['0b369xoVhUFJOH56pYq4KB', '6HaTYIUKd8SzdvGOfutBRD']
Ducon	Salve Malak	2	['0b369xoVhUFJOH56pYq4KB', '6HaTYIUKd8SzdvGOfutBRD']
Kayuá	Maria	2	['0b369xoVhUFJOH56pYq4KB', '6HaTYIUKd8SzdvGOfutBRD']
Kayuá	Pineapple StormTv	2	['0b369xoVhUFJOH56pYq4KB', '6HaTYIUKd8SzdvGOfutBRD']
Kayuá	Salve Malak	2	['0b369xoVhUFJOH56pYq4KB', '6HaTYIUKd8SzdvGOfutBRD']
IZA	Rincon Sapiência	2	['3RHhNmN9eFeutAzyJ6SqnY', '1QqIcxyTz2G7I31wcrnERf']
Delacruz	Pineapple StormTv	2	['4nwQ1SG9CsAl4XoKuScF0r', '6HaTYIUKd8SzdvGOfutBRD']
Delacruz	Salve Malak	2	['4nwQ1SG9CsAl4XoKuScF0r', '6HaTYIUKd8SzdvGOfutBRD']
Jerry Smith	Márcia Fellipe	2	['29dRTbLTxRaSl63DIzbjvl', '2lAyctg5FocS67eksHoyIg']
Maroon 5	SZA	2	['3hBBKuWJfxlIlnd9QFoC8k', '0GxQ1A5L9xnMOytbP6eKBG']
DJ Cassula	Jerry Smith	2	['0r9tHLACmVGOXxsVRGvA3U', '7CtFr21TzdM4ntuBkwzpxg']
Jerry Smith	Rob Nunes	2	['1ZYD1c1vFMdeyRdNBxJiAr', '0wMFQ0UpnqvyZncX4JpVEA']
Chris Stapleton	Justin Timberlake	2	['1LhMopPAallLeaeNutqbgS', '09ts3GnICqYEU5PkQCpJK3']
Mc Davi	Mc Pedrinho	2	['1R1HmdunvOnEK4bibKp7q5', '7bQ798Zl1FlT9dRMxkc77j']
1Kilo	Baviera	2	['2srL4DYBekshpbprS6H0mO', '3IfJVGTOfqoecb0bCm0CO8']
Cardi B	Maroon 5	2	['6FRLCMO5TUHTexlWo8ym1W', '7fa9MBXhVfQ8P8Df9OEbD8']
Grey	Maren Morris	2	['09IStsImFySgyp0pIQdqAc', '2ARqIya5NAuvFVHSN3bL0m']
Grey	Zedd	2	['09IStsImFySgyp0pIQdqAc', '2ARqIya5NAuvFVHSN3bL0m']
Maren Morris	Zedd	2	['09IStsImFySgyp0pIQdqAc', '2ARqIya5NAuvFVHSN3bL0m']
Bradley Cooper	Lady Gaga	2	['2VxeLyX666F8uXCJ0dZF8B', '5lK18Pt33xNudq4qYDxIm8']
Anitta	Silva	2	['3gvqZpohrsWFwGH1IoFK5b', '0trB3R0YBk3vGrGm5YSUTv']
Felipe Araújo	Henrique & Juliano	2	['6BPt2sVRvE41rUixcCAHY6', '3dyN3yQuMi2UWKRfRY0ISt']
Anitta	Wesley Safadão	2	['0u8aj0c4IxeVSLTUuuq9V5', '0RBOFW5424gCCCZrgECbt6']
MC Kevinho	Simone & Simaria	2	['42TXKY5AaAn4dzAcRLyNoK', '6etab3UBCo5GOTMZqUvRka']
Alok	Jetlag Music	2	['51MuxTQJudvUASe91tzR4C', '1kJ1E0czwQPvUVNXCLaHAB']
Anitta	Jeon	2	['7FnHUsFRTMg8VYteFKj3xL', '6MNGxu8MprKGkchUchkJsy']
J Balvin	Jeon	2	['7FnHUsFRTMg8VYteFKj3xL', '6MNGxu8MprKGkchUchkJsy']
Gesaffelstein	The Weeknd	2	['13wNEvWmBsWaWVtiLPRIW5', '56d6kYZhfhzpoC3s1dRU2V']
Bruno Martini	Vitor Kley	2	['36UiRg8wGUOFC3E0gdyvFA', '1tKSESuh7Rdpwe3bqxiWOH']
MC Kevinho	Matheus & Kauan	2	['7q5agbUOzZnVF4Yes3AD7I', '2KxHe4qxNgeFcKpE2r2aBt']
Almy	EME	2	['7I7gT6nqhWNqPJwe8BKzw1', '4WPffR1KQjQkUt9sU2BJpF']
Camila Cabello	Young Thug	2	['1rfofaqEpACxVEHIZBJe6W', '0ofbQMrRDsUaVKq2mGLEAb']
Anitta	Maluma	2	['4FxumkF81ICxITeqxx4nK9', '6sAwJPgaSQ9Q4XGnbx1gZb']
Ariana Grande	Nicki Minaj	2	['1ZEm9cJC05rawV2tptNfTS', '5iZ4hcpCgFVijq5OOjBTKZ']
MC Cabelinho	MC Hariel	2	['6KudLqrhlX4kc0ndlbf14E', '1hw5UuO6s1DRAJmCn4Nc1H']
MC Hariel	Orochi	2	['6KudLqrhlX4kc0ndlbf14E', '1hw5UuO6s1DRAJmCn4Nc1H']
MC Hariel	WC no Beat	2	['6KudLqrhlX4kc0ndlbf14E', '1hw5UuO6s1DRAJmCn4Nc1H']
Adam K	Vintage Culture	2	['5WxtmHAcrDbghHVGupu18h', '574kOxVgCcy70oq623rvPE']
Marcos & Belutti	Matheus & Kauan	2	['5vbUG4Vo536Lyy6dwdY6Kg', '5AQNVgt7BKHKRhrNFFgSPF']
BTS	Steve Aoki	2	['7Ed6BkggCS2KaKY5YlINaF', '48XfojJC87VKLlUotYV0Gm']
David Guetta	Sia	2	['66BjcDhhwWCcQIBxHMpKXh', '33IOhptvC2Qoy2UhjiHXLV']
Lil Peep	XXXTENTACION	2	['4jvjzW7Hm0yK4LvvE0Paz9', '0Dn40gxVCMo5TkgS8Ik18Q']
J Balvin	Nicky Jam	2	['39N9RPD9MRb5WmoLzNzPeA', '6JjPBQfI2Y8nIjnm65X6Pw']
Alok	Mathieu Koss	2	['1xd3OqTbx17HutN7RfJOTj', '3lInRGfft6CCsJJPZX3AXq']
MC Cabelinho	Pk	2	['12hqpRynT8G2Hwm9QzPFkd', '1hw5UuO6s1DRAJmCn4Nc1H']
Orochi	Pk	2	['12hqpRynT8G2Hwm9QzPFkd', '1hw5UuO6s1DRAJmCn4Nc1H']
Pk	WC no Beat	2	['12hqpRynT8G2Hwm9QzPFkd', '1hw5UuO6s1DRAJmCn4Nc1H']
Luccas Carlos	Rashid	2	['23DMhYv6WjRmIRck1Uwjev', '4eizL2CPEy9lFUZw7HBKrk']
Khalid	Shawn Mendes	2	['5SwEgzUFDHwpWHKrbnP32Z', '3Wf2YGdYT8xVdNsQSoRKk9']
ANAVITÓRIA	Tiago Iorc	2	['6bgQIw80xWC3MPZX4kVYGw', '2vRBYKWOyHtFMtiK60qRz7']
Little Mix	Nicki Minaj	2	['222B3aljXx6fFwKmFjuBED', '6rrTr2HEAzlpC4KWZxF3S1']
Fernando & Sorocaba	Maiara & Maraisa	2	['7qQV8fo97AFhrL9HPUeAsk', '6BhEFJ4QKZC36hNZw2j8Xq']
IZA	Marcelo Falcão	2	['2nPYWC7Jtd3gsd1iMQT3Vs', '1BkyiAw1L0BOHYckwpRX4V']
Daddy Yankee	Luis Fonsi	2	['5CtI0qwDJkDQGwXD1H1cLb', '4aWmUDTfIPGksMNLV2rQP2']
Alok	Barbatuques	2	['7gBVJf7qn3rTkQxlQ1nNeS', '20B8QudwR3rtOnZo6hswab']
Gloria Groove	Lexa	1	['28SWsF1IQxfc9bP5yua35K']
Aldair Playboy	MC Kevinho	1	['1n36knZX4bQ6FvcNEISVe9']
Aldair Playboy	Wesley Safadão	1	['1n36knZX4bQ6FvcNEISVe9']
MC Kevinho	Wesley Safadão	1	['1n36knZX4bQ6FvcNEISVe9']
Khalid	Normani	1	['45Egmo7icyopuzJN0oMEdk']
MC Mirella	POCAH	1	['6zdrUt0j8guhZfcSF6X2Sb']
Jorge & Mateus	Michel Teló	1	['1fbenbaBdr8ppDeGMOX121']
Dani Russo	Naiara Azevedo	1	['5d4wIiSKzRqhJwip4co3Wa']
Dani Russo	POCAH	1	['5d4wIiSKzRqhJwip4co3Wa']
Naiara Azevedo	POCAH	1	['5d4wIiSKzRqhJwip4co3Wa']
Jorge & Mateus	Maiara & Maraisa	1	['5bp0iH4hXKrvwxi64oDGon']
DJ RD	MC MM	1	['68uKHxQzoY6gd7YSKJf21J']
Future	Maroon 5	1	['21TdkDRXuAB3k90ujRU1et']
Azzy	Choice	1	['4svcCNuxugwP6wrSnoMIfB']
Ivete Sangalo	Mc Livinho	1	['0PTKuTbIRUkwfdv4FRpiC8']
Beyoncé	J Balvin	1	['7fwXWKdDNI5IutOMc5OKYw']
Beyoncé	Willy William	1	['7fwXWKdDNI5IutOMc5OKYw']
Maluma	Shakira	1	['7DrluKkTviBwCc8AV3VGmf']
Anitta	DJ Yuri Martins	1	['6u0EAxf1OJTLS7CvInuNd7']
Anitta	Maejor	1	['6u0EAxf1OJTLS7CvInuNd7']
Anitta	Mc Zaac	1	['6u0EAxf1OJTLS7CvInuNd7']
Anitta	Tropkillaz	1	['6u0EAxf1OJTLS7CvInuNd7']
DJ Yuri Martins	Maejor	1	['6u0EAxf1OJTLS7CvInuNd7']
DJ Yuri Martins	Mc Zaac	1	['6u0EAxf1OJTLS7CvInuNd7']
DJ Yuri Martins	Tropkillaz	1	['6u0EAxf1OJTLS7CvInuNd7']
Maejor	Mc Zaac	1	['6u0EAxf1OJTLS7CvInuNd7']
Maejor	Tropkillaz	1	['6u0EAxf1OJTLS7CvInuNd7']
Mc Zaac	Tropkillaz	1	['6u0EAxf1OJTLS7CvInuNd7']
Bruno & Marrone	Diego & Victor Hugo	1	['0pqyzGaS6qpdHs3bzjVYzb']
Dennis DJ	MC Koringa	1	['0B9OGfl5twk1UhYnrZv6QH']
Dennis DJ	Matheus & Kauan	1	['0B9OGfl5twk1UhYnrZv6QH']
MC Koringa	Matheus & Kauan	1	['0B9OGfl5twk1UhYnrZv6QH']
G-Eazy	Halsey	1	['5k38wzpLb15YgncyWdTZE4']
Luan Santana	Nego do Borel	1	['47zBTlbsiXs9ooyPo7Z7VT']
Chris MC	Don L	1	['0b369xoVhUFJOH56pYq4KB']
Chris MC	Ducon	1	['0b369xoVhUFJOH56pYq4KB']
Chris MC	Hodari	1	['0b369xoVhUFJOH56pYq4KB']
Chris MC	Kayuá	1	['0b369xoVhUFJOH56pYq4KB']
Chris MC	Luccas Carlos	1	['0b369xoVhUFJOH56pYq4KB']
Chris MC	Maria	1	['0b369xoVhUFJOH56pYq4KB']
Chris MC	Pineapple StormTv	1	['0b369xoVhUFJOH56pYq4KB']
Chris MC	Salve Malak	1	['0b369xoVhUFJOH56pYq4KB']
Don L	Ducon	1	['0b369xoVhUFJOH56pYq4KB']
Don L	Hodari	1	['0b369xoVhUFJOH56pYq4KB']
Don L	Kayuá	1	['0b369xoVhUFJOH56pYq4KB']
Don L	Luccas Carlos	1	['0b369xoVhUFJOH56pYq4KB']
Don L	Maria	1	['0b369xoVhUFJOH56pYq4KB']
Don L	Pineapple StormTv	1	['0b369xoVhUFJOH56pYq4KB']
Don L	Salve Malak	1	['0b369xoVhUFJOH56pYq4KB']
Ducon	Hodari	1	['0b369xoVhUFJOH56pYq4KB']
Ducon	Luccas Carlos	1	['0b369xoVhUFJOH56pYq4KB']
Hodari	Kayuá	1	['0b369xoVhUFJOH56pYq4KB']
Hodari	Luccas Carlos	1	['0b369xoVhUFJOH56pYq4KB']
Hodari	Maria	1	['0b369xoVhUFJOH56pYq4KB']
Hodari	Pineapple StormTv	1	['0b369xoVhUFJOH56pYq4KB']
Hodari	Salve Malak	1	['0b369xoVhUFJOH56pYq4KB']
Kayuá	Luccas Carlos	1	['0b369xoVhUFJOH56pYq4KB']
Luccas Carlos	Maria	1	['0b369xoVhUFJOH56pYq4KB']
Luccas Carlos	Pineapple StormTv	1	['0b369xoVhUFJOH56pYq4KB']
Luccas Carlos	Salve Malak	1	['0b369xoVhUFJOH56pYq4KB']
Henrique & Diego	Simone & Simaria	1	['6gquljDBW7rE6mCBzmTRxo']
Fred & Gustavo	Simone & Simaria	1	['5zRAAPn6tn5rn0ssNM7b18']
BK	Delacruz	1	['6HaTYIUKd8SzdvGOfutBRD']
BK	Diomedes Chinaski	1	['6HaTYIUKd8SzdvGOfutBRD']
BK	Ducon	1	['6HaTYIUKd8SzdvGOfutBRD']
BK	Kayuá	1	['6HaTYIUKd8SzdvGOfutBRD']
BK	Luiz Lins	1	['6HaTYIUKd8SzdvGOfutBRD']
BK	Maria	1	['6HaTYIUKd8SzdvGOfutBRD']
BK	Pineapple StormTv	1	['6HaTYIUKd8SzdvGOfutBRD']
BK	Salve Malak	1	['6HaTYIUKd8SzdvGOfutBRD']
Delacruz	Diomedes Chinaski	1	['6HaTYIUKd8SzdvGOfutBRD']
Delacruz	Ducon	1	['6HaTYIUKd8SzdvGOfutBRD']
Delacruz	Kayuá	1	['6HaTYIUKd8SzdvGOfutBRD']
Delacruz	Luiz Lins	1	['6HaTYIUKd8SzdvGOfutBRD']
Delacruz	Maria	1	['6HaTYIUKd8SzdvGOfutBRD']
Diomedes Chinaski	Ducon	1	['6HaTYIUKd8SzdvGOfutBRD']
Diomedes Chinaski	Kayuá	1	['6HaTYIUKd8SzdvGOfutBRD']
Diomedes Chinaski	Luiz Lins	1	['6HaTYIUKd8SzdvGOfutBRD']
Diomedes Chinaski	Maria	1	['6HaTYIUKd8SzdvGOfutBRD']
Diomedes Chinaski	Pineapple StormTv	1	['6HaTYIUKd8SzdvGOfutBRD']
Diomedes Chinaski	Salve Malak	1	['6HaTYIUKd8SzdvGOfutBRD']
Ducon	Luiz Lins	1	['6HaTYIUKd8SzdvGOfutBRD']
Kayuá	Luiz Lins	1	['6HaTYIUKd8SzdvGOfutBRD']
Luiz Lins	Maria	1	['6HaTYIUKd8SzdvGOfutBRD']
Luiz Lins	Pineapple StormTv	1	['6HaTYIUKd8SzdvGOfutBRD']
Luiz Lins	Salve Malak	1	['6HaTYIUKd8SzdvGOfutBRD']
MC Loma e As Gêmeas Lacração	MC WM	1	['4G1i3FrLYRge4Z2ubJiOW3']
Alok	Ina Wroldsen	1	['2JVbZEpewmqNlSzmXJTx2E']
Khalid	Marshmello	1	['7vGuf3Y35N4wmASOKLUVVU']
Menor	Zé Felipe	1	['6EFIK4B0jrvLO096QYEhnX']
MC Gudan	Mc Don Juan	1	['3ipKvc6xyJbTxVwoEjpLNv']
Lucas Lucco	Thiago Brava	1	['18b2GSc1ea6tnW3IARJGUY']
Lucas Lucco	MC G15	1	['3sIMCkwUZbQbWeNOTG3ET4']
Khalid	Martin Garrix	1	['3nc420PXjTdBV5TN0gCFkS']
João Neto & Frederico	Leo Santana	1	['1uvU55DdRfLleIxWF8dWxA']
2 Chainz	French Montana	1	['5RBW30fFFVav2n0IqFj0fY']
2 Chainz	MC Kevinho	1	['5RBW30fFFVav2n0IqFj0fY']
2 Chainz	Nacho	1	['5RBW30fFFVav2n0IqFj0fY']
French Montana	MC Kevinho	1	['5RBW30fFFVav2n0IqFj0fY']
French Montana	Nacho	1	['5RBW30fFFVav2n0IqFj0fY']
MC Kevinho	Nacho	1	['5RBW30fFFVav2n0IqFj0fY']
MC Dede	MC Kevinho	1	['0nlFCC2xIQqUJpuQIVPl7S']
DJ Cassula	Dj Kelvinho	1	['0r9tHLACmVGOXxsVRGvA3U']
DJ Cassula	MC Loma e As Gêmeas Lacração	1	['0r9tHLACmVGOXxsVRGvA3U']
Dj Kelvinho	Jerry Smith	1	['0r9tHLACmVGOXxsVRGvA3U']
Dj Kelvinho	MC Loma e As Gêmeas Lacração	1	['0r9tHLACmVGOXxsVRGvA3U']
Jerry Smith	MC Loma e As Gêmeas Lacração	1	['0r9tHLACmVGOXxsVRGvA3U']
Anitta	Gustavo Mioto	1	['4JPSfCXQe6kDliMIJTqISW']
Ed Sheeran	Future	1	['2x0WlnmfG39ZuDmstl9xfX']
Ed Sheeran	Taylor Swift	1	['2x0WlnmfG39ZuDmstl9xfX']
Future	Taylor Swift	1	['2x0WlnmfG39ZuDmstl9xfX']
Alok	IRO	1	['4nraNqonMyfc0U3o8VeXVu']
IRO	Zeeba	1	['4nraNqonMyfc0U3o8VeXVu']
BloodPop®	Justin Bieber	1	['7nZmah2llfvLDiUjm0kiyz']
MC Hariel	Oriente	1	['0R4dwzW253KTxchGryT1H6']
Alok	Simone & Simaria	1	['77vZMrfbZIgGKBcFe3MsD7']
Ferrugem	Marcos & Belutti	1	['2dEkETSUpO8oZoCOcKT1yN']
Felipe Araújo	Ludmilla	1	['5Yzb3sVRYO4kqHhy0iVs1K']
João Neto & Frederico	Simone & Simaria	1	['0ihMkv4Usn03EEEF8Rlw22']
Alesso	Anitta	1	['2KwojFDebQV4J2b0JMRR5Q']
Nicky Jam	Shakira	1	['70lnL3QaSOIIyMa2X9aVRL']
Marília Mendonça	Wesley Safadão	1	['1e315r3zQjsng2z952ePQ1']
Bad Bunny	Drake	1	['116H0KvKr2Zl4RPuVBruDO']
Era Istrefi	Nicky Jam	1	['4DnHUy01jEA4b5ydC3HgsT']
Era Istrefi	Will Smith	1	['4DnHUy01jEA4b5ydC3HgsT']
Nicky Jam	Will Smith	1	['4DnHUy01jEA4b5ydC3HgsT']
Luan Santana	Pabllo Vittar	1	['6STtmzolAUil3tKC2xB8OJ']
Luan Santana	Simone & Simaria	1	['6STtmzolAUil3tKC2xB8OJ']
Pabllo Vittar	Simone & Simaria	1	['6STtmzolAUil3tKC2xB8OJ']
Lucas Lucco	Wesley Safadão	1	['3mNmUjoDHYDYj08IaRPtg0']
MC WM	MC's Jhowzinho & Kadinho	1	['76Fc23n9Nrs4wULSY58LPc']
Baco Exu do Blues	Tim Bernardes	1	['6cySaD4BYMOFlXI3cNS1tL']
Mc Davi	Mc Kevin	1	['4cnNrOojGyU6J3OXqVTPIg']
Kanye West	Lil Pump	1	['4S8d14HvHb70ImctNgVzQQ']
ANAVITÓRIA	OUTROEU	1	['5KV6ycJQtuU1ZZRUUqmV7Y']
Mc Brinquedo	Mc Davi	1	['7bQ798Zl1FlT9dRMxkc77j']
Mc Brinquedo	Mc Livinho	1	['7bQ798Zl1FlT9dRMxkc77j']
Mc Brinquedo	Mc Pedrinho	1	['7bQ798Zl1FlT9dRMxkc77j']
Mc Brinquedo	Perera DJ	1	['7bQ798Zl1FlT9dRMxkc77j']
Mc Davi	Perera DJ	1	['7bQ798Zl1FlT9dRMxkc77j']
Mc Livinho	Mc Pedrinho	1	['7bQ798Zl1FlT9dRMxkc77j']
Mc Livinho	Perera DJ	1	['7bQ798Zl1FlT9dRMxkc77j']
Mc Pedrinho	Perera DJ	1	['7bQ798Zl1FlT9dRMxkc77j']
Dynoro	Gigi D'Agostino	1	['0E9ZjEAyAwOXZ7wJC0PD33']
Coldplay	The Chainsmokers	1	['6RUKPb4LETWmmr3iAEQktW']
Felipe Araújo	Talis e Welinton	1	['0A7yxYg9J8l6s7RLXEFhze']
Freitera	San Joe	1	['18CO6ODntZqzMxOxigBps4']
Nego do Borel	Rennan da Penha	1	['5nqehpNGoRAz4wUFK3wT9k']
Julia Michaels	Shawn Mendes	1	['5QskYLFPX9y7pLU0VEMNbr']
BLACKPINK	Dua Lipa	1	['13hvHEstJ4sNbzdroPrPI3']
Clean Bandit	Luis Fonsi	1	['1fLhGF1JfGQYj6EZLndD86']
Clean Bandit	MARINA	1	['1fLhGF1JfGQYj6EZLndD86']
Luis Fonsi	MARINA	1	['1fLhGF1JfGQYj6EZLndD86']
Gucci Mane	Selena Gomez	1	['0XLOf9LhyazPX9Ld8jPiUq']
MC WM	Os Cretinos	1	['2AUvXXgYuNFJMCPdhxONfa']
MC Bruninho	MC G15	1	['0IQhbmEHBKRkITY5ygyLWB']
Dimmi	Zeeba	1	['5TY4l2xPjXDcRhG1cmZDK7']
Anitta	Greeicy	1	['68AFwp0MnkWketMmnfvzR8']
Pablo Dominguez	Thascya	1	['09UnN5g43PtkrXJr3MuDuS']
Pablo Dominguez	Zerky	1	['09UnN5g43PtkrXJr3MuDuS']
Thascya	Zerky	1	['09UnN5g43PtkrXJr3MuDuS']
1Kilo	Morgado	1	['3IfJVGTOfqoecb0bCm0CO8']
1Kilo	NaBrisa	1	['3IfJVGTOfqoecb0bCm0CO8']
1Kilo	Pablo Martins	1	['3IfJVGTOfqoecb0bCm0CO8']
Baviera	Morgado	1	['3IfJVGTOfqoecb0bCm0CO8']
Baviera	NaBrisa	1	['3IfJVGTOfqoecb0bCm0CO8']
Baviera	Pablo Martins	1	['3IfJVGTOfqoecb0bCm0CO8']
Morgado	NaBrisa	1	['3IfJVGTOfqoecb0bCm0CO8']
Morgado	Pablo Martins	1	['3IfJVGTOfqoecb0bCm0CO8']
NaBrisa	Pablo Martins	1	['3IfJVGTOfqoecb0bCm0CO8']
Anitta	Simone & Simaria	1	['12bMDI4NKm0arLS3PKv6Fo']
Post Malone	Quavo	1	['3a1lNhkSLSkpJE4MSHpDu9']
Avicii	Rita Ora	1	['2OALaHcDdKkjYEpAr0Qzab']
Maiara & Maraisa	Nego do Borel	1	['6zZw7RPIs3IxDghP4UvWcY']
Becky G	David Guetta	1	['3soOPBuMK8YMdWnV7xpEyf']
Becky G	Sean Paul	1	['3soOPBuMK8YMdWnV7xpEyf']
David Guetta	Sean Paul	1	['3soOPBuMK8YMdWnV7xpEyf']
Ananda	Joker Beats	1	['7ppLcVgxpoWAhAa2c0CN3b']
Humberto & Ronaldo	Jerry Smith	1	['0PaAB17axL9hn88mHiw8g0']
Gustavo Mioto	Jorge & Mateus	1	['7JdZZfozlODQ08ATf8xIZ6']
Jefferson Moraes	Maraisa	1	['5M78WUOq5AjcDfLoj9yi6a']
Camila Cabello	Pharrell Williams	1	['6XlSyYFTU1nodeWwwzVgTV']
Anitta	Nego do Borel	1	['0u8aj0c4IxeVSLTUuuq9V5']
Nego do Borel	Wesley Safadão	1	['0u8aj0c4IxeVSLTUuuq9V5']
Brando	Loud Luxury	1	['7K7MUBCnzgBAvMVW2RTWNs']
Alok	Cecilia Krull	1	['51MuxTQJudvUASe91tzR4C']
Alok	HOT-Q	1	['51MuxTQJudvUASe91tzR4C']
Alok	WADD	1	['51MuxTQJudvUASe91tzR4C']
Cecilia Krull	HOT-Q	1	['51MuxTQJudvUASe91tzR4C']
Cecilia Krull	Jetlag Music	1	['51MuxTQJudvUASe91tzR4C']
Cecilia Krull	WADD	1	['51MuxTQJudvUASe91tzR4C']
HOT-Q	Jetlag Music	1	['51MuxTQJudvUASe91tzR4C']
HOT-Q	WADD	1	['51MuxTQJudvUASe91tzR4C']
Jetlag Music	WADD	1	['51MuxTQJudvUASe91tzR4C']
Alok	Selva	1	['0wsflw6A3Qrbrl3YbWK8tx']
Matuê	Xamã	1	['5kuUOpHZlZjL8b7HXkxRsm']
Dennis DJ	MC Kevinho	1	['5yH8pYxNckOU1cxfPsMIaz']
Dennis DJ	Henrique & Diego	1	['5SnQDj5REQVvAdSlhqkEcE']
MC Kevinho	Naiara Azevedo	1	['6EbWh7j1nLYNd2Gqlqvrc3']
Aviões do Forró	Wesley Safadão	1	['74WRvctrWHL2kMeTc20VLI']
Choice	Lord	1	['1YUWhlQjFv7MQpcbb77zTL']
Choice	Maria	1	['1YUWhlQjFv7MQpcbb77zTL']
Choice	Salve Malak	1	['1YUWhlQjFv7MQpcbb77zTL']
Choice	Sant	1	['1YUWhlQjFv7MQpcbb77zTL']
Choice	Tiago Mac	1	['1YUWhlQjFv7MQpcbb77zTL']
Lord	Maria	1	['1YUWhlQjFv7MQpcbb77zTL']
Lord	Pineapple StormTv	1	['1YUWhlQjFv7MQpcbb77zTL']
Lord	Salve Malak	1	['1YUWhlQjFv7MQpcbb77zTL']
Lord	Sant	1	['1YUWhlQjFv7MQpcbb77zTL']
Lord	Tiago Mac	1	['1YUWhlQjFv7MQpcbb77zTL']
Maria	Sant	1	['1YUWhlQjFv7MQpcbb77zTL']
Maria	Tiago Mac	1	['1YUWhlQjFv7MQpcbb77zTL']
Pineapple StormTv	Sant	1	['1YUWhlQjFv7MQpcbb77zTL']
Pineapple StormTv	Tiago Mac	1	['1YUWhlQjFv7MQpcbb77zTL']
Salve Malak	Sant	1	['1YUWhlQjFv7MQpcbb77zTL']
Salve Malak	Tiago Mac	1	['1YUWhlQjFv7MQpcbb77zTL']
Sant	Tiago Mac	1	['1YUWhlQjFv7MQpcbb77zTL']
Diego & Victor Hugo	Henrique & Juliano	1	['5Vw6ZLNB6Ko7VZM6vmNIbr']
Gusttavo Lima	Rob Nunes	1	['3LlXUrhTGnRLnuoE2zuMRC']
Ivete Sangalo	Psirico	1	['2FcFpTpLMCZknrLOZpgU0V']
Bruno Martini	Isadora	1	['5knrAEjUMh6T2kDCN7YD2b']
MC Vigary	Mc Zaac	1	['1zhfU6YXa2pXUAQdG1NvBZ']
Diplo	Dua Lipa	1	['5N4erncE7kuUccm7zEmwzk']
Diplo	Mark Ronson	1	['5N4erncE7kuUccm7zEmwzk']
Diplo	Silk City	1	['5N4erncE7kuUccm7zEmwzk']
Dua Lipa	Mark Ronson	1	['5N4erncE7kuUccm7zEmwzk']
Dua Lipa	Silk City	1	['5N4erncE7kuUccm7zEmwzk']
Mark Ronson	Silk City	1	['5N4erncE7kuUccm7zEmwzk']
Almy	Gabriel Gonti	1	['7I7gT6nqhWNqPJwe8BKzw1']
Almy	Lorena Chaves	1	['7I7gT6nqhWNqPJwe8BKzw1']
EME	Gabriel Gonti	1	['7I7gT6nqhWNqPJwe8BKzw1']
EME	Lorena Chaves	1	['7I7gT6nqhWNqPJwe8BKzw1']
Gabriel Gonti	Lorena Chaves	1	['7I7gT6nqhWNqPJwe8BKzw1']
Alok	Gavin James	1	['0nWhvEGfDmIuz6ujMPaMBn']
Alok	Yves V	1	['0nWhvEGfDmIuz6ujMPaMBn']
Gavin James	Yves V	1	['0nWhvEGfDmIuz6ujMPaMBn']
(G)I-DLE	Jaira Burns	1	['5sbooPcNgIE22DwO0VNGUJ']
(G)I-DLE	K/DA	1	['5sbooPcNgIE22DwO0VNGUJ']
(G)I-DLE	League of Legends	1	['5sbooPcNgIE22DwO0VNGUJ']
(G)I-DLE	Madison Beer	1	['5sbooPcNgIE22DwO0VNGUJ']
Jaira Burns	K/DA	1	['5sbooPcNgIE22DwO0VNGUJ']
Jaira Burns	League of Legends	1	['5sbooPcNgIE22DwO0VNGUJ']
Jaira Burns	Madison Beer	1	['5sbooPcNgIE22DwO0VNGUJ']
K/DA	League of Legends	1	['5sbooPcNgIE22DwO0VNGUJ']
K/DA	Madison Beer	1	['5sbooPcNgIE22DwO0VNGUJ']
League of Legends	Madison Beer	1	['5sbooPcNgIE22DwO0VNGUJ']
Beyoncé	Ed Sheeran	1	['1bhUWB0zJMIKr9yVPrkEuI']
ANAVITÓRIA	Matheus & Kauan	1	['1qDZnViQgUItsMpWLVwfGb']
Clau	CortesiaDaCasa	1	['2odzriVVZBwYOiYJEj30tm']
Clau	Haikaiss	1	['2odzriVVZBwYOiYJEj30tm']
CortesiaDaCasa	Haikaiss	1	['2odzriVVZBwYOiYJEj30tm']
MC Kekel	MC Rita	1	['76KDy62J99FKu6ZsxMJy3j']
Gusttavo Lima	Hungria Hip Hop	1	['5aLvtKo9672scTVdEwXPTg']
DJ Victor Falcão	MC Menininho	1	['4aC48Yffpsw01b7sBJxase']
DJ Victor Falcão	Mc Th	1	['4aC48Yffpsw01b7sBJxase']
MC Menininho	Mc Th	1	['4aC48Yffpsw01b7sBJxase']
Bad Bunny	Cardi B	1	['58q2HKrzhC3ozto2nDdN4z']
Bad Bunny	J Balvin	1	['58q2HKrzhC3ozto2nDdN4z']
Cardi B	J Balvin	1	['58q2HKrzhC3ozto2nDdN4z']
Diplo	Pabllo Vittar	1	['5SOxxG6ju1Oq2hpoa6wARV']
Kelsea Ballerini	The Chainsmokers	1	['15kQGEy89K8deJcZVFEn0N']
Jack & Jack	Jonas Blue	1	['3u1S1OmAUhx5DRlLrXqyp3']
MC Cabelinho	PK	1	['6KudLqrhlX4kc0ndlbf14E']
MC Hariel	PK	1	['6KudLqrhlX4kc0ndlbf14E']
Orochi	PK	1	['6KudLqrhlX4kc0ndlbf14E']
PK	WC no Beat	1	['6KudLqrhlX4kc0ndlbf14E']
J Balvin	Liam Payne	1	['0Y4hwUppbGc8aIBmiTz30A']
DJ Will22	Ludmilla	1	['3TLik0AUo5Ri65DFrEivd4']
Adam K	MKLA	1	['5WxtmHAcrDbghHVGupu18h']
MKLA	Vintage Culture	1	['5WxtmHAcrDbghHVGupu18h']
David Bowie	Queen	1	['2fuCquhmrzHpu5xcA1ci9x']
Gerex	Maejor	1	['4fPUiN5BT02UXJkGlphfNs']
Gerex	Mc Livinho	1	['4fPUiN5BT02UXJkGlphfNs']
Maejor	Mc Livinho	1	['4fPUiN5BT02UXJkGlphfNs']
Bryson Tiller	DJ Khaled	1	['1OAh8uOEOvTDqkKFsKksCi']
Bryson Tiller	Rihanna	1	['1OAh8uOEOvTDqkKFsKksCi']
DJ Khaled	Rihanna	1	['1OAh8uOEOvTDqkKFsKksCi']
MC Kekel	MC Kevinho	1	['51HrDv54pSe1IqynORNXBd']
Cynthia Luz	Lagum	1	['1Ko3CMKQkQJs51ubIM61k9']
ADL	Choice	1	['3cvKOM4MNrGaXmeTw3XdNN']
ADL	Djonga	1	['3cvKOM4MNrGaXmeTw3XdNN']
ADL	Menor do Chapa	1	['3cvKOM4MNrGaXmeTw3XdNN']
ADL	Negra Li	1	['3cvKOM4MNrGaXmeTw3XdNN']
Choice	Djonga	1	['3cvKOM4MNrGaXmeTw3XdNN']
Choice	Menor do Chapa	1	['3cvKOM4MNrGaXmeTw3XdNN']
Choice	Negra Li	1	['3cvKOM4MNrGaXmeTw3XdNN']
Djonga	Menor do Chapa	1	['3cvKOM4MNrGaXmeTw3XdNN']
Djonga	Negra Li	1	['3cvKOM4MNrGaXmeTw3XdNN']
Menor do Chapa	Negra Li	1	['3cvKOM4MNrGaXmeTw3XdNN']
Cynthia Luz	Delacruz	1	['5lYKob6hewwt3dcy5kWMfF']
Cynthia Luz	Oriente	1	['5lYKob6hewwt3dcy5kWMfF']
Delacruz	Oriente	1	['5lYKob6hewwt3dcy5kWMfF']
Aretuza Lovi	Gloria Groove	1	['6h78dT41teS3xbyVwKBLV7']
Aretuza Lovi	Pabllo Vittar	1	['6h78dT41teS3xbyVwKBLV7']
Gloria Groove	Pabllo Vittar	1	['6h78dT41teS3xbyVwKBLV7']
MC DG	MC Gustta	1	['7vgNGxchhqDQWjKjLPTPro']
Cheat Codes	Little Mix	1	['54l9GJGQ1UCFKe2tzt1Vxt']
Dennis DJ	MC Kevin o Chris	1	['7rLegaz7zKB6EtDNzcslKE']
Daya	The Chainsmokers	1	['0QsvXIfqM0zZoerQfsI9lm']
MC Digu	MC Keron	1	['3QXpfdWM9Od5xujjwHaJOu']
Adolfo Celdran	Alok	1	['1kJ1E0czwQPvUVNXCLaHAB']
Adolfo Celdran	André Sarate	1	['1kJ1E0czwQPvUVNXCLaHAB']
Adolfo Celdran	Bhaskar	1	['1kJ1E0czwQPvUVNXCLaHAB']
Adolfo Celdran	Jetlag Music	1	['1kJ1E0czwQPvUVNXCLaHAB']
Alok	André Sarate	1	['1kJ1E0czwQPvUVNXCLaHAB']
André Sarate	Bhaskar	1	['1kJ1E0czwQPvUVNXCLaHAB']
André Sarate	Jetlag Music	1	['1kJ1E0czwQPvUVNXCLaHAB']
Bhaskar	Jetlag Music	1	['1kJ1E0czwQPvUVNXCLaHAB']
Offset	Tyga	1	['5IaHrVsrferBYDm0bDyABy']
Luan Santana	MC Kekel	1	['7KdcbYcVF8LkQeQcTYOixJ']
Felipe Araújo	Jorge & Mateus	1	['0YK4RDyccDYO5aWQGKMZ2h']
Baco Exu do Blues	Bibi Caetano	1	['03NCUnoUnGAU7fjTaY8Lvo']
Baco Exu do Blues	DKVPZ	1	['03NCUnoUnGAU7fjTaY8Lvo']
Bibi Caetano	DKVPZ	1	['03NCUnoUnGAU7fjTaY8Lvo']
BTS	Desiigner	1	['7Ed6BkggCS2KaKY5YlINaF']
Desiigner	Steve Aoki	1	['7Ed6BkggCS2KaKY5YlINaF']
Dan Caplen	Jess Glynne	1	['5CLGzJsGqhCEECcpnFQA8x']
Dan Caplen	Macklemore	1	['5CLGzJsGqhCEECcpnFQA8x']
Dan Caplen	Rudimental	1	['5CLGzJsGqhCEECcpnFQA8x']
Jess Glynne	Macklemore	1	['5CLGzJsGqhCEECcpnFQA8x']
Jess Glynne	Rudimental	1	['5CLGzJsGqhCEECcpnFQA8x']
Macklemore	Rudimental	1	['5CLGzJsGqhCEECcpnFQA8x']
Anne-Marie	Marshmello	1	['08bNPGLD8AhKpnnERrAc6G']
Analaga	João Gustavo e Murilo	1	['5sKnnEybrfzmShFEuvCoBN']
MC Dede	MC Rita	1	['4ni6UUDQDC5rBCHIJvG3Kn']
Ivete Sangalo	Melim	1	['1aRU4PdjSYMCo8crP6W04g']
Lucas Lucco	MC Kekel	1	['6zj6m5lgw6SB5bWxKdnnM1']
Calvin Harris	Jessie Reyez	1	['5N5k9nd479b1xpDZ4usjrg']
Calvin Harris	Sam Smith	1	['5N5k9nd479b1xpDZ4usjrg']
Jessie Reyez	Sam Smith	1	['5N5k9nd479b1xpDZ4usjrg']
Bruno & Marrone	Marília Mendonça	1	['6uyMtLQXZ8amkLyv5l7F7O']
Bebe Rexha	David Guetta	1	['0YammaEkYSeo9vQYZ1OwS6']
Bebe Rexha	J Balvin	1	['0YammaEkYSeo9vQYZ1OwS6']
David Guetta	J Balvin	1	['0YammaEkYSeo9vQYZ1OwS6']
Dany Bala	Ruanzinho	1	['6VcaTmR9UhOuZD7aNNilOV']
Ana Cañas	Nando Reis	1	['1EQ8sBQ7Abv9DvNBzhXAcv']
Dilsinho	Pabllo Vittar	1	['5XZur2QUZ1yY1OclXoKFUt']
Demi Lovato	Luis Fonsi	1	['1zsG4eaZmkA1dvjDDsAGLK']
Avicii	Sandro Cavazza	1	['6WbADFqMvR8N5u0BvtsWQE']
Dj Kevin	Zé Neto & Cristiano	1	['2Poy2xcZB1GflKqpxwFMRu']
MC Hariel	Pk	1	['1hw5UuO6s1DRAJmCn4Nc1H']
Bazzi	Camila Cabello	1	['4VUwkH455At9kENOfzTqmF']
Anitta	Harmonia Do Samba	1	['6wLsDD4wXkypWRM9fn1ZZ0']
Lucas Lucco	Pabllo Vittar	1	['7u9maPG2E4cN9qChpe80qm']
Lary	Negra Li	1	['78ApH7dJHIZhiGJY0PdmKz']
Chance the Rapper	DJ Khaled	1	['5WvAo7DNuPRmk4APhdPzi8']
Chance the Rapper	Justin Bieber	1	['5WvAo7DNuPRmk4APhdPzi8']
Chance the Rapper	Quavo	1	['5WvAo7DNuPRmk4APhdPzi8']
DJ Khaled	Justin Bieber	1	['5WvAo7DNuPRmk4APhdPzi8']
DJ Khaled	Quavo	1	['5WvAo7DNuPRmk4APhdPzi8']
Justin Bieber	Quavo	1	['5WvAo7DNuPRmk4APhdPzi8']
BTS	Nicki Minaj	1	['03iCbZaM4OkRR4We6wIzvx']
Bruno Martini	Dennis DJ	1	['5sjvZiR2SjOGJimYmHXfzd']
Bruno Martini	Vitin	1	['5sjvZiR2SjOGJimYmHXfzd']
Dennis DJ	Vitin	1	['5sjvZiR2SjOGJimYmHXfzd']
Matheus & Kauan	Paula Mattos	1	['1XUAAp2Hs03Yq6E6hWxOh5']
Alok	Luan Santana	1	['66toMgjEVAujGwyc1PEDvx']
Leo Santana	MC Kevinho	1	['7yYOMPwpV5CsK0cxoAZT6B']
Furacao Love	Naiara Azevedo	1	['6N46P4y6dlnrtAWWCaHu7O']
Furacao Love	Zé Felipe	1	['6N46P4y6dlnrtAWWCaHu7O']
Naiara Azevedo	Zé Felipe	1	['6N46P4y6dlnrtAWWCaHu7O']
Breno Miranda	KVSH	1	['7q4aClIlFcgyVQDACJQdmG']
Breno Miranda	Vintage Culture	1	['7q4aClIlFcgyVQDACJQdmG']
KVSH	Vintage Culture	1	['7q4aClIlFcgyVQDACJQdmG']
Ana Gabriela	Lagum	1	['3fLqmaO4vvZpFZSZy52VMp']
Alessia Cara	Khalid	1	['5tz69p7tJuGPeMGwNTxYuV']
Alessia Cara	Logic	1	['5tz69p7tJuGPeMGwNTxYuV']
Khalid	Logic	1	['5tz69p7tJuGPeMGwNTxYuV']
Gusttavo Lima	Jads & Jadson	1	['4cn0Y9VlOUQ1CcdqTz0ROp']
Henrique & Juliano	Marília Mendonça	1	['4y17a6dAJ8P1jeZpd2LCrC']
Jorge & Mateus	Luan Santana	1	['2PMLdLt5QeOuOgxfAvx1in']
Busy Signal	MC Kevinho	1	['3gIJtSoFovsYGlVVPpWjRp']
Busy Signal	Major Lazer	1	['3gIJtSoFovsYGlVVPpWjRp']
Busy Signal	Tropkillaz	1	['3gIJtSoFovsYGlVVPpWjRp']
MC Kevinho	Major Lazer	1	['3gIJtSoFovsYGlVVPpWjRp']
MC Kevinho	Tropkillaz	1	['3gIJtSoFovsYGlVVPpWjRp']
Major Lazer	Tropkillaz	1	['3gIJtSoFovsYGlVVPpWjRp']
Ludmilla	MC Pupio	1	['78Q2gghkt8iLJ7J0Uc4QYb']
Ludmilla	Mc Doguinha	1	['78Q2gghkt8iLJ7J0Uc4QYb']
MC Pupio	Mc Doguinha	1	['78Q2gghkt8iLJ7J0Uc4QYb']
Pedru Lucca	The Fish House	1	['7xS7J7H1HUOQWjWL2dVEeT']
Daft Punk	The Weeknd	1	['5aAx2yezTd8zXrkmtKl66Z']
Hariel	MC Cabelinho	1	['12hqpRynT8G2Hwm9QzPFkd']
Hariel	Orochi	1	['12hqpRynT8G2Hwm9QzPFkd']
Hariel	Pk	1	['12hqpRynT8G2Hwm9QzPFkd']
Hariel	WC no Beat	1	['12hqpRynT8G2Hwm9QzPFkd']
Bruno Martini	Johnny Franco	1	['4C6IBSWdeKpiEChXGhZaRs']
Bruno Martini	Timbaland	1	['4C6IBSWdeKpiEChXGhZaRs']
Johnny Franco	Timbaland	1	['4C6IBSWdeKpiEChXGhZaRs']
Imagine Dragons	Kygo	1	['0kHyKhJMukHEPfeh8s7rdM']
1Kilo	Knust	1	['2srL4DYBekshpbprS6H0mO']
Baviera	Knust	1	['2srL4DYBekshpbprS6H0mO']
Fernando & Sorocaba	Jorge & Mateus	1	['5Zha6IxtfsLjqLYndyWcER']
David Guetta	Justin Bieber	1	['3A7qX2QjDlPnazUsRk5y0M']
Derek	Dfideliz	1	['6TLHo63Z3wqHkW6adVeEwZ']
Derek	Jé Santiago	1	['6TLHo63Z3wqHkW6adVeEwZ']
Derek	Recayd Mob	1	['6TLHo63Z3wqHkW6adVeEwZ']
Dfideliz	Jé Santiago	1	['6TLHo63Z3wqHkW6adVeEwZ']
Dfideliz	Recayd Mob	1	['6TLHo63Z3wqHkW6adVeEwZ']
Jé Santiago	Recayd Mob	1	['6TLHo63Z3wqHkW6adVeEwZ']
Ed Sheeran	Eminem	1	['5UEnHoDYpsxlfzWLZIc7LD']
MC Hariel	Mc Don Juan	1	['2wc8HF4fqX4oPBuZnadO8t']
Azzy	Bob do Contra	1	['4nwQ1SG9CsAl4XoKuScF0r']
Azzy	Delacruz	1	['4nwQ1SG9CsAl4XoKuScF0r']
Azzy	Djonga	1	['4nwQ1SG9CsAl4XoKuScF0r']
Azzy	Froid	1	['4nwQ1SG9CsAl4XoKuScF0r']
Azzy	MV Bill	1	['4nwQ1SG9CsAl4XoKuScF0r']
Azzy	Salve Malak	1	['4nwQ1SG9CsAl4XoKuScF0r']
Bob do Contra	Delacruz	1	['4nwQ1SG9CsAl4XoKuScF0r']
Bob do Contra	Djonga	1	['4nwQ1SG9CsAl4XoKuScF0r']
Bob do Contra	Froid	1	['4nwQ1SG9CsAl4XoKuScF0r']
Bob do Contra	MV Bill	1	['4nwQ1SG9CsAl4XoKuScF0r']
Bob do Contra	Pineapple StormTv	1	['4nwQ1SG9CsAl4XoKuScF0r']
Bob do Contra	Salve Malak	1	['4nwQ1SG9CsAl4XoKuScF0r']
Delacruz	Djonga	1	['4nwQ1SG9CsAl4XoKuScF0r']
Delacruz	Froid	1	['4nwQ1SG9CsAl4XoKuScF0r']
Delacruz	MV Bill	1	['4nwQ1SG9CsAl4XoKuScF0r']
Djonga	Froid	1	['4nwQ1SG9CsAl4XoKuScF0r']
Djonga	MV Bill	1	['4nwQ1SG9CsAl4XoKuScF0r']
Djonga	Pineapple StormTv	1	['4nwQ1SG9CsAl4XoKuScF0r']
Djonga	Salve Malak	1	['4nwQ1SG9CsAl4XoKuScF0r']
Froid	MV Bill	1	['4nwQ1SG9CsAl4XoKuScF0r']
Froid	Pineapple StormTv	1	['4nwQ1SG9CsAl4XoKuScF0r']
Froid	Salve Malak	1	['4nwQ1SG9CsAl4XoKuScF0r']
MV Bill	Pineapple StormTv	1	['4nwQ1SG9CsAl4XoKuScF0r']
MV Bill	Salve Malak	1	['4nwQ1SG9CsAl4XoKuScF0r']
Mark Ronson	Miley Cyrus	1	['27rdGxbavYJeBphck5MZAF']
Alesso	Florida Georgia Line	1	['5AEtlRudpgdT5FtNiuly6Y']
Alesso	Hailee Steinfeld	1	['5AEtlRudpgdT5FtNiuly6Y']
Alesso	watt	1	['5AEtlRudpgdT5FtNiuly6Y']
Florida Georgia Line	Hailee Steinfeld	1	['5AEtlRudpgdT5FtNiuly6Y']
Florida Georgia Line	watt	1	['5AEtlRudpgdT5FtNiuly6Y']
Hailee Steinfeld	watt	1	['5AEtlRudpgdT5FtNiuly6Y']
Alok	Matheus & Kauan	1	['2JnvMToHG03X15PR6Z9DeA']
Leo Santana	Wesley Safadão	1	['5RTlMCZVt96sXsG3L2ideT']
Pabllo Vittar	Urias	1	['7zvGNZu33bC4jZEkXHdDZ6']
Jorge	Thiago Brava	1	['0dGqIEsFN3KakdPCMkgjre']
Halsey	The Chainsmokers	1	['7BKLCZ1jbUBVqRi2FVlTVw']
Bruno Mars	Gucci Mane	1	['0QIjsbm2fh1cJ45XO9eGqq']
Bruno Mars	Kodak Black	1	['0QIjsbm2fh1cJ45XO9eGqq']
Gucci Mane	Kodak Black	1	['0QIjsbm2fh1cJ45XO9eGqq']
Anitta	Becky G	1	['6sAwJPgaSQ9Q4XGnbx1gZb']
Becky G	Maluma	1	['6sAwJPgaSQ9Q4XGnbx1gZb']
Dennis DJ	Mc Don Juan	1	['5Ufele27Idk8xPHYMh85Ra']
Gabriel Medeiros	MC Fioti	1	['4dEztr8y24Pm5H8nzP4wQv']
Gabriel Medeiros	MC Lan	1	['4dEztr8y24Pm5H8nzP4wQv']
Gabriel Medeiros	Mc Barone	1	['4dEztr8y24Pm5H8nzP4wQv']
MC Fioti	MC Lan	1	['4dEztr8y24Pm5H8nzP4wQv']
MC Fioti	Mc Barone	1	['4dEztr8y24Pm5H8nzP4wQv']
MC Lan	Mc Barone	1	['4dEztr8y24Pm5H8nzP4wQv']
Cacife Clandestino	Cynthia Luz	1	['3RyyUWNovCdqfHwyDaSPvO']
Clean Bandit	Demi Lovato	1	['6kPJZM97LwdG9QIsT7khp6']
Liam Payne	Rita Ora	1	['5hM6sP0Gh1jD57drszNueC']
Cat Dealers	Le Dib	1	['4DXjfzDxkhD5eYGk03LoA6']
Bebe Rexha	Florida Georgia Line	1	['7iDa6hUg2VgEL1o1HjmfBn']
Marcos & Belutti	Marília Mendonça	1	['0PVjuxjgUJldBATilksYW2']
Gabriel Diniz	Maiara & Maraisa	1	['4kv5hKUPfXYsqcSeWvVmo6']
Gusttavo Lima	Solange Almeida	1	['6sCfaHWF2ctJKLBsQg8a1v']
Christina Aguilera	Demi Lovato	1	['25qfFpoGhk9Njgu5nl36sS']
Felipe Araújo	Ferrugem	1	['5EKHbW7mXcAR4hCyS3YXjb']
Ivete Sangalo	Naiara Azevedo	1	['39vJqbfolMyPJtJuyoj1EM']
MC Gury	MC L da Vinte	1	['3Hb9kUdm4yf839Fle4RIdT']
Maiara & Maraisa	Zé Neto & Cristiano	1	['3o67Yt3Ua1qlSNV22zWUAn']
1LUM3	Baco Exu do Blues	1	['2BF6mQdYAkLmeRQmX7YyPy']
Matheus & Kauan	UM44K	1	['1vJhizGd0qtv4qXKzAm6Zr']
Trippie Redd	XXXTENTACION	1	['7AQim7LbvFVZJE3O8TYgf2']
Lexa	MC Lan	1	['7LPR6AdkOQR9WpEixCGNCk']
Anitta	Major Lazer	1	['3ibRxEv4KkcU9e259eyNJA']
Anitta	Pabllo Vittar	1	['3ibRxEv4KkcU9e259eyNJA']
Major Lazer	Pabllo Vittar	1	['3ibRxEv4KkcU9e259eyNJA']
Mateus Carrilho	Pabllo Vittar	1	['4kkQGhScJDzNIIGavQE9SN']
Ludmilla	Thiaguinho	1	['4bXwQ9ZcMjoN28b4J9bykr']
Future	J Balvin	1	['4zWO4gvuFtw6EJZC5FFGlr']
Future	Juan Magán	1	['4zWO4gvuFtw6EJZC5FFGlr']
Future	MC Fioti	1	['4zWO4gvuFtw6EJZC5FFGlr']
Future	Stefflon Don	1	['4zWO4gvuFtw6EJZC5FFGlr']
J Balvin	Juan Magán	1	['4zWO4gvuFtw6EJZC5FFGlr']
J Balvin	MC Fioti	1	['4zWO4gvuFtw6EJZC5FFGlr']
J Balvin	Stefflon Don	1	['4zWO4gvuFtw6EJZC5FFGlr']
Juan Magán	MC Fioti	1	['4zWO4gvuFtw6EJZC5FFGlr']
Juan Magán	Stefflon Don	1	['4zWO4gvuFtw6EJZC5FFGlr']
MC Fioti	Stefflon Don	1	['4zWO4gvuFtw6EJZC5FFGlr']
Beyoncé	DJ Khaled	1	['1W6wxOOYyJyyok8fqYSZ3m']
Beyoncé	Future	1	['1W6wxOOYyJyyok8fqYSZ3m']
Beyoncé	JAY-Z	1	['1W6wxOOYyJyyok8fqYSZ3m']
DJ Khaled	Future	1	['1W6wxOOYyJyyok8fqYSZ3m']
DJ Khaled	JAY-Z	1	['1W6wxOOYyJyyok8fqYSZ3m']
Future	JAY-Z	1	['1W6wxOOYyJyyok8fqYSZ3m']
Solange Almeida	Wesley Safadão	1	['6X5jBkAFu7HE3jigdoVW3r']
CNCO	Little Mix	1	['5PB8zB1MOZASboLquvinMF']
Empress Of	Khalid	1	['4AhSkRYioEIfGvCV19peYN']
Eminem	Joyner Lucas	1	['60SdxE8apGAxMiRrpbmLY0']
ANAVITÓRIA	Projota	1	['7vxMtIwEn1bUKTqPKEMzJJ']
Iggy Azalea	Tyga	1	['7sP1vX19yRk9To0a7aJDzn']
Dennis DJ	MC G15	1	['4xc6RrWzEOdprPqYn9Cyen']
J Balvin	Maluma	1	['6JjPBQfI2Y8nIjnm65X6Pw']
J Balvin	Ozuna	1	['6JjPBQfI2Y8nIjnm65X6Pw']
Maluma	Nicky Jam	1	['6JjPBQfI2Y8nIjnm65X6Pw']
Maluma	Ozuna	1	['6JjPBQfI2Y8nIjnm65X6Pw']
Nicky Jam	Ozuna	1	['6JjPBQfI2Y8nIjnm65X6Pw']
Calvin Harris	Dua Lipa	1	['7ef4DlsgrMEH11cDZd32M6']
Claudia Leitte	Mano Walter	1	['0bBiQSsQ7AJsNpU63IpkNA']
Billie Eilish	Khalid	1	['0u2P5u6lvoDfwTYjAADbn4']
Aaron Smith	Krono	1	['6WkJ2OK163XXS2oARUC9JM']
Aaron Smith	Luvli	1	['6WkJ2OK163XXS2oARUC9JM']
Krono	Luvli	1	['6WkJ2OK163XXS2oARUC9JM']
BlocBoy JB	Drake	1	['4qKcDkK6siZ7Jp1Jb4m0aL']
Dennis DJ	Mc Leléto	1	['6AaoEX192rJ6o3UFwG43sV']
Dennis DJ	Mc Maromba	1	['6AaoEX192rJ6o3UFwG43sV']
Mc Leléto	Mc Maromba	1	['6AaoEX192rJ6o3UFwG43sV']
Gustavo Mioto	Maiara & Maraisa	1	['39OrWG2wKOnRlbYUmIdTuW']
Alok	Conor Maynard	1	['1qSikFO1BLTMyZCi2SbksV']
Lucas Lucco	MC Lan	1	['3SdYnX1212sx5X0N4Lj3Vb']
Anitta	DJ Zullu	1	['3QtOsthM0N3gRfD3dkqbl4']
Anitta	MC G15	1	['3QtOsthM0N3gRfD3dkqbl4']
DJ Zullu	MC G15	1	['3QtOsthM0N3gRfD3dkqbl4']
Almy	Gabi Andrade	1	['4WPffR1KQjQkUt9sU2BJpF']
EME	Gabi Andrade	1	['4WPffR1KQjQkUt9sU2BJpF']
Gaab	MC Hariel	1	['4lNriuYNZD2YP2OPG6xOte']
Matheus & Kauan	Wesley Safadão	1	['6zCqeUUqLb2CapBmVwAHll']
Cynthia Luz	Gaab	1	['4oH03lpFiysmcWex1AyddD']
Cynthia Luz	Mc Davi	1	['4oH03lpFiysmcWex1AyddD']
Gaab	Mc Davi	1	['4oH03lpFiysmcWex1AyddD']
Drake	JAY-Z	1	['3Yw09dj3cTXsAzlLjgBfIP']
Big Sean	Calvin Harris	1	['5bcTCxgc7xVfSaMV3RuVke']
Big Sean	Katy Perry	1	['5bcTCxgc7xVfSaMV3RuVke']
Big Sean	Pharrell Williams	1	['5bcTCxgc7xVfSaMV3RuVke']
Calvin Harris	Katy Perry	1	['5bcTCxgc7xVfSaMV3RuVke']
Calvin Harris	Pharrell Williams	1	['5bcTCxgc7xVfSaMV3RuVke']
Katy Perry	Pharrell Williams	1	['5bcTCxgc7xVfSaMV3RuVke']
MC Lan	MC WM	1	['04uZ473b5Y7syygehiQU7G']
Anne-Marie	David Guetta	1	['2zy9TMoZlYGuCNY4TLqG24']
Daddy Yankee	Justin Bieber	1	['5CtI0qwDJkDQGwXD1H1cLb']
Justin Bieber	Luis Fonsi	1	['5CtI0qwDJkDQGwXD1H1cLb']
Bebe Rexha	Cardi B	1	['1YNQscOx6OqBQjxgJVhEeW']
Bebe Rexha	Charli XCX	1	['1YNQscOx6OqBQjxgJVhEeW']
Bebe Rexha	Rita Ora	1	['1YNQscOx6OqBQjxgJVhEeW']
Cardi B	Charli XCX	1	['1YNQscOx6OqBQjxgJVhEeW']
Cardi B	Rita Ora	1	['1YNQscOx6OqBQjxgJVhEeW']
Charli XCX	Rita Ora	1	['1YNQscOx6OqBQjxgJVhEeW']
Alok	Foreign	1	['7gBVJf7qn3rTkQxlQ1nNeS']
Barbatuques	Foreign	1	['7gBVJf7qn3rTkQxlQ1nNeS']
Sia	ZAYN	1	['1j4kHkkpqZRBwE0A4CN4Yv']
Bruno Mars	Cardi B	1	['3Vo4wInECJQuz9BIBMOu8i']
2STRANGE	Alok	1	['20B8QudwR3rtOnZo6hswab']
2STRANGE	Barbatuques	1	['20B8QudwR3rtOnZo6hswab']
Lil Pump	Maluma	1	['2LskIZrCeLxRvCiGP8gxlh']
Lil Pump	Swae Lee	1	['2LskIZrCeLxRvCiGP8gxlh']
Lil Pump	XXXTENTACION	1	['2LskIZrCeLxRvCiGP8gxlh']
Maluma	Swae Lee	1	['2LskIZrCeLxRvCiGP8gxlh']
Maluma	XXXTENTACION	1	['2LskIZrCeLxRvCiGP8gxlh']
Swae Lee	XXXTENTACION	1	['2LskIZrCeLxRvCiGP8gxlh']
Henrique & Diego	Matheus & Kauan	1	['3LFG5DqNQRK0yL6WNMw99P']
Anitta	Jojo Maronttinni	1	['049Gol3HThYrMKwaA063O8']
Anitta	Seakret	1	['049Gol3HThYrMKwaA063O8']
Jojo Maronttinni	Seakret	1	['049Gol3HThYrMKwaA063O8']
IssoQueÉSomDeRap	Luccas Carlos	1	['0iJkUGVnog3bSJVbicIEZe']
IssoQueÉSomDeRap	Matuê	1	['0iJkUGVnog3bSJVbicIEZe']
Luccas Carlos	Matuê	1	['0iJkUGVnog3bSJVbicIEZe']
6ix9ine	Murda Beatz	1	['2E124GmJRnBJuXbTb4cPUB']
6ix9ine	Nicki Minaj	1	['2E124GmJRnBJuXbTb4cPUB']
Murda Beatz	Nicki Minaj	1	['2E124GmJRnBJuXbTb4cPUB']
Chris Brown	Lil Dicky	1	['10Igtw8bSDyyFs7KIsKngZ']
DJ Marlboro	Mc Livinho	1	['6gxcySGdwlisjOUGYmJmB8']
Baco Exu do Blues	Tuyo	1	['7wcDSsREsX9wn8P1iEdBgj']
Rooftime	Vintage Culture	1	['2bbfiUnH4CATlekDS1dxNr']
De La Ghetto	Jason Derulo	1	['4QtiVmuA88tPQiCOHZuQ5b']
De La Ghetto	Sofia Reyes	1	['4QtiVmuA88tPQiCOHZuQ5b']
Jason Derulo	Sofia Reyes	1	['4QtiVmuA88tPQiCOHZuQ5b']
Junior Lord	MC Kevinho	1	['5N01PIDYxihL0tB4c73HLN']
League of Legends	Mako	1	['69Sy7207dnixZ6w7RSV9Kb']
League of Legends	The Glitch Mob	1	['69Sy7207dnixZ6w7RSV9Kb']
League of Legends	The Word Alive	1	['69Sy7207dnixZ6w7RSV9Kb']
Mako	The Glitch Mob	1	['69Sy7207dnixZ6w7RSV9Kb']
Mako	The Word Alive	1	['69Sy7207dnixZ6w7RSV9Kb']
The Glitch Mob	The Word Alive	1	['69Sy7207dnixZ6w7RSV9Kb']
DJ Jorgin	Mc Livinho	1	['3ahzlIaskYtUDmtCrhvPO8']
David Guetta	Jason Derulo	1	['5Xn4IyTtW6FUGIUyWjbUHG']
David Guetta	Nicki Minaj	1	['5Xn4IyTtW6FUGIUyWjbUHG']
David Guetta	Willy William	1	['5Xn4IyTtW6FUGIUyWjbUHG']
Jason Derulo	Nicki Minaj	1	['5Xn4IyTtW6FUGIUyWjbUHG']
Jason Derulo	Willy William	1	['5Xn4IyTtW6FUGIUyWjbUHG']
Nicki Minaj	Willy William	1	['5Xn4IyTtW6FUGIUyWjbUHG']
1Kilo	DoisP	1	['6TtEsPJua1fXgiaYSjo4JD']
Bruno Cardoso	Ferrugem	1	['0vT797IpZpF5o1XLCnWCUL']
Lauana Prado	Maiara & Maraisa	1	['1xyVMQx51Kab6eLVtE6twx']
Batidão Stronda	Dj DG	1	['4r0K5FOCCyuAEb6BsR2ziw']
Batidão Stronda	MC Bruninho	1	['4r0K5FOCCyuAEb6BsR2ziw']
Batidão Stronda	Vitinho Ferrari	1	['4r0K5FOCCyuAEb6BsR2ziw']
Dj DG	MC Bruninho	1	['4r0K5FOCCyuAEb6BsR2ziw']
Dj DG	Vitinho Ferrari	1	['4r0K5FOCCyuAEb6BsR2ziw']
MC Bruninho	Vitinho Ferrari	1	['4r0K5FOCCyuAEb6BsR2ziw']
Ludmilla	Pabllo Vittar	1	['1hyZhrsBVJZ3uTgbGGQwCn']
Ariana Grande	Pharrell Williams	1	['4mLkiFppf8Xvem6BSY34qw']
Bastille	Marshmello	1	['2dpaYNEQHiRxtZbfNsse99']
Lucas Lima	Sandy	1	['3kXOMpUjIGkRHyZiAp7eMS']
Enzo Rabelo	Zé Felipe	1	['1ELXy0IfF2iKYwnsUqbYIQ']
Mc Livinho	Rennan da Penha	1	['0IQCOAw9ZAI6WnXIrl481F']
Dzeko	Post Malone	1	['4kWO6O1BUXcZmaxitpVUwp']
Dzeko	Preme	1	['4kWO6O1BUXcZmaxitpVUwp']
Dzeko	Tiësto	1	['4kWO6O1BUXcZmaxitpVUwp']
Post Malone	Preme	1	['4kWO6O1BUXcZmaxitpVUwp']
Post Malone	Tiësto	1	['4kWO6O1BUXcZmaxitpVUwp']
Preme	Tiësto	1	['4kWO6O1BUXcZmaxitpVUwp']
Ludmilla	MC Kekel	1	['3q74k4YGz5687QPwCZLQgt']
2 Chainz	Christina Aguilera	1	['5eQ9IwVa9EodrmIItRQpaA']
2 Chainz	Ty Dolla $ign	1	['5eQ9IwVa9EodrmIItRQpaA']
Christina Aguilera	Ty Dolla $ign	1	['5eQ9IwVa9EodrmIItRQpaA']
Halsey	Khalid	1	['0d2iYfpKoM0QCKvcLCkBao']
Halsey	benny blanco	1	['0d2iYfpKoM0QCKvcLCkBao']
Khalid	benny blanco	1	['0d2iYfpKoM0QCKvcLCkBao']
Avine Vinny	Matheus & Kauan	1	['3QkKCTSHnJlUag0GG9F1cN']
Alok	Mario Bautista	1	['74RrMiuSOzAHZEqLlC0BHz']
Hungria Hip Hop	Mojjo	1	['3g0KPXd30xVTmZEVf9P4FX']
Dennis DJ	Maiara & Maraisa	1	['6aIrHPvM3l16MeS7iOQRYO']
Dennis DJ	Marília Mendonça	1	['6aIrHPvM3l16MeS7iOQRYO']
Kendrick Lamar	The Weeknd	1	['4ofvoCdXq99vpMZO4Cfp8x']
Anitta	Matheus & Kauan	1	['2Ab1wPTEqulaCGoBak1gUo']
IZA	Ruxell	1	['6u5iKjE9baEuuMndKsE00C']
Cardi B	DJ Snake	1	['4w8niZpiMy6qz1mntFA5uM']
Cardi B	Ozuna	1	['4w8niZpiMy6qz1mntFA5uM']
Cardi B	Selena Gomez	1	['4w8niZpiMy6qz1mntFA5uM']
DJ Snake	Ozuna	1	['4w8niZpiMy6qz1mntFA5uM']
DJ Snake	Selena Gomez	1	['4w8niZpiMy6qz1mntFA5uM']
Ozuna	Selena Gomez	1	['4w8niZpiMy6qz1mntFA5uM']
DJ Cassula	Mc Nando Dk	1	['7CtFr21TzdM4ntuBkwzpxg']
João Neto & Frederico	MC Kevinho	1	['5JZlDZzWPbrYwMHmnOQO3U']
Dilsinho	Luan Santana	1	['08qhlblL5nfKeBDTQrzi8E']
Maluma	Nego do Borel	1	['4lESS6vuruP6a79KWRaQou']
DJ RD	Dani Russo	1	['0qFHLde09T8wwoxQOhGtJQ']
DJ RD	MC Kekel	1	['0qFHLde09T8wwoxQOhGtJQ']
Dani Russo	MC Kekel	1	['0qFHLde09T8wwoxQOhGtJQ']
Cat Dealers	LOthief	1	['36wm1WBVArEbnIgtkT3abj']
Cat Dealers	Santti	1	['36wm1WBVArEbnIgtkT3abj']
LOthief	Santti	1	['36wm1WBVArEbnIgtkT3abj']
Gloria Groove	Leo Santana	1	['7vuuF2GPogLbevT3WU1WCy']
Jerry Smith	Munhoz & Mariano	1	['26bMmC90QF0FOd1ctDnkeU']
