artist_1	artist_2	count	song_ids
Quavo	Travis Scott	9	['2bjwRfXMk4uRgOD9IBYl9h', '3Ytr1SUCUi6J3L9dRFx5iH', '4vwfOiyWxXeEdx4ejAJgdx', '6urLjX35oXXRYtcH1b3dCh', '7g7raxdQpiLZT7aOlib4S1', '5vuiHi3QYbwcm1OKJOYnrf', '7foypmc7KZyU716Yv63BPe', '628Ueb4sRiXApObhcU9iPU', '7J6bnDDitOwfelaJNixHhL']
21 Savage	Metro Boomin	7	['0tdCy39PgWN8LFWu34ORn3', '7DuvVy7JfFgXwWlVzyyPys', '5u6vkDnOyaf8LsteDAj2ub', '2D2w9943rsnJOGCrI4aMQp', '0Gux2yTMWYOlcBUNjGJu5p', '6fwdbPMwP1zVStm8FybmkO', '4gmmRb6bZJffOOiww1JGTO']
Huncho Jack	Quavo	7	['4vwfOiyWxXeEdx4ejAJgdx', '6urLjX35oXXRYtcH1b3dCh', '7g7raxdQpiLZT7aOlib4S1', '5vuiHi3QYbwcm1OKJOYnrf', '7foypmc7KZyU716Yv63BPe', '628Ueb4sRiXApObhcU9iPU', '7J6bnDDitOwfelaJNixHhL']
Huncho Jack	Travis Scott	7	['4vwfOiyWxXeEdx4ejAJgdx', '6urLjX35oXXRYtcH1b3dCh', '7g7raxdQpiLZT7aOlib4S1', '5vuiHi3QYbwcm1OKJOYnrf', '7foypmc7KZyU716Yv63BPe', '628Ueb4sRiXApObhcU9iPU', '7J6bnDDitOwfelaJNixHhL']
Metro Boomin	Offset	4	['0tdCy39PgWN8LFWu34ORn3', '6kig1UFggPUyZBCvXD3Wod', '7sO5G9EABYOXQKNPNiE9NR', '5u6vkDnOyaf8LsteDAj2ub']
A Boogie Wit da Hoodie	Kodak Black	4	['5gx2E5aIXMRBellPZW1up5', '6Q2FftbUG530lCtBI74bMH', '1f5cbQtDrykjarZVrShaDI', '3LnOF5n1GOs01siYZXzS3p']
Chance the Rapper	Lil Wayne	4	['0v9Wz8o0BT8DU38R4ddjeH', '1jYiIOC5d6soxkJP81fxq2', '72Q0FQQo32KJloivv5xge2', '3DXncPQOG4VBw3QHh3S817']
Big Sean	Metro Boomin	4	['3wAI7MIQtTgwcRmwchPZBc', '0Gux2yTMWYOlcBUNjGJu5p', '7DuvVy7JfFgXwWlVzyyPys', '0fWBFDRTIuk8ZgNdZqhCer']
Future	Young Thug	4	['06Gyf2pFDVmN5K8XAawG96', '2XdgSB4TtzUHQYCMfSHbFI', '7r6LNJT2LqpLpEyZQJPygt', '25oOaleife6E2MIKmFkPvg']
Demi Lovato	Jax Jones	3	['2ytH5wDuqhgLTiDVYioteq', '6yf3MxEOScNBTYCHOAIiNQ', '0XfOi87h82i09rQjWYG0Bm']
Demi Lovato	Stefflon Don	3	['2ytH5wDuqhgLTiDVYioteq', '6yf3MxEOScNBTYCHOAIiNQ', '0XfOi87h82i09rQjWYG0Bm']
Jax Jones	Stefflon Don	3	['2ytH5wDuqhgLTiDVYioteq', '6yf3MxEOScNBTYCHOAIiNQ', '0XfOi87h82i09rQjWYG0Bm']
Khalid	Lorde	3	['69Naniu2KjKjaQOBUagE8U', '7rdUtXasA973gmrr2Xxh3E', '2rE9TX3VQ0WNt7kziFhKep']
Khalid	Post Malone	3	['69Naniu2KjKjaQOBUagE8U', '7rdUtXasA973gmrr2Xxh3E', '2rE9TX3VQ0WNt7kziFhKep']
Khalid	SZA	3	['69Naniu2KjKjaQOBUagE8U', '7rdUtXasA973gmrr2Xxh3E', '2rE9TX3VQ0WNt7kziFhKep']
Lorde	Post Malone	3	['69Naniu2KjKjaQOBUagE8U', '7rdUtXasA973gmrr2Xxh3E', '2rE9TX3VQ0WNt7kziFhKep']
Lorde	SZA	3	['69Naniu2KjKjaQOBUagE8U', '7rdUtXasA973gmrr2Xxh3E', '2rE9TX3VQ0WNt7kziFhKep']
Post Malone	SZA	3	['69Naniu2KjKjaQOBUagE8U', '7rdUtXasA973gmrr2Xxh3E', '2rE9TX3VQ0WNt7kziFhKep']
Calvin Harris	Pharrell Williams	3	['6BaCraQ9xeLYg4Sb9TBT2X', '60APt5N2NRaKWf5xzJdzyC', '5bcTCxgc7xVfSaMV3RuVke']
Calvin Harris	Travis Scott	3	['4KaIJ1FWXUoAAnOts1YWjD', '4vv1KjUzPwrtDbozizSfQc', '6LOCAhFzZiavHcLJucLuDy']
Bad Bunny	Yandel	3	['48yAM9xWBwT4Ac9G1y20rw', '3VClLWqNn80Llv0PJOsKgr', '1LszjjoVwDDZcWUQbzeDLG']
Gucci Mane	Migos	3	['1HTtUBEY3tuw2btgwwI2Ja', '1XRgIKC5TPwo7nWGyKqgG0', '6p8NuHm8uCGnn2Dtbtf7zE']
A$AP Rocky	Lana Del Rey	3	['03hqMhmCZiNKMSPmVabPLP', '5QqyRUZeBE04yJxsD1OC0I', '5JwLhFNrXw49pn3HQqu02G']
Chance the Rapper	DJ Khaled	3	['1jYiIOC5d6soxkJP81fxq2', '72Q0FQQo32KJloivv5xge2', '3DXncPQOG4VBw3QHh3S817']
Chance the Rapper	Justin Bieber	3	['1jYiIOC5d6soxkJP81fxq2', '72Q0FQQo32KJloivv5xge2', '3DXncPQOG4VBw3QHh3S817']
Chance the Rapper	Quavo	3	['1jYiIOC5d6soxkJP81fxq2', '72Q0FQQo32KJloivv5xge2', '3DXncPQOG4VBw3QHh3S817']
DJ Khaled	Justin Bieber	3	['1jYiIOC5d6soxkJP81fxq2', '72Q0FQQo32KJloivv5xge2', '3DXncPQOG4VBw3QHh3S817']
DJ Khaled	Lil Wayne	3	['1jYiIOC5d6soxkJP81fxq2', '72Q0FQQo32KJloivv5xge2', '3DXncPQOG4VBw3QHh3S817']
DJ Khaled	Quavo	3	['1jYiIOC5d6soxkJP81fxq2', '72Q0FQQo32KJloivv5xge2', '3DXncPQOG4VBw3QHh3S817']
Justin Bieber	Lil Wayne	3	['1jYiIOC5d6soxkJP81fxq2', '72Q0FQQo32KJloivv5xge2', '3DXncPQOG4VBw3QHh3S817']
Justin Bieber	Quavo	3	['1jYiIOC5d6soxkJP81fxq2', '72Q0FQQo32KJloivv5xge2', '3DXncPQOG4VBw3QHh3S817']
Lil Wayne	Quavo	3	['1jYiIOC5d6soxkJP81fxq2', '72Q0FQQo32KJloivv5xge2', '3DXncPQOG4VBw3QHh3S817']
Camila Cabello	Quavo	2	['3Ytr1SUCUi6J3L9dRFx5iH', '4xBjsLUSjcx2h7PcRikpQp']
Drake	Young Thug	2	['7bJ4mu7MHa3rHiNyKjOoSl', '0xl1w2q4VLojeXp4JfazPL']
Daft Punk	The Weeknd	2	['5aAx2yezTd8zXrkmtKl66Z', '5GXAXm5YOmYT0kL5jHvYBt']
J Balvin	Willy William	2	['7fwXWKdDNI5IutOMc5OKYw', '2rb5MvYT7ZIxbKW5hfcHx8']
A$AP Rocky	Cardi B	2	['2DQ1ITjI0YoLFzuADN1ZBW', '2Xqd0wUttjueBfdcltADOv']
A$AP Rocky	G-Eazy	2	['2DQ1ITjI0YoLFzuADN1ZBW', '2Xqd0wUttjueBfdcltADOv']
Cardi B	G-Eazy	2	['2DQ1ITjI0YoLFzuADN1ZBW', '2Xqd0wUttjueBfdcltADOv']
Beyoncé	DJ Khaled	2	['7Fa5UNizycSms5jP3SQD3F', '3OoZagIW3YK8vjt0ws6NOI']
Beyoncé	JAY-Z	2	['7Fa5UNizycSms5jP3SQD3F', '3OoZagIW3YK8vjt0ws6NOI']
DJ Khaled	JAY-Z	2	['7Fa5UNizycSms5jP3SQD3F', '3OoZagIW3YK8vjt0ws6NOI']
G-Eazy	Halsey	2	['5k38wzpLb15YgncyWdTZE4', '3YU6vJbjYUG0tiJyXf9x5V']
Major Lazer	MØ	2	['4WjH9Bzt3kx7z8kl0awxh4', '6DNtNfH8hXkqOX1sjqmI7p']
Bad Bunny	J Balvin	2	['0RFFFGtPn6a58RHY3ccVYX', '5hcisvFMidkMJlElTO9Qmw']
CNCO	Little Mix	2	['3zoYkqS4y2BsGVShPL2nTE', '5PB8zB1MOZASboLquvinMF']
Big Sean	Calvin Harris	2	['6BaCraQ9xeLYg4Sb9TBT2X', '5bcTCxgc7xVfSaMV3RuVke']
Big Sean	Katy Perry	2	['6BaCraQ9xeLYg4Sb9TBT2X', '5bcTCxgc7xVfSaMV3RuVke']
Big Sean	Pharrell Williams	2	['6BaCraQ9xeLYg4Sb9TBT2X', '5bcTCxgc7xVfSaMV3RuVke']
Calvin Harris	Katy Perry	2	['6BaCraQ9xeLYg4Sb9TBT2X', '5bcTCxgc7xVfSaMV3RuVke']
Katy Perry	Pharrell Williams	2	['6BaCraQ9xeLYg4Sb9TBT2X', '5bcTCxgc7xVfSaMV3RuVke']
Calvin Harris	DJ Khaled	2	['4vv1KjUzPwrtDbozizSfQc', '6LOCAhFzZiavHcLJucLuDy']
Calvin Harris	Jeremih	2	['4vv1KjUzPwrtDbozizSfQc', '6LOCAhFzZiavHcLJucLuDy']
DJ Khaled	Jeremih	2	['4vv1KjUzPwrtDbozizSfQc', '6LOCAhFzZiavHcLJucLuDy']
DJ Khaled	Travis Scott	2	['4vv1KjUzPwrtDbozizSfQc', '6LOCAhFzZiavHcLJucLuDy']
Jeremih	Travis Scott	2	['4vv1KjUzPwrtDbozizSfQc', '6LOCAhFzZiavHcLJucLuDy']
Maroon 5	SZA	2	['4mxWSdf71VFO52qFeY0fZt', '3hBBKuWJfxlIlnd9QFoC8k']
Bad Bunny	DJ Luian	2	['3VClLWqNn80Llv0PJOsKgr', '5hcisvFMidkMJlElTO9Qmw']
Bad Bunny	Mambo Kingz	2	['3VClLWqNn80Llv0PJOsKgr', '5hcisvFMidkMJlElTO9Qmw']
DJ Luian	Mambo Kingz	2	['3VClLWqNn80Llv0PJOsKgr', '5hcisvFMidkMJlElTO9Qmw']
Nicki Minaj	Yo Gotti	2	['6c7D34787LOtPm8tzhsLgH', '4knL4iPxPOZjQzTUlELGSY']
21 Savage	Big Sean	2	['0Gux2yTMWYOlcBUNjGJu5p', '7DuvVy7JfFgXwWlVzyyPys']
21 Savage	Offset	2	['0tdCy39PgWN8LFWu34ORn3', '5u6vkDnOyaf8LsteDAj2ub']
Metro Boomin	Travis Scott	2	['3wAI7MIQtTgwcRmwchPZBc', '5u6vkDnOyaf8LsteDAj2ub']
Offset	Travis Scott	2	['6urLjX35oXXRYtcH1b3dCh', '5u6vkDnOyaf8LsteDAj2ub']
Macklemore	Skylar Grey	2	['3HVr6jTVwBHBa2flM0eURR', '0CokSRCu5hZgPxcZBaEzVE']
Drake	Future	2	['78sr3ogs4UzITcCNbXM9cM', '27GmP9AWRs744SzKcpJsTZ']
Miguel	Travis Scott	2	['5WoaF1B5XIEnWfmb5NZikf', '1DRW9bQzt2SE8f7H4KJZyL']
Jonas Blue	William Singe	2	['0NiXXAI876aGImAd6rTj8w', '4xlrALxuaCf9yZBHJeTSG6']
Future	The Weeknd	2	['3mRcWCyteY2133a7xVMrYw', '7EiZI6JVHllARrX9PUvAdX']
Natti Natasha	Ozuna	2	['6Za3190Sbw39BBC77WSS1C', '2SmgFAhQkQCQPyBiBxR6Te']
2 Chainz	Young Thug	2	['0xl1w2q4VLojeXp4JfazPL', '5PfTI3zrQbZEWcQdycMqJM']
Jax Jones	RAYE	2	['7M16mAuWuFA5rC9HvkXaGx', '00lNx0OcTJrS3MKHcB80HY']
2 Chainz	Travis Scott	2	['02hNDxtMMTpq72rdp1lm6v', '1nX9KhK3Fff27SnrIor2Yb']
Lil Yachty	Macklemore	2	['7bsnTsbiwOymZWjPF9v6Di', '0RYXEibxMami3QuT8kn4Iz']
Fifth Harmony	Gucci Mane	2	['20H2Hd5AkUcRjB4yL3UQtJ', '7LEydI5NfjY6mZfKwYIptZ']
Gucci Mane	The Weeknd	2	['1tp1xMJ1uaOktksskS0Fzs', '2yuyaYAELoMG4ApV5wJsWR']
Beyoncé	Eminem	2	['5b2QnYcT9rQIkhRWt4HztQ', '5PIBgH1cUFwu5IiUk9tnN9']
Bad Bunny	Farruko	2	['3rgjBiAMVGnxmsTDmUy8vb', '7FfpP3YZ6fOWMdxkIAtud9']
Bad Bunny	Rvssian	2	['3rgjBiAMVGnxmsTDmUy8vb', '7FfpP3YZ6fOWMdxkIAtud9']
Farruko	Rvssian	2	['3rgjBiAMVGnxmsTDmUy8vb', '7FfpP3YZ6fOWMdxkIAtud9']
A$AP Rocky	Tyler, The Creator	2	['1a0wEEHipnBR7WOHFA6ucQ', '21yRtB6B8EMounImAfHRCP']
Calvin Harris	Future	2	['3FDrI0FLKzrYQiWxPhqV2W', '0lMbuWUpfTWhEmOKxppEau']
Calvin Harris	Khalid	2	['3FDrI0FLKzrYQiWxPhqV2W', '0lMbuWUpfTWhEmOKxppEau']
Future	Khalid	2	['3FDrI0FLKzrYQiWxPhqV2W', '0lMbuWUpfTWhEmOKxppEau']
Kygo	The Night Game	2	['1Bxzw8ag71snOU9IbhXVD6', '2UxfcZJCphbEkfbZ6nLiDx']
Grey	Hailee Steinfeld	2	['6875MeXyCW0wLyT72Eetmo', '1qOLh0tI7trd1zdDKxYZTe']
Grey	Zedd	2	['6875MeXyCW0wLyT72Eetmo', '1qOLh0tI7trd1zdDKxYZTe']
Hailee Steinfeld	Zedd	2	['6875MeXyCW0wLyT72Eetmo', '1qOLh0tI7trd1zdDKxYZTe']
JP Cooper	Jonas Blue	2	['5bZtRlMBU76vHuDOb1GM5u', '1CUVN2kn7mW5FjkqXTR2W1']
Bad Bunny	KAROL G	2	['61HHDBLqF3AmSvLfHKNGd2', '11ZRYISCsAsLyyJo47DudZ']
Calvin Harris	Frank Ocean	2	['6gpcs5eMhJwax4mIfKDYQk', '7tr2za8SQg2CI8EDgrdtNl']
Calvin Harris	Migos	2	['6gpcs5eMhJwax4mIfKDYQk', '7tr2za8SQg2CI8EDgrdtNl']
Frank Ocean	Migos	2	['6gpcs5eMhJwax4mIfKDYQk', '7tr2za8SQg2CI8EDgrdtNl']
Drake	Rihanna	2	['14WWzenpaEgQZlqPq2nk4v', '11KJSRSgaDxqydKYiD2Jew']
Drake	Giggs	2	['2jTujnt0y344ai1rNOywgr', '6CfrYuD3YRDYdYvH9jNtXY']
Chris Jeday	Ozuna	2	['22eADXu8DfOAUEDw4vU8qy', '4XCQtUoRSh22Ep18ULmDnT']
Offset	Quavo	2	['6urLjX35oXXRYtcH1b3dCh', '0tdCy39PgWN8LFWu34ORn3']
French Montana	Swae Lee	2	['3B54sVLJ402zGa6Xm4YGNe', '1F2HXIJrE2Xn81OzT2zZvW']
Lana Del Rey	The Weeknd	2	['5LYQSNHZxEA880URXFHg6h', '4L7Y2OAPiY2I2GndZjAs5K']
Shawn Hook	Vanessa Hudgens	2	['7DQXiMeLqiQsy1uqHSk0xc', '4gqMQftUs22F8pOGVn5Acr']
Lil Uzi Vert	Oh Wonder	2	['2eAZfqOm4EnOF9VvN50Tyc', '6GNifiuBPrKFpwNBYnooFm']
21 Savage	Post Malone	2	['1OmcAT5Y8eg5bUPv9qJT4R', '7wGoVu4Dady5GV0Sv4UIsx']
Alesso	Florida Georgia Line	2	['5AEtlRudpgdT5FtNiuly6Y', '5Gu0PDLN4YJeW75PpBSg9p']
Alesso	Hailee Steinfeld	2	['5AEtlRudpgdT5FtNiuly6Y', '5Gu0PDLN4YJeW75PpBSg9p']
Alesso	watt	2	['5AEtlRudpgdT5FtNiuly6Y', '5Gu0PDLN4YJeW75PpBSg9p']
Florida Georgia Line	Hailee Steinfeld	2	['5AEtlRudpgdT5FtNiuly6Y', '5Gu0PDLN4YJeW75PpBSg9p']
Florida Georgia Line	watt	2	['5AEtlRudpgdT5FtNiuly6Y', '5Gu0PDLN4YJeW75PpBSg9p']
Hailee Steinfeld	watt	2	['5AEtlRudpgdT5FtNiuly6Y', '5Gu0PDLN4YJeW75PpBSg9p']
Ozuna	Wisin	2	['2cnKEkpVUSV4wnjQiTWfH6', '1KSqYYJFyfTecXFk9M0prc']
Carlos Vives	Sebastian Yatra	2	['0JcNysfWVWaMS7R6vzGB2k', '4z3GJkrtH97Bj6fRta983T']
Daddy Yankee	Ozuna	2	['4okba5wu9mMLXx79DXLKi3', '4XCQtUoRSh22Ep18ULmDnT']
G-Eazy	Marc E. Bassy	2	['4QdovcM8j50QPlyR7tH4xe', '1Bqxj0aH5KewYHKUg1IdrF']
Emily Warren	The Chainsmokers	2	['1pJQAHpD51J7GYaFrrFO9S', '6V9kwssTrwkKT72imgowj9']
Frank Ocean	Steve Lacy	2	['1pGAvZo2axYXAXYiSeYEqY', '4bEcoz1OcfMgUbp2ft8ieQ']
Frank Ocean	Tyler, The Creator	2	['1pGAvZo2axYXAXYiSeYEqY', '4bEcoz1OcfMgUbp2ft8ieQ']
Steve Lacy	Tyler, The Creator	2	['1pGAvZo2axYXAXYiSeYEqY', '4bEcoz1OcfMgUbp2ft8ieQ']
Major Lazer	Nyla	2	['1KqvRRQd3lfM0pAlkGPrgD', '0L7loeTIg6akW84aEQZpCT']
A$AP Rocky	Playboi Carti	2	['5QqyRUZeBE04yJxsD1OC0I', '5JwLhFNrXw49pn3HQqu02G']
Lana Del Rey	Playboi Carti	2	['5QqyRUZeBE04yJxsD1OC0I', '5JwLhFNrXw49pn3HQqu02G']
Daddy Yankee	Luis Fonsi	2	['5CtI0qwDJkDQGwXD1H1cLb', '4aWmUDTfIPGksMNLV2rQP2']
Kendrick Lamar	Maroon 5	1	['5MFzQMkrl1FOOng9tq6R9r']
Hailee Steinfeld	Machine Gun Kelly	1	['77lGafvlU68CeHgB2pkHC9']
Chris Brown	Gucci Mane	1	['05Z7jet4VDNVgNQWcYHnrk']
Chris Brown	Usher	1	['05Z7jet4VDNVgNQWcYHnrk']
Gucci Mane	Usher	1	['05Z7jet4VDNVgNQWcYHnrk']
Eartha Kitt	Henri Rene & His Orchestra	1	['1foCxQtxBweJtZmdxhEHVO']
Camila Cabello	Daddy Yankee	1	['3whrwq4DtvucphBPUogRuJ']
DJ Khaled	Migos	1	['4oLuMvGQ4WJfU2s4OM6nfE']
The Chainsmokers	XYLØ	1	['0B8B8cVRFIG1yznoQe7c9s']
Drake	Metro Boomin	1	['6kig1UFggPUyZBCvXD3Wod']
Drake	Offset	1	['6kig1UFggPUyZBCvXD3Wod']
Lil Uzi Vert	Migos	1	['4Km5HrUvYTaSUfiSGPJeQR']
Ed Sheeran	Stormzy	1	['2NHSYwGkAvPHzCinY0KwXo']
Cheat Codes	Dante Klein	1	['0lmdsH1MIoLsMymnNpd6HU']
DJ Khaled	Drake	1	['3pC1ILr9KzmQLMe8Kn5QBG']
Kirsty MacColl	The Pogues	1	['3VTNVsTTu05dmTsVFrmGpK']
G-Eazy	Kehlani	1	['1Eck97uRMlprKOOJN9oO1E']
187 Strassenbande	Bonez MC	1	['6mw02h3qbWmuq2bJCRjRAe']
187 Strassenbande	Gzuz	1	['6mw02h3qbWmuq2bJCRjRAe']
Bonez MC	Gzuz	1	['6mw02h3qbWmuq2bJCRjRAe']
Lil Uzi Vert	Pharrell Williams	1	['1MJErNPIQUoEMu4YUUmecm']
Beyoncé	J Balvin	1	['7fwXWKdDNI5IutOMc5OKYw']
Beyoncé	Willy William	1	['7fwXWKdDNI5IutOMc5OKYw']
Justin Jesso	Kygo	1	['0Zbbxnx4SGGHoIow4PpISP']
Alok	Bruno Martini	1	['1a5Yu5L18qNxVhXx38njON']
Alok	Zeeba	1	['1a5Yu5L18qNxVhXx38njON']
Bruno Martini	Zeeba	1	['1a5Yu5L18qNxVhXx38njON']
Anitta	DJ Yuri Martins	1	['6u0EAxf1OJTLS7CvInuNd7']
Anitta	Maejor	1	['6u0EAxf1OJTLS7CvInuNd7']
Anitta	Mc Zaac	1	['6u0EAxf1OJTLS7CvInuNd7']
Anitta	Tropkillaz	1	['6u0EAxf1OJTLS7CvInuNd7']
DJ Yuri Martins	Maejor	1	['6u0EAxf1OJTLS7CvInuNd7']
DJ Yuri Martins	Mc Zaac	1	['6u0EAxf1OJTLS7CvInuNd7']
DJ Yuri Martins	Tropkillaz	1	['6u0EAxf1OJTLS7CvInuNd7']
Maejor	Mc Zaac	1	['6u0EAxf1OJTLS7CvInuNd7']
Maejor	Tropkillaz	1	['6u0EAxf1OJTLS7CvInuNd7']
Mc Zaac	Tropkillaz	1	['6u0EAxf1OJTLS7CvInuNd7']
Drake	Quavo	1	['2bjwRfXMk4uRgOD9IBYl9h']
Drake	Travis Scott	1	['2bjwRfXMk4uRgOD9IBYl9h']
Calvin Harris	DRAM	1	['0Ws8D3EWUDgY962Xftb0h5']
Calvin Harris	PARTYNEXTDOOR	1	['0Ws8D3EWUDgY962Xftb0h5']
Calvin Harris	ScHoolboy Q	1	['0Ws8D3EWUDgY962Xftb0h5']
DRAM	PARTYNEXTDOOR	1	['0Ws8D3EWUDgY962Xftb0h5']
DRAM	ScHoolboy Q	1	['0Ws8D3EWUDgY962Xftb0h5']
PARTYNEXTDOOR	ScHoolboy Q	1	['0Ws8D3EWUDgY962Xftb0h5']
Marshmello	Selena Gomez	1	['7EmGUiUaOSGDnUUQUDrOXC']
Cali Y El Dandee	Maite Perroni	1	['05ZXXyeZFhZtA6DAP3Aw7x']
DJ Snake	Major Lazer	1	['4WjH9Bzt3kx7z8kl0awxh4']
DJ Snake	MØ	1	['4WjH9Bzt3kx7z8kl0awxh4']
Descemer Bueno	Enrique Iglesias	1	['7nKBxz47S9SD79N086fuhn']
Descemer Bueno	Zion & Lennox	1	['7nKBxz47S9SD79N086fuhn']
Enrique Iglesias	Zion & Lennox	1	['7nKBxz47S9SD79N086fuhn']
Ariana Grande	Future	1	['3FiE2d325mIOc4YjkSLVJR']
Damian Lemar Hudson	Logic	1	['7BKUWh5sdtdS17crohRe4L']
Cedric Gervais	Chris Willis	1	['4PdJSsESm34djLfBde9Pr2']
Cedric Gervais	David Guetta	1	['4PdJSsESm34djLfBde9Pr2']
Chris Willis	David Guetta	1	['4PdJSsESm34djLfBde9Pr2']
CADE	Cheat Codes	1	['1NDxZ7cFAo481dtYWdrUnR']
CADE	Maggie Lindemann	1	['1NDxZ7cFAo481dtYWdrUnR']
Cheat Codes	Maggie Lindemann	1	['1NDxZ7cFAo481dtYWdrUnR']
Justin Bieber	Major Lazer	1	['6DNtNfH8hXkqOX1sjqmI7p']
Justin Bieber	MØ	1	['6DNtNfH8hXkqOX1sjqmI7p']
Khalid	Marshmello	1	['7vGuf3Y35N4wmASOKLUVVU']
Nicky Jam	Wisin	1	['4yN6xPLopmTLvc27pO9LIE']
Dalmata	Sebastian Yatra	1	['5TmZYdHW6HJ9gt7Aokuql5']
Flume	Kai	1	['12REd1n8PeiHHWOh066tpr']
Wisin	Yandel	1	['5YzA563GXTuwQaRq24z1k5']
DRAM	Lil Yachty	1	['7yyRTcZmCiyzzJlNzGC9Ol']
Kendrick Lamar	U2	1	['4iYRa2btalAzPZoSYfROqF']
Bebe Rexha	Lil Wayne	1	['6Pw3Gvw4wNMZfTYZa6IQal']
Cash Cash	Conor Maynard	1	['1839RWzPRZCVgvamu4sHSN']
Charly Black	Daddy Yankee	1	['1AkTW13ysu0AJrwuM6UY0I']
Charlie Puth	G-Eazy	1	['3qk4wRMDlaeagZGjSYbsOV']
Bad Bunny	Prince Royce	1	['5hcisvFMidkMJlElTO9Qmw']
DJ Luian	J Balvin	1	['5hcisvFMidkMJlElTO9Qmw']
DJ Luian	Prince Royce	1	['5hcisvFMidkMJlElTO9Qmw']
J Balvin	Mambo Kingz	1	['5hcisvFMidkMJlElTO9Qmw']
J Balvin	Prince Royce	1	['5hcisvFMidkMJlElTO9Qmw']
Mambo Kingz	Prince Royce	1	['5hcisvFMidkMJlElTO9Qmw']
Galantis	Hook N Sling	1	['2MHCiOohBZEQuLgDTPvSzF']
Eminem	Kehlani	1	['6Ww0J5EFjiPxkgZpEkRQVN']
A-Trak	Calvin Harris	1	['4KaIJ1FWXUoAAnOts1YWjD']
A-Trak	Travis Scott	1	['4KaIJ1FWXUoAAnOts1YWjD']
2 Chainz	Chance the Rapper	1	['0v9Wz8o0BT8DU38R4ddjeH']
2 Chainz	Lil Wayne	1	['0v9Wz8o0BT8DU38R4ddjeH']
Ed Sheeran	Future	1	['2x0WlnmfG39ZuDmstl9xfX']
Ed Sheeran	Taylor Swift	1	['2x0WlnmfG39ZuDmstl9xfX']
Future	Taylor Swift	1	['2x0WlnmfG39ZuDmstl9xfX']
DJ Snake	Lauv	1	['0Wv5wuenRLI3BcwgT3HPIP']
Jhené Aiko	The Chainsmokers	1	['0dj1CtyRxZ4bnIT4Q20jNT']
BloodPop®	Justin Bieber	1	['7nZmah2llfvLDiUjm0kiyz']
Ariana Grande	John Legend	1	['1KT0xdIjm7t053xByACrrg']
Afrojack	Charli XCX	1	['0tPQPaOKM32WgMSbPCYyRH']
Afrojack	David Guetta	1	['0tPQPaOKM32WgMSbPCYyRH']
Afrojack	French Montana	1	['0tPQPaOKM32WgMSbPCYyRH']
Charli XCX	David Guetta	1	['0tPQPaOKM32WgMSbPCYyRH']
Charli XCX	French Montana	1	['0tPQPaOKM32WgMSbPCYyRH']
David Guetta	French Montana	1	['0tPQPaOKM32WgMSbPCYyRH']
Felix Snow	Kiiara	1	['3QWjljChcOMkRDYSzF33Qr']
A Boogie Wit da Hoodie	Chris Brown	1	['5gx2E5aIXMRBellPZW1up5']
A Boogie Wit da Hoodie	Yo Gotti	1	['5gx2E5aIXMRBellPZW1up5']
Chris Brown	Kodak Black	1	['5gx2E5aIXMRBellPZW1up5']
Chris Brown	Yo Gotti	1	['5gx2E5aIXMRBellPZW1up5']
Kodak Black	Yo Gotti	1	['5gx2E5aIXMRBellPZW1up5']
Coldplay	Seeb	1	['1OAiWI2oPmglaOiv9fdioU']
Alesso	Anitta	1	['2KwojFDebQV4J2b0JMRR5Q']
Anuel AA	Ozuna	1	['6SIrNxmmdbv1KUbFBu1PaN']
Nicky Jam	Shakira	1	['70lnL3QaSOIIyMa2X9aVRL']
Migos	Travis Scott	1	['204U3zjm9kkzX25Pr4Rdld']
21 Savage	Travis Scott	1	['5u6vkDnOyaf8LsteDAj2ub']
Arrhult	Joakim Lundell	1	['6vBgJ1SLmpB4VMcEVy1ovL']
Anitta	Iggy Azalea	1	['02LZ1fGJE8fB56yTlCVMEV']
Liam Payne	Zedd	1	['1CKd1PnqfYx0H12V9MSaIY']
Gente De Zona	Jennifer Lopez	1	['5xMzazov0IHYllrc8U2K6F']
Drake	PARTYNEXTDOOR	1	['5JUu0unA8VwhTZ9LkMWUVI']
Gorillaz	Popcaan	1	['7l9CE3wmEGOUYw1j4ETjnL']
Jillian Edwards	Thomas Gold	1	['5abwHwUhywLGNli5NDcEN7']
Ariana Grande	Calvin Harris	1	['60APt5N2NRaKWf5xzJdzyC']
Ariana Grande	Pharrell Williams	1	['60APt5N2NRaKWf5xzJdzyC']
Ariana Grande	Young Thug	1	['60APt5N2NRaKWf5xzJdzyC']
Calvin Harris	Young Thug	1	['60APt5N2NRaKWf5xzJdzyC']
Pharrell Williams	Young Thug	1	['60APt5N2NRaKWf5xzJdzyC']
BIA	J Balvin	1	['6rQSrBHf7HlZjtcMZ4S4bO']
BIA	Pharrell Williams	1	['6rQSrBHf7HlZjtcMZ4S4bO']
BIA	Sky	1	['6rQSrBHf7HlZjtcMZ4S4bO']
J Balvin	Pharrell Williams	1	['6rQSrBHf7HlZjtcMZ4S4bO']
J Balvin	Sky	1	['6rQSrBHf7HlZjtcMZ4S4bO']
Pharrell Williams	Sky	1	['6rQSrBHf7HlZjtcMZ4S4bO']
Camila Cabello	J Balvin	1	['2Vdub5mY4lad7w64bFPUez']
Camila Cabello	Pitbull	1	['2Vdub5mY4lad7w64bFPUez']
J Balvin	Pitbull	1	['2Vdub5mY4lad7w64bFPUez']
Labrinth	Noah Cyrus	1	['2BrzlUj1u1CtvaJDGIKpsP']
Bebe Rexha	Machine Gun Kelly	1	['0OI7AFifLSoGzpb8bdBLLV']
Bebe Rexha	X Ambassadors	1	['0OI7AFifLSoGzpb8bdBLLV']
Machine Gun Kelly	X Ambassadors	1	['0OI7AFifLSoGzpb8bdBLLV']
Drake	Kanye West	1	['28irpKCCK9nn9DZSik2zEx']
Big Sean	Kash Doll	1	['0fWBFDRTIuk8ZgNdZqhCer']
Kash Doll	Metro Boomin	1	['0fWBFDRTIuk8ZgNdZqhCer']
Drake	Gucci Mane	1	['5tFep7dXGd7vEJ668wTPux']
Enrique Iglesias	Wisin	1	['6YZdkObH88npeKrrkb8Ggf']
Bing Crosby	John Scott Trotter & His Orchestra	1	['4so0Wek9Ig1p6CRCHuINwW']
Bing Crosby	Ken Darby Singers	1	['4so0Wek9Ig1p6CRCHuINwW']
John Scott Trotter & His Orchestra	Ken Darby Singers	1	['4so0Wek9Ig1p6CRCHuINwW']
Andrelli	Hearts & Colors	1	['04CttTezSnv71USiiG9mIo']
A$AP Rocky	Mura Masa	1	['5v9N8Rx3QsFvr50cxyQcA3']
Little Mix	Stormzy	1	['4BJ5T8ZZZ3UrPG7k0OVQrp']
Alicia Keys	Eminem	1	['2rozzUGTRWqhTa2NzJAl8I']
Coldplay	The Chainsmokers	1	['6RUKPb4LETWmmr3iAEQktW']
21 Savage	Cardi B	1	['75FDPwaULRdYDn4StFN2rT']
Liam Payne	Quavo	1	['6EpRaXYhGOB3fj4V2uDkMJ']
21 Savage	Future	1	['6fwdbPMwP1zVStm8FybmkO']
Future	Metro Boomin	1	['6fwdbPMwP1zVStm8FybmkO']
Bipolar Sunshine	DJ Snake	1	['4OZEu0Vwq0RB2LAq14v99n']
Gucci Mane	Selena Gomez	1	['0XLOf9LhyazPX9Ld8jPiUq']
Eminem	X Ambassadors	1	['5p9ufaI7TwrlXtmiKCz3q3']
Gucci Mane	Offset	1	['2XaInsPPUkZRkY4uFJ3AHK']
2 Chainz	PnB Rock	1	['5PfTI3zrQbZEWcQdycMqJM']
2 Chainz	Wiz Khalifa	1	['5PfTI3zrQbZEWcQdycMqJM']
PnB Rock	Wiz Khalifa	1	['5PfTI3zrQbZEWcQdycMqJM']
PnB Rock	Young Thug	1	['5PfTI3zrQbZEWcQdycMqJM']
Wiz Khalifa	Young Thug	1	['5PfTI3zrQbZEWcQdycMqJM']
ROZES	The Chainsmokers	1	['6O6M7pJLABmfBRoGZMu76Y']
Clara Mae	KREAM	1	['26hcyzSE154xMZCbFdtInA']
Camila Cabello	Major Lazer	1	['3Ytr1SUCUi6J3L9dRFx5iH']
Camila Cabello	Travis Scott	1	['3Ytr1SUCUi6J3L9dRFx5iH']
Major Lazer	Quavo	1	['3Ytr1SUCUi6J3L9dRFx5iH']
Major Lazer	Travis Scott	1	['3Ytr1SUCUi6J3L9dRFx5iH']
Future	Kendrick Lamar	1	['6DB2KOEwHnjkgEnBt5SdeJ']
Post Malone	Quavo	1	['3a1lNhkSLSkpJE4MSHpDu9']
Ella Eyre	Sigala	1	['3kGfazcbVvVkuZunzlLgTD']
Bebe Rexha	G-Eazy	1	['40YcuQysJ0KlGQTeGUosTC']
Sam Smith	Yebba	1	['5ZX1X9Rl4zbx1Wwyn3idVD']
Kesha	The Dap-Kings Horns	1	['5wIeuNURiubue1VTcglU57']
Francesco Yates	Robin Schulz	1	['5tf1VVWniHgryyumXyJM7w']
Avicii	Rita Ora	1	['2OALaHcDdKkjYEpAr0Qzab']
Gorillaz	Vince Staples	1	['2bBMODHVTXGwE2aZYfbgCt']
Kendrick Lamar	Zacari	1	['6PGoSes0D9eUDeeAafB2As']
Cali Y El Dandee	Shaggy	1	['6VHdcVbiKLYYOcMbIqBcuK']
Jasmine Thompson	Skizzy Mars	1	['40UroIGvsMPLPBYwH8rMNA']
Jasmine Thompson	Vice	1	['40UroIGvsMPLPBYwH8rMNA']
Skizzy Mars	Vice	1	['40UroIGvsMPLPBYwH8rMNA']
Quintino	R3HAB	1	['3gfmFoJgmn9LiIj5mV8oSS']
David Guetta	Jamie Scott	1	['0OlnLZY4cmQzT6ZGttvWBM']
David Guetta	Martin Garrix	1	['0OlnLZY4cmQzT6ZGttvWBM']
David Guetta	Romy Dya	1	['0OlnLZY4cmQzT6ZGttvWBM']
Jamie Scott	Martin Garrix	1	['0OlnLZY4cmQzT6ZGttvWBM']
Jamie Scott	Romy Dya	1	['0OlnLZY4cmQzT6ZGttvWBM']
Martin Garrix	Romy Dya	1	['0OlnLZY4cmQzT6ZGttvWBM']
French Montana	Maluma	1	['3t6j6WNv2OSn6qm5Vxynub']
Eminem	Pink	1	['4hGZxsGcFnuCJXn25EWj5j']
Nacho	Sebastian Yatra	1	['5i50gKdLAjjIr7UxRT5IVy']
Nacho	Wisin	1	['5i50gKdLAjjIr7UxRT5IVy']
Sebastian Yatra	Wisin	1	['5i50gKdLAjjIr7UxRT5IVy']
Axwell /\ Ingrosso	Kid Ink	1	['11Fo4dAH31K7UZHGqCkCmE']
Ansel Elgort	Logic	1	['6OQea06z3cbOqYgG2O6eOZ']
Zay Hilfigerrr	Zayion McCall	1	['1lItf5ZXJc1by9SbPeljFd']
Anitta	J Balvin	1	['3Ga6eKrUFf12ouh9Yw3v2D']
Jonas Blue	RAYE	1	['1D3ODoXHBLpdxolZRHWV1j']
J. Davi$	Rob $tone	1	['5uDASfU19gDxSjW8cnCaBp']
J. Davi$	Spooks	1	['5uDASfU19gDxSjW8cnCaBp']
Rob $tone	Spooks	1	['5uDASfU19gDxSjW8cnCaBp']
El Chacal	IAmChino	1	['6stYbAJgTszHAHZMPxWWCY']
El Chacal	Pitbull	1	['6stYbAJgTszHAHZMPxWWCY']
El Chacal	Yandel	1	['6stYbAJgTszHAHZMPxWWCY']
IAmChino	Pitbull	1	['6stYbAJgTszHAHZMPxWWCY']
IAmChino	Yandel	1	['6stYbAJgTszHAHZMPxWWCY']
Pitbull	Yandel	1	['6stYbAJgTszHAHZMPxWWCY']
Fifth Harmony	Ty Dolla $ign	1	['4tCtwWceOPWzenK2HAIJSb']
Kendrick Lamar	Rich The Kid	1	['4pYZLpX23Vx8rwDpJCpPTA']
J Balvin	Jowell & Randy	1	['693iqPOQvhI7PobtR8CC8v']
JAY-Z	Linkin Park	1	['5sNESr6pQfIhL3krM8CtZn']
Camila Cabello	Young Thug	1	['0ofbQMrRDsUaVKq2mGLEAb']
Beyoncé	Ed Sheeran	1	['1bhUWB0zJMIKr9yVPrkEuI']
Big Sean	Starrah	1	['6zpXc7WJ3TqYWb02B6sKyF']
Big Sean	The Flint Chozen Choir	1	['6zpXc7WJ3TqYWb02B6sKyF']
Starrah	The Flint Chozen Choir	1	['6zpXc7WJ3TqYWb02B6sKyF']
Kendrick Lamar	The Weeknd	1	['4h90qkbnW1Qq6pBhoPvwko']
Julia Michaels	Maroon 5	1	['2uSLx5uwRIhiA3sJJraNqX']
Katy Perry	Migos	1	['61WbtB6ujkpNAsAf5LjF4b']
Kesha	Macklemore	1	['2Za1AlJNvksouPPWbXpR2X']
Louane	The Chainsmokers	1	['5xhJmd0I15jFcEdqxfCzKk']
Cardi B	Migos	1	['1YZfcVLbbJwfizR5cDOp3q']
Cardi B	Nicki Minaj	1	['1YZfcVLbbJwfizR5cDOp3q']
Migos	Nicki Minaj	1	['1YZfcVLbbJwfizR5cDOp3q']
Dyo	NEIKED	1	['3AsAuGTaDQzavZZThyYlop']
MØ	Snakehips	1	['0Zx8khUcEfCFK2AEoIhC92']
B. Swanson Quartet	Frank Sinatra	1	['7inXu0Eaeg02VsM8kHNvzM']
Lil Yachty	Migos	1	['5hx4FpDZOnDVYlyoG3rMks']
Taylor Swift	ZAYN	1	['3NdDpSvN911VPGivFlV5d0']
Olivia O'Brien	gnash	1	['7vRriwrloYVaoAe3a9wJHe']
Major Lazer	Nicki Minaj	1	['0fg8CqpjdojMyXLNzM2PaJ']
Major Lazer	PARTYNEXTDOOR	1	['0fg8CqpjdojMyXLNzM2PaJ']
Nicki Minaj	PARTYNEXTDOOR	1	['0fg8CqpjdojMyXLNzM2PaJ']
Fetty Wap	Mark Morrison	1	['7aV2mflaASUmGhCErm7kBO']
Fetty Wap	Nevada	1	['7aV2mflaASUmGhCErm7kBO']
Mark Morrison	Nevada	1	['7aV2mflaASUmGhCErm7kBO']
Camila Cabello	Machine Gun Kelly	1	['1PSBzsahR2AKwLJgx8ehBj']
Maluma	Piso 21	1	['5hEM0JchdVzQ5PwvSfITeX']
Nick Jonas	Nicki Minaj	1	['4nDfc6F2uVcc6wdG7kBzWO']
Bryson Tiller	DJ Khaled	1	['1OAh8uOEOvTDqkKFsKksCi']
Bryson Tiller	Rihanna	1	['1OAh8uOEOvTDqkKFsKksCi']
DJ Khaled	Rihanna	1	['1OAh8uOEOvTDqkKFsKksCi']
Kodak Black	Lil Wayne	1	['4DTpngLjoHj5gFxEZFeD3J']
CMC$	DVBBS	1	['042x9bsUBWW2fJgJ6fUh61']
CMC$	Gia Koka	1	['042x9bsUBWW2fJgJ6fUh61']
DVBBS	Gia Koka	1	['042x9bsUBWW2fJgJ6fUh61']
Dua Lipa	Martin Garrix	1	['3ebXMykcMXOcLeJ9xZ17XH']
Huncho Jack	Takeoff	1	['4vwfOiyWxXeEdx4ejAJgdx']
Quavo	Takeoff	1	['4vwfOiyWxXeEdx4ejAJgdx']
Takeoff	Travis Scott	1	['4vwfOiyWxXeEdx4ejAJgdx']
Mitchell Ayres & His Orchestra	Perry Como	1	['6IeK3Ap5m3HabwJxgI6eSE']
Mitchell Ayres & His Orchestra	The Fontane Sisters	1	['6IeK3Ap5m3HabwJxgI6eSE']
Perry Como	The Fontane Sisters	1	['6IeK3Ap5m3HabwJxgI6eSE']
Avicii	Billy Raffoul	1	['12ip0ceCeszDTDFxDY1AXJ']
Lil Uzi Vert	NAV	1	['790MhTXPFrYkrqCKvpg4t1']
Daya	The Chainsmokers	1	['0QsvXIfqM0zZoerQfsI9lm']
PARTYNEXTDOOR	ZAYN	1	['000xQL6tZNLJzIrtIgxqSl']
Big Sean	Jeremih	1	['0URaKGzNTtzKRtsJN1RkA9']
Ryan Riback	Starley	1	['78rIJddV4X0HkNAInEcYde']
Big Sean	Travis Scott	1	['3wAI7MIQtTgwcRmwchPZBc']
Jon Bellion	Vice	1	['5pvVAwQbuFoR7LkcicrKnk']
Eminem	Nate Dogg	1	['6yr8GiTHWvFfi4o6Q5ebdT']
Flume	Tove Lo	1	['4sQMalN597HdggTu196aL0']
Michael Bublé	The Puppini Sisters	1	['4qBejt9FeqLI9blHI1Nq1x']
Bad Bunny	Nacho	1	['3VClLWqNn80Llv0PJOsKgr']
DJ Luian	Nacho	1	['3VClLWqNn80Llv0PJOsKgr']
DJ Luian	Yandel	1	['3VClLWqNn80Llv0PJOsKgr']
Mambo Kingz	Nacho	1	['3VClLWqNn80Llv0PJOsKgr']
Mambo Kingz	Yandel	1	['3VClLWqNn80Llv0PJOsKgr']
Nacho	Yandel	1	['3VClLWqNn80Llv0PJOsKgr']
Avicii	Vargas & Lagola	1	['5WEqjIUHkwZ5h3DSE7F9bM']
BTS	Desiigner	1	['7Ed6BkggCS2KaKY5YlINaF']
BTS	Steve Aoki	1	['7Ed6BkggCS2KaKY5YlINaF']
Desiigner	Steve Aoki	1	['7Ed6BkggCS2KaKY5YlINaF']
Cashmere Cat	Selena Gomez	1	['2wDjpPW3HZdA9quPPmZAMu']
Cashmere Cat	Tory Lanez	1	['2wDjpPW3HZdA9quPPmZAMu']
Selena Gomez	Tory Lanez	1	['2wDjpPW3HZdA9quPPmZAMu']
Farruko	Ky-Mani Marley	1	['1lxswgIpzV6HhENRvkflES']
Florida Georgia Line	The Chainsmokers	1	['6GeD5g9vZTz25Egf8kxoIY']
French Montana	Jason Derulo	1	['2z4pcBLQXF2BXKFvd0BuB6']
Gente De Zona	Jesse & Joy	1	['0yyZN5ASdrYu0XYWFzfxUu']
Drake	Sampha	1	['2fkeWbM6iqTw7oGHTYm2lw']
NOTD	Stanaj	1	['3SGWp9fJCzgK0WcpcKSQdy']
Kodak Black	XXXTENTACION	1	['40oKW22ZNNkEdZLJTScaQI']
Demi Lovato	Luis Fonsi	1	['1zsG4eaZmkA1dvjDDsAGLK']
Black Coffee	Drake	1	['7y6c07pgjZvtHI9kuMVqk1']
Black Coffee	Jorja Smith	1	['7y6c07pgjZvtHI9kuMVqk1']
Drake	Jorja Smith	1	['7y6c07pgjZvtHI9kuMVqk1']
Avicii	Sandro Cavazza	1	['6WbADFqMvR8N5u0BvtsWQE']
Bad Bunny	Becky G	1	['7JNh1cfm0eXjqFVOzKLyau']
Alex Aiono	Felix Jaehn	1	['1sBhJGPUKrdRycgKxve70v']
Alex Aiono	Hight	1	['1sBhJGPUKrdRycgKxve70v']
Felix Jaehn	Hight	1	['1sBhJGPUKrdRycgKxve70v']
A$AP Rocky	Famous Dex	1	['3ncgNpxLoBQ65ABk4djDyd']
Burak Yeter	Danelle Sandoval	1	['7abpmGpF7PGep2rDU68GBR']
Eminem	Phresher	1	['2MdMjF20umbTe4y2FgdnG8']
Arcangel	Chris Jeday	1	['22eADXu8DfOAUEDw4vU8qy']
Arcangel	J Balvin	1	['22eADXu8DfOAUEDw4vU8qy']
Arcangel	Ozuna	1	['22eADXu8DfOAUEDw4vU8qy']
Chris Jeday	J Balvin	1	['22eADXu8DfOAUEDw4vU8qy']
J Balvin	Ozuna	1	['22eADXu8DfOAUEDw4vU8qy']
Future	Maroon 5	1	['5NNlUMcOEOdoOIwwaWXv0k']
P!nk	Sia	1	['7pYFPMeK0TnaTGdS6qOtEr']
P!nk	Stargate	1	['7pYFPMeK0TnaTGdS6qOtEr']
Sia	Stargate	1	['7pYFPMeK0TnaTGdS6qOtEr']
21 Savage	Quavo	1	['0tdCy39PgWN8LFWu34ORn3']
Metro Boomin	Quavo	1	['0tdCy39PgWN8LFWu34ORn3']
Killer Mike	Logic	1	['58kwvMXeOlsvzPqUlyj75Y']
Jason Derulo	Nicki Minaj	1	['6kex4EBAj0WHXDKZMEJaaF']
Jason Derulo	Ty Dolla $ign	1	['6kex4EBAj0WHXDKZMEJaaF']
Nicki Minaj	Ty Dolla $ign	1	['6kex4EBAj0WHXDKZMEJaaF']
Drake	Lil Wayne	1	['7KcGEssn7BnJdTgildK5y0']
Drake	Nicki Minaj	1	['7KcGEssn7BnJdTgildK5y0']
Lil Wayne	Nicki Minaj	1	['7KcGEssn7BnJdTgildK5y0']
Gucci Mane	blackbear	1	['53mrVsi49rLHIaKBiSvElG']
Martin Garrix	Troye Sivan	1	['6jA8HL9i4QGzsj6fjoxp8Y']
John Lennon	The Harlem Community Choir	1	['3zJw3rugfpVrmBeDDnUYzy']
John Lennon	The Plastic Ono Band	1	['3zJw3rugfpVrmBeDDnUYzy']
John Lennon	Yoko Ono	1	['3zJw3rugfpVrmBeDDnUYzy']
The Harlem Community Choir	The Plastic Ono Band	1	['3zJw3rugfpVrmBeDDnUYzy']
The Harlem Community Choir	Yoko Ono	1	['3zJw3rugfpVrmBeDDnUYzy']
The Plastic Ono Band	Yoko Ono	1	['3zJw3rugfpVrmBeDDnUYzy']
Matoma	The Vamps	1	['1yNyoWWWikbLhwIGWjZuDW']
Bebe Rexha	Digital Farm Animals	1	['7F9vK8hNFMml4GtHsaXui6']
Bebe Rexha	Louis Tomlinson	1	['7F9vK8hNFMml4GtHsaXui6']
Digital Farm Animals	Louis Tomlinson	1	['7F9vK8hNFMml4GtHsaXui6']
Kane Brown	Lauren Alaina	1	['7zVCrzzEJU7u24sbJPXA5W']
Emily Warren	FRENSHIP	1	['2XMTqoHHSH0lvuXrvIEdco']
Linkin Park	Pusha T	1	['650OeHTLxZAQmb4aEbGmaA']
Linkin Park	Stormzy	1	['650OeHTLxZAQmb4aEbGmaA']
Pusha T	Stormzy	1	['650OeHTLxZAQmb4aEbGmaA']
Alessia Cara	Khalid	1	['5tz69p7tJuGPeMGwNTxYuV']
Alessia Cara	Logic	1	['5tz69p7tJuGPeMGwNTxYuV']
Khalid	Logic	1	['5tz69p7tJuGPeMGwNTxYuV']
James Arthur	Rudimental	1	['6SUocL0caib4mLHe8ZrZzi']
Ty Dolla $ign	Zara Larsson	1	['54LGxQGf5LPXNGjtzDZ5IE']
Mike Posner	Seeb	1	['17Fd6Yb7mSbinKG8LoWfFl']
Joey Montana	Sebastian Yatra	1	['5TysCiZtv1HnSWcTcUFusI']
Anna of the North	Rex Orange County	1	['5WNYg3usc6H8N3MBEp4zVk']
Anna of the North	Tyler, The Creator	1	['5WNYg3usc6H8N3MBEp4zVk']
Rex Orange County	Tyler, The Creator	1	['5WNYg3usc6H8N3MBEp4zVk']
Clean Bandit	Julia Michaels	1	['2xmrfQpmS2iJExTlklLoAL']
Lil Uzi Vert	Nicki Minaj	1	['6GNifiuBPrKFpwNBYnooFm']
Nicki Minaj	Oh Wonder	1	['6GNifiuBPrKFpwNBYnooFm']
Maren Morris	Thomas Rhett	1	['6zLdXcmvIxnAXpz9sXFnIE']
Anne-Marie	Clean Bandit	1	['5knuzwU65gJK7IF5yJsuaW']
Anne-Marie	Sean Paul	1	['5knuzwU65gJK7IF5yJsuaW']
Clean Bandit	Sean Paul	1	['5knuzwU65gJK7IF5yJsuaW']
Alan Walker	Digital Farm Animals	1	['5yFSF6qQA1rcLsQRnBsZgb']
Alan Walker	Juliander	1	['5yFSF6qQA1rcLsQRnBsZgb']
Alan Walker	Noah Cyrus	1	['5yFSF6qQA1rcLsQRnBsZgb']
Digital Farm Animals	Juliander	1	['5yFSF6qQA1rcLsQRnBsZgb']
Digital Farm Animals	Noah Cyrus	1	['5yFSF6qQA1rcLsQRnBsZgb']
Juliander	Noah Cyrus	1	['5yFSF6qQA1rcLsQRnBsZgb']
Bad Bunny	Daddy Yankee	1	['0lJCqIx5BhZtf6QtYI2fbv']
Kendrick Lamar	Sia	1	['7xHWNBFm6ObGEQPaUxHuKO']
Chino & Nacho	Daddy Yankee	1	['5mey7CLLuFToM2P68Qu1gF']
Alessia Cara	Zedd	1	['0dA2Mk56wEzDgegdC6R17g']
David Guetta	Justin Bieber	1	['3A7qX2QjDlPnazUsRk5y0M']
Manuel Turizo	Piso 21	1	['33bnxcjePIkcmNjEFTJX0l']
Ed Sheeran	Eminem	1	['5UEnHoDYpsxlfzWLZIc7LD']
Maluma	Ricky Martin	1	['7DM4BPaS7uofFul3ywMe46']
Carlos Vives	Shakira	1	['0sXvAOmXgjR2QUqLK1MltU']
J Balvin	Zion & Lennox	1	['3QwBODjSEzelZyVjxPOHdq']
Halsey	The Chainsmokers	1	['7BKLCZ1jbUBVqRi2FVlTVw']
Chance the Rapper	Knox Fortune	1	['60xaS8mYBKUW4VQQ666N0T']
John Williams	Mykola Dmytrovych Leontovych	1	['4tHqQMWSqmL6YjXwsqthDI']
CVBZ	Cheat Codes	1	['5uu28fUesZMl89lf9CLrgN']
CVBZ	Fetty Wap	1	['5uu28fUesZMl89lf9CLrgN']
Cheat Codes	Fetty Wap	1	['5uu28fUesZMl89lf9CLrgN']
Gucci Mane	Rae Sremmurd	1	['6fujklziTHa8uoM5OQSfIo']
Kali Uchis	Tyler, The Creator	1	['7KA4W4McWYRpgf0fWsJZWB']
CNCO	Yandel	1	['209gZgcfLq2aUuu51vOWBl']
Ariana Grande	Nicki Minaj	1	['4pLwZjInHj3SimIyN9SnOz']
Bebe Rexha	Florida Georgia Line	1	['7iDa6hUg2VgEL1o1HjmfBn']
Travis Scott	Young Thug	1	['20dP2DaMHIAmwWAbp7peSr']
Calvin Harris	Rihanna	1	['0azC730Exh71aQlOt9Zj3y']
Calvin Harris	Kehlani	1	['0pJPdSVti6cTM1Q6xYGmcf']
Calvin Harris	Lil Yachty	1	['0pJPdSVti6cTM1Q6xYGmcf']
Kehlani	Lil Yachty	1	['0pJPdSVti6cTM1Q6xYGmcf']
2 Chainz	Drake	1	['0xl1w2q4VLojeXp4JfazPL']
A$AP Rocky	Maroon 5	1	['4OEOEsOhlzDqQuewiuPJAc']
Trippie Redd	XXXTENTACION	1	['7AQim7LbvFVZJE3O8TYgf2']
Anitta	Major Lazer	1	['3ibRxEv4KkcU9e259eyNJA']
Anitta	Pabllo Vittar	1	['3ibRxEv4KkcU9e259eyNJA']
Major Lazer	Pabllo Vittar	1	['3ibRxEv4KkcU9e259eyNJA']
David Guetta	Dimitri Vegas	1	['1Sl3njkhhz8nrSPZroDQ82']
David Guetta	Dimitri Vegas & Like Mike	1	['1Sl3njkhhz8nrSPZroDQ82']
David Guetta	Kiiara	1	['1Sl3njkhhz8nrSPZroDQ82']
Dimitri Vegas	Dimitri Vegas & Like Mike	1	['1Sl3njkhhz8nrSPZroDQ82']
Dimitri Vegas	Kiiara	1	['1Sl3njkhhz8nrSPZroDQ82']
Dimitri Vegas & Like Mike	Kiiara	1	['1Sl3njkhhz8nrSPZroDQ82']
Phoebe Ryan	The Chainsmokers	1	['2rizacJSyD9S1IQUxUxnsK']
NAV	The Weeknd	1	['7zxRMhXxJMQCeDDg0rKAVo']
Calvin Harris	Nicki Minaj	1	['7iDxZ5Cd0Yg08d4fI5WVtG']
Louis Tomlinson	Steve Aoki	1	['3EmmCZoqpWOTY1g2GBwJoR']
Poo Bear	Skrillex	1	['57p8CBvPOxrvyCbn6ttl5r']
Bebe Rexha	Ty Dolla $ign	1	['4ZJPwET9Jrgpkqi4Vo3Yg8']
Lil Uzi Vert	The Weeknd	1	['5O8x1YlmLQopQHErxtDfi9']
Future	J Balvin	1	['4zWO4gvuFtw6EJZC5FFGlr']
Future	Juan Magán	1	['4zWO4gvuFtw6EJZC5FFGlr']
Future	MC Fioti	1	['4zWO4gvuFtw6EJZC5FFGlr']
Future	Stefflon Don	1	['4zWO4gvuFtw6EJZC5FFGlr']
J Balvin	Juan Magán	1	['4zWO4gvuFtw6EJZC5FFGlr']
J Balvin	MC Fioti	1	['4zWO4gvuFtw6EJZC5FFGlr']
J Balvin	Stefflon Don	1	['4zWO4gvuFtw6EJZC5FFGlr']
Juan Magán	MC Fioti	1	['4zWO4gvuFtw6EJZC5FFGlr']
Juan Magán	Stefflon Don	1	['4zWO4gvuFtw6EJZC5FFGlr']
MC Fioti	Stefflon Don	1	['4zWO4gvuFtw6EJZC5FFGlr']
Diplo	MØ	1	['68m6iwhKElLTBaGRG1LLwE']
Kiiara	Linkin Park	1	['104buTcnP2AsxqB7U1FIZ4']
Chris Jeday	Daddy Yankee	1	['4XCQtUoRSh22Ep18ULmDnT']
Chris Jeday	De La Ghetto	1	['4XCQtUoRSh22Ep18ULmDnT']
Daddy Yankee	De La Ghetto	1	['4XCQtUoRSh22Ep18ULmDnT']
De La Ghetto	Ozuna	1	['4XCQtUoRSh22Ep18ULmDnT']
Bright Sparks	Tiësto	1	['4hiUYb2nb6NlfTP9CD38Pe']
Big Lenbo	Black Thought	1	['77mLzdHEWRB60CLlV02TV2']
Big Lenbo	Chuck D	1	['77mLzdHEWRB60CLlV02TV2']
Big Lenbo	Logic	1	['77mLzdHEWRB60CLlV02TV2']
Big Lenbo	No I.D	1	['77mLzdHEWRB60CLlV02TV2']
Black Thought	Chuck D	1	['77mLzdHEWRB60CLlV02TV2']
Black Thought	Logic	1	['77mLzdHEWRB60CLlV02TV2']
Black Thought	No I.D	1	['77mLzdHEWRB60CLlV02TV2']
Chuck D	Logic	1	['77mLzdHEWRB60CLlV02TV2']
Chuck D	No I.D	1	['77mLzdHEWRB60CLlV02TV2']
Logic	No I.D	1	['77mLzdHEWRB60CLlV02TV2']
21 Savage	Drake	1	['4ckuS4Nj4FZ7i3Def3Br8W']
Big Sean	Coldplay	1	['6uJwPeBGb3swi85TSr9iIz']
Lana Del Rey	Stevie Nicks	1	['3O7p9Itz8PXUoAjD2vmuM6']
A$AP Rocky	The Weeknd	1	['7F1LWA9sIlTorHUo4amGqk']
A$AP Rocky	Young Thug	1	['7F1LWA9sIlTorHUo4amGqk']
The Weeknd	Young Thug	1	['7F1LWA9sIlTorHUo4amGqk']
Prince Royce	Shakira	1	['46HdsiK0uR26B2dY9QPzda']
Lauren Jauregui	Steve Aoki	1	['5mAxA6Q1SIym6dPNiFLUyd']
Eminem	P!nk	1	['3OEer2dQj1eWhSqxatGiru']
Fuse ODG	Major Lazer	1	['0L7loeTIg6akW84aEQZpCT']
Fuse ODG	Nyla	1	['0L7loeTIg6akW84aEQZpCT']
Katy Perry	Skip Marley	1	['6520aj0B4FSKGVuKNsOCOi']
Nause	Pretty Sister	1	['2Ae5awwKvQpTBKQHr1TYCg']
Michael Bublé	Shania Twain	1	['2gbCG4Rt9984UZ7Tc0dIFd']
Daddy Yankee	Justin Bieber	1	['5CtI0qwDJkDQGwXD1H1cLb']
Justin Bieber	Luis Fonsi	1	['5CtI0qwDJkDQGwXD1H1cLb']
Juicy J	Logic	1	['732btJLGu7gYNHHNdzshrG']
Ed Sheeran	Kranium	1	['1KqvRRQd3lfM0pAlkGPrgD']
Ed Sheeran	Major Lazer	1	['1KqvRRQd3lfM0pAlkGPrgD']
Ed Sheeran	Nyla	1	['1KqvRRQd3lfM0pAlkGPrgD']
Kranium	Major Lazer	1	['1KqvRRQd3lfM0pAlkGPrgD']
Kranium	Nyla	1	['1KqvRRQd3lfM0pAlkGPrgD']
Daddy Yankee	Nicky Jam	1	['0ERbK7qVqveCaBWIiYCrl3']
Daddy Yankee	Romeo Santos	1	['0ERbK7qVqveCaBWIiYCrl3']
Nicky Jam	Romeo Santos	1	['0ERbK7qVqveCaBWIiYCrl3']
Cheat Codes	Kris Kross Amsterdam	1	['5DA77EqppDmCTWGovd4oTP']
Dakota	Jonas Blue	1	['6OZh916QF8XNunWaP97WEZ']
Eminem	Skylar Grey	1	['107CfwBqfICzcKur8k7UCA']
Sia	ZAYN	1	['1j4kHkkpqZRBwE0A4CN4Yv']
Cookin' On 3 Burners	Kungs	1	['0tICYNayWWhH9GPeFrfjfD']
James Blunt	Robin Schulz	1	['3bWAqKDWg6u1davspr5IkS']
Clean Bandit	Zara Larsson	1	['1x5sYLZiu9r5E43kMlt9f8']
Imagine Dragons	Lil Wayne	1	['4dASQiO1Eoo3RJvt74FtXB']
Imagine Dragons	Logic	1	['4dASQiO1Eoo3RJvt74FtXB']
Imagine Dragons	Ty Dolla $ign	1	['4dASQiO1Eoo3RJvt74FtXB']
Imagine Dragons	Wiz Khalifa	1	['4dASQiO1Eoo3RJvt74FtXB']
Imagine Dragons	X Ambassadors	1	['4dASQiO1Eoo3RJvt74FtXB']
Lil Wayne	Logic	1	['4dASQiO1Eoo3RJvt74FtXB']
Lil Wayne	Ty Dolla $ign	1	['4dASQiO1Eoo3RJvt74FtXB']
Lil Wayne	Wiz Khalifa	1	['4dASQiO1Eoo3RJvt74FtXB']
Lil Wayne	X Ambassadors	1	['4dASQiO1Eoo3RJvt74FtXB']
Logic	Ty Dolla $ign	1	['4dASQiO1Eoo3RJvt74FtXB']
Logic	Wiz Khalifa	1	['4dASQiO1Eoo3RJvt74FtXB']
Logic	X Ambassadors	1	['4dASQiO1Eoo3RJvt74FtXB']
Ty Dolla $ign	Wiz Khalifa	1	['4dASQiO1Eoo3RJvt74FtXB']
Ty Dolla $ign	X Ambassadors	1	['4dASQiO1Eoo3RJvt74FtXB']
Wiz Khalifa	X Ambassadors	1	['4dASQiO1Eoo3RJvt74FtXB']
Anuel AA	Daddy Yankee	1	['5q2JbCNi4FcnglgPfxcV65']
Anuel AA	Farruko	1	['5q2JbCNi4FcnglgPfxcV65']
Anuel AA	Wisin	1	['5q2JbCNi4FcnglgPfxcV65']
Anuel AA	Zion & Lennox	1	['5q2JbCNi4FcnglgPfxcV65']
Daddy Yankee	Farruko	1	['5q2JbCNi4FcnglgPfxcV65']
Daddy Yankee	Wisin	1	['5q2JbCNi4FcnglgPfxcV65']
Daddy Yankee	Zion & Lennox	1	['5q2JbCNi4FcnglgPfxcV65']
Farruko	Wisin	1	['5q2JbCNi4FcnglgPfxcV65']
Farruko	Zion & Lennox	1	['5q2JbCNi4FcnglgPfxcV65']
Wisin	Zion & Lennox	1	['5q2JbCNi4FcnglgPfxcV65']
Big Sean	Migos	1	['1r0faljjM2b876iNoaDUh5']
99 Percent	Flo Rida	1	['6t2ubAB4iSYOuIpRAOGd4t']
Huncho Jack	Offset	1	['6urLjX35oXXRYtcH1b3dCh']
Future	Rihanna	1	['2Ce5IyMlVRVvN997ZJjJJA']
Little Mix	Machine Gun Kelly	1	['5ZnJsoJGkQ5K15W7Rcr5JO']
Katy Perry	Nicki Minaj	1	['2kVHAQKVtczchKctctzbtK']
2 Chainz	Gucci Mane	1	['39pS70eeDvyCAF3t8NAlVV']
2 Chainz	Quavo	1	['39pS70eeDvyCAF3t8NAlVV']
Gucci Mane	Quavo	1	['39pS70eeDvyCAF3t8NAlVV']
Future	Offset	1	['7r6LNJT2LqpLpEyZQJPygt']
Offset	Young Thug	1	['7r6LNJT2LqpLpEyZQJPygt']
Abraham Mateo	Christian Daniel	1	['4N1c5rmWOzRmB9SMacr5wB']
Abraham Mateo	Farruko	1	['4N1c5rmWOzRmB9SMacr5wB']
Christian Daniel	Farruko	1	['4N1c5rmWOzRmB9SMacr5wB']
Larry Walsh	Mark Linett	1	['5xlS0QkVrSH7ssEbBgBzbM']
Larry Walsh	Sweet	1	['5xlS0QkVrSH7ssEbBgBzbM']
Larry Walsh	The Beach Boys	1	['5xlS0QkVrSH7ssEbBgBzbM']
Mark Linett	Sweet	1	['5xlS0QkVrSH7ssEbBgBzbM']
Mark Linett	The Beach Boys	1	['5xlS0QkVrSH7ssEbBgBzbM']
Sweet	The Beach Boys	1	['5xlS0QkVrSH7ssEbBgBzbM']
Alan Walker	Gavin James	1	['3b5Li4QKDVBx1x7fQuu54a']
Bahari	Grey	1	['1sl5tSzfK1JrcQIcA8rYDy']
Kendrick Lamar	Rihanna	1	['6SwRhMLwNqEi6alNPVG00n']
Mike Perry	SHY Martin	1	['2CPqh63wRVscbceKcPxwvv']
Cheat Codes	David Guetta	1	['1cG0umU5TKStygKsPFZ9pY']
Cheat Codes	Robin Schulz	1	['1cG0umU5TKStygKsPFZ9pY']
David Guetta	Robin Schulz	1	['1cG0umU5TKStygKsPFZ9pY']
DJ Snake	Justin Bieber	1	['4pdPtRcBmOSQDlJ3Fk945m']
2 Chainz	Jhené Aiko	1	['6H0AwSQ20mo62jGlPGB8S6']
2 Chainz	Trey Songz	1	['6H0AwSQ20mo62jGlPGB8S6']
2 Chainz	Ty Dolla $ign	1	['6H0AwSQ20mo62jGlPGB8S6']
Jhené Aiko	Trey Songz	1	['6H0AwSQ20mo62jGlPGB8S6']
Jhené Aiko	Ty Dolla $ign	1	['6H0AwSQ20mo62jGlPGB8S6']
Trey Songz	Ty Dolla $ign	1	['6H0AwSQ20mo62jGlPGB8S6']
KYLE	Lil Yachty	1	['2EEeOnHehOozLq4aS0n6SL']
Alex Sensation	Ozuna	1	['7ofxPmTNMj2GP07g1VZa0O']
Noah Cyrus	XXXTENTACION	1	['2S2od3hT7ceytw7d1pTRuE']
Big Sean	Eminem	1	['1MksGqIztTT6M9R1ErKVs8']
Bebe Rexha	Martin Garrix	1	['04DwTuZ2VBdJCCC5TROn7L']
Maluma	Shakira	1	['6mICuAdrwEjh6Y6lroV2Kg']
Drake	Kyla	1	['1xznGGDReH1oQq0xzbwXa3']
Drake	WizKid	1	['1xznGGDReH1oQq0xzbwXa3']
Kyla	WizKid	1	['1xznGGDReH1oQq0xzbwXa3']
Andrea Bocelli	Ed Sheeran	1	['3zl7j5ua8mF4JDYuxrfo01']
Kygo	Maty Noyes	1	['2FiSTH0GYpIioUgjfzMIja']
Bruno Mars	Mark Ronson	1	['32OlwWuMpZ6b0aN2RZOeMS']
Kygo	OneRepublic	1	['5gIRPQWULwrvIt0F6pY7ph']
Lil Uzi Vert	Playboi Carti	1	['59J5nzL1KniFHnU120dQzt']
French Montana	Max B	1	['1vVNlXi8gf8tZ7OhnEs4VE']
French Montana	The Weeknd	1	['1vVNlXi8gf8tZ7OhnEs4VE']
Max B	The Weeknd	1	['1vVNlXi8gf8tZ7OhnEs4VE']
Cheat Codes	Demi Lovato	1	['1louJpMmzEicAn7lzDalPW']
N.E.R.D	Rihanna	1	['6tUgfsOa8PLkoede5nOR7D']
Emma Stone	Ryan Gosling	1	['0LtVx5vsq9nfpGsWgjUin6']
Don Omar	Zion & Lennox	1	['3BY2mafsbsoKGqS380Xnuz']
AlunaGeorge	Avicii	1	['6mzTuMlbCgEtoCitsszlqP']
Charlie Puth	Selena Gomez	1	['68EMU2RD1ECNeOeJ5qAXCV']
OneRepublic	Seeb	1	['7aF09WaavZAmAWuUeYxlYD']
Ariana Grande	Cashmere Cat	1	['4Q5yMlwAfAoitqg4r9oZHN']
Bryant Myers	Juhn	1	['0JoHqmlqE0W0i9prt6kcHR']
Bryant Myers	Maluma	1	['0JoHqmlqE0W0i9prt6kcHR']
Bryant Myers	Noriel	1	['0JoHqmlqE0W0i9prt6kcHR']
Bryant Myers	Trap Capos	1	['0JoHqmlqE0W0i9prt6kcHR']
Juhn	Maluma	1	['0JoHqmlqE0W0i9prt6kcHR']
Juhn	Noriel	1	['0JoHqmlqE0W0i9prt6kcHR']
Juhn	Trap Capos	1	['0JoHqmlqE0W0i9prt6kcHR']
Maluma	Noriel	1	['0JoHqmlqE0W0i9prt6kcHR']
Maluma	Trap Capos	1	['0JoHqmlqE0W0i9prt6kcHR']
Noriel	Trap Capos	1	['0JoHqmlqE0W0i9prt6kcHR']
Chris Brown	Future	1	['2XdgSB4TtzUHQYCMfSHbFI']
Chris Brown	Young Thug	1	['2XdgSB4TtzUHQYCMfSHbFI']
Maluma	Nego do Borel	1	['4lESS6vuruP6a79KWRaQou']
Kygo	Selena Gomez	1	['3eR23VReFzcdmS7TYCrhCe']
Dua Lipa	Sean Paul	1	['3cFsmM51N5zMAuu1nNY4Tw']
SZA	Travis Scott	1	['0q75NwOoFiARAVp4EXU4Bs']
Ellie Goulding	Kygo	1	['2Gl0FzuLxflY6nPifJp5Dr']
