source	target	weight	avg_streams
dance pop	pop	138	8794757.929577464
pop	pop rap	112	7530669.3773584915
pop	pop	95	9055383.2
pop	post-teen pop	87	9663165.327586208
pop	rap	85	6042282.068181817
dance pop	pop rap	77	7927630.755555555
pop	tropical house	73	8694474.543478262
hip hop	pop	68	6161292.696969697
dance pop	post-teen pop	67	9317803.244444443
pop	trap	65	7038682.787878787
edm	pop	65	7762074.8
pop rap	rap	63	6557543.8125
baile pop	funk carioca	62	12942325.0
hip hop	pop rap	59	8232435.846153846
funk carioca	funk carioca	58	13235886.840909092
dance pop	tropical house	57	8820859.055555556
pop rap	post-teen pop	57	8386228.289473684
hip hop	rap	55	6611463.5
dance pop	edm	52	7592427.457142858
pop rap	trap	52	8108118.5625
funk carioca	funk ostentacao	51	12135694.24
dance pop	rap	51	6106596.666666668
dance pop	dance pop	49	9528711.432432432
rap	trap	47	7908639.214285715
hip hop	trap	44	7498780.1
dance pop	trap	41	7686635.407407408
post-teen pop	rap	40	6517312.172413792
dance pop	hip hop	39	6906809.692307693
pop rap	pop rap	38	8090711.857142857
edm	post-teen pop	38	8754773.757575758
post-teen pop	tropical house	38	9534853.363636363
pop	southern hip hop	37	6435776.769230769
hip hop	post-teen pop	35	6908838.88
electropop	pop	34	10972236.576923076
sertanejo	sertanejo universitario	32	8436545.291666666
atl hip hop	pop	31	6456392.0
post-teen pop	trap	31	8556923.913043479
funk carioca	sertanejo universitario	31	12695405.24137931
electro house	pop	30	7297913.739130435
rap	rap	30	7281670.461538463
sertanejo pop	sertanejo universitario	30	10120552.0
funk carioca	sertanejo pop	30	12750974.07142857
edm	tropical house	28	6283305.4375
brazilian edm	funk carioca	27	13659176.6
hip hop	hip hop	27	4941501.428571428
dance pop	electro house	25	7830255.35
pop rap	southern hip hop	23	9982054.8
pop rap	tropical house	22	7671813.75
funk carioca	pop nacional	22	14646143.9
dance pop	southern hip hop	22	6917017.5882352935
edm	pop rap	21	6508432.6875
atl hip hop	dance pop	21	6484965.222222223
sertanejo universitario	sertanejo universitario	21	10250208.523809524
baile pop	baile pop	20	13921931.388888888
pop	uk dance	20	5595147.333333333
baile pop	funk ostentacao	19	8149000.666666668
hip hop	southern hip hop	19	4941501.428571428
rap	southern hip hop	19	6856688.25
sertanejo	sertanejo pop	19	7444566.888888889
funk carioca	sertanejo	19	12771038.166666664
dance pop	electropop	19	11218486.5
funk ostentacao	funk ostentacao	18	9354842.111111112
pop rap	urban contemporary	18	10904072.125
post-teen pop	post-teen pop	18	10651997.333333334
brazilian edm	funk ostentacao	17	10311558.1
post-teen pop	southern hip hop	17	8241432.125
trap	trap	17	7768605.777777777
funk carioca	funk das antigas	17	18924454.14285714
baile pop	sertanejo pop	17	12805196.88235294
baile pop	sertanejo universitario	17	12805196.88235294
brazilian edm	pop nacional	17	27504898.818181816
electro house	post-teen pop	17	7799955.176470588
dance pop	uk dance	16	6403836.2727272725
atl hip hop	rap	16	6940030.2
melodic rap	rap	16	7666622.666666668
pop	urban contemporary	16	9451999.0
southern hip hop	trap	16	7768605.777777777
electropop	tropical house	16	11132285.384615384
tropical house	tropical house	16	6944091.0
latin	pop	16	9767364.538461538
pop	uk pop	16	7884322.857142857
pop	progressive house	15	6969376.0
rap	urban contemporary	15	7997167.142857143
atl hip hop	post-teen pop	15	7209716.4
baile pop	pop nacional	15	14376755.642857146
hip hop	urban contemporary	14	10086557.375
canadian pop	pop rap	14	11267768.2
atl hip hop	pop rap	14	4611330.875
melodic rap	pop rap	14	6151742.875
melodic rap	pop	14	9746719.0
electropop	post-teen pop	14	11753253.357142854
electro house	pop rap	13	5437949.555555556
dance pop	progressive house	13	7828721.6
conscious hip hop	pop	13	7518271.625
canadian pop	pop	13	11080403.25
canadian pop	hip hop	13	8991727.25
canadian pop	rap	13	8991727.25
funk das antigas	sertanejo pop	13	13081348.615384614
funk das antigas	sertanejo universitario	13	13081348.615384614
brazilian edm	brazilian edm	13	25322100.55555556
edm	electropop	13	9983805.090909092
dance pop	latin	13	5960380.833333332
conscious hip hop	hip hop	12	6481719.25
conscious hip hop	pop rap	12	6481719.25
conscious hip hop	trap	12	6481719.25
hip hop	new orleans rap	12	6481719.25
new orleans rap	pop rap	12	6481719.25
atl hip hop	hip hop	12	5611192.333333333
hip hop	melodic rap	12	7359738.833333332
indie poptimism	pop	12	8964981.888888888
pop	reggaeton	12	10491933.363636363
post-teen pop	uk dance	12	6995239.454545454
pop nacional	sertanejo universitario	12	17778760.083333332
pop	r&b	12	7472512.7
latin	tropical	12	18298390.33333333
house	pop	11	4649471.75
conscious hip hop	rap	11	6481719.25
dirty south rap	pop rap	11	10402486.0
dirty south rap	rap	11	10402486.0
miami hip hop	rap	11	9823031.6
new orleans rap	rap	11	6481719.25
dance pop	melodic rap	11	9746719.0
melodic rap	trap	11	8069117.0
funk carioca	pagode baiano	11	26932062.0
edm	edm	11	3588965.333333333
dance pop	uk pop	11	8635967.3
baile pop	brazilian edm	10	10424922.6
pop rock	rap	10	7953891.0
pop rap	pop rock	10	6287820.142857143
dirty south rap	hip hop	10	7049026.75
miami hip hop	pop rap	10	12204961.0
canadian pop	dance pop	10	13316764.444444446
trap	urban contemporary	10	14706426.6
dance pop	reggaeton	10	5996009.8
pop	tropical	10	9363900.111111112
edm	trap	10	5295481.2
trap	tropical house	10	5295481.2
edm	rap	10	5853944.333333332
rap	tropical house	10	5853944.333333332
dance pop	urban contemporary	10	9871058.5
dance pop	r&b	10	7777995.333333332
dance pop	house	9	5308413.0
pop rap	uk dance	9	7742002.833333332
chicago rap	hip hop	9	8334507.0
chicago rap	pop rap	9	8334507.0
chicago rap	rap	9	8334507.0
chicago rap	trap	9	8334507.0
hip hop	miami hip hop	9	8334507.0
canadian pop	trap	9	8334507.0
sertanejo	sertanejo	9	2817426.888888888
dance pop	funk carioca	9	17015885.5
funk carioca	pop	9	17015885.5
funk carioca	pop rap	9	16750353.0
detroit hip hop	pop	9	4508843.6
electro house	rap	9	4919174.75
sertanejo pop	sertanejo pop	9	13129003.666666664
latin	latin	9	19802556.85714286
latin	reggaeton	9	19802556.85714286
pop rap	r&b	9	11056047.8
r&b	rap	9	5576639.0
big room	pop	9	7975771.0
pop	pop edm	9	6784709.142857143
hip hop	rock	9	603552.5
edm	uk pop	9	7190407.875
tropical house	uk pop	9	7190407.875
house	pop rap	8	4977655.8
pop rap	progressive house	8	4977655.8
dirty south rap	pop	8	9941916.285714284
post-teen pop	urban contemporary	8	10756957.625
dirty south rap	trap	8	10402486.0
miami hip hop	trap	8	9823031.6
new orleans rap	pop	8	6481719.25
new orleans rap	trap	8	6481719.25
atl hip hop	trap	8	5719361.0
melodic rap	post-teen pop	8	9746719.0
baile pop	dance pop	8	19771396.2
baile pop	pop	8	19771396.2
baile pop	funk das antigas	8	26459722.33333333
brega funk	funk carioca	8	8707576.75
funk carioca	mpb	8	7408614.625
indie poptimism	tropical house	8	11320944.57142857
latin	post-teen pop	8	12219816.857142854
dance pop	detroit hip hop	8	5227458.75
electro house	trap	8	4919174.75
funk ostentacao	sertanejo universitario	8	13669324.375
pop nacional	sertanejo pop	8	18561249.0
latin	latin pop	8	19802556.85714286
hip hop	r&b	8	5576639.0
big room	dance pop	8	8911937.5
dance pop	pop edm	8	6894655.333333332
brazilian hip hop	trap brasileiro	8	19799121.0
hip hop	modern rock	8	923356.0
modern rock	pop rap	8	923356.0
pop rap	rock	8	923356.0
pop rock	trap	7	5236380.2
dirty south rap	post-teen pop	7	9941916.285714284
baile pop	edm	7	21469665.5
baile pop	electro house	7	21469665.5
baile pop	pop rap	7	20128358.25
baile pop	tropical house	7	21469665.5
edm	funk carioca	7	21469665.5
electro house	funk carioca	7	21469665.5
funk carioca	tropical house	7	21469665.5
funk das antigas	pop nacional	7	20296493.57142857
pagode baiano	pop nacional	7	20296493.57142857
baile pop	sertanejo	7	11599112.57142857
funk das antigas	sertanejo	7	11189012.285714284
axe	funk carioca	7	12935310.857142854
funk carioca	pagode	7	12838794.857142854
brazilian edm	electro house	7	35086751.8
pop nacional	pop nacional	7	31195269.42857143
electro house	tropical house	7	6147485.5
moombahton	pop	7	9137360.75
dance pop	tropical	7	3655085.7142857136
edm	hip hop	7	7008762.0
hip hop	tropical house	7	7008762.0
post-teen pop	progressive house	7	8910369.42857143
funk ostentacao	sertanejo pop	7	13629537.42857143
pop rap	viral pop	7	3907773.0
post-teen pop	r&b	7	5987097.166666668
brazilian hip hop	pop nacional	7	7412635.75
latin pop	reggaeton	7	19802556.85714286
hip pop	pop	7	14363588.6
pop	queens hip hop	7	14363588.6
edm	electro house	7	3045136.0
brazilian edm	sertanejo universitario	7	25376314.42857143
pop	viral pop	7	8814392.42857143
rap	rock	7	603552.5
brazilian hip hop	brazilian hip hop	7	19799121.0
pop rock	southern hip hop	6	5236380.2
conscious hip hop	dance pop	6	6601071.666666668
miami hip hop	pop	6	10444593.4
chicago rap	pop	6	8334507.0
baile pop	pagode baiano	6	28996265.2
electro house	pop nacional	6	37207532.0
baile pop	moombahton	6	22511704.666666668
funk carioca	moombahton	6	22511704.666666668
electropop	pop rap	6	6805839.333333332
dance pop	moombahton	6	7451860.2
post-teen pop	tropical	6	14461642.0
edm	southern hip hop	6	4449171.333333333
southern hip hop	tropical house	6	4449171.333333333
folk brasileiro	pop nacional	6	17864246.333333332
nova mpb	pop nacional	6	17864246.333333332
latin	latin hip hop	6	21310402.0
hip hop	pop rock	6	6962578.666666668
electropop	indie poptimism	6	11003202.0
big room	post-teen pop	6	9311218.166666666
tropical house	uk dance	6	6712270.0
modern rock	rap	6	923356.0
modern rock	trap	6	923356.0
rock	trap	6	923356.0
conscious hip hop	southern hip hop	5	6481719.25
conscious hip hop	post-teen pop	5	7459792.8
miami hip hop	post-teen pop	5	10444593.4
new orleans rap	southern hip hop	5	6481719.25
atl hip hop	southern hip hop	5	5719361.0
melodic rap	southern hip hop	5	5942625.8
dance pop	funk das antigas	5	19771396.2
funk das antigas	pop	5	19771396.2
dance pop	pagode baiano	5	19771396.2
pagode baiano	pop	5	19771396.2
baile pop	brega funk	5	7815285.0
pagode baiano	sertanejo pop	5	11998429.6
pagode baiano	sertanejo universitario	5	11998429.6
funk carioca	samba reggae	5	10019450.8
dance pop	indie poptimism	5	8237120.666666668
danish pop	pop	5	8237120.666666668
indie pop	pop	5	8237120.666666668
latin pop	pop	5	14800010.8
post-teen pop	reggaeton	5	14794849.2
electro house	hip hop	5	7112789.5
house	rap	5	4977655.8
progressive house	rap	5	4977655.8
rap	uk dance	5	4977655.8
electro house	southern hip hop	5	5285143.0
house	trap	5	4977655.8
progressive house	trap	5	4977655.8
trap	uk dance	5	4977655.8
funk ostentacao	sertanejo	5	16469233.8
mpb	sertanejo pop	5	9909738.4
mpb	sertanejo universitario	5	9909738.4
atl hip hop	melodic rap	5	7909883.0
latin hip hop	latin pop	5	21310402.0
reggaeton	tropical	5	21067225.6
latin pop	tropical	5	21310402.0
dance pop	hip pop	5	14363588.6
dance pop	queens hip hop	5	14363588.6
latin hip hop	pop	5	13145243.2
electropop	electropop	5	11003202.0
forro	funk carioca	5	16302187.5
pop edm	post-teen pop	5	5573018.0
canadian pop	edm	5	17908164.6
canadian pop	tropical house	5	16082338.5
deep funk ostentacao	funk carioca	5	12394496.666666664
post-teen pop	uk pop	5	12789130.4
atl hip hop	edm	5	4746581.4
atl hip hop	tropical house	5	4746581.4
latin	pop rap	5	1940453.0
pop rap	reggaeton	5	1940453.0
funk carioca	latin	5	13751998.25
funk carioca	reggaeton	5	13751998.25
pop	trap soul	5	8715072.75
pop rap	trap soul	5	12817822.5
conscious hip hop	urban contemporary	4	6583894.0
canadian pop	conscious hip hop	4	8991727.25
conscious hip hop	new orleans rap	4	6481719.25
canadian pop	urban contemporary	4	7577514.25
dirty south rap	melodic rap	4	7049026.75
melodic rap	miami hip hop	4	6324708.75
edm	funk das antigas	4	21469665.5
electro house	funk das antigas	4	21469665.5
funk das antigas	pop rap	4	20128358.25
funk das antigas	tropical house	4	21469665.5
edm	pagode baiano	4	21469665.5
electro house	pagode baiano	4	21469665.5
pagode baiano	pop rap	4	20128358.25
pagode baiano	tropical house	4	21469665.5
dance pop	pop nacional	4	18754299.0
pop	pop nacional	4	18754299.0
pop nacional	pop rap	4	18754299.0
baile pop	mpb	4	4504168.0
funk ostentacao	pop nacional	4	15231977.0
indie poptimism	pop rap	4	6441929.0
electropop	rap	4	4151108.5
dance pop	danish pop	4	8237120.666666668
dance pop	indie pop	4	8237120.666666668
danish pop	edm	4	8237120.666666668
edm	indie pop	4	8237120.666666668
edm	indie poptimism	4	8237120.666666668
latin pop	post-teen pop	4	17690430.5
house	southern hip hop	4	6069859.25
progressive house	southern hip hop	4	6069859.25
southern hip hop	uk dance	4	6069859.25
hip hop	house	4	8001496.666666668
hip hop	progressive house	4	8001496.666666668
hip hop	uk dance	4	8001496.666666668
detroit hip hop	post-teen pop	4	5227458.75
house	post-teen pop	4	7329899.0
pagode	sertanejo pop	4	10722872.25
pagode	sertanejo universitario	4	10722872.25
nova mpb	sertanejo universitario	4	11901112.75
pop nacional	portuguese pop	4	15664202.0
edm	urban contemporary	4	6447125.25
tropical house	urban contemporary	4	6447125.25
dance pop	dirty south rap	4	11147473.25
girl group	pop rap	4	4581458.25
pop rap	talent show	4	4581458.25
canadian contemporary r&b	pop	4	9028533.75
latin hip hop	tropical	4	25524449.0
tropical	tropical	4	25524449.0
hip pop	post-teen pop	4	15986442.5
post-teen pop	queens hip hop	4	15986442.5
dance pop	latin hip hop	4	2568761.75
detroit hip hop	funk carioca	4	17154559.0
baile pop	brazilian hip hop	4	1964962.5
pop	progressive electro house	4	8643615.0
electronic trap	pop	4	9768969.666666666
brazilian edm	sertanejo pop	4	27296172.75
pop nacional	sertanejo	4	26734017.75
edm	pop edm	4	5500065.666666667
dance pop	viral pop	4	6255736.75
tropical house	viral pop	4	8188605.0
edm	viral pop	4	4958286.333333333
moombahton	post-teen pop	4	8350157.75
alternative r&b	pop	4	7509704.25
forro	sertanejo pop	4	7853946.25
brazilian edm	brazilian hip hop	4	22011200.0
pop rap	uk pop	4	6571041.75
norwegian pop	pop	4	5356748.0
complextro	dance pop	4	7496177.25
complextro	pop	4	7496177.25
complextro	post-teen pop	4	7496177.25
atl trap	dance pop	4	15699732.0
dance pop	gangster rap	4	15699732.0
atl trap	pop	4	15699732.0
gangster rap	pop	4	15699732.0
atl hip hop	electro house	4	2600201.5
uk dance	uk pop	4	8147061.5
dance pop	trap soul	4	11312311.666666664
post-teen pop	trap soul	4	11312311.666666664
hip pop	pop rap	4	16292231.0
pop rap	queens hip hop	4	16292231.0
dance pop	toronto rap	4	5760880.333333332
pop	toronto rap	4	5760880.333333332
barbadian pop	rap	4	10151638.0
r&b	trap	4	12369839.5
dmv rap	pop	4	5943372.0
dance pop	uk funky	4	10214997.666666666
pop	uk funky	4	10214997.666666666
modern rock	southern hip hop	4	923356.0
rock	southern hip hop	4	923356.0
hip hop	modern alternative rock	4	923356.0
hip hop	stomp pop	4	923356.0
modern alternative rock	pop rap	4	923356.0
pop rap	stomp pop	4	923356.0
atl hip hop	pop rock	3	8303517.333333332
chicago rap	dance pop	3	8334507.0
chicago rap	dirty south rap	3	8334507.0
chicago rap	miami hip hop	3	8334507.0
chicago rap	southern hip hop	3	8334507.0
chicago rap	urban contemporary	3	8334507.0
conscious hip hop	dirty south rap	3	8334507.0
conscious hip hop	miami hip hop	3	8334507.0
canadian pop	chicago rap	3	8334507.0
chicago rap	post-teen pop	3	8334507.0
chicago rap	new orleans rap	3	8334507.0
atl hip hop	chicago rap	3	8334507.0
chicago rap	melodic rap	3	8334507.0
atl hip hop	conscious hip hop	3	8334507.0
conscious hip hop	melodic rap	3	8334507.0
canadian pop	dirty south rap	3	8334507.0
canadian pop	miami hip hop	3	8334507.0
canadian pop	southern hip hop	3	8334507.0
dance pop	new orleans rap	3	8334507.0
dirty south rap	new orleans rap	3	8334507.0
miami hip hop	new orleans rap	3	8334507.0
new orleans rap	urban contemporary	3	8334507.0
atl hip hop	dirty south rap	3	8334507.0
atl hip hop	miami hip hop	3	8334507.0
atl hip hop	urban contemporary	3	8334507.0
melodic rap	urban contemporary	3	8334507.0
canadian pop	new orleans rap	3	8334507.0
new orleans rap	post-teen pop	3	8334507.0
atl hip hop	canadian pop	3	8334507.0
canadian pop	melodic rap	3	8334507.0
atl hip hop	new orleans rap	3	8334507.0
melodic rap	new orleans rap	3	8334507.0
funk das antigas	moombahton	3	22511704.666666668
moombahton	pagode baiano	3	22511704.666666668
edm	pop nacional	3	22511704.666666668
moombahton	pop nacional	3	22511704.666666668
pop nacional	tropical house	3	22511704.666666668
brega funk	pop nacional	3	11544606.0
axe	baile pop	3	3240075.0
axe	funk ostentacao	3	15660025.0
funk ostentacao	pagode	3	15660025.0
electropop	hip hop	3	4166834.0
indie pop rap	pop	3	686283.0
indie pop rap	post-teen pop	3	686283.0
electro house	electropop	3	15743592.666666664
danish pop	tropical house	3	8237120.666666668
indie pop	tropical house	3	8237120.666666668
boy band	dance pop	3	3474440.666666666
boy band	pop	3	3474440.666666666
girl group	latin	3	3517442.333333333
latin	talent show	3	3517442.333333333
dance pop	latin pop	3	5103517.666666667
pop	pop rock	3	6252065.333333332
axe	sertanejo pop	3	13990688.333333336
axe	sertanejo universitario	3	13990688.333333336
samba reggae	sertanejo pop	3	13990688.333333336
samba reggae	sertanejo universitario	3	13990688.333333336
uk dance	urban contemporary	3	5972109.333333332
girl group	hip hop	3	4974236.666666667
girl group	southern hip hop	3	4974236.666666667
girl group	trap	3	4974236.666666667
hip hop	talent show	3	4974236.666666667
southern hip hop	talent show	3	4974236.666666667
talent show	trap	3	4974236.666666667
hip hop	viral pop	3	4974236.666666667
southern hip hop	viral pop	3	4974236.666666667
trap	viral pop	3	4974236.666666667
art pop	hip hop	3	350876.5
art pop	rap	3	350876.5
art pop	trap	3	350876.5
etherpop	pop	3	11583176.666666664
indie poptimism	post-teen pop	3	7270052.333333332
atl hip hop	dfw rap	3	11613269.0
dfw rap	rap	3	11613269.0
dfw rap	trap	3	11613269.0
pop	west coast rap	3	7751969.333333332
mpb	pop nacional	3	15374568.666666664
mpb	nova mpb	3	22264335.0
folk brasileiro	nova mpb	3	22264335.0
baile pop	detroit hip hop	3	17154559.0
afrofuturismo brasileiro	funk carioca	3	17154559.0
bass trap	funk carioca	3	17154559.0
electronic trap	funk carioca	3	17154559.0
dance pop	progressive electro house	3	6948109.0
dance pop	electronic trap	3	2047720.0
latin	mexican pop	3	2137172.5
latin	reggaeton flow	3	2137172.5
big room	edm	3	2281731.0
big room	tropical house	3	2281731.0
edm	progressive house	3	964763.0
progressive house	tropical house	3	964763.0
edm	house	3	1265441.0
house	tropical house	3	1265441.0
electropop	viral pop	3	7637171.333333332
forro	sertanejo	3	20298677.33333333
forro	sertanejo universitario	3	17210337.333333332
brazilian edm	funk das antigas	3	22175792.666666668
brazilian hip hop	sertanejo universitario	3	9264010.333333334
conscious hip hop	rock	3	603552.5
baile pop	deep funk ostentacao	3	18466684.0
brazilian edm	deep funk ostentacao	3	18466684.0
deep funk ostentacao	funk das antigas	3	18466684.0
rap	uk pop	3	2028499.666666667
trap	uk pop	3	1573476.333333333
dance pop	german techno	3	9630181.0
german techno	pop	3	9630181.0
german techno	post-teen pop	3	9630181.0
edm	melodic rap	3	6129203.666666668
atl hip hop	house	3	1984712.666666667
atl hip hop	progressive house	3	1984712.666666667
melodic rap	tropical house	3	6129203.666666668
atl hip hop	uk dance	3	1984712.666666667
brazilian edm	sertanejo	3	15359382.666666664
moombahton	pop rap	3	6159420.5
moombahton	rap	3	6159420.5
big room	uk pop	3	6426953.333333332
baile pop	forro	3	32643750.5
baile pop	latin	3	17256553.666666668
baile pop	reggaeton	3	17256553.666666668
funk das antigas	latin	3	17256553.666666668
funk das antigas	reggaeton	3	17256553.666666668
pop nacional	trap brasileiro	3	3510779.5
brazilian hip hop	hungarian rock	3	2601906.0
brazilian hip hop	rap baiano	3	2601906.0
post-teen pop	toronto rap	3	5760880.333333332
barbadian pop	pop	3	16796468.0
barbadian pop	hip hop	3	10151638.0
barbadian pop	pop rap	3	14561429.5
pop	swedish pop	3	6053412.666666668
edm	uk dance	3	4857780.5
pittsburgh rap	pop	3	635674.5
australian pop	pop	3	8348175.0
dance pop	norwegian pop	3	4972606.0
funk das antigas	funk ostentacao	3	14830681.333333336
pop edm	tropical house	3	7371181.0
alternative r&b	dance pop	3	5436228.0
alternative r&b	pop rap	3	5436228.0
alternative r&b	rap	3	5436228.0
edm	r&b	3	3510788.333333333
r&b	tropical house	3	3510788.333333333
post-teen pop	uk funky	3	10214997.666666666
dance pop	dancehall	3	12401035.0
g funk	pop	3	1203359.0
contemporary country	dance pop	3	4661308.5
country	dance pop	3	4661308.5
country pop	dance pop	3	4661308.5
country road	dance pop	3	4661308.5
dance pop	modern country rock	3	4661308.5
contemporary country	pop	3	4661308.5
country	pop	3	4661308.5
country pop	pop	3	4661308.5
country road	pop	3	4661308.5
modern country rock	pop	3	4661308.5
modern alternative rock	pop	3	3492045.5
modern rock	pop	3	923356.0
pop	rock	3	923356.0
dmv rap	hip hop	3	923356.0
dmv rap	pop rap	3	923356.0
dmv rap	trap	3	923356.0
hip hop	trap soul	3	923356.0
rap	trap soul	3	923356.0
hip hop	pittsburgh rap	3	923356.0
pittsburgh rap	pop rap	3	923356.0
modern alternative rock	rap	3	923356.0
rap	stomp pop	3	923356.0
modern alternative rock	trap	3	923356.0
stomp pop	trap	3	923356.0
pagode baiano	sertanejo	2	719901.0
axe	brazilian edm	2	4062594.5
brazilian edm	mpb	2	4062594.5
funk ostentacao	mpb	2	4062594.5
baile pop	pagode	2	4062594.5
brazilian edm	pagode	2	4062594.5
baile pop	samba reggae	2	4062594.5
brazilian edm	samba reggae	2	4062594.5
funk ostentacao	samba reggae	2	4062594.5
canadian contemporary r&b	electro	2	25610444.5
canadian pop	electro	2	25610444.5
electro	pop	2	25610444.5
canadian contemporary r&b	filter house	2	25610444.5
canadian pop	filter house	2	25610444.5
filter house	pop	2	25610444.5
francoton	latin	2	20172809.5
francoton	reggaeton	2	20172809.5
etherpop	hip hop	2	768557.0
hip hop	indie poptimism	2	768557.0
dance pop	indie pop rap	2	768557.0
electropop	indie pop rap	2	768557.0
etherpop	indie pop rap	2	768557.0
indie pop rap	indie poptimism	2	768557.0
etherpop	pop rap	2	768557.0
etherpop	rap	2	768557.0
indie poptimism	rap	2	768557.0
danish pop	electro house	2	12115301.0
electro house	indie pop	2	12115301.0
electro house	indie poptimism	2	12115301.0
danish pop	moombahton	2	12115301.0
electropop	moombahton	2	12115301.0
indie pop	moombahton	2	12115301.0
indie poptimism	moombahton	2	12115301.0
moombahton	tropical house	2	12115301.0
danish pop	pop rap	2	12115301.0
indie pop	pop rap	2	12115301.0
boy band	girl group	2	3574602.0
boy band	post-teen pop	2	3574602.0
boy band	talent show	2	3574602.0
boy band	uk pop	2	3574602.0
latin	uk pop	2	3574602.0
girl group	latin pop	2	3574602.0
latin pop	talent show	2	3574602.0
latin pop	uk pop	2	3574602.0
girl group	reggaeton	2	3574602.0
reggaeton	talent show	2	3574602.0
reggaeton	uk pop	2	3574602.0
girl group	tropical	2	3574602.0
talent show	tropical	2	3574602.0
tropical	uk pop	2	3574602.0
detroit hip hop	edm	2	9467070.5
detroit hip hop	electro house	2	9467070.5
detroit hip hop	house	2	9467070.5
detroit hip hop	progressive house	2	9467070.5
detroit hip hop	tropical house	2	9467070.5
detroit hip hop	uk dance	2	9467070.5
detroit hip hop	pop rap	2	9467070.5
brazilian edm	new french touch	2	11156888.0
electro house	new french touch	2	11156888.0
new french touch	pop nacional	2	11156888.0
piano rock	pop rap	2	3635371.5
brazilian edm	brega funk	2	2221303.5
brega funk	funk ostentacao	2	2221303.5
folk brasileiro	sertanejo universitario	2	20013912.0
portuguese pop	sertanejo universitario	2	20013912.0
dance pop	deep pop r&b	2	4069857.5
deep pop r&b	edm	2	4069857.5
deep pop r&b	pop	2	4069857.5
deep pop r&b	tropical house	2	4069857.5
deep pop r&b	uk dance	2	4069857.5
atl hip hop	girl group	2	2983688.5
dirty south rap	girl group	2	2983688.5
girl group	rap	2	2983688.5
atl hip hop	talent show	2	2983688.5
dirty south rap	talent show	2	2983688.5
rap	talent show	2	2983688.5
atl hip hop	viral pop	2	2983688.5
dirty south rap	viral pop	2	2983688.5
rap	viral pop	2	2983688.5
sertanejo tradicional	sertanejo universitario	2	1897076.5
art pop	east coast hip hop	2	350876.5
east coast hip hop	pop	2	350876.5
art pop	pop rap	2	350876.5
art pop	southern hip hop	2	350876.5
art pop	canadian contemporary r&b	2	1075285.5
art pop	canadian pop	2	1075285.5
art pop	pop	2	1075285.5
electropop	r&b	2	719112.5
etherpop	post-teen pop	2	719112.5
etherpop	r&b	2	719112.5
indie poptimism	r&b	2	719112.5
dance pop	modern reggae	2	9897837.5
modern reggae	pop	2	9897837.5
modern reggae	post-teen pop	2	9897837.5
brazilian hip hop	folk brasileiro	2	11314492.0
brazilian hip hop	nova mpb	2	11314492.0
brazilian hip hop	portuguese pop	2	11314492.0
latin	puerto rican pop	2	48911725.5
latin hip hop	puerto rican pop	2	48911725.5
puerto rican pop	reggaeton	2	48911725.5
puerto rican pop	tropical	2	48911725.5
conscious hip hop	pop rock	2	10269871.5
folk brasileiro	mpb	2	22264335.0
brazilian rock	nova mpb	2	22264335.0
nova mpb	nova mpb	2	22264335.0
brazilian rock	pop nacional	2	22264335.0
latin hip hop	post-teen pop	2	28498828.5
electropop	indie electropop	2	1672192.0
electropop	indietronica	2	1672192.0
indie electropop	pop	2	1672192.0
indietronica	pop	2	1672192.0
indie electropop	tropical house	2	1672192.0
indietronica	tropical house	2	1672192.0
afrofuturismo brasileiro	baile pop	2	17154559.0
baile pop	bass trap	2	17154559.0
baile pop	electronic trap	2	17154559.0
brazilian hip hop	funk carioca	2	1450570.0
brostep	pop	2	13477973.5
post-teen pop	progressive electro house	2	9643274.5
electronic trap	tropical house	2	3858670.0
dance pop	reggaeton flow	2	2137172.5
latin pop	reggaeton flow	2	2137172.5
latin hip hop	mexican pop	2	2137172.5
mexican pop	reggaeton	2	2137172.5
mexican pop	reggaeton flow	2	2137172.5
mexican pop	tropical	2	2137172.5
pop	reggaeton flow	2	2137172.5
reggaeton flow	tropical	2	2137172.5
cubaton	latin	2	2618435.0
cubaton	tropical	2	2618435.0
dance pop	disco house	2	1265441.0
disco house	edm	2	1265441.0
disco house	pop	2	1265441.0
disco house	tropical house	2	1265441.0
electro house	viral pop	2	2515976.5
pop edm	viral pop	2	2515976.5
post-teen pop	viral pop	2	9172853.0
edm	social media pop	2	1757835.0
canadian pop	electro house	2	21686054.0
canadian pop	electropop	2	17537407.0
brazilian hip hop	sertanejo	2	5405632.0
brazilian hip hop	sertanejo pop	2	5405632.0
brega funk	sertanejo	2	10827970.0
brega funk	sertanejo pop	2	10827970.0
brega funk	sertanejo universitario	2	10827970.0
southern hip hop	uk pop	2	308248.5
dance pop	neo mellow	2	604299.5
dance pop	neo soul	2	2808886.0
neo mellow	pop	2	604299.5
neo soul	pop	2	2808886.0
permanent wave	pop	2	23563911.5
permanent wave	tropical house	2	23563911.5
colombian pop	latin	2	16640885.0
colombian pop	reggaeton	2	16640885.0
complextro	tropical house	2	864941.5
atl trap	post-teen pop	2	15699732.0
gangster rap	post-teen pop	2	15699732.0
electro house	melodic rap	2	2527755.0
forro	forro	2	7750165.0
dance pop	miami hip hop	2	13609723.0
girl group	pop	2	6179228.0
pop	talent show	2	6179228.0
brazilian edm	brazilian house	2	15252819.5
funk carioca	nova mpb	2	3788313.5
nova mpb	sertanejo pop	2	3788313.5
sertanejo universitario	trap brasileiro	2	9276944.0
brazilian edm	tropical house	2	709616.0
moombahton	trap	2	6159420.5
electronic trap	post-teen pop	2	12724119.5
big room	pop rap	2	3535143.0
progressive house	uk pop	2	7178426.0
dutch pop	edm	2	363407.0
dutch pop	pop	2	363407.0
dutch pop	tropical house	2	363407.0
forro	funk das antigas	2	60291653.0
latin	pagode baiano	2	25266975.5
pagode baiano	reggaeton	2	25266975.5
hungarian rock	trap brasileiro	2	2601906.0
baile pop	trap brasileiro	2	2601906.0
r&b	uk pop	2	2277782.5
electro house	urban contemporary	2	8824393.0
hip pop	trap	2	16292231.0
hip pop	urban contemporary	2	16292231.0
queens hip hop	trap	2	16292231.0
queens hip hop	urban contemporary	2	16292231.0
pop rap	toronto rap	2	7872173.0
barbadian pop	dance pop	2	16796468.0
r&b	southern hip hop	2	12369839.5
southern hip hop	urban contemporary	2	24264306.0
r&b	urban contemporary	2	24264306.0
barbadian pop	trap	2	23816323.0
brazilian hip hop	r&b brasileiro	2	4419653.0
forro	pagode	2	4479824.5
forro	pop nacional	2	20355702.5
funk carioca	r&b brasileiro	2	3367404.5
pop	puerto rican pop	2	31806259.0
post-teen pop	puerto rican pop	2	31806259.0
dance pop	swedish pop	2	8945462.5
edm	swedish pop	2	8945462.5
swedish pop	tropical house	2	8945462.5
house	uk dance	2	973104.0
pittsburgh rap	pop rock	2	635674.5
australian dance	dance pop	2	7600809.5
australian pop	dance pop	2	7600809.5
australian dance	pop	2	7600809.5
australian dance	post-teen pop	2	7600809.5
australian pop	post-teen pop	2	7600809.5
canadian pop	post-teen pop	2	14153356.0
big room	electropop	2	13496127.5
electropop	progressive house	2	13496127.5
electropop	uk dance	2	3780626.5
alternative r&b	edm	2	2672648.0
alternative r&b	electro house	2	2672648.0
alternative r&b	house	2	2672648.0
alternative r&b	progressive house	2	2672648.0
alternative r&b	tropical house	2	2672648.0
alternative r&b	uk dance	2	2672648.0
alternative r&b	atl hip hop	2	2672648.0
alternative r&b	hip hop	2	8016868.5
alternative r&b	southern hip hop	2	2672648.0
alternative r&b	trap	2	2672648.0
electropop	nyc pop	2	562835.5
nyc pop	pop	2	562835.5
nyc pop	tropical house	2	562835.5
hip hop	uk pop	2	951848.0
pop	scandipop	2	4505885.0
pop	swedish electropop	2	4505885.0
brazilian edm	dance pop	2	4288124.0
brazilian edm	pop	2	4288124.0
tropical house	uk funky	2	15153097.5
uk funky	uk pop	2	15153097.5
pop rap	uk funky	2	19651558.0
dancehall	pop	2	21563738.0
dancehall	post-teen pop	2	21563738.0
dancehall	tropical house	2	21563738.0
dance pop	west coast rap	2	1819760.5
contemporary country	post-teen pop	2	4661308.5
country	post-teen pop	2	4661308.5
country pop	post-teen pop	2	4661308.5
country road	post-teen pop	2	4661308.5
modern country rock	post-teen pop	2	4661308.5
dance pop	modern alternative rock	2	6060735.0
southern hip hop	southern hip hop	2	2057971.0
electro house	r&b	2	5131526.0
atl hip hop	latin	2	3238332.0
atl hip hop	reggaeton	2	3238332.0
latin	rap	2	3238332.0
rap	reggaeton	2	3238332.0
latin	southern hip hop	2	3238332.0
reggaeton	southern hip hop	2	3238332.0
latin	trap	2	3238332.0
reggaeton	trap	2	3238332.0
electro latino	pop rap	2	3238332.0
latin pop	pop rap	2	3238332.0
pop rap	spanish pop	2	3238332.0
pop rap	tropical	2	3238332.0
dancehall	latin	2	3238332.0
latin	uk dancehall	2	3238332.0
latin	uk hip hop	2	3238332.0
dancehall	reggaeton	2	3238332.0
reggaeton	uk dancehall	2	3238332.0
reggaeton	uk hip hop	2	3238332.0
dance pop	g funk	2	987847.0
g funk	post-teen pop	2	987847.0
afro dancehall	pop rap	2	9224618.0
afropop	pop rap	2	9224618.0
azonto	pop rap	2	9224618.0
canadian pop	latin	2	55451169.0
canadian pop	tropical	2	55451169.0
conscious hip hop	r&b	2	1127705.5
modern rock	new orleans rap	2	923356.0
new orleans rap	rock	2	923356.0
conscious hip hop	modern rock	2	923356.0
dmv rap	modern rock	2	923356.0
dmv rap	rock	2	923356.0
modern rock	r&b	2	923356.0
modern rock	trap soul	2	923356.0
r&b	rock	2	923356.0
rock	trap soul	2	923356.0
modern rock	pittsburgh rap	2	923356.0
pittsburgh rap	rock	2	923356.0
modern rock	rock	2	923356.0
dmv rap	rap	2	923356.0
trap	trap soul	2	923356.0
pittsburgh rap	rap	2	923356.0
pittsburgh rap	trap	2	923356.0
dmv rap	southern hip hop	2	923356.0
modern alternative rock	southern hip hop	2	923356.0
southern hip hop	stomp pop	2	923356.0
brazilian edm	musica para ninos	2	734567.0
dance pop	deep euro house	2	9487712.0
dance pop	deep house	2	9487712.0
dance pop	german dance	2	9487712.0
deep euro house	edm	2	9487712.0
deep house	edm	2	9487712.0
edm	german dance	2	9487712.0
deep euro house	pop	2	9487712.0
deep house	pop	2	9487712.0
german dance	pop	2	9487712.0
deep euro house	tropical house	2	9487712.0
deep house	tropical house	2	9487712.0
german dance	tropical house	2	9487712.0
pop rock	west coast rap	1	19616387.0
baile pop	brazilian rock	1	8296447.0
baile pop	folk brasileiro	1	8296447.0
baile pop	nova mpb	1	8296447.0
brazilian rock	mpb	1	8296447.0
mpb	mpb	1	8296447.0
electropop	la pop	1	924737.0
electropop	vapor soul	1	924737.0
la pop	pop	1	924737.0
pop	vapor soul	1	924737.0
la pop	tropical house	1	924737.0
tropical house	vapor soul	1	924737.0
atl hip hop	philly rap	1	1517022.0
hip hop	philly rap	1	1517022.0
philly rap	pop rap	1	1517022.0
philly rap	rap	1	1517022.0
philly rap	southern hip hop	1	1517022.0
philly rap	trap	1	1517022.0
forro	funk ostentacao	1	546970.0
indie pop rap	pop rap	1	521735.0
indie pop rap	r&b	1	521735.0
indie pop rap	rap	1	521735.0
indie pop rap	urban contemporary	1	521735.0
latin	r&b	1	9827385.0
r&b	reggaeton	1	9827385.0
dance pop	francoton	1	9827385.0
francoton	pop	1	9827385.0
francoton	post-teen pop	1	9827385.0
francoton	r&b	1	9827385.0
edm	indie cafe pop	1	1940950.0
indie cafe pop	pop	1	1940950.0
indie cafe pop	tropical house	1	1940950.0
detroit hip hop	funk das antigas	1	17154559.0
detroit hip hop	pagode baiano	1	17154559.0
afrofuturismo brasileiro	funk das antigas	1	17154559.0
bass trap	funk das antigas	1	17154559.0
electronic trap	funk das antigas	1	17154559.0
afrofuturismo brasileiro	pagode baiano	1	17154559.0
bass trap	pagode baiano	1	17154559.0
electronic trap	pagode baiano	1	17154559.0
afrofuturismo brasileiro	detroit hip hop	1	17154559.0
bass trap	detroit hip hop	1	17154559.0
detroit hip hop	electronic trap	1	17154559.0
detroit hip hop	pop nacional	1	17154559.0
brazilian hip hop	funk das antigas	1	1328019.0
brazilian hip hop	pagode baiano	1	1328019.0
brostep	dance pop	1	13225814.0
brostep	post-teen pop	1	13225814.0
edm	moombahton	1	3858670.0
edm	electronic trap	1	3858670.0
electro house	electronic trap	1	3858670.0
electronic trap	moombahton	1	3858670.0
electronic trap	pop rap	1	3858670.0
danish pop	electronic trap	1	3858670.0
electronic trap	electropop	1	3858670.0
electronic trap	indie pop	1	3858670.0
electronic trap	indie poptimism	1	3858670.0
cubaton	dance pop	1	2618435.0
cubaton	latin pop	1	2618435.0
cubaton	mexican pop	1	2618435.0
cubaton	pop	1	2618435.0
cubaton	latin hip hop	1	2618435.0
cubaton	reggaeton	1	2618435.0
cubaton	reggaeton flow	1	2618435.0
edm	progressive electro house	1	1557778.0
progressive electro house	tropical house	1	1557778.0
dance pop	social media pop	1	1757835.0
electro house	social media pop	1	1757835.0
electropop	social media pop	1	1757835.0
pop	social media pop	1	1757835.0
pop edm	social media pop	1	1757835.0
pop rap	social media pop	1	1757835.0
post-teen pop	social media pop	1	1757835.0
social media pop	tropical house	1	1757835.0
canadian pop	moombahton	1	20371932.0
canadian pop	danish pop	1	20371932.0
canadian pop	indie pop	1	20371932.0
canadian pop	indie poptimism	1	20371932.0
danish pop	post-teen pop	1	20371932.0
indie pop	post-teen pop	1	20371932.0
alternative r&b	brostep	1	13730133.0
alternative r&b	progressive electro house	1	13730133.0
conscious hip hop	irish rock	1	283749.0
conscious hip hop	permanent wave	1	283749.0
hip hop	irish rock	1	283749.0
hip hop	permanent wave	1	283749.0
irish rock	rap	1	283749.0
permanent wave	rap	1	283749.0
irish rock	west coast rap	1	283749.0
permanent wave	west coast rap	1	283749.0
rock	west coast rap	1	283749.0
deep funk ostentacao	deep funk ostentacao	1	6442539.0
atl hip hop	uk pop	1	347184.0
neo mellow	post-teen pop	1	547423.0
neo soul	post-teen pop	1	547423.0
dance pop	permanent wave	1	6125032.0
edm	permanent wave	1	6125032.0
electro house	permanent wave	1	6125032.0
norwegian pop	permanent wave	1	6125032.0
permanent wave	pop edm	1	6125032.0
baile pop	big room	1	18343548.0
big room	funk carioca	1	18343548.0
big room	funk das antigas	1	18343548.0
big room	pagode baiano	1	18343548.0
baile pop	progressive electro house	1	18343548.0
funk carioca	progressive electro house	1	18343548.0
funk das antigas	progressive electro house	1	18343548.0
pagode baiano	progressive electro house	1	18343548.0
baile pop	progressive house	1	18343548.0
funk carioca	progressive house	1	18343548.0
funk das antigas	progressive house	1	18343548.0
pagode baiano	progressive house	1	18343548.0
colombian pop	latin hip hop	1	4454214.0
colombian pop	tropical	1	4454214.0
australian hip hop	baile pop	1	12978319.0
baile pop	hip pop	1	12978319.0
baile pop	post-teen pop	1	12978319.0
australian hip hop	funk carioca	1	12978319.0
funk carioca	hip pop	1	12978319.0
funk carioca	post-teen pop	1	12978319.0
australian hip hop	funk das antigas	1	12978319.0
funk das antigas	hip pop	1	12978319.0
funk das antigas	post-teen pop	1	12978319.0
australian hip hop	pagode baiano	1	12978319.0
hip pop	pagode baiano	1	12978319.0
pagode baiano	post-teen pop	1	12978319.0
complextro	edm	1	635717.0
edm	german techno	1	635717.0
german techno	tropical house	1	635717.0
atl trap	edm	1	608842.0
edm	gangster rap	1	608842.0
atl trap	electro house	1	608842.0
electro house	gangster rap	1	608842.0
atl trap	house	1	608842.0
gangster rap	house	1	608842.0
house	melodic rap	1	608842.0
atl trap	progressive house	1	608842.0
gangster rap	progressive house	1	608842.0
melodic rap	progressive house	1	608842.0
atl trap	tropical house	1	608842.0
gangster rap	tropical house	1	608842.0
atl trap	uk dance	1	608842.0
gangster rap	uk dance	1	608842.0
melodic rap	uk dance	1	608842.0
atl trap	pop rap	1	608842.0
gangster rap	pop rap	1	608842.0
escape room	latin	1	642574.0
escape room	reggaeton	1	642574.0
latin	rap latina	1	642574.0
rap latina	reggaeton	1	642574.0
latin	trap queen	1	642574.0
reggaeton	trap queen	1	642574.0
dance pop	escape room	1	642574.0
escape room	pop	1	642574.0
escape room	pop rap	1	642574.0
dance pop	rap latina	1	642574.0
pop	rap latina	1	642574.0
pop rap	rap latina	1	642574.0
dance pop	trap queen	1	642574.0
pop	trap queen	1	642574.0
pop rap	trap queen	1	642574.0
electropop	permanent wave	1	41002791.0
dance pop	girl group	1	3403123.0
girl group	miami hip hop	1	3403123.0
dance pop	talent show	1	3403123.0
miami hip hop	talent show	1	3403123.0
latin	viral pop	1	3403123.0
miami hip hop	viral pop	1	3403123.0
deep funk ostentacao	sertanejo pop	1	250122.0
deep funk ostentacao	sertanejo universitario	1	250122.0
brazilian house	electro house	1	29771072.0
brazilian house	pop nacional	1	29771072.0
dance pop	gauze pop	1	203249.0
edm	gauze pop	1	203249.0
electronic trap	gauze pop	1	203249.0
gauze pop	pop	1	203249.0
funk carioca	trap brasileiro	1	1573121.0
sertanejo	trap brasileiro	1	1573121.0
sertanejo pop	trap brasileiro	1	1573121.0
brazilian edm	deep tropical house	1	325066.0
atl hip hop	moombahton	1	4446668.0
hip hop	moombahton	1	4446668.0
melodic rap	moombahton	1	4446668.0
dfw rap	hip hop	1	14445304.0
dfw rap	melodic rap	1	14445304.0
dfw rap	pop rap	1	14445304.0
melodic rap	melodic rap	1	14445304.0
dance pop	downtempo	1	236770.0
dance pop	shiver pop	1	236770.0
downtempo	pop	1	236770.0
pop	shiver pop	1	236770.0
downtempo	post-teen pop	1	236770.0
post-teen pop	shiver pop	1	236770.0
canadian pop	deep euro house	1	440314.0
canadian pop	deep house	1	440314.0
canadian pop	german dance	1	440314.0
conscious hip hop	gqom	1	268197.0
gqom	hip hop	1	268197.0
gqom	rap	1	268197.0
gqom	west coast rap	1	268197.0
dance pop	dutch pop	1	363407.0
dutch pop	uk pop	1	363407.0
big room	dutch pop	1	363407.0
dutch pop	progressive house	1	363407.0
funk das antigas	funk das antigas	1	60291653.0
funk das antigas	pagode baiano	1	60291653.0
forro	pagode baiano	1	60291653.0
dance pop	uk contemporary r&b	1	1620875.0
edm	uk contemporary r&b	1	1620875.0
pop	uk contemporary r&b	1	1620875.0
tropical house	uk contemporary r&b	1	1620875.0
uk contemporary r&b	uk dance	1	1620875.0
rap baiano	trap brasileiro	1	2601906.0
trap brasileiro	trap brasileiro	1	2601906.0
baile pop	hungarian rock	1	2601906.0
hungarian rock	pop nacional	1	2601906.0
hungarian rock	rap baiano	1	2601906.0
baile pop	rap baiano	1	2601906.0
pop nacional	rap baiano	1	2601906.0
girl group	r&b	1	8955333.0
girl group	trap soul	1	8955333.0
r&b	talent show	1	8955333.0
talent show	trap soul	1	8955333.0
r&b	viral pop	1	8955333.0
trap soul	viral pop	1	8955333.0
brasilia hip hop	sertanejo universitario	1	16980767.0
danish pop	electropop	1	480760.0
danish pop	indie poptimism	1	480760.0
electropop	indie pop	1	480760.0
indie pop	indie poptimism	1	480760.0
indie poptimism	indie poptimism	1	480760.0
edm	hip pop	1	7872173.0
edm	queens hip hop	1	7872173.0
electro house	hip pop	1	7872173.0
electro house	queens hip hop	1	7872173.0
hip pop	moombahton	1	7872173.0
moombahton	queens hip hop	1	7872173.0
hip pop	tropical house	1	7872173.0
queens hip hop	tropical house	1	7872173.0
edm	toronto rap	1	7872173.0
electro house	toronto rap	1	7872173.0
moombahton	toronto rap	1	7872173.0
moombahton	urban contemporary	1	7872173.0
toronto rap	tropical house	1	7872173.0
hip pop	rap	1	7872173.0
hip pop	toronto rap	1	7872173.0
queens hip hop	rap	1	7872173.0
queens hip hop	toronto rap	1	7872173.0
british soul	new jersey rap	1	508231.0
new jack swing	new jersey rap	1	508231.0
british soul	pop rap	1	508231.0
new jack swing	pop rap	1	508231.0
british soul	rap	1	508231.0
new jack swing	rap	1	508231.0
british soul	southern hip hop	1	508231.0
new jack swing	southern hip hop	1	508231.0
british soul	trap	1	508231.0
new jack swing	trap	1	508231.0
edm	neo mellow	1	661176.0
neo mellow	tropical house	1	661176.0
neo mellow	uk dance	1	661176.0
barbadian pop	dirty south rap	1	23816323.0
dirty south rap	r&b	1	23816323.0
dirty south rap	urban contemporary	1	23816323.0
barbadian pop	miami hip hop	1	23816323.0
miami hip hop	r&b	1	23816323.0
miami hip hop	urban contemporary	1	23816323.0
barbadian pop	southern hip hop	1	23816323.0
barbadian pop	urban contemporary	1	23816323.0
urban contemporary	urban contemporary	1	23816323.0
brazilian edm	r&b brasileiro	1	4419653.0
r&b brasileiro	trap brasileiro	1	4419653.0
axe	forro	1	4995848.0
forro	mpb	1	4995848.0
forro	samba reggae	1	4995848.0
electropop	toronto rap	1	4103932.0
toronto rap	uk pop	1	4103932.0
electropop	trap	1	4103932.0
electropop	urban contemporary	1	4103932.0
uk pop	urban contemporary	1	4103932.0
aussietronica	melbourne bounce	1	6010067.0
melbourne bounce	tropical house	1	6010067.0
baile pop	r&b brasileiro	1	4416066.0
funk das antigas	r&b brasileiro	1	4416066.0
pagode baiano	r&b brasileiro	1	4416066.0
k-pop	pop rap	1	2146278.0
k-pop	rap	1	2146278.0
k-pop	southern hip hop	1	2146278.0
k-pop	trap	1	2146278.0
k-pop	viral trap	1	2146278.0
k-pop boy group	pop rap	1	2146278.0
k-pop boy group	rap	1	2146278.0
k-pop boy group	southern hip hop	1	2146278.0
k-pop boy group	trap	1	2146278.0
k-pop boy group	viral trap	1	2146278.0
big room	k-pop	1	2146278.0
dance pop	k-pop	1	2146278.0
edm	k-pop	1	2146278.0
electro house	k-pop	1	2146278.0
k-pop	tropical house	1	2146278.0
big room	k-pop boy group	1	2146278.0
dance pop	k-pop boy group	1	2146278.0
edm	k-pop boy group	1	2146278.0
electro house	k-pop boy group	1	2146278.0
k-pop boy group	tropical house	1	2146278.0
big room	rap	1	2146278.0
big room	southern hip hop	1	2146278.0
big room	trap	1	2146278.0
big room	viral trap	1	2146278.0
dance pop	viral trap	1	2146278.0
edm	viral trap	1	2146278.0
electro house	viral trap	1	2146278.0
tropical house	viral trap	1	2146278.0
axe	pop nacional	1	1595036.0
dance pop	puerto rican pop	1	8161349.0
big room	swedish pop	1	9148468.0
dance pop	deep groove house	1	973104.0
deep groove house	edm	1	973104.0
deep groove house	electro house	1	973104.0
disco house	electro house	1	973104.0
electro house	house	1	973104.0
electro house	uk dance	1	973104.0
deep groove house	house	1	973104.0
disco house	house	1	973104.0
house	house	1	973104.0
deep groove house	pop	1	973104.0
deep groove house	progressive house	1	973104.0
disco house	progressive house	1	973104.0
house	progressive house	1	973104.0
progressive house	uk dance	1	973104.0
deep groove house	tropical house	1	973104.0
deep groove house	uk dance	1	973104.0
disco house	uk dance	1	973104.0
uk dance	uk dance	1	973104.0
norwegian pop	post-teen pop	1	357064.0
australian dance	norwegian pop	1	357064.0
australian pop	norwegian pop	1	357064.0
barbadian pop	canadian hip hop	1	5306536.0
canadian hip hop	dance pop	1	5306536.0
canadian hip hop	pop	1	5306536.0
canadian hip hop	post-teen pop	1	5306536.0
canadian hip hop	r&b	1	5306536.0
canadian hip hop	urban contemporary	1	5306536.0
barbadian pop	canadian pop	1	5306536.0
canadian pop	r&b	1	5306536.0
barbadian pop	toronto rap	1	5306536.0
r&b	toronto rap	1	5306536.0
toronto rap	urban contemporary	1	5306536.0
trap soul	urban contemporary	1	24712289.0
hip hop	hip pop	1	24712289.0
hip pop	r&b	1	24712289.0
hip pop	southern hip hop	1	24712289.0
hip pop	trap soul	1	24712289.0
hip hop	queens hip hop	1	24712289.0
queens hip hop	r&b	1	24712289.0
queens hip hop	southern hip hop	1	24712289.0
queens hip hop	trap soul	1	24712289.0
australian pop	big room	1	9842906.0
big room	viral pop	1	9842906.0
australian pop	edm	1	9842906.0
australian pop	progressive house	1	9842906.0
progressive house	viral pop	1	9842906.0
australian pop	tropical house	1	9842906.0
complextro	pop edm	1	5254650.0
electro house	pop edm	1	5254650.0
german techno	pop edm	1	5254650.0
boy band	deep tropical house	1	3274118.0
dance pop	deep tropical house	1	3274118.0
deep tropical house	pop	1	3274118.0
deep tropical house	post-teen pop	1	3274118.0
deep tropical house	viral pop	1	3274118.0
boy band	edm	1	3274118.0
boy band	electro house	1	3274118.0
boy band	electropop	1	3274118.0
boy band	pop edm	1	3274118.0
boy band	tropical house	1	3274118.0
funk ostentacao	pagode baiano	1	38854886.0
dance pop	lgbtq+ hip hop	1	5070349.0
edm	lgbtq+ hip hop	1	5070349.0
edm	neo soul	1	5070349.0
electro house	lgbtq+ hip hop	1	5070349.0
electro house	neo soul	1	5070349.0
house	lgbtq+ hip hop	1	5070349.0
house	neo soul	1	5070349.0
lgbtq+ hip hop	pop	1	5070349.0
lgbtq+ hip hop	progressive house	1	5070349.0
neo soul	progressive house	1	5070349.0
lgbtq+ hip hop	tropical house	1	5070349.0
neo soul	tropical house	1	5070349.0
lgbtq+ hip hop	uk dance	1	5070349.0
neo soul	uk dance	1	5070349.0
atl hip hop	lgbtq+ hip hop	1	5070349.0
hip hop	lgbtq+ hip hop	1	5070349.0
lgbtq+ hip hop	pop rap	1	5070349.0
lgbtq+ hip hop	rap	1	5070349.0
lgbtq+ hip hop	southern hip hop	1	5070349.0
lgbtq+ hip hop	trap	1	5070349.0
atl hip hop	neo soul	1	5070349.0
hip hop	neo soul	1	5070349.0
neo soul	pop rap	1	5070349.0
neo soul	rap	1	5070349.0
neo soul	southern hip hop	1	5070349.0
neo soul	trap	1	5070349.0
indie electropop	nyc pop	1	880638.0
indie pop	nyc pop	1	880638.0
indie poptimism	nyc pop	1	880638.0
indietronica	nyc pop	1	880638.0
la pop	nyc pop	1	880638.0
nyc pop	pop edm	1	880638.0
alternative r&b	canadian contemporary r&b	1	10963388.0
alternative r&b	canadian pop	1	10963388.0
alternative r&b	electropop	1	10963388.0
alternative r&b	post-teen pop	1	10963388.0
canadian contemporary r&b	conscious hip hop	1	10963388.0
canadian contemporary r&b	dmv rap	1	10963388.0
canadian contemporary r&b	hip hop	1	10963388.0
canadian contemporary r&b	pop rap	1	10963388.0
canadian contemporary r&b	rap	1	10963388.0
canadian pop	dmv rap	1	10963388.0
dance pop	dmv rap	1	10963388.0
conscious hip hop	electropop	1	10963388.0
dmv rap	electropop	1	10963388.0
dmv rap	post-teen pop	1	10963388.0
alternative r&b	conscious hip hop	1	10963388.0
alternative r&b	dmv rap	1	10963388.0
hip hop	scandipop	1	269313.0
hip hop	swedish electropop	1	269313.0
hip hop	swedish pop	1	269313.0
pop rap	scandipop	1	269313.0
pop rap	swedish electropop	1	269313.0
pop rap	swedish pop	1	269313.0
r&b	scandipop	1	269313.0
r&b	swedish electropop	1	269313.0
r&b	swedish pop	1	269313.0
scandipop	southern hip hop	1	269313.0
southern hip hop	swedish electropop	1	269313.0
southern hip hop	swedish pop	1	269313.0
scandipop	trap	1	269313.0
swedish electropop	trap	1	269313.0
swedish pop	trap	1	269313.0
edm	trap soul	1	269313.0
scandipop	trap soul	1	269313.0
swedish electropop	trap soul	1	269313.0
swedish pop	trap soul	1	269313.0
trap soul	tropical house	1	269313.0
trap soul	uk pop	1	269313.0
norwegian pop	pop rap	1	9588148.0
pop edm	pop rap	1	9588148.0
electropop	uk funky	1	338798.0
brazilian edm	hip hop	1	7482082.0
brazilian edm	hip pop	1	7482082.0
brazilian edm	pop rap	1	7482082.0
brazilian edm	urban contemporary	1	7482082.0
hip hop	pop nacional	1	7482082.0
hip pop	pop nacional	1	7482082.0
pop nacional	urban contemporary	1	7482082.0
dancehall	uk pop	1	21563738.0
dancehall	edm	1	21563738.0
dancehall	uk dance	1	21563738.0
dancehall	uk funky	1	21563738.0
australian dance	conscious hip hop	1	2307466.0
australian pop	conscious hip hop	1	2307466.0
australian dance	hip hop	1	2307466.0
australian pop	hip hop	1	2307466.0
australian dance	rap	1	2307466.0
australian pop	rap	1	2307466.0
australian dance	west coast rap	1	2307466.0
australian pop	west coast rap	1	2307466.0
canadian contemporary r&b	complextro	1	23000176.0
canadian contemporary r&b	dance pop	1	23000176.0
canadian contemporary r&b	edm	1	23000176.0
canadian contemporary r&b	electro house	1	23000176.0
canadian contemporary r&b	german techno	1	23000176.0
canadian contemporary r&b	post-teen pop	1	23000176.0
canadian contemporary r&b	tropical house	1	23000176.0
canadian pop	complextro	1	23000176.0
canadian pop	german techno	1	23000176.0
complextro	electropop	1	23000176.0
electropop	german techno	1	23000176.0
detroit hip hop	uk pop	1	1634383.0
g funk	uk pop	1	1634383.0
big room	contemporary country	1	6060735.0
big room	country	1	6060735.0
big room	country pop	1	6060735.0
big room	country road	1	6060735.0
big room	modern country rock	1	6060735.0
contemporary country	edm	1	6060735.0
country	edm	1	6060735.0
country pop	edm	1	6060735.0
country road	edm	1	6060735.0
edm	modern country rock	1	6060735.0
contemporary country	electro house	1	6060735.0
country	electro house	1	6060735.0
country pop	electro house	1	6060735.0
country road	electro house	1	6060735.0
electro house	modern country rock	1	6060735.0
contemporary country	progressive electro house	1	6060735.0
country	progressive electro house	1	6060735.0
country pop	progressive electro house	1	6060735.0
country road	progressive electro house	1	6060735.0
modern country rock	progressive electro house	1	6060735.0
contemporary country	progressive house	1	6060735.0
country	progressive house	1	6060735.0
country pop	progressive house	1	6060735.0
country road	progressive house	1	6060735.0
modern country rock	progressive house	1	6060735.0
contemporary country	tropical house	1	6060735.0
country	tropical house	1	6060735.0
country pop	tropical house	1	6060735.0
country road	tropical house	1	6060735.0
modern country rock	tropical house	1	6060735.0
big room	modern alternative rock	1	6060735.0
edm	modern alternative rock	1	6060735.0
electro house	modern alternative rock	1	6060735.0
modern alternative rock	progressive electro house	1	6060735.0
modern alternative rock	progressive house	1	6060735.0
modern alternative rock	tropical house	1	6060735.0
contemporary country	modern alternative rock	1	6060735.0
country	modern alternative rock	1	6060735.0
country pop	modern alternative rock	1	6060735.0
country road	modern alternative rock	1	6060735.0
modern alternative rock	modern country rock	1	6060735.0
modern alternative rock	post-teen pop	1	6060735.0
electro house	sertanejo universitario	1	21370991.0
electropop	etherpop	1	33311305.0
etherpop	tropical house	1	33311305.0
dirty south rap	southern hip hop	1	3192586.0
contemporary country	electropop	1	3261882.0
country	electropop	1	3261882.0
country pop	electropop	1	3261882.0
country road	electropop	1	3261882.0
electropop	modern country rock	1	3261882.0
barbadian pop	edm	1	9776613.0
barbadian pop	electro house	1	9776613.0
barbadian pop	house	1	9776613.0
house	r&b	1	9776613.0
house	urban contemporary	1	9776613.0
barbadian pop	progressive house	1	9776613.0
progressive house	r&b	1	9776613.0
progressive house	urban contemporary	1	9776613.0
barbadian pop	tropical house	1	9776613.0
barbadian pop	uk dance	1	9776613.0
r&b	uk dance	1	9776613.0
emo rap	melodic rap	1	295314.0
emo rap	rap	1	295314.0
emo rap	trap	1	295314.0
atl hip hop	electro latino	1	3238332.0
atl hip hop	latin pop	1	3238332.0
atl hip hop	spanish pop	1	3238332.0
atl hip hop	tropical	1	3238332.0
electro latino	rap	1	3238332.0
latin pop	rap	1	3238332.0
rap	spanish pop	1	3238332.0
rap	tropical	1	3238332.0
electro latino	southern hip hop	1	3238332.0
latin pop	southern hip hop	1	3238332.0
southern hip hop	spanish pop	1	3238332.0
southern hip hop	tropical	1	3238332.0
electro latino	trap	1	3238332.0
latin pop	trap	1	3238332.0
spanish pop	trap	1	3238332.0
trap	tropical	1	3238332.0
atl hip hop	funk carioca	1	3238332.0
funk carioca	rap	1	3238332.0
funk carioca	southern hip hop	1	3238332.0
funk carioca	trap	1	3238332.0
atl hip hop	dancehall	1	3238332.0
atl hip hop	uk dancehall	1	3238332.0
atl hip hop	uk hip hop	1	3238332.0
dancehall	pop rap	1	3238332.0
pop rap	uk dancehall	1	3238332.0
pop rap	uk hip hop	1	3238332.0
dancehall	rap	1	3238332.0
rap	uk dancehall	1	3238332.0
rap	uk hip hop	1	3238332.0
dancehall	southern hip hop	1	3238332.0
southern hip hop	uk dancehall	1	3238332.0
southern hip hop	uk hip hop	1	3238332.0
dancehall	trap	1	3238332.0
trap	uk dancehall	1	3238332.0
trap	uk hip hop	1	3238332.0
electro latino	latin	1	3238332.0
latin	spanish pop	1	3238332.0
electro latino	reggaeton	1	3238332.0
reggaeton	reggaeton	1	3238332.0
reggaeton	spanish pop	1	3238332.0
electro latino	funk carioca	1	3238332.0
funk carioca	latin pop	1	3238332.0
funk carioca	spanish pop	1	3238332.0
funk carioca	tropical	1	3238332.0
dance pop	uk dancehall	1	3238332.0
dance pop	uk hip hop	1	3238332.0
dancehall	electro latino	1	3238332.0
electro latino	pop	1	3238332.0
electro latino	uk dancehall	1	3238332.0
electro latino	uk hip hop	1	3238332.0
dancehall	latin pop	1	3238332.0
latin pop	uk dancehall	1	3238332.0
latin pop	uk hip hop	1	3238332.0
dancehall	spanish pop	1	3238332.0
pop	spanish pop	1	3238332.0
spanish pop	uk dancehall	1	3238332.0
spanish pop	uk hip hop	1	3238332.0
dancehall	tropical	1	3238332.0
tropical	uk dancehall	1	3238332.0
tropical	uk hip hop	1	3238332.0
dancehall	funk carioca	1	3238332.0
funk carioca	uk dancehall	1	3238332.0
funk carioca	uk hip hop	1	3238332.0
alternative metal	electropop	1	1640739.0
electropop	nu metal	1	1640739.0
electropop	post-grunge	1	1640739.0
electropop	rap metal	1	1640739.0
alternative metal	indie poptimism	1	1640739.0
indie poptimism	nu metal	1	1640739.0
indie poptimism	post-grunge	1	1640739.0
indie poptimism	rap metal	1	1640739.0
alternative metal	indietronica	1	1640739.0
indietronica	nu metal	1	1640739.0
indietronica	post-grunge	1	1640739.0
indietronica	rap metal	1	1640739.0
alternative metal	pop	1	1640739.0
nu metal	pop	1	1640739.0
pop	post-grunge	1	1640739.0
pop	rap metal	1	1640739.0
deep funk ostentacao	funk ostentacao	1	30490829.0
big room	r&b	1	486439.0
funk ostentacao	r&b brasileiro	1	2318743.0
afro dancehall	dance pop	1	709858.0
afro dancehall	edm	1	709858.0
afro dancehall	electro house	1	709858.0
afro dancehall	moombahton	1	709858.0
afro dancehall	pop	1	709858.0
afro dancehall	tropical house	1	709858.0
afropop	dance pop	1	709858.0
afropop	edm	1	709858.0
afropop	electro house	1	709858.0
afropop	moombahton	1	709858.0
afropop	pop	1	709858.0
afropop	tropical house	1	709858.0
azonto	dance pop	1	709858.0
azonto	edm	1	709858.0
azonto	electro house	1	709858.0
azonto	moombahton	1	709858.0
azonto	pop	1	709858.0
azonto	tropical house	1	709858.0
afrofuturismo brasileiro	brazilian reggae	1	14572112.0
baile pop	brazilian reggae	1	14572112.0
brazilian reggae	pop nacional	1	14572112.0
brazilian reggae	r&b brasileiro	1	14572112.0
canadian pop	latin hip hop	1	55451169.0
canadian pop	reggaeton	1	55451169.0
canadian pop	latin pop	1	55451169.0
canadian pop	puerto rican pop	1	55451169.0
detroit hip hop	r&b	1	1559829.0
g funk	r&b	1	1559829.0
australian dance	electropop	1	14844555.0
australian dance	uk pop	1	14844555.0
australian pop	electropop	1	14844555.0
australian pop	uk pop	1	14844555.0
bboy	deep tropical house	1	11191539.0
bboy	edm	1	11191539.0
bboy	new french touch	1	11191539.0
bboy	tropical house	1	11191539.0
deep tropical house	funk	1	11191539.0
edm	funk	1	11191539.0
funk	new french touch	1	11191539.0
funk	tropical house	1	11191539.0
deep tropical house	instrumental funk	1	11191539.0
edm	instrumental funk	1	11191539.0
instrumental funk	new french touch	1	11191539.0
instrumental funk	tropical house	1	11191539.0
deep tropical house	modern funk	1	11191539.0
edm	modern funk	1	11191539.0
modern funk	new french touch	1	11191539.0
modern funk	tropical house	1	11191539.0
dance pop	scandipop	1	8742457.0
dance pop	swedish electropop	1	8742457.0
edm	scandipop	1	8742457.0
edm	swedish electropop	1	8742457.0
post-teen pop	scandipop	1	8742457.0
post-teen pop	swedish electropop	1	8742457.0
post-teen pop	swedish pop	1	8742457.0
scandipop	tropical house	1	8742457.0
swedish electropop	tropical house	1	8742457.0
scandipop	uk dance	1	8742457.0
swedish electropop	uk dance	1	8742457.0
swedish pop	uk dance	1	8742457.0
edm	uk funky	1	8742457.0
scandipop	uk funky	1	8742457.0
swedish electropop	uk funky	1	8742457.0
swedish pop	uk funky	1	8742457.0
modern alternative rock	modern rock	1	923356.0
modern rock	modern rock	1	923356.0
modern rock	pop rock	1	923356.0
modern rock	stomp pop	1	923356.0
modern alternative rock	rock	1	923356.0
pop rock	rock	1	923356.0
rock	rock	1	923356.0
rock	stomp pop	1	923356.0
dmv rap	new orleans rap	1	923356.0
new orleans rap	r&b	1	923356.0
new orleans rap	trap soul	1	923356.0
new orleans rap	pittsburgh rap	1	923356.0
modern alternative rock	new orleans rap	1	923356.0
new orleans rap	pop rock	1	923356.0
new orleans rap	stomp pop	1	923356.0
conscious hip hop	trap soul	1	923356.0
dmv rap	r&b	1	923356.0
dmv rap	trap soul	1	923356.0
conscious hip hop	pittsburgh rap	1	923356.0
dmv rap	pittsburgh rap	1	923356.0
conscious hip hop	modern alternative rock	1	923356.0
conscious hip hop	stomp pop	1	923356.0
dmv rap	modern alternative rock	1	923356.0
dmv rap	pop rock	1	923356.0
dmv rap	stomp pop	1	923356.0
pittsburgh rap	r&b	1	923356.0
pittsburgh rap	southern hip hop	1	923356.0
pittsburgh rap	trap soul	1	923356.0
southern hip hop	trap soul	1	923356.0
pop	stomp pop	1	923356.0
modern alternative rock	r&b	1	923356.0
pop rock	r&b	1	923356.0
r&b	stomp pop	1	923356.0
modern alternative rock	trap soul	1	923356.0
pop rock	trap soul	1	923356.0
stomp pop	trap soul	1	923356.0
modern alternative rock	pittsburgh rap	1	923356.0
pittsburgh rap	stomp pop	1	923356.0
brazilian edm	post-teen pop	1	1094166.0
brazilian edm	uk pop	1	1094166.0
complextro	uk pop	1	1094166.0
baile pop	funk melody	1	13777008.0
brazilian edm	funk melody	1	13777008.0
funk carioca	funk melody	1	13777008.0
funk melody	funk ostentacao	1	13777008.0
brazilian house	funk carioca	1	734567.0
funk carioca	musica para ninos	1	734567.0
brazilian house	musica para ninos	1	734567.0
barbadian pop	conscious hip hop	1	1332055.0
barbadian pop	west coast rap	1	1332055.0
post-teen pop	west coast rap	1	1332055.0
r&b	west coast rap	1	1332055.0
urban contemporary	west coast rap	1	1332055.0
deep euro house	electro house	1	9487712.0
deep house	electro house	1	9487712.0
electro house	german dance	1	9487712.0
deep euro house	electropop	1	9487712.0
deep house	electropop	1	9487712.0
electropop	german dance	1	9487712.0
deep euro house	pop edm	1	9487712.0
deep house	pop edm	1	9487712.0
german dance	pop edm	1	9487712.0
deep euro house	pop rap	1	9487712.0
deep house	pop rap	1	9487712.0
german dance	pop rap	1	9487712.0
deep euro house	post-teen pop	1	9487712.0
deep house	post-teen pop	1	9487712.0
german dance	post-teen pop	1	9487712.0
canadian pop	electronic trap	1	25211469.0
atl hip hop	east coast hip hop	1	400698.0
east coast hip hop	hip hop	1	400698.0
east coast hip hop	rap	1	400698.0
east coast hip hop	trap	1	400698.0
east coast hip hop	underground hip hop	1	400698.0
hip hop	underground hip hop	1	400698.0
pop rap	underground hip hop	1	400698.0
rap	underground hip hop	1	400698.0
southern hip hop	underground hip hop	1	400698.0
trap	underground hip hop	1	400698.0
art pop	atl hip hop	1	400698.0
art pop	underground hip hop	1	400698.0
pop	underground hip hop	1	400698.0
baile pop	deep pop r&b	1	9546209.0
deep pop r&b	funk carioca	1	9546209.0
deep pop r&b	funk das antigas	1	9546209.0
deep pop r&b	pagode baiano	1	9546209.0
brazilian rock	folk brasileiro	1	36232223.0
folk brasileiro	folk brasileiro	1	36232223.0
brazilian rock	portuguese pop	1	36232223.0
folk brasileiro	portuguese pop	1	36232223.0
mpb	portuguese pop	1	36232223.0
nova mpb	portuguese pop	1	36232223.0
canadian hip hop	uk funky	1	17739378.0
canadian pop	uk funky	1	17739378.0
hip hop	uk funky	1	17739378.0
rap	uk funky	1	17739378.0
toronto rap	uk funky	1	17739378.0
afro dancehall	canadian hip hop	1	17739378.0
afropop	canadian hip hop	1	17739378.0
azonto	canadian hip hop	1	17739378.0
canadian hip hop	nigerian hip hop	1	17739378.0
canadian hip hop	nigerian pop	1	17739378.0
afro dancehall	canadian pop	1	17739378.0
afropop	canadian pop	1	17739378.0
azonto	canadian pop	1	17739378.0
canadian pop	nigerian hip hop	1	17739378.0
canadian pop	nigerian pop	1	17739378.0
afro dancehall	hip hop	1	17739378.0
afropop	hip hop	1	17739378.0
azonto	hip hop	1	17739378.0
hip hop	nigerian hip hop	1	17739378.0
hip hop	nigerian pop	1	17739378.0
nigerian hip hop	pop rap	1	17739378.0
nigerian pop	pop rap	1	17739378.0
afro dancehall	rap	1	17739378.0
afropop	rap	1	17739378.0
azonto	rap	1	17739378.0
nigerian hip hop	rap	1	17739378.0
nigerian pop	rap	1	17739378.0
afro dancehall	toronto rap	1	17739378.0
afropop	toronto rap	1	17739378.0
azonto	toronto rap	1	17739378.0
nigerian hip hop	toronto rap	1	17739378.0
nigerian pop	toronto rap	1	17739378.0
afro dancehall	uk funky	1	17739378.0
afropop	uk funky	1	17739378.0
azonto	uk funky	1	17739378.0
nigerian hip hop	uk funky	1	17739378.0
nigerian pop	uk funky	1	17739378.0
hollywood	hollywood	1	227791.0
edm	metropopolis	1	5654157.0
metropopolis	pop	1	5654157.0
metropopolis	tropical house	1	5654157.0
