source	target	weight	avg_streams
dance pop	pop	118	4572649.438596492
funk carioca	funk carioca	117	15357755.342105266
pop	pop	100	5244806.212121212
funk carioca	funk ostentacao	100	16598705.40425532
pop	post-teen pop	93	4214089.9433962265
baile pop	funk carioca	85	12433485.865384614
pop	pop rap	73	4446925.146341464
brazilian hip hop	brazilian hip hop	64	13777635.842105266
dance pop	post-teen pop	58	3531631.729729729
brazilian edm	funk carioca	57	12882317.0
pop	rap	55	5498657.028571429
dance pop	pop rap	55	3939823.272727273
pop	tropical house	52	5104684.5
brazilian edm	brazilian edm	49	7793938.25
funk carioca	sertanejo universitario	49	17268610.75
edm	pop	47	4700722.103448276
sertanejo pop	sertanejo universitario	47	14850289.142857146
funk carioca	pop nacional	46	14044284.131578945
brazilian hip hop	trap brasileiro	45	13299087.0
funk carioca	sertanejo pop	44	16409910.666666664
brazilian edm	pop nacional	43	11616852.47826087
brazilian hip hop	funk carioca	43	9865535.3
pop rap	post-teen pop	42	4220408.724137931
pop rap	rap	41	3384696.958333333
brazilian hip hop	pop nacional	38	13145293.357142854
dance pop	dance pop	38	3935835.4375
electropop	pop	37	2826855.1
dance pop	tropical house	33	4173871.391304348
dance pop	rap	32	5486994.6315789465
rap	trap	31	5244629.857142857
brazilian hip hop	funk ostentacao	31	6750919.5
brazilian edm	funk ostentacao	31	13121727.6875
hip hop	pop	30	3122461.117647059
hip hop	rap	30	3550380.666666666
dance pop	edm	30	4883268.909090909
hip hop	pop rap	28	2807834.5
post-teen pop	tropical house	28	3346064.3181818184
funk ostentacao	funk ostentacao	28	15935208.133333333
sertanejo universitario	sertanejo universitario	28	15711737.964285715
funk carioca	funk das antigas	28	17324087.8
sertanejo	sertanejo universitario	27	19151345.875
pop	trap	27	5458913.571428572
brazilian edm	brazilian hip hop	26	13023941.923076926
baile pop	pop nacional	26	14216945.782608695
rap	rap	25	4897619.857142857
edm	post-teen pop	25	4207586.1
post-teen pop	rap	25	5547182.647058823
latin	reggaeton	25	5938789.5
pop rap	trap	25	3136723.083333333
baile pop	baile pop	24	12384162.1
latin	pop	24	5072712.285714285
brazilian hip hop	r&b brasileiro	23	7272233.454545454
baile pop	funk ostentacao	21	14907112.11764706
baile pop	sertanejo pop	21	13471635.0
dance pop	trap	21	5960702.785714285
brazilian edm	electro house	20	10459753.666666666
brazilian hip hop	rap baiano	20	14210698.8
pop	uk pop	20	7123086.0
baile pop	sertanejo universitario	20	17928710.444444444
pop rap	pop rap	20	2504667.6428571427
sertanejo	sertanejo pop	19	21575292.63157895
post-teen pop	post-teen pop	19	3224369.529411765
funk carioca	pagode baiano	19	12062536.57142857
pop	southern hip hop	19	2864656.7
pop	reggaeton	19	4401990.5
pop rap	southern hip hop	19	3303331.0
electropop	post-teen pop	18	2350184.1428571427
dance pop	electropop	18	2580906.5714285714
brega funk	funk carioca	18	16438302.266666668
pop nacional	sertanejo universitario	18	11922650.5
dance pop	latin	18	4838905.166666667
rap	southern hip hop	17	3519900.727272727
baile pop	brazilian hip hop	17	17683234.0
post-teen pop	trap	17	5683995.333333332
pop nacional	sertanejo pop	17	10012334.0
funk carioca	sertanejo	17	20610499.17647059
dance pop	uk pop	16	5741880.714285715
sertanejo pop	sertanejo pop	16	12015744.625
hip hop	trap	16	2728338.75
pop nacional	pop nacional	15	11891848.0
forro	funk carioca	15	15375566.5
latin	latin	15	5938789.5
electro house	pop	14	6023568.363636362
atl hip hop	pop	14	6292066.0
dance pop	reggaeton	14	3987277.6
hip hop	post-teen pop	14	2665309.5555555555
dance pop	hip hop	14	2944304.875
melodic rap	trap	13	6821992.615384615
baile pop	funk das antigas	13	17474768.363636363
baile pop	pagode baiano	13	13045574.666666664
latin	pop rap	13	6161610.0
dance pop	southern hip hop	13	2607151.125
pop rap	tropical house	13	2424408.75
atl hip hop	rap	12	6601776.0
pop nacional	trap brasileiro	12	11436394.25
australian dance	pop	12	3883775.833333334
australian pop	pop	12	3883775.833333334
r&b	rap	12	3029136.777777778
r&b brasileiro	trap brasileiro	12	5588495.714285715
funk ostentacao	pop nacional	12	17835266.818181816
latin	post-teen pop	12	4874640.222222222
funk das antigas	sertanejo universitario	12	24149089.09090909
hip hop	southern hip hop	12	2227938.5
pop rap	reggaeton	12	6161610.0
dfw rap	trap	11	7275001.636363638
funk carioca	latin	11	8357397.222222223
funk carioca	reggaeton	11	8357397.222222223
bmore	pop	11	3994232.75
moombahton	pop	11	3994232.75
ninja	pop	11	3994232.75
nova mpb	pop nacional	11	10804702.333333334
funk ostentacao	sertanejo universitario	11	20351235.0
latin	tropical	11	5868721.571428573
post-teen pop	uk pop	11	4307548.0
funk carioca	pop	11	6014878.0
funk carioca	pagode	11	4859476.0
southern hip hop	trap	11	2693125.5714285714
post-teen pop	southern hip hop	11	2553715.125
edm	pop rap	11	3852528.777777778
tropical house	uk pop	11	5848851.6
electro house	pop nacional	10	10821825.4
melodic rap	rap	10	8510953.0
canadian pop	pop	10	3250836.666666666
pop rap	r&b	10	1728338.833333333
trap brasileiro	trap brasileiro	10	9897677.8
reggaeton	reggaeton	10	9735009.0
alternative r&b	pop	10	4065044.333333334
brazilian edm	sertanejo universitario	10	9789682.2
atl hip hop	pop rap	10	3023102.2857142864
pop	tropical	10	4756206.857142857
edm	tropical house	10	2145247.125
edm	uk pop	10	6412318.0
conscious hip hop	pop	9	4117328.142857143
folk brasileiro	nova mpb	9	6989331.5
afrofuturismo brasileiro	brazilian hip hop	9	6736762.5
atl hip hop	dance pop	9	7719665.75
pop	pop nacional	9	4287540.0
funk das antigas	pop nacional	9	27106563.125
funk das antigas	funk ostentacao	9	12130955.888888888
hip hop	hip hop	9	1875361.8571428568
latin	rap	9	7471067.166666668
rap	reggaeton	9	7471067.166666668
miami hip hop	rap	9	3416420.1428571427
pop	uk dance	9	8593974.857142856
house	pop	9	10217674.0
pop	urban contemporary	9	3429988.2
baile pop	latin	8	9563930.142857144
baile pop	reggaeton	8	9563930.142857144
funk das antigas	latin	8	9563930.142857144
funk das antigas	reggaeton	8	9563930.142857144
melodic rap	pop	8	9817705.714285716
baile pop	brazilian edm	8	9635763.625
baile pop	forro	8	15692666.857142854
contemporary country	pop	8	4929196.714285715
funk ostentacao	sertanejo pop	8	23380288.0
atl hip hop	post-teen pop	8	6837976.75
pagode	sertanejo universitario	8	10152106.625
pop nacional	sertanejo	8	12615354.0
latin	latin hip hop	8	5599032.0
pop nacional	r&b brasileiro	8	6159780.666666668
baile pop	pop	8	6639914.5
funk das antigas	sertanejo pop	8	19293056.25
pop	progressive house	8	9671667.666666666
trap	trap	8	2814519.875
funk carioca	pop rap	8	7464196.25
electropop	tropical house	8	1119034.6
funk carioca	r&b brasileiro	8	10976960.833333334
pop rap	urban contemporary	8	4105028.5
miami hip hop	trap	8	3215620.333333333
baile pop	trap brasileiro	7	12749552.0
latin	pagode baiano	7	10900205.333333334
pagode baiano	reggaeton	7	10900205.333333334
hip hop	melodic rap	7	5667160.833333332
melodic rap	pop rap	7	5667160.833333332
folk brasileiro	pop nacional	7	13062590.714285715
nova mpb	nova mpb	7	10975730.42857143
pop	progressive electro house	7	11611185.0
brega funk	sertanejo pop	7	20191586.42857143
contemporary country	dance pop	7	5601635.0
reggaeton	tropical	7	7923177.2
pop rap	uk pop	7	1901299.833333333
pagode baiano	sertanejo universitario	7	30865572.57142857
axe	funk carioca	7	4925908.142857143
post-teen pop	reggaeton	7	3668239.4285714286
pagode baiano	pop nacional	7	30671528.42857143
electropop	pop rap	7	2760502.75
atl hip hop	hip hop	7	2078560.0
baile pop	sertanejo	7	24261168.71428572
electro house	funk carioca	7	10215514.0
dance pop	tropical	7	4791896.4
forro	sertanejo universitario	7	4328054.285714285
latin pop	pop	7	5426351.666666667
pop	puerto rican pop	7	8829670.5
post-teen pop	tropical	7	5014250.2
dance pop	uk dance	7	8057691.166666668
post-teen pop	uk dance	7	5308694.833333333
brazilian edm	r&b brasileiro	7	5060918.0
rap	urban contemporary	7	4619101.0
dance pop	electro house	7	8074443.666666668
canadian pop	rap	7	3658107.8
conscious hip hop	pop rap	6	4446173.8
conscious hip hop	rap	6	4446173.8
atl hip hop	melodic rap	6	8878869.5
dfw rap	rap	6	9904456.333333334
pop nacional	rap baiano	6	17495799.5
forro	forro	6	13773041.833333336
forro	sertanejo pop	6	13784717.0
hip hop	r&b	6	1927155.8
mpb	nova mpb	6	8698974.666666666
mpb	pop nacional	6	8717961.2
afrofuturismo brasileiro	baile pop	6	37427725.333333336
pop	pop edm	6	3030445.0
dance pop	hip pop	6	2342186.4
dance pop	queens hip hop	6	2342186.4
hip pop	pop	6	2342186.4
pop	queens hip hop	6	2342186.4
alternative r&b	dance pop	6	3549610.0
alternative r&b	post-teen pop	6	4163119.4
latin	latin pop	6	3033284.833333333
latin pop	reggaeton	6	3033284.833333333
pop	r&b	6	5312574.0
baile pop	pagode	6	3853755.5
brazilian edm	sertanejo pop	6	11916442.5
baile pop	brega funk	6	17193107.4
pagode	sertanejo pop	6	9595241.333333334
atl hip hop	trap	6	2279142.833333333
latin	trap	6	3977781.333333334
reggaeton	trap	6	3977781.333333334
dance pop	funk carioca	6	9335066.75
edm	funk carioca	6	8058804.5
funk carioca	tropical house	6	8058804.5
latin pop	post-teen pop	6	5014250.2
edm	electropop	6	1551242.8
dirty south rap	pop	6	3151483.2
tropical house	tropical house	6	1847104.333333333
pop	trap latino	6	9037106.333333334
dirty south rap	pop rap	6	3572662.5
miami hip hop	pop rap	6	3572662.5
dirty south rap	rap	6	3572662.5
dance pop	urban contemporary	6	2230600.5
electro house	post-teen pop	6	5073163.2
edm	rap	6	5592653.4
rap	tropical house	6	3171444.5
electro house	rap	6	3969374.666666666
canadian pop	hip hop	6	3828927.0
pop	west coast rap	5	3806819.8
atl hip hop	dfw rap	5	10567974.0
brazilian edm	brazilian house	5	2426725.333333333
bmore	dance pop	5	3994232.75
australian dance	edm	5	3406899.8
australian pop	edm	5	3406899.8
dance pop	moombahton	5	3994232.75
dance pop	ninja	5	3994232.75
australian dance	tropical house	5	3406899.8
australian pop	tropical house	5	3406899.8
melodic rap	southern hip hop	5	5110616.8
rap	trap soul	5	4795206.6
baile pop	nova mpb	5	6413435.0
nova mpb	portuguese pop	5	8186234.6
brostep	pop	5	14184962.0
pop	pop rock	5	11961439.0
pop rap	pop rock	5	8788705.4
pop rock	rap	5	8788705.4
electro house	pop edm	5	3749016.4
hip pop	post-teen pop	5	2342186.4
post-teen pop	queens hip hop	5	2342186.4
pagode	pop nacional	5	6075457.2
dance pop	k-pop	5	1636489.8
r&b brasileiro	r&b brasileiro	5	8882183.0
latin	puerto rican pop	5	1889268.333333333
puerto rican pop	reggaeton	5	1889268.333333333
sertanejo	sertanejo	5	38156635.6
pagode baiano	sertanejo pop	5	21360204.8
detroit hip hop	funk carioca	5	53312525.5
afrofuturismo brasileiro	funk carioca	5	35591767.333333336
brazilian edm	funk das antigas	5	11559944.4
pop nacional	tropical house	5	12208405.8
atl hip hop	southern hip hop	5	2078560.0
latin pop	pop rap	5	2999630.333333333
pop rap	tropical	5	2999630.333333333
baile pop	edm	5	8058804.5
baile pop	tropical house	5	8058804.5
k-pop girl group	pop	5	2852973.0
dance pop	latin pop	5	5806036.0
dance pop	puerto rican pop	5	11157191.666666666
edm	latin	5	3701088.2
post-teen pop	puerto rican pop	5	8829670.5
metropopolis	pop	5	5946176.333333332
dirty south rap	post-teen pop	5	3151483.2
funk carioca	trap brasileiro	5	4440987.0
forro	pop nacional	5	3117210.2
dance pop	house	5	12556035.0
electro house	uk pop	5	10531532.0
indie poptimism	pop	5	2839888.25
latin	trap latino	5	4944880.0
funk carioca	moombahton	5	7989843.666666668
miami hip hop	pop	5	3572662.5
trap	urban contemporary	5	4619101.0
r&b	trap	5	2042243.666666667
big room	rap	5	4094191.5
canadian pop	pop rap	5	3428313.0
alternative r&b	electropop	5	2910280.5
brasilia hip hop	brazilian hip hop	5	10082112.0
funk ostentacao	r&b brasileiro	5	14604245.5
pop rap	west coast rap	4	3500832.5
rap	west coast rap	4	3500832.5
baile pop	rap baiano	4	15290991.75
bmore	post-teen pop	4	3994232.75
moombahton	post-teen pop	4	3994232.75
ninja	post-teen pop	4	3994232.75
australian dance	electropop	4	4150594.5
australian pop	electropop	4	4150594.5
australian dance	post-teen pop	4	4150594.5
australian pop	post-teen pop	4	4150594.5
dfw rap	hip hop	4	6335519.75
dfw rap	pop rap	4	6335519.75
dfw rap	trap soul	4	5869766.5
melodic rap	trap soul	4	5869766.5
folk brasileiro	mpb	4	9700069.25
mpb	portuguese pop	4	9700069.25
pop nacional	portuguese pop	4	15052136.0
dance pop	progressive electro house	4	13744116.5
post-teen pop	progressive electro house	4	13744116.5
afrofuturismo brasileiro	trap brasileiro	4	6736762.5
afrofuturismo brasileiro	pop nacional	4	6736762.5
baile pop	r&b brasileiro	4	5785330.333333332
dance pop	pop edm	4	4275015.0
edm	pop edm	4	4284123.5
contemporary country	post-teen pop	4	7025477.75
contemporary country	tropical house	4	4938112.0
forro	pagode baiano	4	23699891.25
forro	funk das antigas	4	28823461.33333333
dance pop	melodic rap	4	14496315.75
gangster rap	pop	4	14555941.0
melodic rap	post-teen pop	4	12957935.5
emo rap	miami hip hop	4	2737951.333333333
latin hip hop	reggaeton	4	14731016.0
brazilian rock	pop nacional	4	13960102.0
pop	viral pop	4	839793.25
latin hip hop	latin pop	4	1033040.0
latin pop	tropical	4	1033040.0
brega funk	funk ostentacao	4	13241498.0
axe	baile pop	4	2002250.0
dance pop	francoton	4	2282210.5
francoton	pop	4	2282210.5
baile pop	detroit hip hop	4	53312525.5
bass trap	funk carioca	4	52621854.5
electronic trap	funk carioca	4	52621854.5
funk das antigas	funk das antigas	4	14332264.75
electropop	rap	4	1597105.333333333
brazilian hip hop	pernambuco alternative	4	25894733.0
electro house	tropical house	4	11024002.0
funk das antigas	sertanejo	4	32814965.5
funk ostentacao	sertanejo	4	18668166.75
big room	pop	4	4120544.0
southern hip hop	southern hip hop	4	541315.25
hip hop	latin	4	2810080.333333333
hip hop	reggaeton	4	2810080.333333333
latin	southern hip hop	4	4134532.0
reggaeton	southern hip hop	4	4134532.0
baile pop	dance pop	4	9951136.0
baile pop	electro house	4	9951136.0
latin hip hop	pop	4	1104090.666666667
pop rap	trap latino	4	8405721.5
brazilian hip hop	nova mpb	4	3889890.25
canadian pop	dance pop	4	5392470.75
k-pop	pop	4	2065185.333333333
latin	tropical house	4	806988.0
edm	edm	4	3133013.25
edm	reggaeton	4	4509555.25
axe	forro	4	3043393.25
forro	pagode	4	3043393.25
electropop	uk pop	4	2273523.666666666
house	uk pop	4	11842157.25
house	post-teen pop	4	7058042.333333332
big room	electro house	4	2877366.0
edm	electro house	4	2877366.0
edm	pop nacional	4	6394529.75
k-pop girl group	post-teen pop	4	1264243.0
reggaeton	trap latino	4	7052406.5
baile pop	moombahton	4	7989843.666666668
dirty south rap	trap	4	3572662.5
miami hip hop	post-teen pop	4	3572662.5
hip hop	urban contemporary	4	4619101.0
r&b	southern hip hop	4	2042243.666666667
post-teen pop	urban contemporary	4	4105028.5
brazilian edm	rap feminino nacional	4	5111246.5
afrofuturismo brasileiro	funk ostentacao	4	6635861.0
electropop	electropop	4	2718241.0
electro house	trap	4	3969374.666666666
post-teen pop	progressive house	4	8092105.0
dirty south rap	hip hop	4	3037876.0
hip hop	miami hip hop	4	3037876.0
dance pop	pop nacional	4	6550128.75
detroit hip hop	pop	4	5135323.5
dance pop	progressive house	4	13590097.666666664
etherpop	pop	4	3404808.666666666
emo rap	trap	4	2501536.0
canadian hip hop	rap	4	3558099.75
dance pop	trap latino	4	8003658.0
brazilian house	electro house	3	2426725.333333333
brazilian house	pop nacional	3	2426725.333333333
australian dance	bmore	3	3444740.666666666
australian pop	bmore	3	3444740.666666666
australian dance	moombahton	3	3444740.666666666
australian pop	moombahton	3	3444740.666666666
australian dance	ninja	3	3444740.666666666
australian pop	ninja	3	3444740.666666666
dfw rap	pop	3	5630732.666666668
dfw rap	r&b	3	5630732.666666668
dfw rap	southern hip hop	3	5630732.666666668
melodic rap	r&b	3	5630732.666666668
canadian hip hop	pop	3	2560669.0
brostep	dance pop	3	15410523.0
brostep	post-teen pop	3	15410523.0
brega funk	forro	3	11633693.0
pop edm	post-teen pop	3	3504397.333333333
pop edm	tropical house	3	5566617.333333333
contemporary country	edm	3	6285960.333333332
contemporary country	electro house	3	6285960.333333332
funk carioca	nova mpb	3	17490062.666666668
canadian contemporary r&b	electro house	3	4225962.0
canadian pop	electro house	3	4225962.0
dance pop	gangster rap	3	14555941.0
gangster rap	post-teen pop	3	14555941.0
dance pop	k-pop boy group	3	825501.0
australian dance	dance pop	3	4322811.0
australian pop	dance pop	3	4322811.0
emo rap	emo rap	3	2737951.333333333
brazilian hip hop	brazilian rock	3	9334864.666666666
alternative r&b	canadian pop	3	1392866.333333333
folk brasileiro	folk brasileiro	3	10409863.666666666
brazilian rock	nova mpb	3	12567579.0
folk brasileiro	portuguese pop	3	10409863.666666666
dance pop	girl group	3	2377673.666666666
girl group	pop	3	2377673.666666666
girl group	pop rap	3	2377673.666666666
girl group	post-teen pop	3	2377673.666666666
dance pop	talent show	3	2377673.666666666
pop	talent show	3	2377673.666666666
pop rap	talent show	3	2377673.666666666
post-teen pop	talent show	3	2377673.666666666
latin hip hop	puerto rican pop	3	1889268.333333333
puerto rican pop	tropical	3	1889268.333333333
baile pop	mpb	3	6068813.666666668
funk carioca	mpb	3	3299275.666666666
funk carioca	samba reggae	3	3299275.666666666
francoton	post-teen pop	3	2282210.5
brazilian edm	tropical house	3	12724129.333333336
brega funk	sertanejo	3	32267099.33333333
brega funk	sertanejo universitario	3	32267099.33333333
pagode	sertanejo	3	7150573.333333332
axe	sertanejo pop	3	2101160.0
axe	sertanejo universitario	3	2101160.0
gangster rap	pop rap	3	639586.0
funk ostentacao	pop rap	3	4538041.5
funk carioca	rap	3	4134532.0
funk carioca	southern hip hop	3	4134532.0
funk carioca	trap	3	4134532.0
atl hip hop	latin	3	4134532.0
hip hop	tropical	3	959337.0
funk carioca	latin pop	3	2983483.0
atl hip hop	reggaeton	3	4134532.0
latin pop	rap	3	4134532.0
rap	tropical	3	4134532.0
latin pop	southern hip hop	3	4134532.0
southern hip hop	tropical	3	4134532.0
latin pop	trap	3	4134532.0
trap	tropical	3	4134532.0
brega funk	brega funk	3	14075548.0
rap	uk pop	3	2594719.0
electro house	sertanejo universitario	3	9370670.0
pagode baiano	pop	3	7450736.0
dance pop	latin hip hop	3	732582.5
forro	sertanejo	3	6609380.333333332
canadian pop	latin	3	4179337.0
rap	trap latino	3	10964353.0
chicago rap	rap	3	6424379.0
chicago rap	trap	3	6424379.0
emo rap	rap	3	3208097.0
dance pop	k-pop girl group	3	2852973.0
dance pop	metropopolis	3	622437.0
metropopolis	post-teen pop	3	622437.0
dance pop	uk funky	3	4692890.0
pop	uk funky	3	4692890.0
post-teen pop	uk funky	3	4692890.0
dance pop	dirty south rap	3	2365510.0
brega funk	funk das antigas	3	21824934.666666668
big room	dance pop	3	5873669.333333332
big room	edm	3	3104251.0
reggaeton	tropical house	3	920244.0
dance pop	dancehall	3	5673352.333333332
dancehall	latin	3	4363089.5
dancehall	reggaeton	3	4363089.5
funk das antigas	pagode baiano	3	2167766.0
brazilian edm	spanish pop	3	8785177.0
brazilian edm	trap brasileiro	3	4444147.666666667
brazilian hip hop	hungarian rock	3	31983707.0
pagode	pagode baiano	3	5317764.333333333
brazilian edm	pop	3	2073794.0
electro house	viral pop	3	1148940.5
electro house	electro house	3	2877366.0
progressive house	uk pop	3	13908640.0
k-pop	post-teen pop	3	876926.5
moombahton	pop nacional	3	7989843.666666668
dance pop	r&b	3	2042243.666666667
funk carioca	rap feminino nacional	3	5993023.0
funk ostentacao	trap brasileiro	3	5806852.5
brazilian hip hop	rap feminino nacional	3	4229470.0
electropop	indie poptimism	3	3365103.333333333
edm	trap	3	3969374.666666666
trap	tropical house	3	3969374.666666666
electro house	pop rap	3	2660628.0
big room	trap	3	4094191.5
uk dance	uk pop	3	14386286.333333336
pop rap	uk dance	3	3380634.0
canadian contemporary r&b	pop	3	6685668.0
canadian pop	conscious hip hop	3	4939322.333333333
canadian pop	trap	3	5601185.0
atl hip hop	miami hip hop	3	3037876.0
funk ostentacao	pagode baiano	3	7935202.333333332
dancehall	funk carioca	3	7890368.5
electronic trap	pop	3	11785683.5
pop nacional	pop rap	3	8503740.666666666
baile pop	pop rap	3	10793860.5
country	dance pop	3	8994463.5
country pop	dance pop	3	8994463.5
country road	dance pop	3	8994463.5
dance pop	modern country rock	3	8994463.5
country	pop	3	8994463.5
country pop	pop	3	8994463.5
country road	pop	3	8994463.5
modern country rock	pop	3	8994463.5
east coast hip hop	pop rap	3	475241.5
east coast hip hop	rap	3	475241.5
rap	toronto rap	3	3353146.666666666
house	rap	3	5153304.5
dance pop	detroit hip hop	3	3719741.0
candy pop	pop	3	777654.0
canadian hip hop	r&b	2	1754524.0
canadian hip hop	soul	2	1754524.0
canadian pop	r&b	2	1754524.0
canadian pop	soul	2	1754524.0
hip hop	soul	2	1754524.0
pop rap	soul	2	1754524.0
rap	soul	2	1754524.0
pop	toronto rap	2	1754524.0
r&b	toronto rap	2	1754524.0
soul	toronto rap	2	1754524.0
baile pop	folk brasileiro	2	4850791.0
baile pop	portuguese pop	2	4850791.0
rap baiano	trap brasileiro	2	16527001.5
francoton	latin	2	4543747.5
francoton	reggaeton	2	4543747.5
afrofuturismo brasileiro	afrofuturismo brasileiro	2	7666672.5
afrofuturismo brasileiro	r&b brasileiro	2	7666672.5
dance pop	outlaw country	2	2753949.5
outlaw country	pop	2	2753949.5
contemporary country	pop edm	2	5056492.0
pop edm	texas country	2	5056492.0
complextro	pop edm	2	5056492.0
german techno	pop edm	2	5056492.0
complextro	contemporary country	2	5056492.0
contemporary country	german techno	2	5056492.0
complextro	pop	2	5056492.0
german techno	pop	2	5056492.0
complextro	texas country	2	5056492.0
dance pop	texas country	2	5056492.0
edm	texas country	2	5056492.0
electro house	texas country	2	5056492.0
german techno	texas country	2	5056492.0
pop	texas country	2	5056492.0
post-teen pop	texas country	2	5056492.0
texas country	tropical house	2	5056492.0
dance pop	hollywood	2	7097839.0
hollywood	pop	2	7097839.0
hollywood	post-teen pop	2	7097839.0
funk das antigas	nova mpb	2	8788032.0
nova mpb	pagode baiano	2	8788032.0
baile pop	ritmo kombina	2	7136649.5
funk carioca	ritmo kombina	2	7136649.5
funk das antigas	ritmo kombina	2	7136649.5
pagode baiano	ritmo kombina	2	7136649.5
latin	ritmo kombina	2	7136649.5
reggaeton	ritmo kombina	2	7136649.5
canadian contemporary r&b	destroy techno	2	433104.5
canadian pop	destroy techno	2	433104.5
destroy techno	pop	2	433104.5
atl trap	dance pop	2	21585428.0
atl trap	pop	2	21585428.0
atl trap	post-teen pop	2	21585428.0
brazilian edm	canadian electronic	2	8889974.5
big room	k-pop	2	993446.5
edm	k-pop	2	993446.5
electro house	k-pop	2	993446.5
k-pop	tropical house	2	993446.5
big room	k-pop boy group	2	993446.5
edm	k-pop boy group	2	993446.5
electro house	k-pop boy group	2	993446.5
k-pop boy group	tropical house	2	993446.5
emo rap	lgbtq+ hip hop	2	2274787.0
lgbtq+ hip hop	miami hip hop	2	2274787.0
brazilian edm	new french touch	2	18631106.0
electro house	new french touch	2	18631106.0
new french touch	pop nacional	2	18631106.0
brazilian rock	r&b brasileiro	2	13370856.5
alternative r&b	viral pop	2	1309470.0
brazilian rock	folk brasileiro	2	14549347.5
brazilian rock	portuguese pop	2	14549347.5
girl group	hip pop	2	3366406.5
girl group	queens hip hop	2	3366406.5
hip pop	talent show	2	3366406.5
queens hip hop	talent show	2	3366406.5
hip pop	uk pop	2	3366406.5
queens hip hop	uk pop	2	3366406.5
afrofuturismo brasileiro	brazilian reggae	2	17435580.0
baile pop	brazilian reggae	2	17435580.0
brazilian reggae	pop nacional	2	17435580.0
brazilian reggae	r&b brasileiro	2	17435580.0
latin hip hop	tropical	2	1333497.5
tropical	tropical	2	1333497.5
brazilian edm	brazilian percussion	2	3083296.0
brazilian percussion	electro house	2	3083296.0
brazilian percussion	pop nacional	2	3083296.0
brega romantico	funk carioca	2	13205273.5
brega romantico	funk ostentacao	2	13205273.5
forro	funk ostentacao	2	12378483.0
axe	funk ostentacao	2	12729387.5
funk ostentacao	pagode	2	12729387.5
colombian pop	latin	2	3658014.0
colombian pop	reggaeton	2	3658014.0
baile pop	bass trap	2	96949831.0
baile pop	electronic trap	2	96949831.0
electropop	hip hop	2	2006831.0
etherpop	pop rap	2	4352349.0
indie poptimism	pop rap	2	4352349.0
r&b brasileiro	rap baiano	2	2022646.0
pernambuco alternative	pop nacional	2	25894733.0
brazilian edm	brega funk	2	32063477.0
pagode baiano	sertanejo	2	43219873.5
gangster rap	hip hop	2	639586.0
gangster rap	southern hip hop	2	639586.0
gangster rap	trap	2	639586.0
atl hip hop	funk carioca	2	4134532.0
atl hip hop	latin pop	2	4134532.0
atl hip hop	tropical	2	4134532.0
funk carioca	tropical	2	4134532.0
funk carioca	hip hop	2	782205.0
funk ostentacao	hip hop	2	782205.0
funk ostentacao	rap	2	782205.0
funk ostentacao	southern hip hop	2	782205.0
funk ostentacao	trap	2	782205.0
hip hop	latin pop	2	782205.0
canadian pop	electropop	2	1513222.5
electro house	sertanejo pop	2	10612081.0
pagode	pagode	2	1418001.0
dance pop	funk das antigas	2	10779765.0
dance pop	pagode baiano	2	10779765.0
edm	funk das antigas	2	10779765.0
edm	pagode baiano	2	10779765.0
electro house	funk das antigas	2	10779765.0
electro house	pagode baiano	2	10779765.0
funk das antigas	pop	2	10779765.0
funk das antigas	tropical house	2	10779765.0
pagode baiano	tropical house	2	10779765.0
canadian pop	reggaeton	2	4179337.0
nova mpb	rap baiano	2	1249470.0
nova mpb	trap brasileiro	2	1249470.0
chicago rap	miami hip hop	2	6424379.0
electropop	viral pop	2	370116.5
canadian pop	post-teen pop	2	6094481.5
edm	puerto rican pop	2	7872354.5
edm	metropopolis	2	622437.0
metropopolis	tropical house	2	622437.0
electropop	latin	2	486452.0
brega funk	brega romantico	2	15736450.5
big room	pop rap	2	1945379.0
big room	post-teen pop	2	5517070.0
big room	tropical house	2	4438055.5
big room	uk pop	2	1948915.5
dancehall	edm	2	4766599.0
dancehall	pop	2	4766599.0
dancehall	tropical house	2	4766599.0
dance pop	latin viral pop	2	1239320.0
latin viral pop	pop	2	1239320.0
dance pop	rap latina	2	1239320.0
pop	rap latina	2	1239320.0
brazilian edm	sertanejo	2	3744539.0
hungarian rock	trap brasileiro	2	31983707.0
axe	pagode baiano	2	1201726.0
axe	mpb	2	2584094.5
forro	mpb	2	427844.0
mpb	pagode	2	2584094.5
axe	pop nacional	2	2584094.5
axe	pagode	2	378660.0
brazilian edm	viral pop	2	1148940.5
pop nacional	viral pop	2	1148940.5
deep big room	electro house	2	4097728.0
electro house	house	2	4097728.0
electro house	progressive electro house	2	1022615.0
pop rock	progressive electro house	2	9101121.5
pop edm	uk pop	2	1004398.0
progressive electro house	uk pop	2	14034274.0
tropical house	viral pop	2	985767.5
electro house	neo mellow	2	1608588.0
electro house	pop rock	2	1608588.0
indie poptimism	video game music	2	850442.5
indie poptimism	post-teen pop	2	3757469.0
electropop	k-pop girl group	2	1264243.0
indie electropop	k-pop girl group	2	1264243.0
indie poptimism	k-pop girl group	2	1264243.0
k-pop girl group	video game music	2	1264243.0
pop	video game music	2	1264243.0
post-teen pop	video game music	2	1264243.0
nova mpb	sertanejo universitario	2	19721753.0
contemporary country	electropop	2	5069298.5
glam rock	rock	2	3230580.0
dirty south rap	r&b	2	2814882.0
dance pop	miami hip hop	2	2814882.0
miami hip hop	r&b	2	2814882.0
southern hip hop	urban contemporary	2	2814882.0
r&b	urban contemporary	2	2814882.0
barbadian pop	pop	2	5177022.0
barbadian pop	pop rap	2	5177022.0
barbadian pop	rap	2	5177022.0
barbadian pop	trap	2	5177022.0
brazilian edm	nova mpb	2	17938316.0
indie poptimism	tropical house	2	1922307.5
k-pop	pop rap	2	1045562.5
k-pop boy group	pop rap	2	1045562.5
edm	southern hip hop	2	2660628.0
electro house	southern hip hop	2	2660628.0
southern hip hop	tropical house	2	2660628.0
dance pop	neo soul	2	3041527.0
neo soul	pop	2	3041527.0
neo soul	tropical house	2	3041527.0
neo soul	uk pop	2	3041527.0
dance pop	uk contemporary r&b	2	3041527.0
pop	uk contemporary r&b	2	3041527.0
tropical house	uk contemporary r&b	2	3041527.0
uk contemporary r&b	uk pop	2	3041527.0
mpb	mpb	2	6696785.5
canadian pop	edm	2	6482529.0
canadian pop	tropical house	2	6482529.0
funk das antigas	pagode	2	7787316.5
conscious hip hop	dance pop	2	4893599.0
conscious hip hop	post-teen pop	2	4893599.0
canadian pop	southern hip hop	2	5601185.0
atl hip hop	dirty south rap	2	4340140.5
dirty south rap	melodic rap	2	4330443.0
melodic rap	miami hip hop	2	4783165.5
atl hip hop	urban contemporary	2	4340140.5
chicago rap	hip hop	2	8227539.0
chicago rap	pop	2	8227539.0
chicago rap	pop rap	2	8227539.0
conscious hip hop	hip hop	2	8227539.0
conscious hip hop	trap	2	8227539.0
canadian contemporary r&b	conscious hip hop	2	3295214.0
canadian contemporary r&b	hip hop	2	3295214.0
canadian contemporary r&b	rap	2	3295214.0
alternative r&b	pop rap	2	3905177.0
dmv rap	pop	2	1559659.0
dancehall	pop rap	2	7890368.5
dance pop	electronic trap	2	11785683.5
electronic trap	pop rap	2	11785683.5
funk carioca	reggae fusion	2	8293878.0
funk carioca	soca	2	8293878.0
brazilian edm	dance pop	2	2306397.0
modern rock	pop	2	11007579.5
country	post-teen pop	2	8994463.5
country pop	post-teen pop	2	8994463.5
country road	post-teen pop	2	8994463.5
modern country rock	post-teen pop	2	8994463.5
dance pop	modern alternative rock	2	8744897.0
modern alternative rock	pop	2	8744897.0
electropop	etherpop	2	4866181.5
dirty south rap	southern hip hop	2	443044.5
miami hip hop	southern hip hop	2	443044.5
funk ostentacao	rap feminino nacional	2	8166315.5
europop	pop	2	1169571.0
mpb	sertanejo pop	2	2591662.5
mpb	sertanejo universitario	2	2591662.5
electro latino	pop rap	2	7486859.0
pop rap	spanish pop	2	7486859.0
latin	uk dancehall	2	7486859.0
latin	uk hip hop	2	7486859.0
reggaeton	uk dancehall	2	7486859.0
reggaeton	uk hip hop	2	7486859.0
atl hip hop	r&b	2	474854.5
east coast hip hop	hip hop	2	475241.5
dance pop	east coast hip hop	2	452742.0
east coast hip hop	pop	2	452742.0
east coast hip hop	southern hip hop	2	452742.0
east coast hip hop	trap	2	452742.0
alternative r&b	etherpop	2	3366379.0
detroit hip hop	pop rap	2	2978366.5
hip pop	pop rap	2	1498609.5
hip pop	rap	2	2303683.5
hip pop	trap	2	2303683.5
canadian hip hop	trap	2	3573895.0
deep funk ostentacao	funk carioca	2	3799606.0
canadian hip hop	pop rap	2	2335350.0
house	trap	2	5153304.5
house	pop rap	2	3719741.0
pop rap	progressive house	2	3719741.0
latin hip hop	post-teen pop	2	1288467.0
canadian pop	tropical	2	1847107.0
candy pop	dance pop	2	777654.0
candy pop	post-teen pop	2	777654.0
candy pop	pop rap	2	777654.0
metropopolis	pop rap	2	777654.0
emo rap	latin	2	3664280.0
emo rap	reggaeton	2	3664280.0
latin	miami hip hop	2	3664280.0
miami hip hop	reggaeton	2	3664280.0
canadian hip hop	dance pop	2	5379913.5
post-teen pop	trap latino	2	8003658.0
latin	urban contemporary	2	729827.0
dance pop	reggaeton flow	2	729827.0
pop	reggaeton flow	2	729827.0
edm	video game music	2	436642.0
electro house	video game music	2	436642.0
edm	melodic metalcore	2	436642.0
edm	metalcore	2	436642.0
edm	post-screamo	2	436642.0
edm	screamo	2	436642.0
edm	trancecore	2	436642.0
electro house	melodic metalcore	2	436642.0
electro house	metalcore	2	436642.0
electro house	post-screamo	2	436642.0
electro house	screamo	2	436642.0
electro house	trancecore	2	436642.0
francoton	pop rap	2	2562811.0
dance pop	trap soul	2	3541917.5
big room	dfw rap	2	6586868.0
big room	melodic rap	2	6586868.0
canadian electronic	rap	2	6586868.0
deep big room	rap	2	6586868.0
dfw rap	electro house	2	6586868.0
electro house	melodic rap	2	6586868.0
pop edm	rap	2	6586868.0
big room	canadian hip hop	2	6586868.0
big room	toronto rap	2	6586868.0
big room	trap soul	2	6586868.0
canadian hip hop	electro house	2	6586868.0
electro house	toronto rap	2	6586868.0
electro house	trap soul	2	6586868.0
brostep	rap	2	6586868.0
dutch edm	rap	2	6586868.0
rap	trance	2	6586868.0
europop	hip hop	2	496967.0
europop	pop rap	2	496967.0
europop	southern hip hop	2	496967.0
europop	trap	2	496967.0
pop rap	trap soul	2	496967.0
brega romantico	forro	1	12378483.0
alternative r&b	r&b	1	10386303.0
atl hip hop	pop rock	1	729987.0
pop rock	southern hip hop	1	729987.0
pop rock	trap	1	729987.0
axe	brazilian edm	1	4812870.0
brazilian edm	mpb	1	4812870.0
funk ostentacao	mpb	1	4812870.0
brazilian edm	pagode	1	4812870.0
baile pop	samba reggae	1	4812870.0
brazilian edm	samba reggae	1	4812870.0
funk ostentacao	samba reggae	1	4812870.0
latin	r&b	1	2001610.0
r&b	reggaeton	1	2001610.0
francoton	r&b	1	2001610.0
detroit hip hop	funk das antigas	1	96949831.0
detroit hip hop	pagode baiano	1	96949831.0
afrofuturismo brasileiro	funk das antigas	1	96949831.0
bass trap	funk das antigas	1	96949831.0
electronic trap	funk das antigas	1	96949831.0
afrofuturismo brasileiro	pagode baiano	1	96949831.0
bass trap	pagode baiano	1	96949831.0
electronic trap	pagode baiano	1	96949831.0
afrofuturismo brasileiro	detroit hip hop	1	96949831.0
bass trap	detroit hip hop	1	96949831.0
detroit hip hop	electronic trap	1	96949831.0
detroit hip hop	pop nacional	1	96949831.0
etherpop	hip hop	1	2454003.0
hip hop	indie poptimism	1	2454003.0
dance pop	indie pop rap	1	2454003.0
electropop	indie pop rap	1	2454003.0
etherpop	indie pop rap	1	2454003.0
indie pop rap	indie poptimism	1	2454003.0
indie pop rap	pop	1	2454003.0
indie pop rap	post-teen pop	1	2454003.0
etherpop	rap	1	2454003.0
indie poptimism	rap	1	2454003.0
baile pop	pernambuco alternative	1	25894733.0
pernambuco alternative	rap baiano	1	25894733.0
pernambuco alternative	trap brasileiro	1	25894733.0
brazilian edm	norwegian pop	1	35463910.0
electro house	norwegian pop	1	35463910.0
norwegian pop	pop nacional	1	35463910.0
alternative r&b	brostep	1	8099586.0
alternative r&b	progressive electro house	1	8099586.0
alternative r&b	big room	1	3839448.0
alternative r&b	edm	1	3839448.0
alternative r&b	progressive house	1	3839448.0
alternative r&b	tropical house	1	3839448.0
axe	sertanejo	1	1120155.0
gangster rap	rap	1	782205.0
atl hip hop	funk ostentacao	1	782205.0
funk carioca	gangster rap	1	782205.0
funk ostentacao	gangster rap	1	782205.0
gangster rap	latin	1	782205.0
gangster rap	latin pop	1	782205.0
gangster rap	reggaeton	1	782205.0
gangster rap	tropical	1	782205.0
funk ostentacao	latin	1	782205.0
funk ostentacao	latin pop	1	782205.0
funk ostentacao	reggaeton	1	782205.0
funk ostentacao	tropical	1	782205.0
atl hip hop	uk pop	1	455597.0
southern hip hop	uk pop	1	455597.0
trap	uk pop	1	455597.0
baile pop	big room	1	8265687.0
big room	funk carioca	1	8265687.0
big room	funk das antigas	1	8265687.0
big room	pagode baiano	1	8265687.0
baile pop	progressive electro house	1	8265687.0
funk carioca	progressive electro house	1	8265687.0
funk das antigas	progressive electro house	1	8265687.0
pagode baiano	progressive electro house	1	8265687.0
baile pop	progressive house	1	8265687.0
funk carioca	progressive house	1	8265687.0
funk das antigas	progressive house	1	8265687.0
pagode baiano	progressive house	1	8265687.0
colombian pop	latin hip hop	1	735338.0
colombian pop	tropical	1	735338.0
canadian hip hop	latin	1	6511567.0
latin	toronto rap	1	6511567.0
canadian hip hop	reggaeton	1	6511567.0
reggaeton	toronto rap	1	6511567.0
canadian hip hop	trap latino	1	6511567.0
canadian pop	trap latino	1	6511567.0
hip hop	trap latino	1	6511567.0
toronto rap	trap latino	1	6511567.0
albanian hip hop	latin	1	1136469.0
albanian hip hop	latin hip hop	1	1136469.0
albanian hip hop	reggaeton	1	1136469.0
albanian hip hop	tropical	1	1136469.0
kosovan pop	latin	1	1136469.0
kosovan pop	latin hip hop	1	1136469.0
kosovan pop	reggaeton	1	1136469.0
kosovan pop	tropical	1	1136469.0
albanian hip hop	hip hop	1	1136469.0
hip hop	kosovan pop	1	1136469.0
hip hop	latin hip hop	1	1136469.0
chicago rap	emo rap	1	4621219.0
edm	eurodance	1	22784181.0
edm	europop	1	22784181.0
edm	italo dance	1	22784181.0
eurodance	tropical house	1	22784181.0
europop	tropical house	1	22784181.0
italo dance	tropical house	1	22784181.0
electropop	permanent wave	1	11470257.0
permanent wave	pop	1	11470257.0
permanent wave	tropical house	1	11470257.0
dance pop	viral pop	1	377286.0
post-teen pop	viral pop	1	377286.0
k-pop	uk pop	1	4441703.0
k-pop girl group	uk pop	1	4441703.0
edm	latin pop	1	467220.0
edm	tropical	1	467220.0
latin pop	tropical house	1	467220.0
puerto rican pop	tropical house	1	467220.0
tropical	tropical house	1	467220.0
latin	uk dance	1	467220.0
latin pop	uk dance	1	467220.0
puerto rican pop	uk dance	1	467220.0
tropical	uk dance	1	467220.0
latin	uk funky	1	467220.0
latin pop	uk funky	1	467220.0
puerto rican pop	uk funky	1	467220.0
tropical	uk funky	1	467220.0
dance pop	indie pop	1	467220.0
dance pop	uk alternative pop	1	467220.0
edm	indie pop	1	467220.0
edm	uk alternative pop	1	467220.0
indie pop	pop	1	467220.0
pop	uk alternative pop	1	467220.0
indie pop	post-teen pop	1	467220.0
post-teen pop	uk alternative pop	1	467220.0
indie pop	tropical house	1	467220.0
tropical house	uk alternative pop	1	467220.0
electropop	uk dance	1	467220.0
indie pop	uk dance	1	467220.0
metropopolis	uk dance	1	467220.0
uk alternative pop	uk dance	1	467220.0
electropop	uk funky	1	467220.0
indie pop	uk funky	1	467220.0
metropopolis	uk funky	1	467220.0
uk alternative pop	uk funky	1	467220.0
indie pop	latin	1	467220.0
latin	metropopolis	1	467220.0
latin	uk alternative pop	1	467220.0
electropop	latin pop	1	467220.0
indie pop	latin pop	1	467220.0
latin pop	metropopolis	1	467220.0
latin pop	uk alternative pop	1	467220.0
electropop	puerto rican pop	1	467220.0
indie pop	puerto rican pop	1	467220.0
metropopolis	puerto rican pop	1	467220.0
puerto rican pop	uk alternative pop	1	467220.0
electropop	tropical	1	467220.0
indie pop	tropical	1	467220.0
metropopolis	tropical	1	467220.0
tropical	uk alternative pop	1	467220.0
brega romantico	funk das antigas	1	14032064.0
brazilian edm	deep tropical house	1	1099890.0
baile pop	colombian pop	1	681385.0
baile pop	latin pop	1	681385.0
baile pop	r&b en espanol	1	681385.0
colombian pop	funk carioca	1	681385.0
funk carioca	r&b en espanol	1	681385.0
colombian pop	funk das antigas	1	681385.0
funk das antigas	latin pop	1	681385.0
funk das antigas	r&b en espanol	1	681385.0
colombian pop	pagode baiano	1	681385.0
latin pop	pagode baiano	1	681385.0
pagode baiano	r&b en espanol	1	681385.0
dfw rap	melodic rap	1	8449881.0
melodic rap	melodic rap	1	8449881.0
edm	latin viral pop	1	1239320.0
latin viral pop	tropical house	1	1239320.0
edm	rap latina	1	1239320.0
rap latina	tropical house	1	1239320.0
dancehall	latin viral pop	1	1239320.0
latin viral pop	pop rap	1	1239320.0
dancehall	rap latina	1	1239320.0
pop rap	rap latina	1	1239320.0
electro house	spanish pop	1	8785177.0
pop nacional	spanish pop	1	8785177.0
baile pop	hungarian rock	1	31983707.0
hungarian rock	pop nacional	1	31983707.0
hungarian rock	rap baiano	1	31983707.0
axe	axe	1	378660.0
mpb	pagode baiano	1	378660.0
axe	samba reggae	1	378660.0
forro	samba reggae	1	378660.0
pagode	samba reggae	1	378660.0
pagode baiano	samba reggae	1	378660.0
bmore	uk pop	1	5642709.0
moombahton	uk pop	1	5642709.0
ninja	uk pop	1	5642709.0
bmore	edm	1	5642709.0
bmore	house	1	5642709.0
edm	house	1	5642709.0
electropop	house	1	5642709.0
edm	moombahton	1	5642709.0
house	moombahton	1	5642709.0
edm	ninja	1	5642709.0
house	ninja	1	5642709.0
house	tropical house	1	5642709.0
adoracao	folk brasileiro	1	1004816.0
adoracao	nova mpb	1	1004816.0
brazilian edm	neo mellow	1	1608588.0
brazilian edm	pop rock	1	1608588.0
brazilian edm	uk pop	1	1608588.0
neo mellow	pop nacional	1	1608588.0
pop nacional	pop rock	1	1608588.0
pop nacional	uk pop	1	1608588.0
belgian edm	brazilian edm	1	1608588.0
big room	brazilian edm	1	1608588.0
brazilian edm	deep big room	1	1608588.0
brazilian edm	edm	1	1608588.0
brazilian edm	house	1	1608588.0
brazilian edm	pop edm	1	1608588.0
brazilian edm	progressive electro house	1	1608588.0
brazilian edm	progressive house	1	1608588.0
belgian edm	electro house	1	1608588.0
electro house	progressive house	1	1608588.0
belgian edm	pop nacional	1	1608588.0
big room	pop nacional	1	1608588.0
deep big room	pop nacional	1	1608588.0
house	pop nacional	1	1608588.0
pop edm	pop nacional	1	1608588.0
pop nacional	progressive electro house	1	1608588.0
pop nacional	progressive house	1	1608588.0
belgian edm	neo mellow	1	1608588.0
big room	neo mellow	1	1608588.0
deep big room	neo mellow	1	1608588.0
edm	neo mellow	1	1608588.0
house	neo mellow	1	1608588.0
neo mellow	pop edm	1	1608588.0
neo mellow	progressive electro house	1	1608588.0
neo mellow	progressive house	1	1608588.0
neo mellow	tropical house	1	1608588.0
belgian edm	pop	1	1608588.0
deep big room	pop	1	1608588.0
belgian edm	pop rock	1	1608588.0
big room	pop rock	1	1608588.0
deep big room	pop rock	1	1608588.0
edm	pop rock	1	1608588.0
house	pop rock	1	1608588.0
pop edm	pop rock	1	1608588.0
pop rock	progressive house	1	1608588.0
pop rock	tropical house	1	1608588.0
belgian edm	uk pop	1	1608588.0
deep big room	uk pop	1	1608588.0
belgian edm	viral pop	1	1608588.0
big room	viral pop	1	1608588.0
deep big room	viral pop	1	1608588.0
edm	viral pop	1	1608588.0
house	viral pop	1	1608588.0
pop edm	viral pop	1	1608588.0
progressive electro house	viral pop	1	1608588.0
progressive house	viral pop	1	1608588.0
electropop	k-pop	1	1264243.0
indie electropop	k-pop	1	1264243.0
indie poptimism	k-pop	1	1264243.0
k-pop	k-pop girl group	1	1264243.0
k-pop girl group	k-pop girl group	1	1264243.0
k-pop	video game music	1	1264243.0
electropop	video game music	1	1264243.0
indie electropop	video game music	1	1264243.0
dance pop	indie electropop	1	1264243.0
indie electropop	pop	1	1264243.0
indie electropop	post-teen pop	1	1264243.0
dance pop	indie poptimism	1	1264243.0
dance pop	video game music	1	1264243.0
r&b	uk pop	1	10049836.0
folk brasileiro	sertanejo universitario	1	38428849.0
portuguese pop	sertanejo universitario	1	38428849.0
brasilia hip hop	sertanejo universitario	1	14521267.0
brazilian hip hop	sertanejo universitario	1	14521267.0
sertanejo universitario	trap brasileiro	1	14521267.0
baile pop	bmore	1	2381810.0
bmore	funk carioca	1	2381810.0
bmore	pop nacional	1	2381810.0
baile pop	electropop	1	2381810.0
electropop	funk carioca	1	2381810.0
electropop	pop nacional	1	2381810.0
baile pop	ninja	1	2381810.0
funk carioca	ninja	1	2381810.0
ninja	pop nacional	1	2381810.0
dance pop	social media pop	1	2242081.0
edm	social media pop	1	2242081.0
pop	social media pop	1	2242081.0
social media pop	tropical house	1	2242081.0
social media pop	uk dance	1	2242081.0
dance pop	teen pop	1	2242081.0
edm	teen pop	1	2242081.0
pop	teen pop	1	2242081.0
teen pop	tropical house	1	2242081.0
teen pop	uk dance	1	2242081.0
album rock	glam rock	1	3230580.0
album rock	rock	1	3230580.0
art rock	glam rock	1	3230580.0
art rock	rock	1	3230580.0
classic rock	glam rock	1	3230580.0
classic rock	rock	1	3230580.0
dance rock	glam rock	1	3230580.0
dance rock	rock	1	3230580.0
glam rock	glam rock	1	3230580.0
glam rock	permanent wave	1	3230580.0
permanent wave	rock	1	3230580.0
glam rock	protopunk	1	3230580.0
protopunk	rock	1	3230580.0
rock	rock	1	3230580.0
brazilian edm	detroit hip hop	1	9675220.0
detroit hip hop	funk ostentacao	1	9675220.0
barbadian pop	dance pop	1	5177022.0
barbadian pop	dirty south rap	1	5177022.0
dirty south rap	urban contemporary	1	5177022.0
barbadian pop	hip hop	1	5177022.0
barbadian pop	miami hip hop	1	5177022.0
miami hip hop	urban contemporary	1	5177022.0
barbadian pop	southern hip hop	1	5177022.0
barbadian pop	urban contemporary	1	5177022.0
urban contemporary	urban contemporary	1	5177022.0
belo horizonte indie	brazilian edm	1	982508.0
belo horizonte indie	brazilian hip hop	1	982508.0
belo horizonte indie	r&b brasileiro	1	982508.0
nova mpb	r&b brasileiro	1	982508.0
belo horizonte indie	rap feminino nacional	1	982508.0
nova mpb	rap feminino nacional	1	982508.0
pop nacional	rap feminino nacional	1	3129847.0
edm	girl group	1	400208.0
edm	talent show	1	400208.0
electro house	girl group	1	400208.0
electro house	talent show	1	400208.0
electropop	girl group	1	400208.0
electropop	talent show	1	400208.0
girl group	pop edm	1	400208.0
pop edm	talent show	1	400208.0
girl group	tropical house	1	400208.0
talent show	tropical house	1	400208.0
k-pop	rap	1	1601515.0
k-pop	southern hip hop	1	1601515.0
k-pop	trap	1	1601515.0
k-pop	viral trap	1	1601515.0
k-pop boy group	rap	1	1601515.0
k-pop boy group	southern hip hop	1	1601515.0
k-pop boy group	trap	1	1601515.0
k-pop boy group	viral trap	1	1601515.0
big room	southern hip hop	1	1601515.0
big room	viral trap	1	1601515.0
dance pop	viral trap	1	1601515.0
edm	viral trap	1	1601515.0
electro house	viral trap	1	1601515.0
tropical house	viral trap	1	1601515.0
neo soul	post-teen pop	1	3041527.0
post-teen pop	uk contemporary r&b	1	3041527.0
neo soul	pop rap	1	3041527.0
pop rap	uk contemporary r&b	1	3041527.0
edm	neo soul	1	3041527.0
liquid funk	neo soul	1	3041527.0
neo soul	uk dance	1	3041527.0
neo soul	uk funky	1	3041527.0
edm	uk contemporary r&b	1	3041527.0
liquid funk	uk contemporary r&b	1	3041527.0
uk contemporary r&b	uk dance	1	3041527.0
uk contemporary r&b	uk funky	1	3041527.0
dance pop	liquid funk	1	3041527.0
liquid funk	pop	1	3041527.0
liquid funk	post-teen pop	1	3041527.0
liquid funk	tropical house	1	3041527.0
tropical house	uk dance	1	3041527.0
tropical house	uk funky	1	3041527.0
liquid funk	uk pop	1	3041527.0
uk funky	uk pop	1	3041527.0
uk pop	uk pop	1	3041527.0
liquid funk	pop rap	1	3041527.0
pop rap	uk funky	1	3041527.0
brostep	tropical house	1	26459960.0
progressive electro house	tropical house	1	26459960.0
brostep	uk pop	1	26459960.0
axe	nova mpb	1	4789529.0
nova mpb	pagode	1	4789529.0
mpb	samba reggae	1	4789529.0
nova mpb	samba reggae	1	4789529.0
pop nacional	samba reggae	1	4789529.0
canadian contemporary r&b	dance pop	1	11811677.0
canadian contemporary r&b	edm	1	11811677.0
canadian contemporary r&b	house	1	11811677.0
canadian pop	house	1	11811677.0
canadian contemporary r&b	progressive house	1	11811677.0
canadian pop	progressive house	1	11811677.0
canadian contemporary r&b	tropical house	1	11811677.0
canadian contemporary r&b	uk dance	1	11811677.0
canadian pop	uk dance	1	11811677.0
canadian contemporary r&b	post-teen pop	1	11811677.0
canadian contemporary r&b	uk pop	1	11811677.0
canadian pop	uk pop	1	11811677.0
electropop	reggaeton	1	505684.0
baile pop	brazilian rock	1	8604042.0
brazilian rock	mpb	1	8604042.0
big room	swedish pop	1	2950613.0
dance pop	swedish pop	1	2950613.0
edm	swedish pop	1	2950613.0
pop	swedish pop	1	2950613.0
swedish pop	tropical house	1	2950613.0
axe	funk das antigas	1	2024792.0
pagode baiano	pagode baiano	1	2024792.0
chicago rap	dance pop	1	8227539.0
chicago rap	dirty south rap	1	8227539.0
chicago rap	southern hip hop	1	8227539.0
chicago rap	urban contemporary	1	8227539.0
conscious hip hop	dirty south rap	1	8227539.0
conscious hip hop	miami hip hop	1	8227539.0
conscious hip hop	southern hip hop	1	8227539.0
conscious hip hop	urban contemporary	1	8227539.0
canadian pop	chicago rap	1	8227539.0
chicago rap	post-teen pop	1	8227539.0
atl hip hop	chicago rap	1	8227539.0
chicago rap	melodic rap	1	8227539.0
atl hip hop	conscious hip hop	1	8227539.0
conscious hip hop	melodic rap	1	8227539.0
canadian pop	dirty south rap	1	8227539.0
canadian pop	miami hip hop	1	8227539.0
canadian pop	urban contemporary	1	8227539.0
melodic rap	urban contemporary	1	8227539.0
atl hip hop	canadian pop	1	8227539.0
canadian pop	melodic rap	1	8227539.0
hip pop	k-pop	1	489610.0
k-pop	queens hip hop	1	489610.0
hip pop	k-pop boy group	1	489610.0
k-pop boy group	pop	1	489610.0
k-pop boy group	post-teen pop	1	489610.0
k-pop boy group	queens hip hop	1	489610.0
belo horizonte indie	nova mpb	1	34894124.0
alternative r&b	canadian contemporary r&b	1	1559659.0
canadian contemporary r&b	dmv rap	1	1559659.0
canadian contemporary r&b	pop rap	1	1559659.0
canadian pop	dmv rap	1	1559659.0
dance pop	dmv rap	1	1559659.0
conscious hip hop	electropop	1	1559659.0
dmv rap	electropop	1	1559659.0
dmv rap	post-teen pop	1	1559659.0
alternative r&b	conscious hip hop	1	1559659.0
alternative r&b	dmv rap	1	1559659.0
alternative r&b	hip hop	1	1559659.0
alternative r&b	rap	1	1559659.0
sertanejo tradicional	sertanejo universitario	1	9181901.0
dancehall	funk ostentacao	1	8293878.0
funk ostentacao	reggae fusion	1	8293878.0
funk ostentacao	soca	1	8293878.0
dancehall	electro house	1	8293878.0
dancehall	moombahton	1	8293878.0
dance pop	reggae fusion	1	8293878.0
edm	reggae fusion	1	8293878.0
electro house	reggae fusion	1	8293878.0
moombahton	reggae fusion	1	8293878.0
pop	reggae fusion	1	8293878.0
pop rap	reggae fusion	1	8293878.0
reggae fusion	tropical house	1	8293878.0
dance pop	soca	1	8293878.0
edm	soca	1	8293878.0
electro house	soca	1	8293878.0
moombahton	soca	1	8293878.0
pop	soca	1	8293878.0
pop rap	soca	1	8293878.0
soca	tropical house	1	8293878.0
afrofuturismo brasileiro	dancehall	1	8293878.0
baile pop	dancehall	1	8293878.0
bass trap	dancehall	1	8293878.0
dancehall	electronic trap	1	8293878.0
dancehall	pop nacional	1	8293878.0
afrofuturismo brasileiro	reggae fusion	1	8293878.0
baile pop	reggae fusion	1	8293878.0
bass trap	reggae fusion	1	8293878.0
electronic trap	reggae fusion	1	8293878.0
pop nacional	reggae fusion	1	8293878.0
afrofuturismo brasileiro	soca	1	8293878.0
baile pop	soca	1	8293878.0
bass trap	soca	1	8293878.0
electronic trap	soca	1	8293878.0
pop nacional	soca	1	8293878.0
dance pop	funk ostentacao	1	8293878.0
edm	funk ostentacao	1	8293878.0
electro house	funk ostentacao	1	8293878.0
funk ostentacao	moombahton	1	8293878.0
funk ostentacao	pop	1	8293878.0
funk ostentacao	tropical house	1	8293878.0
bass trap	funk ostentacao	1	8293878.0
electronic trap	funk ostentacao	1	8293878.0
afrofuturismo brasileiro	dance pop	1	8293878.0
bass trap	dance pop	1	8293878.0
afrofuturismo brasileiro	edm	1	8293878.0
bass trap	edm	1	8293878.0
edm	electronic trap	1	8293878.0
afrofuturismo brasileiro	electro house	1	8293878.0
bass trap	electro house	1	8293878.0
electro house	electronic trap	1	8293878.0
afrofuturismo brasileiro	moombahton	1	8293878.0
bass trap	moombahton	1	8293878.0
electronic trap	moombahton	1	8293878.0
afrofuturismo brasileiro	pop	1	8293878.0
bass trap	pop	1	8293878.0
afrofuturismo brasileiro	pop rap	1	8293878.0
bass trap	pop rap	1	8293878.0
afrofuturismo brasileiro	tropical house	1	8293878.0
bass trap	tropical house	1	8293878.0
electronic trap	tropical house	1	8293878.0
canadian contemporary r&b	electro	1	1392451.0
canadian pop	electro	1	1392451.0
electro	pop	1	1392451.0
canadian contemporary r&b	filter house	1	1392451.0
canadian pop	filter house	1	1392451.0
filter house	pop	1	1392451.0
brazilian edm	hip hop	1	3923501.0
brazilian edm	hip pop	1	3923501.0
brazilian edm	pop rap	1	3923501.0
brazilian edm	urban contemporary	1	3923501.0
hip hop	pop nacional	1	3923501.0
hip pop	pop nacional	1	3923501.0
pop nacional	urban contemporary	1	3923501.0
edm	modern rock	1	5421504.0
modern rock	tropical house	1	5421504.0
edm	rock	1	5421504.0
pop	rock	1	5421504.0
rock	tropical house	1	5421504.0
g funk	pop	1	6550906.0
detroit hip hop	uk pop	1	6550906.0
g funk	uk pop	1	6550906.0
hip hop	uk pop	1	6550906.0
brasilia hip hop	pop nacional	1	10082112.0
afrofuturismo brasileiro	brasilia hip hop	1	10082112.0
afrofuturismo brasileiro	rap baiano	1	10082112.0
brasilia hip hop	funk ostentacao	1	10082112.0
brasilia hip hop	rap baiano	1	10082112.0
brasilia hip hop	trap brasileiro	1	10082112.0
funk ostentacao	rap baiano	1	10082112.0
big room	contemporary country	1	8744897.0
big room	country	1	8744897.0
big room	country pop	1	8744897.0
big room	country road	1	8744897.0
big room	modern country rock	1	8744897.0
country	edm	1	8744897.0
country pop	edm	1	8744897.0
country road	edm	1	8744897.0
edm	modern country rock	1	8744897.0
country	electro house	1	8744897.0
country pop	electro house	1	8744897.0
country road	electro house	1	8744897.0
electro house	modern country rock	1	8744897.0
contemporary country	progressive electro house	1	8744897.0
country	progressive electro house	1	8744897.0
country pop	progressive electro house	1	8744897.0
country road	progressive electro house	1	8744897.0
modern country rock	progressive electro house	1	8744897.0
contemporary country	progressive house	1	8744897.0
country	progressive house	1	8744897.0
country pop	progressive house	1	8744897.0
country road	progressive house	1	8744897.0
modern country rock	progressive house	1	8744897.0
country	tropical house	1	8744897.0
country pop	tropical house	1	8744897.0
country road	tropical house	1	8744897.0
modern country rock	tropical house	1	8744897.0
big room	modern alternative rock	1	8744897.0
edm	modern alternative rock	1	8744897.0
electro house	modern alternative rock	1	8744897.0
modern alternative rock	progressive electro house	1	8744897.0
modern alternative rock	progressive house	1	8744897.0
modern alternative rock	tropical house	1	8744897.0
contemporary country	modern alternative rock	1	8744897.0
country	modern alternative rock	1	8744897.0
country pop	modern alternative rock	1	8744897.0
country road	modern alternative rock	1	8744897.0
modern alternative rock	modern country rock	1	8744897.0
modern alternative rock	post-teen pop	1	8744897.0
etherpop	tropical house	1	3481668.0
florida rap	pop	1	433347.0
florida rap	post-teen pop	1	433347.0
atl hip hop	florida rap	1	433347.0
dirty south rap	florida rap	1	433347.0
dirty south rap	miami hip hop	1	433347.0
florida rap	hip hop	1	433347.0
florida rap	pop rap	1	433347.0
florida rap	rap	1	433347.0
florida rap	southern hip hop	1	433347.0
florida rap	trap	1	433347.0
baile pop	latin viral pop	1	622151.0
baile pop	rap latina	1	622151.0
funk carioca	latin viral pop	1	622151.0
funk carioca	rap latina	1	622151.0
funk das antigas	latin viral pop	1	622151.0
funk das antigas	rap latina	1	622151.0
latin viral pop	pagode baiano	1	622151.0
pagode baiano	rap latina	1	622151.0
latin	latin viral pop	1	622151.0
latin viral pop	reggaeton	1	622151.0
latin	rap latina	1	622151.0
rap latina	reggaeton	1	622151.0
rap feminino nacional	trap brasileiro	1	5329093.0
country	electropop	1	9244030.0
country pop	electropop	1	9244030.0
country road	electropop	1	9244030.0
electropop	modern country rock	1	9244030.0
dance pop	europop	1	1842175.0
europop	post-teen pop	1	1842175.0
samba reggae	sertanejo pop	1	4706297.0
samba reggae	sertanejo universitario	1	4706297.0
funk bh	funk carioca	1	37170599.0
funk bh	funk ostentacao	1	37170599.0
emo rap	melodic rap	1	1338792.0
funk das antigas	moombahton	1	13293843.0
funk das antigas	pop rap	1	13293843.0
moombahton	pagode baiano	1	13293843.0
pagode baiano	pop rap	1	13293843.0
brega funk	pop nacional	1	10455107.0
atl hip hop	electro latino	1	7486859.0
atl hip hop	spanish pop	1	7486859.0
electro latino	rap	1	7486859.0
rap	spanish pop	1	7486859.0
electro latino	southern hip hop	1	7486859.0
southern hip hop	spanish pop	1	7486859.0
electro latino	trap	1	7486859.0
spanish pop	trap	1	7486859.0
atl hip hop	dancehall	1	7486859.0
atl hip hop	uk dancehall	1	7486859.0
atl hip hop	uk hip hop	1	7486859.0
pop rap	uk dancehall	1	7486859.0
pop rap	uk hip hop	1	7486859.0
dancehall	rap	1	7486859.0
rap	uk dancehall	1	7486859.0
rap	uk hip hop	1	7486859.0
dancehall	southern hip hop	1	7486859.0
southern hip hop	uk dancehall	1	7486859.0
southern hip hop	uk hip hop	1	7486859.0
dancehall	trap	1	7486859.0
trap	uk dancehall	1	7486859.0
trap	uk hip hop	1	7486859.0
electro latino	latin	1	7486859.0
latin	spanish pop	1	7486859.0
electro latino	reggaeton	1	7486859.0
reggaeton	spanish pop	1	7486859.0
electro latino	funk carioca	1	7486859.0
funk carioca	spanish pop	1	7486859.0
dance pop	uk dancehall	1	7486859.0
dance pop	uk hip hop	1	7486859.0
dancehall	electro latino	1	7486859.0
electro latino	pop	1	7486859.0
electro latino	uk dancehall	1	7486859.0
electro latino	uk hip hop	1	7486859.0
dancehall	latin pop	1	7486859.0
latin pop	uk dancehall	1	7486859.0
latin pop	uk hip hop	1	7486859.0
dancehall	spanish pop	1	7486859.0
pop	spanish pop	1	7486859.0
spanish pop	uk dancehall	1	7486859.0
spanish pop	uk hip hop	1	7486859.0
dancehall	tropical	1	7486859.0
tropical	uk dancehall	1	7486859.0
tropical	uk hip hop	1	7486859.0
funk carioca	uk dancehall	1	7486859.0
funk carioca	uk hip hop	1	7486859.0
east coast hip hop	post-teen pop	1	452742.0
east coast hip hop	r&b	1	452742.0
dirty south rap	east coast hip hop	1	452742.0
east coast hip hop	miami hip hop	1	452742.0
east coast hip hop	urban contemporary	1	452742.0
atl hip hop	east coast hip hop	1	452742.0
boy band	dance pop	1	4300231.0
boy band	girl group	1	4300231.0
boy band	pop	1	4300231.0
boy band	post-teen pop	1	4300231.0
boy band	talent show	1	4300231.0
boy band	uk pop	1	4300231.0
girl group	latin	1	4300231.0
latin	talent show	1	4300231.0
latin	uk pop	1	4300231.0
girl group	latin pop	1	4300231.0
latin pop	talent show	1	4300231.0
latin pop	uk pop	1	4300231.0
girl group	reggaeton	1	4300231.0
reggaeton	talent show	1	4300231.0
reggaeton	uk pop	1	4300231.0
girl group	tropical	1	4300231.0
talent show	tropical	1	4300231.0
tropical	uk pop	1	4300231.0
alternative r&b	alternative r&b	1	482063.0
alternative r&b	art pop	1	482063.0
art pop	pop	1	482063.0
alternative r&b	chillwave	1	482063.0
chillwave	pop	1	482063.0
alternative r&b	escape room	1	482063.0
escape room	pop	1	482063.0
alternative r&b	experimental pop	1	482063.0
experimental pop	pop	1	482063.0
alternative r&b	indie r&b	1	482063.0
indie r&b	pop	1	482063.0
alternative r&b	indietronica	1	482063.0
indietronica	pop	1	482063.0
alternative r&b	shimmer pop	1	482063.0
pop	shimmer pop	1	482063.0
alternative r&b	shiver pop	1	482063.0
pop	shiver pop	1	482063.0
alternative r&b	vapor soul	1	482063.0
pop	vapor soul	1	482063.0
boston hip hop	detroit hip hop	1	2236992.0
detroit hip hop	hip hop	1	2236992.0
detroit hip hop	rap	1	2236992.0
boston hip hop	g funk	1	2236992.0
g funk	hip hop	1	2236992.0
g funk	pop rap	1	2236992.0
g funk	rap	1	2236992.0
boston hip hop	hip hop	1	2236992.0
boston hip hop	rap	1	2236992.0
brazilian hip hop	folk brasileiro	1	12078113.0
brazilian hip hop	portuguese pop	1	12078113.0
australian hip hop	pop rap	1	434408.0
australian hip hop	rap	1	434408.0
australian hip hop	trap	1	434408.0
latin hip hop	trap latino	1	3000810.0
trap latino	tropical	1	3000810.0
chicago house	deep tropical house	1	15226912.0
canadian hip hop	southern hip hop	1	2974831.0
southern hip hop	toronto rap	1	2974831.0
toronto rap	trap	1	2974831.0
canadian hip hop	vapor trap	1	2974831.0
canadian pop	vapor trap	1	2974831.0
hip hop	vapor trap	1	2974831.0
pop rap	vapor trap	1	2974831.0
rap	vapor trap	1	2974831.0
toronto rap	vapor trap	1	2974831.0
baile pop	deep funk ostentacao	1	3799606.0
brazilian edm	deep funk ostentacao	1	3799606.0
deep funk ostentacao	funk das antigas	1	3799606.0
deep funk ostentacao	funk ostentacao	1	3799606.0
brazilian edm	post-teen pop	1	689293.0
pop nacional	post-teen pop	1	689293.0
brega funk	pagode baiano	1	629733.0
r&b brasileiro	rap feminino nacional	1	11003538.0
canadian hip hop	east coast hip hop	1	497741.0
canadian hip hop	hip hop	1	497741.0
canadian pop	east coast hip hop	1	497741.0
east coast hip hop	toronto rap	1	497741.0
hip hop	toronto rap	1	497741.0
pop rap	toronto rap	1	497741.0
detroit hip hop	edm	1	3719741.0
detroit hip hop	electro house	1	3719741.0
detroit hip hop	house	1	3719741.0
detroit hip hop	progressive house	1	3719741.0
detroit hip hop	tropical house	1	3719741.0
detroit hip hop	uk dance	1	3719741.0
edm	hip hop	1	3719741.0
electro house	hip hop	1	3719741.0
hip hop	house	1	3719741.0
hip hop	progressive house	1	3719741.0
hip hop	tropical house	1	3719741.0
hip hop	uk dance	1	3719741.0
progressive house	rap	1	3719741.0
rap	uk dance	1	3719741.0
house	southern hip hop	1	3719741.0
progressive house	southern hip hop	1	3719741.0
southern hip hop	uk dance	1	3719741.0
progressive house	trap	1	3719741.0
trap	uk dance	1	3719741.0
detroit hip hop	post-teen pop	1	3719741.0
canadian pop	latin hip hop	1	1847107.0
canadian pop	latin pop	1	1847107.0
canadian pop	puerto rican pop	1	1847107.0
candy pop	electropop	1	777654.0
electropop	metropopolis	1	777654.0
candy pop	rap	1	777654.0
metropopolis	rap	1	777654.0
candy pop	edm	1	777654.0
candy pop	tropical house	1	777654.0
candy pop	uk pop	1	777654.0
metropopolis	uk pop	1	777654.0
brazilian hip hop	electro house	1	3307954.0
brazilian hip hop	brazilian percussion	1	3307954.0
australian dance	uk pop	1	6268156.0
australian pop	uk pop	1	6268156.0
miami hip hop	miami hip hop	1	3664280.0
canadian hip hop	emo rap	1	4172959.0
dance pop	emo rap	1	4172959.0
emo rap	hip pop	1	4172959.0
emo rap	pop	1	4172959.0
emo rap	pop rap	1	4172959.0
emo rap	post-teen pop	1	4172959.0
emo rap	queens hip hop	1	4172959.0
queens hip hop	rap	1	4172959.0
queens hip hop	trap	1	4172959.0
canadian hip hop	hip pop	1	4172959.0
canadian hip hop	post-teen pop	1	4172959.0
canadian hip hop	queens hip hop	1	4172959.0
comedy rap	dance pop	1	734254.0
comedy rap	pop	1	734254.0
comedy rap	pop rap	1	734254.0
comedy rap	r&b	1	734254.0
comedy rap	rap	1	734254.0
baile pop	funk melody	1	4061011.0
brazilian edm	funk melody	1	4061011.0
funk carioca	funk melody	1	4061011.0
funk melody	funk ostentacao	1	4061011.0
brazilian hip hop	indie curitibano	1	1262881.0
brazilian hip hop	rio grande do sul indie	1	1262881.0
brazilian rock	rap baiano	1	1262881.0
indie curitibano	rap baiano	1	1262881.0
rap baiano	rio grande do sul indie	1	1262881.0
brazilian rock	trap brasileiro	1	1262881.0
indie curitibano	trap brasileiro	1	1262881.0
rio grande do sul indie	trap brasileiro	1	1262881.0
latin hip hop	pop rap	1	729827.0
latin hip hop	urban contemporary	1	729827.0
reggaeton	urban contemporary	1	729827.0
pop rap	reggaeton flow	1	729827.0
post-teen pop	reggaeton flow	1	729827.0
reggaeton flow	urban contemporary	1	729827.0
trap latino	urban contemporary	1	729827.0
tropical	urban contemporary	1	729827.0
latin	mexican pop	1	729827.0
latin hip hop	mexican pop	1	729827.0
mexican pop	reggaeton	1	729827.0
latin	reggaeton flow	1	729827.0
latin pop	reggaeton flow	1	729827.0
mexican pop	reggaeton flow	1	729827.0
latin pop	trap latino	1	729827.0
mexican pop	trap latino	1	729827.0
mexican pop	tropical	1	729827.0
dance pop	mexican pop	1	729827.0
mexican pop	pop	1	729827.0
mexican pop	pop rap	1	729827.0
mexican pop	post-teen pop	1	729827.0
latin pop	urban contemporary	1	729827.0
mexican pop	urban contemporary	1	729827.0
big room	video game music	1	436642.0
deep tropical house	video game music	1	436642.0
pop edm	video game music	1	436642.0
progressive electro house	video game music	1	436642.0
tropical house	video game music	1	436642.0
glitch	video game music	1	436642.0
glitch hop	video game music	1	436642.0
melodic metalcore	video game music	1	436642.0
metalcore	video game music	1	436642.0
post-screamo	video game music	1	436642.0
screamo	video game music	1	436642.0
trancecore	video game music	1	436642.0
big room	glitch	1	436642.0
big room	glitch hop	1	436642.0
deep tropical house	edm	1	436642.0
deep tropical house	electro house	1	436642.0
deep tropical house	glitch	1	436642.0
deep tropical house	glitch hop	1	436642.0
edm	glitch	1	436642.0
edm	glitch hop	1	436642.0
electro house	glitch	1	436642.0
electro house	glitch hop	1	436642.0
edm	indie poptimism	1	436642.0
electro house	indie poptimism	1	436642.0
glitch	indie poptimism	1	436642.0
glitch hop	indie poptimism	1	436642.0
glitch	pop edm	1	436642.0
glitch hop	pop edm	1	436642.0
edm	progressive electro house	1	436642.0
glitch	progressive electro house	1	436642.0
glitch hop	progressive electro house	1	436642.0
glitch	tropical house	1	436642.0
glitch hop	tropical house	1	436642.0
big room	melodic metalcore	1	436642.0
big room	metalcore	1	436642.0
big room	post-screamo	1	436642.0
big room	screamo	1	436642.0
big room	trancecore	1	436642.0
deep tropical house	melodic metalcore	1	436642.0
deep tropical house	metalcore	1	436642.0
deep tropical house	post-screamo	1	436642.0
deep tropical house	screamo	1	436642.0
deep tropical house	trancecore	1	436642.0
indie poptimism	melodic metalcore	1	436642.0
indie poptimism	metalcore	1	436642.0
indie poptimism	post-screamo	1	436642.0
indie poptimism	screamo	1	436642.0
indie poptimism	trancecore	1	436642.0
melodic metalcore	pop edm	1	436642.0
metalcore	pop edm	1	436642.0
pop edm	post-screamo	1	436642.0
pop edm	screamo	1	436642.0
pop edm	trancecore	1	436642.0
melodic metalcore	progressive electro house	1	436642.0
metalcore	progressive electro house	1	436642.0
post-screamo	progressive electro house	1	436642.0
progressive electro house	screamo	1	436642.0
progressive electro house	trancecore	1	436642.0
melodic metalcore	tropical house	1	436642.0
metalcore	tropical house	1	436642.0
post-screamo	tropical house	1	436642.0
screamo	tropical house	1	436642.0
trancecore	tropical house	1	436642.0
glitch	melodic metalcore	1	436642.0
glitch	metalcore	1	436642.0
glitch	post-screamo	1	436642.0
glitch	screamo	1	436642.0
glitch	trancecore	1	436642.0
glitch hop	melodic metalcore	1	436642.0
glitch hop	metalcore	1	436642.0
glitch hop	post-screamo	1	436642.0
glitch hop	screamo	1	436642.0
glitch hop	trancecore	1	436642.0
edm	urban contemporary	1	2562811.0
tropical house	urban contemporary	1	2562811.0
edm	hip pop	1	2562811.0
edm	queens hip hop	1	2562811.0
hip pop	tropical house	1	2562811.0
queens hip hop	tropical house	1	2562811.0
edm	francoton	1	2562811.0
francoton	tropical house	1	2562811.0
pop rap	queens hip hop	1	2562811.0
hip pop	urban contemporary	1	2562811.0
queens hip hop	urban contemporary	1	2562811.0
francoton	urban contemporary	1	2562811.0
francoton	hip pop	1	2562811.0
francoton	queens hip hop	1	2562811.0
brostep	metropopolis	1	16593655.0
metropopolis	progressive electro house	1	16593655.0
brostep	modern rock	1	16593655.0
modern rock	progressive electro house	1	16593655.0
brostep	pop rock	1	16593655.0
canadian electronic	dfw rap	1	6586868.0
canadian electronic	melodic rap	1	6586868.0
deep big room	dfw rap	1	6586868.0
deep big room	melodic rap	1	6586868.0
dfw rap	pop edm	1	6586868.0
melodic rap	pop edm	1	6586868.0
canadian electronic	canadian hip hop	1	6586868.0
canadian electronic	toronto rap	1	6586868.0
canadian electronic	trap	1	6586868.0
canadian electronic	trap soul	1	6586868.0
canadian hip hop	deep big room	1	6586868.0
deep big room	toronto rap	1	6586868.0
deep big room	trap	1	6586868.0
deep big room	trap soul	1	6586868.0
canadian hip hop	pop edm	1	6586868.0
pop edm	toronto rap	1	6586868.0
pop edm	trap	1	6586868.0
pop edm	trap soul	1	6586868.0
big room	big room	1	6586868.0
big room	brostep	1	6586868.0
big room	dutch edm	1	6586868.0
big room	house	1	6586868.0
big room	trance	1	6586868.0
big room	canadian electronic	1	6586868.0
brostep	canadian electronic	1	6586868.0
canadian electronic	dance pop	1	6586868.0
canadian electronic	dutch edm	1	6586868.0
canadian electronic	edm	1	6586868.0
canadian electronic	electro house	1	6586868.0
canadian electronic	house	1	6586868.0
canadian electronic	trance	1	6586868.0
canadian electronic	tropical house	1	6586868.0
big room	deep big room	1	6586868.0
brostep	deep big room	1	6586868.0
dance pop	deep big room	1	6586868.0
deep big room	dutch edm	1	6586868.0
deep big room	edm	1	6586868.0
deep big room	house	1	6586868.0
deep big room	trance	1	6586868.0
deep big room	tropical house	1	6586868.0
brostep	electro house	1	6586868.0
dutch edm	electro house	1	6586868.0
electro house	trance	1	6586868.0
big room	pop edm	1	6586868.0
brostep	pop edm	1	6586868.0
dutch edm	pop edm	1	6586868.0
house	pop edm	1	6586868.0
pop edm	trance	1	6586868.0
canadian hip hop	dfw rap	1	6586868.0
dfw rap	toronto rap	1	6586868.0
canadian hip hop	melodic rap	1	6586868.0
melodic rap	toronto rap	1	6586868.0
brostep	dfw rap	1	6586868.0
dance pop	dfw rap	1	6586868.0
dfw rap	dutch edm	1	6586868.0
dfw rap	edm	1	6586868.0
dfw rap	house	1	6586868.0
dfw rap	trance	1	6586868.0
dfw rap	tropical house	1	6586868.0
brostep	melodic rap	1	6586868.0
dutch edm	melodic rap	1	6586868.0
edm	melodic rap	1	6586868.0
house	melodic rap	1	6586868.0
melodic rap	trance	1	6586868.0
melodic rap	tropical house	1	6586868.0
brostep	canadian hip hop	1	6586868.0
canadian hip hop	dutch edm	1	6586868.0
canadian hip hop	edm	1	6586868.0
canadian hip hop	house	1	6586868.0
canadian hip hop	trance	1	6586868.0
canadian hip hop	tropical house	1	6586868.0
brostep	toronto rap	1	6586868.0
dance pop	toronto rap	1	6586868.0
dutch edm	toronto rap	1	6586868.0
edm	toronto rap	1	6586868.0
house	toronto rap	1	6586868.0
toronto rap	trance	1	6586868.0
toronto rap	tropical house	1	6586868.0
brostep	trap	1	6586868.0
dutch edm	trap	1	6586868.0
trance	trap	1	6586868.0
brostep	trap soul	1	6586868.0
dutch edm	trap soul	1	6586868.0
edm	trap soul	1	6586868.0
house	trap soul	1	6586868.0
trance	trap soul	1	6586868.0
trap soul	tropical house	1	6586868.0
atl hip hop	europop	1	496967.0
europop	gangster rap	1	496967.0
europop	rap	1	496967.0
atl hip hop	trap soul	1	496967.0
gangster rap	r&b	1	496967.0
gangster rap	trap soul	1	496967.0
hip hop	trap soul	1	496967.0
southern hip hop	trap soul	1	496967.0
trap	trap soul	1	496967.0
europop	r&b	1	496967.0
europop	trap soul	1	496967.0
pop	trap soul	1	496967.0
post-teen pop	r&b	1	496967.0
post-teen pop	trap soul	1	496967.0
alternative r&b	indie poptimism	1	6250695.0
etherpop	post-teen pop	1	6250695.0
brazilian edm	latin	1	1344226.0
brazilian edm	latin pop	1	1344226.0
brazilian edm	latin viral pop	1	1344226.0
brazilian edm	mexican pop	1	1344226.0
brazilian edm	perreo	1	1344226.0
brazilian edm	reggaeton	1	1344226.0
electro house	latin	1	1344226.0
electro house	latin pop	1	1344226.0
electro house	latin viral pop	1	1344226.0
electro house	mexican pop	1	1344226.0
electro house	perreo	1	1344226.0
electro house	reggaeton	1	1344226.0
latin	pop nacional	1	1344226.0
latin pop	pop nacional	1	1344226.0
latin viral pop	pop nacional	1	1344226.0
mexican pop	pop nacional	1	1344226.0
perreo	pop nacional	1	1344226.0
pop nacional	reggaeton	1	1344226.0
brasilia hip hop	brazilian edm	1	3143746.0
canadian contemporary r&b	west coast rap	1	5030769.0
canadian pop	west coast rap	1	5030769.0
electronic trap	rap	1	15277489.0
pop rap	puerto rican pop	1	15277489.0
puerto rican pop	rap	1	15277489.0
edm	trap latino	1	15277489.0
electronic trap	latin	1	15277489.0
electronic trap	puerto rican pop	1	15277489.0
electronic trap	reggaeton	1	15277489.0
electronic trap	trap latino	1	15277489.0
electronic trap	post-teen pop	1	15277489.0
axe	pop	1	792678.0
pagode	pop	1	792678.0
