source	target	weight	avg_streams
funk carioca	funk carioca	114	24777430.0
baile pop	funk carioca	96	23836087.93617021
brazilian hip hop	brazilian hip hop	81	16590930.666666664
funk carioca	funk ostentacao	71	19280697.63414634
brazilian hip hop	trap brasileiro	68	16487024.0
sertanejo pop	sertanejo universitario	62	17388833.836734693
brazilian hip hop	funk carioca	60	17109379.733333334
brazilian edm	funk carioca	48	21246236.852941174
dance pop	pop	48	7079251.6
pop	post-teen pop	48	7691714.0
funk carioca	pop nacional	47	18577492.257142857
pop	pop	45	8807505.885714285
funk carioca	funk das antigas	38	24690048.91666667
sertanejo universitario	sertanejo universitario	36	22704688.38888889
funk carioca	pagode baiano	35	23493935.19047619
brazilian edm	brazilian hip hop	35	17142396.384615384
funk carioca	sertanejo universitario	32	18595859.9375
sertanejo	sertanejo universitario	32	20100190.6
baile pop	pop nacional	32	19099972.791666668
brazilian hip hop	pop nacional	31	18605149.08333333
baile pop	baile pop	30	20302306.63157895
pop	pop rap	27	4121646.1
brazilian hip hop	rap baiano	26	25593232.0
dance pop	post-teen pop	26	8878814.11764706
funk carioca	sertanejo pop	25	19706317.33333333
funk carioca	trap brasileiro	25	18772277.33333333
brega funk	funk carioca	25	25410108.05882353
brazilian hip hop	r&b brasileiro	24	14409821.636363635
baile pop	pagode baiano	22	25078102.28571429
sertanejo	sertanejo pop	22	17340753.40909091
latin	reggaeton	22	5287706.0
brazilian edm	pop nacional	21	14881508.214285715
brazilian hip hop	funk ostentacao	21	16296713.5
baile pop	funk das antigas	20	22006235.307692308
pop	rap	20	3815214.1333333324
baile pop	brazilian hip hop	20	18991370.85714286
baile pop	funk ostentacao	20	17900165.411764707
sertanejo pop	sertanejo pop	19	18851223.842105266
brazilian edm	brazilian edm	19	14639244.266666668
dance pop	pop rap	18	3522496.5
funk ostentacao	funk ostentacao	17	15210561.866666667
brazilian edm	funk ostentacao	17	22061220.64285714
pagode	sertanejo universitario	15	20872973.133333333
afrofuturismo brasileiro	funk carioca	15	14050472.833333336
dance pop	dance pop	15	8688785.266666668
trap brasileiro	trap brasileiro	15	19727755.5
pop nacional	pop nacional	14	16616802.285714285
funk das antigas	pop nacional	14	21732841.307692308
pagode baiano	pop nacional	14	22485680.769230768
electro house	pop	14	4483445.888888889
latin	pop	14	4813066.625
baile pop	pop	14	7166821.6
baile pop	brazilian edm	14	7944258.545454546
funk carioca	sertanejo	13	14936396.23076923
baile pop	latin	13	9135375.3
funk carioca	latin	13	9135375.3
forro	funk carioca	13	22308752.09090909
forro	sertanejo universitario	13	22784739.69230769
funk carioca	pagode	13	14611906.23076923
pop rap	rap	13	2739299.111111111
edm	pop	13	6243774.1
pop	reggaeton	13	4610954.857142857
brazilian edm	trap brasileiro	13	13424577.888888888
latin	latin	13	6467361.0
pagode	sertanejo pop	12	20339618.58333333
baile pop	reggaeton	12	9458433.777777778
funk carioca	reggaeton	12	9458433.777777778
pop	uk pop	12	8995336.8
post-teen pop	post-teen pop	12	8257922.75
funk carioca	r&b brasileiro	12	10227640.285714284
rap	trap	11	7195231.090909091
funk das antigas	latin	11	9135375.3
latin	pagode baiano	11	9135375.3
dance pop	rap	11	3264485.0
pop	tropical house	11	4648861.9
dance pop	latin	11	4813066.625
pop rap	post-teen pop	11	3672813.6363636362
funk carioca	pop	11	7550102.25
funk das antigas	reggaeton	10	9458433.777777778
pagode baiano	reggaeton	10	9458433.777777778
afrofuturismo brasileiro	baile pop	10	16733158.8
canadian pop	pop	10	12119146.222222222
rap	rap	10	4106364.9
dance pop	electro house	10	5949929.5
pop	pop nacional	10	10369328.142857144
melodic rap	rap	10	4930383.75
baile pop	pop rap	10	10811830.42857143
funk carioca	pop rap	10	12037750.42857143
dance pop	reggaeton	10	4610954.857142857
funk das antigas	funk ostentacao	10	20230205.4
baile pop	dance pop	10	5119781.0
dfw rap	trap	9	8661898.333333334
melodic rap	trap	9	8661898.333333334
funk das antigas	pagode baiano	9	33219803.33333333
baile pop	sertanejo pop	9	22362571.888888888
baile pop	sertanejo universitario	9	16487504.666666664
pop nacional	sertanejo pop	9	12056588.777777778
pop nacional	trap brasileiro	9	18095053.25
electro house	post-teen pop	9	6118114.5
latin	pop rap	9	5287417.5
r&b brasileiro	trap brasileiro	9	12173966.0
baile pop	edm	9	3009044.333333333
latin	trap latino	9	11296442.0
brazilian hip hop	rap feminino nacional	9	14664824.666666664
brazilian edm	sertanejo universitario	8	22600389.375
pop nacional	r&b brasileiro	8	15143817.57142857
pop nacional	sertanejo universitario	8	26469185.75
electronic trap	funk carioca	8	19560174.5
dance pop	pop nacional	8	7672556.4
dance pop	edm	8	7356380.625
dance pop	tropical house	8	5502465.875
post-teen pop	tropical house	8	5542998.285714285
pop rap	reggaeton	8	5153070.142857143
funk das antigas	pop	8	4982181.0
pagode baiano	pop	8	4982181.0
edm	funk carioca	8	3109084.8
reggaeton	reggaeton	8	2620173.0
dance pop	funk carioca	8	5554937.5
funk carioca	nova mpb	8	15660339.714285715
funk ostentacao	trap brasileiro	8	27046511.5
brazilian edm	electro house	7	10506000.0
pagode	sertanejo	7	14780363.857142854
forro	pop nacional	7	14937014.857142854
baile pop	electronic trap	7	19560174.5
bass trap	funk carioca	7	24538329.33333333
edm	post-teen pop	7	8167766.0
funk carioca	hip hop	7	18040550.25
funk das antigas	pop rap	7	12195661.833333336
pagode baiano	pop rap	7	12195661.833333336
edm	pop rap	7	4775405.166666667
funk carioca	rap baiano	7	37338641.0
brega funk	funk ostentacao	7	11868531.166666664
brazilian edm	funk das antigas	7	14523612.57142857
baile pop	brega funk	7	28101028.16666667
latin	post-teen pop	7	5906042.5
latin	tropical	7	6368026.25
latin	reggaeton flow	7	2349583.25
reggaeton	trap latino	7	4583959.0
brazilian edm	r&b brasileiro	7	12641615.2
dance pop	funk das antigas	7	5657170.4
dance pop	pagode baiano	7	5657170.4
funk ostentacao	pop nacional	7	16257230.5
baile pop	forro	6	27960999.5
baile pop	bass trap	6	24538329.33333333
pop nacional	rap baiano	6	18095053.25
funk das antigas	sertanejo universitario	6	13084459.5
pagode baiano	sertanejo universitario	6	13390327.333333336
pop rap	pop rap	6	5871554.5
hip hop	rap	6	898966.1666666665
pop nacional	tropical house	6	11641911.0
dfw rap	rap	6	6375435.5
baile pop	pagode	6	19113249.83333333
forro	sertanejo pop	6	24487880.16666667
pop rap	uk pop	6	1337131.5
rap	uk pop	6	1286972.25
melodic rap	pop rap	6	3420711.833333333
pop	trap	6	1574198.333333333
post-teen pop	uk pop	6	11626948.166666664
baile pop	nova mpb	6	2119928.0
nova mpb	pop nacional	6	12777406.6
electropop	pop	6	2393015.4
pop nacional	sertanejo	6	37192583.16666666
afrofuturismo brasileiro	brazilian hip hop	6	532989.3333333335
axe	funk carioca	6	19916747.83333333
edm	funk das antigas	6	3109084.8
edm	pagode baiano	6	3109084.8
post-teen pop	reggaeton	6	5798773.666666668
reggaeton	reggaeton flow	6	2943082.333333333
dance pop	uk pop	6	5789417.833333332
brasilia hip hop	brazilian hip hop	6	1796873.5
post-teen pop	rap	6	4353217.6
brazilian edm	sertanejo pop	5	28467315.4
funk das antigas	funk das antigas	5	27635830.6
pagode baiano	pagode baiano	5	37488991.0
pop house	uk dance	5	16176924.666666664
funk carioca	rap latina	5	1759577.333333333
edm	r&b	5	1641890.25
funk das antigas	sertanejo pop	5	11264419.0
pagode baiano	sertanejo pop	5	11631460.4
canadian pop	dance pop	5	12115630.4
brazilian edm	dance pop	5	10270055.666666666
brazilian edm	pop	5	10270055.666666666
electro house	pop nacional	5	8418371.2
pop nacional	post-teen pop	5	7672556.4
electro house	viral pop	5	10270055.666666666
pagode	pagode baiano	5	19953237.4
modern rock	pop	5	15790261.0
melodic rap	pop	5	869638.6
baile pop	hip hop	5	20357306.33333333
funk carioca	rap	5	23518322.33333333
edm	latin	5	6152840.8
electronic trap	latin	5	18322972.4
electronic trap	reggaeton	5	18322972.4
electronic trap	pop rap	5	5228717.8
rap baiano	trap brasileiro	5	32765185.25
nova mpb	nova mpb	5	17062592.8
folk brasileiro	nova mpb	5	10629877.333333334
baile pop	tropical	5	2306219.75
funk carioca	tropical	5	2306219.75
funk das antigas	tropical	5	2306219.75
pagode baiano	tropical	5	2306219.75
funk ostentacao	pagode baiano	5	15218929.4
baile pop	electro house	5	1800176.75
electro house	funk carioca	5	2972090.5
latin	latin hip hop	5	3447047.0
latin	puerto rican pop	5	11296442.0
reggaeton	tropical	5	2487726.666666666
puerto rican pop	reggaeton	5	7720656.666666668
latin pop	pop	5	4387898.0
baile pop	tropical house	5	3373019.0
funk ostentacao	r&b brasileiro	5	11185628.25
pop	uk dance	5	1157396.0
funk carioca	rap feminino nacional	5	5391587.5
brazilian edm	pagode	4	11788176.75
axe	sertanejo pop	4	10935237.5
axe	sertanejo universitario	4	10935237.5
pop	r&b	4	6590275.5
electronic trap	funk das antigas	4	19560174.5
electronic trap	pagode baiano	4	19560174.5
alternative r&b	pop	4	3499164.75
pagode	pagode	4	23142788.75
hip hop	pop	4	702759.0
hip hop	pop rap	4	702759.0
brazilian edm	tropical house	4	15574712.75
edm	electro house	4	8824672.0
electro house	tropical house	4	15574712.75
edm	pop nacional	4	9050074.0
dance pop	viral pop	4	21581740.25
pop	viral pop	4	21581740.25
boy band	electro house	4	14674425.0
album rock	rap	4	1017283.5
birmingham metal	rap	4	1017283.5
hard rock	rap	4	1017283.5
metal	rap	4	1017283.5
rap	rock	4	1017283.5
funk das antigas	pagode	4	24649746.0
baroque pop	pop	4	1474480.0
emo	pop	4	1474480.0
hip hop	melodic rap	4	943304.5
baile pop	rap	4	20657842.33333333
funk das antigas	hip hop	4	20357306.33333333
hip hop	pagode baiano	4	20357306.33333333
funk carioca	g funk	4	29732342.5
funk carioca	gangster rap	4	29732342.5
funk carioca	west coast rap	4	29732342.5
edm	reggaeton	4	6134088.75
dance pop	trap	4	2063683.25
edm	rap	4	5604871.75
edm	trap	4	2586217.666666666
latin	rap	4	6043474.75
rap	reggaeton	4	6043474.75
brazilian edm	rap baiano	4	28100591.0
art pop	dance pop	4	4963681.5
art pop	pop	4	4963681.5
art pop	post-teen pop	4	4963681.5
atl hip hop	dfw rap	4	9054511.5
dfw rap	pop rap	4	4833453.5
atl hip hop	melodic rap	4	9054511.5
atl hip hop	rap	4	9054511.5
folk brasileiro	pop nacional	4	15846951.25
mpb	nova mpb	4	16534446.0
mpb	pop nacional	4	9273969.5
baile pop	sertanejo	4	17683855.25
baile pop	latin pop	4	3379393.75
funk carioca	latin pop	4	3379393.75
funk das antigas	latin pop	4	3379393.75
latin pop	pagode baiano	4	3379393.75
detroit hip hop	funk carioca	4	4929247.0
pagode baiano	sertanejo	4	17915054.25
brazilian hip hop	pernambuco alternative	4	19376057.0
electronic trap	pop	4	6664056.666666668
latin hip hop	reggaeton	4	3447047.0
electropop	post-teen pop	4	2867566.5
dance pop	latin pop	4	4387898.0
latin hip hop	pop	4	3467922.5
pop	pop reggaeton	4	3467922.5
pop	reggaeton flow	4	3467922.5
pop	tropical	4	3467922.5
funk carioca	tropical house	4	3589063.25
brazilian edm	nova mpb	4	26180505.5
brazilian rock	pop nacional	4	8792032.5
axe	baile pop	4	26677886.75
pagode	pop nacional	4	7881584.666666668
house	pop	4	1146414.666666667
baile pop	reggaeton flow	4	2376649.666666666
funk carioca	reggaeton flow	4	2376649.666666666
funk das antigas	reggaeton flow	4	2376649.666666666
pagode baiano	reggaeton flow	4	2376649.666666666
baile pop	rap latina	3	1759577.333333333
dance pop	r&b	3	1653442.333333333
r&b	tropical house	3	1653442.333333333
bass trap	funk das antigas	3	24538329.33333333
bass trap	pagode baiano	3	24538329.33333333
baile pop	trap brasileiro	3	19210437.5
canadian hip hop	pop rap	3	10510009.333333334
pop rap	r&b	3	1376473.666666667
r&b	rap	3	891667.0
brazilian edm	edm	3	11230484.666666666
brazilian edm	post-teen pop	3	10270055.666666666
brazilian edm	viral pop	3	10270055.666666666
pop nacional	viral pop	3	10270055.666666666
boy band	pop	3	10168722.333333334
boy band	tropical house	3	10168722.333333334
forro	sertanejo	3	40061685.66666666
canadian pop	post-teen pop	3	19652524.33333333
baile pop	g funk	3	29732342.5
baile pop	gangster rap	3	29732342.5
baile pop	west coast rap	3	29732342.5
funk das antigas	g funk	3	29732342.5
funk das antigas	gangster rap	3	29732342.5
funk das antigas	rap	3	29732342.5
funk das antigas	west coast rap	3	29732342.5
g funk	pagode baiano	3	29732342.5
gangster rap	pagode baiano	3	29732342.5
pagode baiano	rap	3	29732342.5
pagode baiano	west coast rap	3	29732342.5
canadian pop	uk pop	3	14734281.666666664
electronic trap	rap	3	6636881.666666668
electronic trap	trap	3	2586217.666666666
forro	funk ostentacao	3	901776.0
brega funk	forro	3	35692005.0
folk brasileiro	mpb	3	11976225.0
mpb	portuguese pop	3	11976225.0
nova mpb	portuguese pop	3	10629877.333333334
funk das antigas	sertanejo	3	13114592.666666664
baile pop	latin hip hop	3	2885264.333333333
funk carioca	latin hip hop	3	2885264.333333333
funk das antigas	latin hip hop	3	2885264.333333333
latin hip hop	pagode baiano	3	2885264.333333333
baile pop	detroit hip hop	3	4929247.0
brazilian edm	brega funk	3	29843372.66666667
baile pop	trap	3	2745633.5
funk carioca	trap	3	2745633.5
electro house	funk das antigas	3	1563955.0
electro house	pagode baiano	3	1563955.0
baile pop	r&b	3	2058038.0
k-pop	post-teen pop	3	2948108.333333333
reggaeton flow	tropical	3	2362732.666666666
puerto rican pop	tropical	3	7720656.666666668
dance pop	electropop	3	1954584.333333333
latin pop	reggaeton	3	6962715.333333332
latin pop	pop rap	3	4387898.0
dance pop	latin hip hop	3	3467922.5
dance pop	pop reggaeton	3	3467922.5
dance pop	reggaeton flow	3	3467922.5
dance pop	tropical	3	3467922.5
latin pop	post-teen pop	3	4268992.0
brega funk	brega funk	3	14207960.333333336
brega funk	funk das antigas	3	14306605.333333336
brazilian edm	pagode baiano	3	13229665.0
baile pop	post-teen pop	3	4593488.0
funk das antigas	tropical house	3	3104160.0
pagode baiano	tropical house	3	3104160.0
baile pop	mpb	3	10709348.333333334
funk carioca	mpb	3	1028713.0
funk das antigas	nova mpb	3	1633452.0
mpb	pagode baiano	3	1028713.0
nova mpb	pagode baiano	3	1633452.0
brazilian hip hop	hungarian rock	3	19044818.0
brazilian rock	nova mpb	3	20039950.666666668
afrofuturismo brasileiro	funk ostentacao	3	565944.0
axe	pop nacional	3	8040257.5
funk ostentacao	sertanejo universitario	3	25742196.0
afrofuturismo brasileiro	pop	3	5633699.0
pop	r&b brasileiro	3	5633699.0
brasilia hip hop	brazilian edm	3	2000723.0
funk ostentacao	rap feminino nacional	3	4635256.333333333
funk ostentacao	rap baiano	3	34036498.0
brazilian edm	rap feminino nacional	3	17053358.666666668
uk dance	uk pop	3	1380051.333333333
brazilian hip hop	funk das antigas	3	30124240.0
brazilian hip hop	pagode baiano	3	30124240.0
afrofuturismo brasileiro	brazilian edm	3	566011.0
pop	progressive house	3	1474907.0
baile pop	brazilian rock	3	16306807.0
funk carioca	indie curitibano	3	494979.0
axe	pagode baiano	3	30599411.66666667
pop	puerto rican pop	3	13759226.0
pop	trap latino	3	13759226.0
baile pop	latin viral pop	2	2391876.5
funk carioca	latin viral pop	2	2391876.5
funk das antigas	latin viral pop	2	2391876.5
funk das antigas	rap latina	2	2391876.5
latin viral pop	pagode baiano	2	2391876.5
pagode baiano	rap latina	2	2391876.5
axe	forro	2	19244571.0
forro	mpb	2	19244571.0
mpb	sertanejo pop	2	19244571.0
mpb	sertanejo universitario	2	19244571.0
forro	pagode	2	19244571.0
big room	r&b	2	1225742.5
afrofuturismo brasileiro	funk das antigas	2	36003877.0
afrofuturismo brasileiro	pagode baiano	2	36003877.0
baile pop	rap baiano	2	19210437.5
alternative r&b	uk pop	2	6496739.0
canadian hip hop	dance pop	2	810289.5
dance pop	hip hop	2	810289.5
dance pop	toronto rap	2	810289.5
canadian hip hop	pop	2	810289.5
pop	toronto rap	2	810289.5
canadian pop	pop rap	2	810289.5
pop rap	toronto rap	2	810289.5
canadian hip hop	r&b	2	810289.5
canadian pop	r&b	2	810289.5
hip hop	r&b	2	810289.5
r&b	toronto rap	2	810289.5
canadian hip hop	rap	2	810289.5
canadian pop	rap	2	810289.5
rap	toronto rap	2	810289.5
brazilian edm	german dance	2	14674425.0
electro house	electro house	2	14674425.0
electro house	german dance	2	14674425.0
german dance	pop nacional	2	14674425.0
boy band	brazilian edm	2	14674425.0
boy band	pop nacional	2	14674425.0
boy band	dance pop	2	14674425.0
boy band	edm	2	14674425.0
edm	viral pop	2	14674425.0
boy band	german dance	2	14674425.0
dance pop	german dance	2	14674425.0
german dance	pop	2	14674425.0
german dance	post-teen pop	2	14674425.0
german dance	viral pop	2	14674425.0
tropical house	viral pop	2	14674425.0
dance pop	hollywood	2	33822017.5
hollywood	pop	2	33822017.5
hollywood	post-teen pop	2	33822017.5
album rock	dfw rap	2	1017283.5
album rock	melodic rap	2	1017283.5
birmingham metal	dfw rap	2	1017283.5
birmingham metal	melodic rap	2	1017283.5
dfw rap	hard rock	2	1017283.5
hard rock	melodic rap	2	1017283.5
dfw rap	metal	2	1017283.5
melodic rap	metal	2	1017283.5
dfw rap	rock	2	1017283.5
melodic rap	rock	2	1017283.5
baile pop	modern samba	2	3983976.0
funk carioca	modern samba	2	3983976.0
funk das antigas	modern samba	2	3983976.0
modern samba	pagode baiano	2	3983976.0
baroque pop	dance pop	2	1474480.0
baroque pop	post-teen pop	2	1474480.0
dance pop	emo	2	1474480.0
emo	post-teen pop	2	1474480.0
dance pop	modern rock	2	1474480.0
modern rock	post-teen pop	2	1474480.0
chicago rap	pop	2	595228.5
chicago rap	uk pop	2	595228.5
conscious hip hop	pop	2	595228.5
conscious hip hop	uk pop	2	595228.5
hip hop	uk pop	2	595228.5
chicago rap	melodic rap	2	595228.5
chicago rap	pop rap	2	595228.5
chicago rap	rap	2	595228.5
chicago rap	trap	2	595228.5
conscious hip hop	melodic rap	2	595228.5
conscious hip hop	pop rap	2	595228.5
conscious hip hop	rap	2	595228.5
conscious hip hop	trap	2	595228.5
hip hop	trap	2	595228.5
pop rap	trap	2	595228.5
melodic rap	uk pop	2	595228.5
trap	uk pop	2	595228.5
brazilian edm	canadian electronic	2	2756797.0
post-teen pop	viral pop	2	28489055.5
country	country rap	2	26663487.0
country	lgbtq+ hip hop	2	26663487.0
country	pop rap	2	26663487.0
country rap	country road	2	26663487.0
country road	lgbtq+ hip hop	2	26663487.0
country road	pop rap	2	26663487.0
latin	trap	2	3075709.5
reggaeton	trap	2	3075709.5
art pop	pop rap	2	4963681.5
brega romantico	funk carioca	2	1031795.0
brega romantico	funk ostentacao	2	1031795.0
forro	forro	2	3801111.0
dfw rap	melodic rap	2	8864951.0
melodic rap	melodic rap	2	8864951.0
baile pop	folk brasileiro	2	3659992.0
baile pop	portuguese pop	2	3659992.0
pop nacional	portuguese pop	2	18758052.5
brazilian edm	sertanejo	2	4227637.0
brostep	metropopolis	2	22458317.0
metropopolis	pop	2	22458317.0
metropopolis	progressive electro house	2	22458317.0
axe	samba reggae	2	15824217.5
funk carioca	samba reggae	2	15824217.5
pagode	samba reggae	2	15824217.5
pagode baiano	samba reggae	2	15824217.5
pop nacional	samba reggae	2	15824217.5
axe	sertanejo	2	17292001.5
pernambuco alternative	pop nacional	2	19376057.0
folk brasileiro	folk brasileiro	2	12935850.0
folk brasileiro	portuguese pop	2	12935850.0
funk das antigas	trap	2	2745633.5
pagode baiano	trap	2	2745633.5
brostep	pop	2	23014528.5
complextro	pop	2	1508725.0
electro house	pop rap	2	2058038.0
electro house	r&b	2	2058038.0
baile pop	brostep	2	1607234.0
baile pop	complextro	2	1607234.0
baile pop	electro	2	1607234.0
brostep	funk carioca	2	1607234.0
complextro	funk carioca	2	1607234.0
electro	funk carioca	2	1607234.0
baile pop	southern hip hop	2	1607234.0
baile pop	trap soul	2	1607234.0
funk carioca	r&b	2	1607234.0
funk carioca	southern hip hop	2	1607234.0
funk carioca	trap soul	2	1607234.0
edm	funk ostentacao	2	1607234.0
edm	hip hop	2	1607234.0
edm	southern hip hop	2	1607234.0
edm	trap soul	2	1607234.0
latin	underground hip hop	2	1326960.0
latin viral pop	underground hip hop	2	1326960.0
rap latina	underground hip hop	2	1326960.0
reggaeton	underground hip hop	2	1326960.0
deep pop r&b	underground hip hop	2	1326960.0
post-teen pop	underground hip hop	2	1326960.0
underground hip hop	video game music	2	1326960.0
k-pop	underground hip hop	2	1326960.0
baile pop	puerto rican pop	2	1779260.5
funk carioca	puerto rican pop	2	1779260.5
funk das antigas	puerto rican pop	2	1779260.5
pagode baiano	puerto rican pop	2	1779260.5
latin hip hop	reggaeton flow	2	3259556.0
puerto rican pop	reggaeton flow	2	2576522.5
puerto rican pop	trap latino	2	11296442.0
latin hip hop	trap latino	2	4583959.0
trap latino	tropical	2	4583959.0
pop rap	trap latino	2	9011240.0
rap	trap latino	2	9011240.0
latin	pop nacional	2	33856315.5
pop nacional	reggaeton	2	33856315.5
country rap	k-pop	2	769915.0
k-pop	lgbtq+ hip hop	2	769915.0
k-pop	pop rap	2	769915.0
canadian contemporary r&b	electro house	2	1522101.0
canadian pop	electro house	2	1522101.0
latin	latin pop	2	10159530.0
latin hip hop	pop rap	2	3467922.5
pop rap	pop reggaeton	2	3467922.5
pop rap	reggaeton flow	2	3467922.5
pop rap	tropical	2	3467922.5
electropop	latin	2	2310135.0
electropop	reggaeton	2	2310135.0
latin hip hop	post-teen pop	2	2310135.0
pop reggaeton	post-teen pop	2	2310135.0
post-teen pop	reggaeton flow	2	2310135.0
post-teen pop	tropical	2	2310135.0
brega funk	brega romantico	2	4997443.0
pop	pop rock	2	33318890.5
dfw rap	hip hop	2	1291380.5
brega funk	sertanejo pop	2	53225955.0
sertanejo	sertanejo	2	15629518.0
brega funk	pagode baiano	2	15905744.0
funk carioca	post-teen pop	2	5635811.0
edm	latin pop	2	5426779.5
funk das antigas	mpb	2	959468.0
hungarian rock	trap brasileiro	2	19044818.0
dance pop	k-pop	2	3758682.5
electropop	k-pop	2	3758682.5
k-pop	pop	2	3758682.5
dance pop	k-pop boy group	2	3758682.5
electropop	k-pop boy group	2	3758682.5
k-pop boy group	pop	2	3758682.5
k-pop boy group	post-teen pop	2	3758682.5
belo horizonte indie	nova mpb	2	26711666.0
baile pop	moombahton	2	1878667.5
brazilian rock	folk brasileiro	2	14955371.5
brazilian rock	portuguese pop	2	14955371.5
glam rock	rock	2	1447954.0
funk ostentacao	sertanejo pop	2	34408967.5
dance pop	hip pop	2	1714963.0
hip pop	pop	2	1714963.0
afrofuturismo brasileiro	dance pop	2	2508842.0
dance pop	r&b brasileiro	2	2508842.0
afrofuturismo brasileiro	pop rap	2	2508842.0
pop nacional	pop rap	2	2508842.0
pop rap	r&b brasileiro	2	2508842.0
r&b brasileiro	rap baiano	2	16979669.0
pop nacional	rap feminino nacional	2	21749747.5
brasilia hip hop	trap brasileiro	2	1796873.5
dance pop	uk dance	2	1080346.0
edm	uk pop	2	1474907.0
electro house	uk pop	2	1474907.0
house	uk pop	2	1474907.0
progressive house	uk pop	2	1474907.0
tropical house	uk pop	2	1474907.0
house	post-teen pop	2	1979462.0
canadian contemporary r&b	pop	2	1979462.0
post-teen pop	progressive house	2	1979462.0
post-teen pop	uk dance	2	1979462.0
r&b brasileiro	r&b brasileiro	2	6570539.0
dfw rap	pop	2	801956.0
dfw rap	southern hip hop	2	801956.0
melodic rap	southern hip hop	2	801956.0
rap	southern hip hop	2	801956.0
baile pop	r&b brasileiro	2	4626767.5
brazilian hip hop	indie curitibano	2	494979.0
brazilian hip hop	rap latina	2	494979.0
latin pop	tropical	2	9289005.5
funk bh	funk carioca	2	30965356.5
axe	funk das antigas	2	45315516.0
axe	pagode	2	1167203.0
baile pop	hip hop tuga	2	2404505.0
baile pop	mangue bit	2	2404505.0
dance pop	electronic trap	2	9192468.0
atl hip hop	dance pop	2	1051657.0
atl hip hop	pop	2	1051657.0
atl hip hop	post-teen pop	2	1051657.0
post-teen pop	trap	2	1051657.0
dance pop	melodic rap	2	1051657.0
melodic rap	post-teen pop	2	1051657.0
electropop	rap	2	549490.0
etherpop	rap	2	549490.0
indie poptimism	rap	2	549490.0
dance pop	puerto rican pop	2	13759226.0
dance pop	trap latino	2	13759226.0
brega romantico	forro	1	509004.0
cubaton	sertanejo universitario	1	735092.0
latin	sertanejo universitario	1	735092.0
latin hip hop	sertanejo universitario	1	735092.0
latin pop	sertanejo universitario	1	735092.0
sertanejo universitario	tropical	1	735092.0
atl trap	dfw rap	1	16201563.0
dfw rap	gangster rap	1	16201563.0
atl trap	melodic rap	1	16201563.0
gangster rap	melodic rap	1	16201563.0
atl trap	rap	1	16201563.0
gangster rap	rap	1	16201563.0
bachata	baile pop	1	2094930.0
bachata	funk carioca	1	2094930.0
bachata	funk das antigas	1	2094930.0
bachata	pagode baiano	1	2094930.0
detroit hip hop	funk das antigas	1	4929247.0
detroit hip hop	pagode baiano	1	4929247.0
afrofuturismo brasileiro	detroit hip hop	1	4929247.0
bass trap	detroit hip hop	1	4929247.0
detroit hip hop	electronic trap	1	4929247.0
detroit hip hop	pop nacional	1	4929247.0
brostep	electropop	1	494811.0
electropop	progressive electro house	1	494811.0
brostep	indie pop	1	494811.0
indie pop	pop	1	494811.0
indie pop	progressive electro house	1	494811.0
brostep	indie poptimism	1	494811.0
indie poptimism	pop	1	494811.0
indie poptimism	progressive electro house	1	494811.0
brostep	indietronica	1	494811.0
indietronica	pop	1	494811.0
indietronica	progressive electro house	1	494811.0
brostep	neo-synthpop	1	494811.0
neo-synthpop	pop	1	494811.0
neo-synthpop	progressive electro house	1	494811.0
brostep	shimmer pop	1	494811.0
pop	shimmer pop	1	494811.0
progressive electro house	shimmer pop	1	494811.0
samba reggae	sertanejo	1	30481232.0
baile pop	pernambuco alternative	1	19376057.0
pernambuco alternative	rap baiano	1	19376057.0
pernambuco alternative	trap brasileiro	1	19376057.0
brazilian edm	norwegian pop	1	28607397.0
electro house	norwegian pop	1	28607397.0
norwegian pop	pop nacional	1	28607397.0
brostep	funk das antigas	1	1607234.0
complextro	funk das antigas	1	1607234.0
electro	funk das antigas	1	1607234.0
brostep	pagode baiano	1	1607234.0
complextro	pagode baiano	1	1607234.0
electro	pagode baiano	1	1607234.0
funk das antigas	r&b	1	1607234.0
funk das antigas	southern hip hop	1	1607234.0
funk das antigas	trap soul	1	1607234.0
pagode baiano	r&b	1	1607234.0
pagode baiano	southern hip hop	1	1607234.0
pagode baiano	trap soul	1	1607234.0
brostep	funk ostentacao	1	1607234.0
complextro	funk ostentacao	1	1607234.0
electro	funk ostentacao	1	1607234.0
electro house	funk ostentacao	1	1607234.0
bass trap	funk ostentacao	1	1607234.0
electronic trap	funk ostentacao	1	1607234.0
funk ostentacao	hip hop	1	1607234.0
funk ostentacao	pop	1	1607234.0
funk ostentacao	pop rap	1	1607234.0
funk ostentacao	r&b	1	1607234.0
funk ostentacao	southern hip hop	1	1607234.0
funk ostentacao	trap	1	1607234.0
funk ostentacao	trap soul	1	1607234.0
bass trap	brostep	1	1607234.0
brostep	edm	1	1607234.0
brostep	electronic trap	1	1607234.0
bass trap	complextro	1	1607234.0
complextro	edm	1	1607234.0
complextro	electronic trap	1	1607234.0
bass trap	edm	1	1607234.0
edm	edm	1	1607234.0
edm	electronic trap	1	1607234.0
bass trap	electro	1	1607234.0
edm	electro	1	1607234.0
electro	electronic trap	1	1607234.0
bass trap	electro house	1	1607234.0
electro house	electronic trap	1	1607234.0
brostep	hip hop	1	1607234.0
brostep	pop rap	1	1607234.0
brostep	r&b	1	1607234.0
brostep	southern hip hop	1	1607234.0
brostep	trap	1	1607234.0
brostep	trap soul	1	1607234.0
complextro	hip hop	1	1607234.0
complextro	pop rap	1	1607234.0
complextro	r&b	1	1607234.0
complextro	southern hip hop	1	1607234.0
complextro	trap	1	1607234.0
complextro	trap soul	1	1607234.0
electro	hip hop	1	1607234.0
electro	pop	1	1607234.0
electro	pop rap	1	1607234.0
electro	r&b	1	1607234.0
electro	southern hip hop	1	1607234.0
electro	trap	1	1607234.0
electro	trap soul	1	1607234.0
electro house	hip hop	1	1607234.0
electro house	southern hip hop	1	1607234.0
electro house	trap	1	1607234.0
electro house	trap soul	1	1607234.0
bass trap	hip hop	1	1607234.0
bass trap	pop	1	1607234.0
bass trap	pop rap	1	1607234.0
bass trap	r&b	1	1607234.0
bass trap	southern hip hop	1	1607234.0
bass trap	trap	1	1607234.0
bass trap	trap soul	1	1607234.0
electronic trap	hip hop	1	1607234.0
electronic trap	r&b	1	1607234.0
electronic trap	southern hip hop	1	1607234.0
electronic trap	trap soul	1	1607234.0
deep pop r&b	latin	1	1326960.0
deep pop r&b	latin viral pop	1	1326960.0
latin viral pop	post-teen pop	1	1326960.0
deep pop r&b	rap latina	1	1326960.0
post-teen pop	rap latina	1	1326960.0
deep pop r&b	reggaeton	1	1326960.0
latin	video game music	1	1326960.0
latin viral pop	video game music	1	1326960.0
rap latina	video game music	1	1326960.0
reggaeton	video game music	1	1326960.0
k-pop	latin	1	1326960.0
k-pop	latin viral pop	1	1326960.0
k-pop	rap latina	1	1326960.0
k-pop	reggaeton	1	1326960.0
underground hip hop	underground hip hop	1	1326960.0
deep pop r&b	video game music	1	1326960.0
post-teen pop	video game music	1	1326960.0
deep pop r&b	k-pop	1	1326960.0
k-pop	video game music	1	1326960.0
baile pop	trap latino	1	2989435.0
funk carioca	trap latino	1	2989435.0
funk das antigas	trap latino	1	2989435.0
pagode baiano	trap latino	1	2989435.0
reggaeton flow	trap latino	1	4583959.0
trap latino	trap latino	1	4583959.0
latin hip hop	puerto rican pop	1	4583959.0
canadian hip hop	latin	1	4263254.0
canadian pop	latin	1	4263254.0
hip hop	latin	1	4263254.0
latin	toronto rap	1	4263254.0
canadian hip hop	reggaeton	1	4263254.0
canadian pop	reggaeton	1	4263254.0
hip hop	reggaeton	1	4263254.0
reggaeton	toronto rap	1	4263254.0
canadian hip hop	trap latino	1	4263254.0
canadian pop	trap latino	1	4263254.0
hip hop	trap latino	1	4263254.0
toronto rap	trap latino	1	4263254.0
afrofuturismo brasileiro	latin	1	67078507.0
bass trap	latin	1	67078507.0
afrofuturismo brasileiro	reggaeton	1	67078507.0
bass trap	reggaeton	1	67078507.0
country rap	k-pop boy group	1	769915.0
k-pop boy group	lgbtq+ hip hop	1	769915.0
k-pop boy group	pop rap	1	769915.0
k-hop	k-pop	1	769915.0
k-pop	k-pop	1	769915.0
k-hop	k-pop boy group	1	769915.0
k-pop	k-pop boy group	1	769915.0
country rap	k-hop	1	769915.0
k-hop	lgbtq+ hip hop	1	769915.0
k-hop	pop rap	1	769915.0
canadian contemporary r&b	destroy techno	1	1064740.0
canadian pop	destroy techno	1	1064740.0
destroy techno	pop	1	1064740.0
dance pop	nc hip hop	1	1453134.0
nc hip hop	pop	1	1453134.0
nc hip hop	post-teen pop	1	1453134.0
edm	eurodance	1	23277170.0
edm	europop	1	23277170.0
edm	italo dance	1	23277170.0
eurodance	tropical house	1	23277170.0
europop	tropical house	1	23277170.0
italo dance	tropical house	1	23277170.0
brazilian edm	uk dance	1	19073909.0
electro house	uk dance	1	19073909.0
pop nacional	uk dance	1	19073909.0
brazilian edm	pop house	1	19073909.0
electro house	pop house	1	19073909.0
pop house	pop nacional	1	19073909.0
boy band	electropop	1	1157317.0
canadian pop	electropop	1	5606513.0
dance pop	neo soul	1	6398013.0
edm	neo soul	1	6398013.0
electro house	neo soul	1	6398013.0
house	neo soul	1	6398013.0
neo soul	pop	1	6398013.0
neo soul	progressive house	1	6398013.0
neo soul	tropical house	1	6398013.0
neo soul	uk dance	1	6398013.0
latin	pop reggaeton	1	2310135.0
pop reggaeton	reggaeton	1	2310135.0
electropop	latin hip hop	1	2310135.0
electropop	latin pop	1	2310135.0
electropop	pop reggaeton	1	2310135.0
electropop	reggaeton flow	1	2310135.0
electropop	tropical	1	2310135.0
brega romantico	funk das antigas	1	1554586.0
pop rap	pop rock	1	22215958.0
pop rock	rap	1	22215958.0
brega funk	sertanejo	1	31391643.0
brega funk	sertanejo universitario	1	31391643.0
baile pop	uk pop	1	6227849.0
funk carioca	uk pop	1	6227849.0
funk das antigas	post-teen pop	1	6227849.0
funk das antigas	uk pop	1	6227849.0
pagode baiano	post-teen pop	1	6227849.0
pagode baiano	uk pop	1	6227849.0
baile pop	mexican pop	1	6227849.0
funk carioca	mexican pop	1	6227849.0
funk das antigas	mexican pop	1	6227849.0
mexican pop	pagode baiano	1	6227849.0
dance pop	mexican pop	1	6227849.0
edm	mexican pop	1	6227849.0
mexican pop	pop	1	6227849.0
mexican pop	pop rap	1	6227849.0
mexican pop	post-teen pop	1	6227849.0
latin	tropical house	1	6227849.0
latin pop	tropical house	1	6227849.0
mexican pop	tropical house	1	6227849.0
latin	uk pop	1	6227849.0
latin pop	uk pop	1	6227849.0
mexican pop	uk pop	1	6227849.0
baile pop	hungarian rock	1	19044818.0
hungarian rock	pop nacional	1	19044818.0
hungarian rock	rap baiano	1	19044818.0
etherpop	k-pop	1	7004411.0
indie poptimism	k-pop	1	7004411.0
etherpop	k-pop boy group	1	7004411.0
indie poptimism	k-pop boy group	1	7004411.0
baile pop	belo horizonte indie	1	499228.0
belo horizonte indie	funk carioca	1	499228.0
belo horizonte indie	pop nacional	1	499228.0
forro	funk das antigas	1	7796532.0
forro	pagode baiano	1	7796532.0
folk brasileiro	sertanejo universitario	1	31498173.0
nova mpb	sertanejo universitario	1	31498173.0
portuguese pop	sertanejo universitario	1	31498173.0
funk carioca	moombahton	1	1248493.0
funk das antigas	moombahton	1	1248493.0
moombahton	pagode baiano	1	1248493.0
afrofuturismo brasileiro	funk bh	1	636909.0
brazilian hip hop	funk bh	1	636909.0
album rock	glam rock	1	1447954.0
album rock	rock	1	1447954.0
art rock	glam rock	1	1447954.0
art rock	rock	1	1447954.0
classic rock	glam rock	1	1447954.0
classic rock	rock	1	1447954.0
dance rock	glam rock	1	1447954.0
dance rock	rock	1	1447954.0
glam rock	glam rock	1	1447954.0
glam rock	permanent wave	1	1447954.0
permanent wave	rock	1	1447954.0
glam rock	protopunk	1	1447954.0
protopunk	rock	1	1447954.0
rock	rock	1	1447954.0
candy pop	k-pop	1	512954.0
k-pop	metropopolis	1	512954.0
k-pop	tropical house	1	512954.0
candy pop	k-pop boy group	1	512954.0
k-pop boy group	metropopolis	1	512954.0
k-pop boy group	tropical house	1	512954.0
afrofuturismo brasileiro	hip pop	1	2508842.0
baile pop	hip pop	1	2508842.0
hip pop	pop nacional	1	2508842.0
hip pop	r&b brasileiro	1	2508842.0
afrofuturismo brasileiro	post-teen pop	1	2508842.0
post-teen pop	r&b brasileiro	1	2508842.0
afrofuturismo brasileiro	r&b	1	2508842.0
pop nacional	r&b	1	2508842.0
r&b	r&b brasileiro	1	2508842.0
afrofuturismo brasileiro	rap	1	2508842.0
pop nacional	rap	1	2508842.0
r&b brasileiro	rap	1	2508842.0
afrofuturismo brasileiro	urban contemporary	1	2508842.0
baile pop	urban contemporary	1	2508842.0
pop nacional	urban contemporary	1	2508842.0
r&b brasileiro	urban contemporary	1	2508842.0
dance pop	moombahton	1	2508842.0
edm	hip pop	1	2508842.0
electro house	hip pop	1	2508842.0
hip pop	moombahton	1	2508842.0
hip pop	pop rap	1	2508842.0
hip pop	tropical house	1	2508842.0
moombahton	pop	1	2508842.0
moombahton	pop rap	1	2508842.0
pop rap	tropical house	1	2508842.0
moombahton	post-teen pop	1	2508842.0
moombahton	r&b	1	2508842.0
electro house	rap	1	2508842.0
moombahton	rap	1	2508842.0
rap	tropical house	1	2508842.0
dance pop	urban contemporary	1	2508842.0
edm	urban contemporary	1	2508842.0
electro house	urban contemporary	1	2508842.0
moombahton	urban contemporary	1	2508842.0
pop	urban contemporary	1	2508842.0
pop rap	urban contemporary	1	2508842.0
tropical house	urban contemporary	1	2508842.0
afrofuturismo brasileiro	edm	1	2508842.0
afrofuturismo brasileiro	electro house	1	2508842.0
afrofuturismo brasileiro	moombahton	1	2508842.0
afrofuturismo brasileiro	tropical house	1	2508842.0
moombahton	pop nacional	1	2508842.0
edm	r&b brasileiro	1	2508842.0
electro house	r&b brasileiro	1	2508842.0
moombahton	r&b brasileiro	1	2508842.0
r&b brasileiro	tropical house	1	2508842.0
brasilia hip hop	r&b brasileiro	1	3122594.0
brasilia hip hop	rap feminino nacional	1	3122594.0
rap baiano	rap feminino nacional	1	3122594.0
rap feminino nacional	trap brasileiro	1	3122594.0
brasilia hip hop	funk ostentacao	1	3122594.0
brasilia hip hop	rap baiano	1	3122594.0
brasilia hip hop	pop nacional	1	3122594.0
house	uk dance	1	1190340.0
tropical house	uk dance	1	1190340.0
uk dance	uk dance	1	1190340.0
dance pop	pop house	1	1190340.0
house	pop house	1	1190340.0
pop	pop house	1	1190340.0
pop house	pop house	1	1190340.0
pop house	tropical house	1	1190340.0
pop house	uk pop	1	1190340.0
brazilian hip hop	g funk	1	58709299.0
brazilian hip hop	gangster rap	1	58709299.0
brazilian hip hop	hip hop	1	58709299.0
brazilian hip hop	pop rap	1	58709299.0
brazilian hip hop	rap	1	58709299.0
brazilian hip hop	west coast rap	1	58709299.0
canadian pop	contemporary country	1	664268.0
contemporary country	pop	1	664268.0
contemporary country	post-teen pop	1	664268.0
canadian contemporary r&b	dance pop	1	1979462.0
canadian contemporary r&b	edm	1	1979462.0
canadian pop	edm	1	1979462.0
canadian contemporary r&b	house	1	1979462.0
canadian pop	house	1	1979462.0
canadian contemporary r&b	progressive house	1	1979462.0
canadian pop	progressive house	1	1979462.0
canadian contemporary r&b	tropical house	1	1979462.0
canadian pop	tropical house	1	1979462.0
canadian contemporary r&b	uk dance	1	1979462.0
canadian pop	uk dance	1	1979462.0
canadian contemporary r&b	post-teen pop	1	1979462.0
canadian contemporary r&b	uk pop	1	1979462.0
brazilian rock	mpb	1	30209109.0
mpb	mpb	1	30209109.0
brazilian hip hop	brazilian rock	1	2852882.0
brazilian rock	r&b brasileiro	1	2852882.0
canadian hip hop	funk carioca	1	11090282.0
canadian pop	funk carioca	1	11090282.0
funk carioca	toronto rap	1	11090282.0
dfw rap	nc hip hop	1	570811.0
melodic rap	nc hip hop	1	570811.0
nc hip hop	rap	1	570811.0
electro house	sertanejo pop	1	7196497.0
electro house	sertanejo universitario	1	7196497.0
axe	brazilian edm	1	8686169.0
r&b brasileiro	sertanejo	1	19282770.0
alternative r&b	dance pop	1	513751.0
dance pop	deep pop r&b	1	513751.0
dance pop	indie r&b	1	513751.0
deep pop r&b	pop	1	513751.0
indie r&b	pop	1	513751.0
alternative r&b	post-teen pop	1	513751.0
deep pop r&b	post-teen pop	1	513751.0
indie r&b	post-teen pop	1	513751.0
baile pop	candy pop	1	5043773.0
candy pop	funk carioca	1	5043773.0
candy pop	pop nacional	1	5043773.0
baile pop	electropop	1	5043773.0
electropop	funk carioca	1	5043773.0
electropop	pop nacional	1	5043773.0
baile pop	metropopolis	1	5043773.0
funk carioca	metropopolis	1	5043773.0
metropopolis	pop nacional	1	5043773.0
brazilian edm	new french touch	1	1052006.0
electro house	new french touch	1	1052006.0
new french touch	pop nacional	1	1052006.0
brazilian hip hop	nova mpb	1	4422343.0
nova mpb	trap brasileiro	1	4422343.0
electropop	electropop	1	2396301.0
electropop	tropical house	1	2396301.0
dance pop	queens hip hop	1	921084.0
dance pop	girl group	1	921084.0
girl group	hip pop	1	921084.0
girl group	pop	1	921084.0
girl group	pop rap	1	921084.0
girl group	post-teen pop	1	921084.0
girl group	queens hip hop	1	921084.0
pop	queens hip hop	1	921084.0
hip pop	post-teen pop	1	921084.0
post-teen pop	queens hip hop	1	921084.0
dance pop	talent show	1	921084.0
hip pop	talent show	1	921084.0
pop	talent show	1	921084.0
pop rap	talent show	1	921084.0
post-teen pop	talent show	1	921084.0
queens hip hop	talent show	1	921084.0
hip pop	uk pop	1	921084.0
queens hip hop	uk pop	1	921084.0
latin	latin viral pop	1	966425.0
latin viral pop	reggaeton	1	966425.0
latin	rap latina	1	966425.0
rap latina	reggaeton	1	966425.0
dfw rap	r&b	1	1054422.0
dfw rap	trap soul	1	1054422.0
melodic rap	r&b	1	1054422.0
melodic rap	trap soul	1	1054422.0
rap	trap soul	1	1054422.0
afrofuturismo brasileiro	afrofuturismo brasileiro	1	494979.0
afrofuturismo brasileiro	indie curitibano	1	494979.0
afrofuturismo brasileiro	r&b brasileiro	1	494979.0
afrofuturismo brasileiro	rap feminino nacional	1	494979.0
afrofuturismo brasileiro	rap latina	1	494979.0
baile pop	indie curitibano	1	494979.0
baile pop	rap feminino nacional	1	494979.0
brazilian edm	indie curitibano	1	494979.0
funk ostentacao	indie curitibano	1	494979.0
brazilian edm	rap latina	1	494979.0
funk ostentacao	rap latina	1	494979.0
baile pop	bossa nova	1	1103917.0
baile pop	samba	1	1103917.0
baile pop	samba de roda	1	1103917.0
bossa nova	funk carioca	1	1103917.0
funk carioca	samba	1	1103917.0
funk carioca	samba de roda	1	1103917.0
bossa nova	funk das antigas	1	1103917.0
funk das antigas	samba	1	1103917.0
funk das antigas	samba de roda	1	1103917.0
bossa nova	pagode baiano	1	1103917.0
pagode baiano	samba	1	1103917.0
pagode baiano	samba de roda	1	1103917.0
baile pop	deep funk ostentacao	1	1353504.0
deep funk ostentacao	funk carioca	1	1353504.0
colombian pop	pop nacional	1	634124.0
pop nacional	pop reggaeton	1	634124.0
baile pop	dominican pop	1	569086.0
dominican pop	funk carioca	1	569086.0
dominican pop	funk das antigas	1	569086.0
dominican pop	pagode baiano	1	569086.0
dominican pop	latin	1	569086.0
dominican pop	latin pop	1	569086.0
dominican pop	puerto rican pop	1	569086.0
dominican pop	tropical	1	569086.0
latin pop	reggaeton flow	1	569086.0
tropical	tropical	1	569086.0
complextro	dance pop	1	1410216.0
dance pop	german techno	1	1410216.0
german techno	pop	1	1410216.0
complextro	post-teen pop	1	1410216.0
german techno	post-teen pop	1	1410216.0
nova mpb	pagode	1	2414530.0
funk bh	funk ostentacao	1	59406303.0
brasilia hip hop	sertanejo	1	6187710.0
axe	axe	1	1167203.0
axe	mpb	1	1167203.0
mpb	pagode	1	1167203.0
latin	musica canaria	1	496801.0
musica canaria	reggaeton	1	496801.0
musica canaria	r&b en espanol	1	496801.0
latin	r&b en espanol	1	496801.0
r&b en espanol	reggaeton	1	496801.0
afrofuturismo brasileiro	transpop	1	2404505.0
brazilian hip hop	transpop	1	2404505.0
brazilian rock	transpop	1	2404505.0
funk ostentacao	transpop	1	2404505.0
hip hop tuga	transpop	1	2404505.0
mangue bit	transpop	1	2404505.0
afrofuturismo brasileiro	pop nacional	1	2404505.0
brazilian rock	funk carioca	1	2404505.0
funk carioca	hip hop tuga	1	2404505.0
hip hop tuga	pop nacional	1	2404505.0
funk carioca	mangue bit	1	2404505.0
mangue bit	pop nacional	1	2404505.0
baile pop	transpop	1	2404505.0
funk carioca	transpop	1	2404505.0
pop nacional	transpop	1	2404505.0
dance pop	house	1	970352.0
dance pop	progressive house	1	970352.0
chicago house	deep tropical house	1	13375761.0
baile pop	instrumental funk	1	11820102.0
baile pop	modern reggae	1	11820102.0
funk carioca	instrumental funk	1	11820102.0
funk carioca	modern reggae	1	11820102.0
funk das antigas	instrumental funk	1	11820102.0
funk das antigas	modern reggae	1	11820102.0
instrumental funk	pagode baiano	1	11820102.0
modern reggae	pagode baiano	1	11820102.0
latin pop	trap latino	1	18008925.0
r&b brasileiro	rap feminino nacional	1	10288196.0
baile pop	dancehall	1	4625710.0
dancehall	funk carioca	1	4625710.0
dancehall	funk das antigas	1	4625710.0
dancehall	pagode baiano	1	4625710.0
baile pop	pop reggaeton	1	4625710.0
funk carioca	pop reggaeton	1	4625710.0
funk das antigas	pop reggaeton	1	4625710.0
pagode baiano	pop reggaeton	1	4625710.0
dance pop	dancehall	1	4625710.0
dancehall	edm	1	4625710.0
dancehall	electronic trap	1	4625710.0
dancehall	pop	1	4625710.0
edm	latin hip hop	1	4625710.0
edm	pop reggaeton	1	4625710.0
edm	reggaeton flow	1	4625710.0
edm	tropical	1	4625710.0
electronic trap	latin hip hop	1	4625710.0
electronic trap	latin pop	1	4625710.0
electronic trap	pop reggaeton	1	4625710.0
electronic trap	reggaeton flow	1	4625710.0
electronic trap	tropical	1	4625710.0
dancehall	latin	1	4625710.0
dancehall	latin hip hop	1	4625710.0
dancehall	latin pop	1	4625710.0
dancehall	pop reggaeton	1	4625710.0
dancehall	reggaeton	1	4625710.0
dancehall	reggaeton flow	1	4625710.0
dancehall	tropical	1	4625710.0
atl hip hop	electropop	1	549490.0
atl hip hop	etherpop	1	549490.0
atl hip hop	indie poptimism	1	549490.0
electropop	pop rap	1	549490.0
etherpop	pop rap	1	549490.0
indie poptimism	pop rap	1	549490.0
dance pop	southern hip hop	1	549490.0
electropop	southern hip hop	1	549490.0
etherpop	southern hip hop	1	549490.0
indie poptimism	southern hip hop	1	549490.0
pop	southern hip hop	1	549490.0
post-teen pop	southern hip hop	1	549490.0
electropop	trap	1	549490.0
etherpop	trap	1	549490.0
indie poptimism	trap	1	549490.0
dance pop	dfw rap	1	549490.0
dfw rap	electropop	1	549490.0
electropop	melodic rap	1	549490.0
dfw rap	etherpop	1	549490.0
etherpop	melodic rap	1	549490.0
dfw rap	indie poptimism	1	549490.0
indie poptimism	melodic rap	1	549490.0
dfw rap	post-teen pop	1	549490.0
dark trap	pop rap	1	29909449.0
pop rap	vapor trap	1	29909449.0
reggaeton flow	reggaeton flow	1	1935153.0
brostep	modern rock	1	44421823.0
modern rock	progressive electro house	1	44421823.0
pop	progressive electro house	1	44421823.0
brostep	pop rock	1	44421823.0
pop rock	progressive electro house	1	44421823.0
atl trap	dance pop	1	1553824.0
dance pop	gangster rap	1	1553824.0
atl trap	pop	1	1553824.0
gangster rap	pop	1	1553824.0
atl trap	post-teen pop	1	1553824.0
gangster rap	post-teen pop	1	1553824.0
alternative r&b	house	1	489430.0
alternative r&b	tropical house	1	489430.0
alternative r&b	uk dance	1	489430.0
post-teen pop	r&b	1	21400775.0
r&b	uk pop	1	21400775.0
brazilian edm	folk brasileiro	1	46876347.0
folk brasileiro	funk carioca	1	46876347.0
brazilian edm	portuguese pop	1	46876347.0
funk carioca	portuguese pop	1	46876347.0
baile pop	big room	1	1836138.0
big room	funk carioca	1	1836138.0
big room	funk das antigas	1	1836138.0
big room	pagode baiano	1	1836138.0
baile pop	progressive electro house	1	1836138.0
funk carioca	progressive electro house	1	1836138.0
funk das antigas	progressive electro house	1	1836138.0
pagode baiano	progressive electro house	1	1836138.0
baile pop	progressive house	1	1836138.0
funk carioca	progressive house	1	1836138.0
funk das antigas	progressive house	1	1836138.0
pagode baiano	progressive house	1	1836138.0
pop rap	puerto rican pop	1	13759226.0
puerto rican pop	rap	1	13759226.0
edm	puerto rican pop	1	13759226.0
edm	trap latino	1	13759226.0
electronic trap	puerto rican pop	1	13759226.0
electronic trap	trap latino	1	13759226.0
electronic trap	post-teen pop	1	13759226.0
post-teen pop	puerto rican pop	1	13759226.0
post-teen pop	trap latino	1	13759226.0
latin	reggae fusion	1	1004167.0
latin hip hop	reggae fusion	1	1004167.0
reggae fusion	reggaeton	1	1004167.0
reggae fusion	tropical	1	1004167.0
