artist_1	artist_2	count	song_ids
Bad Bunny	J Balvin	10	['7alOsNr36sJ8CyOEP4aILq', '71pEiUWwfDFiRO6RmFpnBf', '0uIfrUwwg0Z7KTitul7E3T', '25ZAibhr3bdlMCLmubZDVt', '7knLcYCOSaURD0d7HUULFM', '7hynhxDoDpgMIV12JuVtNa', '58q2HKrzhC3ozto2nDdN4z', '4R8BJggjosTswLxtkw8V7P', '0fea68AdmYNygeTGI4RC18', '6SYSu569pfYdkDT9A5lZqi']
Dreamville	J. Cole	8	['7wTA0NKIm6T7nP2kaymU2a', '3pZO6GoVPeSYDxxsH6vCdj', '2DjLLLV2r88a8TO0hVTVrS', '36J0iaPDGbYGsHvYpaYs3k', '6MF4tRr5lU8qok8IKaFOBE', '4eqrNsKy9Mvg1fvfsTVIAE', '1KbCc89SxYma4BnBChkJBs', '7wxDKfgFtRTbupcG4xDhtj']
Gunna	Young Thug	7	['2U3LJfQB0ALLxC7Yy0QW7l', '56AMYGJzxBO6p8v0wEe9de', '4ea9w8c4ROqiZpJVhfBA3m', '6igOR5QCn09zAVF2ikZjsV', '4bi9YrkOvmg4Eb7h00AW2c', '5Z8HZM6iQMhhqyPcCGY5g9', '2OaKHGvIxoOzIYjyMsxcT8']
Dreamville	JID	7	['3QBnJDkME3teXvf52Sfslk', '2gtFMLjQpCTGekMi4oXZxN', '2DjLLLV2r88a8TO0hVTVrS', '36J0iaPDGbYGsHvYpaYs3k', '5WnfnSpuNEGXyEt78PBA6d', '4eqrNsKy9Mvg1fvfsTVIAE', '1KbCc89SxYma4BnBChkJBs']
Dreamville	EARTHGANG	6	['7wTA0NKIm6T7nP2kaymU2a', '2gtFMLjQpCTGekMi4oXZxN', '36J0iaPDGbYGsHvYpaYs3k', '03XfngWwNfhEjrnEga73Rg', '4eqrNsKy9Mvg1fvfsTVIAE', '1KbCc89SxYma4BnBChkJBs']
Travis Scott	Young Thug	5	['4ea9w8c4ROqiZpJVhfBA3m', '56AMYGJzxBO6p8v0wEe9de', '7DcvwMAiqKJQD1rrdfxSDx', '3RZftiuTcLOqpsd8ZlwNhr', '3s4mrPrEFFPF0LmAfutW0n']
Bas	Dreamville	5	['4ChD9wq9iakg5UdeSzmgPE', '7dnSXaCjLdFiWZa8s5wP1n', '36J0iaPDGbYGsHvYpaYs3k', '5WnfnSpuNEGXyEt78PBA6d', '4eqrNsKy9Mvg1fvfsTVIAE']
Tyga	YG	5	['1kK6DwzyXJSp58u5HYWwuD', '51wFQM8W0YfXTmHusXUr5i', '3SZqA7rQvROJsCbUu2v0xa', '3O7lxdQoe1aNWs93VSHsJg', '0EzRnjtN5ER0wu1IudNom8']
Lil Baby	Meek Mill	4	['0hGH0S74Eoyv6mXZcOKtdQ', '6xVhqLT40s5sVhepe9Mckc', '4U6ubKsTd8RBDP5tPPhh7I', '12Fkyg9lpmaz2zmKOfw2Y2']
Post Malone	Swae Lee	4	['7dbka99KTWke5o9hRp0JoB', '0RiRZpuVRbi7oqRdSMwhQY', '3KkXRkHbMCARz0aVfEt68P', '4VqTRBvYg0z8C4nsl4Hupy']
EARTHGANG	J. Cole	4	['1KbCc89SxYma4BnBChkJBs', '4eqrNsKy9Mvg1fvfsTVIAE', '36J0iaPDGbYGsHvYpaYs3k', '7wTA0NKIm6T7nP2kaymU2a']
Gunna	Lil Baby	4	['78QR3Wp35dqAhFEc2qAGjE', '6wWaVoUOzLQJHd3bWAUpdZ', '0mOp9tWdCRHfYwwVaO8ezw', '6KCt9V6Lev0M04rFUj8ANC']
Buddy	Dreamville	4	['4ChD9wq9iakg5UdeSzmgPE', '5WnfnSpuNEGXyEt78PBA6d', '1KbCc89SxYma4BnBChkJBs', '2gtFMLjQpCTGekMi4oXZxN']
J Balvin	Tyga	4	['1jlnBQGP2DtSEhMgQaz7a7', '6osaMSJh9NguagEDQcZaKx', '1f38Gx6xQz6r4H1jGVNBJo', '1fBXSMOusjaj7GjzErHmUI']
EARTHGANG	JID	4	['4eqrNsKy9Mvg1fvfsTVIAE', '36J0iaPDGbYGsHvYpaYs3k', '1KbCc89SxYma4BnBChkJBs', '2gtFMLjQpCTGekMi4oXZxN']
J. Cole	JID	4	['2DjLLLV2r88a8TO0hVTVrS', '4eqrNsKy9Mvg1fvfsTVIAE', '36J0iaPDGbYGsHvYpaYs3k', '1KbCc89SxYma4BnBChkJBs']
Darell	Nicky Jam	3	['3V8UKqhEK5zBkBb6d6ub8i', '4lzxJ4jCuFDXXGkE1LmpKR', '4bTZeO72FwMa6wKOiqoynL']
Nicky Jam	Ozuna	3	['3V8UKqhEK5zBkBb6d6ub8i', '4bTZeO72FwMa6wKOiqoynL', '6v0lAdFF4haL8xjBIUjtOw']
Aloe Blacc	Avicii	3	['6nDKrPlXdpomGBgAlO7UdP', '2x0RZdkZcD8QRI53XT4GI5', '0n2nEtLP3OzDdi12ziIekx']
Dreamville	Young Nudy	3	['4eqrNsKy9Mvg1fvfsTVIAE', '36J0iaPDGbYGsHvYpaYs3k', '3pZO6GoVPeSYDxxsH6vCdj']
J. Cole	Young Nudy	3	['4eqrNsKy9Mvg1fvfsTVIAE', '36J0iaPDGbYGsHvYpaYs3k', '3pZO6GoVPeSYDxxsH6vCdj']
Eminem	Logic	3	['0Lw6aQcBFWTQ9m4MSwwwes', '2MuMD298IpYqKF367wegUd', '7M2tXmeS15NAzEn7ABFeBg']
Juice WRLD	Lil Tecca	3	['5DSfqrLkUHLZ9bW0SS3rVy', '0DZJACISivjWjscIp5Kg1q', '2WsuSYJNXGKXVYkHPnq2yp']
Anuel AA	Ozuna	3	['2ksOAxtIxY8yElEWw8RhgK', '3jbT1Y5MoPwEIpZndDDwVq', '4bTZeO72FwMa6wKOiqoynL']
5 Seconds of Summer	The Chainsmokers	3	['11cDEev79fPKi6uJCjUhu8', '7ql71hBakyMi0Lxiq3Mugs', '5QiNbIilmMiMBXvaAlf7lN']
Bas	JID	3	['5WnfnSpuNEGXyEt78PBA6d', '4eqrNsKy9Mvg1fvfsTVIAE', '36J0iaPDGbYGsHvYpaYs3k']
Buddy	Guapdad 4000	3	['4ChD9wq9iakg5UdeSzmgPE', '5WnfnSpuNEGXyEt78PBA6d', '2gtFMLjQpCTGekMi4oXZxN']
Buddy	JID	3	['5WnfnSpuNEGXyEt78PBA6d', '1KbCc89SxYma4BnBChkJBs', '2gtFMLjQpCTGekMi4oXZxN']
Dreamville	Guapdad 4000	3	['4ChD9wq9iakg5UdeSzmgPE', '5WnfnSpuNEGXyEt78PBA6d', '2gtFMLjQpCTGekMi4oXZxN']
Blueface	YG	3	['0EzRnjtN5ER0wu1IudNom8', '1JkrD47SDpAbyvqKtolcea', '4EnEGf9JzAJhF1XNY9DJcD']
Travis Barker	YUNGBLUD	3	['4mGdjNMo0RonTlOEb7cYg4', '6bWBLZLBRQEJ5KsLicouNB', '2gTdDMpNxIRFSiu7HutMCg']
DJ Snake	J Balvin	3	['6osaMSJh9NguagEDQcZaKx', '1f38Gx6xQz6r4H1jGVNBJo', '1fBXSMOusjaj7GjzErHmUI']
DJ Snake	Tyga	3	['6osaMSJh9NguagEDQcZaKx', '1f38Gx6xQz6r4H1jGVNBJo', '1fBXSMOusjaj7GjzErHmUI']
Brendon Urie	Taylor Swift	3	['4MsUsFfWseB9M2plGJyuIw', '2Rk4JlNc2TPmZe2af99d45', '4Sib57MmYGJzSvkW84jTwh']
Landon Cube	Lil Skies	3	['3ZhTT6yjZwpPph5MIJ53XY', '0Goo25lbtpwor5vb0K2r21', '2u7mxWSeoqTXndK5e08jMp']
Post Malone	Travis Scott	3	['4Yq3XUNfWrAPWuB94qkC09', '0b6UoVjUzFyZNpHI0aAhKt', '7CZyCXKG6d5ALeq41sLzbw']
PnB Rock	XXXTENTACION	3	['4AEzAEnbm9uRgbmTdeI63K', '69dXVFCMiz3SL1L7M24NdX', '03eJ2DclFWXYU8GWgANdmZ']
Trippie Redd	XXXTENTACION	3	['7AQim7LbvFVZJE3O8TYgf2', '69dXVFCMiz3SL1L7M24NdX', '03eJ2DclFWXYU8GWgANdmZ']
Rich The Kid	Tory Lanez	3	['2VGD6mGeuv6aORaU0vKsHB', '51w9Jbat1pLeWINGCpnQUR', '7cWmR9RLLMY6bj28q4bhvz']
Drake	Rick Ross	3	['1rX5L6pyl3rVWb55D8Cprr', '5ry2OE6R2zPQFDO85XkgRb', '4aPB8rSxGFISs0o6V2LrTy']
Cozz	Dreamville	3	['4ChD9wq9iakg5UdeSzmgPE', '1OS9fNE87zO4Z696lBXriv', '1KbCc89SxYma4BnBChkJBs']
DaBaby	Lil Baby	3	['2nKYHpmwjLaEOXS3o7QMiz', '5MPPttjfGap2C6j6eKcO6J', '2FvD20Z8aoWIePi7PoN8sG']
Offset	Tyga	3	['5IaHrVsrferBYDm0bDyABy', '2toVe5hfuIi97ytDPDbQFt', '0jAfdqv18goRTUxm3ilRjb']
Offset	Quality Control	3	['4T2dHb8XBYHlVj7Dyo1cW9', '2JdIqJBbIiwEah4ejqIWGj', '0W1ZfgXpC23RYQPDq7RM5I']
Billy Ray Cyrus	Lil Nas X	3	['6u7jPi22kF8CTQ3rb9DHE7', '2YpeDb67231RjR0MgVLzsG', '6jmZlyf9DxcIoRrjw02YXm']
DaBaby	Quality Control	3	['2nKYHpmwjLaEOXS3o7QMiz', '5MPPttjfGap2C6j6eKcO6J', '0W1ZfgXpC23RYQPDq7RM5I']
Juice WRLD	Trippie Redd	2	['75lcPkAkUsKWHGBlGM476R', '7tgjDlQsMR8RvkdlNCJA58']
Lil Baby	Post Malone	2	['0hGH0S74Eoyv6mXZcOKtdQ', '12Fkyg9lpmaz2zmKOfw2Y2']
Meek Mill	Post Malone	2	['0hGH0S74Eoyv6mXZcOKtdQ', '12Fkyg9lpmaz2zmKOfw2Y2']
6ix9ine	A Boogie Wit da Hoodie	2	['1wJRveJZLSb1rjhnUHQiv6', '6o79O9qBP3OAkWOXajAQIS']
21 Savage	Offset	2	['7pMRoGLEJuFM2wl5pt0R99', '6mCqxnyOhr4tHMbRbQL4Yn']
Anuel AA	KAROL G	2	['2ksOAxtIxY8yElEWw8RhgK', '5W83ErFkO3aKAIS1WMi6u0']
Chance the Rapper	Gucci Mane	2	['0WoAkdHmgPmEXfiBox1flk', '1CHhAINmT48RpXE5owAo3Q']
Darell	Ozuna	2	['3V8UKqhEK5zBkBb6d6ub8i', '4bTZeO72FwMa6wKOiqoynL']
DaBaby	Gucci Mane	2	['0WoAkdHmgPmEXfiBox1flk', '1Yu378yDTmy6EIDYNIEALh']
Migos	Mustard	2	['3j84U36KvLeXNDPv4t5pI8', '63cd4JkwGgYJrbOizbfmsp']
Juice WRLD	Seezyn	2	['0dWYd84A57fPNoxv8OFwCD', '6rz0dTA0PdhXImFV5EjM0w']
RANI	Sam Feldt	2	['0qc4QlcCxVTGyShurEv1UU', '36orMWv2PgvnzXsd5CJ0yL']
Dreamville	Lute	2	['6n3q5ybuUQFT97ddyuxsFh', '6MF4tRr5lU8qok8IKaFOBE']
Marshmello	Roddy Ricch	2	['6GSkLS2y4ZnnZsuRAj975K', '0PowxVSTY2uh1CPc8EPKyX']
Gunna	Lil Mosey	2	['7iHHxY2NLlJRAmlAmC4ahQ', '5hDAT527wXWNBnJlujhuUs']
Bebe Rexha	The Chainsmokers	2	['1SNiXDwSilLujcYdvfqVpT', '05CwHjIk71RXVU40boRMnR']
A Boogie Wit da Hoodie	Tyga	2	['0Zl4G9qcdXV5hVhdOirNHG', '0jAfdqv18goRTUxm3ilRjb']
ILLENIUM	Jon Bellion	2	['6pooRNiLyYpxZeIA5kJ5EX', '3LxG9HkMMFP0MZuiw3O2rF']
Blueface	Rich The Kid	2	['4hanO6Du5J7QEguNHYZHmw', '6XkLPzkKzPhpr3hrvl1TUq']
Dreamville	Smino	2	['1KbCc89SxYma4BnBChkJBs', '7wTA0NKIm6T7nP2kaymU2a']
EARTHGANG	Smino	2	['1KbCc89SxYma4BnBChkJBs', '7wTA0NKIm6T7nP2kaymU2a']
J. Cole	Smino	2	['1KbCc89SxYma4BnBChkJBs', '7wTA0NKIm6T7nP2kaymU2a']
Gunna	Roddy Ricch	2	['5ravc2aiNoYmu9m37diYXW', '7A20WnLkjtZU2d7hIB6Ziu']
Drake	Lil Baby	2	['6vN77lE9LK6HP2DewaN6HZ', '6wWaVoUOzLQJHd3bWAUpdZ']
Ed Sheeran	Khalid	2	['4evmHXcjt3bTUHD1cvny97', '70eFcWOvlMObDhURTqT4Fv']
Post Malone	SZA	2	['5KE9b4x7Zj2A8XtbkqhqTe', '2leIuE4fdcJoNMSKu5Yr7a']
Juice WRLD	benny blanco	2	['6cjSh516BbrNUs213jDAGm', '1KVczjazCcCCgM3gXXUl47']
Meek Mill	Quavo	2	['5duCElafuovM4ZSmkQL4hn', '5YSfZJE0EYrGVsWeYqv9xo']
Chris Brown	Drake	2	['6XHVuErjQ4XNm6nDPVCxVX', '7FEwp8BavoEVE3AnxJDchc']
J. Cole	Travis Scott	2	['7DcvwMAiqKJQD1rrdfxSDx', '3s4mrPrEFFPF0LmAfutW0n']
J. Cole	Young Thug	2	['7DcvwMAiqKJQD1rrdfxSDx', '3s4mrPrEFFPF0LmAfutW0n']
Bas	Buddy	2	['4ChD9wq9iakg5UdeSzmgPE', '5WnfnSpuNEGXyEt78PBA6d']
Bas	Guapdad 4000	2	['4ChD9wq9iakg5UdeSzmgPE', '5WnfnSpuNEGXyEt78PBA6d']
Dreamville	Mez	2	['6n3q5ybuUQFT97ddyuxsFh', '5WnfnSpuNEGXyEt78PBA6d']
Guapdad 4000	JID	2	['5WnfnSpuNEGXyEt78PBA6d', '2gtFMLjQpCTGekMi4oXZxN']
Future	Young Thug	2	['0zNHMc1cGKe4MO5rtGtKRh', '2U3LJfQB0ALLxC7Yy0QW7l']
Meek Mill	NAV	2	['1xkMNjOFNCw3OCI7Gtjpjb', '5rU6kDNXZLXIinFezpbWbO']
Anuel AA	Darell	2	['4lzxJ4jCuFDXXGkE1LmpKR', '4bTZeO72FwMa6wKOiqoynL']
Anuel AA	Nicky Jam	2	['4lzxJ4jCuFDXXGkE1LmpKR', '4bTZeO72FwMa6wKOiqoynL']
Darell	Sech	2	['4bTZeO72FwMa6wKOiqoynL', '1Ej96GIBCTvgH7tNX1r3qr']
Billie Eilish	Khalid	2	['1NJcg626wLln4pGHpiV7mf', '0u2P5u6lvoDfwTYjAADbn4']
Chance the Rapper	DaBaby	2	['0WoAkdHmgPmEXfiBox1flk', '00ko9WaS4jOX1kEk3gvHjf']
Disclosure	Khalid	2	['0rTV5WefWd1J3OwIheTzxM', '6TqXcAFInzjp0bODyvrWEq']
Gunna	Travis Scott	2	['4ea9w8c4ROqiZpJVhfBA3m', '56AMYGJzxBO6p8v0wEe9de']
Drake	Summer Walker	2	['0mfCH4nfpshBQR9ueZP5eP', '14SaZBTjxlorHJQxXh01Hu']
9lokknine	YNW Melly	2	['4sjiIpEv617LDXaidKioOI', '29ZXwWOOLz9t5fa3eT3i7T']
Bruno Mars	Chris Stapleton	2	['6EbduYTr62sSzvl36wWiFM', '7hvO2qCwJVZxiyoA7c9i5d']
Bruno Mars	Ed Sheeran	2	['6EbduYTr62sSzvl36wWiFM', '7hvO2qCwJVZxiyoA7c9i5d']
Chris Stapleton	Ed Sheeran	2	['6EbduYTr62sSzvl36wWiFM', '7hvO2qCwJVZxiyoA7c9i5d']
Chris Brown	Tyga	2	['1jlnBQGP2DtSEhMgQaz7a7', '4Q8aDd3H6LF8t4eY7So9O8']
Bryce Vine	YG	2	['4cEONREpY8NQJMuGQP95Kl', '3TpBefRZ1vFcOH6z57PQRI']
Bas	EARTHGANG	2	['4eqrNsKy9Mvg1fvfsTVIAE', '36J0iaPDGbYGsHvYpaYs3k']
Bas	J. Cole	2	['4eqrNsKy9Mvg1fvfsTVIAE', '36J0iaPDGbYGsHvYpaYs3k']
Bas	Young Nudy	2	['4eqrNsKy9Mvg1fvfsTVIAE', '36J0iaPDGbYGsHvYpaYs3k']
EARTHGANG	Young Nudy	2	['4eqrNsKy9Mvg1fvfsTVIAE', '36J0iaPDGbYGsHvYpaYs3k']
JID	Young Nudy	2	['4eqrNsKy9Mvg1fvfsTVIAE', '36J0iaPDGbYGsHvYpaYs3k']
A Boogie Wit da Hoodie	Roddy Ricch	2	['5j1yOqWONR9T6l43AzJ6Es', '6ztvsy3C6hPjVg9j4x1XKJ']
6ix9ine	Nicki Minaj	2	['1oJ8EDr2pv94IvSd6ZmDgo', '4QIyEq7TcTdAcxjI2AFlAK']
Game of Thrones	SZA	2	['4cbdPT6uaBOgOQe3fLMofl', '35RDmXJ59YYGNlv1KfTGsP']
Game of Thrones	The Weeknd	2	['4cbdPT6uaBOgOQe3fLMofl', '35RDmXJ59YYGNlv1KfTGsP']
Game of Thrones	Travis Scott	2	['4cbdPT6uaBOgOQe3fLMofl', '35RDmXJ59YYGNlv1KfTGsP']
SZA	The Weeknd	2	['4cbdPT6uaBOgOQe3fLMofl', '35RDmXJ59YYGNlv1KfTGsP']
SZA	Travis Scott	2	['4cbdPT6uaBOgOQe3fLMofl', '35RDmXJ59YYGNlv1KfTGsP']
The Weeknd	Travis Scott	2	['4cbdPT6uaBOgOQe3fLMofl', '35RDmXJ59YYGNlv1KfTGsP']
KYLE	Lil Yachty	2	['1jkEorRvoRQNo1WZfD1X5q', '0CmDU4HueRJ9XXul7PdJLc']
T-Pain	Tory Lanez	2	['0mTKJnVf6GcujyDr1PZn0Q', '6JsHgIkMYHcbNtKfsal2Mg']
Ed Sheeran	Yebba	2	['5ug4vqGZ3eisGhY1IsziNX', '0VsGaRXR5WAzpu51unJTis']
Buddy	EARTHGANG	2	['1KbCc89SxYma4BnBChkJBs', '2gtFMLjQpCTGekMi4oXZxN']
Tory Lanez	Trippie Redd	2	['56S5YTNqlsXSnR5T1S2oyJ', '6j97zG4DDrh3oUa6rZbFOs']
Cardi B	French Montana	2	['7x9nXsowok1JszkVztI5NI', '7ntUbTIwmwOD6ygCMRZT6e']
Cardi B	Post Malone	2	['7x9nXsowok1JszkVztI5NI', '7ntUbTIwmwOD6ygCMRZT6e']
Cardi B	Rvssian	2	['7x9nXsowok1JszkVztI5NI', '7ntUbTIwmwOD6ygCMRZT6e']
French Montana	Post Malone	2	['7x9nXsowok1JszkVztI5NI', '7ntUbTIwmwOD6ygCMRZT6e']
French Montana	Rvssian	2	['7x9nXsowok1JszkVztI5NI', '7ntUbTIwmwOD6ygCMRZT6e']
Post Malone	Rvssian	2	['7x9nXsowok1JszkVztI5NI', '7ntUbTIwmwOD6ygCMRZT6e']
Ed Sheeran	Stormzy	2	['07s9NNOT0sZQp7TyolLLgu', '1AI7UPw3fgwAFkvAlZWhE0']
Ozzy Osbourne	Post Malone	2	['4Yq3XUNfWrAPWuB94qkC09', '7CZyCXKG6d5ALeq41sLzbw']
Ozzy Osbourne	Travis Scott	2	['4Yq3XUNfWrAPWuB94qkC09', '7CZyCXKG6d5ALeq41sLzbw']
PnB Rock	Trippie Redd	2	['03eJ2DclFWXYU8GWgANdmZ', '69dXVFCMiz3SL1L7M24NdX']
Post Malone	Roddy Ricch	2	['3IKRHd9ihUdGffgz4Mbgv0', '0fcq51a3gOI6gPvzc0YLsk']
Post Malone	Tyga	2	['3IKRHd9ihUdGffgz4Mbgv0', '0fcq51a3gOI6gPvzc0YLsk']
Roddy Ricch	Tyga	2	['3IKRHd9ihUdGffgz4Mbgv0', '0fcq51a3gOI6gPvzc0YLsk']
Doja Cat	Tyga	2	['7f5trao56t7sB7f14QDTmp', '7qvsl2pYzrsYgPeFBN5jxp']
Gunna	Offset	2	['0W1ZfgXpC23RYQPDq7RM5I', '0SQ8yalm13UIJuebuZkQlH']
Lil Skies	PnB Rock	2	['4KXDT3pmPDB9IB6hTUoGpd', '7cWh3ScxjhvasLI0CBRoZk']
Diplo	Major Lazer	2	['1G2CAJeP7rCwOZjlSJ0Zw3', '0Z26mbSHJ1dkUu7g9DDgif']
ILLENIUM	Lennon Stella	2	['6wo37KVqFJhtuxPTpLCcfe', '63VyEdzMM3w4ZQ1WtARa2S']
ILLENIUM	The Chainsmokers	2	['6wo37KVqFJhtuxPTpLCcfe', '63VyEdzMM3w4ZQ1WtARa2S']
Lennon Stella	The Chainsmokers	2	['6wo37KVqFJhtuxPTpLCcfe', '63VyEdzMM3w4ZQ1WtARa2S']
Camila Cabello	Mark Ronson	2	['5Uw7Dut2lZfexn3Y09swpf', '1HpzOCZbNWzxvvXfSGtSrX']
Buddy	Cozz	2	['4ChD9wq9iakg5UdeSzmgPE', '1KbCc89SxYma4BnBChkJBs']
Dreamville	Omen	2	['6n3q5ybuUQFT97ddyuxsFh', '4nw0S8MtvcLSpXCS9M8ciL']
Trippie Redd	iann dior	2	['6G0FACzGN80Dj2v4ass5rq', '3iH29NcCxYgI5shlkZrUoB']
Brendon Urie	Panic! At The Disco	2	['4MsUsFfWseB9M2plGJyuIw', '2Rk4JlNc2TPmZe2af99d45']
Panic! At The Disco	Taylor Swift	2	['4MsUsFfWseB9M2plGJyuIw', '2Rk4JlNc2TPmZe2af99d45']
ScHoolboy Q	Travis Scott	2	['01DOm09B2AbiTARAbXVI6g', '2EGtBS7Ws3ajiSkJLviFJ4']
Chance the Rapper	Ed Sheeran	2	['543bCW2ruMPmxUBWirQ3MR', '4wuCQX7JvAZLlrcmH4AeZF']
Chance the Rapper	PnB Rock	2	['543bCW2ruMPmxUBWirQ3MR', '4wuCQX7JvAZLlrcmH4AeZF']
Ed Sheeran	PnB Rock	2	['543bCW2ruMPmxUBWirQ3MR', '4wuCQX7JvAZLlrcmH4AeZF']
Y2K	bbno$	2	['07rmSXN6vNoquX1AsWd9pP', '51Fjme0JiitpyXKuyQiCDo']
Ari Lennox	Dreamville	2	['7dnSXaCjLdFiWZa8s5wP1n', '4nw0S8MtvcLSpXCS9M8ciL']
Blueface	NLE Choppa	2	['67XyC1GdSkKb9sbRRkUDXS', '5BJMeoCXXgbRAWfp6fTulr']
Lil Baby	Lil Duke	2	['4e34Qq2lkp92egwgjacVcT', '2KEux6D75xjj6fdabXpeAu']
Lil Baby	Trippie Redd	2	['4e34Qq2lkp92egwgjacVcT', '2KEux6D75xjj6fdabXpeAu']
Lil Duke	Trippie Redd	2	['4e34Qq2lkp92egwgjacVcT', '2KEux6D75xjj6fdabXpeAu']
Camila Cabello	Shawn Mendes	2	['0TK2YIli7K1leLovkQiNik', '6v3KW9xbzN5yKLt9YKDYA2']
Fall Out Boy	Macklemore	2	['7Feaw9WAEREY0DUOSXJLOM', '40OMBMYRk5IQL6xCzGM0JA']
Fall Out Boy	Martin Garrix	2	['7Feaw9WAEREY0DUOSXJLOM', '40OMBMYRk5IQL6xCzGM0JA']
Macklemore	Martin Garrix	2	['7Feaw9WAEREY0DUOSXJLOM', '40OMBMYRk5IQL6xCzGM0JA']
Jon Z	Tyga	2	['3SZqA7rQvROJsCbUu2v0xa', '1kK6DwzyXJSp58u5HYWwuD']
Jon Z	YG	2	['3SZqA7rQvROJsCbUu2v0xa', '1kK6DwzyXJSp58u5HYWwuD']
Lil Tjay	Polo G	2	['6uFn47ACjqYkc0jADwEdj1', '5AjINjwKyRvQJhSe2zpPHi']
Future	Halsey	2	['2C6WXnmZ66tHhHlnvwePiK', '59PYPDxTbqJpiGfyogPb5h']
Future	Post Malone	2	['2C6WXnmZ66tHhHlnvwePiK', '59PYPDxTbqJpiGfyogPb5h']
Halsey	Post Malone	2	['2C6WXnmZ66tHhHlnvwePiK', '59PYPDxTbqJpiGfyogPb5h']
Kehlani	Ty Dolla $ign	2	['7e4KQkp5ZR1gXCAalRjX6B', '6ZRuF2n1CQxyxxAAWsKJOy']
DaBaby	Post Malone	2	['0Xek5rqai2jcOWCYWJfVCF', '6UFEJuDXQMWhL5UH5f9fUR']
DJ Khaled	Lil Wayne	2	['6Dq8FZrvx9S28iyaKSwn9x', '7C0BHTRLmWUONc8OYjOPdW']
Ant Clemons	Kanye West	2	['24bnCCysWnbNRNUT4LpHcP', '454Epa1vrCGFddHXKyC1kb']
Blueface	G-Eazy	2	['2O8gSQ9z52tZSLJnuzjkcG', '4EnEGf9JzAJhF1XNY9DJcD']
Juice WRLD	Young Thug	2	['572BChNcXOIvtfn2TGmTKc', '5TnLXSd4h6G06Fbt2ApOpa']
Ed Sheeran	Justin Bieber	2	['3HVWdVOQ0ZA45FuZGSfvns', '0hVXuCcriWRGvwMV1r5Yn9']
Chance the Rapper	DJ Khaled	2	['5WvAo7DNuPRmk4APhdPzi8', '03nPEoQOYMuDe7KmGljpmd']
Chance the Rapper	Justin Bieber	2	['5WvAo7DNuPRmk4APhdPzi8', '03nPEoQOYMuDe7KmGljpmd']
Chance the Rapper	Quavo	2	['5WvAo7DNuPRmk4APhdPzi8', '03nPEoQOYMuDe7KmGljpmd']
DJ Khaled	Justin Bieber	2	['5WvAo7DNuPRmk4APhdPzi8', '03nPEoQOYMuDe7KmGljpmd']
DJ Khaled	Quavo	2	['5WvAo7DNuPRmk4APhdPzi8', '03nPEoQOYMuDe7KmGljpmd']
Justin Bieber	Quavo	2	['5WvAo7DNuPRmk4APhdPzi8', '03nPEoQOYMuDe7KmGljpmd']
Offset	Travis Scott	2	['7pMRoGLEJuFM2wl5pt0R99', '0FZ4Dmg8jJJAPJnvBIzD9z']
21 Savage	Metro Boomin	2	['0AluA5RNsa4Cx6XRhf2hWZ', '2Grb4G6t9VIqo6moKUloom']
Mustard	YG	2	['5duCElafuovM4ZSmkQL4hn', '3O7lxdQoe1aNWs93VSHsJg']
DaBaby	Offset	2	['7f1zjZG77S891Uv4O68yfk', '0W1ZfgXpC23RYQPDq7RM5I']
DaBaby	Trippie Redd	2	['3Kd6Wp3lG5HXMB2dlvuy7y', '6YfTl5YupXOQBKiJJLrxcw']
Lil Baby	Quality Control	2	['2nKYHpmwjLaEOXS3o7QMiz', '5MPPttjfGap2C6j6eKcO6J']
DJ Khaled	Lil Baby	2	['6xVhqLT40s5sVhepe9Mckc', '4U6ubKsTd8RBDP5tPPhh7I']
DJ Khaled	Meek Mill	2	['6xVhqLT40s5sVhepe9Mckc', '4U6ubKsTd8RBDP5tPPhh7I']
Gucci Mane	Kodak Black	2	['2G1tXoGBaEMJ7FKGnkf6ud', '5FDCDBFDKpf7TLzDx6r2Lp']
NAV	The Weeknd	2	['4RbbzNY4MEcgzewYWkIsGu', '4hqOmrCCJKyiuwDexd8c2t']
Ariana Grande	Lana Del Rey	2	['3NkJNL3WqO1Lqc3uNDxvCN', '6zegtH6XXd2PDPLvy1Y0n2']
Ariana Grande	Miley Cyrus	2	['3NkJNL3WqO1Lqc3uNDxvCN', '6zegtH6XXd2PDPLvy1Y0n2']
Lana Del Rey	Miley Cyrus	2	['3NkJNL3WqO1Lqc3uNDxvCN', '6zegtH6XXd2PDPLvy1Y0n2']
A Day To Remember	Marshmello	2	['5dLP5JbgWGZttnUv4NFJeg', '35rozLoS6QLE8HX8qswM3k']
Bad Bunny	Daddy Yankee	2	['2qMnZF5Ja2WvmfbblByQza', '1c0hsvHLELX6y8qymnpLKL']
Bad Bunny	Lunay	2	['2qMnZF5Ja2WvmfbblByQza', '1c0hsvHLELX6y8qymnpLKL']
Daddy Yankee	Lunay	2	['2qMnZF5Ja2WvmfbblByQza', '1c0hsvHLELX6y8qymnpLKL']
Machine Gun Kelly	Travis Barker	2	['6bWBLZLBRQEJ5KsLicouNB', '2gTdDMpNxIRFSiu7HutMCg']
Machine Gun Kelly	YUNGBLUD	2	['6bWBLZLBRQEJ5KsLicouNB', '2gTdDMpNxIRFSiu7HutMCg']
Gucci Mane	Logic	1	['5sCwso3aURYAdieWEFI1nE']
Juice WRLD	YNW Melly	1	['7tgjDlQsMR8RvkdlNCJA58']
Trippie Redd	YNW Melly	1	['7tgjDlQsMR8RvkdlNCJA58']
Belly	Dom Kennedy	1	['4iVD0fTHGxV9JWloujsL3s']
Belly	Nipsey Hussle	1	['4iVD0fTHGxV9JWloujsL3s']
Dom Kennedy	Nipsey Hussle	1	['4iVD0fTHGxV9JWloujsL3s']
Diplo	Morgan Wallen	1	['0rFQ5cKYJ9WtHSKp9sxVYt']
James Blake	Metro Boomin	1	['64ydkbrt0xhdJXRaam06Mc']
James Blake	Travis Scott	1	['64ydkbrt0xhdJXRaam06Mc']
Metro Boomin	Travis Scott	1	['64ydkbrt0xhdJXRaam06Mc']
Eartha Kitt	Henri Rene & His Orchestra	1	['1foCxQtxBweJtZmdxhEHVO']
Lil Baby	Yo Gotti	1	['6PRh0ilIMEP1xlUHqalnkD']
Post Malone	Young Thug	1	['6vBdBCoOhKHiYDDOcorfNo']
Khalid	Normani	1	['45Egmo7icyopuzJN0oMEdk']
Cast of Frozen 2	Idina Menzel	1	['4Xbotg4PCLJw9cDx2dtZLK']
Cast of Frozen 2	Jonathan Groff	1	['4Xbotg4PCLJw9cDx2dtZLK']
Cast of Frozen 2	Josh Gad	1	['4Xbotg4PCLJw9cDx2dtZLK']
Cast of Frozen 2	Kristen Bell	1	['4Xbotg4PCLJw9cDx2dtZLK']
Idina Menzel	Jonathan Groff	1	['4Xbotg4PCLJw9cDx2dtZLK']
Idina Menzel	Josh Gad	1	['4Xbotg4PCLJw9cDx2dtZLK']
Idina Menzel	Kristen Bell	1	['4Xbotg4PCLJw9cDx2dtZLK']
Jonathan Groff	Josh Gad	1	['4Xbotg4PCLJw9cDx2dtZLK']
Jonathan Groff	Kristen Bell	1	['4Xbotg4PCLJw9cDx2dtZLK']
Josh Gad	Kristen Bell	1	['4Xbotg4PCLJw9cDx2dtZLK']
5 Seconds of Summer	Julia Michaels	1	['6GzApXoBQiiAjak3tOQfV3']
Lil Wayne	Ty Dolla $ign	1	['3vWzyGTu6Ovo1GdrcJqH6e']
Lil Wayne	XXXTENTACION	1	['3vWzyGTu6Ovo1GdrcJqH6e']
Ty Dolla $ign	XXXTENTACION	1	['3vWzyGTu6Ovo1GdrcJqH6e']
21 Savage	DJ Snake	1	['6mCqxnyOhr4tHMbRbQL4Yn']
21 Savage	Gucci Mane	1	['6mCqxnyOhr4tHMbRbQL4Yn']
21 Savage	Sheck Wes	1	['6mCqxnyOhr4tHMbRbQL4Yn']
DJ Snake	Gucci Mane	1	['6mCqxnyOhr4tHMbRbQL4Yn']
DJ Snake	Offset	1	['6mCqxnyOhr4tHMbRbQL4Yn']
DJ Snake	Sheck Wes	1	['6mCqxnyOhr4tHMbRbQL4Yn']
Gucci Mane	Offset	1	['6mCqxnyOhr4tHMbRbQL4Yn']
Gucci Mane	Sheck Wes	1	['6mCqxnyOhr4tHMbRbQL4Yn']
Offset	Sheck Wes	1	['6mCqxnyOhr4tHMbRbQL4Yn']
Bad Bunny	Casper Magico	1	['3V8UKqhEK5zBkBb6d6ub8i']
Bad Bunny	Darell	1	['3V8UKqhEK5zBkBb6d6ub8i']
Bad Bunny	Nicky Jam	1	['3V8UKqhEK5zBkBb6d6ub8i']
Bad Bunny	Nio Garcia	1	['3V8UKqhEK5zBkBb6d6ub8i']
Bad Bunny	Ozuna	1	['3V8UKqhEK5zBkBb6d6ub8i']
Casper Magico	Darell	1	['3V8UKqhEK5zBkBb6d6ub8i']
Casper Magico	Nicky Jam	1	['3V8UKqhEK5zBkBb6d6ub8i']
Casper Magico	Nio Garcia	1	['3V8UKqhEK5zBkBb6d6ub8i']
Casper Magico	Ozuna	1	['3V8UKqhEK5zBkBb6d6ub8i']
Darell	Nio Garcia	1	['3V8UKqhEK5zBkBb6d6ub8i']
Nicky Jam	Nio Garcia	1	['3V8UKqhEK5zBkBb6d6ub8i']
Nio Garcia	Ozuna	1	['3V8UKqhEK5zBkBb6d6ub8i']
DaBaby	YoungBoy Never Broke Again	1	['1Yu378yDTmy6EIDYNIEALh']
Gucci Mane	YoungBoy Never Broke Again	1	['1Yu378yDTmy6EIDYNIEALh']
Chance the Rapper	Francis and the Lights	1	['0XPpkGBVE0QIOGSvW1nMEz']
Kirsty MacColl	The Pogues	1	['3VTNVsTTu05dmTsVFrmGpK']
G-Eazy	Rich The Kid	1	['1NHlyKgtR4roNylOhidKSv']
G-Eazy	Tyga	1	['1NHlyKgtR4roNylOhidKSv']
Rich The Kid	Tyga	1	['1NHlyKgtR4roNylOhidKSv']
Shawn Mendes	Taylor Swift	1	['3i9UVldZOE0aD0JnyfAZZ0']
A Touch Of Class	R3HAB	1	['02itaCXOdC54J0ISjqqFAp']
Chance the Rapper	John Legend	1	['1g3ErLqysBJ5EIGdYYMWFZ']
Drake	James Fauntleroy	1	['56NDFbD0tCUawnqeU2wcvv']
A Boogie Wit da Hoodie	Mustard	1	['2zjGJ0dChMR0KxBZS15aqo']
A Boogie Wit da Hoodie	NAV	1	['2zjGJ0dChMR0KxBZS15aqo']
A Boogie Wit da Hoodie	Playboi Carti	1	['2zjGJ0dChMR0KxBZS15aqo']
Mustard	NAV	1	['2zjGJ0dChMR0KxBZS15aqo']
Mustard	Playboi Carti	1	['2zjGJ0dChMR0KxBZS15aqo']
NAV	Playboi Carti	1	['2zjGJ0dChMR0KxBZS15aqo']
DaBaby	Stunna 4 Vegas	1	['7vxGCUPJhe0fXfBkwVPFcP']
CHVRCHES	Marshmello	1	['5icOoE6VgqFKohjWWNp0Ac']
Lizzo	Missy Elliott	1	['6nBQFAIVFmAx2oZ8p6lUg6']
DaBaby	Dreamville	1	['6MF4tRr5lU8qok8IKaFOBE']
DaBaby	J. Cole	1	['6MF4tRr5lU8qok8IKaFOBE']
DaBaby	Lute	1	['6MF4tRr5lU8qok8IKaFOBE']
J. Cole	Lute	1	['6MF4tRr5lU8qok8IKaFOBE']
Cardi B	Lil Nas X	1	['4ak7xjvBeBOcJGWFDX9w5n']
The Game	Trippie Redd	1	['4WHN0WjvjnIR9v1MrU0U4c']
Marshmello	YUNGBLUD	1	['7jzldCBnJjpJM3epzJ85KE']
Marshmello	blackbear	1	['7jzldCBnJjpJM3epzJ85KE']
YUNGBLUD	blackbear	1	['7jzldCBnJjpJM3epzJ85KE']
Khalid	Marshmello	1	['7vGuf3Y35N4wmASOKLUVVU']
Beyoncé	The Weeknd	1	['0pxNyJJiL2zZZ5GgJ4JhsQ']
Macklemore	Why Don't We	1	['45ZGEdLxCZvdMX9jWlsAAx']
A Boogie Wit da Hoodie	Juice WRLD	1	['3L19besdNQzd342qL78xqm']
Dreamville	Saba	1	['7wTA0NKIm6T7nP2kaymU2a']
EARTHGANG	Saba	1	['7wTA0NKIm6T7nP2kaymU2a']
J. Cole	Saba	1	['7wTA0NKIm6T7nP2kaymU2a']
Saba	Smino	1	['7wTA0NKIm6T7nP2kaymU2a']
Brandy	Daniel Caesar	1	['2fhePAlCSsJplwkjqMYpVm']
Smokepurpp	Trippie Redd	1	['01kOu8BA8yzAHx9LUidTi9']
Brendon Urie	Juice WRLD	1	['1KVczjazCcCCgM3gXXUl47']
Brendon Urie	benny blanco	1	['1KVczjazCcCCgM3gXXUl47']
Gunna	Rich The Kid	1	['4bi9YrkOvmg4Eb7h00AW2c']
Rich The Kid	Young Thug	1	['4bi9YrkOvmg4Eb7h00AW2c']
Ky-Mani Marley	Stefflon Don	1	['0OTBOHjEaoqroFlfut1ZsH']
Ky-Mani Marley	Vybz Kartel	1	['0OTBOHjEaoqroFlfut1ZsH']
Ky-Mani Marley	XXXTENTACION	1	['0OTBOHjEaoqroFlfut1ZsH']
Stefflon Don	Vybz Kartel	1	['0OTBOHjEaoqroFlfut1ZsH']
Stefflon Don	XXXTENTACION	1	['0OTBOHjEaoqroFlfut1ZsH']
Vybz Kartel	XXXTENTACION	1	['0OTBOHjEaoqroFlfut1ZsH']
Meek Mill	Quality Control	1	['5YSfZJE0EYrGVsWeYqv9xo']
Quality Control	Quavo	1	['5YSfZJE0EYrGVsWeYqv9xo']
DJ Khaled	SZA	1	['0BnTBAGmr9FtYwkZrwKhwS']
Kane Brown	Marshmello	1	['4hPpVbbakQNv8YTHYaOJP4']
21 Savage	Cardi B	1	['1Hd2XLitkt1PYCWSbfF5qV']
21 Savage	DJ Khaled	1	['1Hd2XLitkt1PYCWSbfF5qV']
Cardi B	DJ Khaled	1	['1Hd2XLitkt1PYCWSbfF5qV']
Fred Hammond	Kanye West	1	['7r6aR2f57resC5r93LwMfK']
Bad Bunny	Jhay Cortez	1	['4R8BJggjosTswLxtkw8V7P']
J Balvin	Jhay Cortez	1	['4R8BJggjosTswLxtkw8V7P']
Mike WiLL Made-It	Miley Cyrus	1	['3DB14jHq2qNoByUN5W2gz1']
Mike WiLL Made-It	Swae Lee	1	['3DB14jHq2qNoByUN5W2gz1']
Miley Cyrus	Swae Lee	1	['3DB14jHq2qNoByUN5W2gz1']
Chris King	Quan'ta	1	['4hQ6o8ECY5MyHyodnyOHEw']
Chris King	Trippie Redd	1	['4hQ6o8ECY5MyHyodnyOHEw']
Quan'ta	Trippie Redd	1	['4hQ6o8ECY5MyHyodnyOHEw']
Anuel AA	Daddy Yankee	1	['2ksOAxtIxY8yElEWw8RhgK']
Anuel AA	J Balvin	1	['2ksOAxtIxY8yElEWw8RhgK']
Daddy Yankee	J Balvin	1	['2ksOAxtIxY8yElEWw8RhgK']
Daddy Yankee	KAROL G	1	['2ksOAxtIxY8yElEWw8RhgK']
Daddy Yankee	Ozuna	1	['2ksOAxtIxY8yElEWw8RhgK']
J Balvin	KAROL G	1	['2ksOAxtIxY8yElEWw8RhgK']
J Balvin	Ozuna	1	['2ksOAxtIxY8yElEWw8RhgK']
KAROL G	Ozuna	1	['2ksOAxtIxY8yElEWw8RhgK']
MAX	Quinn XCII	1	['2tOOcDDYkh0PSjr6GwPEAJ']
Bad Bunny	Drake	1	['116H0KvKr2Zl4RPuVBruDO']
NF	Sasha Sloan	1	['5lehoWkVPujeOAwb8BO0uK']
Lil Pump	Lil Wayne	1	['6flur5o18COKeafnjLHRiJ']
Nicki Minaj	Post Malone	1	['6IaieqiCVvsNvEt6Y7yOFa']
Chance the Rapper	Megan Thee Stallion	1	['1xsP6AITcWNigBYBYVnVZw']
Kendrick Lamar	SZA	1	['3GCdLUSnKSMJhs4Tj6CV3s']
Bas	Jace	1	['5WnfnSpuNEGXyEt78PBA6d']
Bas	Mez	1	['5WnfnSpuNEGXyEt78PBA6d']
Bas	Reese LAFLARE	1	['5WnfnSpuNEGXyEt78PBA6d']
Bas	Ski Mask The Slump God	1	['5WnfnSpuNEGXyEt78PBA6d']
Bas	Smokepurpp	1	['5WnfnSpuNEGXyEt78PBA6d']
Buddy	Jace	1	['5WnfnSpuNEGXyEt78PBA6d']
Buddy	Mez	1	['5WnfnSpuNEGXyEt78PBA6d']
Buddy	Reese LAFLARE	1	['5WnfnSpuNEGXyEt78PBA6d']
Buddy	Ski Mask The Slump God	1	['5WnfnSpuNEGXyEt78PBA6d']
Buddy	Smokepurpp	1	['5WnfnSpuNEGXyEt78PBA6d']
Dreamville	Jace	1	['5WnfnSpuNEGXyEt78PBA6d']
Dreamville	Reese LAFLARE	1	['5WnfnSpuNEGXyEt78PBA6d']
Dreamville	Ski Mask The Slump God	1	['5WnfnSpuNEGXyEt78PBA6d']
Dreamville	Smokepurpp	1	['5WnfnSpuNEGXyEt78PBA6d']
Guapdad 4000	Jace	1	['5WnfnSpuNEGXyEt78PBA6d']
Guapdad 4000	Mez	1	['5WnfnSpuNEGXyEt78PBA6d']
Guapdad 4000	Reese LAFLARE	1	['5WnfnSpuNEGXyEt78PBA6d']
Guapdad 4000	Ski Mask The Slump God	1	['5WnfnSpuNEGXyEt78PBA6d']
Guapdad 4000	Smokepurpp	1	['5WnfnSpuNEGXyEt78PBA6d']
JID	Jace	1	['5WnfnSpuNEGXyEt78PBA6d']
JID	Mez	1	['5WnfnSpuNEGXyEt78PBA6d']
JID	Reese LAFLARE	1	['5WnfnSpuNEGXyEt78PBA6d']
JID	Ski Mask The Slump God	1	['5WnfnSpuNEGXyEt78PBA6d']
JID	Smokepurpp	1	['5WnfnSpuNEGXyEt78PBA6d']
Jace	Mez	1	['5WnfnSpuNEGXyEt78PBA6d']
Jace	Reese LAFLARE	1	['5WnfnSpuNEGXyEt78PBA6d']
Jace	Ski Mask The Slump God	1	['5WnfnSpuNEGXyEt78PBA6d']
Jace	Smokepurpp	1	['5WnfnSpuNEGXyEt78PBA6d']
Mez	Reese LAFLARE	1	['5WnfnSpuNEGXyEt78PBA6d']
Mez	Ski Mask The Slump God	1	['5WnfnSpuNEGXyEt78PBA6d']
Mez	Smokepurpp	1	['5WnfnSpuNEGXyEt78PBA6d']
Reese LAFLARE	Ski Mask The Slump God	1	['5WnfnSpuNEGXyEt78PBA6d']
Reese LAFLARE	Smokepurpp	1	['5WnfnSpuNEGXyEt78PBA6d']
Ski Mask The Slump God	Smokepurpp	1	['5WnfnSpuNEGXyEt78PBA6d']
Blueface	Tyga	1	['0EzRnjtN5ER0wu1IudNom8']
Bad Bunny	Diplo	1	['5jGUJXnELDaDTgiRjD9lsg']
Bad Bunny	Nitti Gritti	1	['5jGUJXnELDaDTgiRjD9lsg']
Diplo	Nitti Gritti	1	['5jGUJXnELDaDTgiRjD9lsg']
Ozuna	ROSALÍA	1	['7BlBVFwvbWvcwNcUarQmjk']
DB Omerta	Kodak Black	1	['6vn5wV2qwx5sengy1kZHnJ']
DB Omerta	NLE Choppa	1	['6vn5wV2qwx5sengy1kZHnJ']
Kodak Black	NLE Choppa	1	['6vn5wV2qwx5sengy1kZHnJ']
2 Chainz	Travis Scott	1	['6Z4rmc0uujCpl8yXe3yjgI']
Anuel AA	Sech	1	['4bTZeO72FwMa6wKOiqoynL']
Nicky Jam	Sech	1	['4bTZeO72FwMa6wKOiqoynL']
Ozuna	Sech	1	['4bTZeO72FwMa6wKOiqoynL']
Kanye West	Lil Pump	1	['4S8d14HvHb70ImctNgVzQQ']
BTS	Lil Nas X	1	['6woeVu3fVMflqen1t4N6pg']
BTS	RM	1	['6woeVu3fVMflqen1t4N6pg']
Lil Nas X	RM	1	['6woeVu3fVMflqen1t4N6pg']
Gesaffelstein	The Weeknd	1	['7wFybC8jBH3zE139OpCtpG']
Chance the Rapper	YK Osiris	1	['0WoAkdHmgPmEXfiBox1flk']
DaBaby	YK Osiris	1	['0WoAkdHmgPmEXfiBox1flk']
Gucci Mane	YK Osiris	1	['0WoAkdHmgPmEXfiBox1flk']
Camila Cabello	DaBaby	1	['3yOlyBJuViE2YSGn3nVE1K']
Halsey	Travis Barker	1	['4mGdjNMo0RonTlOEb7cYg4']
Halsey	YUNGBLUD	1	['4mGdjNMo0RonTlOEb7cYg4']
A$AP Rocky	Skepta	1	['7ycWLEP1GsNjVvcjawXz3z']
Future	Gunna	1	['2U3LJfQB0ALLxC7Yy0QW7l']
Chris Brown	Lil Mosey	1	['7BxpObs6K7Yio5lVb3sMYX']
Hit-Boy	Nipsey Hussle	1	['6ya8ejoKgw906Y8LWclqrp']
Hit-Boy	Roddy Ricch	1	['6ya8ejoKgw906Y8LWclqrp']
Nipsey Hussle	Roddy Ricch	1	['6ya8ejoKgw906Y8LWclqrp']
Bing Crosby	John Scott Trotter & His Orchestra	1	['4so0Wek9Ig1p6CRCHuINwW']
Bing Crosby	Ken Darby Singers	1	['4so0Wek9Ig1p6CRCHuINwW']
John Scott Trotter & His Orchestra	Ken Darby Singers	1	['4so0Wek9Ig1p6CRCHuINwW']
Logic	Wiz Khalifa	1	['0ZN72tCEgbwPXEtj6TPMxK']
Agnes	Avicii	1	['4XZxalvnG4Yo8YZLuiT1kV']
Agnes	Vargas & Lagola	1	['4XZxalvnG4Yo8YZLuiT1kV']
Avicii	Vargas & Lagola	1	['4XZxalvnG4Yo8YZLuiT1kV']
Anuel AA	Brytiago	1	['4lzxJ4jCuFDXXGkE1LmpKR']
Anuel AA	DJ Luian	1	['4lzxJ4jCuFDXXGkE1LmpKR']
Anuel AA	Mambo Kingz	1	['4lzxJ4jCuFDXXGkE1LmpKR']
Brytiago	DJ Luian	1	['4lzxJ4jCuFDXXGkE1LmpKR']
Brytiago	Darell	1	['4lzxJ4jCuFDXXGkE1LmpKR']
Brytiago	Mambo Kingz	1	['4lzxJ4jCuFDXXGkE1LmpKR']
Brytiago	Nicky Jam	1	['4lzxJ4jCuFDXXGkE1LmpKR']
DJ Luian	Darell	1	['4lzxJ4jCuFDXXGkE1LmpKR']
DJ Luian	Mambo Kingz	1	['4lzxJ4jCuFDXXGkE1LmpKR']
DJ Luian	Nicky Jam	1	['4lzxJ4jCuFDXXGkE1LmpKR']
Darell	Mambo Kingz	1	['4lzxJ4jCuFDXXGkE1LmpKR']
Mambo Kingz	Nicky Jam	1	['4lzxJ4jCuFDXXGkE1LmpKR']
Blueface	Cardi B	1	['1JkrD47SDpAbyvqKtolcea']
Cardi B	YG	1	['1JkrD47SDpAbyvqKtolcea']
Billie Eilish	Justin Bieber	1	['3yNZ5r3LKfdmjoS3gkhUCT']
Chris Brown	Marshmello	1	['4Q8aDd3H6LF8t4eY7So9O8']
Marshmello	Tyga	1	['4Q8aDd3H6LF8t4eY7So9O8']
ILLENIUM	X Ambassadors	1	['70YPzqSEwJvAIQ6nMs1cjY']
Chris Brown	London On Da Track	1	['4otQJBpb8okSeykALR3eCH']
Chris Brown	Summer Walker	1	['4otQJBpb8okSeykALR3eCH']
London On Da Track	Summer Walker	1	['4otQJBpb8okSeykALR3eCH']
David Guetta	Martin Solveig	1	['0IhTEIjFaRt3B2NQYf9azQ']
Calvin Harris	Rag'n'Bone Man	1	['5itOtNx0WxtJmi1TQ3RuRd']
Lil Uzi Vert	Playboi Carti	1	['2BJSMvOGABRxokHKB0OI8i']
J Balvin	Selena Gomez	1	['1WSGTYKLEpKfNQYYW5Oymt']
J Balvin	Tainy	1	['1WSGTYKLEpKfNQYYW5Oymt']
J Balvin	benny blanco	1	['1WSGTYKLEpKfNQYYW5Oymt']
Selena Gomez	Tainy	1	['1WSGTYKLEpKfNQYYW5Oymt']
Selena Gomez	benny blanco	1	['1WSGTYKLEpKfNQYYW5Oymt']
Tainy	benny blanco	1	['1WSGTYKLEpKfNQYYW5Oymt']
ZAYN	Zhavia Ward	1	['1iWHabUgUuuKLBa0TzTHfk']
Future	Juice WRLD	1	['5274I4mUMnYczyeXkGDWZN']
Ariana Grande	Nicki Minaj	1	['7vJS1DPc3FzBtqBs8n3mW5']
Ariana Grande	Normani	1	['7vJS1DPc3FzBtqBs8n3mW5']
Nicki Minaj	Normani	1	['7vJS1DPc3FzBtqBs8n3mW5']
6ix9ine	Murda Beatz	1	['4QIyEq7TcTdAcxjI2AFlAK']
Murda Beatz	Nicki Minaj	1	['4QIyEq7TcTdAcxjI2AFlAK']
A Boogie Wit da Hoodie	Jay Critch	1	['4gJUBncw0XCMTBHneTjqGx']
A Boogie Wit da Hoodie	Rich The Kid	1	['4gJUBncw0XCMTBHneTjqGx']
Jay Critch	Rich The Kid	1	['4gJUBncw0XCMTBHneTjqGx']
EARTHGANG	Guapdad 4000	1	['2gtFMLjQpCTGekMi4oXZxN']
Cardi B	Maroon 5	1	['7fa9MBXhVfQ8P8Df9OEbD8']
Burna Boy	Ed Sheeran	1	['07s9NNOT0sZQp7TyolLLgu']
Burna Boy	Stormzy	1	['07s9NNOT0sZQp7TyolLLgu']
Post Malone	Quavo	1	['3a1lNhkSLSkpJE4MSHpDu9']
Dixie Chicks	Taylor Swift	1	['4AYtqFyFbX0Xkc2wtcygTr']
Kygo	Valerie Broussard	1	['3Kuu5vASpXK8oRsxOvau6P']
Lil Uzi Vert	Young Thug	1	['3pTScODwk9tggZzmuH6xDY']
Anuel AA	Fabolous	1	['2tnlNVAhuQGgoFJxALVeXx']
Anuel AA	Meek Mill	1	['2tnlNVAhuQGgoFJxALVeXx']
Fabolous	Meek Mill	1	['2tnlNVAhuQGgoFJxALVeXx']
Juicy J	Rae Sremmurd	1	['1BuZAIO8WZpavWVbbq3Lci']
Juicy J	Slim Jxmmi	1	['1BuZAIO8WZpavWVbbq3Lci']
Juicy J	Swae Lee	1	['1BuZAIO8WZpavWVbbq3Lci']
Rae Sremmurd	Slim Jxmmi	1	['1BuZAIO8WZpavWVbbq3Lci']
Rae Sremmurd	Swae Lee	1	['1BuZAIO8WZpavWVbbq3Lci']
Slim Jxmmi	Swae Lee	1	['1BuZAIO8WZpavWVbbq3Lci']
Big Sean	Jhené Aiko	1	['1nal3Tf1OCV53KigMZXsZ7']
Grey	Maren Morris	1	['09IStsImFySgyp0pIQdqAc']
Grey	Zedd	1	['09IStsImFySgyp0pIQdqAc']
Maren Morris	Zedd	1	['09IStsImFySgyp0pIQdqAc']
Doe Boy	Future	1	['2j7mcsEz4n5XxMMqqjjB6p']
Doe Boy	Meek Mill	1	['2j7mcsEz4n5XxMMqqjjB6p']
Future	Meek Mill	1	['2j7mcsEz4n5XxMMqqjjB6p']
Diplo	Ellie Goulding	1	['5JEx7HbmvHQQswJCsoo9rA']
Diplo	Swae Lee	1	['5JEx7HbmvHQQswJCsoo9rA']
Ellie Goulding	Swae Lee	1	['5JEx7HbmvHQQswJCsoo9rA']
"Bobby ""Boris"" Pickett"	The Crypt-Kickers	1	['0xxZY5C9xxij3D1HkzbnfC']
Halsey	Juice WRLD	1	['6Zc5f20q7sOe1IC1c1jQvZ']
Chance the Rapper	MadeinTYO	1	['00ko9WaS4jOX1kEk3gvHjf']
DaBaby	MadeinTYO	1	['00ko9WaS4jOX1kEk3gvHjf']
Summer Walker	Usher	1	['3TTMUI5dFcbeNSDTTDY9M8']
Gucci Mane	Gunna	1	['6KCt9V6Lev0M04rFUj8ANC']
Gucci Mane	Lil Baby	1	['6KCt9V6Lev0M04rFUj8ANC']
Offset	Stunna 4 Vegas	1	['09TZsMHXEtQkdmMJZPLKup']
Lauv	Troye Sivan	1	['7COXchtUOMd6uIT6HvmRaI']
Brando	Loud Luxury	1	['7K7MUBCnzgBAvMVW2RTWNs']
Goodboys	MEDUZA	1	['1DFD5Fotzgn6yYXkYsKiGs']
Gunna	Lil Skies	1	['6PXhPHhZy1MpxuTNA1Ad4L']
Chance the Rapper	Murda Beatz	1	['0yFvWTLs3iIwDbc91noXGT']
Chance the Rapper	TisaKorean	1	['0yFvWTLs3iIwDbc91noXGT']
Murda Beatz	TisaKorean	1	['0yFvWTLs3iIwDbc91noXGT']
Mustard	Roddy Ricch	1	['3QzAOrNlsabgbMwlZt7TAY']
Anitta	Rita Ora	1	['6JqpFboOH2bq9pzaYbkKBn']
Anitta	Sofia Reyes	1	['6JqpFboOH2bq9pzaYbkKBn']
Rita Ora	Sofia Reyes	1	['6JqpFboOH2bq9pzaYbkKBn']
Chance the Rapper	CocoRosie	1	['5LWprrbySabBAMm0aE447a']
Chance the Rapper	Taylor Bennett	1	['5LWprrbySabBAMm0aE447a']
CocoRosie	Taylor Bennett	1	['5LWprrbySabBAMm0aE447a']
Diplo	El Alfa	1	['1G2CAJeP7rCwOZjlSJ0Zw3']
Diplo	J Balvin	1	['1G2CAJeP7rCwOZjlSJ0Zw3']
El Alfa	J Balvin	1	['1G2CAJeP7rCwOZjlSJ0Zw3']
El Alfa	Major Lazer	1	['1G2CAJeP7rCwOZjlSJ0Zw3']
J Balvin	Major Lazer	1	['1G2CAJeP7rCwOZjlSJ0Zw3']
Anuel AA	Tainy	1	['3jbT1Y5MoPwEIpZndDDwVq']
Ozuna	Tainy	1	['3jbT1Y5MoPwEIpZndDDwVq']
Playboi Carti	Trippie Redd	1	['5CMUThHlepHR8c1xD0QYzs']
A$AP Rocky	Famous Dex	1	['0dSIrRkA4PadGll16TgbnV']
Bas	Cozz	1	['4ChD9wq9iakg5UdeSzmgPE']
Bas	Yung Baby Tate	1	['4ChD9wq9iakg5UdeSzmgPE']
Buddy	Yung Baby Tate	1	['4ChD9wq9iakg5UdeSzmgPE']
Cozz	Guapdad 4000	1	['4ChD9wq9iakg5UdeSzmgPE']
Cozz	Yung Baby Tate	1	['4ChD9wq9iakg5UdeSzmgPE']
Dreamville	Yung Baby Tate	1	['4ChD9wq9iakg5UdeSzmgPE']
Guapdad 4000	Yung Baby Tate	1	['4ChD9wq9iakg5UdeSzmgPE']
JP Saxe	Julia Michaels	1	['2kJwzbxV2ppxnQoYw4GLBZ']
Galantis	OneRepublic	1	['1pfgsjmxVZhoZpeDx6POKv']
DaBaby	Moneybagg Yo	1	['2FvD20Z8aoWIePi7PoN8sG']
Lil Baby	Moneybagg Yo	1	['2FvD20Z8aoWIePi7PoN8sG']
Lil Wayne	Swizz Beatz	1	['3wScL5W8H40zzCKN0atfBk']
Ariana Grande	Lizzo	1	['07Oz5StQ7GRoygNLaXs2pd']
BTS	Halsey	1	['5KawlOMHjWeUjQtnuRs22c']
Brooks & Dunn	Luke Combs	1	['6pgN3d6oBrhmrSAKBfWNsf']
KAROL G	Nicki Minaj	1	['7k4t7uLgtOxPwTpFmtJNTY']
Chance the Rapper	Smino	1	['5LeStoyvjAHpM52IYogOq0']
Meek Mill	Roddy Ricch	1	['4bl1HBZliBuYpFZjWgefE4']
B. Swanson Quartet	Frank Sinatra	1	['4kKdvXD0ez7jp1296JmAts']
DaVionne	Dreamville	1	['6n3q5ybuUQFT97ddyuxsFh']
DaVionne	Lute	1	['6n3q5ybuUQFT97ddyuxsFh']
DaVionne	Mez	1	['6n3q5ybuUQFT97ddyuxsFh']
DaVionne	Omen	1	['6n3q5ybuUQFT97ddyuxsFh']
Lute	Mez	1	['6n3q5ybuUQFT97ddyuxsFh']
Lute	Omen	1	['6n3q5ybuUQFT97ddyuxsFh']
Mez	Omen	1	['6n3q5ybuUQFT97ddyuxsFh']
Dreamville	T.I.	1	['3QBnJDkME3teXvf52Sfslk']
JID	T.I.	1	['3QBnJDkME3teXvf52Sfslk']
2 Chainz	Kendrick Lamar	1	['7jKUnzzOGhAlPjr7LkIUlE']
Childish Major	Cozz	1	['1OS9fNE87zO4Z696lBXriv']
Childish Major	Dreamville	1	['1OS9fNE87zO4Z696lBXriv']
Childish Major	REASON	1	['1OS9fNE87zO4Z696lBXriv']
Cozz	REASON	1	['1OS9fNE87zO4Z696lBXriv']
Dreamville	REASON	1	['1OS9fNE87zO4Z696lBXriv']
Kygo	The Chainsmokers	1	['3TKpJrY9q49Mj1JOsM9zGL']
Bad Bunny	Cardi B	1	['58q2HKrzhC3ozto2nDdN4z']
Cardi B	J Balvin	1	['58q2HKrzhC3ozto2nDdN4z']
Quavo	Young Thug	1	['5UmRDaMPkV6g2HVMWoKx8u']
Chelsea Cutler	Kygo	1	['6aoGtdWXBkYQ2O2wnyIz2x']
Kanye West	YNW Melly	1	['6vWEAOUSxohKxhp0K1BsxL']
Machine Gun Kelly	Naomi Wild	1	['0YP8kt3sAYTj6eEyesreQH']
Chris Brown	Ink	1	['7ILEWkpfdK6AjH2D7jppWk']
Chris Brown	Justin Bieber	1	['7ILEWkpfdK6AjH2D7jppWk']
Ink	Justin Bieber	1	['7ILEWkpfdK6AjH2D7jppWk']
Ari Lennox	Baby Rose	1	['7dnSXaCjLdFiWZa8s5wP1n']
Ari Lennox	Bas	1	['7dnSXaCjLdFiWZa8s5wP1n']
Baby Rose	Bas	1	['7dnSXaCjLdFiWZa8s5wP1n']
Baby Rose	Dreamville	1	['7dnSXaCjLdFiWZa8s5wP1n']
Ghostface Killah	Miley Cyrus	1	['42zePe03Iq8tvFcJAIKkp8']
Machine Gun Kelly	Young Thug	1	['1yBbxDXEfr8boXM1ubvBHi']
Death Stranding: Timefall	Diplo	1	['0Z26mbSHJ1dkUu7g9DDgif']
Death Stranding: Timefall	Khalid	1	['0Z26mbSHJ1dkUu7g9DDgif']
Death Stranding: Timefall	Major Lazer	1	['0Z26mbSHJ1dkUu7g9DDgif']
Diplo	Khalid	1	['0Z26mbSHJ1dkUu7g9DDgif']
Khalid	Major Lazer	1	['0Z26mbSHJ1dkUu7g9DDgif']
A Boogie Wit da Hoodie	Internet Money	1	['735RSTb2xbtWbDtKD9XDYi']
A Boogie Wit da Hoodie	Lil Tecca	1	['735RSTb2xbtWbDtKD9XDYi']
Internet Money	Lil Tecca	1	['735RSTb2xbtWbDtKD9XDYi']
Juice WRLD	Ski Mask The Slump God	1	['74lnM5V6ecvoTPV0fvptx9']
Gunna	Metro Boomin	1	['1fewSx2d5KIZ04wsooEBOz']
David Bowie	Queen	1	['2fuCquhmrzHpu5xcA1ci9x']
BTS	Charli XCX	1	['4c1WgUnHXq2LEncGHKgj1I']
Drake	Swae Lee	1	['2sqsNXfN0HtgDEgaHXiUTa']
Chance the Rapper	Lil Durk	1	['0QBRshHeQLEThdj2TqxM9n']
Chance the Rapper	Nicki Minaj	1	['0QBRshHeQLEThdj2TqxM9n']
Lil Durk	Nicki Minaj	1	['0QBRshHeQLEThdj2TqxM9n']
Beyoncé	Childish Gambino	1	['7oqftogUN82Q7VNy2TmTJW']
Beyoncé	JAY-Z	1	['7oqftogUN82Q7VNy2TmTJW']
Beyoncé	Oumou Sangaré	1	['7oqftogUN82Q7VNy2TmTJW']
Childish Gambino	JAY-Z	1	['7oqftogUN82Q7VNy2TmTJW']
Childish Gambino	Oumou Sangaré	1	['7oqftogUN82Q7VNy2TmTJW']
JAY-Z	Oumou Sangaré	1	['7oqftogUN82Q7VNy2TmTJW']
Ed Sheeran	Ella Mai	1	['5T03itPFOPGGkvVPvPiyla']
The Chainsmokers	Ty Dolla $ign	1	['5MvLsT03RBp67RLoeISCdl']
The Chainsmokers	bülow	1	['5MvLsT03RBp67RLoeISCdl']
Ty Dolla $ign	bülow	1	['5MvLsT03RBp67RLoeISCdl']
A Boogie Wit da Hoodie	Tee Grizzley	1	['2HsSzwrvvgiYSCdsYLiJWB']
A Boogie Wit da Hoodie	YNW Melly	1	['2HsSzwrvvgiYSCdsYLiJWB']
Tee Grizzley	YNW Melly	1	['2HsSzwrvvgiYSCdsYLiJWB']
Ariana Grande	Social House	1	['0Ryd8975WihbObpp5cPW1t']
Gucci Mane	Lil Uzi Vert	1	['1CiR9MK8zVPKtGrHe4LFPb']
Gucci Mane	Young Dolph	1	['1CiR9MK8zVPKtGrHe4LFPb']
Lil Uzi Vert	Young Dolph	1	['1CiR9MK8zVPKtGrHe4LFPb']
NAV	Young Thug	1	['369g3Kv6MXsl0wn7PNtWvO']
Bryson Tiller	Summer Walker	1	['2xyx0o4xNOLLjBSbOOdcbA']
Evan Rachel Wood	Idina Menzel	1	['50WeOnXhM1H7AZEeIDoWfZ']
AURORA	Idina Menzel	1	['3Z0oQ8r78OUaHvGPiDBR3W']
Kygo	Whitney Houston	1	['6oJ6le65B3SEqPwMRNXWjY']
A Boogie Wit da Hoodie	Lil Uzi Vert	1	['364spZLB5bhNlnPrzvUB41']
Chris Brown	Tory Lanez	1	['0Odu228D0yGcFySGuxU4rY']
G-Eazy	Logic	1	['2SDFznsHkeFXiPFwN0npVM']
Jonas Blue	Rita Ora	1	['3M9Apu4OZfylLTFKvgEtKa']
Jonas Blue	Tiësto	1	['3M9Apu4OZfylLTFKvgEtKa']
Rita Ora	Tiësto	1	['3M9Apu4OZfylLTFKvgEtKa']
Nipsey Hussle	YG	1	['39xWBHPM4E9MwzEy5gbM7p']
Anne-Marie	Marshmello	1	['08bNPGLD8AhKpnnERrAc6G']
Anne-Marie	Lauv	1	['322tcqPhma7F6hfCeLisx0']
Chris Brown	J Balvin	1	['1jlnBQGP2DtSEhMgQaz7a7']
Dan + Shay	Justin Bieber	1	['2wrJq5XKLnmhRXHIAf9xBa']
Kid Cudi	ScHoolboy Q	1	['0IH3D0P8OrQFs6ajcqbm0R']
Brett Eldredge	Meghan Trainor	1	['5Q2P43CJra0uRAogjHyJDK']
The Chainsmokers	Winona Oak	1	['4BiiOzZCrXEzHRLYcYFiD5']
Gucci Mane	Lil Skies	1	['0hCHNYL8ApQCGNwJrYN1FY']
Quavo	Tory Lanez	1	['5CKtlUULFD5aPVX4PL02H6']
Quavo	Tyga	1	['5CKtlUULFD5aPVX4PL02H6']
Tory Lanez	Tyga	1	['5CKtlUULFD5aPVX4PL02H6']
Meek Mill	Rick Ross	1	['5MqPHMhLXyZDDPHMGEF6MQ']
Meek Mill	Wale	1	['5MqPHMhLXyZDDPHMGEF6MQ']
Rick Ross	Wale	1	['5MqPHMhLXyZDDPHMGEF6MQ']
Anderson .Paak	Smokey Robinson	1	['4SBVWkRIMJ6WBCYPvr5Bwr']
Bradley Cooper	Lady Gaga	1	['2VxeLyX666F8uXCJ0dZF8B']
ScHoolboy Q	Ty Dolla $ign	1	['7gPHxxAq4YjK7GoLT3Vch3']
ScHoolboy Q	YG	1	['7gPHxxAq4YjK7GoLT3Vch3']
Ty Dolla $ign	YG	1	['7gPHxxAq4YjK7GoLT3Vch3']
Offset	Young Thug	1	['2JdIqJBbIiwEah4ejqIWGj']
Quality Control	Young Thug	1	['2JdIqJBbIiwEah4ejqIWGj']
Chance the Rapper	Twista	1	['0aMHIW1lqrulVCx0LLlr6a']
Chance the Rapper	Vic Mensa	1	['0aMHIW1lqrulVCx0LLlr6a']
Twista	Vic Mensa	1	['0aMHIW1lqrulVCx0LLlr6a']
Kodak Black	XXXTENTACION	1	['40oKW22ZNNkEdZLJTScaQI']
Bruno Mars	Cardi B	1	['0PG9fbaaHFHfre2gUVo7AN']
Bazzi	Camila Cabello	1	['4VUwkH455At9kENOfzTqmF']
DJ Khaled	Gunna	1	['7C0BHTRLmWUONc8OYjOPdW']
Gunna	Lil Wayne	1	['7C0BHTRLmWUONc8OYjOPdW']
Lil Baby	ScHoolboy Q	1	['0wE6AaKnovGUAnwmSxHFrr']
Blueface	Lil Pump	1	['4eZKAB9uNMIG0yNri34PBp']
6ix9ine	Kanye West	1	['1oJ8EDr2pv94IvSd6ZmDgo']
Kanye West	Nicki Minaj	1	['1oJ8EDr2pv94IvSd6ZmDgo']
Ant Clemons	Ty Dolla $ign	1	['24bnCCysWnbNRNUT4LpHcP']
Kanye West	Ty Dolla $ign	1	['24bnCCysWnbNRNUT4LpHcP']
Captain Cuts	Felix Jaehn	1	['7FjZU7XFs7P9jHI9Z0yRhK']
Captain Cuts	Georgia Ku	1	['7FjZU7XFs7P9jHI9Z0yRhK']
Captain Cuts	NOTD	1	['7FjZU7XFs7P9jHI9Z0yRhK']
Felix Jaehn	Georgia Ku	1	['7FjZU7XFs7P9jHI9Z0yRhK']
Felix Jaehn	NOTD	1	['7FjZU7XFs7P9jHI9Z0yRhK']
Georgia Ku	NOTD	1	['7FjZU7XFs7P9jHI9Z0yRhK']
6LACK	J. Cole	1	['4at3d5QWnlibMVN75ECDrp']
Kanye West	Sunday Service Choir	1	['1WnqWQcWcuQbVzgE7ecfCY']
Brent Faiyaz	Juice WRLD	1	['5ZOEulH7fvK4ZkMLTOyKL0']
DaBaby	Megan Thee Stallion	1	['2rMAtCaTj16NptyVfEIeAC']
21 Savage	Travis Scott	1	['7pMRoGLEJuFM2wl5pt0R99']
Jonas Blue	Theresa Rex	1	['4NSW0Km5ZG60L8FthUebPJ']
Bad Bunny	Marciano Cantero	1	['7hynhxDoDpgMIV12JuVtNa']
J Balvin	Marciano Cantero	1	['7hynhxDoDpgMIV12JuVtNa']
Trippie Redd	YoungBoy Never Broke Again	1	['1FxTz4x5X7ewAICkKhB3kA']
Camila Cabello	Cardi B	1	['4vUmTMuQqjdnvlZmAH61Qk']
Camila Cabello	Ed Sheeran	1	['4vUmTMuQqjdnvlZmAH61Qk']
Cardi B	Ed Sheeran	1	['4vUmTMuQqjdnvlZmAH61Qk']
Joyner Lucas	Logic	1	['36TO60sxDduIsO3xH8IcUh']
Kelsea Ballerini	Thomas Rhett	1	['7p9zIciejn8GXnsRdG9EQR']
Juice WRLD	YoungBoy Never Broke Again	1	['6Gg1gjgKi2AK4e0qzsR7sd']
BIA	Russ	1	['2Xo3rLHjXfdb4avN68aQyi']
ALLBLACK	Blueface	1	['4EnEGf9JzAJhF1XNY9DJcD']
ALLBLACK	G-Eazy	1	['4EnEGf9JzAJhF1XNY9DJcD']
ALLBLACK	YG	1	['4EnEGf9JzAJhF1XNY9DJcD']
G-Eazy	YG	1	['4EnEGf9JzAJhF1XNY9DJcD']
Drake	Meek Mill	1	['2IRZnDFmlqMuOrYOLnZZyc']
DaBaby	Nicki Minaj	1	['3GX2hFAekmSduZzcS52OnR']
Madison Beer	Offset	1	['3WefHNGtjexZvi66ZEx9u4']
John Lennon	The Harlem Community Choir	1	['3zJw3rugfpVrmBeDDnUYzy']
John Lennon	The Plastic Ono Band	1	['3zJw3rugfpVrmBeDDnUYzy']
John Lennon	Yoko Ono	1	['3zJw3rugfpVrmBeDDnUYzy']
The Harlem Community Choir	The Plastic Ono Band	1	['3zJw3rugfpVrmBeDDnUYzy']
The Harlem Community Choir	Yoko Ono	1	['3zJw3rugfpVrmBeDDnUYzy']
The Plastic Ono Band	Yoko Ono	1	['3zJw3rugfpVrmBeDDnUYzy']
Khalid	SAFE	1	['1E6DEDWDKHoOW0fcFuDghV']
Megan Thee Stallion	Nicki Minaj	1	['5N1o6d8zGcSZSeMFkOUQOk']
Megan Thee Stallion	Ty Dolla $ign	1	['5N1o6d8zGcSZSeMFkOUQOk']
Nicki Minaj	Ty Dolla $ign	1	['5N1o6d8zGcSZSeMFkOUQOk']
A Boogie Wit da Hoodie	Denzel Curry	1	['3s9f1LQ6607eDj9UYCzmgk']
A Boogie Wit da Hoodie	Rick Ross	1	['3s9f1LQ6607eDj9UYCzmgk']
Denzel Curry	Rick Ross	1	['3s9f1LQ6607eDj9UYCzmgk']
Flipp Dinero	Lil Baby	1	['14X1WxiHXdVRJ99cMCBzOE']
Bad Bunny	Mr Eazi	1	['7knLcYCOSaURD0d7HUULFM']
J Balvin	Mr Eazi	1	['7knLcYCOSaURD0d7HUULFM']
2 Chainz	Ariana Grande	1	['1R6VwZ8TuHRzxZUxe88n4I']
Labrinth	Zendaya	1	['10hMM5nsZQf66ldBlgWBfG']
Drake	Gunna	1	['6wWaVoUOzLQJHd3bWAUpdZ']
Alessia Cara	Khalid	1	['5tz69p7tJuGPeMGwNTxYuV']
Alessia Cara	Logic	1	['5tz69p7tJuGPeMGwNTxYuV']
Khalid	Logic	1	['5tz69p7tJuGPeMGwNTxYuV']
Diplo	LSD	1	['3Y7a0typ6ik1KscmebXd6D']
Diplo	Labrinth	1	['3Y7a0typ6ik1KscmebXd6D']
Diplo	Sia	1	['3Y7a0typ6ik1KscmebXd6D']
LSD	Labrinth	1	['3Y7a0typ6ik1KscmebXd6D']
LSD	Sia	1	['3Y7a0typ6ik1KscmebXd6D']
Labrinth	Sia	1	['3Y7a0typ6ik1KscmebXd6D']
Ariana Grande	Victoria Monét	1	['6tsOcBnaKgzK22yEiqRh8P']
A Boogie Wit da Hoodie	Offset	1	['0jAfdqv18goRTUxm3ilRjb']
6ix9ine	Lil Baby	1	['4m5Cd9kAbIxg6t9sMrQWtk']
A$AP Ferg	Big Sean	1	['2B9wgj9XzbJZLty03PRbVo']
A$AP Ferg	Hit-Boy	1	['2B9wgj9XzbJZLty03PRbVo']
Big Sean	Hit-Boy	1	['2B9wgj9XzbJZLty03PRbVo']
Kendrick Lamar	Nipsey Hussle	1	['6fIjnWrv46njJHLDAY2JdC']
Kendrick Lamar	SiR	1	['6sq5mqtS3jwJjvBHALknJH']
Offset	Playboi Carti	1	['4T2dHb8XBYHlVj7Dyo1cW9']
Playboi Carti	Quality Control	1	['4T2dHb8XBYHlVj7Dyo1cW9']
Future	Lil Baby	1	['2wZjsbwmWfNVslgV5afl1L']
A$AP Ferg	A$AP Rocky	1	['3O7lxdQoe1aNWs93VSHsJg']
A$AP Ferg	Mustard	1	['3O7lxdQoe1aNWs93VSHsJg']
A$AP Ferg	Tyga	1	['3O7lxdQoe1aNWs93VSHsJg']
A$AP Ferg	YG	1	['3O7lxdQoe1aNWs93VSHsJg']
A$AP Rocky	Mustard	1	['3O7lxdQoe1aNWs93VSHsJg']
A$AP Rocky	Tyga	1	['3O7lxdQoe1aNWs93VSHsJg']
A$AP Rocky	YG	1	['3O7lxdQoe1aNWs93VSHsJg']
Mustard	Tyga	1	['3O7lxdQoe1aNWs93VSHsJg']
Bing Crosby	The Andrews Sisters	1	['04vLj9QUXoKdRlsp3gkURo']
Gucci Mane	Megan Thee Stallion	1	['3g8sG483Es7NcJyXgkF1nT']
Dreamville	Vince Staples	1	['2DjLLLV2r88a8TO0hVTVrS']
J. Cole	Vince Staples	1	['2DjLLLV2r88a8TO0hVTVrS']
JID	Vince Staples	1	['2DjLLLV2r88a8TO0hVTVrS']
A Boogie Wit da Hoodie	Ed Sheeran	1	['4vIKzWqtn44umal5jXq4wE']
A Boogie Wit da Hoodie	Meek Mill	1	['4vIKzWqtn44umal5jXq4wE']
Ed Sheeran	Meek Mill	1	['4vIKzWqtn44umal5jXq4wE']
Beyoncé	Blue Ivy	1	['0B3FovCVaGKS5w1FTidEUP']
Beyoncé	SAINt JHN	1	['0B3FovCVaGKS5w1FTidEUP']
Beyoncé	WizKid	1	['0B3FovCVaGKS5w1FTidEUP']
Blue Ivy	SAINt JHN	1	['0B3FovCVaGKS5w1FTidEUP']
Blue Ivy	WizKid	1	['0B3FovCVaGKS5w1FTidEUP']
SAINt JHN	WizKid	1	['0B3FovCVaGKS5w1FTidEUP']
Mark Ronson	Miley Cyrus	1	['27rdGxbavYJeBphck5MZAF']
J. Cole	Offset	1	['32iPykTXUNZ9oGyACGUybq']
6LACK	Khalid	1	['6Hgh47WXVKtXN5zGOu0hjI']
6LACK	Ty Dolla $ign	1	['6Hgh47WXVKtXN5zGOu0hjI']
Khalid	Ty Dolla $ign	1	['6Hgh47WXVKtXN5zGOu0hjI']
Halsey	Khalid	1	['7FGq80cy8juXBCD2nrqdWU']
Halsey	benny blanco	1	['7FGq80cy8juXBCD2nrqdWU']
Khalid	benny blanco	1	['7FGq80cy8juXBCD2nrqdWU']
Black Eyed Peas	J Balvin	1	['6cy3ki60hLwimwIje7tALf']
Billy Ray Cyrus	Mason Ramsey	1	['6jmZlyf9DxcIoRrjw02YXm']
Billy Ray Cyrus	Young Thug	1	['6jmZlyf9DxcIoRrjw02YXm']
Lil Nas X	Mason Ramsey	1	['6jmZlyf9DxcIoRrjw02YXm']
Lil Nas X	Young Thug	1	['6jmZlyf9DxcIoRrjw02YXm']
Mason Ramsey	Young Thug	1	['6jmZlyf9DxcIoRrjw02YXm']
John Mayer	Khalid	1	['09oZ9eXQ2fo6YDrPzJqAoP']
Daniel Caesar	John Mayer	1	['45PxuJqJBnPXZKLxoo9Apj']
DJ Khaled	John Legend	1	['6O10oTtZIZ4DkkUqyfCbrR']
DJ Khaled	Nipsey Hussle	1	['6O10oTtZIZ4DkkUqyfCbrR']
John Legend	Nipsey Hussle	1	['6O10oTtZIZ4DkkUqyfCbrR']
Halsey	The Chainsmokers	1	['7BKLCZ1jbUBVqRi2FVlTVw']
DaBaby	Kevin Gates	1	['2TsD9kSbgYx5fSNRsoNURE']
Post Malone	Ty Dolla $ign	1	['3swc6WTsr7rl9DqQKQA55C']
Gunna	NAV	1	['0nA2zH7QBV92QkSuwdCZbi']
50 Cent	Ed Sheeran	1	['0AtP8EkGPn6SwxKDaUuXec']
50 Cent	Eminem	1	['0AtP8EkGPn6SwxKDaUuXec']
Ed Sheeran	Eminem	1	['0AtP8EkGPn6SwxKDaUuXec']
Kygo	Sandro Cavazza	1	['14sOS5L36385FJ3OL8hew4']
Ariana Grande	Liz Gillies	1	['6YJdPrH3i2POzu7hdHIRrb']
John Williams	Mykola Dmytrovych Leontovych	1	['4tHqQMWSqmL6YjXwsqthDI']
Calboy	Chance the Rapper	1	['3NEjuId3qYDT482ykUBbeI']
Katy Perry	Zedd	1	['2XWjPtKdi5sucFYtVav07d']
6ix9ine	Tory Lanez	1	['6Gy7rXB6Ku5vIWC7WGWsl3']
Machine Gun Kelly	Trippie Redd	1	['37AGgp9VP8TVJBfEat74Bj']
Buddy	J. Cole	1	['1KbCc89SxYma4BnBChkJBs']
Buddy	Smino	1	['1KbCc89SxYma4BnBChkJBs']
Cozz	EARTHGANG	1	['1KbCc89SxYma4BnBChkJBs']
Cozz	J. Cole	1	['1KbCc89SxYma4BnBChkJBs']
Cozz	JID	1	['1KbCc89SxYma4BnBChkJBs']
Cozz	Smino	1	['1KbCc89SxYma4BnBChkJBs']
JID	Smino	1	['1KbCc89SxYma4BnBChkJBs']
A Boogie Wit da Hoodie	Kodak Black	1	['1f5cbQtDrykjarZVrShaDI']
Gucci Mane	Justin Bieber	1	['1VsqQEYObJsOPaeZwEXRPg']
21 Savage	Post Malone	1	['0e7ipj03S05BNilyu5bRzt']
Juice WRLD	Lil Uzi Vert	1	['1a7WZZZH7LzyvorhpOJFTe']
Big Sean	Chris Brown	1	['6Dq8FZrvx9S28iyaKSwn9x']
Big Sean	DJ Khaled	1	['6Dq8FZrvx9S28iyaKSwn9x']
Big Sean	Lil Wayne	1	['6Dq8FZrvx9S28iyaKSwn9x']
Chris Brown	DJ Khaled	1	['6Dq8FZrvx9S28iyaKSwn9x']
Chris Brown	Lil Wayne	1	['6Dq8FZrvx9S28iyaKSwn9x']
Dave	Ed Sheeran	1	['2qRN7PWiHRLprw4FpDeI9N']
Dave	Paulo Londra	1	['2qRN7PWiHRLprw4FpDeI9N']
Ed Sheeran	Paulo Londra	1	['2qRN7PWiHRLprw4FpDeI9N']
Chance the Rapper	Randy Newman	1	['2Jv5zlZ7iCZP7K1j26izha']
A Boogie Wit da Hoodie	Summer Walker	1	['4Qxn47gWPSucovKrMyRf1z']
Drake	Migos	1	['6n4U3TlzUGhdSFbUUhTvLP']
Ari Lennox	Chance the Rapper	1	['333OkWOgbV6C8I5wRLfuSx']
Ari Lennox	En Vogue	1	['333OkWOgbV6C8I5wRLfuSx']
Ari Lennox	Kierra Sheard	1	['333OkWOgbV6C8I5wRLfuSx']
Chance the Rapper	En Vogue	1	['333OkWOgbV6C8I5wRLfuSx']
Chance the Rapper	Kierra Sheard	1	['333OkWOgbV6C8I5wRLfuSx']
En Vogue	Kierra Sheard	1	['333OkWOgbV6C8I5wRLfuSx']
Clipse	Kanye West	1	['0oPOuDmmkVp3h6puekhs6P']
Clipse	Kenny G	1	['0oPOuDmmkVp3h6puekhs6P']
Kanye West	Kenny G	1	['0oPOuDmmkVp3h6puekhs6P']
DaBaby	Gunna	1	['0W1ZfgXpC23RYQPDq7RM5I']
Gunna	Quality Control	1	['0W1ZfgXpC23RYQPDq7RM5I']
A Boogie Wit da Hoodie	Khalid	1	['6PYnUsNEpYC7A4BS2sjw3L']
88-Keys	Mac Miller	1	['5h0Jgt873QtgL6nJRBGfT6']
88-Keys	Sia	1	['5h0Jgt873QtgL6nJRBGfT6']
Mac Miller	Sia	1	['5h0Jgt873QtgL6nJRBGfT6']
Blake Shelton	Gwen Stefani	1	['2OQ6a4CfUeYskpTTgyawyJ']
Mitchell Ayres & His Orchestra	Perry Como	1	['2pXpURmn6zC5ZYDMms6fwa']
Mitchell Ayres & His Orchestra	The Fontane Sisters	1	['2pXpURmn6zC5ZYDMms6fwa']
Perry Como	The Fontane Sisters	1	['2pXpURmn6zC5ZYDMms6fwa']
Jhené Aiko	Summer Walker	1	['7EkiMl81fUHVwpItgtzI4r']
Logic	YBN Cordae	1	['43IfdE75ficQgsI8QGBvwb']
CeeLo Green	Offset	1	['47Ad1NzqPuUFbCIURd94Oj']
Chance the Rapper	Shawn Mendes	1	['4pnIUqhf1AQMFrJPd4BbrT']
El Guincho	J Balvin	1	['2qG5sZ7Si6sdK74qLxedYM']
El Guincho	ROSALÍA	1	['2qG5sZ7Si6sdK74qLxedYM']
J Balvin	ROSALÍA	1	['2qG5sZ7Si6sdK74qLxedYM']
Eminem	Joyner Lucas	1	['60SdxE8apGAxMiRrpbmLY0']
Future	Travis Scott	1	['3WRIaWsws011vHMd9uzPjG']
Lil Baby	Young Thug	1	['1GeNui6m825V8jP4uKiIaH']
DaBaby	Migos	1	['1CCDIow4pPYyJYzhtTUYz2']
21 Savage	Bazzi	1	['12iDo4Kdw9vA2X1lN3UTVu']
BlocBoy JB	Drake	1	['4qKcDkK6siZ7Jp1Jb4m0aL']
Farruko	Pedro Capó	1	['5iwz1NiezX7WWjnCgY5TH4']
G-Eazy	Gunna	1	['5bzaS5tAni5oUpW7bWVdtY']
Lil Durk	Lil Tjay	1	['2wUwC1gBJIC05JH87v2hgN']
Daniel Caesar	H.E.R.	1	['4OBZT9EnhYIV17t4pGw7ig']
Lil Nas X	Travis Barker	1	['1ABQT5SxlUTNapSbSzblGx']
Julia Michaels	Niall Horan	1	['5WtfUKzXircvW8l5aaVZWT']
Michael Bublé	Shania Twain	1	['2gbCG4Rt9984UZ7Tc0dIFd']
2 Chainz	Big Sean	1	['0ZNrc4kNeQYD9koZ3KvCsy']
2 Chainz	Nicki Minaj	1	['0ZNrc4kNeQYD9koZ3KvCsy']
2 Chainz	YG	1	['0ZNrc4kNeQYD9koZ3KvCsy']
Big Sean	Nicki Minaj	1	['0ZNrc4kNeQYD9koZ3KvCsy']
Big Sean	YG	1	['0ZNrc4kNeQYD9koZ3KvCsy']
Nicki Minaj	YG	1	['0ZNrc4kNeQYD9koZ3KvCsy']
Kodak Black	Offset	1	['0FZ4Dmg8jJJAPJnvBIzD9z']
Kodak Black	Travis Scott	1	['0FZ4Dmg8jJJAPJnvBIzD9z']
BTS	Lauv	1	['314ZkcV7oLWG8yWE7LABvH']
Jeremih	Wale	1	['5z51HY4ei5QhTjcvwq5Msw']
21 Savage	Doe Boy	1	['3uW1lWgdTN494vIxu3R9Or']
21 Savage	Young Thug	1	['3uW1lWgdTN494vIxu3R9Or']
Doe Boy	Young Thug	1	['3uW1lWgdTN494vIxu3R9Or']
Dreamville	KEY!	1	['7wxDKfgFtRTbupcG4xDhtj']
Dreamville	Maxo Kream	1	['7wxDKfgFtRTbupcG4xDhtj']
Dreamville	Zoink Gang	1	['7wxDKfgFtRTbupcG4xDhtj']
J. Cole	KEY!	1	['7wxDKfgFtRTbupcG4xDhtj']
J. Cole	Maxo Kream	1	['7wxDKfgFtRTbupcG4xDhtj']
J. Cole	Zoink Gang	1	['7wxDKfgFtRTbupcG4xDhtj']
KEY!	Maxo Kream	1	['7wxDKfgFtRTbupcG4xDhtj']
KEY!	Zoink Gang	1	['7wxDKfgFtRTbupcG4xDhtj']
Maxo Kream	Zoink Gang	1	['7wxDKfgFtRTbupcG4xDhtj']
Cardi B	Offset	1	['59ywHNwwchG4nZJMLyxSzd']
Chance the Rapper	Death Cab for Cutie	1	['67xBtV07CC73eFw7z5oCvU']
Fall Out Boy	ILOVEMAKONNEN	1	['2v5JTeM6hSmi5wWy7jiwrI']
Fall Out Boy	Lil Peep	1	['2v5JTeM6hSmi5wWy7jiwrI']
ILOVEMAKONNEN	Lil Peep	1	['2v5JTeM6hSmi5wWy7jiwrI']
Lil Uzi Vert	Oh Wonder	1	['2eAZfqOm4EnOF9VvN50Tyc']
Lil Pump	Maluma	1	['2LskIZrCeLxRvCiGP8gxlh']
Lil Pump	Swae Lee	1	['2LskIZrCeLxRvCiGP8gxlh']
Lil Pump	XXXTENTACION	1	['2LskIZrCeLxRvCiGP8gxlh']
Maluma	Swae Lee	1	['2LskIZrCeLxRvCiGP8gxlh']
Maluma	XXXTENTACION	1	['2LskIZrCeLxRvCiGP8gxlh']
Swae Lee	XXXTENTACION	1	['2LskIZrCeLxRvCiGP8gxlh']
Bruno Mars	Gucci Mane	1	['2G1tXoGBaEMJ7FKGnkf6ud']
Bruno Mars	Kodak Black	1	['2G1tXoGBaEMJ7FKGnkf6ud']
Alan Walker	Farruko	1	['4n7jnSxVLd8QioibtTDBDq']
Alan Walker	Sabrina Carpenter	1	['4n7jnSxVLd8QioibtTDBDq']
Farruko	Sabrina Carpenter	1	['4n7jnSxVLd8QioibtTDBDq']
Lil Peep	XXXTENTACION	1	['4jvjzW7Hm0yK4LvvE0Paz9']
Gucci Mane	London On Da Track	1	['5FDCDBFDKpf7TLzDx6r2Lp']
Kodak Black	London On Da Track	1	['5FDCDBFDKpf7TLzDx6r2Lp']
6LACK	ScHoolboy Q	1	['06Y14QBRyzmPRqrswAfF4J']
Eric Church	Luke Combs	1	['17TSJlshgQ5zu0e8dedAla']
Alesso	Florida Georgia Line	1	['5Gu0PDLN4YJeW75PpBSg9p']
Alesso	Hailee Steinfeld	1	['5Gu0PDLN4YJeW75PpBSg9p']
Alesso	watt	1	['5Gu0PDLN4YJeW75PpBSg9p']
Florida Georgia Line	Hailee Steinfeld	1	['5Gu0PDLN4YJeW75PpBSg9p']
Florida Georgia Line	watt	1	['5Gu0PDLN4YJeW75PpBSg9p']
Hailee Steinfeld	watt	1	['5Gu0PDLN4YJeW75PpBSg9p']
Ed Sheeran	H.E.R.	1	['3FHXUqaUer9o231Je1zxIN']
SHAED	ZAYN	1	['1iQDltZqI7BXnHrFy4Qo1k']
Larry Walsh	Mark Linett	1	['5xlS0QkVrSH7ssEbBgBzbM']
Larry Walsh	Sweet	1	['5xlS0QkVrSH7ssEbBgBzbM']
Larry Walsh	The Beach Boys	1	['5xlS0QkVrSH7ssEbBgBzbM']
Mark Linett	Sweet	1	['5xlS0QkVrSH7ssEbBgBzbM']
Mark Linett	The Beach Boys	1	['5xlS0QkVrSH7ssEbBgBzbM']
Sweet	The Beach Boys	1	['5xlS0QkVrSH7ssEbBgBzbM']
Kina	Snøw	1	['4ZLzoOkj0MPWrTLvooIuaa']
Ari Lennox	Dreezy	1	['4nw0S8MtvcLSpXCS9M8ciL']
Ari Lennox	Omen	1	['4nw0S8MtvcLSpXCS9M8ciL']
Ari Lennox	Ty Dolla $ign	1	['4nw0S8MtvcLSpXCS9M8ciL']
Dreamville	Dreezy	1	['4nw0S8MtvcLSpXCS9M8ciL']
Dreamville	Ty Dolla $ign	1	['4nw0S8MtvcLSpXCS9M8ciL']
Dreezy	Omen	1	['4nw0S8MtvcLSpXCS9M8ciL']
Dreezy	Ty Dolla $ign	1	['4nw0S8MtvcLSpXCS9M8ciL']
Omen	Ty Dolla $ign	1	['4nw0S8MtvcLSpXCS9M8ciL']
Drake	PARTYNEXTDOOR	1	['5bvnqVuq7UFl0txSlHpsfS']
Ed Sheeran	Travis Scott	1	['1DhRbox3xkceP64k3JeYfW']
Ellie Goulding	Juice WRLD	1	['6kls8cSlUyHW2BUOkDJIZE']
Lil Uzi Vert	Yo Gotti	1	['6e9biVAugkOfydEN8OiJpi']
Santana	Tyga	1	['51wFQM8W0YfXTmHusXUr5i']
Santana	YG	1	['51wFQM8W0YfXTmHusXUr5i']
2 Chainz	Young Thug	1	['40wyhIkaVvuZUAbAiTOkHI']
Lil Wayne	Rich The Kid	1	['51w9Jbat1pLeWINGCpnQUR']
Lil Wayne	Tory Lanez	1	['51w9Jbat1pLeWINGCpnQUR']
Blueface	French Montana	1	['40Zb4FZ6nS1Hj8RVfaLkCV']
Blueface	Lil Tjay	1	['40Zb4FZ6nS1Hj8RVfaLkCV']
French Montana	Lil Tjay	1	['40Zb4FZ6nS1Hj8RVfaLkCV']
Bastille	Marshmello	1	['2dpaYNEQHiRxtZbfNsse99']
Rico Nasty	XXXTENTACION	1	['5dkZ2DrcPJrqwlRQe6Q35e']
Snoop Dogg	Tory Lanez	1	['0BpYTh0O2ut5wvt0QtDGt4']
Ed Sheeran	J Hus	1	['1Bdptrvb7nQkq8kCw3siE9']
Ed Sheeran	Young Thug	1	['1Bdptrvb7nQkq8kCw3siE9']
J Hus	Young Thug	1	['1Bdptrvb7nQkq8kCw3siE9']
Anuel AA	Bantu	1	['4Uy3kNxW2kB8AEoXljEcth']
Anuel AA	Nicki Minaj	1	['4Uy3kNxW2kB8AEoXljEcth']
Bantu	Nicki Minaj	1	['4Uy3kNxW2kB8AEoXljEcth']
Kehlani	Zedd	1	['5aUSEPNd3m5xliFK4pn5mU']
Dzeko	Post Malone	1	['4kWO6O1BUXcZmaxitpVUwp']
Dzeko	Preme	1	['4kWO6O1BUXcZmaxitpVUwp']
Dzeko	Tiësto	1	['4kWO6O1BUXcZmaxitpVUwp']
Post Malone	Preme	1	['4kWO6O1BUXcZmaxitpVUwp']
Post Malone	Tiësto	1	['4kWO6O1BUXcZmaxitpVUwp']
Preme	Tiësto	1	['4kWO6O1BUXcZmaxitpVUwp']
Drake	J. Cole	1	['2xUHiyGeGrWmmfv7NbDTWC']
Diplo	Jonas Brothers	1	['4fwo6czG5nvOQMzhOto1ya']
Anderson .Paak	YBN Cordae	1	['5lw8Mgb4LyhriPIC86gV6e']
Juice WRLD	Kodak Black	1	['4KX8vXbouybtUptEyYxtIk']
DJ Khaled	J Balvin	1	['4U6ubKsTd8RBDP5tPPhh7I']
DJ Khaled	Jeremih	1	['4U6ubKsTd8RBDP5tPPhh7I']
J Balvin	Jeremih	1	['4U6ubKsTd8RBDP5tPPhh7I']
J Balvin	Lil Baby	1	['4U6ubKsTd8RBDP5tPPhh7I']
J Balvin	Meek Mill	1	['4U6ubKsTd8RBDP5tPPhh7I']
Jeremih	Lil Baby	1	['4U6ubKsTd8RBDP5tPPhh7I']
Jeremih	Meek Mill	1	['4U6ubKsTd8RBDP5tPPhh7I']
21 Savage	ScHoolboy Q	1	['4NN6N5TxBO5k9uqu0W4gfQ']
Logic	Marshmello	1	['4EAV2cKiqKP5UPZmY6dejk']
Metro Boomin	Offset	1	['7sO5G9EABYOXQKNPNiE9NR']
DJ Khaled	Post Malone	1	['0b6UoVjUzFyZNpHI0aAhKt']
DJ Khaled	Travis Scott	1	['0b6UoVjUzFyZNpHI0aAhKt']
Denzel Curry	Smokepurpp	1	['3aQV6E290SJvasp2VOgvBz']
DaBaby	Lil Nas X	1	['4SDgTLDYrJ2UrHbkRkg7MD']
Camila Cabello	Young Thug	1	['1rfofaqEpACxVEHIZBJe6W']
Meek Mill	Mustard	1	['5duCElafuovM4ZSmkQL4hn']
Meek Mill	YG	1	['5duCElafuovM4ZSmkQL4hn']
Mustard	Quavo	1	['5duCElafuovM4ZSmkQL4hn']
Quavo	YG	1	['5duCElafuovM4ZSmkQL4hn']
Big Rube	Offset	1	['57QievAWQ13DWl20Obiz8E']
Gucci Mane	Lil Yachty	1	['7tbyiwnLhtKYXNMjCZ60BT']
Gucci Mane	Migos	1	['7tbyiwnLhtKYXNMjCZ60BT']
Gucci Mane	Quality Control	1	['7tbyiwnLhtKYXNMjCZ60BT']
Lil Yachty	Migos	1	['7tbyiwnLhtKYXNMjCZ60BT']
Lil Yachty	Quality Control	1	['7tbyiwnLhtKYXNMjCZ60BT']
Migos	Quality Control	1	['7tbyiwnLhtKYXNMjCZ60BT']
Ashnikko	Yung Baby Tate	1	['6qNB2ChCVPepl5ZjVJJTUW']
Bebe Rexha	Florida Georgia Line	1	['4e4fqjx0Izh4svvTef1z7e']
Normani	Sam Smith	1	['6Qs4SXO9dwPj5GKvVOv8Ki']
Kygo	Rita Ora	1	['3y3brCCecHC3Db18aIOnny']
Cardi B	City Girls	1	['4DyBx5MYoq8RsU33cEAIxT']
Carly Rae Jepsen	Gryffin	1	['2j9YmQRxtjuVwb4XN95oT8']
Ed Sheeran	Skrillex	1	['5d1rmWWF1725tnYjq6rMDB']
Cardi B	DJ Snake	1	['4w8niZpiMy6qz1mntFA5uM']
Cardi B	Ozuna	1	['4w8niZpiMy6qz1mntFA5uM']
Cardi B	Selena Gomez	1	['4w8niZpiMy6qz1mntFA5uM']
DJ Snake	Ozuna	1	['4w8niZpiMy6qz1mntFA5uM']
DJ Snake	Selena Gomez	1	['4w8niZpiMy6qz1mntFA5uM']
Ozuna	Selena Gomez	1	['4w8niZpiMy6qz1mntFA5uM']
Clever	Juice WRLD	1	['4zxpssj8DyrfZcEUSUiNxG']
Clever	Rvssian	1	['4zxpssj8DyrfZcEUSUiNxG']
Juice WRLD	Rvssian	1	['4zxpssj8DyrfZcEUSUiNxG']
Fenix Flexin	Master Kato	1	['1n8wr8tRHs5jmBxNWXedcn']
Fenix Flexin	OHGEESY	1	['1n8wr8tRHs5jmBxNWXedcn']
Fenix Flexin	Rob Vicious	1	['1n8wr8tRHs5jmBxNWXedcn']
Fenix Flexin	Shoreline Mafia	1	['1n8wr8tRHs5jmBxNWXedcn']
Master Kato	OHGEESY	1	['1n8wr8tRHs5jmBxNWXedcn']
Master Kato	Rob Vicious	1	['1n8wr8tRHs5jmBxNWXedcn']
Master Kato	Shoreline Mafia	1	['1n8wr8tRHs5jmBxNWXedcn']
OHGEESY	Rob Vicious	1	['1n8wr8tRHs5jmBxNWXedcn']
OHGEESY	Shoreline Mafia	1	['1n8wr8tRHs5jmBxNWXedcn']
Rob Vicious	Shoreline Mafia	1	['1n8wr8tRHs5jmBxNWXedcn']
Drake	French Montana	1	['04MLEeAMuV9IlHEsD8vF6A']
J. Cole	Ty Dolla $ign	1	['3OJ4LEE50iFELaHiZ09zif']
Daddy Yankee	Snow	1	['5w9c2J52mkdntKOmRLeM2m']
Lil Mosey	Trippie Redd	1	['07NMFSwppnky8JyIQIxAQZ']
Chance the Rapper	Knox Fortune	1	['4LvRT9c5IKxC8GHVPAAaHb']
Bad Bunny	Tainy	1	['2TH65lNHgvLxCKXM3apjxI']
City Girls	French Montana	1	['4vfsh1GHqHZtTlkusq9j5E']
LANY	Lauv	1	['3GRSqlALWISqLeNncZMbpX']
Anuel AA	Romeo Santos	1	['2cYnZNzFRFK0H7vSNxPsUq']
Gunna	Playboi Carti	1	['1q9jq5X5vwmewjOa2mHtQ1']
Kelsea Ballerini	The Chainsmokers	1	['4NBTZtAt1F13VvlSKe6KTl']
Gunna	Tyga	1	['4yn0ftNHQSwsWE81h33y4K']
