artist_1	artist_2	count	song_ids
Gunna	Lil Baby	13	['6wWaVoUOzLQJHd3bWAUpdZ', '1yQvL8SzbF5JCroRKk9F07', '2bSk87AVkCIIC3Bcligq1z', '0kCBorRrKZkSztd9m0QI3r', '2Am26UXisQ91vBLYdqd7Pa', '4F6yN5FsFW10Ucx7cLCzBh', '4T7cJdrTRqOBESPYfvfj2x', '1BxkZE73h9BN3qwuA15TA3', '78QR3Wp35dqAhFEc2qAGjE', '7roKDmJDOzkpfGpUQJ5EnL', '3F57PtOdqRpD6euFYqtKXX', '6PoKfDY78ih5OveWirggRX', '7HLglWbzDheHZ3VZUbxGLC']
Future	Juice WRLD	13	['0JR7iZZ6Ql79sXW3rbiS3F', '3xBHLZwRfi0fjO9euaj5zf', '2OsDoAzo5SGq10qwmKSQBv', '7L95O7D34EWhwtDCQkwGMR', '3fFBZvG777xoKyvcrBq7lc', '5ExHDzOoOhC4xZGPh9zyQZ', '2vs5ubqg8QUbfyWZpMfvWe', '3thLnNvO9IctWoccbsZyJV', '2NRGaA1GyCmTYfm2GRPkUe', '1hHe7cirScEJWgAS0JFqTL', '5274I4mUMnYczyeXkGDWZN', '6gzIcEUuswJQGfJNPYMjjv', '4VMiNOpnjRwSCwmHaUfOMM']
Rae Sremmurd	Swae Lee	10	['07VJGBnywGutMZ72kRyEop', '1oUudyBYVGMIC8JXeIsFzq', '2yUbCEiaolfSMluDo9RMmG', '0TCnOEVeLQMXOUrpPlM7uY', '1BuZAIO8WZpavWVbbq3Lci', '2TtWdYXulGcHCeUJUWwZ4M', '5D0YYVfsYxLmcrVAfoBPxR', '6sTDhYVVXU3HSDuG7mBLRU', '3qKCDFZp192KBEEtFj7fDa', '6nI74KsH94IN0J2vp5shdT']
Quavo	Travis Scott	9	['2bjwRfXMk4uRgOD9IBYl9h', '4vwfOiyWxXeEdx4ejAJgdx', '6urLjX35oXXRYtcH1b3dCh', '0JYAsQJWIuaYUvZGF1qapT', '7g7raxdQpiLZT7aOlib4S1', '5vuiHi3QYbwcm1OKJOYnrf', '7foypmc7KZyU716Yv63BPe', '628Ueb4sRiXApObhcU9iPU', '7J6bnDDitOwfelaJNixHhL']
Metro Boomin	Travis Scott	9	['6osMzmRHCVETbZMHceLRmh', '3wAI7MIQtTgwcRmwchPZBc', '2kJAhu7mesSEkML8zviSNX', '6LyAwkJsHlW7RQ8S1cYAtM', '5u6vkDnOyaf8LsteDAj2ub', '1HLL8X0LH20F6Z9SLXLIjr', '27P4XoNXXEV4lTc3sB61RK', '2mYDDUkBcgFNBqkWctyyuc', '22ykS8KWpd2r4zcRZ0XMK5']
Rae Sremmurd	Slim Jxmmi	9	['1oUudyBYVGMIC8JXeIsFzq', '2yUbCEiaolfSMluDo9RMmG', '0TCnOEVeLQMXOUrpPlM7uY', '1BuZAIO8WZpavWVbbq3Lci', '2TtWdYXulGcHCeUJUWwZ4M', '5D0YYVfsYxLmcrVAfoBPxR', '6sTDhYVVXU3HSDuG7mBLRU', '3qKCDFZp192KBEEtFj7fDa', '6nI74KsH94IN0J2vp5shdT']
Slim Jxmmi	Swae Lee	9	['1oUudyBYVGMIC8JXeIsFzq', '2yUbCEiaolfSMluDo9RMmG', '0TCnOEVeLQMXOUrpPlM7uY', '1BuZAIO8WZpavWVbbq3Lci', '2TtWdYXulGcHCeUJUWwZ4M', '5D0YYVfsYxLmcrVAfoBPxR', '6sTDhYVVXU3HSDuG7mBLRU', '3qKCDFZp192KBEEtFj7fDa', '6nI74KsH94IN0J2vp5shdT']
21 Savage	Metro Boomin	7	['0AluA5RNsa4Cx6XRhf2hWZ', '2Grb4G6t9VIqo6moKUloom', '1m6lqaLvUTxPjOo98fJH8U', '5u6vkDnOyaf8LsteDAj2ub', '1HLL8X0LH20F6Z9SLXLIjr', '6fwdbPMwP1zVStm8FybmkO', '43lYaovU2FoeuBMNusVVVW']
Huncho Jack	Quavo	7	['4vwfOiyWxXeEdx4ejAJgdx', '6urLjX35oXXRYtcH1b3dCh', '7g7raxdQpiLZT7aOlib4S1', '5vuiHi3QYbwcm1OKJOYnrf', '7foypmc7KZyU716Yv63BPe', '628Ueb4sRiXApObhcU9iPU', '7J6bnDDitOwfelaJNixHhL']
Huncho Jack	Travis Scott	7	['4vwfOiyWxXeEdx4ejAJgdx', '6urLjX35oXXRYtcH1b3dCh', '7g7raxdQpiLZT7aOlib4S1', '5vuiHi3QYbwcm1OKJOYnrf', '7foypmc7KZyU716Yv63BPe', '628Ueb4sRiXApObhcU9iPU', '7J6bnDDitOwfelaJNixHhL']
6ix9ine	A Boogie Wit da Hoodie	5	['1wJRveJZLSb1rjhnUHQiv6', '7q1ikCoQLytPP5TTzDy7JK', '6o79O9qBP3OAkWOXajAQIS', '14PlDNjNh3pXyHXzkhX8n5', '0zl3PdjIl320fK0pxBGWNR']
Lil Yachty	Offset	4	['3ALgsy4RtDm58xl3VNoSgZ', '3LR0t8XqZ1FUj6nj01sXN0', '3GxGAhRowXixzk521JQpZu', '3wqjGZfKW36WhUeLHTlKzg']
Kendrick Lamar	SZA	4	['3GCdLUSnKSMJhs4Tj6CV3s', '12SJpYZEdj4kzWZ8FPFg4Y', '2Imq77E6CEJR5TPUxlJvTY', '66kQ7wr4d2LwwSjr7HXcyr']
Swae Lee	Travis Scott	4	['6osMzmRHCVETbZMHceLRmh', '1oUudyBYVGMIC8JXeIsFzq', '3qKCDFZp192KBEEtFj7fDa', '22ykS8KWpd2r4zcRZ0XMK5']
Landon Cube	Lil Skies	4	['3ZhTT6yjZwpPph5MIJ53XY', '2u7mxWSeoqTXndK5e08jMp', '689uBlyIufk2LUhAwjny4w', '5IKOXYnhzrLxqhlI0btiaa']
Metro Boomin	Offset	4	['0KPiSFlz5OUCgw7nwvhYWe', '7sO5G9EABYOXQKNPNiE9NR', '304CtPEPYQS6hbM4CubVti', '5u6vkDnOyaf8LsteDAj2ub']
Offset	Travis Scott	4	['0FZ4Dmg8jJJAPJnvBIzD9z', '7l3E7lcozEodtVsSTCkcaA', '6urLjX35oXXRYtcH1b3dCh', '5u6vkDnOyaf8LsteDAj2ub']
Gucci Mane	Migos	4	['3DxZfFYJLwKDJtUwnLEhkL', '1XRgIKC5TPwo7nWGyKqgG0', '35ffVv9x4mtzBh5rF1K9sP', '6p8NuHm8uCGnn2Dtbtf7zE']
Kelsea Ballerini	The Chainsmokers	4	['4NBTZtAt1F13VvlSKe6KTl', '4edS9dC0JPBlSS4p4gMOT0', '15kQGEy89K8deJcZVFEn0N', '6LKYeyLt4G4SlZ6OJwFhVS']
Ariana Grande	Nicki Minaj	4	['0sdbFOyfgAhAhWq8DpzkaW', '1ZEm9cJC05rawV2tptNfTS', '5iZ4hcpCgFVijq5OOjBTKZ', '3L4GsGLgxpHieVQH86H8bv']
BTS	Steve Aoki	4	['7Ed6BkggCS2KaKY5YlINaF', '2J0X46UkpfLlWbuCXFgDLr', '2r1T6xGTVaNAqBoPH4lZEE', '48XfojJC87VKLlUotYV0Gm']
21 Savage	Post Malone	4	['2U7Hu2RaNQNRi7izoJyZaX', '0e7ipj03S05BNilyu5bRzt', '1OmcAT5Y8eg5bUPv9qJT4R', '7wGoVu4Dady5GV0Sv4UIsx']
Lil Yachty	Tee Grizzley	4	['5Zx9VpLotu9aFYqq61NAip', '2NyrXRn4tancYPW6JwtTl2', '6asKJPlXOTx6BLyGnEAagB', '0KmgnnbSO6Iqye27Rdtv13']
6ix9ine	Fetty Wap	3	['7q1ikCoQLytPP5TTzDy7JK', '0zl3PdjIl320fK0pxBGWNR', '14PlDNjNh3pXyHXzkhX8n5']
A Boogie Wit da Hoodie	Fetty Wap	3	['7q1ikCoQLytPP5TTzDy7JK', '0zl3PdjIl320fK0pxBGWNR', '14PlDNjNh3pXyHXzkhX8n5']
Gunna	Young Thug	3	['4T7cJdrTRqOBESPYfvfj2x', '0kCBorRrKZkSztd9m0QI3r', '3tkFCUaISwablf9MJydsuB']
Post Malone	Swae Lee	3	['1A6OTy97kk0mMdm78rHsm8', '5VuxWXbt7XENQCtE9TzpTv', '3KkXRkHbMCARz0aVfEt68P']
Gunna	Metro Boomin	3	['5gub2bpJRgJP4m4MliqtdV', '1fewSx2d5KIZ04wsooEBOz', '3tkFCUaISwablf9MJydsuB']
Drake	Quavo	3	['2bjwRfXMk4uRgOD9IBYl9h', '5S1IUPueD0xE0vj4zU3nSf', '1rlIrbWboTRGeKfHhgbJRZ']
Metro Boomin	Swae Lee	3	['6osMzmRHCVETbZMHceLRmh', '0McI9sOmkpfd4E72njtU0G', '22ykS8KWpd2r4zcRZ0XMK5']
Future	Young Thug	3	['25oOaleife6E2MIKmFkPvg', '6cPnE82DKBLd7sg02ZNg8K', '3fFBZvG777xoKyvcrBq7lc']
Drake	Lil Baby	3	['6vN77lE9LK6HP2DewaN6HZ', '1wsf1YFQSYND45y0GzJmf7', '6wWaVoUOzLQJHd3bWAUpdZ']
Hugh Jackman	The Greatest Showman Ensemble	3	['5xNUR50KxswPRAvx7S163g', '43ay9lQZ5rfNcOOHhRF2cM', '3IkWmgGsXbsafrunwPojXO']
Keala Settle	The Greatest Showman Ensemble	3	['5xNUR50KxswPRAvx7S163g', '43ay9lQZ5rfNcOOHhRF2cM', '2xGjteMU3E1tkEPVFBO08U']
6ix9ine	Nicki Minaj	3	['1oJ8EDr2pv94IvSd6ZmDgo', '4QIyEq7TcTdAcxjI2AFlAK', '2E124GmJRnBJuXbTb4cPUB']
6ix9ine	Anuel AA	3	['4KkUjFkcQvGvWekl8RATDn', '0LQ1J0BCzA2qnAgp9MkkNE', '7ATATJztoWLcqDAcVVof0C']
Lil Wayne	Nicki Minaj	3	['5IvdLxVB8gwwcgnEkXSSW2', '7kph8uPhOXHMfKzPJvIeah', '2D1MK9oaxy7axXggy3iVbp']
Kendrick Lamar	Rich The Kid	3	['2EgB4n6XyBsuNUbuarr4eG', '4pYZLpX23Vx8rwDpJCpPTA', '0eHCArTPhwUxatY7cEXRiK']
Offset	Quavo	3	['68449VKGwYShObwI2UFdFt', '6urLjX35oXXRYtcH1b3dCh', '0P1O6JO2i19etVxXqgPHpa']
Cardi B	Migos	3	['1YZfcVLbbJwfizR5cDOp3q', '2qcG0nZ6S3zZV0UrkY5nFo', '4wFjTWCunQFKtukqrNijEt']
Diplo	LSD	3	['7boPPE857KEqCIHNwFkDop', '73F87Sqh6jQWucOOvz1WFx', '5a8RPWgKSmcGBGcffmIrUi']
Diplo	Labrinth	3	['7boPPE857KEqCIHNwFkDop', '73F87Sqh6jQWucOOvz1WFx', '5a8RPWgKSmcGBGcffmIrUi']
Diplo	Sia	3	['7boPPE857KEqCIHNwFkDop', '73F87Sqh6jQWucOOvz1WFx', '5a8RPWgKSmcGBGcffmIrUi']
LSD	Labrinth	3	['7boPPE857KEqCIHNwFkDop', '73F87Sqh6jQWucOOvz1WFx', '5a8RPWgKSmcGBGcffmIrUi']
LSD	Sia	3	['7boPPE857KEqCIHNwFkDop', '73F87Sqh6jQWucOOvz1WFx', '5a8RPWgKSmcGBGcffmIrUi']
Labrinth	Sia	3	['7boPPE857KEqCIHNwFkDop', '73F87Sqh6jQWucOOvz1WFx', '5a8RPWgKSmcGBGcffmIrUi']
Murda Beatz	Smokepurpp	3	['2xCzUIQwX5Y3wEFJnHoc3J', '54VL6lP6JX06QIbdEkpvTN', '0MHPgpKYfTVml3qEXspnLQ']
Post Malone	Ty Dolla $ign	3	['7wrDRQgHlvDnimrRHfQZxt', '65NwOZqoXny4JxqAPlfxRF', '3swc6WTsr7rl9DqQKQA55C']
Offset	Tyga	3	['5IaHrVsrferBYDm0bDyABy', '6uSSupG4TMu3vW8QgynAB6', '0jAfdqv18goRTUxm3ilRjb']
N.E.R.D	Rihanna	3	['2LKlHBPHxLG5ArAXfF148n', '739vCwA3EpBSkk3uDsI2wB', '4PpuH4mxL0rD35mOWaLoKS']
2 Chainz	YG	3	['0ZNrc4kNeQYD9koZ3KvCsy', '2RM4jf1Xa9zPgMGRDiht8O', '365wwIjijQdlRJEjUWTidq']
Kodak Black	Travis Scott	3	['1HLL8X0LH20F6Z9SLXLIjr', '0FZ4Dmg8jJJAPJnvBIzD9z', '7l3E7lcozEodtVsSTCkcaA']
Drake	Michael Jackson	2	['36ONiya0OANYknz0GgJmwB', '6G8kHiVZ1jW7vHMPVRNZU0']
Lil Wayne	XXXTENTACION	2	['3vWzyGTu6Ovo1GdrcJqH6e', '5BQrp63SHCVf4bzCzJePne']
Lil Baby	Young Thug	2	['4T7cJdrTRqOBESPYfvfj2x', '0kCBorRrKZkSztd9m0QI3r']
Young Stoner Life Records	Young Thug	2	['0kCBorRrKZkSztd9m0QI3r', '3HxYOwZZHZn5mC1drqPQqR']
Nicky Jam	Ozuna	2	['3V8UKqhEK5zBkBb6d6ub8i', '6JjPBQfI2Y8nIjnm65X6Pw']
6ix9ine	Kanye West	2	['0EwS8XJQspgrj1zSUXhFkl', '1oJ8EDr2pv94IvSd6ZmDgo']
88rising	AUGUST 08	2	['6TodWdTSDfzwgYynTZSvJn', '0wFmawqundY8rOn9sZUqA6']
88rising	Higher Brothers	2	['6TodWdTSDfzwgYynTZSvJn', '0wFmawqundY8rOn9sZUqA6']
88rising	Joji	2	['6TodWdTSDfzwgYynTZSvJn', '0wFmawqundY8rOn9sZUqA6']
88rising	Rich Brian	2	['6TodWdTSDfzwgYynTZSvJn', '0wFmawqundY8rOn9sZUqA6']
AUGUST 08	Higher Brothers	2	['6TodWdTSDfzwgYynTZSvJn', '0wFmawqundY8rOn9sZUqA6']
AUGUST 08	Joji	2	['6TodWdTSDfzwgYynTZSvJn', '0wFmawqundY8rOn9sZUqA6']
AUGUST 08	Rich Brian	2	['6TodWdTSDfzwgYynTZSvJn', '0wFmawqundY8rOn9sZUqA6']
Higher Brothers	Joji	2	['6TodWdTSDfzwgYynTZSvJn', '0wFmawqundY8rOn9sZUqA6']
Higher Brothers	Rich Brian	2	['6TodWdTSDfzwgYynTZSvJn', '0wFmawqundY8rOn9sZUqA6']
Joji	Rich Brian	2	['6TodWdTSDfzwgYynTZSvJn', '0wFmawqundY8rOn9sZUqA6']
6ix9ine	Tory Lanez	2	['1Y500yrabUJY2mIQS3RDt4', '6Gy7rXB6Ku5vIWC7WGWsl3']
Logic	Ryan Tedder	2	['6e2PtJYcltVk76nLwxBzRn', '7rKKh8AGVXuNXgLBpTBTFH']
Diplo	Trippie Redd	2	['6IpvkngH89cA3hhPC84Leg', '0HriJqzc3lu73JzL2pS1sD']
Lil Baby	Lil Yachty	2	['1Wc1SQwiThvSu9dMc5opth', '3GxGAhRowXixzk521JQpZu']
Lil Baby	Offset	2	['2WqTKOAUmv7hz9ZzGnXHrY', '3GxGAhRowXixzk521JQpZu']
Charlie Puth	Kehlani	2	['76S09sHj7GGMJAtOLjmVQ2', '1lsBTdE6MGsKeZCD6llNu7']
Jay Rock	Kendrick Lamar	2	['51rXHuKN8Loc4sUlKPODgH', '12rbR0qoFJQ7rRGzgXrzHy']
Travis Scott	Trippie Redd	2	['3YeJXuRSNS5FYwOsDu44kD', '4apiNNK0jp9uqn3JDG9My1']
Lil Uzi Vert	NAV	2	['1Faq8G2y56A8fRv7HsLq25', '790MhTXPFrYkrqCKvpg4t1']
A$AP Rocky	YG	2	['50wkDxcIfamIajKwmgp0iB', '52CLdezBWVldcnpfTI0Vh2']
Travis Barker	XXXTENTACION	2	['4zI04ezdmrN0lT2pHykYrd', '0T6RSXxFhW8dRTWHI604ld']
Jeremih	Meek Mill	2	['3lb5fWSG2p7x8ik8HN9oFR', '1lL7Sj9AitQT7YWXs6obEq']
Jeremih	PnB Rock	2	['3lb5fWSG2p7x8ik8HN9oFR', '1lL7Sj9AitQT7YWXs6obEq']
Meek Mill	PnB Rock	2	['3lb5fWSG2p7x8ik8HN9oFR', '1lL7Sj9AitQT7YWXs6obEq']
Mike WiLL Made-It	Pharrell Williams	2	['74wpYGsVh2J13iAmmg1Uln', '59LUh4amaXhgrWh6mWKbCn']
Metro Boomin	Young Thug	2	['3tkFCUaISwablf9MJydsuB', '27P4XoNXXEV4lTc3sB61RK']
Travis Scott	Young Thug	2	['27P4XoNXXEV4lTc3sB61RK', '20dP2DaMHIAmwWAbp7peSr']
Bad Bunny	J Balvin	2	['58q2HKrzhC3ozto2nDdN4z', '5hcisvFMidkMJlElTO9Qmw']
Bea Miller	NOTD	2	['2og9I9rQwr2XdTLJUupfT1', '18W92Zm1KjLCbUIszOhpkD']
David Guetta	Martin Garrix	2	['0OlnLZY4cmQzT6ZGttvWBM', '6RnkFd8Fqqgk1Uni8RgqCQ']
Chance the Rapper	Lil Wayne	2	['0v9Wz8o0BT8DU38R4ddjeH', '3DXncPQOG4VBw3QHh3S817']
Chris Stapleton	Justin Timberlake	2	['1LhMopPAallLeaeNutqbgS', '09ts3GnICqYEU5PkQCpJK3']
A Boogie Wit da Hoodie	Kodak Black	2	['5gx2E5aIXMRBellPZW1up5', '1f5cbQtDrykjarZVrShaDI']
Rae Sremmurd	Travis Scott	2	['3qKCDFZp192KBEEtFj7fDa', '1oUudyBYVGMIC8JXeIsFzq']
Slim Jxmmi	Travis Scott	2	['3qKCDFZp192KBEEtFj7fDa', '1oUudyBYVGMIC8JXeIsFzq']
21 Savage	Cardi B	2	['75FDPwaULRdYDn4StFN2rT', '0dIoGTQXDh1wVnhIiSyYEa']
21 Savage	Travis Scott	2	['1HLL8X0LH20F6Z9SLXLIjr', '5u6vkDnOyaf8LsteDAj2ub']
Cardi B	Lil Yachty	2	['3LR0t8XqZ1FUj6nj01sXN0', '3wqjGZfKW36WhUeLHTlKzg']
Cardi B	Offset	2	['3LR0t8XqZ1FUj6nj01sXN0', '3wqjGZfKW36WhUeLHTlKzg']
Billie Eilish	Khalid	2	['1NJcg626wLln4pGHpiV7mf', '0u2P5u6lvoDfwTYjAADbn4']
6ix9ine	Bobby Shmurda	2	['1jQvUmf16VE9WQCPuK2e8K', '6k2iq1yULhXILe0i8xQqPF']
Daddy Yankee	Justin Bieber	2	['6rPO02ozF3bM7NnOV4h6s2', '5CtI0qwDJkDQGwXD1H1cLb']
Daddy Yankee	Luis Fonsi	2	['6rPO02ozF3bM7NnOV4h6s2', '5CtI0qwDJkDQGwXD1H1cLb']
Justin Bieber	Luis Fonsi	2	['6rPO02ozF3bM7NnOV4h6s2', '5CtI0qwDJkDQGwXD1H1cLb']
Big Sean	Metro Boomin	2	['3wAI7MIQtTgwcRmwchPZBc', '0fWBFDRTIuk8ZgNdZqhCer']
Kanye West	Nas	2	['3XaNHbNa9Chz9plhRpcaof', '1vi9adPJiD4d22ybGp25hy']
Nas	The-Dream	2	['3XaNHbNa9Chz9plhRpcaof', '0BSPhsCKfwENstErymcD80']
Cardi B	Ozuna	2	['2m2ZGfJcs3lHWNPzhWH3XH', '4w8niZpiMy6qz1mntFA5uM']
Anderson .Paak	Kendrick Lamar	2	['1gnwGVoG7V08vMX3hyr90x', '7c3SbTuufigBWURcICnAWy']
Lil Uzi Vert	Playboi Carti	2	['2BJSMvOGABRxokHKB0OI8i', '59J5nzL1KniFHnU120dQzt']
Hugh Jackman	Keala Settle	2	['5xNUR50KxswPRAvx7S163g', '43ay9lQZ5rfNcOOHhRF2cM']
Hugh Jackman	Zendaya	2	['5xNUR50KxswPRAvx7S163g', '43ay9lQZ5rfNcOOHhRF2cM']
Keala Settle	Zendaya	2	['5xNUR50KxswPRAvx7S163g', '43ay9lQZ5rfNcOOHhRF2cM']
The Greatest Showman Ensemble	Zendaya	2	['5xNUR50KxswPRAvx7S163g', '43ay9lQZ5rfNcOOHhRF2cM']
Meek Mill	Tory Lanez	2	['6SPYOjTjqvidDI24Hy9lwX', '39Bq9cOTO0H8M6P9iKLVdq']
6ix9ine	Murda Beatz	2	['2E124GmJRnBJuXbTb4cPUB', '4QIyEq7TcTdAcxjI2AFlAK']
Murda Beatz	Nicki Minaj	2	['2E124GmJRnBJuXbTb4cPUB', '4QIyEq7TcTdAcxjI2AFlAK']
Drake	JAY-Z	2	['3Yw09dj3cTXsAzlLjgBfIP', '4ksuI04WMvUnJbHQjgs3L5']
Metro Boomin	WizKid	2	['0McI9sOmkpfd4E72njtU0G', '0KPiSFlz5OUCgw7nwvhYWe']
Juice WRLD	Lil Uzi Vert	2	['1a7WZZZH7LzyvorhpOJFTe', '3obgSF06ki98lYNLNq5vCB']
Cardi B	Maroon 5	2	['6FRLCMO5TUHTexlWo8ym1W', '7fa9MBXhVfQ8P8Df9OEbD8']
Anuel AA	Fabolous	2	['5kTQa2G88tHnKB1Y6vNTyn', '2tnlNVAhuQGgoFJxALVeXx']
Anuel AA	Meek Mill	2	['5kTQa2G88tHnKB1Y6vNTyn', '2tnlNVAhuQGgoFJxALVeXx']
Fabolous	Meek Mill	2	['5kTQa2G88tHnKB1Y6vNTyn', '2tnlNVAhuQGgoFJxALVeXx']
Juicy J	Rae Sremmurd	2	['2yUbCEiaolfSMluDo9RMmG', '1BuZAIO8WZpavWVbbq3Lci']
Juicy J	Slim Jxmmi	2	['2yUbCEiaolfSMluDo9RMmG', '1BuZAIO8WZpavWVbbq3Lci']
Juicy J	Swae Lee	2	['2yUbCEiaolfSMluDo9RMmG', '1BuZAIO8WZpavWVbbq3Lci']
Grey	Maren Morris	2	['09IStsImFySgyp0pIQdqAc', '2ARqIya5NAuvFVHSN3bL0m']
Grey	Zedd	2	['09IStsImFySgyp0pIQdqAc', '2ARqIya5NAuvFVHSN3bL0m']
Maren Morris	Zedd	2	['09IStsImFySgyp0pIQdqAc', '2ARqIya5NAuvFVHSN3bL0m']
Bradley Cooper	Lady Gaga	2	['2VxeLyX666F8uXCJ0dZF8B', '5lK18Pt33xNudq4qYDxIm8']
A$AP Ferg	MadeinTYO	2	['2EUNZfjPToKZIahK0WMLKd', '6f5i916F3jU6BhOOD7iGqf']
Kanye West	PARTYNEXTDOOR	2	['6Bg7MznA9X0dIhlAsLyBYj', '3dG6tjetoR4GMmUGZUprLt']
Brando	Loud Luxury	2	['7K7MUBCnzgBAvMVW2RTWNs', '43V1z6QToNNWNldV4FEG6r']
Gesaffelstein	The Weeknd	2	['13wNEvWmBsWaWVtiLPRIW5', '56d6kYZhfhzpoC3s1dRU2V']
A$AP Rocky	Famous Dex	2	['3ncgNpxLoBQ65ABk4djDyd', '0dSIrRkA4PadGll16TgbnV']
Camila Cabello	Young Thug	2	['1rfofaqEpACxVEHIZBJe6W', '0ofbQMrRDsUaVKq2mGLEAb']
Kevin Gates	YoungBoy Never Broke Again	2	['2Mm239hUicUXlB44D2AACJ', '4O1uCappFiU3bisYUdUBWy']
Offset	Rich The Kid	2	['68449VKGwYShObwI2UFdFt', '0P1O6JO2i19etVxXqgPHpa']
Quavo	Rich The Kid	2	['68449VKGwYShObwI2UFdFt', '0P1O6JO2i19etVxXqgPHpa']
Cardi B	Nicki Minaj	2	['1YZfcVLbbJwfizR5cDOp3q', '4wFjTWCunQFKtukqrNijEt']
Migos	Nicki Minaj	2	['1YZfcVLbbJwfizR5cDOp3q', '4wFjTWCunQFKtukqrNijEt']
Big Sean	Travis Scott	2	['3wAI7MIQtTgwcRmwchPZBc', '2KokOIKdw4zZutDil85Ugh']
KYLE	Kehlani	2	['4F1yvJfQ7gJkrcgFJQDjOr', '43cFjTTCD9Cni4aSL0sORz']
Cashmere Cat	Major Lazer	2	['7HdZY9UJTylIiNcSDFyUDc', '0as7lPxkBPctZ7uVmchRNM']
Cashmere Cat	Tory Lanez	2	['7HdZY9UJTylIiNcSDFyUDc', '0as7lPxkBPctZ7uVmchRNM']
Major Lazer	Tory Lanez	2	['7HdZY9UJTylIiNcSDFyUDc', '0as7lPxkBPctZ7uVmchRNM']
Quavo	Takeoff	2	['2QApWGconWQE8BjaNfh7ik', '4vwfOiyWxXeEdx4ejAJgdx']
Eminem	Nate Dogg	2	['6yr8GiTHWvFfi4o6Q5ebdT', '4xkOaSrkexMciUUogZKVTS']
Kendrick Lamar	The Weeknd	2	['4ofvoCdXq99vpMZO4Cfp8x', '77UjLW8j5UAGAGVGhR5oUK']
J. Cole	kiLL edward	2	['6onwlDmIVKE8bBgyBRSuS0', '3rFF7kSm5qBOOPs6ljFgPp']
Hugh Jackman	Zac Efron	2	['43ay9lQZ5rfNcOOHhRF2cM', '2cKovq3l6OJjhVVDbVKOsr']
Gucci Mane	Quavo	2	['0TFVOjSvPTjFHkiZZekK5k', '5Ta1sXtO9tXOaUacYm7tH8']
Swae Lee	Wiz Khalifa	2	['4uX8Wh4wxpLne11BhoHs5x', '7IBSffWIu7P2MC7kMwy2FM']
Chance the Rapper	DJ Khaled	2	['5WvAo7DNuPRmk4APhdPzi8', '3DXncPQOG4VBw3QHh3S817']
Chance the Rapper	Justin Bieber	2	['5WvAo7DNuPRmk4APhdPzi8', '3DXncPQOG4VBw3QHh3S817']
Chance the Rapper	Quavo	2	['5WvAo7DNuPRmk4APhdPzi8', '3DXncPQOG4VBw3QHh3S817']
DJ Khaled	Justin Bieber	2	['5WvAo7DNuPRmk4APhdPzi8', '3DXncPQOG4VBw3QHh3S817']
DJ Khaled	Quavo	2	['5WvAo7DNuPRmk4APhdPzi8', '3DXncPQOG4VBw3QHh3S817']
Justin Bieber	Quavo	2	['5WvAo7DNuPRmk4APhdPzi8', '3DXncPQOG4VBw3QHh3S817']
Lil Peep	XXXTENTACION	2	['4jvjzW7Hm0yK4LvvE0Paz9', '0Dn40gxVCMo5TkgS8Ik18Q']
J Balvin	Nicky Jam	2	['39N9RPD9MRb5WmoLzNzPeA', '6JjPBQfI2Y8nIjnm65X6Pw']
Anne-Marie	David Guetta	2	['2zy9TMoZlYGuCNY4TLqG24', '2lYTJK94hb0fd1LQtb6Dhk']
2 Chainz	Big Sean	2	['0ZNrc4kNeQYD9koZ3KvCsy', '2RM4jf1Xa9zPgMGRDiht8O']
2 Chainz	Nicki Minaj	2	['0ZNrc4kNeQYD9koZ3KvCsy', '2RM4jf1Xa9zPgMGRDiht8O']
Big Sean	Nicki Minaj	2	['0ZNrc4kNeQYD9koZ3KvCsy', '2RM4jf1Xa9zPgMGRDiht8O']
Big Sean	YG	2	['0ZNrc4kNeQYD9koZ3KvCsy', '2RM4jf1Xa9zPgMGRDiht8O']
Nicki Minaj	YG	2	['0ZNrc4kNeQYD9koZ3KvCsy', '2RM4jf1Xa9zPgMGRDiht8O']
Ariana Grande	Troye Sivan	2	['17JYzDCW1UTndfURuTydF2', '1NbGcdgwRHZ5rbPIT9hdR3']
Lil Yachty	Quavo	2	['3wdfLVUhmX64lIyWIIEW8s', '5uAMiB0RMCjdq7p5mEjfY1']
Tory Lanez	Trippie Redd	2	['6bKUUSlzDua0gt0g13OKqw', '6j97zG4DDrh3oUa6rZbFOs']
KYLE	Lil Yachty	2	['6xbraxG0bSBOuAr5IUXmtM', '2EEeOnHehOozLq4aS0n6SL']
A$AP Rocky	Moby	2	['1YmF9PvLhIISIANoMLIYGq', '3oHkMCVJyOcjg5FhfLc2Rq']
Drake	Static Major	2	['4IvenHmD0spfFDOKphoUDp', '3mvYQKm8h6M5K5h0nVPY9S']
Drake	Ty Dolla $ign	2	['4IvenHmD0spfFDOKphoUDp', '3mvYQKm8h6M5K5h0nVPY9S']
Static Major	Ty Dolla $ign	2	['4IvenHmD0spfFDOKphoUDp', '3mvYQKm8h6M5K5h0nVPY9S']
A Boogie Wit da Hoodie	Offset	2	['6uSSupG4TMu3vW8QgynAB6', '0jAfdqv18goRTUxm3ilRjb']
A Boogie Wit da Hoodie	Tyga	2	['6uSSupG4TMu3vW8QgynAB6', '0jAfdqv18goRTUxm3ilRjb']
Khalid	Shawn Mendes	2	['5SwEgzUFDHwpWHKrbnP32Z', '3Wf2YGdYT8xVdNsQSoRKk9']
George Benson	Gorillaz	2	['5fGWdNGGnvKrrHL6U7c1Vp', '3NeiYiBn3rQBgurfVk92Zm']
Lil Uzi Vert	Oh Wonder	2	['2eAZfqOm4EnOF9VvN50Tyc', '6GNifiuBPrKFpwNBYnooFm']
Halsey	Khalid	2	['7FGq80cy8juXBCD2nrqdWU', '0d2iYfpKoM0QCKvcLCkBao']
Halsey	benny blanco	2	['7FGq80cy8juXBCD2nrqdWU', '0d2iYfpKoM0QCKvcLCkBao']
Khalid	benny blanco	2	['7FGq80cy8juXBCD2nrqdWU', '0d2iYfpKoM0QCKvcLCkBao']
Little Mix	Nicki Minaj	2	['222B3aljXx6fFwKmFjuBED', '6rrTr2HEAzlpC4KWZxF3S1']
Bruno Mars	Gucci Mane	2	['2G1tXoGBaEMJ7FKGnkf6ud', '0QIjsbm2fh1cJ45XO9eGqq']
Bruno Mars	Kodak Black	2	['2G1tXoGBaEMJ7FKGnkf6ud', '0QIjsbm2fh1cJ45XO9eGqq']
Gucci Mane	Kodak Black	2	['2G1tXoGBaEMJ7FKGnkf6ud', '0QIjsbm2fh1cJ45XO9eGqq']
Emily Warren	The Chainsmokers	2	['5yNEdBlZMxpcVtGKz5NFk5', '3OtQmFLS5b3pTgIf44GQFJ']
Bebe Rexha	Florida Georgia Line	2	['7iDa6hUg2VgEL1o1HjmfBn', '4e4fqjx0Izh4svvTef1z7e']
Eminem	Jessie Reyez	2	['4g32MdRoqwGKQd3NXIRhpU', '09FfQO3PqHO4HIJL511Ksi']
Zac Efron	Zendaya	2	['630sXRhIcfwr2e4RdNtjKN', '43ay9lQZ5rfNcOOHhRF2cM']
Logic	Marshmello	2	['6zOhgKfbMiQWToE6K13s2s', '4EAV2cKiqKP5UPZmY6dejk']
Drake	Kyla	2	['1xznGGDReH1oQq0xzbwXa3', '1zi7xx7UVEFkmKfv06H8x0']
Drake	WizKid	2	['1xznGGDReH1oQq0xzbwXa3', '1zi7xx7UVEFkmKfv06H8x0']
Kyla	WizKid	2	['1xznGGDReH1oQq0xzbwXa3', '1zi7xx7UVEFkmKfv06H8x0']
Kodak Black	Offset	2	['0FZ4Dmg8jJJAPJnvBIzD9z', '7l3E7lcozEodtVsSTCkcaA']
Future	Young Scooter	2	['0U06Yqe0nkkJlptlr7O4uO', '2OsDoAzo5SGq10qwmKSQBv']
Gucci Mane	Lil Baby	2	['2WqTKOAUmv7hz9ZzGnXHrY', '3zxiTHxE4MxwuYf8aLQ9ax']
Lil Baby	Meek Mill	1	['1Szfm2XAx3Kgl55dyl8sTU']
Drew Love	The Chainsmokers	1	['3pWcj8hxj3fsb9TDAcMpEl']
Eartha Kitt	Henri Rene & His Orchestra	1	['1foCxQtxBweJtZmdxhEHVO']
Camila Cabello	Daddy Yankee	1	['3whrwq4DtvucphBPUogRuJ']
Khalid	Normani	1	['45Egmo7icyopuzJN0oMEdk']
Becky G	Natti Natasha	1	['2ijef6ni2amuunRoKTlgww']
Lil Wayne	Ty Dolla $ign	1	['3vWzyGTu6Ovo1GdrcJqH6e']
Ty Dolla $ign	XXXTENTACION	1	['3vWzyGTu6Ovo1GdrcJqH6e']
Alessia Cara	Zedd	1	['0I20rLT2MJDhcF96AjbNYo']
Gunna	Young Stoner Life Records	1	['0kCBorRrKZkSztd9m0QI3r']
Lil Baby	Young Stoner Life Records	1	['0kCBorRrKZkSztd9m0QI3r']
Bad Bunny	Casper Magico	1	['3V8UKqhEK5zBkBb6d6ub8i']
Bad Bunny	Darell	1	['3V8UKqhEK5zBkBb6d6ub8i']
Bad Bunny	Nicky Jam	1	['3V8UKqhEK5zBkBb6d6ub8i']
Bad Bunny	Nio Garcia	1	['3V8UKqhEK5zBkBb6d6ub8i']
Bad Bunny	Ozuna	1	['3V8UKqhEK5zBkBb6d6ub8i']
Casper Magico	Darell	1	['3V8UKqhEK5zBkBb6d6ub8i']
Casper Magico	Nicky Jam	1	['3V8UKqhEK5zBkBb6d6ub8i']
Casper Magico	Nio Garcia	1	['3V8UKqhEK5zBkBb6d6ub8i']
Casper Magico	Ozuna	1	['3V8UKqhEK5zBkBb6d6ub8i']
Darell	Nicky Jam	1	['3V8UKqhEK5zBkBb6d6ub8i']
Darell	Nio Garcia	1	['3V8UKqhEK5zBkBb6d6ub8i']
Darell	Ozuna	1	['3V8UKqhEK5zBkBb6d6ub8i']
Nicky Jam	Nio Garcia	1	['3V8UKqhEK5zBkBb6d6ub8i']
Nio Garcia	Ozuna	1	['3V8UKqhEK5zBkBb6d6ub8i']
Cardi B	Kehlani	1	['5DfWF0jqMgZDCiu9zJENTA']
Lil Uzi Vert	Migos	1	['4Km5HrUvYTaSUfiSGPJeQR']
6ix9ine	DJ SpinKing	1	['6kp0inxIexxSiDJfWqq0ZL']
6ix9ine	Young Thug	1	['1Y500yrabUJY2mIQS3RDt4']
Tory Lanez	Young Thug	1	['1Y500yrabUJY2mIQS3RDt4']
Juicy J	Travis Scott	1	['2iicKPnvOKfbJZJZtuQnjy']
Kirsty MacColl	The Pogues	1	['3VTNVsTTu05dmTsVFrmGpK']
Cardi B	Meek Mill	1	['3DnZfpfe8wLeJgzc00gKeW']
Lil Pump	Tee Grizzley	1	['2VKf0WEOpq06JE5PTNr9wa']
Jesse	Swae Lee	1	['61sqsOPon94ecMskeEXwev']
Jesse	benny blanco	1	['61sqsOPon94ecMskeEXwev']
Swae Lee	benny blanco	1	['61sqsOPon94ecMskeEXwev']
Marshmello	Migos	1	['0nhVrTiCGiGRCoZOJiWzm1']
Juice WRLD	Seezyn	1	['6rz0dTA0PdhXImFV5EjM0w']
Future	James Blake	1	['51rXHuKN8Loc4sUlKPODgH']
Future	Jay Rock	1	['51rXHuKN8Loc4sUlKPODgH']
Future	Kendrick Lamar	1	['51rXHuKN8Loc4sUlKPODgH']
James Blake	Jay Rock	1	['51rXHuKN8Loc4sUlKPODgH']
James Blake	Kendrick Lamar	1	['51rXHuKN8Loc4sUlKPODgH']
Justin Jesso	Kygo	1	['0Zbbxnx4SGGHoIow4PpISP']
6ix9ine	Gunna	1	['26jYPsHHSOxCTz4cLt6SbQ']
Maluma	Shakira	1	['7DrluKkTviBwCc8AV3VGmf']
Drake	Travis Scott	1	['2bjwRfXMk4uRgOD9IBYl9h']
A$AP Rocky	Cardi B	1	['2DQ1ITjI0YoLFzuADN1ZBW']
A$AP Rocky	G-Eazy	1	['2DQ1ITjI0YoLFzuADN1ZBW']
Cardi B	G-Eazy	1	['2DQ1ITjI0YoLFzuADN1ZBW']
Ella Mai	Meek Mill	1	['6irE4Fbjbry3czv7mTxVSB']
Marshmello	Selena Gomez	1	['7EmGUiUaOSGDnUUQUDrOXC']
G-Eazy	Halsey	1	['5k38wzpLb15YgncyWdTZE4']
Kodak Black	Meek Mill	1	['35J4wXQeRuHNOEArMy6FOe']
Kodak Black	Lil Pump	1	['40Rpg3LkZwwzuHJ3GdjMma']
Juice WRLD	Trippie Redd	1	['75lcPkAkUsKWHGBlGM476R']
Maren Morris	Thomas Rhett	1	['2d48mamATjby7wgPjdrSOQ']
Daniel Caesar	Kali Uchis	1	['7zFXmv6vqI4qOt4yGf3jYZ']
J. Cole	JID	1	['3OXhib7pxAWnmwwoUI6HqY']
Chris Brown	Joyner Lucas	1	['34I0nBvoE0ZXmqbKiJ5BWS']
Khalid	Marshmello	1	['7vGuf3Y35N4wmASOKLUVVU']
Juice WRLD	Young Thug	1	['3fFBZvG777xoKyvcrBq7lc']
A Boogie Wit da Hoodie	Juice WRLD	1	['3L19besdNQzd342qL78xqm']
50 Cent	Tory Lanez	1	['4fdXiz0uJKg3HUOVj1p6iL']
Kendrick Lamar	Mike WiLL Made-It	1	['74wpYGsVh2J13iAmmg1Uln']
Kendrick Lamar	Pharrell Williams	1	['74wpYGsVh2J13iAmmg1Uln']
Hailee Steinfeld	Logic	1	['2zIAPysksDdMAiG33qH6kW']
Khalid	Martin Garrix	1	['3nc420PXjTdBV5TN0gCFkS']
DRAM	Lil Yachty	1	['7yyRTcZmCiyzzJlNzGC9Ol']
Lil Pump	Lil Yachty	1	['3ALgsy4RtDm58xl3VNoSgZ']
Lil Pump	Offset	1	['3ALgsy4RtDm58xl3VNoSgZ']
Charlie Puth	G-Eazy	1	['3qk4wRMDlaeagZGjSYbsOV']
6LACK	Future	1	['6rJmWa5DvQ3Nby3tdcX2L0']
Maroon 5	SZA	1	['3hBBKuWJfxlIlnd9QFoC8k']
Bad Bunny	DJ Luian	1	['5hcisvFMidkMJlElTO9Qmw']
Bad Bunny	Mambo Kingz	1	['5hcisvFMidkMJlElTO9Qmw']
Bad Bunny	Prince Royce	1	['5hcisvFMidkMJlElTO9Qmw']
DJ Luian	J Balvin	1	['5hcisvFMidkMJlElTO9Qmw']
DJ Luian	Mambo Kingz	1	['5hcisvFMidkMJlElTO9Qmw']
DJ Luian	Prince Royce	1	['5hcisvFMidkMJlElTO9Qmw']
J Balvin	Mambo Kingz	1	['5hcisvFMidkMJlElTO9Qmw']
J Balvin	Prince Royce	1	['5hcisvFMidkMJlElTO9Qmw']
Mambo Kingz	Prince Royce	1	['5hcisvFMidkMJlElTO9Qmw']
A Boogie Wit da Hoodie	Maroon 5	1	['0SvxydoxEEkXt9aMAqTfpB']
Brooks	David Guetta	1	['6RnkFd8Fqqgk1Uni8RgqCQ']
Brooks	Martin Garrix	1	['6RnkFd8Fqqgk1Uni8RgqCQ']
Ashanti	Lil Wayne	1	['6wqWfSOZvTK18SAczoYm1L']
Ashanti	Mack Maine	1	['6wqWfSOZvTK18SAczoYm1L']
Lil Wayne	Mack Maine	1	['6wqWfSOZvTK18SAczoYm1L']
Brendon Urie	Juice WRLD	1	['1KVczjazCcCCgM3gXXUl47']
Brendon Urie	benny blanco	1	['1KVczjazCcCCgM3gXXUl47']
Juice WRLD	benny blanco	1	['1KVczjazCcCCgM3gXXUl47']
2 Chainz	Chance the Rapper	1	['0v9Wz8o0BT8DU38R4ddjeH']
2 Chainz	Lil Wayne	1	['0v9Wz8o0BT8DU38R4ddjeH']
Ed Sheeran	Future	1	['2x0WlnmfG39ZuDmstl9xfX']
Ed Sheeran	Taylor Swift	1	['2x0WlnmfG39ZuDmstl9xfX']
Future	Taylor Swift	1	['2x0WlnmfG39ZuDmstl9xfX']
Lil Baby	Ski Mask The Slump God	1	['6RiMRVxOiEYd4QSu1cxrls']
Blac Youngsta	BlocBoy JB	1	['61TklWcG8PbT5hvUTzwLaY']
Blac Youngsta	G-Eazy	1	['61TklWcG8PbT5hvUTzwLaY']
BlocBoy JB	G-Eazy	1	['61TklWcG8PbT5hvUTzwLaY']
A Boogie Wit da Hoodie	Chris Brown	1	['5gx2E5aIXMRBellPZW1up5']
A Boogie Wit da Hoodie	Yo Gotti	1	['5gx2E5aIXMRBellPZW1up5']
Chris Brown	Kodak Black	1	['5gx2E5aIXMRBellPZW1up5']
Chris Brown	Yo Gotti	1	['5gx2E5aIXMRBellPZW1up5']
Kodak Black	Yo Gotti	1	['5gx2E5aIXMRBellPZW1up5']
Ozuna	Romeo Santos	1	['1h9P5WJwyvK8OB7O2YiXgp']
Gucci Mane	Metro Boomin	1	['6qZANDqrSAvfuSjcxBP1PD']
Gucci Mane	Kevin Gates	1	['1CoYSKw2gTtSfrK2704AEz']
Jaden	Young Thug	1	['1Jl21sidRpEdlVBvYbssLx']
Bad Bunny	Drake	1	['116H0KvKr2Zl4RPuVBruDO']
G Herbo	Lil Uzi Vert	1	['36fmvm49vZC9VM5X2DQJVe']
G Herbo	Southside	1	['36fmvm49vZC9VM5X2DQJVe']
Lil Uzi Vert	Southside	1	['36fmvm49vZC9VM5X2DQJVe']
21 Savage	Offset	1	['5u6vkDnOyaf8LsteDAj2ub']
Brent Faiyaz	GoldLink	1	['15EPc80XuFrb2LmOzGjuRg']
Brent Faiyaz	Shy Glizzy	1	['15EPc80XuFrb2LmOzGjuRg']
GoldLink	Shy Glizzy	1	['15EPc80XuFrb2LmOzGjuRg']
Nicki Minaj	Post Malone	1	['6IaieqiCVvsNvEt6Y7yOFa']
Manuel Turizo	Ozuna	1	['48zFZh27QU5qsrBjn4C2FA']
Alicia Keys	Justin Timberlake	1	['3KnLHwhRhJGuQM822JVSoI']
Hugh Jackman	Michelle Williams	1	['0RoA7ObU6phWpqhlC9zH4Z']
Hugh Jackman	Ziv Zaifman	1	['0RoA7ObU6phWpqhlC9zH4Z']
Michelle Williams	Ziv Zaifman	1	['0RoA7ObU6phWpqhlC9zH4Z']
Skrillex	Travis Scott	1	['0u695M7KyzXaPIjpEbxOkB']
Eminem	"Royce Da 5'9"""	1	['28FGV3ORH14MYORd7s5dlU']
Bebe Rexha	Machine Gun Kelly	1	['0OI7AFifLSoGzpb8bdBLLV']
Bebe Rexha	X Ambassadors	1	['0OI7AFifLSoGzpb8bdBLLV']
Machine Gun Kelly	X Ambassadors	1	['0OI7AFifLSoGzpb8bdBLLV']
Kanye West	Lil Pump	1	['4S8d14HvHb70ImctNgVzQQ']
Macklemore	Skylar Grey	1	['0CokSRCu5hZgPxcZBaEzVE']
Rich The Kid	YG	1	['13H2hdEQe1gZZZhtBK9xcq']
Future	Yung Bans	1	['3thLnNvO9IctWoccbsZyJV']
Juice WRLD	Yung Bans	1	['3thLnNvO9IctWoccbsZyJV']
Nicki Minaj	Young Thug	1	['5I30ByMf5nhgbSokY1EZiN']
Big Sean	Kash Doll	1	['0fWBFDRTIuk8ZgNdZqhCer']
Kash Doll	Metro Boomin	1	['0fWBFDRTIuk8ZgNdZqhCer']
DJ A1	YBN Nahmir	1	['00gpGR84M27moP7AFuqHIx']
Kanye West	The-Dream	1	['3XaNHbNa9Chz9plhRpcaof']
A$AP Rocky	Skepta	1	['7ycWLEP1GsNjVvcjawXz3z']
Dynoro	Gigi D'Agostino	1	['0E9ZjEAyAwOXZ7wJC0PD33']
Chris Lane	Tori Kelly	1	['4fv0mLkB3wY4Z2GAG1mWAN']
A$AP Rocky	FKA twigs	1	['1AqemxWsT0iGg5Lvkm16Bt']
Lil Yachty	Playboi Carti	1	['3m2aDCqn8eT5ElXDUiboGU']
Bing Crosby	John Scott Trotter & His Orchestra	1	['4so0Wek9Ig1p6CRCHuINwW']
Bing Crosby	Ken Darby Singers	1	['4so0Wek9Ig1p6CRCHuINwW']
John Scott Trotter & His Orchestra	Ken Darby Singers	1	['4so0Wek9Ig1p6CRCHuINwW']
Vince Staples	Yugen Blakrok	1	['7bUcBztfGqO7cSI2gMZeCI']
2 Chainz	Saudi	1	['4LmAnpjlhWTahvRkYR8xJa']
2 Chainz	ScHoolboy Q	1	['4LmAnpjlhWTahvRkYR8xJa']
Saudi	ScHoolboy Q	1	['4LmAnpjlhWTahvRkYR8xJa']
Coldplay	The Chainsmokers	1	['6RUKPb4LETWmmr3iAEQktW']
Khalid	Rich The Kid	1	['4j30n3zuJQJ5qGA6rSTaST']
AJR	Rivers Cuomo	1	['5537GkcZu99NDs1gH9iCOY']
Big Lenbo	Kajo	1	['5xE8cBcKRjKEDdJwmh1ixN']
Big Lenbo	Logic	1	['5xE8cBcKRjKEDdJwmh1ixN']
Big Lenbo	Slaydro	1	['5xE8cBcKRjKEDdJwmh1ixN']
Kajo	Logic	1	['5xE8cBcKRjKEDdJwmh1ixN']
Kajo	Slaydro	1	['5xE8cBcKRjKEDdJwmh1ixN']
Logic	Slaydro	1	['5xE8cBcKRjKEDdJwmh1ixN']
Reese LAFLARE	Trippie Redd	1	['2c3qwFINQyRGwyqI97UQiA']
Reese LAFLARE	Young Thug	1	['2c3qwFINQyRGwyqI97UQiA']
Trippie Redd	Young Thug	1	['2c3qwFINQyRGwyqI97UQiA']
Miguel	Travis Scott	1	['5WoaF1B5XIEnWfmb5NZikf']
Nicki Minaj	Tyga	1	['4hXDobvUaXyDFLnmecoY0z']
KIDS SEE GHOSTS	Yasiin Bey	1	['2I3dW2dCBZAJGj5X21E53k']
Julia Michaels	Shawn Mendes	1	['5QskYLFPX9y7pLU0VEMNbr']
BLACKPINK	Dua Lipa	1	['13hvHEstJ4sNbzdroPrPI3']
Future	Nicki Minaj	1	['2MfcvcvWSUkstTDZXYIakq']
Liam Payne	Quavo	1	['6EpRaXYhGOB3fj4V2uDkMJ']
Cardi B	Pardison Fontaine	1	['0PpfPNtQOOvbMNVJijTQj0']
21 Savage	Future	1	['6fwdbPMwP1zVStm8FybmkO']
Future	Metro Boomin	1	['6fwdbPMwP1zVStm8FybmkO']
Gucci Mane	Lil Pump	1	['384Oc8MQzITdL2DGyCeivN']
Daniel Everidge	Hugh Jackman	1	['5xNUR50KxswPRAvx7S163g']
Daniel Everidge	Keala Settle	1	['5xNUR50KxswPRAvx7S163g']
Daniel Everidge	The Greatest Showman Ensemble	1	['5xNUR50KxswPRAvx7S163g']
Daniel Everidge	Zendaya	1	['5xNUR50KxswPRAvx7S163g']
21 Savage	BlocBoy JB	1	['7sB2rmolvEt77KFPCraSNc']
21 Savage	Ty Dolla $ign	1	['1u0CD4fcBUB1xrG9fNgejh']
J Balvin	Metro Boomin	1	['0KPiSFlz5OUCgw7nwvhYWe']
J Balvin	Offset	1	['0KPiSFlz5OUCgw7nwvhYWe']
J Balvin	WizKid	1	['0KPiSFlz5OUCgw7nwvhYWe']
Offset	WizKid	1	['0KPiSFlz5OUCgw7nwvhYWe']
Natti Natasha	Ozuna	1	['6Za3190Sbw39BBC77WSS1C']
A$AP Rocky	French Montana	1	['6MmtDonkpvSoRx9ACwrGDu']
Post Malone	Quavo	1	['3a1lNhkSLSkpJE4MSHpDu9']
Nicki Minaj	The Weeknd	1	['5vAEnWrHxLv78uwZrAJcX6']
Arthur Hanlon	Ozuna	1	['1AVu7Kc2MRrLfOG1RCEf07']
Avicii	Rita Ora	1	['2OALaHcDdKkjYEpAr0Qzab']
Cheat Codes	Kiiara	1	['2zLIP4R6Yt3afkyh7uhmar']
Becky G	David Guetta	1	['3soOPBuMK8YMdWnV7xpEyf']
Becky G	Sean Paul	1	['3soOPBuMK8YMdWnV7xpEyf']
David Guetta	Sean Paul	1	['3soOPBuMK8YMdWnV7xpEyf']
Kendrick Lamar	Zacari	1	['6PGoSes0D9eUDeeAafB2As']
Louis The Child	Wafia	1	['447yWcDPg1ddgcHBLGpJC0']
Lil Wayne	Nivea	1	['7cG6SxmQ24hQWnR8UThrk2']
Ariana Grande	Missy Elliott	1	['4b7mLZQWsy0rLnrMtPA9fQ']
Kygo	Miguel	1	['6xTU6B6nFwKKTSZ9ySXS80']
J. Cole	Moneybagg Yo	1	['48t1aADyfDbDA3TzxqQHrN']
Diplo	Ellie Goulding	1	['5JEx7HbmvHQQswJCsoo9rA']
Diplo	Swae Lee	1	['5JEx7HbmvHQQswJCsoo9rA']
Ellie Goulding	Swae Lee	1	['5JEx7HbmvHQQswJCsoo9rA']
Abir	Cash Cash	1	['0p0ljM6RxgpGt7wthGqBZa']
Florida Georgia Line	Morgan Wallen	1	['6SkeXwlWEHhjSZPNVSpJae']
"Bobby ""Boris"" Pickett"	The Crypt-Kickers	1	['0xxZY5C9xxij3D1HkzbnfC']
David Guetta	Jamie Scott	1	['0OlnLZY4cmQzT6ZGttvWBM']
David Guetta	Romy Dya	1	['0OlnLZY4cmQzT6ZGttvWBM']
Jamie Scott	Martin Garrix	1	['0OlnLZY4cmQzT6ZGttvWBM']
Jamie Scott	Romy Dya	1	['0OlnLZY4cmQzT6ZGttvWBM']
Martin Garrix	Romy Dya	1	['0OlnLZY4cmQzT6ZGttvWBM']
Elley Duhé	Zedd	1	['4keoy2fqgwGnbWlm3ZVZFa']
Camila Cabello	Pharrell Williams	1	['6XlSyYFTU1nodeWwwzVgTV']
Bryson Tiller	H.E.R.	1	['6lzLjIOyWTyTJvk0jraYee']
Logic	Wiz Khalifa	1	['0jqBo5RYn008f4ZY8kPewW']
Jay Rock	Jeremih	1	['0kCygKyDa4KT1Whx3wHIhh']
Drake	Metro Boomin	1	['304CtPEPYQS6hbM4CubVti']
Drake	Offset	1	['304CtPEPYQS6hbM4CubVti']
Cardi B	Madonna	1	['2i4WKnGYntsN4jEvDjkKBE']
Cardi B	Quavo	1	['2i4WKnGYntsN4jEvDjkKBE']
Madonna	Quavo	1	['2i4WKnGYntsN4jEvDjkKBE']
Jay 305	YG	1	['1qUdAB72nSWPZwDqH9KMYD']
Christian Rich	Jaden	1	['0aWMostcnfyjuCEcO7sTz5']
Lil Wayne	Sosamann	1	['3JX0dOCIAiaR8MP3ryXWuM']
21 Savage	Migos	1	['4BHzHISX21PYwGXiBEUQ70']
Andrez Babii	Judah	1	['14boA065HMHWvqyPPEeN4y']
Andrez Babii	Rio Santana	1	['14boA065HMHWvqyPPEeN4y']
Andrez Babii	XXXTENTACION	1	['14boA065HMHWvqyPPEeN4y']
Judah	Rio Santana	1	['14boA065HMHWvqyPPEeN4y']
Judah	XXXTENTACION	1	['14boA065HMHWvqyPPEeN4y']
Rio Santana	XXXTENTACION	1	['14boA065HMHWvqyPPEeN4y']
PnB Rock	XXXTENTACION	1	['6rAGFgcGtlIdYxlhDizXNo']
Chance the Rapper	Forever Band	1	['2cEnYJKLSZPH7MFSk6C05c']
Chance the Rapper	Supa Bwe	1	['2cEnYJKLSZPH7MFSk6C05c']
Forever Band	Supa Bwe	1	['2cEnYJKLSZPH7MFSk6C05c']
Lil Wayne	Swizz Beatz	1	['3wScL5W8H40zzCKN0atfBk']
Pi’erre Bourne	Playboi Carti	1	['475jSz0H6U3duJyNiDS0tT']
Diplo	Dua Lipa	1	['5N4erncE7kuUccm7zEmwzk']
Diplo	Mark Ronson	1	['5N4erncE7kuUccm7zEmwzk']
Diplo	Silk City	1	['5N4erncE7kuUccm7zEmwzk']
Dua Lipa	Mark Ronson	1	['5N4erncE7kuUccm7zEmwzk']
Dua Lipa	Silk City	1	['5N4erncE7kuUccm7zEmwzk']
Mark Ronson	Silk City	1	['5N4erncE7kuUccm7zEmwzk']
2 Chainz	Migos	1	['4TAifFqlNkBvrycHbWV9Ew']
(G)I-DLE	Jaira Burns	1	['5sbooPcNgIE22DwO0VNGUJ']
(G)I-DLE	K/DA	1	['5sbooPcNgIE22DwO0VNGUJ']
(G)I-DLE	League of Legends	1	['5sbooPcNgIE22DwO0VNGUJ']
(G)I-DLE	Madison Beer	1	['5sbooPcNgIE22DwO0VNGUJ']
Jaira Burns	K/DA	1	['5sbooPcNgIE22DwO0VNGUJ']
Jaira Burns	League of Legends	1	['5sbooPcNgIE22DwO0VNGUJ']
Jaira Burns	Madison Beer	1	['5sbooPcNgIE22DwO0VNGUJ']
K/DA	League of Legends	1	['5sbooPcNgIE22DwO0VNGUJ']
K/DA	Madison Beer	1	['5sbooPcNgIE22DwO0VNGUJ']
League of Legends	Madison Beer	1	['5sbooPcNgIE22DwO0VNGUJ']
Beyoncé	Ed Sheeran	1	['1bhUWB0zJMIKr9yVPrkEuI']
Julia Michaels	Lauv	1	['2hnxrRNzF74mdDzpQZQukQ']
Joey Bada$$	XXXTENTACION	1	['7J2gyNghNTzl4EsLhXp01Q']
Bad Bunny	Cardi B	1	['58q2HKrzhC3ozto2nDdN4z']
Cardi B	J Balvin	1	['58q2HKrzhC3ozto2nDdN4z']
A$AP Rocky	Juicy J	1	['5N521RK66Z1FP0Oz6B4OlT']
Lil Wayne	Reginae Carter	1	['05r1GGg1Rhs0RcUg27C82a']
A$AP Rocky	BlocBoy JB	1	['3ZYwSDF9knZI0RVlKR4PHC']
Jack & Jack	Jonas Blue	1	['3u1S1OmAUhx5DRlLrXqyp3']
Chance the Rapper	Joey Purp	1	['2ySRRtrAwDUF4FipiF1Djt']
Jonas Blue	Sabrina Carpenter	1	['0RUTnY2B3s05fZuCHsNaUP']
Kesha	Macklemore	1	['2Za1AlJNvksouPPWbXpR2X']
Big Sean	Migos	1	['2KokOIKdw4zZutDil85Ugh']
Big Sean	Ty Dolla $ign	1	['2KokOIKdw4zZutDil85Ugh']
Migos	Travis Scott	1	['2KokOIKdw4zZutDil85Ugh']
Migos	Ty Dolla $ign	1	['2KokOIKdw4zZutDil85Ugh']
Travis Scott	Ty Dolla $ign	1	['2KokOIKdw4zZutDil85Ugh']
Kanye West	Lil Uzi Vert	1	['3DoBTwfr8yi2LN08SBpFkN']
Kanye West	Travis Scott	1	['3DoBTwfr8yi2LN08SBpFkN']
Lil Uzi Vert	Travis Scott	1	['3DoBTwfr8yi2LN08SBpFkN']
B. Swanson Quartet	Frank Sinatra	1	['7inXu0Eaeg02VsM8kHNvzM']
J Balvin	Liam Payne	1	['0Y4hwUppbGc8aIBmiTz30A']
Juice WRLD	Ski Mask The Slump God	1	['74lnM5V6ecvoTPV0fvptx9']
Taylor Swift	ZAYN	1	['3NdDpSvN911VPGivFlV5d0']
Mike WiLL Made-It	Station Wagon P	1	['59LUh4amaXhgrWh6mWKbCn']
Pharrell Williams	Station Wagon P	1	['59LUh4amaXhgrWh6mWKbCn']
Quavo	Saweetie	1	['1kvt3N2KmoSAunaEJNrgNM']
David Bowie	Queen	1	['2fuCquhmrzHpu5xcA1ci9x']
Ty Dolla $ign	YG	1	['4QL6NHf6sl3Sx58AFKc1GQ']
Cardi B	SZA	1	['1f5PNhkNgUpvDEeZfcIlO1']
J. Cole	Wale	1	['11QvWp3CsEPd0YLE6xKGyx']
Gucci Mane	Wiz Khalifa	1	['5t8djD6oZcfAyqF4cTQfFb']
Pharrell Williams	Rae Sremmurd	1	['5D0YYVfsYxLmcrVAfoBPxR']
Pharrell Williams	Slim Jxmmi	1	['5D0YYVfsYxLmcrVAfoBPxR']
Pharrell Williams	Swae Lee	1	['5D0YYVfsYxLmcrVAfoBPxR']
Bryson Tiller	DJ Khaled	1	['1OAh8uOEOvTDqkKFsKksCi']
Bryson Tiller	Rihanna	1	['1OAh8uOEOvTDqkKFsKksCi']
DJ Khaled	Rihanna	1	['1OAh8uOEOvTDqkKFsKksCi']
Bas	J. Cole	1	['0YAQnYt2oB8OdoaeqnHyTI']
Lil Skies	Yung Pinch	1	['5Cg98kiDYtCEHmjcKD0CJD']
6ix9ine	Trippie Redd	1	['4fC5jw1TI59GH1emfN1wtk']
Kodak Black	Lil Wayne	1	['4DTpngLjoHj5gFxEZFeD3J']
Lil Yachty	Social House	1	['2Yer0p7uB2lVBUAtANuuQp']
Huncho Jack	Takeoff	1	['4vwfOiyWxXeEdx4ejAJgdx']
Takeoff	Travis Scott	1	['4vwfOiyWxXeEdx4ejAJgdx']
John Lindahl	Logic	1	['4CstQ0SUkl0YkoeZkIZlIx']
John Lindahl	Wale	1	['4CstQ0SUkl0YkoeZkIZlIx']
Logic	Wale	1	['4CstQ0SUkl0YkoeZkIZlIx']
Cheat Codes	Little Mix	1	['54l9GJGQ1UCFKe2tzt1Vxt']
Nicki Minaj	Swae Lee	1	['03It1uO69CjGWP3yyVe465']
Lil Skies	Wiz Khalifa	1	['1RagpNpkD3KcjXMLGMe99V']
070 Shake	Diddy	1	['5FYu8uBB6E11mepU601601']
070 Shake	Nas	1	['5FYu8uBB6E11mepU601601']
Diddy	Nas	1	['5FYu8uBB6E11mepU601601']
Logic	Young Sinatra	1	['3W4JFzOQdo5J2Wgt9DFg24']
Eminem	Labrinth	1	['38TgLPNHsPzgqri5G4SPun']
Eminem	Nicki Minaj	1	['38TgLPNHsPzgqri5G4SPun']
Labrinth	Nicki Minaj	1	['38TgLPNHsPzgqri5G4SPun']
Quavo	YG	1	['33NEAJosK5zyLY2D4OG7AE']
Lil Yachty	PnB Rock	1	['2jey6aQoRNao7Ou9ftOXFC']
2 Chainz	Logic	1	['58cvckETahSOG74RP5WE99']
G-Eazy	YBN Nahmir	1	['794QVQtFNy7hvtjQP1keQd']
G-Eazy	Yo Gotti	1	['794QVQtFNy7hvtjQP1keQd']
YBN Nahmir	Yo Gotti	1	['794QVQtFNy7hvtjQP1keQd']
Jaden	Logic	1	['1FmdAhS8FqRoEJ4jcSfuKZ']
BTS	Desiigner	1	['7Ed6BkggCS2KaKY5YlINaF']
Desiigner	Steve Aoki	1	['7Ed6BkggCS2KaKY5YlINaF']
Dan Caplen	Jess Glynne	1	['5CLGzJsGqhCEECcpnFQA8x']
Dan Caplen	Macklemore	1	['5CLGzJsGqhCEECcpnFQA8x']
Dan Caplen	Rudimental	1	['5CLGzJsGqhCEECcpnFQA8x']
Jess Glynne	Macklemore	1	['5CLGzJsGqhCEECcpnFQA8x']
Jess Glynne	Rudimental	1	['5CLGzJsGqhCEECcpnFQA8x']
Macklemore	Rudimental	1	['5CLGzJsGqhCEECcpnFQA8x']
N.E.R.D	Pharrell Williams	1	['4PpuH4mxL0rD35mOWaLoKS']
Pharrell Williams	Rihanna	1	['4PpuH4mxL0rD35mOWaLoKS']
Anne-Marie	Marshmello	1	['08bNPGLD8AhKpnnERrAc6G']
A$AP Ferg	Nicki Minaj	1	['2YzmfPLqUx5CJOaw5ThsBV']
DJ Khaled	Lil Wayne	1	['3DXncPQOG4VBw3QHh3S817']
Justin Bieber	Lil Wayne	1	['3DXncPQOG4VBw3QHh3S817']
Lil Wayne	Quavo	1	['3DXncPQOG4VBw3QHh3S817']
Brett Eldredge	Meghan Trainor	1	['5Q2P43CJra0uRAogjHyJDK']
Calvin Harris	Jessie Reyez	1	['5N5k9nd479b1xpDZ4usjrg']
Calvin Harris	Sam Smith	1	['5N5k9nd479b1xpDZ4usjrg']
Jessie Reyez	Sam Smith	1	['5N5k9nd479b1xpDZ4usjrg']
DJ Durel	Migos	1	['3fEpuoSr8ufvyRR7s2jB3U']
French Montana	Jason Derulo	1	['2z4pcBLQXF2BXKFvd0BuB6']
21 Savage	Quavo	1	['3edzl4zvKFi0D3iuF6cs2f']
2 Chainz	Offset	1	['365wwIjijQdlRJEjUWTidq']
Offset	YG	1	['365wwIjijQdlRJEjUWTidq']
A$AP Rocky	Frank Ocean	1	['2MF4HtZHBoUliOi9nOAbS0']
Swae Lee	WizKid	1	['0McI9sOmkpfd4E72njtU0G']
Meek Mill	Miguel	1	['3X9OVlc4YaL9nowxAVcJex']
Kodak Black	XXXTENTACION	1	['40oKW22ZNNkEdZLJTScaQI']
Demi Lovato	Luis Fonsi	1	['1zsG4eaZmkA1dvjDDsAGLK']
Avicii	Sandro Cavazza	1	['6WbADFqMvR8N5u0BvtsWQE']
Kendrick Lamar	Lil Wayne	1	['0dbTQYW3Ad1FTzIA9t90E8']
Bad Bunny	Becky G	1	['7JNh1cfm0eXjqFVOzKLyau']
Lil Baby	Quavo	1	['69PkhA9q3xCWU2CzoZnLAu']
Lil Yachty	Ski Mask The Slump God	1	['3clpchqQ6A3p8jjPgKdhk0']
Bazzi	Camila Cabello	1	['4VUwkH455At9kENOfzTqmF']
Drake	N.E.R.D	1	['739vCwA3EpBSkk3uDsI2wB']
Drake	Rihanna	1	['739vCwA3EpBSkk3uDsI2wB']
Kanye West	Nicki Minaj	1	['1oJ8EDr2pv94IvSd6ZmDgo']
6LACK	J. Cole	1	['4at3d5QWnlibMVN75ECDrp']
BTS	Nicki Minaj	1	['03iCbZaM4OkRR4We6wIzvx']
Babes Wodumo	Zacari	1	['76iVOVsliCHlWqKuDnCfhE']
Gunna	Lil Durk	1	['6PoKfDY78ih5OveWirggRX']
Gunna	NAV	1	['6PoKfDY78ih5OveWirggRX']
Lil Baby	Lil Durk	1	['6PoKfDY78ih5OveWirggRX']
Lil Baby	NAV	1	['6PoKfDY78ih5OveWirggRX']
Lil Durk	NAV	1	['6PoKfDY78ih5OveWirggRX']
Conor Maynard	Kris Kross Amsterdam	1	['3DGar7krWlmrXRFHBcQF6z']
Conor Maynard	The Boy Next Door	1	['3DGar7krWlmrXRFHBcQF6z']
Kris Kross Amsterdam	The Boy Next Door	1	['3DGar7krWlmrXRFHBcQF6z']
A$AP Rocky	Kodak Black	1	['1wGYcpJZ59rePkNu4zHmLu']
Lil Pump	Smokepurpp	1	['0ibOcbkp2XG46Do8jcy0bL']
Drake	Meek Mill	1	['2IRZnDFmlqMuOrYOLnZZyc']
Belly	The Weeknd	1	['4RMqA9GixWNB7H6coZFXJN']
Madison Beer	Offset	1	['3WefHNGtjexZvi66ZEx9u4']
John Lennon	The Harlem Community Choir	1	['3zJw3rugfpVrmBeDDnUYzy']
John Lennon	The Plastic Ono Band	1	['3zJw3rugfpVrmBeDDnUYzy']
John Lennon	Yoko Ono	1	['3zJw3rugfpVrmBeDDnUYzy']
The Harlem Community Choir	The Plastic Ono Band	1	['3zJw3rugfpVrmBeDDnUYzy']
The Harlem Community Choir	Yoko Ono	1	['3zJw3rugfpVrmBeDDnUYzy']
The Plastic Ono Band	Yoko Ono	1	['3zJw3rugfpVrmBeDDnUYzy']
Kane Brown	Lauren Alaina	1	['7zVCrzzEJU7u24sbJPXA5W']
Calvin Harris	Frank Ocean	1	['7tr2za8SQg2CI8EDgrdtNl']
Calvin Harris	Migos	1	['7tr2za8SQg2CI8EDgrdtNl']
Frank Ocean	Migos	1	['7tr2za8SQg2CI8EDgrdtNl']
Lil Yachty	Quality Control	1	['3wdfLVUhmX64lIyWIIEW8s']
Quality Control	Quavo	1	['3wdfLVUhmX64lIyWIIEW8s']
J Balvin	Zion & Lennox	1	['5qFeMRz4TvetPmzjre9Dq7']
Drake	Gunna	1	['6wWaVoUOzLQJHd3bWAUpdZ']
Alessia Cara	Khalid	1	['5tz69p7tJuGPeMGwNTxYuV']
Alessia Cara	Logic	1	['5tz69p7tJuGPeMGwNTxYuV']
Khalid	Logic	1	['5tz69p7tJuGPeMGwNTxYuV']
Lil Yachty	YoungBoy Never Broke Again	1	['6K2anECyrckidwf5wxS78Q']
6LACK	Offset	1	['6Zisja44KqMZj4GM4UY6Yv']
James Arthur	Juicy J	1	['3ZbJMlEL4Kcme0ONRO7Slx']
James Arthur	Marshmello	1	['3ZbJMlEL4Kcme0ONRO7Slx']
Juicy J	Marshmello	1	['3ZbJMlEL4Kcme0ONRO7Slx']
Meek Mill	Swizz Beatz	1	['1dQ84P0W0lOckT02lPEhhP']
Elton John	Young Thug	1	['7iMDaY1LnASwCk2uUpMtii']
2 Chainz	Eminem	1	['756ZV0boQJ6Kbk3WFBuVjD']
2 Chainz	Phresher	1	['756ZV0boQJ6Kbk3WFBuVjD']
Eminem	Phresher	1	['756ZV0boQJ6Kbk3WFBuVjD']
Lil Skies	Rich The Kid	1	['7ms3VzLTfr7fXNOqA4Mkx9']
Nel-Denarro	Trippie Redd	1	['5Tp5zlCgbwXLMa3pgYsNMl']
Nel-Denarro	YoungBoy Never Broke Again	1	['5Tp5zlCgbwXLMa3pgYsNMl']
Trippie Redd	YoungBoy Never Broke Again	1	['5Tp5zlCgbwXLMa3pgYsNMl']
6ix9ine	Lil Baby	1	['4m5Cd9kAbIxg6t9sMrQWtk']
Gucci Mane	Ty Dolla $ign	1	['0TFVOjSvPTjFHkiZZekK5k']
Quavo	Ty Dolla $ign	1	['0TFVOjSvPTjFHkiZZekK5k']
Diplo	Lil Xan	1	['7thTA3hqO2MgOlzo0rPInX']
Clean Bandit	Julia Michaels	1	['2xmrfQpmS2iJExTlklLoAL']
Lil Yachty	Ugly God	1	['2PsZsnqSMXt4oKi0xHVvgF']
Daft Punk	The Weeknd	1	['5aAx2yezTd8zXrkmtKl66Z']
Bhad Bhabie	Lil Yachty	1	['042nVrQvpEVrsrW6yeeHB2']
Kanye West	Travis Barker	1	['0T6RSXxFhW8dRTWHI604ld']
Kanye West	XXXTENTACION	1	['0T6RSXxFhW8dRTWHI604ld']
Lil Uzi Vert	Nicki Minaj	1	['6GNifiuBPrKFpwNBYnooFm']
Nicki Minaj	Oh Wonder	1	['6GNifiuBPrKFpwNBYnooFm']
Alan Walker	Digital Farm Animals	1	['5yFSF6qQA1rcLsQRnBsZgb']
Alan Walker	Juliander	1	['5yFSF6qQA1rcLsQRnBsZgb']
Alan Walker	Noah Cyrus	1	['5yFSF6qQA1rcLsQRnBsZgb']
Digital Farm Animals	Juliander	1	['5yFSF6qQA1rcLsQRnBsZgb']
Digital Farm Animals	Noah Cyrus	1	['5yFSF6qQA1rcLsQRnBsZgb']
Juliander	Noah Cyrus	1	['5yFSF6qQA1rcLsQRnBsZgb']
NAV	Quavo	1	['3NelcGZ46JmV9LqOD1pnxA']
Imagine Dragons	Kygo	1	['0kHyKhJMukHEPfeh8s7rdM']
David Guetta	Sia	1	['33IOhptvC2Qoy2UhjiHXLV']
G-Eazy	Post Malone	1	['688QpQAwqsLdBR6lr13wK1']
G-Eazy	YG	1	['688QpQAwqsLdBR6lr13wK1']
Post Malone	YG	1	['688QpQAwqsLdBR6lr13wK1']
Charli XCX	Troye Sivan	1	['05mAIVLkIWc2d1UBYZBCp8']
Baby Goth	Trippie Redd	1	['2ppse4DOEFlzaW7Xu3U76r']
Bing Crosby	The Andrews Sisters	1	['04vLj9QUXoKdRlsp3gkURo']
Calvin Harris	PARTYNEXTDOOR	1	['2rYyq0b3XWwmWl0k727OVG']
Ed Sheeran	Eminem	1	['5UEnHoDYpsxlfzWLZIc7LD']
Diplo	French Montana	1	['5mqzhMuUpvnMfwNz6iepmO']
Diplo	Lil Pump	1	['5mqzhMuUpvnMfwNz6iepmO']
Diplo	Zhavia Ward	1	['5mqzhMuUpvnMfwNz6iepmO']
French Montana	Lil Pump	1	['5mqzhMuUpvnMfwNz6iepmO']
French Montana	Zhavia Ward	1	['5mqzhMuUpvnMfwNz6iepmO']
Lil Pump	Zhavia Ward	1	['5mqzhMuUpvnMfwNz6iepmO']
Mark Ronson	Miley Cyrus	1	['27rdGxbavYJeBphck5MZAF']
Alesso	Florida Georgia Line	1	['5AEtlRudpgdT5FtNiuly6Y']
Alesso	Hailee Steinfeld	1	['5AEtlRudpgdT5FtNiuly6Y']
Alesso	watt	1	['5AEtlRudpgdT5FtNiuly6Y']
Florida Georgia Line	Hailee Steinfeld	1	['5AEtlRudpgdT5FtNiuly6Y']
Florida Georgia Line	watt	1	['5AEtlRudpgdT5FtNiuly6Y']
Hailee Steinfeld	watt	1	['5AEtlRudpgdT5FtNiuly6Y']
6LACK	Khalid	1	['6Hgh47WXVKtXN5zGOu0hjI']
6LACK	Ty Dolla $ign	1	['6Hgh47WXVKtXN5zGOu0hjI']
Khalid	Ty Dolla $ign	1	['6Hgh47WXVKtXN5zGOu0hjI']
Bad Bunny	Enrique Iglesias	1	['2vvdTrdryjsl8DmPIMDWZU']
Future	Lil Wayne	1	['0nWMTq3fBceV1uZlhFn6of']
JAY-Z	Meek Mill	1	['4iQ5gmTAzWfK8JyFC2LBox']
JAY-Z	Rick Ross	1	['4iQ5gmTAzWfK8JyFC2LBox']
Meek Mill	Rick Ross	1	['4iQ5gmTAzWfK8JyFC2LBox']
Calvin Harris	Normani	1	['5xesHO6GLWTrjsKOjAXRmf']
Calvin Harris	WizKid	1	['5xesHO6GLWTrjsKOjAXRmf']
Normani	WizKid	1	['5xesHO6GLWTrjsKOjAXRmf']
Halsey	The Chainsmokers	1	['7BKLCZ1jbUBVqRi2FVlTVw']
Khalid	Swae Lee	1	['5jyyPsIGM2yqkZN9R3TmvN']
Drake	Mike WiLL Made-It	1	['6wQlT5VQU5eM4NYBIJ6wO5']
Drake	Trouble	1	['6wQlT5VQU5eM4NYBIJ6wO5']
Mike WiLL Made-It	Trouble	1	['6wQlT5VQU5eM4NYBIJ6wO5']
Lil Pump	Lil Uzi Vert	1	['7q8cy4uoA2itYATsKeXhcq']
Clean Bandit	Demi Lovato	1	['6kPJZM97LwdG9QIsT7khp6']
Kygo	Sandro Cavazza	1	['14sOS5L36385FJ3OL8hew4']
Ariana Grande	Liz Gillies	1	['6YJdPrH3i2POzu7hdHIRrb']
John Williams	Mykola Dmytrovych Leontovych	1	['4tHqQMWSqmL6YjXwsqthDI']
Lil Wayne	Snoop Dogg	1	['2AwyHlbA6f641SEkizD5JG']
Liam Payne	Rita Ora	1	['5hM6sP0Gh1jD57drszNueC']
Playboi Carti	Travis Scott	1	['3K6U7TamNyVSWcFH8pCQHX']
KIDS SEE GHOSTS	Ty Dolla $ign	1	['7GRTrWsP3yo2Fx8umJfA1X']
A$AP Rocky	Kid Cudi	1	['3oHkMCVJyOcjg5FhfLc2Rq']
A$AP Rocky	T.I.	1	['3oHkMCVJyOcjg5FhfLc2Rq']
Kid Cudi	Moby	1	['3oHkMCVJyOcjg5FhfLc2Rq']
Kid Cudi	T.I.	1	['3oHkMCVJyOcjg5FhfLc2Rq']
Moby	T.I.	1	['3oHkMCVJyOcjg5FhfLc2Rq']
Matt Ox	XXXTENTACION	1	['65u1dHQyQyE4y4aN2eDmMF']
Shawn Mendes	Zedd	1	['575NJxNUVDqwJGdzBrlLbv']
Bryson Tiller	Playboi Carti	1	['1s9DTymg5UQrdorZf43JQm']
Mozzy	REASON	1	['35cOyocq8Gb6UcT0NWeTwn']
Mozzy	Sjava	1	['35cOyocq8Gb6UcT0NWeTwn']
REASON	Sjava	1	['35cOyocq8Gb6UcT0NWeTwn']
Trippie Redd	XXXTENTACION	1	['7AQim7LbvFVZJE3O8TYgf2']
Gunna	Tory Lanez	1	['6bMIExEulvwM2X6zsuiYwr']
Calvin Harris	SZA	1	['0P6AWOA4LG1XOctzaVu5tt']
Drake	Migos	1	['6n4U3TlzUGhdSFbUUhTvLP']
DJ Snake	French Montana	1	['1MUL6DO2gVimj2YrVedubd']
DJ Snake	GASHI	1	['1MUL6DO2gVimj2YrVedubd']
French Montana	GASHI	1	['1MUL6DO2gVimj2YrVedubd']
Julia Michaels	Trippie Redd	1	['2OvV4NjEBRE9v8Oo7QeUCq']
Kendrick Lamar	Travis Scott	1	['5cXg9IQS34FzLVdHhp7hu7']
2 Chainz	Drake	1	['5S1IUPueD0xE0vj4zU3nSf']
2 Chainz	Quavo	1	['5S1IUPueD0xE0vj4zU3nSf']
Blake Shelton	Gwen Stefani	1	['2OQ6a4CfUeYskpTTgyawyJ']
Mitchell Ayres & His Orchestra	Perry Como	1	['2pXpURmn6zC5ZYDMms6fwa']
Mitchell Ayres & His Orchestra	The Fontane Sisters	1	['2pXpURmn6zC5ZYDMms6fwa']
Perry Como	The Fontane Sisters	1	['2pXpURmn6zC5ZYDMms6fwa']
Sugarland	Taylor Swift	1	['7FFfYM4JE1vj5n4rhHxg8q']
Logic	Lucy Rose	1	['4ut9fdC5ncgcvCo0KaphNY']
Logic	The RattPack	1	['4ut9fdC5ncgcvCo0KaphNY']
Lucy Rose	The RattPack	1	['4ut9fdC5ncgcvCo0KaphNY']
Anne-Marie	James Arthur	1	['6mQLN3zRtAp6ovjusyYKrV']
Ozuna	Reik	1	['6jA8JUuPCGYjFcgw0AoM5T']
Ozuna	Wisin	1	['6jA8JUuPCGYjFcgw0AoM5T']
Reik	Wisin	1	['6jA8JUuPCGYjFcgw0AoM5T']
Future	Rae Sremmurd	1	['2TtWdYXulGcHCeUJUWwZ4M']
Future	Slim Jxmmi	1	['2TtWdYXulGcHCeUJUWwZ4M']
Future	Swae Lee	1	['2TtWdYXulGcHCeUJUWwZ4M']
Cappadonna	GZA	1	['6VDz4m1vEGHDDqQojf1mpc']
Cappadonna	Ghostface Killah	1	['6VDz4m1vEGHDDqQojf1mpc']
Cappadonna	Inspectah Deck	1	['6VDz4m1vEGHDDqQojf1mpc']
Cappadonna	Jackpot Scotty Wotty	1	['6VDz4m1vEGHDDqQojf1mpc']
Cappadonna	Logic	1	['6VDz4m1vEGHDDqQojf1mpc']
Cappadonna	Masta Killa	1	['6VDz4m1vEGHDDqQojf1mpc']
Cappadonna	Method Man	1	['6VDz4m1vEGHDDqQojf1mpc']
Cappadonna	RZA	1	['6VDz4m1vEGHDDqQojf1mpc']
Cappadonna	Raekwon	1	['6VDz4m1vEGHDDqQojf1mpc']
Cappadonna	U-God	1	['6VDz4m1vEGHDDqQojf1mpc']
GZA	Ghostface Killah	1	['6VDz4m1vEGHDDqQojf1mpc']
GZA	Inspectah Deck	1	['6VDz4m1vEGHDDqQojf1mpc']
GZA	Jackpot Scotty Wotty	1	['6VDz4m1vEGHDDqQojf1mpc']
GZA	Logic	1	['6VDz4m1vEGHDDqQojf1mpc']
GZA	Masta Killa	1	['6VDz4m1vEGHDDqQojf1mpc']
GZA	Method Man	1	['6VDz4m1vEGHDDqQojf1mpc']
GZA	RZA	1	['6VDz4m1vEGHDDqQojf1mpc']
GZA	Raekwon	1	['6VDz4m1vEGHDDqQojf1mpc']
GZA	U-God	1	['6VDz4m1vEGHDDqQojf1mpc']
Ghostface Killah	Inspectah Deck	1	['6VDz4m1vEGHDDqQojf1mpc']
Ghostface Killah	Jackpot Scotty Wotty	1	['6VDz4m1vEGHDDqQojf1mpc']
Ghostface Killah	Logic	1	['6VDz4m1vEGHDDqQojf1mpc']
Ghostface Killah	Masta Killa	1	['6VDz4m1vEGHDDqQojf1mpc']
Ghostface Killah	Method Man	1	['6VDz4m1vEGHDDqQojf1mpc']
Ghostface Killah	RZA	1	['6VDz4m1vEGHDDqQojf1mpc']
Ghostface Killah	Raekwon	1	['6VDz4m1vEGHDDqQojf1mpc']
Ghostface Killah	U-God	1	['6VDz4m1vEGHDDqQojf1mpc']
Inspectah Deck	Jackpot Scotty Wotty	1	['6VDz4m1vEGHDDqQojf1mpc']
Inspectah Deck	Logic	1	['6VDz4m1vEGHDDqQojf1mpc']
Inspectah Deck	Masta Killa	1	['6VDz4m1vEGHDDqQojf1mpc']
Inspectah Deck	Method Man	1	['6VDz4m1vEGHDDqQojf1mpc']
Inspectah Deck	RZA	1	['6VDz4m1vEGHDDqQojf1mpc']
Inspectah Deck	Raekwon	1	['6VDz4m1vEGHDDqQojf1mpc']
Inspectah Deck	U-God	1	['6VDz4m1vEGHDDqQojf1mpc']
Jackpot Scotty Wotty	Logic	1	['6VDz4m1vEGHDDqQojf1mpc']
Jackpot Scotty Wotty	Masta Killa	1	['6VDz4m1vEGHDDqQojf1mpc']
Jackpot Scotty Wotty	Method Man	1	['6VDz4m1vEGHDDqQojf1mpc']
Jackpot Scotty Wotty	RZA	1	['6VDz4m1vEGHDDqQojf1mpc']
Jackpot Scotty Wotty	Raekwon	1	['6VDz4m1vEGHDDqQojf1mpc']
Jackpot Scotty Wotty	U-God	1	['6VDz4m1vEGHDDqQojf1mpc']
Logic	Masta Killa	1	['6VDz4m1vEGHDDqQojf1mpc']
Logic	Method Man	1	['6VDz4m1vEGHDDqQojf1mpc']
Logic	RZA	1	['6VDz4m1vEGHDDqQojf1mpc']
Logic	Raekwon	1	['6VDz4m1vEGHDDqQojf1mpc']
Logic	U-God	1	['6VDz4m1vEGHDDqQojf1mpc']
Masta Killa	Method Man	1	['6VDz4m1vEGHDDqQojf1mpc']
Masta Killa	RZA	1	['6VDz4m1vEGHDDqQojf1mpc']
Masta Killa	Raekwon	1	['6VDz4m1vEGHDDqQojf1mpc']
Masta Killa	U-God	1	['6VDz4m1vEGHDDqQojf1mpc']
Method Man	RZA	1	['6VDz4m1vEGHDDqQojf1mpc']
Method Man	Raekwon	1	['6VDz4m1vEGHDDqQojf1mpc']
Method Man	U-God	1	['6VDz4m1vEGHDDqQojf1mpc']
RZA	Raekwon	1	['6VDz4m1vEGHDDqQojf1mpc']
RZA	U-God	1	['6VDz4m1vEGHDDqQojf1mpc']
Raekwon	U-God	1	['6VDz4m1vEGHDDqQojf1mpc']
Gunna	Lil Uzi Vert	1	['2bSk87AVkCIIC3Bcligq1z']
Lil Baby	Lil Uzi Vert	1	['2bSk87AVkCIIC3Bcligq1z']
Justin Bieber	Post Malone	1	['0H8XeaJunhvpBdBFIYi6Sh']
Beyoncé	DJ Khaled	1	['1W6wxOOYyJyyok8fqYSZ3m']
Beyoncé	Future	1	['1W6wxOOYyJyyok8fqYSZ3m']
Beyoncé	JAY-Z	1	['1W6wxOOYyJyyok8fqYSZ3m']
DJ Khaled	Future	1	['1W6wxOOYyJyyok8fqYSZ3m']
DJ Khaled	JAY-Z	1	['1W6wxOOYyJyyok8fqYSZ3m']
Future	JAY-Z	1	['1W6wxOOYyJyyok8fqYSZ3m']
Cardi B	YG	1	['0CfmNX2TXk7yoJqHJiixnp']
Empress Of	Khalid	1	['4AhSkRYioEIfGvCV19peYN']
Calvin Harris	benny blanco	1	['5sdb5pMhcK44SSLsj1moUh']
Eminem	Joyner Lucas	1	['60SdxE8apGAxMiRrpbmLY0']
21 Savage	Kodak Black	1	['1HLL8X0LH20F6Z9SLXLIjr']
Kodak Black	Metro Boomin	1	['1HLL8X0LH20F6Z9SLXLIjr']
Alan Walker	Au/Ra	1	['1snWlbcbgQpJfknoI30DWG']
Alan Walker	Tomine Harket	1	['1snWlbcbgQpJfknoI30DWG']
Au/Ra	Tomine Harket	1	['1snWlbcbgQpJfknoI30DWG']
Rich The Kid	Trippie Redd	1	['3uQVotHaLudJ5C0OJ0iEZ9']
J Balvin	Maluma	1	['6JjPBQfI2Y8nIjnm65X6Pw']
J Balvin	Ozuna	1	['6JjPBQfI2Y8nIjnm65X6Pw']
Maluma	Nicky Jam	1	['6JjPBQfI2Y8nIjnm65X6Pw']
Maluma	Ozuna	1	['6JjPBQfI2Y8nIjnm65X6Pw']
Calvin Harris	Dua Lipa	1	['7ef4DlsgrMEH11cDZd32M6']
21 Savage	A$AP Rocky	1	['1nO2NjuFkGaAWcMdJ1pNrp']
21 Savage	Gucci Mane	1	['1nO2NjuFkGaAWcMdJ1pNrp']
21 Savage	London On Da Track	1	['1nO2NjuFkGaAWcMdJ1pNrp']
A$AP Rocky	Gucci Mane	1	['1nO2NjuFkGaAWcMdJ1pNrp']
A$AP Rocky	London On Da Track	1	['1nO2NjuFkGaAWcMdJ1pNrp']
Gucci Mane	London On Da Track	1	['1nO2NjuFkGaAWcMdJ1pNrp']
Rae Sremmurd	The Weeknd	1	['6nI74KsH94IN0J2vp5shdT']
Slim Jxmmi	The Weeknd	1	['6nI74KsH94IN0J2vp5shdT']
Swae Lee	The Weeknd	1	['6nI74KsH94IN0J2vp5shdT']
Nicki Minaj	Playboi Carti	1	['2rPSFKzGeqUWwfcCFVkkq3']
Pusha T	Rick Ross	1	['3HgA5R5alihocnOYE9ihpS']
Future	Meek Mill	1	['6cPnE82DKBLd7sg02ZNg8K']
Future	Roddy Ricch	1	['6cPnE82DKBLd7sg02ZNg8K']
Meek Mill	Roddy Ricch	1	['6cPnE82DKBLd7sg02ZNg8K']
Meek Mill	Young Thug	1	['6cPnE82DKBLd7sg02ZNg8K']
Roddy Ricch	Young Thug	1	['6cPnE82DKBLd7sg02ZNg8K']
Lil Peep	Marshmello	1	['6VrCmhRBFnuGKmtNfk4jDs']
Kodie Shane	Trippie Redd	1	['0ZPCxNK4DIrF8KqrN3DxfA']
BlocBoy JB	Drake	1	['4qKcDkK6siZ7Jp1Jb4m0aL']
Juice WRLD	Young Scooter	1	['2OsDoAzo5SGq10qwmKSQBv']
KIDS SEE GHOSTS	Louis Prima	1	['6JyEh4kl9DLwmSAoNDRn5b']
Ina Wroldsen	Jax Jones	1	['6tvQzeCPwOytDlBYCIOY0n']
Gucci Mane	Lil Yachty	1	['3DxZfFYJLwKDJtUwnLEhkL']
Lil Yachty	Migos	1	['3DxZfFYJLwKDJtUwnLEhkL']
Daniel Caesar	H.E.R.	1	['4OBZT9EnhYIV17t4pGw7ig']
Big Sean	Logic	1	['5KVciTEfXvpcFHR3RFbtJy']
Juice WRLD	Lil Yachty	1	['5R2rsbwCDXORX2tLfprRmM']
2 Chainz	K$upreme	1	['6M1qLtDxfOeBSbM5HnIo54']
2 Chainz	Lil Yachty	1	['6M1qLtDxfOeBSbM5HnIo54']
K$upreme	Lil Yachty	1	['6M1qLtDxfOeBSbM5HnIo54']
Bebe Rexha	Cardi B	1	['1YNQscOx6OqBQjxgJVhEeW']
Bebe Rexha	Charli XCX	1	['1YNQscOx6OqBQjxgJVhEeW']
Bebe Rexha	Rita Ora	1	['1YNQscOx6OqBQjxgJVhEeW']
Cardi B	Charli XCX	1	['1YNQscOx6OqBQjxgJVhEeW']
Cardi B	Rita Ora	1	['1YNQscOx6OqBQjxgJVhEeW']
Charli XCX	Rita Ora	1	['1YNQscOx6OqBQjxgJVhEeW']
Keala Settle	Zac Efron	1	['43ay9lQZ5rfNcOOHhRF2cM']
The Greatest Showman Ensemble	Zac Efron	1	['43ay9lQZ5rfNcOOHhRF2cM']
Elley Duhé	Gryffin	1	['4QVS8YCpK71R4FsxSMCjhP']
Sia	ZAYN	1	['1j4kHkkpqZRBwE0A4CN4Yv']
French Montana	Swae Lee	1	['3B54sVLJ402zGa6Xm4YGNe']
Bruno Mars	Cardi B	1	['3Vo4wInECJQuz9BIBMOu8i']
Lil Pump	Maluma	1	['2LskIZrCeLxRvCiGP8gxlh']
Lil Pump	Swae Lee	1	['2LskIZrCeLxRvCiGP8gxlh']
Lil Pump	XXXTENTACION	1	['2LskIZrCeLxRvCiGP8gxlh']
Maluma	Swae Lee	1	['2LskIZrCeLxRvCiGP8gxlh']
Maluma	XXXTENTACION	1	['2LskIZrCeLxRvCiGP8gxlh']
Swae Lee	XXXTENTACION	1	['2LskIZrCeLxRvCiGP8gxlh']
Nicki Minaj	Yo Gotti	1	['4knL4iPxPOZjQzTUlELGSY']
Chris Brown	Lil Dicky	1	['10Igtw8bSDyyFs7KIsKngZ']
Huncho Jack	Offset	1	['6urLjX35oXXRYtcH1b3dCh']
Mac Miller	Miguel	1	['6GnhWMhgJb7uyiiPEiEkDA']
De La Ghetto	Jason Derulo	1	['4QtiVmuA88tPQiCOHZuQ5b']
De La Ghetto	Sofia Reyes	1	['4QtiVmuA88tPQiCOHZuQ5b']
Jason Derulo	Sofia Reyes	1	['4QtiVmuA88tPQiCOHZuQ5b']
David Guetta	Jason Derulo	1	['5Xn4IyTtW6FUGIUyWjbUHG']
David Guetta	Nicki Minaj	1	['5Xn4IyTtW6FUGIUyWjbUHG']
David Guetta	Willy William	1	['5Xn4IyTtW6FUGIUyWjbUHG']
Jason Derulo	Nicki Minaj	1	['5Xn4IyTtW6FUGIUyWjbUHG']
Jason Derulo	Willy William	1	['5Xn4IyTtW6FUGIUyWjbUHG']
Nicki Minaj	Willy William	1	['5Xn4IyTtW6FUGIUyWjbUHG']
Lil Yachty	Trippie Redd	1	['6tarvNiKnEjYMj1VZhlDqR']
KIDS SEE GHOSTS	Pusha T	1	['3aUFrxO1B8EW63QchEl3wX']
Larry Walsh	Mark Linett	1	['5xlS0QkVrSH7ssEbBgBzbM']
Larry Walsh	Sweet	1	['5xlS0QkVrSH7ssEbBgBzbM']
Larry Walsh	The Beach Boys	1	['5xlS0QkVrSH7ssEbBgBzbM']
Mark Linett	Sweet	1	['5xlS0QkVrSH7ssEbBgBzbM']
Mark Linett	The Beach Boys	1	['5xlS0QkVrSH7ssEbBgBzbM']
Sweet	The Beach Boys	1	['5xlS0QkVrSH7ssEbBgBzbM']
Future	Rich The Kid	1	['0ITqOOwNtw5DP2GLYAlTQx']
Kendrick Lamar	Rihanna	1	['6SwRhMLwNqEi6alNPVG00n']
Ab-Soul	Anderson .Paak	1	['4KXwFI9pgJLpUIAc9oSL8j']
Ab-Soul	James Blake	1	['4KXwFI9pgJLpUIAc9oSL8j']
Anderson .Paak	James Blake	1	['4KXwFI9pgJLpUIAc9oSL8j']
2 Chainz	Jhené Aiko	1	['6H0AwSQ20mo62jGlPGB8S6']
2 Chainz	Trey Songz	1	['6H0AwSQ20mo62jGlPGB8S6']
2 Chainz	Ty Dolla $ign	1	['6H0AwSQ20mo62jGlPGB8S6']
Jhené Aiko	Trey Songz	1	['6H0AwSQ20mo62jGlPGB8S6']
Jhené Aiko	Ty Dolla $ign	1	['6H0AwSQ20mo62jGlPGB8S6']
Trey Songz	Ty Dolla $ign	1	['6H0AwSQ20mo62jGlPGB8S6']
Elliott Trent	Tory Lanez	1	['6bKUUSlzDua0gt0g13OKqw']
Elliott Trent	Trippie Redd	1	['6bKUUSlzDua0gt0g13OKqw']
Lil Wayne	Rich The Kid	1	['0qFX9pVJQB4lBMxRoFXqGr']
Ariana Grande	Pharrell Williams	1	['4mLkiFppf8Xvem6BSY34qw']
Bastille	Marshmello	1	['2dpaYNEQHiRxtZbfNsse99']
Cardi B	Chance the Rapper	1	['00B7TZ0Xawar6NZ00JFomN']
2 Chainz	Gucci Mane	1	['3zxiTHxE4MxwuYf8aLQ9ax']
2 Chainz	Lil Baby	1	['3zxiTHxE4MxwuYf8aLQ9ax']
Anuel AA	Bantu	1	['4Uy3kNxW2kB8AEoXljEcth']
Anuel AA	Nicki Minaj	1	['4Uy3kNxW2kB8AEoXljEcth']
Bantu	Nicki Minaj	1	['4Uy3kNxW2kB8AEoXljEcth']
Dzeko	Post Malone	1	['4kWO6O1BUXcZmaxitpVUwp']
Dzeko	Preme	1	['4kWO6O1BUXcZmaxitpVUwp']
Dzeko	Tiësto	1	['4kWO6O1BUXcZmaxitpVUwp']
Post Malone	Preme	1	['4kWO6O1BUXcZmaxitpVUwp']
Post Malone	Tiësto	1	['4kWO6O1BUXcZmaxitpVUwp']
Preme	Tiësto	1	['4kWO6O1BUXcZmaxitpVUwp']
Offset	Rich Brian	1	['16wWFYS9S4hKBk2Ofj3Ss6']
21 Savage	Meek Mill	1	['0UNeNA0dcfUMsGxvLwf2p3']
Belly	NAV	1	['1k9B8MqhGKbVV3dTpwUxn5']
Lil Uzi Vert	Young Stoner Life Records	1	['3HxYOwZZHZn5mC1drqPQqR']
Lil Uzi Vert	Young Thug	1	['3HxYOwZZHZn5mC1drqPQqR']
Juice WRLD	Kodak Black	1	['4KX8vXbouybtUptEyYxtIk']
Emani 22	Trippie Redd	1	['2lvOt6VAufWlstrqutilVb']
Famous Dex	Jay Critch	1	['0n22yqkitWec0PV6tibWEO']
Famous Dex	Lil Baby	1	['0n22yqkitWec0PV6tibWEO']
Famous Dex	Rich The Kid	1	['0n22yqkitWec0PV6tibWEO']
Jay Critch	Lil Baby	1	['0n22yqkitWec0PV6tibWEO']
Jay Critch	Rich The Kid	1	['0n22yqkitWec0PV6tibWEO']
Lil Baby	Rich The Kid	1	['0n22yqkitWec0PV6tibWEO']
NAV	Travis Scott	1	['6nO3tr47nr2P7f3hXb8JIo']
J Balvin	Willy William	1	['2rb5MvYT7ZIxbKW5hfcHx8']
BloodPop®	Hailee Steinfeld	1	['3towKHKVOXCCcL1fHv6xFO']
Gucci Mane	Offset	1	['2WqTKOAUmv7hz9ZzGnXHrY']
Lil Wayne	Travis Scott	1	['0CBQ0m3mufWH75LTYB3s6h']
Hozier	Mavis Staples	1	['7wR5r0KYGXBpyWXCdyYs3F']
Logic	OneRepublic	1	['1Nj2oBISdFDSF8eDuXcALz']
Clams Casino	Joji	1	['39oeKRgsLeynDIbWuXyA47']
Cardi B	City Girls	1	['4DyBx5MYoq8RsU33cEAIxT']
Cardi B	DJ Snake	1	['4w8niZpiMy6qz1mntFA5uM']
Cardi B	Selena Gomez	1	['4w8niZpiMy6qz1mntFA5uM']
DJ Snake	Ozuna	1	['4w8niZpiMy6qz1mntFA5uM']
DJ Snake	Selena Gomez	1	['4w8niZpiMy6qz1mntFA5uM']
Ozuna	Selena Gomez	1	['4w8niZpiMy6qz1mntFA5uM']
Kevin Gates	Quando Rondo	1	['4O1uCappFiU3bisYUdUBWy']
Quando Rondo	YoungBoy Never Broke Again	1	['4O1uCappFiU3bisYUdUBWy']
Kanye West	Pusha T	1	['5vnuJ8EopkP5dHukpOmT3L']
Migos	Post Malone	1	['3OnOomd79OjqSYHchCQ6ht']
Future	Gunna	1	['0JR7iZZ6Ql79sXW3rbiS3F']
Gunna	Juice WRLD	1	['0JR7iZZ6Ql79sXW3rbiS3F']
Drake	French Montana	1	['04MLEeAMuV9IlHEsD8vF6A']
Gucci Mane	YoungBoy Never Broke Again	1	['24vhQnVsbHHwlIXH7hD9Eh']
Maluma	Nego do Borel	1	['4lESS6vuruP6a79KWRaQou']
Carnage	Lil Pump	1	['0AcHbiMs86CCgprvc7E1gs']
Kygo	Selena Gomez	1	['3eR23VReFzcdmS7TYCrhCe']
SZA	Travis Scott	1	['0q75NwOoFiARAVp4EXU4Bs']
Rich The Kid	Tory Lanez	1	['2cRgo1TiPm7SnPvYzvbOLf']
