artist_1	artist_2	count	song_ids
Bonez MC	RAF Camora	27	['6v6xHeuMLbCuddN0ETrGhs', '3H25ywsvlV0ZT2XSpSU7wk', '0UD507pTePjxhtnpTOWmKX', '0oDrO1NTbP6uYNzSnjcqQG', '1bovaccI49Bqbu6TfU8zbL', '369SOcTvxnm9DWYIzoNzal', '1WVnR5tOzd9oMVEAkBvPxH', '5Rw35kLemvSdxXmpQveQ7B', '7istTRCq9OK5cEC8sPAc50', '4FwwXRuwzJcpmfCR8ltO9b', '0t4v7Q4yzb9SOQohayL33W', '7ckGvAoSg8oq85I8owLVSZ', '1BRdeyNaPcblzeqaBum5TS', '0Vy7fWzknPBpNTwJkGc7Sm', '1uGERQ2DVv7j9WSsWzOHVp', '6wHRm1KR8pzVDPdmR6Qovj', '6SIToQ3DgnTIzXAyM4amnh', '1mEboo42f3Pt5BSPCtogYr', '4i9ZRPZbz683dAMVSU4zlm', '3ZIAgHmolpOrVkR2JXCg2d', '27CUvggbN4O6ASZEsExeAi', '1vza0Eqjzqw0jJfOGRwg1c', '7g4ZuevZdAZh4EDrJG1S4X', '7d2QNWdojil8IXENPnAgTv', '4NrwzWgZfNHb7dpNrEEQqX', '6hjck7ERXicpsW51UkdHCA', '05Mp2UJulSttxQ4E6hQPH3']
KC Rebell	Summer Cem	24	['6hB5hpMGCIriSNCH0d2zHY', '7itaMzdYaSVjrXNOaLaIUh', '6Nhhf4mloz2f7cWgoAr742', '7cfslWRjkI0WLbvkWmJdxb', '5LhrVAtfslBvpyuKoo5yxA', '0RCSckg7PFBBfwG73ydbOG', '6bTAKxX1oLUvKOOh85i4DW', '1eMbgZ0XqwzdmqsBmBGOM5', '0owOFov4xvXoXQUDhq0YCL', '5y2qTBdWUFNgSPOygSWOMe', '2E6PBChEvnFKHoji2eNDJr', '1vYLKyzU47iF8UWTU5C1CQ', '5O3wMlZYkeAAGwWiPGPWR5', '5hwzUBmny610l7YQPH9sdb', '6u17eFFrfGHH4f7AfwKy7J', '3TfKkdaIhNyaGiEHJFBtNr', '0p6ZRPPmXONaxaqWVdBZmD', '4bHxXJnNRSMfc8z2lEIMRQ', '6Z0XvbeGzalpzS7qcAK5mX', '679C7xG3Mm7zGRwyhskqKW', '5LiNVqzl7PIIBBrKbCtMvn', '5hNbpjMYatgqiDa7nonhsl', '39qlqpwVzRkQP6WsILfIB5', '21u9cFskfSRdv6tBFZEtuK']
Bonez MC	Gzuz	22	['42HI1CnQ4meVfZCTSwZK0n', '6v6xHeuMLbCuddN0ETrGhs', '210azEodQSJ48zZrgxHsu8', '1dAazGFelwADy9weYTniuB', '3H25ywsvlV0ZT2XSpSU7wk', '3dA1Z1MFUVbdY796jNEjr2', '4w5lLpNddC9X05bBxddqFT', '1KiA2qmRxsedA1mKPceIov', '0Vy7fWzknPBpNTwJkGc7Sm', '7hCJgEQQqOlQrWQ9iOZ495', '4yI4PNx1en30E5MryFZZLT', '1uGERQ2DVv7j9WSsWzOHVp', '3KbCjPkewCmJt09FYtyVK5', '27CUvggbN4O6ASZEsExeAi', '1vza0Eqjzqw0jJfOGRwg1c', '3aDYo34VzVf2i8aJyJk0ca', '5L56aF7d720ZaytO5UMEtb', '6zd31HpApjec1ldpS1E4Xu', '639uCLPslNZLSWWMenLli1', '6mw02h3qbWmuq2bJCRjRAe', '4iPjyH29Cw0PFQ7bR81fHf', '01dCuK62A6QZ8L9ONTyMVo']
		17	['5TTzhRSWQS4Yu8xTgAuq6D', '5iGkUe025afEj6z66GHjWv', '2ohk9OZFaYwo8UrRm3ewqq', '5cjecvX0CmC9gK0Laf5EMQ', '5fBLHMccZTRyCxFI17YjQB', '0ocIyziRJhnicqGm1u0m1X', '1xSTaiXN33Y5chE2bFixVo', '3ireeOPKD5i6wN6CBp5koM', '1Rn0dmvcmrkM16ImY8TObH', '3OrkWDgwqo5tZyGqu1khlU', '7CbkW1lLxOM5D6YWTnzknv', '5WkVuwmvmbmysXlKtdfkRD', '667XbVuYeoYAVUBzB9Z7Q8', '5iHTJQAyosPC8H498A0Lh5', '34IY2117PizF4NoRPoMth6', '4nbg6j4t38jiFdwXt3kiLQ', '20yDAohnjeOlLpnogPhnCO']
Savas	Sido	15	['7goWEGd9EpIKR6nuE1BOgW', '18BLXBMkoDHVxJaSXDt9v3', '63LvjNBXrndYyaL83C5nwZ', '5BSmC9VNKBAo6DlVtS6MA8', '5VbveN25v2Y2FZqGMbavSx', '6bi86Zwk21G2n3bn7we0s8', '1qzLOrkZDPDvH8WlDnJrVr', '7s0Qu88sgiKcMlO6c62juQ', '0PR4YJoca5hi2AqIVWRvvr', '6LxJNhtLZOcjTc3hNUNzlO', '7nEWnNn1mz68ufoHwSWzDi', '5dENcQGTiP77Re7LvaIMTT', '5J9P2JiLn9VR5C8c2YAEPi', '3cvbeLKHVG3EYibxcCLVYB', '5vsfidTTEEpYICg7ag2Nk6']
Bonez MC	Maxwell	12	['1uGERQ2DVv7j9WSsWzOHVp', '1dAazGFelwADy9weYTniuB', '3KbCjPkewCmJt09FYtyVK5', '14OLkF8PnpsE7z9zt7FMu1', '639uCLPslNZLSWWMenLli1', '3H25ywsvlV0ZT2XSpSU7wk', '6zd31HpApjec1ldpS1E4Xu', '63SGQVGRElERHTuljbqCsD', '6nBcD1J3L7qrgaEknTKNhv', '0Vy7fWzknPBpNTwJkGc7Sm', '6hjck7ERXicpsW51UkdHCA', '05Mp2UJulSttxQ4E6hQPH3']
187 Strassenbande	Bonez MC	11	['42HI1CnQ4meVfZCTSwZK0n', '5L56aF7d720ZaytO5UMEtb', '210azEodQSJ48zZrgxHsu8', '35GSwxl4LYtOATVIXqmAPA', '6mw02h3qbWmuq2bJCRjRAe', '63SGQVGRElERHTuljbqCsD', '4w5lLpNddC9X05bBxddqFT', '4iPjyH29Cw0PFQ7bR81fHf', '0Vy7fWzknPBpNTwJkGc7Sm', '7hCJgEQQqOlQrWQ9iOZ495', '3aDYo34VzVf2i8aJyJk0ca']
LX	Maxwell	10	['3ruUVcomUKxPlX8srBfMua', '70NqBF3w8WSv05KAD2Vz0F', '3KbCjPkewCmJt09FYtyVK5', '6zd31HpApjec1ldpS1E4Xu', '639uCLPslNZLSWWMenLli1', '63SGQVGRElERHTuljbqCsD', '7bT5tDmeOqa3e7EegiXfQr', '7yLypiPQQt7SPG7I26mq2l', '2wClcS0uXRVwUhuZBIVpQp', '5fzDpw2ecK1KghidsBVM4q']
187 Strassenbande	LX	10	['3ruUVcomUKxPlX8srBfMua', '5L56aF7d720ZaytO5UMEtb', '210azEodQSJ48zZrgxHsu8', '63SGQVGRElERHTuljbqCsD', '4w5lLpNddC9X05bBxddqFT', '2TUcc3b5gFgq7oaRJfrVZd', '7bT5tDmeOqa3e7EegiXfQr', '7hCJgEQQqOlQrWQ9iOZ495', '5fzDpw2ecK1KghidsBVM4q', '3aDYo34VzVf2i8aJyJk0ca']
Gzuz	Maxwell	9	['6OThGIkkHcL6cJ8nJawjpq', '1uGERQ2DVv7j9WSsWzOHVp', '1dAazGFelwADy9weYTniuB', '3KbCjPkewCmJt09FYtyVK5', '6zd31HpApjec1ldpS1E4Xu', '639uCLPslNZLSWWMenLli1', '3H25ywsvlV0ZT2XSpSU7wk', '3J3JcR6Akadd7R42qoqdhy', '0Vy7fWzknPBpNTwJkGc7Sm']
187 Strassenbande	Gzuz	9	['42HI1CnQ4meVfZCTSwZK0n', '5L56aF7d720ZaytO5UMEtb', '210azEodQSJ48zZrgxHsu8', '6mw02h3qbWmuq2bJCRjRAe', '4w5lLpNddC9X05bBxddqFT', '4iPjyH29Cw0PFQ7bR81fHf', '0Vy7fWzknPBpNTwJkGc7Sm', '7hCJgEQQqOlQrWQ9iOZ495', '3aDYo34VzVf2i8aJyJk0ca']
Bonez MC	LX	9	['5L56aF7d720ZaytO5UMEtb', '210azEodQSJ48zZrgxHsu8', '3KbCjPkewCmJt09FYtyVK5', '6zd31HpApjec1ldpS1E4Xu', '639uCLPslNZLSWWMenLli1', '63SGQVGRElERHTuljbqCsD', '4w5lLpNddC9X05bBxddqFT', '7hCJgEQQqOlQrWQ9iOZ495', '3aDYo34VzVf2i8aJyJk0ca']
Farid Bang	Kollegah	8	['7AhcUUsJyYpvHvfrRsiysS', '4Ja7xcFhiJpEEB8LR4yO1y', '5gVkQehV7dXjnau9jjfJ7a', '6F0fXw4G0dqRWJnvWPZM67', '2MRa7smgGyELfGEpmw1ILu', '2a9yoHHUk5dRdq5GU8KvU2', '2nvUC76Xju4HuqIFXeiCyI', '053sjtHtfgseKIyA777w2C']
Kurdo	Majoe	8	['5sXH5is49Lxo6zQCksCKfe', '0KzUyonAz3qE6UE9tDL4tV', '1BUi9x7vl6q20HA2J0aiyU', '29CoYNq5Jn9v0xkmOGGT0s', '6O3MwxCWykOYhMGTKNYeXv', '6r4dRb9m9OIlj3VTrWPMuX', '6rQxI9E91vFj8oO9Fnct27', '6eBA8O9zVo1IO1xywNY2Gi']
Gzuz	LX	8	['5L56aF7d720ZaytO5UMEtb', '210azEodQSJ48zZrgxHsu8', '3KbCjPkewCmJt09FYtyVK5', '6zd31HpApjec1ldpS1E4Xu', '639uCLPslNZLSWWMenLli1', '4w5lLpNddC9X05bBxddqFT', '7hCJgEQQqOlQrWQ9iOZ495', '3aDYo34VzVf2i8aJyJk0ca']
Bonez MC	Sa4	7	['4WGv2uh5zowr2IHKVwLcQ2', '639uCLPslNZLSWWMenLli1', '3dA1Z1MFUVbdY796jNEjr2', '4iPjyH29Cw0PFQ7bR81fHf', '7hCJgEQQqOlQrWQ9iOZ495', '1vza0Eqjzqw0jJfOGRwg1c', '4yI4PNx1en30E5MryFZZLT']
Gzuz	Sa4	7	['639uCLPslNZLSWWMenLli1', '3dA1Z1MFUVbdY796jNEjr2', '5MGscVQk1GOLb7AFOnwR7f', '4iPjyH29Cw0PFQ7bR81fHf', '7hCJgEQQqOlQrWQ9iOZ495', '1vza0Eqjzqw0jJfOGRwg1c', '4yI4PNx1en30E5MryFZZLT']
Gzuz	RAF Camora	6	['6v6xHeuMLbCuddN0ETrGhs', '1uGERQ2DVv7j9WSsWzOHVp', '3H25ywsvlV0ZT2XSpSU7wk', '27CUvggbN4O6ASZEsExeAi', '0Vy7fWzknPBpNTwJkGc7Sm', '1vza0Eqjzqw0jJfOGRwg1c']
187 Strassenbande	Maxwell	6	['3ruUVcomUKxPlX8srBfMua', '63SGQVGRElERHTuljbqCsD', '7bT5tDmeOqa3e7EegiXfQr', '0Vy7fWzknPBpNTwJkGc7Sm', '1v4OhNexUiv3Mq6s7tcKbw', '5fzDpw2ecK1KghidsBVM4q']
Maxwell	RAF Camora	6	['1uGERQ2DVv7j9WSsWzOHVp', '3H25ywsvlV0ZT2XSpSU7wk', '0Vy7fWzknPBpNTwJkGc7Sm', '16nn9U3bhRfDgOxK1rp3WC', '6hjck7ERXicpsW51UkdHCA', '05Mp2UJulSttxQ4E6hQPH3']
Fler	Jalil	5	['4bCoM0XTnht30tIkdUHotS', '1bPEq4wPpBQXc7iPjeInig', '2sWOUbbdQ4S1qMkrgfjBVU', '0Sg4VL2zkgb3EzJWbZJoXx', '2n7zISWD4izoHXWcXeCoZf']
LX	Sa4	5	['4HuC3ftpYW53FJGjJC8Ra6', '639uCLPslNZLSWWMenLli1', '7bT5tDmeOqa3e7EegiXfQr', '7hCJgEQQqOlQrWQ9iOZ495', '5fzDpw2ecK1KghidsBVM4q']
Maxwell	Sa4	5	['639uCLPslNZLSWWMenLli1', '0ALW9qTKOQ3BDrHe20Zfit', '7bT5tDmeOqa3e7EegiXfQr', '5fzDpw2ecK1KghidsBVM4q', '4WkcGT6VQndAd1rtRa8f8t']
187 Strassenbande	Sa4	5	['11DDWc2hxWltUcKbYLG3CP', '4iPjyH29Cw0PFQ7bR81fHf', '7bT5tDmeOqa3e7EegiXfQr', '7hCJgEQQqOlQrWQ9iOZ495', '5fzDpw2ecK1KghidsBVM4q']
Capital Bra	Joshi Mizu	4	['4v4ZuW2tjSyyci2BcE5bTp', '7FpW9V6XATqH6z7jhqQjlp', '2tcVq1hnzgdGu5xVlZk8M4', '0mtvyPJfM3BNGInoOGZKPN']
Hanybal	Nimo	4	['4IT5Mf72LNjw7rzY1jZ1IV', '1WjLzGgiCt2can9rPaxYmN', '4oqoLxAFZsOVNsz8GncVRI', '3k2CdmzY58wamdEdIxWPTz']
Miami Yacine	Zuna	4	['0w6O1J8NjXRgD2uWOIBBqT', '38mwJAySCI0sxFWJvN3KbC', '5qAiI2aSxuK5HcfQsk5sfg', '68iAusaBHPveuApLPDxamN']
Kianush	PA Sports	4	['36qdhzy2XAuQqUWo55h433', '5MIqytehFV7QAX4BUcRSgG', '4D5Ew9tEw8AAahXfC47v35', '7IwKLDtA1iSbMeMH5lVXTv']
Capital Bra	Ufo361	3	['3xZAsF5FS5WgT4UDFXYJxx', '4ZVopOP1QK5OqfW3UE7wft', '6YnbHb1yTtzcDgaRn5XgkZ']
RAF Camora	Ufo361	3	['3823DOqLpaYkxDiBrjznTp', '27CUvggbN4O6ASZEsExeAi', '5kTXpnvBrdGjILUejNdCPT']
Quavo	Travis Scott	3	['2bjwRfXMk4uRgOD9IBYl9h', '3Ytr1SUCUi6J3L9dRFx5iH', '53MHr9cjIlwet0mpmqNvjC']
Demi Lovato	Jax Jones	3	['2ytH5wDuqhgLTiDVYioteq', '6yf3MxEOScNBTYCHOAIiNQ', '0XfOi87h82i09rQjWYG0Bm']
Demi Lovato	Stefflon Don	3	['2ytH5wDuqhgLTiDVYioteq', '6yf3MxEOScNBTYCHOAIiNQ', '0XfOi87h82i09rQjWYG0Bm']
Jax Jones	Stefflon Don	3	['2ytH5wDuqhgLTiDVYioteq', '6yf3MxEOScNBTYCHOAIiNQ', '0XfOi87h82i09rQjWYG0Bm']
Khalid	Lorde	3	['69Naniu2KjKjaQOBUagE8U', '7rdUtXasA973gmrr2Xxh3E', '2rE9TX3VQ0WNt7kziFhKep']
Khalid	Post Malone	3	['69Naniu2KjKjaQOBUagE8U', '7rdUtXasA973gmrr2Xxh3E', '2rE9TX3VQ0WNt7kziFhKep']
Khalid	SZA	3	['69Naniu2KjKjaQOBUagE8U', '7rdUtXasA973gmrr2Xxh3E', '2rE9TX3VQ0WNt7kziFhKep']
Lorde	Post Malone	3	['69Naniu2KjKjaQOBUagE8U', '7rdUtXasA973gmrr2Xxh3E', '2rE9TX3VQ0WNt7kziFhKep']
Lorde	SZA	3	['69Naniu2KjKjaQOBUagE8U', '7rdUtXasA973gmrr2Xxh3E', '2rE9TX3VQ0WNt7kziFhKep']
Post Malone	SZA	3	['69Naniu2KjKjaQOBUagE8U', '7rdUtXasA973gmrr2Xxh3E', '2rE9TX3VQ0WNt7kziFhKep']
Calvin Harris	Pharrell Williams	3	['6BaCraQ9xeLYg4Sb9TBT2X', '60APt5N2NRaKWf5xzJdzyC', '5bcTCxgc7xVfSaMV3RuVke']
Hamza	KC Rebell	3	['4bHxXJnNRSMfc8z2lEIMRQ', '21u9cFskfSRdv6tBFZEtuK', '6Z0XvbeGzalpzS7qcAK5mX']
Hamza	Summer Cem	3	['4bHxXJnNRSMfc8z2lEIMRQ', '21u9cFskfSRdv6tBFZEtuK', '6Z0XvbeGzalpzS7qcAK5mX']
Nash	Zuna	3	['5nm2zzI4IUPdyVhTZ5QvmR', '2GIK8DmzMAPdZTNXLGW7v3', '2z7IrWdtG3Rx3xA3Zq2yFK']
Azet	Zuna	3	['3KIojVo2dIYpClKTlAiLjA', '3sgGmPQD2J6aQduN36RDBO', '2z7IrWdtG3Rx3xA3Zq2yFK']
Capital Bra	King Khalil	3	['3vk4LWzeNjKD3HIha7yxs3', '1EPtSITu19y0DQvbIvs6Jz', '2JkKkRQNXVLRq7MompyXeQ']
Joshi Mizu	Maxwell	3	['3ZlnjH0lEMZHMdviRPyG34', '45sGaPxmZDYbDtYEScFJZf', '3rdpzWxciTQxTup4DMFJM7']
18 Karat	Play69	3	['5O3wMlZYkeAAGwWiPGPWR5', '6Nhhf4mloz2f7cWgoAr742', '55tbrlg7fwWIKJUxm2BBt1']
Farid Bang	Majoe	3	['5O3wMlZYkeAAGwWiPGPWR5', '0aIhlYp18RtshhAwIHwxKw', '6Nhhf4mloz2f7cWgoAr742']
KC Rebell	Majoe	3	['5O3wMlZYkeAAGwWiPGPWR5', '6Nhhf4mloz2f7cWgoAr742', '1auiCkMdXKfIin0EsWFGYJ']
Jax Jones	RAYE	3	['7M16mAuWuFA5rC9HvkXaGx', '00lNx0OcTJrS3MKHcB80HY', '4WrS6vezaPwOafKJmHqMEU']
Mary Man	TJ_beastboy	3	['2QQJG7R6sCCvZbCT5ZaG8a', '1fcIMSHfedfVp1saA88FRj', '011NtiyI7P4xlIQHar3p9h']
Nimo	Olexesh	3	['2LAudGqtk1ci9zTJD3Sq9B', '7tn10Jd89xlp0PrIwIkkZh', '0fbUK9Clvvx53FkLn8Wssn']
Matoma	The Vamps	3	['1yNyoWWWikbLhwIGWjZuDW', '4b4KcovePX8Ke2cLIQTLM0', '0dXNQ8dckG4eYfEtq9zcva']
Chance the Rapper	DJ Khaled	3	['1jYiIOC5d6soxkJP81fxq2', '72Q0FQQo32KJloivv5xge2', '3DXncPQOG4VBw3QHh3S817']
Chance the Rapper	Justin Bieber	3	['1jYiIOC5d6soxkJP81fxq2', '72Q0FQQo32KJloivv5xge2', '3DXncPQOG4VBw3QHh3S817']
Chance the Rapper	Lil Wayne	3	['1jYiIOC5d6soxkJP81fxq2', '72Q0FQQo32KJloivv5xge2', '3DXncPQOG4VBw3QHh3S817']
Chance the Rapper	Quavo	3	['1jYiIOC5d6soxkJP81fxq2', '72Q0FQQo32KJloivv5xge2', '3DXncPQOG4VBw3QHh3S817']
DJ Khaled	Justin Bieber	3	['1jYiIOC5d6soxkJP81fxq2', '72Q0FQQo32KJloivv5xge2', '3DXncPQOG4VBw3QHh3S817']
DJ Khaled	Lil Wayne	3	['1jYiIOC5d6soxkJP81fxq2', '72Q0FQQo32KJloivv5xge2', '3DXncPQOG4VBw3QHh3S817']
DJ Khaled	Quavo	3	['1jYiIOC5d6soxkJP81fxq2', '72Q0FQQo32KJloivv5xge2', '3DXncPQOG4VBw3QHh3S817']
Justin Bieber	Lil Wayne	3	['1jYiIOC5d6soxkJP81fxq2', '72Q0FQQo32KJloivv5xge2', '3DXncPQOG4VBw3QHh3S817']
Justin Bieber	Quavo	3	['1jYiIOC5d6soxkJP81fxq2', '72Q0FQQo32KJloivv5xge2', '3DXncPQOG4VBw3QHh3S817']
Lil Wayne	Quavo	3	['1jYiIOC5d6soxkJP81fxq2', '72Q0FQQo32KJloivv5xge2', '3DXncPQOG4VBw3QHh3S817']
Capo	Nimo	3	['4vN2F1v7WphIUva3S6hwaT', '715uqcez2DeFYNecXSoXDm', '6HxFJbQahRd5rWQ752D710']
Kool Savas	Sido	3	['3PZALIvOHbLE8vseq0UNnL', '39S7yxVerin9vMLPsNqHZw', '7dLyQvIUXCAIdk0ZiatE3y']
Burak Yeter	Danelle Sandoval	2	['7abpmGpF7PGep2rDU68GBR', '5c4tB0saSkNHX5CyDosuF7']
AK Ausserkontrolle	Capital Bra	2	['1DLOUgkOuBQ86na4LfYJGd', '3A2a0y5rcJWhm1GJq04tuV']
Camila Cabello	Quavo	2	['3Ytr1SUCUi6J3L9dRFx5iH', '4xBjsLUSjcx2h7PcRikpQp']
Drake	Young Thug	2	['7bJ4mu7MHa3rHiNyKjOoSl', '0xl1w2q4VLojeXp4JfazPL']
Kollegah	PA Sports	2	['5QbV0bUKHj33EySKPw9wOH', '27lm3yIbCVK72Sxzg2bC2q']
Daft Punk	The Weeknd	2	['5aAx2yezTd8zXrkmtKl66Z', '5GXAXm5YOmYT0kL5jHvYBt']
Bosse	Prinz Pi	2	['65zxRgDkq3Udy1X4ikkx8b', '2SxSkbiwqNmYPg5unVRNQB']
J Balvin	Willy William	2	['7fwXWKdDNI5IutOMc5OKYw', '2rb5MvYT7ZIxbKW5hfcHx8']
HUGEL	Robin Schulz	2	['2i3WO0WkrlnrA1I4GdUmxh', '7Lgpic8BsBJR4jFrr9abbz']
A$AP Rocky	Cardi B	2	['2DQ1ITjI0YoLFzuADN1ZBW', '2Xqd0wUttjueBfdcltADOv']
A$AP Rocky	G-Eazy	2	['2DQ1ITjI0YoLFzuADN1ZBW', '2Xqd0wUttjueBfdcltADOv']
Cardi B	G-Eazy	2	['2DQ1ITjI0YoLFzuADN1ZBW', '2Xqd0wUttjueBfdcltADOv']
Bausa	RAF Camora	2	['3AaZtZVrkVvE7fnLP80LLh', '4i9ZRPZbz683dAMVSU4zlm']
Bonez MC	Trettmann	2	['4FwwXRuwzJcpmfCR8ltO9b', '5Rw35kLemvSdxXmpQveQ7B']
RAF Camora	Trettmann	2	['4FwwXRuwzJcpmfCR8ltO9b', '5Rw35kLemvSdxXmpQveQ7B']
G-Eazy	Halsey	2	['5k38wzpLb15YgncyWdTZE4', '3YU6vJbjYUG0tiJyXf9x5V']
Major Lazer	MØ	2	['4WjH9Bzt3kx7z8kl0awxh4', '6DNtNfH8hXkqOX1sjqmI7p']
Abdi	Celo	2	['1WjLzGgiCt2can9rPaxYmN', '4qxF5FinJmAoeipd1DLOJ2']
Abdi	Nimo	2	['1WjLzGgiCt2can9rPaxYmN', '4qxF5FinJmAoeipd1DLOJ2']
Celo	Nimo	2	['1WjLzGgiCt2can9rPaxYmN', '4qxF5FinJmAoeipd1DLOJ2']
Dardan	Nimo	2	['1WjLzGgiCt2can9rPaxYmN', '1SkeK7yhwSkCUkbAG9604j']
Big Sean	Calvin Harris	2	['6BaCraQ9xeLYg4Sb9TBT2X', '5bcTCxgc7xVfSaMV3RuVke']
Big Sean	Katy Perry	2	['6BaCraQ9xeLYg4Sb9TBT2X', '5bcTCxgc7xVfSaMV3RuVke']
Big Sean	Pharrell Williams	2	['6BaCraQ9xeLYg4Sb9TBT2X', '5bcTCxgc7xVfSaMV3RuVke']
Calvin Harris	Katy Perry	2	['6BaCraQ9xeLYg4Sb9TBT2X', '5bcTCxgc7xVfSaMV3RuVke']
Katy Perry	Pharrell Williams	2	['6BaCraQ9xeLYg4Sb9TBT2X', '5bcTCxgc7xVfSaMV3RuVke']
KALIM	Luciano	2	['6uCGAyoYFg9WeqEBkjKMwa', '7K8Xd9u1MV6j4NVF8nIhg7']
Gentleman	Michael Patrick Kelly	2	['1mKnXWjyN6MUYpz84F4u7A', '4m0TDIJ02cmpZcqQ62GBCv']
Capital Bra	RAF Camora	2	['4v4ZuW2tjSyyci2BcE5bTp', '7FpW9V6XATqH6z7jhqQjlp']
Joshi Mizu	RAF Camora	2	['4v4ZuW2tjSyyci2BcE5bTp', '7FpW9V6XATqH6z7jhqQjlp']
Maroon 5	SZA	2	['4mxWSdf71VFO52qFeY0fZt', '3hBBKuWJfxlIlnd9QFoC8k']
Amanda	Sido	2	['1DFIyhRxaDAbZxTMN0BSBu', '5amWhhuMPipfRYq3eLJNyF']
Gzuz	Trettmann	2	['1qfM92o8OuFfWouqqfUBF8', '27XVTa9Eb2nO6lhhY5SbTl']
Metro Boomin	Offset	2	['7sO5G9EABYOXQKNPNiE9NR', '5u6vkDnOyaf8LsteDAj2ub']
Gringo	Gzuz	2	['1tpOGO1kyzH5Zhj045IAN7', '5m4rKNB8wf2Q4oMupdmXFQ']
Gringo	KALIM	2	['1tpOGO1kyzH5Zhj045IAN7', '5m4rKNB8wf2Q4oMupdmXFQ']
Gzuz	KALIM	2	['1tpOGO1kyzH5Zhj045IAN7', '5m4rKNB8wf2Q4oMupdmXFQ']
ALMA	Martin Solveig	2	['3aLSrx8qhssXrh5yjB6oy9', '26haJjtanhamtf25RXH0MO']
Celo & Abdi	Hanybal	2	['7qLqv48Sl8JTFRlqotyvfY', '5MijdBtG8a7VWb3jMhHrzV']
Macklemore	Skylar Grey	2	['3HVr6jTVwBHBa2flM0eURR', '0CokSRCu5hZgPxcZBaEzVE']
Cheat Codes	David Guetta	2	['1cG0umU5TKStygKsPFZ9pY', '1eyrmeiDpdTkOmA839nPVQ']
Cheat Codes	Robin Schulz	2	['1cG0umU5TKStygKsPFZ9pY', '1eyrmeiDpdTkOmA839nPVQ']
David Guetta	Robin Schulz	2	['1cG0umU5TKStygKsPFZ9pY', '1eyrmeiDpdTkOmA839nPVQ']
Capital Bra	Gringo	2	['6XFoohFV6lU0J6n0g8VfdZ', '5WJBABuzrSRSVYnw3j7dqR']
Sa4	Soni	2	['13ocGRA0tLxbMTZoPYklPn', '1jRwfa4yHslx8LkchvC7vP']
A$AP Rocky	Mura Masa	2	['5v9N8Rx3QsFvr50cxyQcA3', '0t2myRMEMCi2SRyg5TEFLp']
Capo	Tommy	2	['1jIYa5TXpdoIrRTygK8w56', '606LAaqFjPyfpzZHOVE8Kz']
Eunique	Mert	2	['6FbYPPtXevIuixOQrrMEYN', '6vFR3EXsCZ8JurXwzlM8z7']
Jonas Blue	William Singe	2	['0NiXXAI876aGImAd6rTj8w', '4xlrALxuaCf9yZBHJeTSG6']
Kontra K	Rico	2	['5ShUhlNH4o5FUFXTdM1ZFq', '66qE55Bj3Ap0M45VRTWq1I']
Luciano	Veysel	2	['6d90RoEzEKSRCmEdLI6ELC', '7HR5qYGKtzopXoN0CdMirL']
Miami Yacine	Paramocro	2	['4xQSAsgLQmMgQuZIDkPinD', '2F8FwWixFwZhdfMOh3ZYLt']
2 Chainz	Young Thug	2	['0xl1w2q4VLojeXp4JfazPL', '5PfTI3zrQbZEWcQdycMqJM']
18 Karat	Farid Bang	2	['5O3wMlZYkeAAGwWiPGPWR5', '6Nhhf4mloz2f7cWgoAr742']
18 Karat	Jasko	2	['5O3wMlZYkeAAGwWiPGPWR5', '6Nhhf4mloz2f7cWgoAr742']
18 Karat	KC Rebell	2	['5O3wMlZYkeAAGwWiPGPWR5', '6Nhhf4mloz2f7cWgoAr742']
18 Karat	Majoe	2	['5O3wMlZYkeAAGwWiPGPWR5', '6Nhhf4mloz2f7cWgoAr742']
18 Karat	Summer Cem	2	['5O3wMlZYkeAAGwWiPGPWR5', '6Nhhf4mloz2f7cWgoAr742']
Farid Bang	Jasko	2	['5O3wMlZYkeAAGwWiPGPWR5', '6Nhhf4mloz2f7cWgoAr742']
Farid Bang	KC Rebell	2	['5O3wMlZYkeAAGwWiPGPWR5', '6Nhhf4mloz2f7cWgoAr742']
Farid Bang	Play69	2	['5O3wMlZYkeAAGwWiPGPWR5', '6Nhhf4mloz2f7cWgoAr742']
Farid Bang	Summer Cem	2	['5O3wMlZYkeAAGwWiPGPWR5', '6Nhhf4mloz2f7cWgoAr742']
Jasko	KC Rebell	2	['5O3wMlZYkeAAGwWiPGPWR5', '6Nhhf4mloz2f7cWgoAr742']
Jasko	Majoe	2	['5O3wMlZYkeAAGwWiPGPWR5', '6Nhhf4mloz2f7cWgoAr742']
Jasko	Play69	2	['5O3wMlZYkeAAGwWiPGPWR5', '6Nhhf4mloz2f7cWgoAr742']
Jasko	Summer Cem	2	['5O3wMlZYkeAAGwWiPGPWR5', '6Nhhf4mloz2f7cWgoAr742']
KC Rebell	Play69	2	['5O3wMlZYkeAAGwWiPGPWR5', '6Nhhf4mloz2f7cWgoAr742']
Majoe	Play69	2	['5O3wMlZYkeAAGwWiPGPWR5', '6Nhhf4mloz2f7cWgoAr742']
Majoe	Summer Cem	2	['5O3wMlZYkeAAGwWiPGPWR5', '6Nhhf4mloz2f7cWgoAr742']
Play69	Summer Cem	2	['5O3wMlZYkeAAGwWiPGPWR5', '6Nhhf4mloz2f7cWgoAr742']
Adel Tawil	KC Rebell	2	['1vYLKyzU47iF8UWTU5C1CQ', '5y2qTBdWUFNgSPOygSWOMe']
Adel Tawil	Summer Cem	2	['1vYLKyzU47iF8UWTU5C1CQ', '5y2qTBdWUFNgSPOygSWOMe']
Luciano	Nikky Santoro	2	['5wRPVa6hCNtRm3Qay2K7RW', '7ruaJ8big0EWR4EWtO0Zbl']
Lil Yachty	Macklemore	2	['7bsnTsbiwOymZWjPF9v6Di', '0RYXEibxMami3QuT8kn4Iz']
Celo & Abdi	Nimo	2	['2LAudGqtk1ci9zTJD3Sq9B', '0fbUK9Clvvx53FkLn8Wssn']
Celo & Abdi	Olexesh	2	['2LAudGqtk1ci9zTJD3Sq9B', '0fbUK9Clvvx53FkLn8Wssn']
Loote	Martin Jensen	2	['3V9DfRoS7JfSkuTyNEsCxQ', '5XiZK7m9PLppgIzJBpw2x5']
Axwell /\ Ingrosso	Kid Ink	2	['4gZOWIMzQnn8H2ENrs7UsW', '11Fo4dAH31K7UZHGqCkCmE']
Beyoncé	Eminem	2	['5b2QnYcT9rQIkhRWt4HztQ', '5PIBgH1cUFwu5IiUk9tnN9']
Mert	Soolking	2	['3NwZZSfJMceF6voaxIWEoV', '0hURJYjOhE6NL72qaeQ9PK']
Calvin Harris	Future	2	['3FDrI0FLKzrYQiWxPhqV2W', '0lMbuWUpfTWhEmOKxppEau']
Calvin Harris	Khalid	2	['3FDrI0FLKzrYQiWxPhqV2W', '0lMbuWUpfTWhEmOKxppEau']
Future	Khalid	2	['3FDrI0FLKzrYQiWxPhqV2W', '0lMbuWUpfTWhEmOKxppEau']
Kygo	The Night Game	2	['1Bxzw8ag71snOU9IbhXVD6', '2UxfcZJCphbEkfbZ6nLiDx']
Katy Perry	Migos	2	['61WbtB6ujkpNAsAf5LjF4b', '14oOKFGuXu8DqvOe1W8vao']
Bonez MC	Ufo361	2	['27CUvggbN4O6ASZEsExeAi', '2O2WokTrPztBCAuuJKyCA2']
Jon Bellion	Vice	2	['5pvVAwQbuFoR7LkcicrKnk', '542Xd5qDeLBvgXZXhfW7LE']
Calvin Harris	Frank Ocean	2	['6gpcs5eMhJwax4mIfKDYQk', '7tr2za8SQg2CI8EDgrdtNl']
Calvin Harris	Migos	2	['6gpcs5eMhJwax4mIfKDYQk', '7tr2za8SQg2CI8EDgrdtNl']
Frank Ocean	Migos	2	['6gpcs5eMhJwax4mIfKDYQk', '7tr2za8SQg2CI8EDgrdtNl']
Kranium	Major Lazer	2	['3ghPeGA7IkGIZsrIKw9wbi', '1KqvRRQd3lfM0pAlkGPrgD']
Major Lazer	WizKid	2	['3ghPeGA7IkGIZsrIKw9wbi', '7rfiXyFb5M9BqdkvKvVEiB']
Drake	Rihanna	2	['14WWzenpaEgQZlqPq2nk4v', '11KJSRSgaDxqydKYiD2Jew']
Casper	Drangsal	2	['3cIcZ9nBKNdDjyWVDoU1I6', '5nD55MtxZ3QdhNUWkPofEt']
Drake	Giggs	2	['2jTujnt0y344ai1rNOywgr', '6CfrYuD3YRDYdYvH9jNtXY']
Azzi Memo	Eno	2	['2xYoWWLcFjYQsEvsKqof3P', '6yVKwbw0piZ5lj2l5GT548']
Bonez MC	Kontra K	2	['0UD507pTePjxhtnpTOWmKX', '1KiA2qmRxsedA1mKPceIov']
Kontra K	RAF Camora	2	['0UD507pTePjxhtnpTOWmKX', '6qTod2A9yWiGhqmJgHHwMz']
French Montana	Swae Lee	2	['3B54sVLJ402zGa6Xm4YGNe', '1F2HXIJrE2Xn81OzT2zZvW']
Bushido	M.O.030	2	['2PxZiMTSDHIuFLiuF14Qgf', '3R1jfrFsFvXRkXc10cea6l']
Shawn Hook	Vanessa Hudgens	2	['7DQXiMeLqiQsy1uqHSk0xc', '4gqMQftUs22F8pOGVn5Acr']
Gzuz	Ufo361	2	['27CUvggbN4O6ASZEsExeAi', '5TKIutymE7YA4mTcLa9eAQ']
21 Savage	Post Malone	2	['1OmcAT5Y8eg5bUPv9qJT4R', '7wGoVu4Dady5GV0Sv4UIsx']
Kool Savas	Lakmann	2	['3PZALIvOHbLE8vseq0UNnL', '39S7yxVerin9vMLPsNqHZw']
Lakmann	Sido	2	['3PZALIvOHbLE8vseq0UNnL', '39S7yxVerin9vMLPsNqHZw']
Ufo361	Yung Hurn	2	['2dxNtS3X78Omx0V5D9DaES', '6ZyLo7sln0QFP7YXqgXCU8']
Alesso	Florida Georgia Line	2	['5AEtlRudpgdT5FtNiuly6Y', '5Gu0PDLN4YJeW75PpBSg9p']
Alesso	Hailee Steinfeld	2	['5AEtlRudpgdT5FtNiuly6Y', '5Gu0PDLN4YJeW75PpBSg9p']
Alesso	watt	2	['5AEtlRudpgdT5FtNiuly6Y', '5Gu0PDLN4YJeW75PpBSg9p']
Florida Georgia Line	Hailee Steinfeld	2	['5AEtlRudpgdT5FtNiuly6Y', '5Gu0PDLN4YJeW75PpBSg9p']
Florida Georgia Line	watt	2	['5AEtlRudpgdT5FtNiuly6Y', '5Gu0PDLN4YJeW75PpBSg9p']
Hailee Steinfeld	watt	2	['5AEtlRudpgdT5FtNiuly6Y', '5Gu0PDLN4YJeW75PpBSg9p']
Katy Perry	Skip Marley	2	['5ndfVSDyPq90jaIUhNPeby', '6520aj0B4FSKGVuKNsOCOi']
AK Ausserkontrolle	Fux Ausserkontrolle	2	['2KtJAodiRCK7YUrI8dbnk4', '40q2gLHiAqU7EO5pkhPTE9']
Emily Warren	The Chainsmokers	2	['1pJQAHpD51J7GYaFrrFO9S', '6V9kwssTrwkKT72imgowj9']
Marteria	Sido	2	['7goWEGd9EpIKR6nuE1BOgW', '7dLyQvIUXCAIdk0ZiatE3y']
Major Lazer	Nyla	2	['1KqvRRQd3lfM0pAlkGPrgD', '0L7loeTIg6akW84aEQZpCT']
Gestört aber GeiL	LEA	2	['3h4HDzL7ha4eYalx9Eknyj', '51WUacrCkukxCgym463uNN']
Daddy Yankee	Luis Fonsi	2	['5CtI0qwDJkDQGwXD1H1cLb', '4aWmUDTfIPGksMNLV2rQP2']
Katy Perry	Nicki Minaj	2	['2kVHAQKVtczchKctctzbtK', '3VRk65lHSwqd90TAkQqhvB']
Kendrick Lamar	Maroon 5	1	['5MFzQMkrl1FOOng9tq6R9r']
Hailee Steinfeld	Machine Gun Kelly	1	['77lGafvlU68CeHgB2pkHC9']
Gzuz	Tory Lanez	1	['3J3JcR6Akadd7R42qoqdhy']
Maxwell	Tory Lanez	1	['3J3JcR6Akadd7R42qoqdhy']
Farid Bang	Kurdo	1	['2MRa7smgGyELfGEpmw1ILu']
Kollegah	Kurdo	1	['2MRa7smgGyELfGEpmw1ILu']
Eartha Kitt	Henri Rene & His Orchestra	1	['1foCxQtxBweJtZmdxhEHVO']
Film Symphony Orchestra	František Pavlíček	1	['1wW6izAT1QSWPeVUn6UyBX']
Film Symphony Orchestra	Karel Svoboda	1	['1wW6izAT1QSWPeVUn6UyBX']
Film Symphony Orchestra	Stepan Konicek	1	['1wW6izAT1QSWPeVUn6UyBX']
Film Symphony Orchestra	Václav Vorlíček	1	['1wW6izAT1QSWPeVUn6UyBX']
František Pavlíček	Karel Svoboda	1	['1wW6izAT1QSWPeVUn6UyBX']
František Pavlíček	Stepan Konicek	1	['1wW6izAT1QSWPeVUn6UyBX']
František Pavlíček	Václav Vorlíček	1	['1wW6izAT1QSWPeVUn6UyBX']
Karel Svoboda	Stepan Konicek	1	['1wW6izAT1QSWPeVUn6UyBX']
Karel Svoboda	Václav Vorlíček	1	['1wW6izAT1QSWPeVUn6UyBX']
Stepan Konicek	Václav Vorlíček	1	['1wW6izAT1QSWPeVUn6UyBX']
Capital Bra	XATAR	1	['6YnbHb1yTtzcDgaRn5XgkZ']
Ufo361	XATAR	1	['6YnbHb1yTtzcDgaRn5XgkZ']
Ardian Bujupi	Eno	1	['2ib1MKaP7AMXILGF9b7Fkt']
The Chainsmokers	XYLØ	1	['0B8B8cVRFIG1yznoQe7c9s']
Gringo	Hasan.K	1	['3NamO4yBkHrQrZ1Ks4Ivkf']
Gringo	Sa4	1	['3NamO4yBkHrQrZ1Ks4Ivkf']
Hasan.K	Sa4	1	['3NamO4yBkHrQrZ1Ks4Ivkf']
Adam Trigger	Felix Jaehn	1	['5dX8ECwIk0dgBTkqwPVZhc']
Adam Trigger	Hearts & Colors	1	['5dX8ECwIk0dgBTkqwPVZhc']
Felix Jaehn	Hearts & Colors	1	['5dX8ECwIk0dgBTkqwPVZhc']
Miami Yacine	Nash	1	['5S19nD3HgVzioPl0JBF2du']
Lil Uzi Vert	Migos	1	['4Km5HrUvYTaSUfiSGPJeQR']
Jasmine Thompson	Jonas Blue	1	['7pJ4iEOOwUEzO3m9Hh3Ojr']
Cheat Codes	Dante Klein	1	['0lmdsH1MIoLsMymnNpd6HU']
RAF Camora	Sa4	1	['1vza0Eqjzqw0jJfOGRwg1c']
DJ Khaled	Drake	1	['3pC1ILr9KzmQLMe8Kn5QBG']
G-Eazy	Kehlani	1	['1Eck97uRMlprKOOJN9oO1E']
Mahmut Orhan	Sena Şener	1	['7Is0OPWVcN8DdZpcNuClcy']
Beyoncé	J Balvin	1	['7fwXWKdDNI5IutOMc5OKYw']
Beyoncé	Willy William	1	['7fwXWKdDNI5IutOMc5OKYw']
Justin Jesso	Kygo	1	['0Zbbxnx4SGGHoIow4PpISP']
Alok	Bruno Martini	1	['1a5Yu5L18qNxVhXx38njON']
Alok	Zeeba	1	['1a5Yu5L18qNxVhXx38njON']
Bruno Martini	Zeeba	1	['1a5Yu5L18qNxVhXx38njON']
Olexesh	Ufo361	1	['06mDx5gBSdL4lvjBz7MQgJ']
Drake	Quavo	1	['2bjwRfXMk4uRgOD9IBYl9h']
Drake	Travis Scott	1	['2bjwRfXMk4uRgOD9IBYl9h']
Capital Bra	Kontra K	1	['0mtvyPJfM3BNGInoOGZKPN']
Joshi Mizu	Kontra K	1	['0mtvyPJfM3BNGInoOGZKPN']
Fler	Mortel	1	['6kJPUppONlxXdf86H85eKv']
Fler	Sido	1	['6kJPUppONlxXdf86H85eKv']
Mortel	Sido	1	['6kJPUppONlxXdf86H85eKv']
Bausa	Bonez MC	1	['4i9ZRPZbz683dAMVSU4zlm']
Marshmello	Selena Gomez	1	['7EmGUiUaOSGDnUUQUDrOXC']
Capo	Soufian	1	['1eXBgeGq201kzyCqszf6CJ']
James Hype	Kelli-Leigh	1	['53SnCRcGrB2UCqNGyYZhJD']
DJ Snake	Major Lazer	1	['4WjH9Bzt3kx7z8kl0awxh4']
DJ Snake	MØ	1	['4WjH9Bzt3kx7z8kl0awxh4']
CNCO	Little Mix	1	['3zoYkqS4y2BsGVShPL2nTE']
Descemer Bueno	Enrique Iglesias	1	['7nKBxz47S9SD79N086fuhn']
Descemer Bueno	Zion & Lennox	1	['7nKBxz47S9SD79N086fuhn']
Enrique Iglesias	Zion & Lennox	1	['7nKBxz47S9SD79N086fuhn']
Abdi	Dardan	1	['1WjLzGgiCt2can9rPaxYmN']
Abdi	Hanybal	1	['1WjLzGgiCt2can9rPaxYmN']
Abdi	Oster	1	['1WjLzGgiCt2can9rPaxYmN']
Celo	Dardan	1	['1WjLzGgiCt2can9rPaxYmN']
Celo	Hanybal	1	['1WjLzGgiCt2can9rPaxYmN']
Celo	Oster	1	['1WjLzGgiCt2can9rPaxYmN']
Dardan	Hanybal	1	['1WjLzGgiCt2can9rPaxYmN']
Dardan	Oster	1	['1WjLzGgiCt2can9rPaxYmN']
Hanybal	Oster	1	['1WjLzGgiCt2can9rPaxYmN']
Nimo	Oster	1	['1WjLzGgiCt2can9rPaxYmN']
Azet	Miami Yacine	1	['61SVUyEV6XuLqTLglmS2AA']
Cedric Gervais	Chris Willis	1	['4PdJSsESm34djLfBde9Pr2']
Cedric Gervais	David Guetta	1	['4PdJSsESm34djLfBde9Pr2']
Chris Willis	David Guetta	1	['4PdJSsESm34djLfBde9Pr2']
Calvin Harris	DJ Khaled	1	['6LOCAhFzZiavHcLJucLuDy']
Calvin Harris	Jeremih	1	['6LOCAhFzZiavHcLJucLuDy']
Calvin Harris	Travis Scott	1	['6LOCAhFzZiavHcLJucLuDy']
DJ Khaled	Jeremih	1	['6LOCAhFzZiavHcLJucLuDy']
DJ Khaled	Travis Scott	1	['6LOCAhFzZiavHcLJucLuDy']
Jeremih	Travis Scott	1	['6LOCAhFzZiavHcLJucLuDy']
CADE	Cheat Codes	1	['1NDxZ7cFAo481dtYWdrUnR']
CADE	Maggie Lindemann	1	['1NDxZ7cFAo481dtYWdrUnR']
Cheat Codes	Maggie Lindemann	1	['1NDxZ7cFAo481dtYWdrUnR']
Justin Bieber	Major Lazer	1	['6DNtNfH8hXkqOX1sjqmI7p']
Justin Bieber	MØ	1	['6DNtNfH8hXkqOX1sjqmI7p']
Khalid	Marshmello	1	['7vGuf3Y35N4wmASOKLUVVU']
Nico Santos	Savas	1	['5vsfidTTEEpYICg7ag2Nk6']
Nico Santos	Sido	1	['5vsfidTTEEpYICg7ag2Nk6']
Daya	Gryffin	1	['0NyOeqzqjVM9j7IuWp2oJ6']
Daya	ILLENIUM	1	['0NyOeqzqjVM9j7IuWp2oJ6']
Gryffin	ILLENIUM	1	['0NyOeqzqjVM9j7IuWp2oJ6']
Bausa	Zuna	1	['6jWw1CNK1lQ3gBbmV1slg4']
DRAM	Lil Yachty	1	['7yyRTcZmCiyzzJlNzGC9Ol']
Kendrick Lamar	U2	1	['4iYRa2btalAzPZoSYfROqF']
Haftbefehl	Nimo	1	['1ZF37wWOA9d4WF2lihWdXB']
Cash Cash	Conor Maynard	1	['1839RWzPRZCVgvamu4sHSN']
Moe Phoenix	Mosh36	1	['46qCFvbRmCK5QPpMNM8Alo']
Galantis	Hook N Sling	1	['2MHCiOohBZEQuLgDTPvSzF']
Bonez MC	Hanybal	1	['1mEboo42f3Pt5BSPCtogYr']
Hanybal	RAF Camora	1	['1mEboo42f3Pt5BSPCtogYr']
Eminem	Kehlani	1	['6Ww0J5EFjiPxkgZpEkRQVN']
DJ Snake	Lauv	1	['0Wv5wuenRLI3BcwgT3HPIP']
ALMA	French Montana	1	['6ZX2qXkhaueabbzp6vfabS']
BloodPop®	Justin Bieber	1	['7nZmah2llfvLDiUjm0kiyz']
Afrojack	Charli XCX	1	['0tPQPaOKM32WgMSbPCYyRH']
Afrojack	David Guetta	1	['0tPQPaOKM32WgMSbPCYyRH']
Afrojack	French Montana	1	['0tPQPaOKM32WgMSbPCYyRH']
Charli XCX	David Guetta	1	['0tPQPaOKM32WgMSbPCYyRH']
Charli XCX	French Montana	1	['0tPQPaOKM32WgMSbPCYyRH']
David Guetta	French Montana	1	['0tPQPaOKM32WgMSbPCYyRH']
Felix Snow	Kiiara	1	['3QWjljChcOMkRDYSzF33Qr']
Coldplay	Seeb	1	['1OAiWI2oPmglaOiv9fdioU']
Azad	CALO	1	['42oCYFMvMVyfqPTWi49I8v']
Macklemore	Offset	1	['7uKSil5r7uHexnM9lukPTc']
Felix Jaehn	Mike Williams	1	['6a9vKVMFfNBi741DVSit3H']
Marteria	Miss Platnum	1	['5JSp2VRn86bVldslj2iAxC']
Marteria	Yasha	1	['5JSp2VRn86bVldslj2iAxC']
Miss Platnum	Yasha	1	['5JSp2VRn86bVldslj2iAxC']
21 Savage	Metro Boomin	1	['5u6vkDnOyaf8LsteDAj2ub']
21 Savage	Offset	1	['5u6vkDnOyaf8LsteDAj2ub']
21 Savage	Travis Scott	1	['5u6vkDnOyaf8LsteDAj2ub']
Metro Boomin	Travis Scott	1	['5u6vkDnOyaf8LsteDAj2ub']
Offset	Travis Scott	1	['5u6vkDnOyaf8LsteDAj2ub']
Lil Uzi Vert	Quavo	1	['53MHr9cjIlwet0mpmqNvjC']
Lil Uzi Vert	Travis Scott	1	['53MHr9cjIlwet0mpmqNvjC']
Liam Payne	Zedd	1	['1CKd1PnqfYx0H12V9MSaIY']
Bengio	Yvonne Catterfeld	1	['3qlF4ENgFTbAbPZfFF9lxt']
Nick Waterhouse	Ofenbach	1	['2NF8A7C6tICScdRaZ0BrEe']
Eric Nally	Macklemore	1	['1FgmP7AOTcn7MGYmImj0kn']
Drake	PARTYNEXTDOOR	1	['5JUu0unA8VwhTZ9LkMWUVI']
Ekbi	Mert	1	['3BCMPKOdAoXpvDXxiVCwKG']
Ariana Grande	Calvin Harris	1	['60APt5N2NRaKWf5xzJdzyC']
Ariana Grande	Pharrell Williams	1	['60APt5N2NRaKWf5xzJdzyC']
Ariana Grande	Young Thug	1	['60APt5N2NRaKWf5xzJdzyC']
Calvin Harris	Young Thug	1	['60APt5N2NRaKWf5xzJdzyC']
Pharrell Williams	Young Thug	1	['60APt5N2NRaKWf5xzJdzyC']
AK Ausserkontrolle	BTNG	1	['3nbtUeypf5UJvxBNA9KCJD']
AK Ausserkontrolle	Kontra K	1	['3nbtUeypf5UJvxBNA9KCJD']
BTNG	Kontra K	1	['3nbtUeypf5UJvxBNA9KCJD']
BIA	J Balvin	1	['6rQSrBHf7HlZjtcMZ4S4bO']
BIA	Pharrell Williams	1	['6rQSrBHf7HlZjtcMZ4S4bO']
BIA	Sky	1	['6rQSrBHf7HlZjtcMZ4S4bO']
J Balvin	Pharrell Williams	1	['6rQSrBHf7HlZjtcMZ4S4bO']
J Balvin	Sky	1	['6rQSrBHf7HlZjtcMZ4S4bO']
Pharrell Williams	Sky	1	['6rQSrBHf7HlZjtcMZ4S4bO']
Camila Cabello	J Balvin	1	['2Vdub5mY4lad7w64bFPUez']
Camila Cabello	Pitbull	1	['2Vdub5mY4lad7w64bFPUez']
J Balvin	Pitbull	1	['2Vdub5mY4lad7w64bFPUez']
Labrinth	Noah Cyrus	1	['2BrzlUj1u1CtvaJDGIKpsP']
Bebe Rexha	Machine Gun Kelly	1	['0OI7AFifLSoGzpb8bdBLLV']
Bebe Rexha	X Ambassadors	1	['0OI7AFifLSoGzpb8bdBLLV']
Machine Gun Kelly	X Ambassadors	1	['0OI7AFifLSoGzpb8bdBLLV']
Azet	Noizy	1	['3sgGmPQD2J6aQduN36RDBO']
Noizy	Zuna	1	['3sgGmPQD2J6aQduN36RDBO']
Ina Wroldsen	Martin Solveig	1	['6O85MfGECKBqAK2MgSbCaj']
Drake	Kanye West	1	['28irpKCCK9nn9DZSik2zEx']
Bushido	Joka	1	['3pGtlDRr7v8zqbp4dVMriL']
Andrelli	Hearts & Colors	1	['04CttTezSnv71USiiG9mIo']
Alicia Keys	Eminem	1	['2rozzUGTRWqhTa2NzJAl8I']
Coldplay	The Chainsmokers	1	['6RUKPb4LETWmmr3iAEQktW']
Blixa Bargeld	Casper	1	['0A8IMotj3TpnWDlaUxlmq5']
Blixa Bargeld	Dagobert	1	['0A8IMotj3TpnWDlaUxlmq5']
Blixa Bargeld	Sizarr	1	['0A8IMotj3TpnWDlaUxlmq5']
Casper	Dagobert	1	['0A8IMotj3TpnWDlaUxlmq5']
Casper	Sizarr	1	['0A8IMotj3TpnWDlaUxlmq5']
Dagobert	Sizarr	1	['0A8IMotj3TpnWDlaUxlmq5']
Kollegah	Majoe	1	['6nQb88rB1jDfJVJtyMICR0']
187 Strassenbande	RAF Camora	1	['0Vy7fWzknPBpNTwJkGc7Sm']
Bausa	Joshi Mizu	1	['77gDRPAzYMjjocOGmPBW8M']
Bausa	Kontra K	1	['2yJXqBEeO6n6PFV2vb80OA']
Bushido	Laas Unltd.	1	['7BWfZLcOLA3M78dbvU7Kig']
Capo	Manuellsen	1	['5emXZceF16G9VhA2A7AZa0']
Liam Payne	Quavo	1	['6EpRaXYhGOB3fj4V2uDkMJ']
Faith Evans	Matoma	1	['45OfR7ugJMgbFDuNOVpIq3']
Faith Evans	Snoop Dogg	1	['45OfR7ugJMgbFDuNOVpIq3']
Faith Evans	The Notorious B.I.G.	1	['45OfR7ugJMgbFDuNOVpIq3']
Matoma	Snoop Dogg	1	['45OfR7ugJMgbFDuNOVpIq3']
Matoma	The Notorious B.I.G.	1	['45OfR7ugJMgbFDuNOVpIq3']
Snoop Dogg	The Notorious B.I.G.	1	['45OfR7ugJMgbFDuNOVpIq3']
Gucci Mane	Selena Gomez	1	['0XLOf9LhyazPX9Ld8jPiUq']
Dardan	Eno	1	['7Lhbv3ZpyRhg27aoNYm419']
Eminem	X Ambassadors	1	['5p9ufaI7TwrlXtmiKCz3q3']
Beginner	Gentleman	1	['5CXjevTAQIYO1Z0yyiOOno']
Beginner	Gzuz	1	['5CXjevTAQIYO1Z0yyiOOno']
Gentleman	Gzuz	1	['5CXjevTAQIYO1Z0yyiOOno']
2 Chainz	PnB Rock	1	['5PfTI3zrQbZEWcQdycMqJM']
2 Chainz	Wiz Khalifa	1	['5PfTI3zrQbZEWcQdycMqJM']
PnB Rock	Wiz Khalifa	1	['5PfTI3zrQbZEWcQdycMqJM']
PnB Rock	Young Thug	1	['5PfTI3zrQbZEWcQdycMqJM']
Wiz Khalifa	Young Thug	1	['5PfTI3zrQbZEWcQdycMqJM']
ROZES	The Chainsmokers	1	['6O6M7pJLABmfBRoGZMu76Y']
Clara Mae	KREAM	1	['26hcyzSE154xMZCbFdtInA']
Camila Cabello	Major Lazer	1	['3Ytr1SUCUi6J3L9dRFx5iH']
Camila Cabello	Travis Scott	1	['3Ytr1SUCUi6J3L9dRFx5iH']
Major Lazer	Quavo	1	['3Ytr1SUCUi6J3L9dRFx5iH']
Major Lazer	Travis Scott	1	['3Ytr1SUCUi6J3L9dRFx5iH']
Haftbefehl	Ufo361	1	['2LMOr7R6bEaYuKXagcrmy7']
Post Malone	Quavo	1	['3a1lNhkSLSkpJE4MSHpDu9']
Ella Eyre	Sigala	1	['3kGfazcbVvVkuZunzlLgTD']
Bebe Rexha	G-Eazy	1	['40YcuQysJ0KlGQTeGUosTC']
Francesco Yates	Robin Schulz	1	['5tf1VVWniHgryyumXyJM7w']
Avicii	Rita Ora	1	['2OALaHcDdKkjYEpAr0Qzab']
Kendrick Lamar	Zacari	1	['6PGoSes0D9eUDeeAafB2As']
KC Rebell	Moé	1	['6rwCkGBh7CV6pcdxZKbcsG']
Haiyti	Joey Bargeld	1	['0vnXv1pYL1OjY4sOCWOmXH']
Haiyti	Trettmann	1	['0vnXv1pYL1OjY4sOCWOmXH']
Joey Bargeld	Trettmann	1	['0vnXv1pYL1OjY4sOCWOmXH']
Jasmine Thompson	Skizzy Mars	1	['40UroIGvsMPLPBYwH8rMNA']
Jasmine Thompson	Vice	1	['40UroIGvsMPLPBYwH8rMNA']
Skizzy Mars	Vice	1	['40UroIGvsMPLPBYwH8rMNA']
Kollegah	MoTrip	1	['0Z4AOIqWrH3pNwHGScZFuJ']
Flux Pavilion	MAX	1	['1Rl40PsX4mh9xVOeGHq86B']
Flux Pavilion	Whethan	1	['1Rl40PsX4mh9xVOeGHq86B']
MAX	Whethan	1	['1Rl40PsX4mh9xVOeGHq86B']
Mert	Play69	1	['3BDJQNagxTyHWKNvcHtsin']
Azad	Bonez MC	1	['3ZIAgHmolpOrVkR2JXCg2d']
Azad	RAF Camora	1	['3ZIAgHmolpOrVkR2JXCg2d']
Mary Man	Young Kira	1	['2QQJG7R6sCCvZbCT5ZaG8a']
Mary Man	mokuba	1	['2QQJG7R6sCCvZbCT5ZaG8a']
TJ_beastboy	Young Kira	1	['2QQJG7R6sCCvZbCT5ZaG8a']
TJ_beastboy	mokuba	1	['2QQJG7R6sCCvZbCT5ZaG8a']
Young Kira	mokuba	1	['2QQJG7R6sCCvZbCT5ZaG8a']
David Guetta	Jamie Scott	1	['0OlnLZY4cmQzT6ZGttvWBM']
David Guetta	Martin Garrix	1	['0OlnLZY4cmQzT6ZGttvWBM']
David Guetta	Romy Dya	1	['0OlnLZY4cmQzT6ZGttvWBM']
Jamie Scott	Martin Garrix	1	['0OlnLZY4cmQzT6ZGttvWBM']
Jamie Scott	Romy Dya	1	['0OlnLZY4cmQzT6ZGttvWBM']
Martin Garrix	Romy Dya	1	['0OlnLZY4cmQzT6ZGttvWBM']
Eminem	Pink	1	['4hGZxsGcFnuCJXn25EWj5j']
AK Ausserkontrolle	Bushido	1	['5GPfIFxXgGtX0GenuJhYOZ']
RIN	Yung Hurn	1	['0ekFioHmdtwcITYOYXavl6']
Lost Frequencies	Netsky	1	['1eeMYjuph7DQ1WOkMH7YA3']
Kay One	Pietro Lombardi	1	['5OHOykHs3Ct2pgbqod8uMD']
Zay Hilfigerrr	Zayion McCall	1	['1lItf5ZXJc1by9SbPeljFd']
Anitta	J Balvin	1	['3Ga6eKrUFf12ouh9Yw3v2D']
Azzi Memo	Soufian	1	['5cchJci8fb4K0b0i66s5pA']
Casso	Mike Perry	1	['3qaYuV5XZAwiOvGE91HhwS']
Alan Walker	Sia	1	['6LUOMjoORvAkdhBYvESO46']
Capo	Haftbefehl	1	['6xLba3W4mpyzI2TaI9UkTi']
Jonas Blue	RAYE	1	['1D3ODoXHBLpdxolZRHWV1j']
Cro	Patrice	1	['5m9kKKdZckx60Acxnmszdn']
Fifth Harmony	Ty Dolla $ign	1	['4tCtwWceOPWzenK2HAIJSb']
Kianush	Moe Phoenix	1	['2mgEaXikIdfbdonkQ6AY6D']
Gzuz	Luciano	1	['2zae9hfoEgw1z0ZPcrb48t']
Fifth Harmony	Gucci Mane	1	['7LEydI5NfjY6mZfKwYIptZ']
JAY-Z	Linkin Park	1	['5sNESr6pQfIhL3krM8CtZn']
Camila Cabello	Young Thug	1	['0ofbQMrRDsUaVKq2mGLEAb']
Beyoncé	Ed Sheeran	1	['1bhUWB0zJMIKr9yVPrkEuI']
Digital Farm Animals	Sigala	1	['5ev0Z2lFzmhjlQCWpRAWiG']
Kesha	Macklemore	1	['2Za1AlJNvksouPPWbXpR2X']
Louane	The Chainsmokers	1	['5xhJmd0I15jFcEdqxfCzKk']
Cardi B	Migos	1	['1YZfcVLbbJwfizR5cDOp3q']
Cardi B	Nicki Minaj	1	['1YZfcVLbbJwfizR5cDOp3q']
Migos	Nicki Minaj	1	['1YZfcVLbbJwfizR5cDOp3q']
Felix Jaehn	RHODES	1	['4nxvRweTK5ZZhbH3G7PuEn']
Dyo	NEIKED	1	['3AsAuGTaDQzavZZThyYlop']
Torro West	Veysel	1	['40pHVB9CkfURpEN3Gs7pzb']
MØ	Snakehips	1	['0Zx8khUcEfCFK2AEoIhC92']
Adesse	Estikay	1	['58ob6KTG1rNOgEV5Yize47']
Adesse	Sido	1	['58ob6KTG1rNOgEV5Yize47']
Estikay	Sido	1	['58ob6KTG1rNOgEV5Yize47']
Becky Hill	Matoma	1	['7gZQfdEQpmwAoPHSbEHzms']
Mark Forster	Stefanie Kloß	1	['1bqypXWn45G1mCgJUFy8Km']
Taylor Swift	ZAYN	1	['3NdDpSvN911VPGivFlV5d0']
Olivia O'Brien	gnash	1	['7vRriwrloYVaoAe3a9wJHe']
Major Lazer	Nicki Minaj	1	['0fg8CqpjdojMyXLNzM2PaJ']
Major Lazer	PARTYNEXTDOOR	1	['0fg8CqpjdojMyXLNzM2PaJ']
Nicki Minaj	PARTYNEXTDOOR	1	['0fg8CqpjdojMyXLNzM2PaJ']
Fetty Wap	Mark Morrison	1	['7aV2mflaASUmGhCErm7kBO']
Fetty Wap	Nevada	1	['7aV2mflaASUmGhCErm7kBO']
Mark Morrison	Nevada	1	['7aV2mflaASUmGhCErm7kBO']
Camila Cabello	Machine Gun Kelly	1	['1PSBzsahR2AKwLJgx8ehBj']
JP Cooper	Jonas Blue	1	['1CUVN2kn7mW5FjkqXTR2W1']
Alle Farben	Younotus	1	['2IDDQFHRf9iH35jeL89uNs']
Nick Jonas	Nicki Minaj	1	['4nDfc6F2uVcc6wdG7kBzWO']
Bryson Tiller	DJ Khaled	1	['1OAh8uOEOvTDqkKFsKksCi']
Bryson Tiller	Rihanna	1	['1OAh8uOEOvTDqkKFsKksCi']
DJ Khaled	Rihanna	1	['1OAh8uOEOvTDqkKFsKksCi']
Gavin James	Mark McCabe	1	['0L9lXMXddmoBbBUeF7A9An']
CMC$	DVBBS	1	['042x9bsUBWW2fJgJ6fUh61']
CMC$	Gia Koka	1	['042x9bsUBWW2fJgJ6fUh61']
DVBBS	Gia Koka	1	['042x9bsUBWW2fJgJ6fUh61']
ALMA	Felix Jaehn	1	['5hz9DEkahyWoTs3rxJOTtw']
Broiler	Nico Santos	1	['2ZblF7TnUfCVRPWWgBeEhe']
Dua Lipa	Martin Garrix	1	['3ebXMykcMXOcLeJ9xZ17XH']
Mitchell Ayres & His Orchestra	Perry Como	1	['6IeK3Ap5m3HabwJxgI6eSE']
Mitchell Ayres & His Orchestra	The Fontane Sisters	1	['6IeK3Ap5m3HabwJxgI6eSE']
Perry Como	The Fontane Sisters	1	['6IeK3Ap5m3HabwJxgI6eSE']
Avicii	Billy Raffoul	1	['12ip0ceCeszDTDFxDY1AXJ']
Bushido	Fler	1	['4vbJFkIF8TFCOwqZRI5C2Q']
Anstandslos & Durchgeknallt	Laurenz	1	['1DTw1NsSVV9G2F8BMdVX6U']
Daya	The Chainsmokers	1	['0QsvXIfqM0zZoerQfsI9lm']
Marteria	Teutilla	1	['07KbI05QnjX8IbDBDRySxR']
PARTYNEXTDOOR	ZAYN	1	['000xQL6tZNLJzIrtIgxqSl']
Ryan Riback	Starley	1	['78rIJddV4X0HkNAInEcYde']
Eminem	Nate Dogg	1	['6yr8GiTHWvFfi4o6Q5ebdT']
Elias	KC Rebell	1	['2E6PBChEvnFKHoji2eNDJr']
Elias	Summer Cem	1	['2E6PBChEvnFKHoji2eNDJr']
Aloe Blacc	Stargate	1	['5Foe9nJg1uSVMVpMtO1p6z']
Aloe Blacc	Tiësto	1	['5Foe9nJg1uSVMVpMtO1p6z']
Stargate	Tiësto	1	['5Foe9nJg1uSVMVpMtO1p6z']
A R I Z O N A	Robin Schulz	1	['3TZ3MiMILR5wrQbbWiFUwI']
Cashmere Cat	Selena Gomez	1	['2wDjpPW3HZdA9quPPmZAMu']
Cashmere Cat	Tory Lanez	1	['2wDjpPW3HZdA9quPPmZAMu']
Selena Gomez	Tory Lanez	1	['2wDjpPW3HZdA9quPPmZAMu']
Azet	Nash	1	['2z7IrWdtG3Rx3xA3Zq2yFK']
Gentleman	Sean Paul	1	['05aYPqscr6UPjgU3ha3vzD']
A R I Z O N A	Sam Feldt	1	['78mNkiUBAwHqjT0QOeEqqg']
Kranium	MOTi	1	['3ghPeGA7IkGIZsrIKw9wbi']
Kranium	Ty Dolla $ign	1	['3ghPeGA7IkGIZsrIKw9wbi']
Kranium	WizKid	1	['3ghPeGA7IkGIZsrIKw9wbi']
MOTi	Major Lazer	1	['3ghPeGA7IkGIZsrIKw9wbi']
MOTi	Ty Dolla $ign	1	['3ghPeGA7IkGIZsrIKw9wbi']
MOTi	WizKid	1	['3ghPeGA7IkGIZsrIKw9wbi']
Major Lazer	Ty Dolla $ign	1	['3ghPeGA7IkGIZsrIKw9wbi']
Ty Dolla $ign	WizKid	1	['3ghPeGA7IkGIZsrIKw9wbi']
French Montana	Jason Derulo	1	['2z4pcBLQXF2BXKFvd0BuB6']
Eric Saade	Filatov & Karas	1	['28CWzJEydS0er9hU3TEYyJ']
Eric Saade	Gustaf Norén	1	['28CWzJEydS0er9hU3TEYyJ']
Filatov & Karas	Gustaf Norén	1	['28CWzJEydS0er9hU3TEYyJ']
Gucci Mane	Migos	1	['1XRgIKC5TPwo7nWGyKqgG0']
Drake	Sampha	1	['2fkeWbM6iqTw7oGHTYm2lw']
Dua Lipa	Major Lazer	1	['7rfiXyFb5M9BqdkvKvVEiB']
Dua Lipa	Wale	1	['7rfiXyFb5M9BqdkvKvVEiB']
Dua Lipa	WizKid	1	['7rfiXyFb5M9BqdkvKvVEiB']
Major Lazer	Wale	1	['7rfiXyFb5M9BqdkvKvVEiB']
Wale	WizKid	1	['7rfiXyFb5M9BqdkvKvVEiB']
NOTD	Stanaj	1	['3SGWp9fJCzgK0WcpcKSQdy']
Demi Lovato	Luis Fonsi	1	['1zsG4eaZmkA1dvjDDsAGLK']
Black Coffee	Drake	1	['7y6c07pgjZvtHI9kuMVqk1']
Black Coffee	Jorja Smith	1	['7y6c07pgjZvtHI9kuMVqk1']
Drake	Jorja Smith	1	['7y6c07pgjZvtHI9kuMVqk1']
Avicii	Sandro Cavazza	1	['6WbADFqMvR8N5u0BvtsWQE']
Namika	Ufo361	1	['7kCEiaplcEUidN0FJeT9XV']
Celo & Abdi	LX	1	['0Wyw4EtWEyZ2ZEj4qoTfhM']
LissA	filous	1	['5qeL0fWg4IDLZNUjVu53f2']
Alex Aiono	Felix Jaehn	1	['1sBhJGPUKrdRycgKxve70v']
Alex Aiono	Hight	1	['1sBhJGPUKrdRycgKxve70v']
Felix Jaehn	Hight	1	['1sBhJGPUKrdRycgKxve70v']
Ace Tee	KALIM	1	['6hVbpa81G9mr087FRHTJGO']
Glasperlenspiel	Madizin	1	['4GyG53nBdaEvSEn9o8roA2']
Eminem	Phresher	1	['2MdMjF20umbTe4y2FgdnG8']
Majoe	MoTrip	1	['0Mr3MYHrxsKjtq11pemBpu']
Lil Kleine	Ronnie Flex	1	['463oFGElXVcP8ueC72zvMj']
Future	Maroon 5	1	['5NNlUMcOEOdoOIwwaWXv0k']
P!nk	Sia	1	['7pYFPMeK0TnaTGdS6qOtEr']
P!nk	Stargate	1	['7pYFPMeK0TnaTGdS6qOtEr']
Sia	Stargate	1	['7pYFPMeK0TnaTGdS6qOtEr']
Martin Solveig	Tkay Maidza	1	['767AsV1cQwmOU4PJG96MzO']
Jason Derulo	Nicki Minaj	1	['6kex4EBAj0WHXDKZMEJaaF']
Jason Derulo	Ty Dolla $ign	1	['6kex4EBAj0WHXDKZMEJaaF']
Nicki Minaj	Ty Dolla $ign	1	['6kex4EBAj0WHXDKZMEJaaF']
Drake	Lil Wayne	1	['7KcGEssn7BnJdTgildK5y0']
Drake	Nicki Minaj	1	['7KcGEssn7BnJdTgildK5y0']
Lil Wayne	Nicki Minaj	1	['7KcGEssn7BnJdTgildK5y0']
Gucci Mane	blackbear	1	['53mrVsi49rLHIaKBiSvElG']
AK Ausserkontrolle	Bonez MC	1	['34eBseo3rsXhiIWEUcw4ys']
Martin Garrix	Troye Sivan	1	['6jA8HL9i4QGzsj6fjoxp8Y']
Azet	RAF Camora	1	['6X0pg9AHaLYLq8Cy5j8Suz']
Grey	Hailee Steinfeld	1	['1qOLh0tI7trd1zdDKxYZTe']
Grey	Zedd	1	['1qOLh0tI7trd1zdDKxYZTe']
Hailee Steinfeld	Zedd	1	['1qOLh0tI7trd1zdDKxYZTe']
John Lennon	The Harlem Community Choir	1	['3zJw3rugfpVrmBeDDnUYzy']
John Lennon	The Plastic Ono Band	1	['3zJw3rugfpVrmBeDDnUYzy']
John Lennon	Yoko Ono	1	['3zJw3rugfpVrmBeDDnUYzy']
The Harlem Community Choir	The Plastic Ono Band	1	['3zJw3rugfpVrmBeDDnUYzy']
The Harlem Community Choir	Yoko Ono	1	['3zJw3rugfpVrmBeDDnUYzy']
The Plastic Ono Band	Yoko Ono	1	['3zJw3rugfpVrmBeDDnUYzy']
Bebe Rexha	Digital Farm Animals	1	['7F9vK8hNFMml4GtHsaXui6']
Bebe Rexha	Louis Tomlinson	1	['7F9vK8hNFMml4GtHsaXui6']
Digital Farm Animals	Louis Tomlinson	1	['7F9vK8hNFMml4GtHsaXui6']
Emily Warren	FRENSHIP	1	['2XMTqoHHSH0lvuXrvIEdco']
Ephemerals	Kungs	1	['6iTVIAqZpHmCK9jrpDyDVo']
Linkin Park	Pusha T	1	['650OeHTLxZAQmb4aEbGmaA']
Linkin Park	Stormzy	1	['650OeHTLxZAQmb4aEbGmaA']
Pusha T	Stormzy	1	['650OeHTLxZAQmb4aEbGmaA']
Cro	Wyclef Jean	1	['6oh6njZqTXlIkHDC2tjvWi']
Alessia Cara	Khalid	1	['5tz69p7tJuGPeMGwNTxYuV']
Alessia Cara	Logic	1	['5tz69p7tJuGPeMGwNTxYuV']
Khalid	Logic	1	['5tz69p7tJuGPeMGwNTxYuV']
Marteria	Trettmann	1	['2IdY82WE2m2xKw4pYxtbpm']
James Arthur	Rudimental	1	['6SUocL0caib4mLHe8ZrZzi']
Ty Dolla $ign	Zara Larsson	1	['54LGxQGf5LPXNGjtzDZ5IE']
Mike Posner	Seeb	1	['17Fd6Yb7mSbinKG8LoWfFl']
Lana Del Rey	The Weeknd	1	['5LYQSNHZxEA880URXFHg6h']
Kerstin Ott	Stereoact	1	['2qOMpFfLZ0agDTouBxUDCb']
Clean Bandit	Julia Michaels	1	['2xmrfQpmS2iJExTlklLoAL']
Anne-Marie	Clean Bandit	1	['5knuzwU65gJK7IF5yJsuaW']
Anne-Marie	Sean Paul	1	['5knuzwU65gJK7IF5yJsuaW']
Clean Bandit	Sean Paul	1	['5knuzwU65gJK7IF5yJsuaW']
Alan Walker	Digital Farm Animals	1	['5yFSF6qQA1rcLsQRnBsZgb']
Alan Walker	Juliander	1	['5yFSF6qQA1rcLsQRnBsZgb']
Alan Walker	Noah Cyrus	1	['5yFSF6qQA1rcLsQRnBsZgb']
Digital Farm Animals	Juliander	1	['5yFSF6qQA1rcLsQRnBsZgb']
Digital Farm Animals	Noah Cyrus	1	['5yFSF6qQA1rcLsQRnBsZgb']
Juliander	Noah Cyrus	1	['5yFSF6qQA1rcLsQRnBsZgb']
Kendrick Lamar	Sia	1	['7xHWNBFm6ObGEQPaUxHuKO']
Capital Bra	Sido	1	['3C0XXgpDgN4UMqC5rATVyO']
Alessia Cara	Zedd	1	['0dA2Mk56wEzDgegdC6R17g']
Prinz Pi	SDP	1	['0dOCEL0ljhxMEfXR8g7cRG']
David Guetta	Justin Bieber	1	['3A7qX2QjDlPnazUsRk5y0M']
Ed Sheeran	Eminem	1	['5UEnHoDYpsxlfzWLZIc7LD']
Blake Shelton	Gwen Stefani	1	['6C81GGUCNbEmR8gMIi0CpH']
Capital Bra	Gzuz	1	['4vHTCgx5Y9TZaWUjIyuLvo']
Cro	Ivy Sole	1	['6TNdGavTbSQShhIs0ms0BG']
Gzuz	Kontra K	1	['1KiA2qmRxsedA1mKPceIov']
Halsey	The Chainsmokers	1	['7BKLCZ1jbUBVqRi2FVlTVw']
Deb’s Daughter	Dimitri Vegas & Like Mike	1	['3oUZXcz9WLNO71yHAumFbH']
Deb’s Daughter	Diplo	1	['3oUZXcz9WLNO71yHAumFbH']
Dimitri Vegas & Like Mike	Diplo	1	['3oUZXcz9WLNO71yHAumFbH']
Nimo	Ufo361	1	['6ZyLo7sln0QFP7YXqgXCU8']
Nimo	Yung Hurn	1	['6ZyLo7sln0QFP7YXqgXCU8']
John Williams	Mykola Dmytrovych Leontovych	1	['4tHqQMWSqmL6YjXwsqthDI']
Gucci Mane	Rae Sremmurd	1	['6fujklziTHa8uoM5OQSfIo']
John Travolta	Olivia Newton-John	1	['7phfakxI404JNMhDa5PXHq']
Axel Ehnström	Lost Frequencies	1	['11pNf8SA2U3PXzLca8BFt6']
Ariana Grande	Nicki Minaj	1	['4pLwZjInHj3SimIyN9SnOz']
Bebe Rexha	Florida Georgia Line	1	['7iDa6hUg2VgEL1o1HjmfBn']
Fler	Remoe	1	['5pto2OxinIJ3Vb2H8FZqGV']
Alle Farben	Janieck	1	['1f3flfdU4VDM2OBDD2FMia']
Capital Bra	Olexesh	1	['4pqCienGuMIbOdsHaOpf7V']
Calvin Harris	Rihanna	1	['0azC730Exh71aQlOt9Zj3y']
2 Chainz	Drake	1	['0xl1w2q4VLojeXp4JfazPL']
Trippie Redd	XXXTENTACION	1	['7AQim7LbvFVZJE3O8TYgf2']
David Guetta	Dimitri Vegas	1	['1Sl3njkhhz8nrSPZroDQ82']
David Guetta	Dimitri Vegas & Like Mike	1	['1Sl3njkhhz8nrSPZroDQ82']
David Guetta	Kiiara	1	['1Sl3njkhhz8nrSPZroDQ82']
Dimitri Vegas	Dimitri Vegas & Like Mike	1	['1Sl3njkhhz8nrSPZroDQ82']
Dimitri Vegas	Kiiara	1	['1Sl3njkhhz8nrSPZroDQ82']
Dimitri Vegas & Like Mike	Kiiara	1	['1Sl3njkhhz8nrSPZroDQ82']
Bonez MC	Capital Bra	1	['7z9Ze7S4jm9q8gUQGQVsHt']
Bonez MC	Haze	1	['7z9Ze7S4jm9q8gUQGQVsHt']
Capital Bra	Haze	1	['7z9Ze7S4jm9q8gUQGQVsHt']
Gentleman	RAF Camora	1	['4ZvS3wPyuNaiHefG9bJsBX']
Bill Pinkney	Clyde McPhatter	1	['0iyrGs4yXc2lWQCqCgCx0C']
Bill Pinkney	The Drifters	1	['0iyrGs4yXc2lWQCqCgCx0C']
Clyde McPhatter	The Drifters	1	['0iyrGs4yXc2lWQCqCgCx0C']
Phoebe Ryan	The Chainsmokers	1	['2rizacJSyD9S1IQUxUxnsK']
Louis Tomlinson	Steve Aoki	1	['3EmmCZoqpWOTY1g2GBwJoR']
Poo Bear	Skrillex	1	['57p8CBvPOxrvyCbn6ttl5r']
Akon	Robin Schulz	1	['2KMJ5CoxY4ECG9TZyNWmpv']
Nimo	Soufian	1	['45wMiGOfoVf8V3USDtqwMn']
Mark Forster	Prinz Pi	1	['3upwGWP1sYtT0EvPSJkDew']
Kiiara	Linkin Park	1	['104buTcnP2AsxqB7U1FIZ4']
Ali As	SXTN	1	['4Omo1tlmDVINPwiliqjzZb']
Jacob Banks	Seeb	1	['0h4FK0CnlZ3oJnZ6quEk1P']
KC Rebell	RAF Camora	1	['6JltcNxVQ1xl0LT6NTXjb3']
Bonez MC	PA Sports	1	['1BRdeyNaPcblzeqaBum5TS']
PA Sports	RAF Camora	1	['1BRdeyNaPcblzeqaBum5TS']
GReeeN	Gary Washington	1	['0InjGAVVEsp38MnkRNDy8v']
Bright Sparks	Tiësto	1	['4hiUYb2nb6NlfTP9CD38Pe']
G-Eazy	Marc E. Bassy	1	['1Bqxj0aH5KewYHKUg1IdrF']
Future	The Weeknd	1	['3mRcWCyteY2133a7xVMrYw']
Capital Bra	LX	1	['3xLJfPdE8ovTZ0Helln3eV']
Marteria	Savas	1	['7goWEGd9EpIKR6nuE1BOgW']
KALIM	Maxwell	1	['4OcGetM9sJWVgjC0Vdk35e']
Ali As	Kollegah	1	['6a5gFSYrNgcwOfFAxfebpj']
Ali As	Seyed	1	['6a5gFSYrNgcwOfFAxfebpj']
Kollegah	Seyed	1	['6a5gFSYrNgcwOfFAxfebpj']
Dany Synthé	Maître Gims	1	['3up1uPuvL5vkfJ6aOeSRtD']
Dany Synthé	SoFLY & Nius	1	['3up1uPuvL5vkfJ6aOeSRtD']
Maître Gims	SoFLY & Nius	1	['3up1uPuvL5vkfJ6aOeSRtD']
Eminem	P!nk	1	['3OEer2dQj1eWhSqxatGiru']
Fuse ODG	Major Lazer	1	['0L7loeTIg6akW84aEQZpCT']
Fuse ODG	Nyla	1	['0L7loeTIg6akW84aEQZpCT']
Nause	Pretty Sister	1	['2Ae5awwKvQpTBKQHr1TYCg']
Hailee Steinfeld	Kato	1	['4tX7Nt68zEeb0Lt32ngQR0']
Hailee Steinfeld	Sigala	1	['4tX7Nt68zEeb0Lt32ngQR0']
Kato	Sigala	1	['4tX7Nt68zEeb0Lt32ngQR0']
Tinie Tempah	Zara Larsson	1	['5BOZ4skcMubA0R6RD4zf64']
Michael Bublé	Shania Twain	1	['2gbCG4Rt9984UZ7Tc0dIFd']
Daddy Yankee	Justin Bieber	1	['5CtI0qwDJkDQGwXD1H1cLb']
Justin Bieber	Luis Fonsi	1	['5CtI0qwDJkDQGwXD1H1cLb']
Ed Sheeran	Kranium	1	['1KqvRRQd3lfM0pAlkGPrgD']
Ed Sheeran	Major Lazer	1	['1KqvRRQd3lfM0pAlkGPrgD']
Ed Sheeran	Nyla	1	['1KqvRRQd3lfM0pAlkGPrgD']
Kranium	Nyla	1	['1KqvRRQd3lfM0pAlkGPrgD']
Kool Savas	Marteria	1	['7dLyQvIUXCAIdk0ZiatE3y']
Katja Krasavice	Stard Ova	1	['6pTd6XYMZjNRe9MjEVg9T9']
Hanybal	Ufo361	1	['4UAq2nfDd4RIn7KEypPV8o']
Macloud	Veysel	1	['19C5JNzCR1O2TTZM8qQ5Wy']
Cheat Codes	Kris Kross Amsterdam	1	['5DA77EqppDmCTWGovd4oTP']
Dakota	Jonas Blue	1	['6OZh916QF8XNunWaP97WEZ']
Eminem	Skylar Grey	1	['107CfwBqfICzcKur8k7UCA']
Sia	ZAYN	1	['1j4kHkkpqZRBwE0A4CN4Yv']
Cookin' On 3 Burners	Kungs	1	['0tICYNayWWhH9GPeFrfjfD']
James Blunt	Robin Schulz	1	['3bWAqKDWg6u1davspr5IkS']
Lil Uzi Vert	Oh Wonder	1	['2eAZfqOm4EnOF9VvN50Tyc']
Clean Bandit	Zara Larsson	1	['1x5sYLZiu9r5E43kMlt9f8']
Imagine Dragons	Lil Wayne	1	['4dASQiO1Eoo3RJvt74FtXB']
Imagine Dragons	Logic	1	['4dASQiO1Eoo3RJvt74FtXB']
Imagine Dragons	Ty Dolla $ign	1	['4dASQiO1Eoo3RJvt74FtXB']
Imagine Dragons	Wiz Khalifa	1	['4dASQiO1Eoo3RJvt74FtXB']
Imagine Dragons	X Ambassadors	1	['4dASQiO1Eoo3RJvt74FtXB']
Lil Wayne	Logic	1	['4dASQiO1Eoo3RJvt74FtXB']
Lil Wayne	Ty Dolla $ign	1	['4dASQiO1Eoo3RJvt74FtXB']
Lil Wayne	Wiz Khalifa	1	['4dASQiO1Eoo3RJvt74FtXB']
Lil Wayne	X Ambassadors	1	['4dASQiO1Eoo3RJvt74FtXB']
Logic	Ty Dolla $ign	1	['4dASQiO1Eoo3RJvt74FtXB']
Logic	Wiz Khalifa	1	['4dASQiO1Eoo3RJvt74FtXB']
Logic	X Ambassadors	1	['4dASQiO1Eoo3RJvt74FtXB']
Ty Dolla $ign	Wiz Khalifa	1	['4dASQiO1Eoo3RJvt74FtXB']
Ty Dolla $ign	X Ambassadors	1	['4dASQiO1Eoo3RJvt74FtXB']
Wiz Khalifa	X Ambassadors	1	['4dASQiO1Eoo3RJvt74FtXB']
99 Percent	Flo Rida	1	['6t2ubAB4iSYOuIpRAOGd4t']
Future	Rihanna	1	['2Ce5IyMlVRVvN997ZJjJJA']
Filatov & Karas	Imany	1	['00vk0sEfb6mr2ehwSw0Uhn']
AK Ausserkontrolle	Sa4	1	['0Q4UnABWc02jPFQwzx96EJ']
Alan Walker	Gavin James	1	['3b5Li4QKDVBx1x7fQuu54a']
Ali Bumaye	Bushido	1	['0s3SdO33gNXbUT1wkVSdJj']
Kendrick Lamar	Rihanna	1	['6SwRhMLwNqEi6alNPVG00n']
Mike Perry	SHY Martin	1	['2CPqh63wRVscbceKcPxwvv']
DJ Snake	Justin Bieber	1	['4pdPtRcBmOSQDlJ3Fk945m']
IRO	Nadia Ali	1	['7kOgMK63girYyYwLCo5aiW']
IRO	Sultan + Shepard	1	['7kOgMK63girYyYwLCo5aiW']
Nadia Ali	Sultan + Shepard	1	['7kOgMK63girYyYwLCo5aiW']
KYLE	Lil Yachty	1	['2EEeOnHehOozLq4aS0n6SL']
Azad	Calo	1	['5jxMrs7HxSxUuB2oRy4Esh']
KALIM	XATAR	1	['2saOA3KAWOpAOwPke2Csa1']
Beginner	Samy Deluxe	1	['1w7VLLyAq8ZTMHU0niW5mU']
Big Sean	Eminem	1	['1MksGqIztTT6M9R1ErKVs8']
Ahzumjot	Casper	1	['1DmTjPulewJKFW2xbhYNJE']
Ahzumjot	Portugal. The Man	1	['1DmTjPulewJKFW2xbhYNJE']
Casper	Portugal. The Man	1	['1DmTjPulewJKFW2xbhYNJE']
Sido	Ufo361	1	['5n57fE1pkZbayT1DD1h3yg']
Bebe Rexha	Martin Garrix	1	['04DwTuZ2VBdJCCC5TROn7L']
Maluma	Shakira	1	['6mICuAdrwEjh6Y6lroV2Kg']
Drake	Kyla	1	['1xznGGDReH1oQq0xzbwXa3']
Drake	WizKid	1	['1xznGGDReH1oQq0xzbwXa3']
Kyla	WizKid	1	['1xznGGDReH1oQq0xzbwXa3']
Jamie N Commons	Kungs	1	['0cAuqPI1R8RlFsXXWWO039']
Bushido	Shindy	1	['4ZqYgipWXTGXBXF6FvOhwC']
Bausa	Capo	1	['4BtGQ89Xgmf9NmnFD9RBRc']
Bausa	YONII	1	['4BtGQ89Xgmf9NmnFD9RBRc']
Capo	YONII	1	['4BtGQ89Xgmf9NmnFD9RBRc']
Lakman	Savas	1	['6LxJNhtLZOcjTc3hNUNzlO']
Lakman	Sido	1	['6LxJNhtLZOcjTc3hNUNzlO']
French Montana	Max B	1	['1vVNlXi8gf8tZ7OhnEs4VE']
French Montana	The Weeknd	1	['1vVNlXi8gf8tZ7OhnEs4VE']
Max B	The Weeknd	1	['1vVNlXi8gf8tZ7OhnEs4VE']
Chris Cronauer	Stereoact	1	['6yxQYuItvkkjEDGvORwzeD']
Cheat Codes	Demi Lovato	1	['1louJpMmzEicAn7lzDalPW']
N.E.R.D	Rihanna	1	['6tUgfsOa8PLkoede5nOR7D']
AlunaGeorge	Avicii	1	['6mzTuMlbCgEtoCitsszlqP']
Charlie Puth	Selena Gomez	1	['68EMU2RD1ECNeOeJ5qAXCV']
OneRepublic	Seeb	1	['7aF09WaavZAmAWuUeYxlYD']
Ariana Grande	Cashmere Cat	1	['4Q5yMlwAfAoitqg4r9oZHN']
Jan Böhmermann	Jim Pandzko	1	['1A4y0eCgwxgII0iRCt6oEk']
Charity Children	Little Rose	1	['3D3Tkk0d9UmECpH5Fprmuv']
Charity Children	SRTW	1	['3D3Tkk0d9UmECpH5Fprmuv']
Little Rose	SRTW	1	['3D3Tkk0d9UmECpH5Fprmuv']
Ali Bumaye	Shindy	1	['7cufww06qM0dH2rpkch4fi']
Bakermat	Kiesza	1	['4lharVQjYNhByFR8dSHkMA']
Chris Brown	Future	1	['2XdgSB4TtzUHQYCMfSHbFI']
Chris Brown	Young Thug	1	['2XdgSB4TtzUHQYCMfSHbFI']
Future	Young Thug	1	['2XdgSB4TtzUHQYCMfSHbFI']
Kygo	Selena Gomez	1	['3eR23VReFzcdmS7TYCrhCe']
Dua Lipa	Sean Paul	1	['3cFsmM51N5zMAuu1nNY4Tw']
Azzi Memo	Capo	1	['46A4bx39GWGQj50pnybabM']
Ellie Goulding	Kygo	1	['2Gl0FzuLxflY6nPifJp5Dr']
