artist_1	artist_2	count	song_ids
Capital Bra	Samra	30	['1vbkGTBLNJYRvT5GJlWXLf', '5A8bAcbuHmiWKSsEIptv0z', '0IYeDX2PULhKBySpB2mYmF', '6jnDTH0mVCdCFn0Hp5MI9g', '2kkcJ8tSDV42LdWcPjy6We', '79QY2nAPZA9NqN66fvD8AH', '4yoqO3xixoJN4lxysk6aFB', '48MObOqsm6N19vdc3AdYsu', '0AKDcdzjQ7CNjrqfXgwnMt', '1ag6DENIjtcmRFCx5JjUng', '1VEMUkGFio5uURvN8x1DZJ', '5sdQ7VUx6GOfsRoSxnK1YG', '0eKKoqxVuKTQAfzNXlCeCD', '3tvgQvCRAzZrVelEy3ca0t', '1mdJ39D1lrR3aWIOhgeNaE', '4Rif4wqdvzy84dhP1apC4Y', '7gIORSoIKw1q4BtD9xLv6K', '1EEif6kePd2mu4c0bDbuSZ', '3ME2RHvx9JyVQjFFMbLIvt', '6fDC5DIa4bt6NbPZWR1yxM', '67ojvEGRPAUCOohuMPqoRC', '3VyRiEUfiieIiF4kVrS1CF', '5h10tw9LYCWPFgqJttM2U0', '5BQwQDyMKyo4GCV7cDId21', '2pfio0uHpT4USTPBNeTIWo', '0Dlcu2fgHklOnajVu2dUNU', '6AFIVhbJLR7YVvW9fLFMu1', '3drwaFqLSEjqzjNRbjap0R', '2JGCmuEB2wYvxyBuuXSfDu', '3lr7xUKPIBRmOWwGY2JNSH']
LX	Maxwell	23	['5uiiPMD59eUxBPIqQYHMjV', '3Zg80xruh2KHx3jXrkSz6u', '15hozX1BAMMndIG7ovyDZ7', '6vqwNBT87x37nNvfmuNTaJ', '5M4IVueKXd2OntcoUHIxdr', '4okbXrQBKk6BBhiQm3BX5m', '1X9Ac0NjNPyOnCfHsDIZJC', '3gH7k48SZMTMdn4GUaIaZR', '5cvYlcirJE7ALU7Y65UtYk', '06A8IAZELgqnjQTaISHxXc', '2Y6m0Qh5HvO3rikg7dlCav', '7fhVx7OtJaWz6GB9RoR2FB', '07MPytx5xrnK6zJK5RbFSR', '2G2VgJR9JPOZ1uNYw5HjaI', '25nlS0F60UxPJtpSGAhsPP', '6npNOhKIiAHRzlLkbIEKpL', '1ItPzUiqRo9GU0y2bnoxnG', '55tfVeSqRDTLAFKjONxlq0', '2rc6GSVnk0qWLthc3NtTpr', '5IG08srHq9HrBt7Fbsxdz1', '0kLA41xkWzzYzMIEGFuDkP', '1oBsrVp5CpLVpxX0WdHQvt', '79ADo3AvvlZKOVr4lrlToG']
Azet	Zuna	19	['4l39FpxE1Gq0G6T2wMaabb', '3gs4lX2JSAFc8v8piogE3i', '23N0z3XkwS2ErcNKsgCWAb', '4CBmq7qDSuIna6QhW11hYv', '6eWgN8PoowGfqvDYVPxZAq', '26pr9oLIVAc1L62F2exIRT', '0zhIsKJiASrRn0k3kRLnAj', '31Zs71Yb7YoPlFx2p1uKRX', '0qzX2dAs1otoAABKNHUwRb', '5dhon2CluRK2u1m8hJHmk6', '1EBK8F9hcrAQo2OGJ66ILb', '1wtKmJbFITh1WRz70QWksh', '2E65WRtNfdWZjnIEaah9fA', '0EDfHoIv0QzEybexqdnYkI', '3aYAAXlB1yvUs5MJ0FI3bh', '7varEevkxnTyw3qufGfE6V', '7DPU8m1PkKE6t1uekL4Fm4', '61A9J4906Zkuqd22oasZVR', '0RjhrAgD7bSYBi0fyqX616']
KitschKrieg	Trettmann	17	['4Nip6oiJU24LqcUEi7u19S', '2e5o25udr5nhMuklOTZUME', '2xdUpWc9ze3Id96OPKmons', '7GsjIMQUooKbmPL6AzOR3d', '0mNUJ3jK7QnbEz0mcPkTlq', '22ET3BvBsXcGiwxy1uXPbU', '5thTifzv6XFkdaQSrV6Pqk', '5V2skqFSSxGaZt4vIPZq9z', '796oowuQ9rWmIgOmmSirKh', '23XgusOb0SLiIMnUKmiB3V', '1rn5uhAxbKLliAPwOYKoVj', '3YHs4REANQ6TVDWFsrBaFA', '1rciHe0jRJnF3J6CuAwOH0', '4u5MscVA10KEZQWUWh1n1N', '1BPeDi69y1PIqB9Hnc5DVu', '7AwPgamlOy97TfTIXDvb4S', '5U0xzeW4o26c0bzDxafwQ6']
Capo	Nimo	15	['5T0W70OajiqDhVi91gmnFg', '6ujq8IjOGkbJrp09qarW1E', '4DLJZFrTRrIO7hdPAiqlmh', '5ryCDI7vwLZp2PyHRdXGLC', '6sOEMx5vECgoCAyIU9eb7b', '0HKQM0ehEP4MLRzBc3ypiv', '0dGSOCj6hdV5Nr0V8FjONc', '6UcDLqJ1WUBJsnLWkSeEd9', '0Kd1QMAhIFhqltE5eQkVzX', '5erXSPunefKTlYNuZb3SMk', '08OFGhKf7mK1BGhzMtXaqo', '308tiF4zDMle4qz7fg0w7K', '3TMW1GOB1lsmvf8er2dE8g', '7oucWf5O0GQOdUWTAIGP9u', '3iayJxWUAHaKN9B8IKvTDX']
Bonez MC	RAF Camora	8	['6wHRm1KR8pzVDPdmR6Qovj', '4UOXo3xWnxYdTf3sFyRaUG', '3ViSFt768Kx9FRDRnyad2j', '4HIv1dRF270YMyfvuxnF0d', '2SRVj6ceeIffVEm9NFyRHI', '7CzSP7spDpZBP8edbtPIwI', '4Bj3usjRTckEJARO0dLbDf', '05Mp2UJulSttxQ4E6hQPH3']
Bonez MC	LX	8	['5uiiPMD59eUxBPIqQYHMjV', '5cvYlcirJE7ALU7Y65UtYk', '2LajDi2g0nNpMdUjJLXoWE', '6npNOhKIiAHRzlLkbIEKpL', '1ItPzUiqRo9GU0y2bnoxnG', '0kLA41xkWzzYzMIEGFuDkP', '5M4IVueKXd2OntcoUHIxdr', '2rc6GSVnk0qWLthc3NtTpr']
Bonez MC	Maxwell	8	['5uiiPMD59eUxBPIqQYHMjV', '5cvYlcirJE7ALU7Y65UtYk', '6npNOhKIiAHRzlLkbIEKpL', '1ItPzUiqRo9GU0y2bnoxnG', '0kLA41xkWzzYzMIEGFuDkP', '5M4IVueKXd2OntcoUHIxdr', '05Mp2UJulSttxQ4E6hQPH3', '2rc6GSVnk0qWLthc3NtTpr']
Gzuz	LX	6	['5cvYlcirJE7ALU7Y65UtYk', '1ItPzUiqRo9GU0y2bnoxnG', '6vqwNBT87x37nNvfmuNTaJ', '0kLA41xkWzzYzMIEGFuDkP', '4okbXrQBKk6BBhiQm3BX5m', '3gH7k48SZMTMdn4GUaIaZR']
Gzuz	Maxwell	6	['5cvYlcirJE7ALU7Y65UtYk', '1ItPzUiqRo9GU0y2bnoxnG', '6vqwNBT87x37nNvfmuNTaJ', '0kLA41xkWzzYzMIEGFuDkP', '4okbXrQBKk6BBhiQm3BX5m', '3gH7k48SZMTMdn4GUaIaZR']
LX	Sa4	5	['5cvYlcirJE7ALU7Y65UtYk', '5IG08srHq9HrBt7Fbsxdz1', '1ItPzUiqRo9GU0y2bnoxnG', '0kLA41xkWzzYzMIEGFuDkP', '7fhVx7OtJaWz6GB9RoR2FB']
Maxwell	Sa4	5	['5cvYlcirJE7ALU7Y65UtYk', '5IG08srHq9HrBt7Fbsxdz1', '1ItPzUiqRo9GU0y2bnoxnG', '0kLA41xkWzzYzMIEGFuDkP', '7fhVx7OtJaWz6GB9RoR2FB']
Capital Bra	Summer Cem	5	['2QpxC2yag7Ec7Ut1dovXKb', '43DtCXAz2qUJ4YiTX6ICT0', '2nPJnablplDgVVgSDF9BAs', '4BD9yUEFI07WaDJ381DDMq', '38lQ7lYhN3eSWepnZHaiBF']
KC Rebell	Summer Cem	5	['3nTDSbzJoMnqcxWbVVrpza', '43DtCXAz2qUJ4YiTX6ICT0', '51YPOqWSkItMD6R0qEJ7WI', '4BD9yUEFI07WaDJ381DDMq', '38lQ7lYhN3eSWepnZHaiBF']
Ezhel	Ufo361	5	['2KlbLTnQ5Wch2oOelW0Y2k', '78aLTdpQZab1Cd7HYvxI3P', '7sQbCBojrgRh2V6mKqVm12', '4tT9mBO8n3pEuCeUDnzE4s', '44Fc0oSgRn1MFwu18TcY8S']
Capital Bra	Kalazh44	5	['4Rif4wqdvzy84dhP1apC4Y', '1EEif6kePd2mu4c0bDbuSZ', '2QPyhgmVuQ9baEval2D46C', '5h10tw9LYCWPFgqJttM2U0', '6jnDTH0mVCdCFn0Hp5MI9g']
Loredana	Mozzik	5	['5sMugAU31Ug5SAUUbhBIKU', '6qgskTqkdSMpCIPoCJCEJq', '52UVKsw31NTOCTNPTpwbFJ', '3uB8KqnEoQq5bTQ1JFHJ7Y', '5UtiebKGhsSce9gX1qCqic']
King Khalil	Lil Lano	5	['6Xt6kg1kGrZCi4gJhijxeT', '3hXGbPkJH6LWRoRoMu7N9H', '51pBoDMHvBHR6TmD09OAz7', '5NeBjckaIO8WifFBEgnkTC', '3mulaE9xF8LhmwZN61kHvS']
Post Malone	Swae Lee	4	['7dbka99KTWke5o9hRp0JoB', '0RiRZpuVRbi7oqRdSMwhQY', '3KkXRkHbMCARz0aVfEt68P', '4VqTRBvYg0z8C4nsl4Hupy']
Bonez MC	Gzuz	4	['5cvYlcirJE7ALU7Y65UtYk', '4Bj3usjRTckEJARO0dLbDf', '1ItPzUiqRo9GU0y2bnoxnG', '0kLA41xkWzzYzMIEGFuDkP']
Animus	Bushido	4	['2l2UsmkfgmRC6fIDwwsiNM', '4BSoHTrf66yZt51GIXVdDf', '2ROeNgkjxZJE3LJhlkZVGo', '1qr68CCILX6NX7SpFG6Bd3']
Gzuz	KitschKrieg	4	['4Nip6oiJU24LqcUEi7u19S', '2e5o25udr5nhMuklOTZUME', '0mNUJ3jK7QnbEz0mcPkTlq', '7AwPgamlOy97TfTIXDvb4S']
Gzuz	Trettmann	4	['4Nip6oiJU24LqcUEi7u19S', '2e5o25udr5nhMuklOTZUME', '0mNUJ3jK7QnbEz0mcPkTlq', '7AwPgamlOy97TfTIXDvb4S']
BRADO	MERO	4	['3wL5sFFKpHM2oGJl9JCpXn', '0VFTU79WaSrkMTch0SNeKD', '2GxHx0bbc0BK7Z0ChMJUtO', '1BEo3epznRQuYhuQH8bZu9']
Bausa	Summer Cem	4	['7CcdtyzEHSTGOaZULNlkZj', '5mIuxFxoeVXJOkX5lHYm9t', '0UtKZM25fa8kqy1k3sCiXG', '0jB0RNZIfaihaDKNmdrI40']
KALIM	Nimo	4	['6zltHqh8Xjg6Rr6skelFdm', '03SfDYmOPflD23iTL5qjiq', '53aoMzjGtw1W6efSLygJWY', '3DDKvY1otSEIaoeWX5GqI4']
J Balvin	Tyga	4	['1jlnBQGP2DtSEhMgQaz7a7', '6osaMSJh9NguagEDQcZaKx', '1f38Gx6xQz6r4H1jGVNBJo', '1fBXSMOusjaj7GjzErHmUI']
Kalazh44	Samra	4	['4Rif4wqdvzy84dhP1apC4Y', '6jnDTH0mVCdCFn0Hp5MI9g', '1EEif6kePd2mu4c0bDbuSZ', '5h10tw9LYCWPFgqJttM2U0']
Kool Savas	Sido	4	['6YDafSaQ26Nr1pb7rNQaIC', '2xGfRJWGojhSv9VKAfjKh1', '406zkeKglOewTtDKfOo7FP', '3kjAXxcBfqIIWA44F1JBlR']
RAF Camora	Ufo361	3	['2kx7rcukcL50UysnBiWJxf', '4kna7DSzKjH1Be7Y3XYxYL', '7HCTUZPqclRvsiefXWwyFz']
Elias	Summer Cem	3	['42KbmH5H47WGQH6dBaCLsq', '3pY2pUwjPDMCCfIHR711kg', '3FWRHYAN0C050cpvD67Sk2']
Bonez MC	Sa4	3	['5cvYlcirJE7ALU7Y65UtYk', '1ItPzUiqRo9GU0y2bnoxnG', '0kLA41xkWzzYzMIEGFuDkP']
Gzuz	Sa4	3	['5cvYlcirJE7ALU7Y65UtYk', '1ItPzUiqRo9GU0y2bnoxnG', '0kLA41xkWzzYzMIEGFuDkP']
Aloe Blacc	Avicii	3	['6nDKrPlXdpomGBgAlO7UdP', '2x0RZdkZcD8QRI53XT4GI5', '0n2nEtLP3OzDdi12ziIekx']
Capital Bra	KC Rebell	3	['43DtCXAz2qUJ4YiTX6ICT0', '4BD9yUEFI07WaDJ381DDMq', '38lQ7lYhN3eSWepnZHaiBF']
Gringo	HK	3	['6S7Yrzvh5tHNNm7AtWhkB2', '2QPyhgmVuQ9baEval2D46C', '7CqTvcZxERQw4p6412OIXh']
ILLENIUM	Lennon Stella	3	['6wo37KVqFJhtuxPTpLCcfe', '3g0mEQx3NTanacLseoP0Gw', '63VyEdzMM3w4ZQ1WtARa2S']
ILLENIUM	The Chainsmokers	3	['6wo37KVqFJhtuxPTpLCcfe', '3g0mEQx3NTanacLseoP0Gw', '63VyEdzMM3w4ZQ1WtARa2S']
Lennon Stella	The Chainsmokers	3	['6wo37KVqFJhtuxPTpLCcfe', '3g0mEQx3NTanacLseoP0Gw', '63VyEdzMM3w4ZQ1WtARa2S']
Kianush	PA Sports	3	['6c1N7X3dDuHz3GXUHwVcNV', '3Dkfcd3DbXGVmM05KCRuFA', '2vwEnjG9FKzafXjZA3Xdyz']
Europa	Jax Jones	3	['11o2y87vqODipLK98a1v34', '3O83h4LS797N23DpweeRAa', '5naYe7rLMZcLfO1DKg48MK']
Europa	Madison Beer	3	['11o2y87vqODipLK98a1v34', '3O83h4LS797N23DpweeRAa', '5naYe7rLMZcLfO1DKg48MK']
Europa	Martin Solveig	3	['11o2y87vqODipLK98a1v34', '3O83h4LS797N23DpweeRAa', '5naYe7rLMZcLfO1DKg48MK']
Jax Jones	Madison Beer	3	['11o2y87vqODipLK98a1v34', '3O83h4LS797N23DpweeRAa', '5naYe7rLMZcLfO1DKg48MK']
Jax Jones	Martin Solveig	3	['11o2y87vqODipLK98a1v34', '3O83h4LS797N23DpweeRAa', '5naYe7rLMZcLfO1DKg48MK']
Madison Beer	Martin Solveig	3	['11o2y87vqODipLK98a1v34', '3O83h4LS797N23DpweeRAa', '5naYe7rLMZcLfO1DKg48MK']
Eno	MERO	3	['69ytBtCGuiXKRF1qXkthsR', '2L7szV9E9DiJoNUfPTnPwJ', '4AgK0CwpwcekXVdAoYB2VO']
Bonez MC	Milonair	3	['61u7CLDwOodpdENZTTsxUd', '4IAARphAMz33kxQxhptHDI', '2OjZTGCw6DlaPXFhzTtHiu']
Luciano	Sido	3	['13d0lM7B8ermJVn9C1rOTD', '5GQFx7UzCJOQZEqKjTepaY', '6tO2gGDNKJXX9HCnYidIvj']
Travis Scott	Young Thug	3	['7DcvwMAiqKJQD1rrdfxSDx', '56AMYGJzxBO6p8v0wEe9de', '3s4mrPrEFFPF0LmAfutW0n']
Agnes	Avicii	3	['0uxDHazXSSu9bSZ28LsnAN', '1yfyIdEw5U2bD5I6gxQCxW', '4XZxalvnG4Yo8YZLuiT1kV']
Agnes	Vargas & Lagola	3	['0uxDHazXSSu9bSZ28LsnAN', '1yfyIdEw5U2bD5I6gxQCxW', '4XZxalvnG4Yo8YZLuiT1kV']
Avicii	Vargas & Lagola	3	['0uxDHazXSSu9bSZ28LsnAN', '1yfyIdEw5U2bD5I6gxQCxW', '4XZxalvnG4Yo8YZLuiT1kV']
AK Ausserkontrolle	Fux Ausserkontrolle	3	['2JS092vCPL1ShGATV5WYLZ', '1brGZSwRGMoIMOmPI6BrS4', '0JL9XjW69Y3RIJoedsjYBe']
DJ Snake	J Balvin	3	['6osaMSJh9NguagEDQcZaKx', '1f38Gx6xQz6r4H1jGVNBJo', '1fBXSMOusjaj7GjzErHmUI']
DJ Snake	Tyga	3	['6osaMSJh9NguagEDQcZaKx', '1f38Gx6xQz6r4H1jGVNBJo', '1fBXSMOusjaj7GjzErHmUI']
Brendon Urie	Taylor Swift	3	['4MsUsFfWseB9M2plGJyuIw', '2Rk4JlNc2TPmZe2af99d45', '4Sib57MmYGJzSvkW84jTwh']
Asche	Kollegah	3	['32bW7B954YY6p2JuKaf4JP', '4hlgquvF9ttbq61cPUl3E9', '6muFoXcoMngQlHGW8I0azF']
Ghetto Phénomène	RAF Camora	3	['5NODKGJfR0ztEHlmOZqdVu', '1WqsQ3hjFZ1JOWWklngh5T', '1WtdirsTQdZzndykSl7aQr']
Kontra K	RAF Camora	3	['1imtCbjVIxYIkurjkye7Dg', '16GARE1mc0ZtTembNdMMXO', '6mUGF0w6dkOcEosV0EpKWm']
Ed Sheeran	Stormzy	3	['07s9NNOT0sZQp7TyolLLgu', '1AI7UPw3fgwAFkvAlZWhE0', '4QPEwDdOMhY7rNS05mTyMR']
Capital Bra	Luciano	3	['4Rif4wqdvzy84dhP1apC4Y', '6WkbQW89dlU7z6Tr99P0nl', '5P8EPCYTLW2bR4PanlvEpI']
Luciano	Nimo	3	['4Rif4wqdvzy84dhP1apC4Y', '2B1hRfTwS9HtP1MxAma1nu', '0RMrNZG8THmtHXU90tfsQY']
Luciano	Samra	3	['4Rif4wqdvzy84dhP1apC4Y', '2QmkQBc5x7AfKh8nv8MIX9', '0EDSU9JYeKABA14OcOuM7b']
Post Malone	Travis Scott	3	['4Yq3XUNfWrAPWuB94qkC09', '0b6UoVjUzFyZNpHI0aAhKt', '7CZyCXKG6d5ALeq41sLzbw']
Luciano	Ufo361	3	['7MqL7uh6zGd8x0B9srz3r0', '7uwtPiqUx9Grd1bzhFEDk3', '1e9QSdX5uLUw6vbrkZJyXi']
Goodboys	MEDUZA	3	['1DFD5Fotzgn6yYXkYsKiGs', '7CHi4DtfK4heMlQaudCuHK', '5p1ex0pXv6jSPJ6QbumQpD']
Data Luv	Ufo361	3	['5HaEwK6Oml3ofO2XXSMEsV', '6TuGkIbjoI6yXIkgdJ1q0u', '7yosVOH7pRWrKANBDbsBqI']
Offset	Tyga	3	['5IaHrVsrferBYDm0bDyABy', '2toVe5hfuIi97ytDPDbQFt', '0jAfdqv18goRTUxm3ilRjb']
Gallo Nero	LX	3	['5IG08srHq9HrBt7Fbsxdz1', '6vqwNBT87x37nNvfmuNTaJ', '4okbXrQBKk6BBhiQm3BX5m']
Gallo Nero	Maxwell	3	['5IG08srHq9HrBt7Fbsxdz1', '6vqwNBT87x37nNvfmuNTaJ', '4okbXrQBKk6BBhiQm3BX5m']
Luciano	Summer Cem	3	['1hrHUEYoVBC1hNCXkX7tIA', '3I0FLq3MqViqahFskPnmsG', '3QIrkRSTz3yPd44HzN6qJr']
Azet	Nash	3	['24LJZM0JrskDYhwA6E7Cq5', '5dhon2CluRK2u1m8hJHmk6', '7Kl0tRgiMu5USwbZM5274a']
Fler	Mosenu	3	['0zSmmV4cN7x83LZfIFe56I', '2rOyEDTKCwjWWIN0RgJmgZ', '7y2XkKD6gri7bmzI9fTO3j']
Bushido	Capital Bra	3	['3nwG4L1J4a8MXq4R01Hilb', '4gS5rKGbcgXsSMXGmwzBl6', '0eKKoqxVuKTQAfzNXlCeCD']
18 Karat	Gzuz	2	['75BkOj9E4rIerxcXwFMcsX', '5z0q9WOo824TY9JeyFKEKz']
Lil Baby	Meek Mill	2	['0hGH0S74Eoyv6mXZcOKtdQ', '12Fkyg9lpmaz2zmKOfw2Y2']
Lil Baby	Post Malone	2	['0hGH0S74Eoyv6mXZcOKtdQ', '12Fkyg9lpmaz2zmKOfw2Y2']
Meek Mill	Post Malone	2	['0hGH0S74Eoyv6mXZcOKtdQ', '12Fkyg9lpmaz2zmKOfw2Y2']
Daddy Yankee	Snow	2	['5w9c2J52mkdntKOmRLeM2m', '4au7FRcgZzChASRYu279xH']
Capital Bra	SDP	2	['2vuFdbSOLje3khV4rLSEpm', '1twCDBPDERLBAYFhGjmNfI']
Kontra K	Veysel	2	['0Cy2x4vkNHiZ2Z3XiZE5Yu', '5kLUig6aFQQzY1n2TKzzYD']
Jamule	PA Sports	2	['5vXpHfsHhBQRVv4w8uq2Bn', '0AeT2F0Hj81HIpdbJVj3zB']
Loredana	MERO	2	['2d3WpbJFBND2vwMJyULdfU', '1skUhc3JS3jLCfugI3gm41']
Eno	Noah	2	['2RbFll9Hk60MnIhiVwmgGW', '15mOiiGu0TPiiBTKB4WYm7']
Eno	Luciano	2	['5P8EPCYTLW2bR4PanlvEpI', '5ulqjoNU7f4DpSlfDVLKPi']
A Boogie Wit da Hoodie	Tyga	2	['0Zl4G9qcdXV5hVhdOirNHG', '0jAfdqv18goRTUxm3ilRjb']
Eminem	Logic	2	['0Lw6aQcBFWTQ9m4MSwwwes', '2MuMD298IpYqKF367wegUd']
Ed Sheeran	Khalid	2	['4evmHXcjt3bTUHD1cvny97', '70eFcWOvlMObDhURTqT4Fv']
RIN	Ufo361	2	['3KrO46R3xnMaG7a7rJYcsm', '1x4MJYA9mJRph3fygU51K4']
Fatal	LX	2	['5cvYlcirJE7ALU7Y65UtYk', '15hozX1BAMMndIG7ovyDZ7']
Fatal	Maxwell	2	['5cvYlcirJE7ALU7Y65UtYk', '15hozX1BAMMndIG7ovyDZ7']
King Khalil	M.O.030	2	['6Xt6kg1kGrZCi4gJhijxeT', '51pBoDMHvBHR6TmD09OAz7']
Lil Lano	M.O.030	2	['6Xt6kg1kGrZCi4gJhijxeT', '51pBoDMHvBHR6TmD09OAz7']
Luciano	RIN	2	['2u7WWxwkTkLg45DsjoyiEL', '5GQFx7UzCJOQZEqKjTepaY']
Joshi Mizu	Kontra K	2	['49oZQkPPuqOMaZbn2fdEzr', '13DDFs9XmT2eQOKvtCgLKO']
Chris Brown	Drake	2	['6XHVuErjQ4XNm6nDPVCxVX', '7FEwp8BavoEVE3AnxJDchc']
J. Cole	Travis Scott	2	['7DcvwMAiqKJQD1rrdfxSDx', '3s4mrPrEFFPF0LmAfutW0n']
J. Cole	Young Thug	2	['7DcvwMAiqKJQD1rrdfxSDx', '3s4mrPrEFFPF0LmAfutW0n']
Dardan	Mozzik	2	['6kpOQJOBX0TjGkJk7oX7Pw', '4TjmfF75itaRUUA0qnIrah']
Lena	Nico Santos	2	['3jCMdvc8bFOKChETbFV9Zc', '5Pwu8NkDhEkObPp8TvHMUn']
Billie Eilish	Khalid	2	['1NJcg626wLln4pGHpiV7mf', '0u2P5u6lvoDfwTYjAADbn4']
Alok	Felix Jaehn	2	['6PqUdUGS4h5aGY7YyEGXr8', '4Cy5f4JsH1yoeGks7FnoHw']
Alok	The Vamps	2	['6PqUdUGS4h5aGY7YyEGXr8', '4Cy5f4JsH1yoeGks7FnoHw']
Felix Jaehn	The Vamps	2	['6PqUdUGS4h5aGY7YyEGXr8', '4Cy5f4JsH1yoeGks7FnoHw']
Monchi	Sido	2	['1sGorUUJzayxTA5JF2Yt8c', '2HMJpY1ZovzzuakKnDydyk']
Yung Hurn	reezy	2	['6t8LnB9YsIqkDZpxOCKu8m', '6pGmYoIrW5wOSzcBvDXEdA']
Ardian Bujupi	Fero47	2	['3ld409h4DdrdPJzEdeU1WS', '1jcgbCEa1Et4MEKk0XiWRu']
Disclosure	Khalid	2	['0rTV5WefWd1J3OwIheTzxM', '6TqXcAFInzjp0bODyvrWEq']
Travis Barker	YUNGBLUD	2	['4mGdjNMo0RonTlOEb7cYg4', '2gTdDMpNxIRFSiu7HutMCg']
A Boogie Wit da Hoodie	Olexesh	2	['0bdi6wVy9Z8Mcc0ANgbiDl', '6zlN9hdSdKgpP5E6lXtXPx']
Chris Brown	Tyga	2	['1jlnBQGP2DtSEhMgQaz7a7', '4Q8aDd3H6LF8t4eY7So9O8']
Gringo	Kontra K	2	['7mrClB0l1xVYYiPZwC5h6U', '7IVLiAb66C4AeLJWKHZMfB']
Celo & Abdi	Olexesh	2	['5K1jztd5hlfmlPIRyVT4jf', '2Tidd473qI44pMi5eV3lFg']
Game of Thrones	SZA	2	['4cbdPT6uaBOgOQe3fLMofl', '35RDmXJ59YYGNlv1KfTGsP']
Game of Thrones	The Weeknd	2	['4cbdPT6uaBOgOQe3fLMofl', '35RDmXJ59YYGNlv1KfTGsP']
Game of Thrones	Travis Scott	2	['4cbdPT6uaBOgOQe3fLMofl', '35RDmXJ59YYGNlv1KfTGsP']
SZA	The Weeknd	2	['4cbdPT6uaBOgOQe3fLMofl', '35RDmXJ59YYGNlv1KfTGsP']
SZA	Travis Scott	2	['4cbdPT6uaBOgOQe3fLMofl', '35RDmXJ59YYGNlv1KfTGsP']
The Weeknd	Travis Scott	2	['4cbdPT6uaBOgOQe3fLMofl', '35RDmXJ59YYGNlv1KfTGsP']
KC Rebell	RAF Camora	2	['3GmfHF5RUe6r5C9UbvIXQp', '6mUGF0w6dkOcEosV0EpKWm']
Lil Lano	Sami	2	['0cxUfUaCeTLePcCHTkawkR', '2KcUP4ALV0XSAbwyslORjb']
Ed Sheeran	Yebba	2	['5ug4vqGZ3eisGhY1IsziNX', '0VsGaRXR5WAzpu51unJTis']
AriBeatz	RAF Camora	2	['38KR9aB0bPkjM4gKhKr7tr', '6CH2g6h4e4Z24AeIXj0Rx9']
AriBeatz	Sofiane	2	['38KR9aB0bPkjM4gKhKr7tr', '6CH2g6h4e4Z24AeIXj0Rx9']
RAF Camora	Sofiane	2	['38KR9aB0bPkjM4gKhKr7tr', '6CH2g6h4e4Z24AeIXj0Rx9']
Bad Bunny	J Balvin	2	['25ZAibhr3bdlMCLmubZDVt', '58q2HKrzhC3ozto2nDdN4z']
Burna Boy	Ed Sheeran	2	['07s9NNOT0sZQp7TyolLLgu', '4QPEwDdOMhY7rNS05mTyMR']
Burna Boy	Stormzy	2	['07s9NNOT0sZQp7TyolLLgu', '4QPEwDdOMhY7rNS05mTyMR']
Capital Bra	Nimo	2	['4Rif4wqdvzy84dhP1apC4Y', '60yqRJXgkrPEvP977ZIOWb']
Brooks	David Guetta	2	['4Tvw0lweq9l2JPQKFbpbBQ', '4aBYzs8RxZMuqyOanNlf8I']
Gringo	KitschKrieg	2	['4Nip6oiJU24LqcUEi7u19S', '4xiCV0ztx5DrAEMSgffo8J']
Ozzy Osbourne	Post Malone	2	['4Yq3XUNfWrAPWuB94qkC09', '7CZyCXKG6d5ALeq41sLzbw']
Ozzy Osbourne	Travis Scott	2	['4Yq3XUNfWrAPWuB94qkC09', '7CZyCXKG6d5ALeq41sLzbw']
King Khalil	Payman	2	['6HbHq2Zt8IaZgcRgg47kUw', '69hQCNfCCCbTw6980L74FG']
King Khalil	Sami	2	['6HbHq2Zt8IaZgcRgg47kUw', '69hQCNfCCCbTw6980L74FG']
Payman	Sami	2	['6HbHq2Zt8IaZgcRgg47kUw', '69hQCNfCCCbTw6980L74FG']
Kool Savas	Samra	2	['6YDafSaQ26Nr1pb7rNQaIC', '406zkeKglOewTtDKfOo7FP']
Samra	Sido	2	['6YDafSaQ26Nr1pb7rNQaIC', '406zkeKglOewTtDKfOo7FP']
Summer Cem	reezy	2	['2TyyKx8M5Pquu968QUu8Tr', '1s0nANz8q6gEZOms034GbU']
Jamule	Kianush	2	['4ihNy4Zb73oXgGBUT7I1s4', '6Mh8pbqMleIxio197Ps5sp']
Johannes Oerding	Sido	2	['56epjqn9SL1hcduovvV4ZJ', '7BQPDR1Zze52cysgBnUC3X']
Kool Savas	Nessi	2	['4y8xXLG9O3Rbl6e1KaNRTG', '4CJKZGVo4QZH9r6fNXPWDV']
SOTT	Soufian	2	['3KDBp1yf545SNMIGdIdkRE', '72YrAZb1D0YBGjnJbXsjsJ']
Hava	Nimo	2	['6416zJN0FGPmh1Ph4BH2h3', '1B89LtaW92jj4AqT7OZ0Fj']
Azet	Miami Yacine	2	['4l39FpxE1Gq0G6T2wMaabb', '5bWb0lSKQzqlRbq6lonxl7']
Bausa	RIN	2	['41wZE5FpxbPaZqXtlmBhPG', '4OVF6uwZlMOSlZmHDnwliX']
Dardan	Eno	2	['5qsZsF5d8rzzdYl2UkEZUz', '2nvmHDiEWXRzS6FUDzUhVL']
Lil Lano	Trippie Boi	2	['6z8H5ovEoLoP85jm6bb0Jv', '51pBoDMHvBHR6TmD09OAz7']
Brendon Urie	Panic! At The Disco	2	['4MsUsFfWseB9M2plGJyuIw', '2Rk4JlNc2TPmZe2af99d45']
Panic! At The Disco	Taylor Swift	2	['4MsUsFfWseB9M2plGJyuIw', '2Rk4JlNc2TPmZe2af99d45']
Chance the Rapper	Ed Sheeran	2	['543bCW2ruMPmxUBWirQ3MR', '4wuCQX7JvAZLlrcmH4AeZF']
Chance the Rapper	PnB Rock	2	['543bCW2ruMPmxUBWirQ3MR', '4wuCQX7JvAZLlrcmH4AeZF']
Ed Sheeran	PnB Rock	2	['543bCW2ruMPmxUBWirQ3MR', '4wuCQX7JvAZLlrcmH4AeZF']
Gunna	Ufo361	2	['68IrchnixOcPeFcgpJc4hD', '4e3VIoNlhRV6seqSAerKtG']
KALIM	Luciano	2	['2jz6EVNVahK9xHlahxLe2n', '7FpMKHQtl1CHqssSwIUWhx']
Bonn	Martin Garrix	2	['1ahVFh0ViDZr8LvkEVlq3B', '4ut5G4rgB1ClpMTMfjoIuy']
Henning May	Juju	2	['1SSzM044DUbVpYNNHWIhYJ', '07f2b3CTdgKKlhv0mqUksz']
BEKA	Sido	2	['6MGeF4nX2Ty408EjLGNtqc', '2AtEv9f0EG3zo3YTLnmQNk']
BEKA	YONII	2	['6MGeF4nX2Ty408EjLGNtqc', '2AtEv9f0EG3zo3YTLnmQNk']
Sido	YONII	2	['6MGeF4nX2Ty408EjLGNtqc', '2AtEv9f0EG3zo3YTLnmQNk']
Gallo Nero	Gzuz	2	['6vqwNBT87x37nNvfmuNTaJ', '4okbXrQBKk6BBhiQm3BX5m']
Camila Cabello	Shawn Mendes	2	['0TK2YIli7K1leLovkQiNik', '6v3KW9xbzN5yKLt9YKDYA2']
Fall Out Boy	Macklemore	2	['7Feaw9WAEREY0DUOSXJLOM', '40OMBMYRk5IQL6xCzGM0JA']
Fall Out Boy	Martin Garrix	2	['7Feaw9WAEREY0DUOSXJLOM', '40OMBMYRk5IQL6xCzGM0JA']
Macklemore	Martin Garrix	2	['7Feaw9WAEREY0DUOSXJLOM', '40OMBMYRk5IQL6xCzGM0JA']
Tyga	YG	2	['1kK6DwzyXJSp58u5HYWwuD', '51wFQM8W0YfXTmHusXUr5i']
Bela B.	SDP	2	['2atQ4xja44Dk3Q7qCyYas1', '5ZCZ3lDSXCS6qBD2k3DQyK']
Dan Caplen	Jess Glynne	2	['5CLGzJsGqhCEECcpnFQA8x', '20ZP3Om9DvDazXrNUC7WM2']
Dan Caplen	Macklemore	2	['5CLGzJsGqhCEECcpnFQA8x', '20ZP3Om9DvDazXrNUC7WM2']
Dan Caplen	Rudimental	2	['5CLGzJsGqhCEECcpnFQA8x', '20ZP3Om9DvDazXrNUC7WM2']
Jess Glynne	Macklemore	2	['5CLGzJsGqhCEECcpnFQA8x', '20ZP3Om9DvDazXrNUC7WM2']
Jess Glynne	Rudimental	2	['5CLGzJsGqhCEECcpnFQA8x', '20ZP3Om9DvDazXrNUC7WM2']
Macklemore	Rudimental	2	['5CLGzJsGqhCEECcpnFQA8x', '20ZP3Om9DvDazXrNUC7WM2']
Future	Halsey	2	['2C6WXnmZ66tHhHlnvwePiK', '59PYPDxTbqJpiGfyogPb5h']
Future	Post Malone	2	['2C6WXnmZ66tHhHlnvwePiK', '59PYPDxTbqJpiGfyogPb5h']
Halsey	Post Malone	2	['2C6WXnmZ66tHhHlnvwePiK', '59PYPDxTbqJpiGfyogPb5h']
Anne-Marie	Lauv	2	['4wopYJ5wpYOM6ogm2Jugnw', '322tcqPhma7F6hfCeLisx0']
Brudi030	Capital Bra	2	['1EEif6kePd2mu4c0bDbuSZ', '5h10tw9LYCWPFgqJttM2U0']
Brudi030	Kalazh44	2	['1EEif6kePd2mu4c0bDbuSZ', '5h10tw9LYCWPFgqJttM2U0']
Brudi030	Samra	2	['1EEif6kePd2mu4c0bDbuSZ', '5h10tw9LYCWPFgqJttM2U0']
Billy Ray Cyrus	Lil Nas X	2	['6u7jPi22kF8CTQ3rb9DHE7', '2YpeDb67231RjR0MgVLzsG']
Kehlani	Ty Dolla $ign	2	['7e4KQkp5ZR1gXCAalRjX6B', '6ZRuF2n1CQxyxxAAWsKJOy']
DaBaby	Post Malone	2	['0Xek5rqai2jcOWCYWJfVCF', '6UFEJuDXQMWhL5UH5f9fUR']
KC Rebell	Ufo361	2	['0LA5AHhpC6tYKUiu7HX9uS', '25J2bLknZoRzHjAO2NlfJH']
Gringo	Summer Cem	2	['70zRDnEkOhVb51fZA13khd', '0q8ztFwyDEKVaVvNQVY1Cq']
Ed Sheeran	Justin Bieber	2	['3HVWdVOQ0ZA45FuZGSfvns', '0hVXuCcriWRGvwMV1r5Yn9']
Offset	Travis Scott	2	['7pMRoGLEJuFM2wl5pt0R99', '0FZ4Dmg8jJJAPJnvBIzD9z']
Farid Bang	French Montana	2	['3Ywc4fhNqq1BZRHZbnvHqX', '1IBUPdwV9TvaipSODdt8QY']
Farid Bang	Khaled	2	['3Ywc4fhNqq1BZRHZbnvHqX', '1IBUPdwV9TvaipSODdt8QY']
French Montana	Khaled	2	['3Ywc4fhNqq1BZRHZbnvHqX', '1IBUPdwV9TvaipSODdt8QY']
Gallo Nero	RAF Camora	2	['6gyZvTKR37xdESv3OEetaw', '5FlVWM4jmo1Lstc4TLJSex']
Diplo	LSD	2	['2c7GlMNmF7pbohjykutmLP', '3Y7a0typ6ik1KscmebXd6D']
Diplo	Labrinth	2	['2c7GlMNmF7pbohjykutmLP', '3Y7a0typ6ik1KscmebXd6D']
Diplo	Sia	2	['2c7GlMNmF7pbohjykutmLP', '3Y7a0typ6ik1KscmebXd6D']
LSD	Labrinth	2	['2c7GlMNmF7pbohjykutmLP', '3Y7a0typ6ik1KscmebXd6D']
LSD	Sia	2	['2c7GlMNmF7pbohjykutmLP', '3Y7a0typ6ik1KscmebXd6D']
Labrinth	Sia	2	['2c7GlMNmF7pbohjykutmLP', '3Y7a0typ6ik1KscmebXd6D']
Bausa	reezy	2	['1UHeAx4uLuN9adiAOoxDPn', '65ABT1Rjw8P6QDo0NDNtrW']
BATU	EREN CAN	2	['2y2Y9NYYK9pSqbTIaSxu1X', '1ItmOr3tNt3Q6LCz3XPZh1']
Capital Bra	LEA	2	['67ojvEGRPAUCOohuMPqoRC', '5sdQ7VUx6GOfsRoSxnK1YG']
LEA	Samra	2	['67ojvEGRPAUCOohuMPqoRC', '5sdQ7VUx6GOfsRoSxnK1YG']
Mark Ronson	Miley Cyrus	2	['27rdGxbavYJeBphck5MZAF', '5KHzV8Gf3aweIMImliFAOs']
Farid Bang	Fler	2	['47D73GTOhMvFfRUBnVpCXJ', '0apyT7kcWPgOsMCB4FiTy0']
Ardian Bujupi	Payy	2	['6Akm8gvaz9oXXoTW5LBLFv', '3wneKl0jkJWUdOcEhlwZCg']
Moe Phoenix	PA Sports	2	['0mtaT3tbw0rTY6qIkTxpRM', '6kVy3XrulyG8BKmkw4st5N']
Jah Khalib	Kontra K	2	['1t7cJh7t5O5pgwkjZJv8pq', '0L5P9qkIOcWTFB4UrEu7BE']
Maître Gims	Shirin David	2	['1SMmpMItx8YbBiDU6UtWL5', '554Ip3S1rbeES9TNWXGoK1']
Bausa	Dardan	2	['65ABT1Rjw8P6QDo0NDNtrW', '07zfbHDB3sGLROy9jVyTLP']
Santos	Sido	1	['7lVDV1bgEsiZMssv9ydpDZ']
Erika Sirola	Robin Schulz	1	['1rCcsYnmqbMYdkG7kS9GC5']
Eartha Kitt	Henri Rene & His Orchestra	1	['1foCxQtxBweJtZmdxhEHVO']
Post Malone	Young Thug	1	['6vBdBCoOhKHiYDDOcorfNo']
Bass Sultan Hengzt	Fler	1	['64M2DKjDqp2plP3JdJ77ZL']
Manuellsen	Nura	1	['3tcOogpV0V06bXdWowbriy']
Daddy Yankee	Katy Perry	1	['4au7FRcgZzChASRYu279xH']
Katy Perry	Snow	1	['4au7FRcgZzChASRYu279xH']
Capital Bra	Gestört aber GeiL	1	['1twCDBPDERLBAYFhGjmNfI']
Gestört aber GeiL	SDP	1	['1twCDBPDERLBAYFhGjmNfI']
Bilderbuch	RIN	1	['1ewnxR1cbw5EENrHN8tiX1']
Juju	Xavier Naidoo	1	['5VO6MQGMAw8gm98JHz7mfc']
Azzi Memo	JAZN	1	['10kMLLcMUyL7jACnt5m8RB']
Jamule	Luciano	1	['1MJzx3O4tcwe7PrRWpOAb4']
Migos	Mustard	1	['63cd4JkwGgYJrbOizbfmsp']
Gringo	Veysel	1	['1AjebVX4K3KLY8Shz2gQ5A']
G-Eazy	Rich The Kid	1	['1NHlyKgtR4roNylOhidKSv']
G-Eazy	Tyga	1	['1NHlyKgtR4roNylOhidKSv']
Rich The Kid	Tyga	1	['1NHlyKgtR4roNylOhidKSv']
Shawn Mendes	Taylor Swift	1	['3i9UVldZOE0aD0JnyfAZZ0']
Capital Bra	Ufo361	1	['7ecGSqT8Ulbzhs5QwgWGVN']
Aya Nakamura	Loredana	1	['5PBNu79LTOfx1vM1MdxHxP']
Kontra K	Xavier Naidoo	1	['0dME4tJbBf9SUI2uZHTHs1']
A Touch Of Class	R3HAB	1	['02itaCXOdC54J0ISjqqFAp']
Capital Bra	Gringo	1	['2QPyhgmVuQ9baEval2D46C']
Capital Bra	HK	1	['2QPyhgmVuQ9baEval2D46C']
Gringo	Kalazh44	1	['2QPyhgmVuQ9baEval2D46C']
HK	Kalazh44	1	['2QPyhgmVuQ9baEval2D46C']
Frizzo	Soufian	1	['0alzVgtzreovus3uzNbWwT']
RANI	Sam Feldt	1	['36orMWv2PgvnzXsd5CJ0yL']
Emily Roberts	GAMPER & DADONI	1	['6sYJuVcEu4gFHmeTLdHzRz']
Gringo	KC Rebell	1	['4qUjPb9J51kZ0PrGZWtpVc']
G-Eazy	Halsey	1	['5k38wzpLb15YgncyWdTZE4']
James Hype	Kelli-Leigh	1	['53SnCRcGrB2UCqNGyYZhJD']
CHVRCHES	Marshmello	1	['5icOoE6VgqFKohjWWNp0Ac']
Mabel	Tiësto	1	['6fenHIxXuuzKB55wY4WCHP']
Cardi B	Lil Nas X	1	['4ak7xjvBeBOcJGWFDX9w5n']
Shirin David	Xavier Naidoo	1	['6hh1ikcv3CPsq3a7e9ItNR']
Gunna	Lil Mosey	1	['7iHHxY2NLlJRAmlAmC4ahQ']
Marshmello	YUNGBLUD	1	['7jzldCBnJjpJM3epzJ85KE']
Marshmello	blackbear	1	['7jzldCBnJjpJM3epzJ85KE']
YUNGBLUD	blackbear	1	['7jzldCBnJjpJM3epzJ85KE']
Eno	Moe Phoenix	1	['2K2yh8b6EAP595unnz6Vel']
102 Boyz	Addikt102	1	['7ai1PJVtdJfMl2tlXnubzH']
102 Boyz	Chapo102	1	['7ai1PJVtdJfMl2tlXnubzH']
102 Boyz	Stacks102	1	['7ai1PJVtdJfMl2tlXnubzH']
Addikt102	Chapo102	1	['7ai1PJVtdJfMl2tlXnubzH']
Addikt102	Stacks102	1	['7ai1PJVtdJfMl2tlXnubzH']
Chapo102	Stacks102	1	['7ai1PJVtdJfMl2tlXnubzH']
Khalid	Marshmello	1	['7vGuf3Y35N4wmASOKLUVVU']
Eunique	Mike Singer	1	['3zZ4thsaNvldGqqZz34cLc']
Macklemore	Why Don't We	1	['45ZGEdLxCZvdMX9jWlsAAx']
Eno	Jamule	1	['294iVrhzYq0Gyl1N3mSBvB']
Gringo	RAF Camora	1	['7GoQIEDTGyYLKgQv4XGkxO']
Dardan	Pietro Lombardi	1	['3TRhqR8iMV4ZZko3dDnCJW']
Bonez MC	Malik Montana	1	['61u7CLDwOodpdENZTTsxUd']
Malik Montana	Milonair	1	['61u7CLDwOodpdENZTTsxUd']
Filmový symfonický orchestr	Stepan Konicek	1	['7qRBiX2P5wDMD5wkXEsRMD']
Capital Bra	King Khalil	1	['4kAIdBQEmb1M9ryd9tNSCD']
Janieck	Senex	1	['7M9w4C8WenlvWfNRAulZOX']
Janieck	Younotus	1	['7M9w4C8WenlvWfNRAulZOX']
Senex	Younotus	1	['7M9w4C8WenlvWfNRAulZOX']
Eno	XATAR	1	['77d3N0Xoqdfs790c9oO5fL']
DJ Khaled	SZA	1	['0BnTBAGmr9FtYwkZrwKhwS']
Kool Savas	Moe Phoenix	1	['291NfYHWvTXSrhQlpb8mOY']
Kool Savas	ToTheMoon	1	['291NfYHWvTXSrhQlpb8mOY']
Moe Phoenix	ToTheMoon	1	['291NfYHWvTXSrhQlpb8mOY']
Luciano	Mozzik	1	['5qnQkyqNBUkO7t72EytFxi']
Kane Brown	Marshmello	1	['4hPpVbbakQNv8YTHYaOJP4']
Loredana	Miksu / Macloud	1	['63pQ2DG91CD8m2GnrvNlRJ']
Imanbek	SAINt JHN	1	['24Yi9hE78yPEbZ4kxyoXAI']
RIN	Sido	1	['5GQFx7UzCJOQZEqKjTepaY']
Anuel AA	Daddy Yankee	1	['2ksOAxtIxY8yElEWw8RhgK']
Anuel AA	J Balvin	1	['2ksOAxtIxY8yElEWw8RhgK']
Anuel AA	KAROL G	1	['2ksOAxtIxY8yElEWw8RhgK']
Anuel AA	Ozuna	1	['2ksOAxtIxY8yElEWw8RhgK']
Daddy Yankee	J Balvin	1	['2ksOAxtIxY8yElEWw8RhgK']
Daddy Yankee	KAROL G	1	['2ksOAxtIxY8yElEWw8RhgK']
Daddy Yankee	Ozuna	1	['2ksOAxtIxY8yElEWw8RhgK']
J Balvin	KAROL G	1	['2ksOAxtIxY8yElEWw8RhgK']
J Balvin	Ozuna	1	['2ksOAxtIxY8yElEWw8RhgK']
KAROL G	Ozuna	1	['2ksOAxtIxY8yElEWw8RhgK']
Alle Farben	Sarah Connor	1	['4CtfbUdhfOfquWpU7MmxpK']
Jungleboi	R3HAB	1	['2zJms5D9VSUYjc9y3VJR3q']
Jungleboi	ZAYN	1	['2zJms5D9VSUYjc9y3VJR3q']
R3HAB	ZAYN	1	['2zJms5D9VSUYjc9y3VJR3q']
MAX	Quinn XCII	1	['2tOOcDDYkh0PSjr6GwPEAJ']
Bad Bunny	Drake	1	['116H0KvKr2Zl4RPuVBruDO']
Beatgees	Namika	1	['0LH2h4pwiX1iY3KDuONOb6']
Lil Pump	Lil Wayne	1	['6flur5o18COKeafnjLHRiJ']
Noah	Ra'is	1	['1LK1THOpF8Ul8rHeL2Ws9C']
JAZN	Jigzaw	1	['7FYjrLXjsfYlPNtkFZuDbq']
Gzuz	Milonair	1	['5DxaAzPRcPW6Cz7CTNVSat']
Dardan	Patron	1	['6n59qy5X4m45RZevoQU3Yk']
Cyril aka Aaron Hilmer	LEA	1	['5psDugCQ2V8uayDeSuTvdD']
Kanye West	Lil Pump	1	['4S8d14HvHb70ImctNgVzQQ']
BTS	Lil Nas X	1	['6woeVu3fVMflqen1t4N6pg']
BTS	RM	1	['6woeVu3fVMflqen1t4N6pg']
Lil Nas X	RM	1	['6woeVu3fVMflqen1t4N6pg']
Gesaffelstein	The Weeknd	1	['7wFybC8jBH3zE139OpCtpG']
Casper	Dendemann	1	['2Sluzpm6rMVnXtKLUaWfrD']
Camila Cabello	DaBaby	1	['3yOlyBJuViE2YSGn3nVE1K']
Halsey	Travis Barker	1	['4mGdjNMo0RonTlOEb7cYg4']
Halsey	YUNGBLUD	1	['4mGdjNMo0RonTlOEb7cYg4']
Gunna	Travis Scott	1	['56AMYGJzxBO6p8v0wEe9de']
Gunna	Young Thug	1	['56AMYGJzxBO6p8v0wEe9de']
Nimo	Olexesh	1	['5prGTLP3EeAVa7UFXkwF4d']
Becky G	David Guetta	1	['4dSoDnmR9opAQ8KxUc9SbC']
Becky G	Sean Paul	1	['4dSoDnmR9opAQ8KxUc9SbC']
David Guetta	Sean Paul	1	['4dSoDnmR9opAQ8KxUc9SbC']
A$AP Rocky	Skepta	1	['7ycWLEP1GsNjVvcjawXz3z']
Dynoro	Gigi D'Agostino	1	['0E9ZjEAyAwOXZ7wJC0PD33']
Bing Crosby	John Scott Trotter & His Orchestra	1	['4so0Wek9Ig1p6CRCHuINwW']
Bing Crosby	Ken Darby Singers	1	['4so0Wek9Ig1p6CRCHuINwW']
John Scott Trotter & His Orchestra	Ken Darby Singers	1	['4so0Wek9Ig1p6CRCHuINwW']
Nura	Trettmann	1	['5SjeePcIepdfjKVHM3tfw1']
Bruno Mars	Chris Stapleton	1	['7hvO2qCwJVZxiyoA7c9i5d']
Bruno Mars	Ed Sheeran	1	['7hvO2qCwJVZxiyoA7c9i5d']
Chris Stapleton	Ed Sheeran	1	['7hvO2qCwJVZxiyoA7c9i5d']
Celo & Abdi	Jigzaw	1	['5tPmJ6GY2SXSQycwrvAbIQ']
KC Rebell	Veysel	1	['00IN4udXTO3vzkpBCz5Dmu']
5 Seconds of Summer	The Chainsmokers	1	['11cDEev79fPKi6uJCjUhu8']
Billie Eilish	Justin Bieber	1	['3yNZ5r3LKfdmjoS3gkhUCT']
Chris Brown	Marshmello	1	['4Q8aDd3H6LF8t4eY7So9O8']
Marshmello	Tyga	1	['4Q8aDd3H6LF8t4eY7So9O8']
Gringo	Puls	1	['7IVLiAb66C4AeLJWKHZMfB']
Kontra K	Puls	1	['7IVLiAb66C4AeLJWKHZMfB']
BLACKPINK	Dua Lipa	1	['13hvHEstJ4sNbzdroPrPI3']
Calvin Harris	Rag'n'Bone Man	1	['5itOtNx0WxtJmi1TQ3RuRd']
Nura	Remoe	1	['7MlQrxSlPiZzCDTRr1tMXd']
Elias	KC Rebell	1	['68UANypnmCwZIk7ju8Him8']
Asche	Farid Bang	1	['6muFoXcoMngQlHGW8I0azF']
Farid Bang	Kollegah	1	['6muFoXcoMngQlHGW8I0azF']
J Balvin	Selena Gomez	1	['1WSGTYKLEpKfNQYYW5Oymt']
J Balvin	Tainy	1	['1WSGTYKLEpKfNQYYW5Oymt']
J Balvin	benny blanco	1	['1WSGTYKLEpKfNQYYW5Oymt']
Selena Gomez	Tainy	1	['1WSGTYKLEpKfNQYYW5Oymt']
Selena Gomez	benny blanco	1	['1WSGTYKLEpKfNQYYW5Oymt']
Tainy	benny blanco	1	['1WSGTYKLEpKfNQYYW5Oymt']
Azzi Memo	Nimo	1	['4mGxpq4nAOz9ZHe7GmPcgO']
Ariana Grande	Nicki Minaj	1	['7vJS1DPc3FzBtqBs8n3mW5']
Ariana Grande	Normani	1	['7vJS1DPc3FzBtqBs8n3mW5']
Nicki Minaj	Normani	1	['7vJS1DPc3FzBtqBs8n3mW5']
6ix9ine	Murda Beatz	1	['4QIyEq7TcTdAcxjI2AFlAK']
6ix9ine	Nicki Minaj	1	['4QIyEq7TcTdAcxjI2AFlAK']
Murda Beatz	Nicki Minaj	1	['4QIyEq7TcTdAcxjI2AFlAK']
KC Rebell	Kontra K	1	['6mUGF0w6dkOcEosV0EpKWm']
Darell	Sech	1	['1Ej96GIBCTvgH7tNX1r3qr']
Nura	Seeed	1	['4Qt7LInzG4ruqcIrowldhg']
18 Karat	Farid Bang	1	['2RXURiVJtfaXx6DeibL43f']
Jamule	reezy	1	['2gbqdgCyhYusXNfeykpAuL']
Kontra K	Ufo361	1	['2BKwGQZ5OMMFw0HjRC955p']
Cardi B	French Montana	1	['7x9nXsowok1JszkVztI5NI']
Cardi B	Post Malone	1	['7x9nXsowok1JszkVztI5NI']
Cardi B	Rvssian	1	['7x9nXsowok1JszkVztI5NI']
French Montana	Post Malone	1	['7x9nXsowok1JszkVztI5NI']
French Montana	Rvssian	1	['7x9nXsowok1JszkVztI5NI']
Post Malone	Rvssian	1	['7x9nXsowok1JszkVztI5NI']
Cardi B	Maroon 5	1	['7fa9MBXhVfQ8P8Df9OEbD8']
AK Ausserkontrolle	Capital Bra	1	['3lr7xUKPIBRmOWwGY2JNSH']
AK Ausserkontrolle	Samra	1	['3lr7xUKPIBRmOWwGY2JNSH']
Kalazh44	Luciano	1	['4Rif4wqdvzy84dhP1apC4Y']
Kalazh44	Nimo	1	['4Rif4wqdvzy84dhP1apC4Y']
Nimo	Samra	1	['4Rif4wqdvzy84dhP1apC4Y']
Kygo	Valerie Broussard	1	['3Kuu5vASpXK8oRsxOvau6P']
Alle Farben	Kelvin Jones	1	['77YLeSEI8unMbZVWNUqioQ']
Alle Farben	Younotus	1	['77YLeSEI8unMbZVWNUqioQ']
Kelvin Jones	Younotus	1	['77YLeSEI8unMbZVWNUqioQ']
Brooks	Loote	1	['4Tvw0lweq9l2JPQKFbpbBQ']
David Guetta	Loote	1	['4Tvw0lweq9l2JPQKFbpbBQ']
Kool Savas	Nico Santos	1	['3kjAXxcBfqIIWA44F1JBlR']
Nico Santos	Sido	1	['3kjAXxcBfqIIWA44F1JBlR']
Grey	Maren Morris	1	['09IStsImFySgyp0pIQdqAc']
Grey	Zedd	1	['09IStsImFySgyp0pIQdqAc']
Maren Morris	Zedd	1	['09IStsImFySgyp0pIQdqAc']
Gringo	Gzuz	1	['4Nip6oiJU24LqcUEi7u19S']
Gringo	Trettmann	1	['4Nip6oiJU24LqcUEi7u19S']
Gringo	Ufo361	1	['4Nip6oiJU24LqcUEi7u19S']
Gzuz	Ufo361	1	['4Nip6oiJU24LqcUEi7u19S']
KitschKrieg	Ufo361	1	['4Nip6oiJU24LqcUEi7u19S']
Trettmann	Ufo361	1	['4Nip6oiJU24LqcUEi7u19S']
Kygo	Miguel	1	['6xTU6B6nFwKKTSZ9ySXS80']
Cro	Jamule	1	['22XKrkW2HeaLlxNDQs14iG']
Diplo	Ellie Goulding	1	['5JEx7HbmvHQQswJCsoo9rA']
Diplo	Swae Lee	1	['5JEx7HbmvHQQswJCsoo9rA']
Ellie Goulding	Swae Lee	1	['5JEx7HbmvHQQswJCsoo9rA']
Hanybal	Krime	1	['3LDYVjXSGTTKQph0tZad1F']
Ardian Bujupi	Elvana Gjata	1	['27gUK2KmhFlSdLwobN8bGu']
Ardian Bujupi	Moe Phoenix	1	['6n39IzCJ6O6utv65Lcku6X']
Mois	Sinan-G	1	['3wIiOLVkKPiObIHMm5Bm5e']
Post Malone	Roddy Ricch	1	['0fcq51a3gOI6gPvzc0YLsk']
Post Malone	Tyga	1	['0fcq51a3gOI6gPvzc0YLsk']
Roddy Ricch	Tyga	1	['0fcq51a3gOI6gPvzc0YLsk']
Amber Van Day	HUGEL	1	['0gn93i7HJt0calph67R5Wu']
Jamule	Kool Savas	1	['4kNVt4uMKI9x53wnuYfWd3']
Lauv	Troye Sivan	1	['7COXchtUOMd6uIT6HvmRaI']
Lil Baby	Luciano	1	['1e9QSdX5uLUw6vbrkZJyXi']
Lil Baby	Ufo361	1	['1e9QSdX5uLUw6vbrkZJyXi']
Brando	Loud Luxury	1	['7K7MUBCnzgBAvMVW2RTWNs']
Capital Bra	Juju	1	['5d35jcJj7WjDQBOHCHPY6t']
GENT	Noizy	1	['1NkqVTQmraEWbrSf19aHDL']
Anitta	Rita Ora	1	['6JqpFboOH2bq9pzaYbkKBn']
Anitta	Sofia Reyes	1	['6JqpFboOH2bq9pzaYbkKBn']
Rita Ora	Sofia Reyes	1	['6JqpFboOH2bq9pzaYbkKBn']
Gzuz	Veysel	1	['3Rq0ElVcisouAl71RtnTUS']
Galantis	OneRepublic	1	['1pfgsjmxVZhoZpeDx6POKv']
Ariana Grande	Lizzo	1	['07Oz5StQ7GRoygNLaXs2pd']
BTS	Halsey	1	['5KawlOMHjWeUjQtnuRs22c']
Gabry Ponte	LUM!X	1	['0YU17F0BlVXvmx5ytsR43w']
B. Swanson Quartet	Frank Sinatra	1	['4kKdvXD0ez7jp1296JmAts']
Getinjo	Loredana	1	['7oDWj0EAydQqkR1QXRhXUR']
Anıl Piyancı	Eno	1	['50EhJEbUDfV8KDvLwdkEbc']
Blueface	Farid Bang	1	['6kUyJHjBWQgmZo4WWW4KXt']
Blueface	Musiye	1	['6kUyJHjBWQgmZo4WWW4KXt']
Farid Bang	Musiye	1	['6kUyJHjBWQgmZo4WWW4KXt']
Kay One	Leon Machère	1	['0eQnRxB0jS7uG3sLNpYoMB']
Kay One	Tilly	1	['0eQnRxB0jS7uG3sLNpYoMB']
Leon Machère	Tilly	1	['0eQnRxB0jS7uG3sLNpYoMB']
Capital Bra	Capital T	1	['3LMQL9CSxvUP2m8FeFszP6']
Bad Bunny	Cardi B	1	['58q2HKrzhC3ozto2nDdN4z']
Cardi B	J Balvin	1	['58q2HKrzhC3ozto2nDdN4z']
David Guetta	RAYE	1	['4YhN72dRYL2Z3MsaKyT7rS']
FiNCH ASOZiAL	Harris & Ford	1	['35WEFAhw47XLju1gu40cjT']
Chelsea Cutler	Kygo	1	['6aoGtdWXBkYQ2O2wnyIz2x']
Bausa	Joshi Mizu	1	['1E1YyZjbteIz2XQyLvtRxD']
Bausa	Maxwell	1	['1E1YyZjbteIz2XQyLvtRxD']
Bausa	The Cratez	1	['1E1YyZjbteIz2XQyLvtRxD']
Joshi Mizu	Maxwell	1	['1E1YyZjbteIz2XQyLvtRxD']
Joshi Mizu	The Cratez	1	['1E1YyZjbteIz2XQyLvtRxD']
Maxwell	The Cratez	1	['1E1YyZjbteIz2XQyLvtRxD']
K-Fly	McN	1	['2zHE0o0usK9B9rVhB7zQu6']
Chris Brown	Ink	1	['7ILEWkpfdK6AjH2D7jppWk']
Chris Brown	Justin Bieber	1	['7ILEWkpfdK6AjH2D7jppWk']
Ink	Justin Bieber	1	['7ILEWkpfdK6AjH2D7jppWk']
Boz	Cr7z	1	['6AqtDH1hWlXcvJeo0gaKs2']
Boz	Daev Yung	1	['6AqtDH1hWlXcvJeo0gaKs2']
Boz	Infinit	1	['6AqtDH1hWlXcvJeo0gaKs2']
Boz	Kool Savas	1	['6AqtDH1hWlXcvJeo0gaKs2']
Boz	Olli Banjo	1	['6AqtDH1hWlXcvJeo0gaKs2']
Cr7z	Daev Yung	1	['6AqtDH1hWlXcvJeo0gaKs2']
Cr7z	Infinit	1	['6AqtDH1hWlXcvJeo0gaKs2']
Cr7z	Kool Savas	1	['6AqtDH1hWlXcvJeo0gaKs2']
Cr7z	Olli Banjo	1	['6AqtDH1hWlXcvJeo0gaKs2']
Daev Yung	Infinit	1	['6AqtDH1hWlXcvJeo0gaKs2']
Daev Yung	Kool Savas	1	['6AqtDH1hWlXcvJeo0gaKs2']
Daev Yung	Olli Banjo	1	['6AqtDH1hWlXcvJeo0gaKs2']
Infinit	Kool Savas	1	['6AqtDH1hWlXcvJeo0gaKs2']
Infinit	Olli Banjo	1	['6AqtDH1hWlXcvJeo0gaKs2']
Kool Savas	Olli Banjo	1	['6AqtDH1hWlXcvJeo0gaKs2']
Alli Neumann	KitschKrieg	1	['22ET3BvBsXcGiwxy1uXPbU']
Alli Neumann	Trettmann	1	['22ET3BvBsXcGiwxy1uXPbU']
Death Stranding: Timefall	Diplo	1	['0Z26mbSHJ1dkUu7g9DDgif']
Death Stranding: Timefall	Khalid	1	['0Z26mbSHJ1dkUu7g9DDgif']
Death Stranding: Timefall	Major Lazer	1	['0Z26mbSHJ1dkUu7g9DDgif']
Diplo	Khalid	1	['0Z26mbSHJ1dkUu7g9DDgif']
Diplo	Major Lazer	1	['0Z26mbSHJ1dkUu7g9DDgif']
Khalid	Major Lazer	1	['0Z26mbSHJ1dkUu7g9DDgif']
Jamule	KALIM	1	['2tDQeA7q6MqaMdcTX8hnMW']
AriBeatz	Fero47	1	['4oOBtATAjvsYILeALltgZw']
AriBeatz	YL	1	['4oOBtATAjvsYILeALltgZw']
Fero47	YL	1	['4oOBtATAjvsYILeALltgZw']
Adel Tawil	PEACHY	1	['5GO0ZraYzDtjpRzqMfsfLy']
Ed Sheeran	Ella Mai	1	['5T03itPFOPGGkvVPvPiyla']
El Profesor	Laura White	1	['0KOhez5W5lHIJhhlTLhCmg']
Ariana Grande	Social House	1	['0Ryd8975WihbObpp5cPW1t']
Becky Hill	Goodboys	1	['7CHi4DtfK4heMlQaudCuHK']
Becky Hill	MEDUZA	1	['7CHi4DtfK4heMlQaudCuHK']
Kay One	Pietro Lombardi	1	['5mkBSuxDpC0m5tudoaIbVR']
18 Karat	Capital Bra	1	['2dSW9ELHm5he3G6YffRgkQ']
Imagine Dragons	Kygo	1	['4M3FO0ji6Lc8vwD1sgf1nc']
Kygo	Whitney Houston	1	['6oJ6le65B3SEqPwMRNXWjY']
6ix9ine	Capo	1	['4IAVIBh9jbYN30DwpHFMD4']
6ix9ine	Farid Bang	1	['4IAVIBh9jbYN30DwpHFMD4']
6ix9ine	SCH	1	['4IAVIBh9jbYN30DwpHFMD4']
Capo	Farid Bang	1	['4IAVIBh9jbYN30DwpHFMD4']
Capo	SCH	1	['4IAVIBh9jbYN30DwpHFMD4']
Farid Bang	SCH	1	['4IAVIBh9jbYN30DwpHFMD4']
Bonez MC	Fatal	1	['5cvYlcirJE7ALU7Y65UtYk']
Fatal	Gzuz	1	['5cvYlcirJE7ALU7Y65UtYk']
Fatal	Sa4	1	['5cvYlcirJE7ALU7Y65UtYk']
Jon Z	Tyga	1	['1kK6DwzyXJSp58u5HYWwuD']
Jon Z	YG	1	['1kK6DwzyXJSp58u5HYWwuD']
Dynoro	Ina Wroldsen	1	['7p4tetW3qNwSCz92PLGJg5']
Capital Bra	Nash	1	['22X5tbeWf9jQQjl7zb63eU']
KALIM	reezy	1	['53aoMzjGtw1W6efSLygJWY']
Nimo	reezy	1	['53aoMzjGtw1W6efSLygJWY']
Jonas Blue	Rita Ora	1	['3M9Apu4OZfylLTFKvgEtKa']
Jonas Blue	Tiësto	1	['3M9Apu4OZfylLTFKvgEtKa']
Rita Ora	Tiësto	1	['3M9Apu4OZfylLTFKvgEtKa']
Selmon	Ufo361	1	['21cUGpkQZONi4EFowJqWUZ']
Jamie Cullum	Robbie Williams	1	['5mQvFCSzGQijKJMYhQ5ig0']
KUMMER	Max Raabe	1	['6ezZTpRzpz97Ke3tCS6zpH']
Bonez MC	The Cratez	1	['0WFgtxiLNr99YaoSdYR3Ud']
David Guetta	Sia	1	['66BjcDhhwWCcQIBxHMpKXh']
Jonas Blue	Lennon Stella	1	['6XqvFyJGdUD5IWee02ARKU']
Jonas Blue	Liam Payne	1	['6XqvFyJGdUD5IWee02ARKU']
Lennon Stella	Liam Payne	1	['6XqvFyJGdUD5IWee02ARKU']
Anne-Marie	Marshmello	1	['08bNPGLD8AhKpnnERrAc6G']
Camila Cabello	Mark Ronson	1	['1HpzOCZbNWzxvvXfSGtSrX']
Chris Brown	J Balvin	1	['1jlnBQGP2DtSEhMgQaz7a7']
Nash	Zuna	1	['5dhon2CluRK2u1m8hJHmk6']
Nessi	Prinz Pi	1	['4txRLLZOe2dQb0fDGhCLIo']
Dan + Shay	Justin Bieber	1	['2wrJq5XKLnmhRXHIAf9xBa']
Calvin Harris	Jessie Reyez	1	['5N5k9nd479b1xpDZ4usjrg']
Calvin Harris	Sam Smith	1	['5N5k9nd479b1xpDZ4usjrg']
Jessie Reyez	Sam Smith	1	['5N5k9nd479b1xpDZ4usjrg']
The Chainsmokers	Winona Oak	1	['4BiiOzZCrXEzHRLYcYFiD5']
French Montana	Jason Derulo	1	['2z4pcBLQXF2BXKFvd0BuB6']
Bradley Cooper	Lady Gaga	1	['2VxeLyX666F8uXCJ0dZF8B']
Bebe Rexha	David Guetta	1	['0YammaEkYSeo9vQYZ1OwS6']
Bebe Rexha	J Balvin	1	['0YammaEkYSeo9vQYZ1OwS6']
David Guetta	J Balvin	1	['0YammaEkYSeo9vQYZ1OwS6']
GENT	Kollegah	1	['5dMuxROTRzrBcvi2zrLP7M']
TJ_beastboy	Young Kira	1	['63cglibvqH3jreIaVMQa4p']
Afro Bros	Daddy Yankee	1	['0U6bQIAh6MCGo1xjbIIx2S']
Afro Bros	David Guetta	1	['0U6bQIAh6MCGo1xjbIIx2S']
Afro Bros	Dimitri Vegas	1	['0U6bQIAh6MCGo1xjbIIx2S']
Afro Bros	Dimitri Vegas & Like Mike	1	['0U6bQIAh6MCGo1xjbIIx2S']
Afro Bros	Like Mike	1	['0U6bQIAh6MCGo1xjbIIx2S']
Afro Bros	Natti Natasha	1	['0U6bQIAh6MCGo1xjbIIx2S']
Daddy Yankee	David Guetta	1	['0U6bQIAh6MCGo1xjbIIx2S']
Daddy Yankee	Dimitri Vegas	1	['0U6bQIAh6MCGo1xjbIIx2S']
Daddy Yankee	Dimitri Vegas & Like Mike	1	['0U6bQIAh6MCGo1xjbIIx2S']
Daddy Yankee	Like Mike	1	['0U6bQIAh6MCGo1xjbIIx2S']
Daddy Yankee	Natti Natasha	1	['0U6bQIAh6MCGo1xjbIIx2S']
David Guetta	Dimitri Vegas	1	['0U6bQIAh6MCGo1xjbIIx2S']
David Guetta	Dimitri Vegas & Like Mike	1	['0U6bQIAh6MCGo1xjbIIx2S']
David Guetta	Like Mike	1	['0U6bQIAh6MCGo1xjbIIx2S']
David Guetta	Natti Natasha	1	['0U6bQIAh6MCGo1xjbIIx2S']
Dimitri Vegas	Dimitri Vegas & Like Mike	1	['0U6bQIAh6MCGo1xjbIIx2S']
Dimitri Vegas	Like Mike	1	['0U6bQIAh6MCGo1xjbIIx2S']
Dimitri Vegas	Natti Natasha	1	['0U6bQIAh6MCGo1xjbIIx2S']
Dimitri Vegas & Like Mike	Like Mike	1	['0U6bQIAh6MCGo1xjbIIx2S']
Dimitri Vegas & Like Mike	Natti Natasha	1	['0U6bQIAh6MCGo1xjbIIx2S']
Like Mike	Natti Natasha	1	['0U6bQIAh6MCGo1xjbIIx2S']
Hanybal	Olexesh	1	['4zq7vF1o9gffzxoZvGa4Ih']
Hanybal	Soliana	1	['4zq7vF1o9gffzxoZvGa4Ih']
Olexesh	Soliana	1	['4zq7vF1o9gffzxoZvGa4Ih']
KALUMA	Leon Machère	1	['214Mx6MSJhtaO1uPtZGqLH']
KALUMA	Stard Ova	1	['214Mx6MSJhtaO1uPtZGqLH']
Leon Machère	Stard Ova	1	['214Mx6MSJhtaO1uPtZGqLH']
Bonez MC	Mortel	1	['2iAGuoZQ1N33SpAiGIPECI']
Helene Fischer	Robbie Williams	1	['3jKVI7aQfr11uhEOcOIwcZ']
Bruno Mars	Cardi B	1	['0PG9fbaaHFHfre2gUVo7AN']
Azet	Tokyo	1	['7wZDYZjeL4YgS0lHC7KUVv']
Kalazh44	Veysel	1	['4naKZs7gN8cZDPXev78Sfb']
Casper	Sido	1	['4cEZLUzk4qmTXBn6OI4cFV']
Ant Clemons	Kanye West	1	['24bnCCysWnbNRNUT4LpHcP']
Ant Clemons	Ty Dolla $ign	1	['24bnCCysWnbNRNUT4LpHcP']
Kanye West	Ty Dolla $ign	1	['24bnCCysWnbNRNUT4LpHcP']
Jamule	MoTrip	1	['5vXpHfsHhBQRVv4w8uq2Bn']
MoTrip	PA Sports	1	['5vXpHfsHhBQRVv4w8uq2Bn']
Noizy	RAF Camora	1	['1fyvQWmRbW81M0xXKI1Rrk']
Fler	King Khalil	1	['1BGZaiGDrczjcJzLyd88wn']
Fler	Smokepurpp	1	['1iP9MiyoHoMv2U8melStdq']
Captain Cuts	Felix Jaehn	1	['7FjZU7XFs7P9jHI9Z0yRhK']
Captain Cuts	Georgia Ku	1	['7FjZU7XFs7P9jHI9Z0yRhK']
Captain Cuts	NOTD	1	['7FjZU7XFs7P9jHI9Z0yRhK']
Felix Jaehn	Georgia Ku	1	['7FjZU7XFs7P9jHI9Z0yRhK']
Felix Jaehn	NOTD	1	['7FjZU7XFs7P9jHI9Z0yRhK']
Georgia Ku	NOTD	1	['7FjZU7XFs7P9jHI9Z0yRhK']
Post Malone	SZA	1	['2leIuE4fdcJoNMSKu5Yr7a']
Calum Scott	Felix Jaehn	1	['4KmfgzXQ1trtD2eY7CtUAP']
21 Savage	Offset	1	['7pMRoGLEJuFM2wl5pt0R99']
21 Savage	Travis Scott	1	['7pMRoGLEJuFM2wl5pt0R99']
Jonas Blue	Theresa Rex	1	['4NSW0Km5ZG60L8FthUebPJ']
Conor Maynard	Kris Kross Amsterdam	1	['3DGar7krWlmrXRFHBcQF6z']
Conor Maynard	The Boy Next Door	1	['3DGar7krWlmrXRFHBcQF6z']
Kris Kross Amsterdam	The Boy Next Door	1	['3DGar7krWlmrXRFHBcQF6z']
Camila Cabello	Cardi B	1	['4vUmTMuQqjdnvlZmAH61Qk']
Camila Cabello	Ed Sheeran	1	['4vUmTMuQqjdnvlZmAH61Qk']
Cardi B	Ed Sheeran	1	['4vUmTMuQqjdnvlZmAH61Qk']
Joyner Lucas	Logic	1	['36TO60sxDduIsO3xH8IcUh']
Juice WRLD	YoungBoy Never Broke Again	1	['6Gg1gjgKi2AK4e0qzsR7sd']
Drake	Meek Mill	1	['2IRZnDFmlqMuOrYOLnZZyc']
John Lennon	The Harlem Community Choir	1	['3zJw3rugfpVrmBeDDnUYzy']
John Lennon	The Plastic Ono Band	1	['3zJw3rugfpVrmBeDDnUYzy']
John Lennon	Yoko Ono	1	['3zJw3rugfpVrmBeDDnUYzy']
The Harlem Community Choir	The Plastic Ono Band	1	['3zJw3rugfpVrmBeDDnUYzy']
The Harlem Community Choir	Yoko Ono	1	['3zJw3rugfpVrmBeDDnUYzy']
The Plastic Ono Band	Yoko Ono	1	['3zJw3rugfpVrmBeDDnUYzy']
Capital Bra	SAMY	1	['71XGMPKmWtVxO7bGcGZhbn']
Capital Bra	XATAR	1	['71XGMPKmWtVxO7bGcGZhbn']
SAMY	XATAR	1	['71XGMPKmWtVxO7bGcGZhbn']
Olexesh	ZippO	1	['39APwU7CrTum5B7AHoRdfc']
Haftbefehl	Summer Cem	1	['4uAjp67J5kgTmuUoaSNZAV']
Drake	Rick Ross	1	['5ry2OE6R2zPQFDO85XkgRb']
Brooks	Martin Garrix	1	['4aBYzs8RxZMuqyOanNlf8I']
David Guetta	Martin Garrix	1	['4aBYzs8RxZMuqyOanNlf8I']
Capo	Undacava	1	['4k4vUYR2vNbm5Incmgpe4F']
Ariana Grande	Victoria Monét	1	['6tsOcBnaKgzK22yEiqRh8P']
Azan	KAY AY	1	['4ZOPRLgAFqr05sdXyAfJUA']
Azan	King Khalil	1	['4ZOPRLgAFqr05sdXyAfJUA']
KAY AY	King Khalil	1	['4ZOPRLgAFqr05sdXyAfJUA']
A Boogie Wit da Hoodie	Offset	1	['0jAfdqv18goRTUxm3ilRjb']
18 Karat	Brecho	1	['63tQuWV8kWc5YSFsWPWHXj']
18 Karat	Hamada	1	['63tQuWV8kWc5YSFsWPWHXj']
18 Karat	Hemso	1	['63tQuWV8kWc5YSFsWPWHXj']
18 Karat	Play69	1	['63tQuWV8kWc5YSFsWPWHXj']
Brecho	Hamada	1	['63tQuWV8kWc5YSFsWPWHXj']
Brecho	Hemso	1	['63tQuWV8kWc5YSFsWPWHXj']
Brecho	Play69	1	['63tQuWV8kWc5YSFsWPWHXj']
Hamada	Hemso	1	['63tQuWV8kWc5YSFsWPWHXj']
Hamada	Play69	1	['63tQuWV8kWc5YSFsWPWHXj']
Hemso	Play69	1	['63tQuWV8kWc5YSFsWPWHXj']
Estikay	LX	1	['55tfVeSqRDTLAFKjONxlq0']
Estikay	Maxwell	1	['55tfVeSqRDTLAFKjONxlq0']
6ix9ine	Lil Baby	1	['4m5Cd9kAbIxg6t9sMrQWtk']
18 Karat	AK Ausserkontrolle	1	['3RiJMdCsRWCG7ChWq0SsWP']
Jugglerz	Veysel	1	['5Xygw8IfTkwf1tn2InQrZB']
Laniia	VIZE	1	['0TId5TSbdcBP32haUV4Aet']
Manuellsen	Samra	1	['5KpOp5LMrJwkRdFqkILLGF']
Olexesh	Rooz	1	['2G3jaQujeCblYRIOLRxtCy']
Azad	Samra	1	['54ttt7kRHmgCxr7gHsTwmI']
BTNG	Kontra K	1	['3WImsn0B96Y23pjgGRSe9f']
Bing Crosby	The Andrews Sisters	1	['04vLj9QUXoKdRlsp3gkURo']
Capital Bra	Noah	1	['09AnFCeOwF6rXJ09Sm5K7h']
MERO	XATAR	1	['5XDyvay75QmlTKRxlfVFFg']
A Boogie Wit da Hoodie	Ed Sheeran	1	['4vIKzWqtn44umal5jXq4wE']
A Boogie Wit da Hoodie	Meek Mill	1	['4vIKzWqtn44umal5jXq4wE']
Ed Sheeran	Meek Mill	1	['4vIKzWqtn44umal5jXq4wE']
Capital Bra	Santos	1	['5BQwQDyMKyo4GCV7cDId21']
Samra	Santos	1	['5BQwQDyMKyo4GCV7cDId21']
GENT	JAZN	1	['7IZkoUltQAzW7pPwLQgUWd']
Banx & Ranx	Ella Eyre	1	['1HagMz5nWk1HmevNCBOxF3']
Banx & Ranx	Yxng Bane	1	['1HagMz5nWk1HmevNCBOxF3']
Ella Eyre	Yxng Bane	1	['1HagMz5nWk1HmevNCBOxF3']
Cro	MAJAN	1	['6mf2YhtRwQUdnORRrRQ3hP']
Fredo	Luciano	1	['5py5UZlsG3zohEOPrNvOv8']
Halsey	Khalid	1	['7FGq80cy8juXBCD2nrqdWU']
Halsey	benny blanco	1	['7FGq80cy8juXBCD2nrqdWU']
Khalid	benny blanco	1	['7FGq80cy8juXBCD2nrqdWU']
Farid Bang	Hamza	1	['3Ywc4fhNqq1BZRHZbnvHqX']
Farid Bang	Saucegod	1	['3Ywc4fhNqq1BZRHZbnvHqX']
French Montana	Hamza	1	['3Ywc4fhNqq1BZRHZbnvHqX']
French Montana	Saucegod	1	['3Ywc4fhNqq1BZRHZbnvHqX']
Hamza	Khaled	1	['3Ywc4fhNqq1BZRHZbnvHqX']
Hamza	Saucegod	1	['3Ywc4fhNqq1BZRHZbnvHqX']
Khaled	Saucegod	1	['3Ywc4fhNqq1BZRHZbnvHqX']
LX	Sugar MMFK	1	['07MPytx5xrnK6zJK5RbFSR']
Maxwell	Sugar MMFK	1	['07MPytx5xrnK6zJK5RbFSR']
Black Eyed Peas	J Balvin	1	['6cy3ki60hLwimwIje7tALf']
CALO	Olexesh	1	['5Hrk6R4O2pgcdbDUK54nfn']
Bebe Rexha	The Chainsmokers	1	['05CwHjIk71RXVU40boRMnR']
Farid Bang	Sinan-G	1	['40CRSS7EtpSTvAlYs8H9JC']
Little Mix	Nicki Minaj	1	['222B3aljXx6fFwKmFjuBED']
Kontra K	Rico	1	['34u57xNQ8LnUeb7PdIlBVO']
Kontra K	Skepsis	1	['34u57xNQ8LnUeb7PdIlBVO']
Rico	Skepsis	1	['34u57xNQ8LnUeb7PdIlBVO']
Fero47	Kazad	1	['7LVb4ZljO7779lokwBu9w4']
John Mayer	Khalid	1	['09oZ9eXQ2fo6YDrPzJqAoP']
Eno	Ezhel	1	['1EahDyajDQl5zRfmlDqpYx']
Azzi Memo	Olexesh	1	['4eAhI6EBxj6dfUKrS80l7h']
Azzi Memo	Zack Ink	1	['4eAhI6EBxj6dfUKrS80l7h']
Olexesh	Zack Ink	1	['4eAhI6EBxj6dfUKrS80l7h']
50 Cent	Ed Sheeran	1	['0AtP8EkGPn6SwxKDaUuXec']
50 Cent	Eminem	1	['0AtP8EkGPn6SwxKDaUuXec']
Ed Sheeran	Eminem	1	['0AtP8EkGPn6SwxKDaUuXec']
Kygo	Sandro Cavazza	1	['14sOS5L36385FJ3OL8hew4']
6ix9ine	A Boogie Wit da Hoodie	1	['1wJRveJZLSb1rjhnUHQiv6']
Ariana Grande	Liz Gillies	1	['6YJdPrH3i2POzu7hdHIRrb']
A Boogie Wit da Hoodie	Veysel	1	['4j9XbTUB40qVOHqapA6EMz']
John Williams	Mykola Dmytrovych Leontovych	1	['4tHqQMWSqmL6YjXwsqthDI']
Dardan	Xiara	1	['5nmVf5dSgH4A25qsev28Mi']
Clean Bandit	Demi Lovato	1	['3NuK5xMlSlB6K2Qp16zf3h']
Edin	Olexesh	1	['4gnuy9VBU2GGrN60UMB79t']
Summer Cem	Veysel	1	['1SDWa2NAPvVjLhIXDM9Zgi']
Kalash Criminel	Luciano	1	['5ZbcYWBQWoCpuVip1fmeMY']
Katy Perry	Zedd	1	['2XWjPtKdi5sucFYtVav07d']
6ix9ine	Tory Lanez	1	['6Gy7rXB6Ku5vIWC7WGWsl3']
Capo	Juju	1	['3TMW1GOB1lsmvf8er2dE8g']
Juju	Nimo	1	['3TMW1GOB1lsmvf8er2dE8g']
Miami Yacine	Zuna	1	['4l39FpxE1Gq0G6T2wMaabb']
Camélia Jordana	Namika	1	['2fUcw8H81f2XJqRfqWYW93']
Camélia Jordana	The Kingdom Choir	1	['2fUcw8H81f2XJqRfqWYW93']
Namika	The Kingdom Choir	1	['2fUcw8H81f2XJqRfqWYW93']
AriBeatz	Lacrim	1	['55dO32dZaz8E840Hy1LRVa']
AriBeatz	Nimo	1	['55dO32dZaz8E840Hy1LRVa']
Lacrim	Nimo	1	['55dO32dZaz8E840Hy1LRVa']
AnnenMayKantereit	Cro	1	['1rciHe0jRJnF3J6CuAwOH0']
AnnenMayKantereit	KitschKrieg	1	['1rciHe0jRJnF3J6CuAwOH0']
AnnenMayKantereit	Trettmann	1	['1rciHe0jRJnF3J6CuAwOH0']
Cro	KitschKrieg	1	['1rciHe0jRJnF3J6CuAwOH0']
Cro	Trettmann	1	['1rciHe0jRJnF3J6CuAwOH0']
21 Savage	Post Malone	1	['0e7ipj03S05BNilyu5bRzt']
Felix Jaehn	Miss Li	1	['7N06jo3EnV792VFaG8vuW6']
Felix Jaehn	VIZE	1	['7N06jo3EnV792VFaG8vuW6']
Miss Li	VIZE	1	['7N06jo3EnV792VFaG8vuW6']
Freschta Akbarzada	Sido	1	['1k2vj1GmBJz5O0Yvm48crP']
Dave	Ed Sheeran	1	['2qRN7PWiHRLprw4FpDeI9N']
Dave	Paulo Londra	1	['2qRN7PWiHRLprw4FpDeI9N']
Ed Sheeran	Paulo Londra	1	['2qRN7PWiHRLprw4FpDeI9N']
Lost Frequencies	The NGHBRS	1	['30K9xVNSog0DVr5ey5yVoY']
Eno	reezy	1	['68Ylu6xXrxUHfS558ZxtUT']
Capital T	King Khalil	1	['51pBoDMHvBHR6TmD09OAz7']
Capital T	Lil Lano	1	['51pBoDMHvBHR6TmD09OAz7']
Capital T	M.O.030	1	['51pBoDMHvBHR6TmD09OAz7']
Capital T	Trippie Boi	1	['51pBoDMHvBHR6TmD09OAz7']
King Khalil	Trippie Boi	1	['51pBoDMHvBHR6TmD09OAz7']
M.O.030	Trippie Boi	1	['51pBoDMHvBHR6TmD09OAz7']
Bill Pinkney	Clyde McPhatter	1	['0iyrGs4yXc2lWQCqCgCx0C']
Bill Pinkney	The Drifters	1	['0iyrGs4yXc2lWQCqCgCx0C']
Clyde McPhatter	The Drifters	1	['0iyrGs4yXc2lWQCqCgCx0C']
Clipse	Kanye West	1	['0oPOuDmmkVp3h6puekhs6P']
Clipse	Kenny G	1	['0oPOuDmmkVp3h6puekhs6P']
Kanye West	Kenny G	1	['0oPOuDmmkVp3h6puekhs6P']
Alle Farben	ILIRA	1	['2RP8Svo0pMwZXnVcmOffDw']
RAF Camora	Senidah	1	['58cWbqYLz06X69SqJiYeky']
Blake Shelton	Gwen Stefani	1	['2OQ6a4CfUeYskpTTgyawyJ']
Mitchell Ayres & His Orchestra	Perry Como	1	['2pXpURmn6zC5ZYDMms6fwa']
Mitchell Ayres & His Orchestra	The Fontane Sisters	1	['2pXpURmn6zC5ZYDMms6fwa']
Perry Como	The Fontane Sisters	1	['2pXpURmn6zC5ZYDMms6fwa']
Anne-Marie	James Arthur	1	['6mQLN3zRtAp6ovjusyYKrV']
Mois	Sun Diego	1	['4Lvu8RdqSW4uH6SHKgOfKq']
Capital Bra	Eno	1	['5P8EPCYTLW2bR4PanlvEpI']
Pietro Basile	SARAH	1	['7pRTnTxUz390qshpqtgmnd']
Jigzaw	Kollegah	1	['7iChldxEK6KNoeX1x85Tlh']
Haftbefehl	Kool Savas	1	['2xGfRJWGojhSv9VKAfjKh1']
Haftbefehl	Sido	1	['2xGfRJWGojhSv9VKAfjKh1']
LOTTE	Max Giesinger	1	['7hrPCnodGyujkPusquA8fS']
Bonez MC	Gringo	1	['3823YouAYclNSqtn7vDjgs']
Future	Travis Scott	1	['3WRIaWsws011vHMd9uzPjG']
King Khalil	Laruzo	1	['5QpHlcyM1GHJMd75tngloT']
Kollegah	Majoe	1	['2p77paMGNGKwEig9AcMpeW']
Calvin Harris	Dua Lipa	1	['7ef4DlsgrMEH11cDZd32M6']
Kontra K	Luciano	1	['1xdj09kwlmFmVONYaYyNsY']
Kontra K	The Cratez	1	['1xdj09kwlmFmVONYaYyNsY']
Luciano	The Cratez	1	['1xdj09kwlmFmVONYaYyNsY']
Gringo	Nimo	1	['1h5MrUHi364AESVNuP0rIk']
Knochen MC	Raf Camor	1	['4KIBxmbLQr7k0BXkINfXdC']
Adel Tawil	Gestört aber GeiL	1	['40kZZxVGvf2jYaInsw2lPA']
Butrint Imeri	Nimo	1	['6BPCufH5uiYrtB7hdUnkl0']
Farruko	Pedro Capó	1	['5iwz1NiezX7WWjnCgY5TH4']
Ufo361	Yung Hurn	1	['7Cdk5DrKF6xk4SDGy5nsFu']
Bori	Felix Jaehn	1	['7uM7YZwNZqdDMG0NfGhmux']
Bori	R. City	1	['7uM7YZwNZqdDMG0NfGhmux']
Felix Jaehn	R. City	1	['7uM7YZwNZqdDMG0NfGhmux']
Ezhel	Gringo	1	['7tu0cMhTlTNsjtsJffxgfR']
Ezhel	Yung Kafa & Kücük Efendi	1	['7tu0cMhTlTNsjtsJffxgfR']
Gringo	Yung Kafa & Kücük Efendi	1	['7tu0cMhTlTNsjtsJffxgfR']
Antoine Burtz	Teddy Teclebrhan	1	['7MAlhGB7or7POqZUSxNgjb']
Ardian Bujupi	Helly Luv	1	['5lCvokWXW18wTgJM8pHogY']
Anne-Marie	David Guetta	1	['2zy9TMoZlYGuCNY4TLqG24']
Eunique	Play69	1	['5LjWuQI1bYSNepbkXzrLL5']
Soolking	Veysel	1	['6B216WFlpl2gyzZdhZii3I']
Kodak Black	Offset	1	['0FZ4Dmg8jJJAPJnvBIzD9z']
Kodak Black	Travis Scott	1	['0FZ4Dmg8jJJAPJnvBIzD9z']
AK Ausserkontrolle	Kontra K	1	['7K6uoJTba5r886KAwweMe5']
BTS	Lauv	1	['314ZkcV7oLWG8yWE7LABvH']
Bosse	Capital Bra	1	['6Bqm2beg8uT0aEt8GM83LL']
Bosse	Prinz Pi	1	['6Bqm2beg8uT0aEt8GM83LL']
Capital Bra	Prinz Pi	1	['6Bqm2beg8uT0aEt8GM83LL']
Burry Soprano	Mert	1	['5Z9SmeVkcCCOzJ9bncQYq5']
Almklausi	Specktakel	1	['1RcWWgnw5fVm3wcNq11zBu']
Gunna	Lil Baby	1	['78QR3Wp35dqAhFEc2qAGjE']
Lil Pump	Maluma	1	['2LskIZrCeLxRvCiGP8gxlh']
Lil Pump	Swae Lee	1	['2LskIZrCeLxRvCiGP8gxlh']
Lil Pump	XXXTENTACION	1	['2LskIZrCeLxRvCiGP8gxlh']
Maluma	Swae Lee	1	['2LskIZrCeLxRvCiGP8gxlh']
Maluma	XXXTENTACION	1	['2LskIZrCeLxRvCiGP8gxlh']
Swae Lee	XXXTENTACION	1	['2LskIZrCeLxRvCiGP8gxlh']
Alan Walker	Farruko	1	['4n7jnSxVLd8QioibtTDBDq']
Alan Walker	Sabrina Carpenter	1	['4n7jnSxVLd8QioibtTDBDq']
Farruko	Sabrina Carpenter	1	['4n7jnSxVLd8QioibtTDBDq']
Mark Ronson	Sean Ono Lennon	1	['5KHzV8Gf3aweIMImliFAOs']
Miley Cyrus	Sean Ono Lennon	1	['5KHzV8Gf3aweIMImliFAOs']
Chris Brown	Lil Dicky	1	['10Igtw8bSDyyFs7KIsKngZ']
Lil Peep	XXXTENTACION	1	['4jvjzW7Hm0yK4LvvE0Paz9']
Fero47	SOTT	1	['72YrAZb1D0YBGjnJbXsjsJ']
Fero47	Soufian	1	['72YrAZb1D0YBGjnJbXsjsJ']
J Balvin	Sean Paul	1	['37eGbhE1xVFSvcKkqGb6i1']
Nimo	Schubi AKpella	1	['4HvM01jbMLNlg2FYB5hRLp']
Maestro	Mois	1	['4YaEZb3AHFSPXb2h2RfzuH']
Ed Sheeran	H.E.R.	1	['3FHXUqaUer9o231Je1zxIN']
Gzuz	RAF Camora	1	['4Bj3usjRTckEJARO0dLbDf']
Ariana Grande	Lana Del Rey	1	['3NkJNL3WqO1Lqc3uNDxvCN']
Ariana Grande	Miley Cyrus	1	['3NkJNL3WqO1Lqc3uNDxvCN']
Lana Del Rey	Miley Cyrus	1	['3NkJNL3WqO1Lqc3uNDxvCN']
SHAED	ZAYN	1	['1iQDltZqI7BXnHrFy4Qo1k']
David Guetta	Jason Derulo	1	['5Xn4IyTtW6FUGIUyWjbUHG']
David Guetta	Nicki Minaj	1	['5Xn4IyTtW6FUGIUyWjbUHG']
David Guetta	Willy William	1	['5Xn4IyTtW6FUGIUyWjbUHG']
Jason Derulo	Nicki Minaj	1	['5Xn4IyTtW6FUGIUyWjbUHG']
Jason Derulo	Willy William	1	['5Xn4IyTtW6FUGIUyWjbUHG']
Nicki Minaj	Willy William	1	['5Xn4IyTtW6FUGIUyWjbUHG']
Haftbefehl	Joker Bra	1	['40DJEZn4T7qTXSXTngNTaN']
Haftbefehl	Milonair	1	['40DJEZn4T7qTXSXTngNTaN']
Joker Bra	Milonair	1	['40DJEZn4T7qTXSXTngNTaN']
Kurdo	Noah	1	['0m7efS7TCdIEBMRxvp9WFz']
Kurdo	Remoe	1	['0m7efS7TCdIEBMRxvp9WFz']
Noah	Remoe	1	['0m7efS7TCdIEBMRxvp9WFz']
18 Karat	Nura	1	['3idg3BQI5yc5wnfItAgKkT']
Bushido	Samra	1	['0eKKoqxVuKTQAfzNXlCeCD']
Kina	Snøw	1	['4ZLzoOkj0MPWrTLvooIuaa']
Max Herre	Trettmann	1	['3WmMLDQJljhKRPO4p0ZYSr']
Drake	PARTYNEXTDOOR	1	['5bvnqVuq7UFl0txSlHpsfS']
Y2K	bbno$	1	['51Fjme0JiitpyXKuyQiCDo']
Ed Sheeran	Travis Scott	1	['1DhRbox3xkceP64k3JeYfW']
Ellie Goulding	Juice WRLD	1	['6kls8cSlUyHW2BUOkDJIZE']
Santana	Tyga	1	['51wFQM8W0YfXTmHusXUr5i']
Santana	YG	1	['51wFQM8W0YfXTmHusXUr5i']
Bastille	Marshmello	1	['2dpaYNEQHiRxtZbfNsse99']
Ed Sheeran	J Hus	1	['1Bdptrvb7nQkq8kCw3siE9']
Ed Sheeran	Young Thug	1	['1Bdptrvb7nQkq8kCw3siE9']
J Hus	Young Thug	1	['1Bdptrvb7nQkq8kCw3siE9']
Jigzaw	Nimo	1	['7rDQTLJHfihh90lauNKFag']
Bausa	Zuna	1	['6mh1ErQFwTq8aCZMbPoKWj']
Dzeko	Post Malone	1	['4kWO6O1BUXcZmaxitpVUwp']
Dzeko	Preme	1	['4kWO6O1BUXcZmaxitpVUwp']
Dzeko	Tiësto	1	['4kWO6O1BUXcZmaxitpVUwp']
Post Malone	Preme	1	['4kWO6O1BUXcZmaxitpVUwp']
Post Malone	Tiësto	1	['4kWO6O1BUXcZmaxitpVUwp']
Preme	Tiësto	1	['4kWO6O1BUXcZmaxitpVUwp']
Dardan	reezy	1	['65ABT1Rjw8P6QDo0NDNtrW']
HARLOE	Robin Schulz	1	['0nxYyX5PIHJqF4VSb4CIFV']
KeKe	KitschKrieg	1	['1BPeDi69y1PIqB9Hnc5DVu']
KeKe	Trettmann	1	['1BPeDi69y1PIqB9Hnc5DVu']
Bushido	J-Luv	1	['5ZFhUA3BdzOxvakPczVX2V']
AriBeatz	Dardan	1	['6CH2g6h4e4Z24AeIXj0Rx9']
Dardan	RAF Camora	1	['6CH2g6h4e4Z24AeIXj0Rx9']
Dardan	Sofiane	1	['6CH2g6h4e4Z24AeIXj0Rx9']
Logic	Marshmello	1	['4EAV2cKiqKP5UPZmY6dejk']
Azet	RAF Camora	1	['1EBK8F9hcrAQo2OGJ66ILb']
RAF Camora	Zuna	1	['1EBK8F9hcrAQo2OGJ66ILb']
El Profesor	HUGEL	1	['1MFSD0AkPk8Yq7TDEhrHcb']
DJ Khaled	Post Malone	1	['0b6UoVjUzFyZNpHI0aAhKt']
DJ Khaled	Travis Scott	1	['0b6UoVjUzFyZNpHI0aAhKt']
Gallo Nero	Sa4	1	['5IG08srHq9HrBt7Fbsxdz1']
Maxwell	RAF Camora	1	['05Mp2UJulSttxQ4E6hQPH3']
BHZ	Big Pat	1	['05XWhf0pHUP7aAMGL3ftT6']
BHZ	Dead Dawg	1	['05XWhf0pHUP7aAMGL3ftT6']
BHZ	Longus Mongus	1	['05XWhf0pHUP7aAMGL3ftT6']
BHZ	Monk	1	['05XWhf0pHUP7aAMGL3ftT6']
Big Pat	Dead Dawg	1	['05XWhf0pHUP7aAMGL3ftT6']
Big Pat	Longus Mongus	1	['05XWhf0pHUP7aAMGL3ftT6']
Big Pat	Monk	1	['05XWhf0pHUP7aAMGL3ftT6']
Dead Dawg	Longus Mongus	1	['05XWhf0pHUP7aAMGL3ftT6']
Dead Dawg	Monk	1	['05XWhf0pHUP7aAMGL3ftT6']
Longus Mongus	Monk	1	['05XWhf0pHUP7aAMGL3ftT6']
Camila Cabello	Young Thug	1	['1rfofaqEpACxVEHIZBJe6W']
Mimi & Josy	The BossHoss	1	['3uQp3pxHqAcNTREQeZrbkv']
Monet192	badmómzjay	1	['6Q2qQTdLNfOubXXXzMNgwd']
Kool Savas	SDP	1	['09OjxQFRppJSahGq2x4A3k']
GENT	Kurdo	1	['1ozcq14sW7YmG8ZQVFnqd7']
Normani	Sam Smith	1	['6Qs4SXO9dwPj5GKvVOv8Ki']
Kygo	Rita Ora	1	['3y3brCCecHC3Db18aIOnny']
Ed Sheeran	Skrillex	1	['5d1rmWWF1725tnYjq6rMDB']
Grace VanderWaal	Ingrid Michaelson	1	['0eLrZL1SJRqgN7iQZGY8Js']
Cardi B	DJ Snake	1	['4w8niZpiMy6qz1mntFA5uM']
Cardi B	Ozuna	1	['4w8niZpiMy6qz1mntFA5uM']
Cardi B	Selena Gomez	1	['4w8niZpiMy6qz1mntFA5uM']
DJ Snake	Ozuna	1	['4w8niZpiMy6qz1mntFA5uM']
DJ Snake	Selena Gomez	1	['4w8niZpiMy6qz1mntFA5uM']
Ozuna	Selena Gomez	1	['4w8niZpiMy6qz1mntFA5uM']
Farid Bang	Play69	1	['47D73GTOhMvFfRUBnVpCXJ']
Fler	Play69	1	['47D73GTOhMvFfRUBnVpCXJ']
Oliver Heldens	Riton	1	['0qaWEvPkts34WF68r8Dzx9']
Oliver Heldens	Vula	1	['0qaWEvPkts34WF68r8Dzx9']
Riton	Vula	1	['0qaWEvPkts34WF68r8Dzx9']
AriBeatz	Mula B	1	['1T76W0rYrIARc3NW3ZexbE']
AriBeatz	Veysel	1	['1T76W0rYrIARc3NW3ZexbE']
Mula B	Veysel	1	['1T76W0rYrIARc3NW3ZexbE']
Drake	French Montana	1	['04MLEeAMuV9IlHEsD8vF6A']
Bausa	Diplo	1	['4J2c8Mk8stfWPzt1u0G90W']
Farid Bang	Summer Cem	1	['7MafXbD0FLp8p2ApIbVpCa']
Kianush	Mosh36	1	['2vwEnjG9FKzafXjZA3Xdyz']
Mosh36	PA Sports	1	['2vwEnjG9FKzafXjZA3Xdyz']
LANY	Lauv	1	['3GRSqlALWISqLeNncZMbpX']
Jack & Jack	Jonas Blue	1	['3KLygy1YWhmrQx0GRs7IOx']
Kelsea Ballerini	The Chainsmokers	1	['4NBTZtAt1F13VvlSKe6KTl']
Machine Gun Kelly	Travis Barker	1	['2gTdDMpNxIRFSiu7HutMCg']
Machine Gun Kelly	YUNGBLUD	1	['2gTdDMpNxIRFSiu7HutMCg']
Bonez MC	SosMula	1	['2WueTxY1xyhYzGfDEq2eDX']
Gunna	Tyga	1	['4yn0ftNHQSwsWE81h33y4K']
Apache 207	Sido	1	['2u8AXJyk8pICzj2wyPBL0b']
Dhurata Dora	Soolking	1	['68av1mZz0VsIYXJWATZWUW']
Maluma	Maître Gims	1	['5vLEmh5EolySKTvXsyWSOg']
