source	target	weight	avg_streams
latin	reggaeton	553	106091450.04444444
hip hop	rap	406	50932539.41780822
pop	pop	299	88952462.39086294
rap	trap	297	68187119.00719425
hip hop	trap	293	69864879.05737706
latin	latin	282	104895305.03488372
reggaeton	reggaeton	265	103639465.94805194
reggaeton	trap	253	107953756.18055557
latin	trap	247	110964268.44594596
pop rap	rap	246	51113142.37704918
hip hop	hip hop	244	40771818.15702479
latin	pop	242	109235956.1392405
rap	rap	242	53956552.58518519
dance pop	pop	224	84377366.17699115
pop	reggaeton	215	111241890.64935064
hip hop	pop	208	59332921.52991453
reggaeton	tropical	200	95378606.56140351
latin	tropical	195	107063300.45614035
hip hop	reggaeton	187	109578871.08474576
pop	trap	178	85511531.21359223
hip hop	pop rap	174	53242290.5934066
hip hop	latin	173	108499964.83636364
pop	rap	172	59860637.81818182
pop rap	trap	148	69264429.475
pop	pop rap	146	68189499.3956044
trap	trap	125	68355395.96103896
pop	tropical house	122	70462675.25714286
electro	pop	116	62583343.18965517
electropop	pop	99	85420153.88679245
trap	tropical	92	105639238.3488372
pop	tropical	81	100340667.74418604
pop	r&b	78	94623471.38596492
pop rap	pop rap	73	71482081.39285715
dance pop	tropical house	69	61678727.06666667
dance pop	electro	65	64353052.87804878
house	pop	60	64938856.09677419
dance pop	pop rap	58	76527244.90476191
dance pop	rap	54	71136641.6
hip hop	tropical	53	75305765.39130434
dance pop	dance pop	52	73111322.0
rap	reggaeton	50	109562689.67857143
latin	rap	48	112012651.3846154
dance pop	electropop	45	69500843.67567568
electro	tropical house	44	53260700.13636363
dance	pop	44	79790468.7826087
latin	r&b	43	106317022.57142857
r&b	trap	42	53403585.37037037
electro house	pop	41	85614463.875
r&b	reggaeton	40	112221751.6153846
hip hop	r&b	40	52499198.74074074
dance pop	hip hop	40	48530857.25
dance pop	house	39	49103575.91666666
dance pop	trap	39	67747790.82142857
electropop	tropical house	38	62409702.83333334
r&b	rap	38	52017136.03846154
dance pop	latin	32	98325076.77272728
pop rap	r&b	32	49225248.8
dance pop	reggaeton	31	100819053.85714284
tropical	tropical	30	71529716.13636364
dance	dance pop	29	57832340.875
rap	soul	28	48134509.66666666
hip hop	soul	28	19315949.0
brazilian funk	pop	28	20886180.444444444
pop rap	reggaeton	27	120807222.25
electro	electropop	27	56823563.65
electro	latin	26	102759920.64285716
electro	house	25	44475044.083333336
other	pop	24	124565214.85714284
latin	pop rap	24	121403664.63157897
electro	electro	24	50218602.15384615
electro	reggaeton	24	107280019.58333331
dance pop	electro house	23	54622716.33333334
tropical house	tropical house	22	54175307.05
dance	tropical house	22	58019885.0
dance	electro	22	61986472.0
house	tropical house	22	60504574.73333333
electro	rap	22	102774013.9090909
dance pop	r&b	21	75966383.33333333
electropop	electropop	19	115893935.3846154
moombahton	pop	19	69108938.375
electro	pop rap	19	90160603.1764706
electro	hip hop	18	36736260.5
dance	house	17	48866744.63636363
pop	soul	17	47634463.09090909
rap	urban contemporary	17	20109237.2
r&b	tropical house	16	96173174.3846154
dubstep	pop	16	118377996.66666669
electro	electro house	16	43781120.27272727
ninja	pop	16	69108938.375
country	pop	16	68161729.3076923
pop	rock	16	106555711.0
rap	tropical	15	55070442.9
pop	urban contemporary	15	46268401.0
pop rap	urban contemporary	15	19206519.7
electro	tropical	15	75855044.2
electro house	tropical house	14	49438184.08333334
electro	trap	14	113598022.1
hip hop	urban contemporary	14	26688521.6
brazilian funk	brazilian funk	14	16262450.857142854
pop rap	tropical house	13	70553332.6
soul	trap	13	24196597.33333333
pop rap	soul	12	25990440.0
r&b	tropical	11	73462408.57142857
electro	r&b	11	71582316.0
dance pop	tropical	11	78336833.5
indie pop	pop	11	112004956.55555557
pagode baiano	pop	11	28205192.6
electro house	rap	11	48769326.0
electropop	rap	10	56605148.57142858
dancehall	pop	10	17941315.42857143
rap	rock	10	35251626.14285714
trap	urban contemporary	10	19640921.14285714
brazilian funk	latin	10	31267961.75
latin	tropical house	10	92479045.75
dance	electro house	9	47212646.16666666
electro house	house	9	42720704.875
dance pop	moombahton	9	69108938.375
dance pop	ninja	9	69108938.375
electropop	house	9	46196860.22222222
electro house	electropop	9	83673492.625
k-pop	pop	9	58507422.25
dance pop	soul	9	58846405.14285714
reggaeton	tropical house	9	107988208.33333331
other	tropical house	8	76366126.875
electropop	other	8	72804953.875
house	r&b	8	141465996.625
dance pop	dubstep	8	66820749.28571428
dubstep	electropop	8	100993952.4
country	hip hop	8	171219282.4
electropop	r&b	8	168712284.33333334
other	rap	8	61878478.8
electropop	pop rap	8	99307355.0
pop rap	rock	8	43859194.71428572
soul	tropical house	8	60794929.66666666
bachata	reggaeton	8	87399814.8
latin	pagode baiano	8	31267961.75
pop	pop rock	8	184682326.57142857
rap	tropical house	8	86368027.8
house	house	7	37970875.0
disco house	pop	7	15226280.25
dance pop	disco house	7	15226280.25
europop	pop	7	34719310.0
grime	pop	7	19759004.2
grime	hip hop	7	19558453.666666668
indie pop	pop rap	7	81574676.42857143
indie pop	rap	7	22165743.0
electropop	trap	7	77256861.2
bachata	latin	7	87399814.8
hip hop	indie	7	14582178.4
brazilian funk	reggaeton	7	26373429.66666667
country	dance pop	7	57413498.83333334
house	rap	7	74636439.33333333
dubstep	tropical house	6	83290506.6
dance	disco house	6	18573019.666666668
dance	electropop	6	17225730.6
country	pop rap	6	280187925.3333333
hip hop	reggae	6	247989853.0
dancehall	hip hop	6	13668352.75
emo	pop	6	116764176.75
electro	soul	6	68951383.8
electropop	hip hop	6	51248097.0
r&b	soul	6	28604310.8
electro house	latin	6	92863601.75
electro house	reggaeton	6	92863601.75
indietronica	pop	6	70681921.4
electro house	pop rap	6	43841644.0
electro house	r&b	6	72968922.16666667
indie	trap	6	19245632.0
brazilian funk	pagode baiano	6	22681552.0
dubstep	rap	6	20746104.0
indie pop	tropical house	6	45265327.16666666
tropical	tropical house	6	97289673.0
house	reggaeton	6	97289673.0
house	latin	6	97289673.0
hip hop	tropical house	6	50427336.66666666
electro	urban contemporary	6	135610620.33333334
electro	europop	5	83171166.0
europop	tropical house	5	83171166.0
dance	pop house	5	169524174.33333334
dancehall	latin	5	42503806.0
dancehall	reggaeton	5	42503806.0
dance	r&b	5	151421408.8
other	pop rap	5	24788961.4
electro	moombahton	5	64589364.66666666
moombahton	tropical house	5	131295853.66666669
house	pop rap	5	96052589.4
dance pop	k-pop	5	81256634.4
dance pop	rock	5	58237259.0
rock	tropical house	5	54467919.0
electro	rock	5	54467919.0
hip hop	indie pop	5	21735126.2
r&b	r&b	5	46449139.0
electro house	tropical	5	92863601.75
electro house	trap	5	57541351.5
dance pop	other	5	170727558.0
indie	pop rap	5	7585987.5
indie	rap	5	7585987.5
indie rock	pop	5	31876174.33333333
dubstep	pop rap	5	38846675.0
pop	video game music	5	26445584.5
electropop	indie pop	5	139023441.8
pagode baiano	reggaeton	5	26373429.66666667
brazilian funk	electro	5	26344092.5
pop	techno	5	72703759.2
grime	trap	5	17925761.0
electropop	latin	5	117000060.66666669
electropop	reggaeton	5	117000060.66666669
pop rap	tropical	5	66573665.0
electro	indie pop	5	15854749.25
house	tropical	5	97289673.0
electro house	hip hop	5	49013756.0
hip hop	house	5	65634675.5
rock	trap	5	15573289.5
latin	rock	5	26147261.5
reggaeton	rock	5	26147261.5
hip hop	rock	5	15115884.25
dance	dance	4	38273421.25
disco house	electro	4	15226280.25
disco house	tropical house	4	15226280.25
europop	house	4	34719310.0
dance pop	europop	4	34719310.0
country	country rap	4	280187925.3333333
metal	rap	4	94706093.5
electropop	k-pop	4	76713196.5
house	rock	4	67082412.75
dance	pop rap	4	38525659.0
indie pop	trap	4	25905726.75
r&b	urban contemporary	4	28443577.5
bachata	trap	4	82917994.5
indie rock	pop rap	4	14938143.0
country	tropical house	4	89480669.5
country	electropop	4	103890494.0
indie pop rap	pop rap	4	9941421.333333334
hip hop	k-pop	4	10291514.5
brazilian funk	trap	4	37347008.5
grime	rap	4	17163340.333333332
electro house	soul	4	105223644.66666669
pop rock	rap	4	132217836.0
indietronica	tropical house	4	19826016.25
electro	indietronica	4	19763802.0
trap	tropical house	4	102787129.33333331
other	trap	4	97868478.0
dance pop	pagode baiano	4	25188915.0
brazilian funk	dance pop	4	25188915.0
moombahton	reggaeton	4	92639967.0
latin	moombahton	4	92639967.0
other	reggaeton	4	59088217.5
indie	pop	4	35471681.5
tropical house	urban contemporary	4	135610620.33333334
adult standards	pop	4	12964774.25
county rock	pop	4	50408638.33333334
county rock	dance pop	4	50408638.33333334
dance pop	urban contemporary	4	44490367.5
disco house	house	3	18573019.666666668
dance	moombahton	3	18314769.666666668
dance	ninja	3	18314769.666666668
indie rock	rap rock	3	27460420.66666667
rap rock	rock	3	27460420.66666667
other	r&b	3	36817619.66666666
house	moombahton	3	64589364.66666666
electro	ninja	3	64589364.66666666
ninja	tropical house	3	131295853.66666669
electropop	moombahton	3	131295853.66666669
dancehall	r&b	3	23638599.0
dance	soul	3	103766452.0
funk	pop	3	41730952.0
dance pop	funk	3	41730952.0
soul	urban contemporary	3	36130865.66666666
indie rock	rap	3	15783520.333333336
country	electro	3	83935355.33333333
electro	other	3	112387566.33333331
house	other	3	112387566.33333331
moombahton	other	3	112387566.33333331
ninja	other	3	112387566.33333331
pop	reggae	3	11466107.0
indie pop rap	rap	3	4777536.5
electro house	indie pop	3	100943424.0
electro house	rock	3	222542240.66666663
k-pop	rap	3	7128172.333333332
dancehall	rap	3	8028622.0
dancehall	reggae	3	4599461.0
country	electro house	3	134530390.33333334
soul	soul	3	5421875.0
electro	pagode baiano	3	32184200.66666667
pagode baiano	trap	3	37347008.5
dance pop	indie rock	3	41613256.0
grime	pop rap	3	17163340.333333332
house	soul	3	155771671.5
pop rap	pop rock	3	141788348.0
dance pop	indie pop	3	11228411.0
house	trap	3	144174364.5
hip hop	other	3	53018083.66666666
latin	other	3	103506300.0
latin	pop rock	3	103506300.0
pop rock	reggaeton	3	103506300.0
pagode baiano	tropical	3	16472758.5
brazilian funk	tropical	3	16472758.5
afropop	pop	3	12054533.5
afropop	pop rap	3	12054533.5
afropop	rap	3	12054533.5
electropop	soul	3	24671315.5
dubstep	electro	3	66291185.5
electro	trance	3	66291185.5
dance	hip hop	3	61851815.5
dance	latin	3	61851815.5
dance	reggaeton	3	61851815.5
country pop	pop	3	71962736.0
country pop	dance pop	3	71962736.0
indie	latin	3	45412178.0
indie	tropical	3	45412178.0
indie	reggaeton	3	45412178.0
rock	tropical	3	45412178.0
latin	salsa	3	45412178.0
salsa	tropical	3	45412178.0
reggaeton	salsa	3	45412178.0
cumbia	latin	3	45412178.0
cumbia	tropical	3	45412178.0
cumbia	reggaeton	3	45412178.0
latin	reggae	2	369685049.0
reggae	tropical	2	369685049.0
reggae	reggaeton	2	369685049.0
dancehall	grime	2	22823839.0
electro house	moombahton	2	67434402.0
moombahton	moombahton	2	67434402.0
moombahton	pop rap	2	67434402.0
electro house	ninja	2	67434402.0
moombahton	ninja	2	67434402.0
ninja	pop rap	2	67434402.0
indie pop	k-pop	2	140251639.0
dance pop	emo	2	112457481.5
pop punk	pop rap	2	121070872.0
emo	pop rap	2	121070872.0
pop punk	tropical house	2	121070872.0
electro	pop punk	2	121070872.0
pop	pop punk	2	121070872.0
house	pop punk	2	121070872.0
emo	tropical house	2	121070872.0
electro	emo	2	121070872.0
emo	house	2	121070872.0
funk	r&b	2	14542992.5
funk	soul	2	14542992.5
funk	tropical house	2	14542992.5
funk	pop rap	2	14542992.5
rap	rap rock	2	21148918.5
pop rap	rap rock	2	21148918.5
country	house	2	38073341.0
indietronica	pop rap	2	12849994.5
indietronica	trap	2	12849994.5
hip hop	indietronica	2	12849994.5
indie r&b	rap	2	5687330.0
indietronica	rap	2	5687330.0
bachata	pop	2	57781619.0
bachata	tropical	2	101413468.5
bachata	hip hop	2	101413468.5
new wave	rock	2	109207817.0
hip hop	indie pop rap	2	4777536.5
indie pop rap	trap	2	5062370.0
electro house	other	2	454133585.5
dubstep	other	2	454133585.5
electro house	indietronica	2	149351340.5
country rap	rap	2	46941806.0
country rap	pop rap	2	46941806.0
electro house	indie rock	2	27772549.0
dubstep	rock	2	323281820.0
dubstep	r&b	2	24091590.5
deep pop r&b	pop	2	28533844.5
k-pop	latin	2	8297897.0
k-pop	reggaeton	2	8297897.0
deep pop r&b	hip hop	2	10662332.0
hip hop	video game music	2	10662332.0
dancehall	pop rap	2	8028622.0
pop rap	reggae	2	4599461.0
rap	reggae	2	4599461.0
afrofuturism	pop	2	46174772.0
afrofuturism	brazilian funk	2	46174772.0
k-pop	pop rap	2	9920697.0
country rap	k-pop	2	9920697.0
r&b	techno	2	66897952.0
dubstep	trap	2	26645172.5
electropop	tropical	2	110807451.5
electropop	indietronica	2	22304899.0
house	indie pop	2	14778821.0
house	indietronica	2	14778821.0
dance pop	indietronica	2	14778821.0
electropop	techno	2	89893487.5
pagode baiano	pop rap	2	25188915.0
brazilian funk	pop rap	2	25188915.0
dembow	electro	2	92639967.0
dembow	tropical house	2	92639967.0
moombahton	rap	2	92639967.0
moombahton	tropical	2	92639967.0
dembow	moombahton	2	92639967.0
ninja	reggaeton	2	92639967.0
latin	ninja	2	92639967.0
dembow	pop	2	92639967.0
hip hop	pop rock	2	54279512.0
other	tropical	2	103506300.0
pop rock	tropical	2	103506300.0
electro	pop rock	2	33101714.5
electro house	pop rock	2	327612355.5
pop rock	tropical house	2	33101714.5
house	pop rock	2	33101714.5
dance pop	indie	2	13940970.0
electro	video game music	2	42228837.0
tropical house	video game music	2	42228837.0
moombahton	video game music	2	42228837.0
moombahton	r&b	2	42228837.0
rock	rock	2	118833449.5
classic rock	rock	2	118833449.5
k-pop	tropical house	2	13174754.0
afropop	r&b	2	12054533.5
afropop	dance pop	2	12054533.5
blues	pop rap	2	12651284.0
afrobeat	pop rap	2	12651284.0
pop rap	world	2	12651284.0
pop rap	wassoulou	2	12651284.0
blues	rap	2	12651284.0
afrobeat	rap	2	12651284.0
rap	world	2	12651284.0
rap	wassoulou	2	12651284.0
afropop	hip hop	2	12651284.0
blues	hip hop	2	12651284.0
afrobeat	hip hop	2	12651284.0
hip hop	world	2	12651284.0
hip hop	wassoulou	2	12651284.0
indie pop	r&b	2	231045286.0
other	other	2	6347315.0
adult standards	adult standards	2	18511898.5
adult standards	easy listening	2	18511898.5
adult standards	lounge	2	18511898.5
trance	tropical house	2	103252399.0
pop	trance	2	103252399.0
dance pop	trance	2	103252399.0
adult standards	dance pop	2	7417650.0
electro house	urban contemporary	2	82880449.5
latin	urban contemporary	2	101939379.0
tropical	urban contemporary	2	101939379.0
reggaeton	urban contemporary	2	101939379.0
dance	tropical	2	101939379.0
brazilian funk	brega funk	2	16105062.5
hip hop	rai	2	10267614.0
experimental	rock	2	49354731.0
afropop	trap	2	8420431.0
dancehall	trap	2	8420431.0
afropop	latin	2	5383079.0
afropop	reggaeton	2	5383079.0
dance pop	dancehall	2	7942027.5
azonto	pop	2	11457783.0
country rap	hip hop	2	24563613.5
country	rap	2	15525284.0
country	trap	2	15525284.0
jazz	rap	2	19916542.0
hip hop	pop punk	2	4878588.0
emo	hip hop	2	4878588.0
blues rock	rap	2	5120047.0
blues rock	trap	2	5120047.0
blues rock	pop rap	2	5120047.0
classic rock	rap	2	5120047.0
classic rock	trap	2	5120047.0
classic rock	pop rap	2	5120047.0
dubstep	hip hop	2	22550944.5
rap	trance	2	29329972.0
country	moombahton	1	33003595.0
country	ninja	1	33003595.0
indie r&b	pop rap	1	5687330.0
indie r&b	trap	1	5687330.0
hip hop	indie r&b	1	5687330.0
dance pop	reggae	1	18332753.0
bachata	rap	1	97499841.0
folk	new wave	1	30103466.0
celtic	new wave	1	30103466.0
new wave	punk	1	30103466.0
electro house	europop	1	104395994.0
pop	synthpop	1	274105542.0
electro house	synthpop	1	274105542.0
dubstep	synthpop	1	274105542.0
dubstep	indie pop	1	274105542.0
dubstep	indietronica	1	274105542.0
country rap	pop	1	78358328.0
dubstep	indie rock	1	12402011.0
deep pop r&b	latin	1	10662332.0
deep pop r&b	reggaeton	1	10662332.0
deep pop r&b	rap	1	10662332.0
latin	video game music	1	10662332.0
reggaeton	video game music	1	10662332.0
rap	video game music	1	10662332.0
deep pop r&b	video game music	1	10662332.0
deep pop r&b	k-pop	1	10662332.0
k-pop	video game music	1	10662332.0
reggae	reggae	1	4599461.0
dancehall	dancehall	1	4599461.0
country	dubstep	1	184788700.0
gospel	rap	1	11183853.0
indie pop	indie pop rap	1	20269191.0
indie pop rap	pop	1	20269191.0
dance pop	indie pop rap	1	20269191.0
afrofuturism	pagode baiano	1	46174772.0
afrofuturism	latin	1	46174772.0
afrofuturism	reggaeton	1	46174772.0
k-hop	k-pop	1	9920697.0
k-pop	k-pop	1	9920697.0
k-hop	pop rap	1	9920697.0
country rap	k-hop	1	9920697.0
hip hop	k-hop	1	9920697.0
indie pop	rap rock	1	40083425.0
pop	rap rock	1	40083425.0
dance pop	rap rock	1	40083425.0
electropop	rap rock	1	40083425.0
indie pop	indie rock	1	40083425.0
indie pop	rock	1	40083425.0
electropop	indie rock	1	40083425.0
electropop	rock	1	40083425.0
new wave	tropical house	1	159238851.0
new wave	pop	1	159238851.0
electropop	new wave	1	159238851.0
country	techno	1	175659384.0
electropop	ninja	1	259018757.0
moombahton	trap	1	259018757.0
ninja	trap	1	259018757.0
indie pop	techno	1	4127591.0
soul	techno	1	4127591.0
pagode baiano	tropical house	1	45951558.0
brazilian funk	tropical house	1	45951558.0
dembow	house	1	92639967.0
ninja	rap	1	92639967.0
ninja	tropical	1	92639967.0
dembow	ninja	1	92639967.0
dembow	electropop	1	92639967.0
dembow	latin	1	92639967.0
dembow	reggaeton	1	92639967.0
dembow	electro house	1	92639967.0
dance pop	dembow	1	92639967.0
dembow	pop rap	1	92639967.0
electro	indie	1	21063082.0
electro house	indie	1	21063082.0
indie	tropical house	1	21063082.0
house	indie	1	21063082.0
dance pop	pop rock	1	21063082.0
escape room	pop	1	84393149.0
dance pop	escape room	1	84393149.0
house	ninja	1	58899290.0
pagode baiano	r&b	1	28519245.0
brazilian funk	r&b	1	28519245.0
pagode baiano	rap	1	28519245.0
brazilian funk	rap	1	28519245.0
house	video game music	1	42228837.0
ninja	video game music	1	42228837.0
electropop	video game music	1	42228837.0
r&b	video game music	1	42228837.0
electro house	video game music	1	42228837.0
dance pop	video game music	1	42228837.0
pop rap	video game music	1	42228837.0
ninja	r&b	1	42228837.0
punk	rock	1	188312168.0
k-pop	other	1	20116286.0
blues	pop	1	12651284.0
afrobeat	pop	1	12651284.0
pop	world	1	12651284.0
pop	wassoulou	1	12651284.0
blues	r&b	1	12651284.0
afrobeat	r&b	1	12651284.0
r&b	world	1	12651284.0
r&b	wassoulou	1	12651284.0
blues	dance pop	1	12651284.0
afrobeat	dance pop	1	12651284.0
dance pop	world	1	12651284.0
dance pop	wassoulou	1	12651284.0
indietronica	r&b	1	20012659.0
indie pop	soul	1	20012659.0
indietronica	soul	1	20012659.0
pop house	pop house	1	97374626.0
pop house	tropical house	1	97374626.0
house	pop house	1	97374626.0
pop	pop house	1	97374626.0
dance pop	pop house	1	97374626.0
adult standards	swing	1	6854610.0
lounge	swing	1	6854610.0
easy listening	lounge	1	6854610.0
pop	swing	1	6854610.0
easy listening	pop	1	6854610.0
dance	dubstep	1	103252399.0
dance	trance	1	103252399.0
pop rap	trance	1	103252399.0
adult standards	hip hop	1	7300443.0
county rock	hip hop	1	7300443.0
house	urban contemporary	1	101939379.0
dance	urban contemporary	1	101939379.0
dance	rap	1	101939379.0
brega funk	sertanejo	1	4116188.0
brega funk	forro	1	4116188.0
pop	sertanejo	1	4116188.0
forro	pop	1	4116188.0
brazilian funk	sertanejo	1	4116188.0
brazilian funk	forro	1	4116188.0
pop rap	rai	1	10267614.0
rai	rap	1	10267614.0
rai	trap	1	10267614.0
folk rock	rock	1	49354731.0
psychedelic rock	rock	1	49354731.0
mellow gold	rock	1	49354731.0
folk rock	pop	1	49354731.0
experimental	folk rock	1	49354731.0
pop	psychedelic rock	1	49354731.0
experimental	psychedelic rock	1	49354731.0
mellow gold	pop	1	49354731.0
experimental	mellow gold	1	49354731.0
classic rock	pop	1	49354731.0
classic rock	experimental	1	49354731.0
k-hop	latin	1	5933462.0
k-hop	reggaeton	1	5933462.0
k-hop	rap	1	5933462.0
k-hop	pop	1	5933462.0
indie r&b	pop	1	46405357.0
dance pop	deep pop r&b	1	46405357.0
dance pop	indie r&b	1	46405357.0
azonto	r&b	1	11457783.0
azonto	dance pop	1	11457783.0
azonto	rap	1	11457783.0
azonto	trap	1	11457783.0
azonto	pop rap	1	11457783.0
country	country	1	15525284.0
country rap	trap	1	15525284.0
indie	r&b	1	68592608.0
pop rock	r&b	1	68592608.0
indie	urban contemporary	1	6818858.0
urban contemporary	urban contemporary	1	6818858.0
classical	other	1	7362398.0
electro	k-pop	1	6233222.0
pagode	sertanejo	1	24210969.0
dance pop	techno	1	49935917.0
francoton	pop	1	17427072.0
francoton	hip hop	1	17427072.0
jazz	pop rap	1	19916542.0
jazz	trap	1	19916542.0
hip hop	jazz	1	19916542.0
country	urban contemporary	1	8232193.0
country	pop rock	1	8232193.0
country	europop	1	8232193.0
adult standards	other	1	30169187.0
lounge	other	1	30169187.0
easy listening	other	1	30169187.0
folk	latin	1	362649240.0
folk	reggaeton	1	362649240.0
folk	r&b	1	362649240.0
adult standards	country	1	7534857.0
country	lounge	1	7534857.0
lounge	pop	1	7534857.0
dance pop	lounge	1	7534857.0
grime	latin	1	20213023.0
grime	reggaeton	1	20213023.0
hip hop	indie rock	1	5052724.0
pop punk	trap	1	4878588.0
emo	trap	1	4878588.0
pop punk	rap	1	4878588.0
emo	rap	1	4878588.0
dancehall	pagode baiano	1	4426272.0
brazilian funk	dancehall	1	4426272.0
hip hop	pagode baiano	1	4426272.0
brazilian funk	hip hop	1	4426272.0
dancehall	electro	1	4426272.0
dancehall	tropical	1	4426272.0
country pop	electro	1	43143087.0
county rock	electro	1	43143087.0
country pop	electro house	1	43143087.0
county rock	electro house	1	43143087.0
country pop	tropical house	1	43143087.0
county rock	tropical house	1	43143087.0
country pop	house	1	43143087.0
county rock	house	1	43143087.0
electro	indie rock	1	43143087.0
indie rock	tropical house	1	43143087.0
house	indie rock	1	43143087.0
country	indie rock	1	43143087.0
country pop	indie rock	1	43143087.0
county rock	indie rock	1	43143087.0
blues rock	hip hop	1	5120047.0
classic rock	hip hop	1	5120047.0
dubstep	pop rock	1	634161629.0
dance	trap	1	21764252.0
techno	urban contemporary	1	63821520.0
rap	techno	1	63821520.0
pop rap	techno	1	63821520.0
electro house	electro house	1	29329972.0
dubstep	electro house	1	29329972.0
electro house	trance	1	29329972.0
electropop	trance	1	29329972.0
dubstep	house	1	29329972.0
house	trance	1	29329972.0
dubstep	soul	1	29329972.0
soul	trance	1	29329972.0
trance	trap	1	29329972.0
hip hop	trance	1	29329972.0
brega funk	pop	1	28093937.0
moombahton	pop rock	1	45140347.0
ninja	pop rock	1	45140347.0
electropop	pop rock	1	45140347.0
escape room	pop rap	1	4557573.0
escape room	rap	1	4557573.0
escape room	trap	1	4557573.0
escape room	hip hop	1	4557573.0
country pop	electropop	1	100782385.0
county rock	electropop	1	100782385.0
salsa	trap	1	45412178.0
cumbia	trap	1	45412178.0
pop	salsa	1	45412178.0
cumbia	pop	1	45412178.0
hip hop	salsa	1	45412178.0
cumbia	hip hop	1	45412178.0
bachata	electro	1	105327096.0
