artist_1	artist_2	count	song_ids
Gunna	Lil Baby	11	['6wWaVoUOzLQJHd3bWAUpdZ', '1yQvL8SzbF5JCroRKk9F07', '4T7cJdrTRqOBESPYfvfj2x', '0kCBorRrKZkSztd9m0QI3r', '2Am26UXisQ91vBLYdqd7Pa', '4F6yN5FsFW10Ucx7cLCzBh', '1BxkZE73h9BN3qwuA15TA3', '78QR3Wp35dqAhFEc2qAGjE', '7roKDmJDOzkpfGpUQJ5EnL', '3F57PtOdqRpD6euFYqtKXX', '6PoKfDY78ih5OveWirggRX']
Metro Boomin	Travis Scott	10	['6osMzmRHCVETbZMHceLRmh', '3wAI7MIQtTgwcRmwchPZBc', '42k9e2hgl98IdgkXLg4pxs', '2kJAhu7mesSEkML8zviSNX', '6LyAwkJsHlW7RQ8S1cYAtM', '5u6vkDnOyaf8LsteDAj2ub', '1HLL8X0LH20F6Z9SLXLIjr', '27P4XoNXXEV4lTc3sB61RK', '2mYDDUkBcgFNBqkWctyyuc', '22ykS8KWpd2r4zcRZ0XMK5']
Quavo	Travis Scott	8	['2bjwRfXMk4uRgOD9IBYl9h', '4vwfOiyWxXeEdx4ejAJgdx', '6urLjX35oXXRYtcH1b3dCh', '0JYAsQJWIuaYUvZGF1qapT', '7g7raxdQpiLZT7aOlib4S1', '7foypmc7KZyU716Yv63BPe', '628Ueb4sRiXApObhcU9iPU', '7J6bnDDitOwfelaJNixHhL']
Future	Juice WRLD	8	['2OsDoAzo5SGq10qwmKSQBv', '3fFBZvG777xoKyvcrBq7lc', '2vs5ubqg8QUbfyWZpMfvWe', '2NRGaA1GyCmTYfm2GRPkUe', '1hHe7cirScEJWgAS0JFqTL', '5274I4mUMnYczyeXkGDWZN', '6gzIcEUuswJQGfJNPYMjjv', '4VMiNOpnjRwSCwmHaUfOMM']
Rae Sremmurd	Swae Lee	8	['07VJGBnywGutMZ72kRyEop', '1oUudyBYVGMIC8JXeIsFzq', '2yUbCEiaolfSMluDo9RMmG', '0TCnOEVeLQMXOUrpPlM7uY', '1BuZAIO8WZpavWVbbq3Lci', '6sTDhYVVXU3HSDuG7mBLRU', '3qKCDFZp192KBEEtFj7fDa', '6nI74KsH94IN0J2vp5shdT']
21 Savage	Metro Boomin	8	['0AluA5RNsa4Cx6XRhf2hWZ', '2Grb4G6t9VIqo6moKUloom', '1m6lqaLvUTxPjOo98fJH8U', '42k9e2hgl98IdgkXLg4pxs', '5u6vkDnOyaf8LsteDAj2ub', '1HLL8X0LH20F6Z9SLXLIjr', '6fwdbPMwP1zVStm8FybmkO', '43lYaovU2FoeuBMNusVVVW']
Rae Sremmurd	Slim Jxmmi	7	['1oUudyBYVGMIC8JXeIsFzq', '2yUbCEiaolfSMluDo9RMmG', '0TCnOEVeLQMXOUrpPlM7uY', '1BuZAIO8WZpavWVbbq3Lci', '6sTDhYVVXU3HSDuG7mBLRU', '3qKCDFZp192KBEEtFj7fDa', '6nI74KsH94IN0J2vp5shdT']
Slim Jxmmi	Swae Lee	7	['1oUudyBYVGMIC8JXeIsFzq', '2yUbCEiaolfSMluDo9RMmG', '0TCnOEVeLQMXOUrpPlM7uY', '1BuZAIO8WZpavWVbbq3Lci', '6sTDhYVVXU3HSDuG7mBLRU', '3qKCDFZp192KBEEtFj7fDa', '6nI74KsH94IN0J2vp5shdT']
Huncho Jack	Quavo	6	['4vwfOiyWxXeEdx4ejAJgdx', '6urLjX35oXXRYtcH1b3dCh', '7g7raxdQpiLZT7aOlib4S1', '7foypmc7KZyU716Yv63BPe', '628Ueb4sRiXApObhcU9iPU', '7J6bnDDitOwfelaJNixHhL']
Huncho Jack	Travis Scott	6	['4vwfOiyWxXeEdx4ejAJgdx', '6urLjX35oXXRYtcH1b3dCh', '7g7raxdQpiLZT7aOlib4S1', '7foypmc7KZyU716Yv63BPe', '628Ueb4sRiXApObhcU9iPU', '7J6bnDDitOwfelaJNixHhL']
6ix9ine	A Boogie Wit da Hoodie	4	['7q1ikCoQLytPP5TTzDy7JK', '1wJRveJZLSb1rjhnUHQiv6', '6o79O9qBP3OAkWOXajAQIS', '0zl3PdjIl320fK0pxBGWNR']
Kendrick Lamar	SZA	4	['3GCdLUSnKSMJhs4Tj6CV3s', '12SJpYZEdj4kzWZ8FPFg4Y', '2Imq77E6CEJR5TPUxlJvTY', '66kQ7wr4d2LwwSjr7HXcyr']
Swae Lee	Travis Scott	4	['6osMzmRHCVETbZMHceLRmh', '1oUudyBYVGMIC8JXeIsFzq', '3qKCDFZp192KBEEtFj7fDa', '22ykS8KWpd2r4zcRZ0XMK5']
Metro Boomin	Offset	4	['0KPiSFlz5OUCgw7nwvhYWe', '7sO5G9EABYOXQKNPNiE9NR', '304CtPEPYQS6hbM4CubVti', '5u6vkDnOyaf8LsteDAj2ub']
Offset	Travis Scott	4	['0FZ4Dmg8jJJAPJnvBIzD9z', '7l3E7lcozEodtVsSTCkcaA', '6urLjX35oXXRYtcH1b3dCh', '5u6vkDnOyaf8LsteDAj2ub']
Gucci Mane	Migos	4	['3DxZfFYJLwKDJtUwnLEhkL', '1XRgIKC5TPwo7nWGyKqgG0', '35ffVv9x4mtzBh5rF1K9sP', '6p8NuHm8uCGnn2Dtbtf7zE']
Kelsea Ballerini	The Chainsmokers	4	['4NBTZtAt1F13VvlSKe6KTl', '4edS9dC0JPBlSS4p4gMOT0', '15kQGEy89K8deJcZVFEn0N', '6LKYeyLt4G4SlZ6OJwFhVS']
Murda Beatz	Smokepurpp	4	['2xCzUIQwX5Y3wEFJnHoc3J', '54VL6lP6JX06QIbdEkpvTN', '3B3fVhuPlAlaIdpD1XOjUP', '0MHPgpKYfTVml3qEXspnLQ']
Ariana Grande	Nicki Minaj	4	['0sdbFOyfgAhAhWq8DpzkaW', '1ZEm9cJC05rawV2tptNfTS', '5iZ4hcpCgFVijq5OOjBTKZ', '3L4GsGLgxpHieVQH86H8bv']
BTS	Steve Aoki	4	['7Ed6BkggCS2KaKY5YlINaF', '2J0X46UkpfLlWbuCXFgDLr', '2r1T6xGTVaNAqBoPH4lZEE', '48XfojJC87VKLlUotYV0Gm']
Kodak Black	Travis Scott	4	['1HLL8X0LH20F6Z9SLXLIjr', '42k9e2hgl98IdgkXLg4pxs', '0FZ4Dmg8jJJAPJnvBIzD9z', '7l3E7lcozEodtVsSTCkcaA']
21 Savage	Post Malone	4	['2U7Hu2RaNQNRi7izoJyZaX', '0e7ipj03S05BNilyu5bRzt', '1OmcAT5Y8eg5bUPv9qJT4R', '7wGoVu4Dady5GV0Sv4UIsx']
Drew Love	The Chainsmokers	3	['6mWDwN58PgiPiDXkfSfB4J', '6H0Ai73WGIOFoGm5zmbdx1', '3pWcj8hxj3fsb9TDAcMpEl']
Gunna	Young Thug	3	['4T7cJdrTRqOBESPYfvfj2x', '0kCBorRrKZkSztd9m0QI3r', '3tkFCUaISwablf9MJydsuB']
Post Malone	Swae Lee	3	['1A6OTy97kk0mMdm78rHsm8', '5VuxWXbt7XENQCtE9TzpTv', '3KkXRkHbMCARz0aVfEt68P']
Gunna	Metro Boomin	3	['5gub2bpJRgJP4m4MliqtdV', '1fewSx2d5KIZ04wsooEBOz', '3tkFCUaISwablf9MJydsuB']
J Balvin	Willy William	3	['2rb5MvYT7ZIxbKW5hfcHx8', '7fwXWKdDNI5IutOMc5OKYw', '7COfe3P7KgfwDwIRB8LIDw']
Drake	Quavo	3	['2bjwRfXMk4uRgOD9IBYl9h', '5S1IUPueD0xE0vj4zU3nSf', '1rlIrbWboTRGeKfHhgbJRZ']
Metro Boomin	Swae Lee	3	['6osMzmRHCVETbZMHceLRmh', '0McI9sOmkpfd4E72njtU0G', '22ykS8KWpd2r4zcRZ0XMK5']
Future	Young Thug	3	['25oOaleife6E2MIKmFkPvg', '6cPnE82DKBLd7sg02ZNg8K', '3fFBZvG777xoKyvcrBq7lc']
Lil Yachty	Offset	3	['3ALgsy4RtDm58xl3VNoSgZ', '3LR0t8XqZ1FUj6nj01sXN0', '3B3fVhuPlAlaIdpD1XOjUP']
Drake	Lil Baby	3	['6vN77lE9LK6HP2DewaN6HZ', '1wsf1YFQSYND45y0GzJmf7', '6wWaVoUOzLQJHd3bWAUpdZ']
21 Savage	Travis Scott	3	['1HLL8X0LH20F6Z9SLXLIjr', '42k9e2hgl98IdgkXLg4pxs', '5u6vkDnOyaf8LsteDAj2ub']
6ix9ine	Nicki Minaj	3	['1oJ8EDr2pv94IvSd6ZmDgo', '4QIyEq7TcTdAcxjI2AFlAK', '2E124GmJRnBJuXbTb4cPUB']
6ix9ine	Anuel AA	3	['4KkUjFkcQvGvWekl8RATDn', '0LQ1J0BCzA2qnAgp9MkkNE', '7ATATJztoWLcqDAcVVof0C']
Lil Wayne	Nicki Minaj	3	['5IvdLxVB8gwwcgnEkXSSW2', '7kph8uPhOXHMfKzPJvIeah', '2D1MK9oaxy7axXggy3iVbp']
Cardi B	Migos	3	['1YZfcVLbbJwfizR5cDOp3q', '2qcG0nZ6S3zZV0UrkY5nFo', '4wFjTWCunQFKtukqrNijEt']
Diplo	LSD	3	['7boPPE857KEqCIHNwFkDop', '73F87Sqh6jQWucOOvz1WFx', '5a8RPWgKSmcGBGcffmIrUi']
Diplo	Labrinth	3	['7boPPE857KEqCIHNwFkDop', '73F87Sqh6jQWucOOvz1WFx', '5a8RPWgKSmcGBGcffmIrUi']
Diplo	Sia	3	['7boPPE857KEqCIHNwFkDop', '73F87Sqh6jQWucOOvz1WFx', '5a8RPWgKSmcGBGcffmIrUi']
LSD	Labrinth	3	['7boPPE857KEqCIHNwFkDop', '73F87Sqh6jQWucOOvz1WFx', '5a8RPWgKSmcGBGcffmIrUi']
LSD	Sia	3	['7boPPE857KEqCIHNwFkDop', '73F87Sqh6jQWucOOvz1WFx', '5a8RPWgKSmcGBGcffmIrUi']
Labrinth	Sia	3	['7boPPE857KEqCIHNwFkDop', '73F87Sqh6jQWucOOvz1WFx', '5a8RPWgKSmcGBGcffmIrUi']
Post Malone	Ty Dolla $ign	3	['7wrDRQgHlvDnimrRHfQZxt', '65NwOZqoXny4JxqAPlfxRF', '3swc6WTsr7rl9DqQKQA55C']
Offset	Tyga	3	['5IaHrVsrferBYDm0bDyABy', '6uSSupG4TMu3vW8QgynAB6', '0jAfdqv18goRTUxm3ilRjb']
Gucci Mane	Quavo	3	['2R7Gn3cjnPaVO0Oj8nsTDP', '0TFVOjSvPTjFHkiZZekK5k', '5Ta1sXtO9tXOaUacYm7tH8']
Emily Warren	The Chainsmokers	3	['5yNEdBlZMxpcVtGKz5NFk5', '3OtQmFLS5b3pTgIf44GQFJ', '5hrXLJJrnKraxRQntH0Vv9']
Drake	Michael Jackson	2	['36ONiya0OANYknz0GgJmwB', '6G8kHiVZ1jW7vHMPVRNZU0']
Lil Wayne	XXXTENTACION	2	['3vWzyGTu6Ovo1GdrcJqH6e', '5BQrp63SHCVf4bzCzJePne']
6ix9ine	Fetty Wap	2	['7q1ikCoQLytPP5TTzDy7JK', '0zl3PdjIl320fK0pxBGWNR']
A Boogie Wit da Hoodie	Fetty Wap	2	['7q1ikCoQLytPP5TTzDy7JK', '0zl3PdjIl320fK0pxBGWNR']
Lil Baby	Young Thug	2	['4T7cJdrTRqOBESPYfvfj2x', '0kCBorRrKZkSztd9m0QI3r']
Young Stoner Life Records	Young Thug	2	['0kCBorRrKZkSztd9m0QI3r', '3HxYOwZZHZn5mC1drqPQqR']
Nicky Jam	Ozuna	2	['3V8UKqhEK5zBkBb6d6ub8i', '6JjPBQfI2Y8nIjnm65X6Pw']
6ix9ine	Kanye West	2	['0EwS8XJQspgrj1zSUXhFkl', '1oJ8EDr2pv94IvSd6ZmDgo']
88rising	AUGUST 08	2	['6TodWdTSDfzwgYynTZSvJn', '0wFmawqundY8rOn9sZUqA6']
88rising	Higher Brothers	2	['6TodWdTSDfzwgYynTZSvJn', '0wFmawqundY8rOn9sZUqA6']
88rising	Joji	2	['6TodWdTSDfzwgYynTZSvJn', '0wFmawqundY8rOn9sZUqA6']
88rising	Rich Brian	2	['6TodWdTSDfzwgYynTZSvJn', '0wFmawqundY8rOn9sZUqA6']
AUGUST 08	Higher Brothers	2	['6TodWdTSDfzwgYynTZSvJn', '0wFmawqundY8rOn9sZUqA6']
AUGUST 08	Joji	2	['6TodWdTSDfzwgYynTZSvJn', '0wFmawqundY8rOn9sZUqA6']
AUGUST 08	Rich Brian	2	['6TodWdTSDfzwgYynTZSvJn', '0wFmawqundY8rOn9sZUqA6']
Higher Brothers	Joji	2	['6TodWdTSDfzwgYynTZSvJn', '0wFmawqundY8rOn9sZUqA6']
Higher Brothers	Rich Brian	2	['6TodWdTSDfzwgYynTZSvJn', '0wFmawqundY8rOn9sZUqA6']
Joji	Rich Brian	2	['6TodWdTSDfzwgYynTZSvJn', '0wFmawqundY8rOn9sZUqA6']
6ix9ine	Tory Lanez	2	['1Y500yrabUJY2mIQS3RDt4', '6Gy7rXB6Ku5vIWC7WGWsl3']
Mansa	Tory Lanez	2	['36wy8sKYBYQKdOBeqA5F0U', '3Z0VsaeB0yYjZwhtiKU0td']
Logic	Ryan Tedder	2	['6e2PtJYcltVk76nLwxBzRn', '7rKKh8AGVXuNXgLBpTBTFH']
Bryson Tiller	Tory Lanez	2	['1BZdJrCYel0jMNmKY8KkUD', '7hxREMLAebTcuadofbuyJj']
Charlie Puth	Kehlani	2	['76S09sHj7GGMJAtOLjmVQ2', '1lsBTdE6MGsKeZCD6llNu7']
Daft Punk	The Weeknd	2	['5aAx2yezTd8zXrkmtKl66Z', '5GXAXm5YOmYT0kL5jHvYBt']
Travis Scott	Trippie Redd	2	['3YeJXuRSNS5FYwOsDu44kD', '4apiNNK0jp9uqn3JDG9My1']
Marshmello	Selena Gomez	2	['0tBbt8CrmxbjRP0pueQkyU', '7EmGUiUaOSGDnUUQUDrOXC']
Lil Uzi Vert	NAV	2	['1Faq8G2y56A8fRv7HsLq25', '790MhTXPFrYkrqCKvpg4t1']
Travis Barker	XXXTENTACION	2	['4zI04ezdmrN0lT2pHykYrd', '0T6RSXxFhW8dRTWHI604ld']
Jeremih	Meek Mill	2	['3lb5fWSG2p7x8ik8HN9oFR', '1lL7Sj9AitQT7YWXs6obEq']
Jeremih	PnB Rock	2	['3lb5fWSG2p7x8ik8HN9oFR', '1lL7Sj9AitQT7YWXs6obEq']
Meek Mill	PnB Rock	2	['3lb5fWSG2p7x8ik8HN9oFR', '1lL7Sj9AitQT7YWXs6obEq']
Jay Electronica	Justin Bieber	2	['0sPJELXHyWpFgkxlzvvRFI', '3XBMJF4N7ZdZrK30oGCxpN']
Jay Electronica	Poo Bear	2	['0sPJELXHyWpFgkxlzvvRFI', '3XBMJF4N7ZdZrK30oGCxpN']
Justin Bieber	Poo Bear	2	['0sPJELXHyWpFgkxlzvvRFI', '3XBMJF4N7ZdZrK30oGCxpN']
Mike WiLL Made-It	Pharrell Williams	2	['74wpYGsVh2J13iAmmg1Uln', '59LUh4amaXhgrWh6mWKbCn']
Metro Boomin	Young Thug	2	['3tkFCUaISwablf9MJydsuB', '27P4XoNXXEV4lTc3sB61RK']
Rich The Kid	Tory Lanez	2	['2cRgo1TiPm7SnPvYzvbOLf', '49NhxprbG9oTtMunQCSXxA']
Maroon 5	SZA	2	['3hBBKuWJfxlIlnd9QFoC8k', '0GxQ1A5L9xnMOytbP6eKBG']
Bea Miller	NOTD	2	['2og9I9rQwr2XdTLJUupfT1', '18W92Zm1KjLCbUIszOhpkD']
David Guetta	Martin Garrix	2	['0OlnLZY4cmQzT6ZGttvWBM', '6RnkFd8Fqqgk1Uni8RgqCQ']
Chris Stapleton	Justin Timberlake	2	['1LhMopPAallLeaeNutqbgS', '09ts3GnICqYEU5PkQCpJK3']
Nicki Minaj	Tyga	2	['4hXDobvUaXyDFLnmecoY0z', '2qfR91VvO7hRp4IajDT08h']
Rae Sremmurd	Travis Scott	2	['3qKCDFZp192KBEEtFj7fDa', '1oUudyBYVGMIC8JXeIsFzq']
Slim Jxmmi	Travis Scott	2	['3qKCDFZp192KBEEtFj7fDa', '1oUudyBYVGMIC8JXeIsFzq']
21 Savage	Cardi B	2	['75FDPwaULRdYDn4StFN2rT', '0dIoGTQXDh1wVnhIiSyYEa']
Billie Eilish	Khalid	2	['1NJcg626wLln4pGHpiV7mf', '0u2P5u6lvoDfwTYjAADbn4']
6ix9ine	Bobby Shmurda	2	['1jQvUmf16VE9WQCPuK2e8K', '6k2iq1yULhXILe0i8xQqPF']
Daddy Yankee	Justin Bieber	2	['6rPO02ozF3bM7NnOV4h6s2', '5CtI0qwDJkDQGwXD1H1cLb']
Daddy Yankee	Luis Fonsi	2	['6rPO02ozF3bM7NnOV4h6s2', '5CtI0qwDJkDQGwXD1H1cLb']
Justin Bieber	Luis Fonsi	2	['6rPO02ozF3bM7NnOV4h6s2', '5CtI0qwDJkDQGwXD1H1cLb']
Cardi B	Ozuna	2	['2m2ZGfJcs3lHWNPzhWH3XH', '4w8niZpiMy6qz1mntFA5uM']
Chris Brown	Tory Lanez	2	['5FpLsvdRNgWSEBWHx2VIkH', '615OfT4BO07EINEcCn7ewH']
Meek Mill	Tory Lanez	2	['6SPYOjTjqvidDI24Hy9lwX', '39Bq9cOTO0H8M6P9iKLVdq']
6ix9ine	Murda Beatz	2	['2E124GmJRnBJuXbTb4cPUB', '4QIyEq7TcTdAcxjI2AFlAK']
Murda Beatz	Nicki Minaj	2	['2E124GmJRnBJuXbTb4cPUB', '4QIyEq7TcTdAcxjI2AFlAK']
Drake	JAY-Z	2	['3Yw09dj3cTXsAzlLjgBfIP', '4ksuI04WMvUnJbHQjgs3L5']
Metro Boomin	WizKid	2	['0McI9sOmkpfd4E72njtU0G', '0KPiSFlz5OUCgw7nwvhYWe']
Landon Cube	Lil Skies	2	['3ZhTT6yjZwpPph5MIJ53XY', '2u7mxWSeoqTXndK5e08jMp']
Cardi B	Maroon 5	2	['6FRLCMO5TUHTexlWo8ym1W', '7fa9MBXhVfQ8P8Df9OEbD8']
Juicy J	Rae Sremmurd	2	['2yUbCEiaolfSMluDo9RMmG', '1BuZAIO8WZpavWVbbq3Lci']
Juicy J	Slim Jxmmi	2	['2yUbCEiaolfSMluDo9RMmG', '1BuZAIO8WZpavWVbbq3Lci']
Juicy J	Swae Lee	2	['2yUbCEiaolfSMluDo9RMmG', '1BuZAIO8WZpavWVbbq3Lci']
Grey	Maren Morris	2	['09IStsImFySgyp0pIQdqAc', '2ARqIya5NAuvFVHSN3bL0m']
Grey	Zedd	2	['09IStsImFySgyp0pIQdqAc', '2ARqIya5NAuvFVHSN3bL0m']
Maren Morris	Zedd	2	['09IStsImFySgyp0pIQdqAc', '2ARqIya5NAuvFVHSN3bL0m']
Bradley Cooper	Lady Gaga	2	['2VxeLyX666F8uXCJ0dZF8B', '5lK18Pt33xNudq4qYDxIm8']
Kanye West	PARTYNEXTDOOR	2	['6Bg7MznA9X0dIhlAsLyBYj', '3dG6tjetoR4GMmUGZUprLt']
Brando	Loud Luxury	2	['7K7MUBCnzgBAvMVW2RTWNs', '43V1z6QToNNWNldV4FEG6r']
Gesaffelstein	The Weeknd	2	['13wNEvWmBsWaWVtiLPRIW5', '56d6kYZhfhzpoC3s1dRU2V']
A$AP Rocky	Famous Dex	2	['3ncgNpxLoBQ65ABk4djDyd', '0dSIrRkA4PadGll16TgbnV']
Kendrick Lamar	Rich The Kid	2	['0eHCArTPhwUxatY7cEXRiK', '4pYZLpX23Vx8rwDpJCpPTA']
Camila Cabello	Young Thug	2	['1rfofaqEpACxVEHIZBJe6W', '0ofbQMrRDsUaVKq2mGLEAb']
Jack & Jack	Jonas Blue	2	['3KLygy1YWhmrQx0GRs7IOx', '3u1S1OmAUhx5DRlLrXqyp3']
Cardi B	Nicki Minaj	2	['1YZfcVLbbJwfizR5cDOp3q', '4wFjTWCunQFKtukqrNijEt']
Migos	Nicki Minaj	2	['1YZfcVLbbJwfizR5cDOp3q', '4wFjTWCunQFKtukqrNijEt']
Big Sean	Travis Scott	2	['3wAI7MIQtTgwcRmwchPZBc', '2KokOIKdw4zZutDil85Ugh']
KYLE	Kehlani	2	['4F1yvJfQ7gJkrcgFJQDjOr', '43cFjTTCD9Cni4aSL0sORz']
Gunna	NAV	2	['4JjerUTEnRGocSRT74VsaH', '6PoKfDY78ih5OveWirggRX']
Cashmere Cat	Major Lazer	2	['7HdZY9UJTylIiNcSDFyUDc', '0as7lPxkBPctZ7uVmchRNM']
Cashmere Cat	Tory Lanez	2	['7HdZY9UJTylIiNcSDFyUDc', '0as7lPxkBPctZ7uVmchRNM']
Major Lazer	Tory Lanez	2	['7HdZY9UJTylIiNcSDFyUDc', '0as7lPxkBPctZ7uVmchRNM']
Imagine Dragons	Kygo	2	['4M3FO0ji6Lc8vwD1sgf1nc', '0kHyKhJMukHEPfeh8s7rdM']
Eminem	Nate Dogg	2	['6yr8GiTHWvFfi4o6Q5ebdT', '4xkOaSrkexMciUUogZKVTS']
Kendrick Lamar	The Weeknd	2	['4ofvoCdXq99vpMZO4Cfp8x', '77UjLW8j5UAGAGVGhR5oUK']
J. Cole	kiLL edward	2	['6onwlDmIVKE8bBgyBRSuS0', '3rFF7kSm5qBOOPs6ljFgPp']
Jonas Blue	Lennon Stella	2	['6XqvFyJGdUD5IWee02ARKU', '1wsLHgXJ4SKIfd5ePSX1hD']
Jonas Blue	Liam Payne	2	['6XqvFyJGdUD5IWee02ARKU', '1wsLHgXJ4SKIfd5ePSX1hD']
Lennon Stella	Liam Payne	2	['6XqvFyJGdUD5IWee02ARKU', '1wsLHgXJ4SKIfd5ePSX1hD']
Swae Lee	Wiz Khalifa	2	['4uX8Wh4wxpLne11BhoHs5x', '7IBSffWIu7P2MC7kMwy2FM']
Chance the Rapper	DJ Khaled	2	['5WvAo7DNuPRmk4APhdPzi8', '3DXncPQOG4VBw3QHh3S817']
Chance the Rapper	Justin Bieber	2	['5WvAo7DNuPRmk4APhdPzi8', '3DXncPQOG4VBw3QHh3S817']
Chance the Rapper	Quavo	2	['5WvAo7DNuPRmk4APhdPzi8', '3DXncPQOG4VBw3QHh3S817']
DJ Khaled	Justin Bieber	2	['5WvAo7DNuPRmk4APhdPzi8', '3DXncPQOG4VBw3QHh3S817']
DJ Khaled	Quavo	2	['5WvAo7DNuPRmk4APhdPzi8', '3DXncPQOG4VBw3QHh3S817']
Justin Bieber	Quavo	2	['5WvAo7DNuPRmk4APhdPzi8', '3DXncPQOG4VBw3QHh3S817']
Lil Peep	XXXTENTACION	2	['4jvjzW7Hm0yK4LvvE0Paz9', '0Dn40gxVCMo5TkgS8Ik18Q']
J Balvin	Nicky Jam	2	['39N9RPD9MRb5WmoLzNzPeA', '6JjPBQfI2Y8nIjnm65X6Pw']
Anne-Marie	David Guetta	2	['2zy9TMoZlYGuCNY4TLqG24', '2lYTJK94hb0fd1LQtb6Dhk']
French Montana	Tinashe	2	['5JPpRCB1m5Puo3KyVzoICw', '6XddLa3bdlJJQC6sImufdH']
French Montana	Ty Dolla $ign	2	['5JPpRCB1m5Puo3KyVzoICw', '6XddLa3bdlJJQC6sImufdH']
Tinashe	Ty Dolla $ign	2	['5JPpRCB1m5Puo3KyVzoICw', '6XddLa3bdlJJQC6sImufdH']
21 Savage	Kodak Black	2	['1HLL8X0LH20F6Z9SLXLIjr', '42k9e2hgl98IdgkXLg4pxs']
Kodak Black	Metro Boomin	2	['1HLL8X0LH20F6Z9SLXLIjr', '42k9e2hgl98IdgkXLg4pxs']
2 Chainz	Big Sean	2	['0ZNrc4kNeQYD9koZ3KvCsy', '2RM4jf1Xa9zPgMGRDiht8O']
2 Chainz	Nicki Minaj	2	['0ZNrc4kNeQYD9koZ3KvCsy', '2RM4jf1Xa9zPgMGRDiht8O']
2 Chainz	YG	2	['0ZNrc4kNeQYD9koZ3KvCsy', '2RM4jf1Xa9zPgMGRDiht8O']
Big Sean	Nicki Minaj	2	['0ZNrc4kNeQYD9koZ3KvCsy', '2RM4jf1Xa9zPgMGRDiht8O']
Big Sean	YG	2	['0ZNrc4kNeQYD9koZ3KvCsy', '2RM4jf1Xa9zPgMGRDiht8O']
Nicki Minaj	YG	2	['0ZNrc4kNeQYD9koZ3KvCsy', '2RM4jf1Xa9zPgMGRDiht8O']
Jason Derulo	Nicki Minaj	2	['6kex4EBAj0WHXDKZMEJaaF', '5Xn4IyTtW6FUGIUyWjbUHG']
Ed Sheeran	Eminem	2	['1cS0TgbR263ey9jn0MwD2s', '5UEnHoDYpsxlfzWLZIc7LD']
A$AP Rocky	Moby	2	['1YmF9PvLhIISIANoMLIYGq', '3oHkMCVJyOcjg5FhfLc2Rq']
Drake	Static Major	2	['4IvenHmD0spfFDOKphoUDp', '3mvYQKm8h6M5K5h0nVPY9S']
Drake	Ty Dolla $ign	2	['4IvenHmD0spfFDOKphoUDp', '3mvYQKm8h6M5K5h0nVPY9S']
Static Major	Ty Dolla $ign	2	['4IvenHmD0spfFDOKphoUDp', '3mvYQKm8h6M5K5h0nVPY9S']
A Boogie Wit da Hoodie	Offset	2	['6uSSupG4TMu3vW8QgynAB6', '0jAfdqv18goRTUxm3ilRjb']
A Boogie Wit da Hoodie	Tyga	2	['6uSSupG4TMu3vW8QgynAB6', '0jAfdqv18goRTUxm3ilRjb']
Khalid	Shawn Mendes	2	['5SwEgzUFDHwpWHKrbnP32Z', '3Wf2YGdYT8xVdNsQSoRKk9']
Gucci Mane	Ty Dolla $ign	2	['2R7Gn3cjnPaVO0Oj8nsTDP', '0TFVOjSvPTjFHkiZZekK5k']
Quavo	Ty Dolla $ign	2	['2R7Gn3cjnPaVO0Oj8nsTDP', '0TFVOjSvPTjFHkiZZekK5k']
Lil Uzi Vert	Oh Wonder	2	['2eAZfqOm4EnOF9VvN50Tyc', '6GNifiuBPrKFpwNBYnooFm']
Alesso	Florida Georgia Line	2	['5AEtlRudpgdT5FtNiuly6Y', '5Gu0PDLN4YJeW75PpBSg9p']
Alesso	Hailee Steinfeld	2	['5AEtlRudpgdT5FtNiuly6Y', '5Gu0PDLN4YJeW75PpBSg9p']
Alesso	watt	2	['5AEtlRudpgdT5FtNiuly6Y', '5Gu0PDLN4YJeW75PpBSg9p']
Florida Georgia Line	Hailee Steinfeld	2	['5AEtlRudpgdT5FtNiuly6Y', '5Gu0PDLN4YJeW75PpBSg9p']
Florida Georgia Line	watt	2	['5AEtlRudpgdT5FtNiuly6Y', '5Gu0PDLN4YJeW75PpBSg9p']
Hailee Steinfeld	watt	2	['5AEtlRudpgdT5FtNiuly6Y', '5Gu0PDLN4YJeW75PpBSg9p']
6LACK	Khalid	2	['6Hgh47WXVKtXN5zGOu0hjI', '1AROE0XcC4ySCxXF65mutZ']
Halsey	Khalid	2	['7FGq80cy8juXBCD2nrqdWU', '0d2iYfpKoM0QCKvcLCkBao']
Halsey	benny blanco	2	['7FGq80cy8juXBCD2nrqdWU', '0d2iYfpKoM0QCKvcLCkBao']
Khalid	benny blanco	2	['7FGq80cy8juXBCD2nrqdWU', '0d2iYfpKoM0QCKvcLCkBao']
Little Mix	Nicki Minaj	2	['222B3aljXx6fFwKmFjuBED', '6rrTr2HEAzlpC4KWZxF3S1']
Bruno Mars	Gucci Mane	2	['2G1tXoGBaEMJ7FKGnkf6ud', '0QIjsbm2fh1cJ45XO9eGqq']
Bruno Mars	Kodak Black	2	['2G1tXoGBaEMJ7FKGnkf6ud', '0QIjsbm2fh1cJ45XO9eGqq']
Gucci Mane	Kodak Black	2	['2G1tXoGBaEMJ7FKGnkf6ud', '0QIjsbm2fh1cJ45XO9eGqq']
Clean Bandit	Demi Lovato	2	['6kPJZM97LwdG9QIsT7khp6', '3NuK5xMlSlB6K2Qp16zf3h']
NAV	Tory Lanez	2	['0RqAy8W6YmeDrJ4EcWIMTl', '2MyCT1iCuBUhcO8zbjOyRW']
Bebe Rexha	Florida Georgia Line	2	['7iDa6hUg2VgEL1o1HjmfBn', '4e4fqjx0Izh4svvTef1z7e']
Eminem	Jessie Reyez	2	['4g32MdRoqwGKQd3NXIRhpU', '09FfQO3PqHO4HIJL511Ksi']
Offset	Quavo	2	['6urLjX35oXXRYtcH1b3dCh', '0P1O6JO2i19etVxXqgPHpa']
Logic	Marshmello	2	['6zOhgKfbMiQWToE6K13s2s', '4EAV2cKiqKP5UPZmY6dejk']
Drake	Kyla	2	['1xznGGDReH1oQq0xzbwXa3', '1zi7xx7UVEFkmKfv06H8x0']
Drake	WizKid	2	['1xznGGDReH1oQq0xzbwXa3', '1zi7xx7UVEFkmKfv06H8x0']
Kyla	WizKid	2	['1xznGGDReH1oQq0xzbwXa3', '1zi7xx7UVEFkmKfv06H8x0']
Lil Yachty	Tee Grizzley	2	['5Zx9VpLotu9aFYqq61NAip', '0KmgnnbSO6Iqye27Rdtv13']
Kodak Black	Offset	2	['0FZ4Dmg8jJJAPJnvBIzD9z', '7l3E7lcozEodtVsSTCkcaA']
Lil Baby	Meek Mill	1	['1Szfm2XAx3Kgl55dyl8sTU']
Eartha Kitt	Henri Rene & His Orchestra	1	['1foCxQtxBweJtZmdxhEHVO']
Camila Cabello	Daddy Yankee	1	['3whrwq4DtvucphBPUogRuJ']
Khalid	Normani	1	['45Egmo7icyopuzJN0oMEdk']
Becky G	Natti Natasha	1	['2ijef6ni2amuunRoKTlgww']
Lil Wayne	Ty Dolla $ign	1	['3vWzyGTu6Ovo1GdrcJqH6e']
Ty Dolla $ign	XXXTENTACION	1	['3vWzyGTu6Ovo1GdrcJqH6e']
Alessia Cara	Zedd	1	['0I20rLT2MJDhcF96AjbNYo']
Gunna	Young Stoner Life Records	1	['0kCBorRrKZkSztd9m0QI3r']
Lil Baby	Young Stoner Life Records	1	['0kCBorRrKZkSztd9m0QI3r']
Bad Bunny	Casper Magico	1	['3V8UKqhEK5zBkBb6d6ub8i']
Bad Bunny	Darell	1	['3V8UKqhEK5zBkBb6d6ub8i']
Bad Bunny	Nicky Jam	1	['3V8UKqhEK5zBkBb6d6ub8i']
Bad Bunny	Nio Garcia	1	['3V8UKqhEK5zBkBb6d6ub8i']
Bad Bunny	Ozuna	1	['3V8UKqhEK5zBkBb6d6ub8i']
Casper Magico	Darell	1	['3V8UKqhEK5zBkBb6d6ub8i']
Casper Magico	Nicky Jam	1	['3V8UKqhEK5zBkBb6d6ub8i']
Casper Magico	Nio Garcia	1	['3V8UKqhEK5zBkBb6d6ub8i']
Casper Magico	Ozuna	1	['3V8UKqhEK5zBkBb6d6ub8i']
Darell	Nicky Jam	1	['3V8UKqhEK5zBkBb6d6ub8i']
Darell	Nio Garcia	1	['3V8UKqhEK5zBkBb6d6ub8i']
Darell	Ozuna	1	['3V8UKqhEK5zBkBb6d6ub8i']
Nicky Jam	Nio Garcia	1	['3V8UKqhEK5zBkBb6d6ub8i']
Nio Garcia	Ozuna	1	['3V8UKqhEK5zBkBb6d6ub8i']
Cardi B	Kehlani	1	['5DfWF0jqMgZDCiu9zJENTA']
Lil Uzi Vert	Migos	1	['4Km5HrUvYTaSUfiSGPJeQR']
6ix9ine	DJ SpinKing	1	['6kp0inxIexxSiDJfWqq0ZL']
6ix9ine	Young Thug	1	['1Y500yrabUJY2mIQS3RDt4']
Tory Lanez	Young Thug	1	['1Y500yrabUJY2mIQS3RDt4']
Mansa	Wiz Khalifa	1	['3Z0VsaeB0yYjZwhtiKU0td']
Tory Lanez	Wiz Khalifa	1	['3Z0VsaeB0yYjZwhtiKU0td']
Kirsty MacColl	The Pogues	1	['3VTNVsTTu05dmTsVFrmGpK']
Cardi B	Meek Mill	1	['3DnZfpfe8wLeJgzc00gKeW']
Lil Pump	Tee Grizzley	1	['2VKf0WEOpq06JE5PTNr9wa']
Jesse	Swae Lee	1	['61sqsOPon94ecMskeEXwev']
Jesse	benny blanco	1	['61sqsOPon94ecMskeEXwev']
Swae Lee	benny blanco	1	['61sqsOPon94ecMskeEXwev']
Beyoncé	J Balvin	1	['7fwXWKdDNI5IutOMc5OKYw']
Beyoncé	Willy William	1	['7fwXWKdDNI5IutOMc5OKYw']
Marshmello	Migos	1	['0nhVrTiCGiGRCoZOJiWzm1']
Juice WRLD	Seezyn	1	['6rz0dTA0PdhXImFV5EjM0w']
Future	James Blake	1	['51rXHuKN8Loc4sUlKPODgH']
Future	Jay Rock	1	['51rXHuKN8Loc4sUlKPODgH']
Future	Kendrick Lamar	1	['51rXHuKN8Loc4sUlKPODgH']
James Blake	Jay Rock	1	['51rXHuKN8Loc4sUlKPODgH']
James Blake	Kendrick Lamar	1	['51rXHuKN8Loc4sUlKPODgH']
Jay Rock	Kendrick Lamar	1	['51rXHuKN8Loc4sUlKPODgH']
Justin Jesso	Kygo	1	['0Zbbxnx4SGGHoIow4PpISP']
6ix9ine	Gunna	1	['26jYPsHHSOxCTz4cLt6SbQ']
Maluma	Shakira	1	['7DrluKkTviBwCc8AV3VGmf']
Drake	Travis Scott	1	['2bjwRfXMk4uRgOD9IBYl9h']
A$AP Rocky	Cardi B	1	['2DQ1ITjI0YoLFzuADN1ZBW']
A$AP Rocky	G-Eazy	1	['2DQ1ITjI0YoLFzuADN1ZBW']
Cardi B	G-Eazy	1	['2DQ1ITjI0YoLFzuADN1ZBW']
Ella Mai	Meek Mill	1	['6irE4Fbjbry3czv7mTxVSB']
G-Eazy	Halsey	1	['5k38wzpLb15YgncyWdTZE4']
Kodak Black	Meek Mill	1	['35J4wXQeRuHNOEArMy6FOe']
A$AP Rocky	YG	1	['50wkDxcIfamIajKwmgp0iB']
Kodak Black	Lil Pump	1	['40Rpg3LkZwwzuHJ3GdjMma']
Juice WRLD	Trippie Redd	1	['75lcPkAkUsKWHGBlGM476R']
Cardi B	DJ Khaled	1	['22mQXNE0nCuWq4yOwcadIn']
Cardi B	Jennifer Lopez	1	['22mQXNE0nCuWq4yOwcadIn']
DJ Khaled	Jennifer Lopez	1	['22mQXNE0nCuWq4yOwcadIn']
Chris Brown	Joyner Lucas	1	['34I0nBvoE0ZXmqbKiJ5BWS']
Khalid	Marshmello	1	['7vGuf3Y35N4wmASOKLUVVU']
Juice WRLD	Young Thug	1	['3fFBZvG777xoKyvcrBq7lc']
A Boogie Wit da Hoodie	Juice WRLD	1	['3L19besdNQzd342qL78xqm']
50 Cent	Tory Lanez	1	['4fdXiz0uJKg3HUOVj1p6iL']
Kendrick Lamar	Mike WiLL Made-It	1	['74wpYGsVh2J13iAmmg1Uln']
Kendrick Lamar	Pharrell Williams	1	['74wpYGsVh2J13iAmmg1Uln']
Hailee Steinfeld	Logic	1	['2zIAPysksDdMAiG33qH6kW']
Travis Scott	Young Thug	1	['27P4XoNXXEV4lTc3sB61RK']
Khalid	Martin Garrix	1	['3nc420PXjTdBV5TN0gCFkS']
Lil Pump	Lil Yachty	1	['3ALgsy4RtDm58xl3VNoSgZ']
Lil Pump	Offset	1	['3ALgsy4RtDm58xl3VNoSgZ']
Charlie Puth	G-Eazy	1	['3qk4wRMDlaeagZGjSYbsOV']
6LACK	Future	1	['6rJmWa5DvQ3Nby3tdcX2L0']
Brooks	David Guetta	1	['6RnkFd8Fqqgk1Uni8RgqCQ']
Brooks	Martin Garrix	1	['6RnkFd8Fqqgk1Uni8RgqCQ']
Ashanti	Lil Wayne	1	['6wqWfSOZvTK18SAczoYm1L']
Ashanti	Mack Maine	1	['6wqWfSOZvTK18SAczoYm1L']
Lil Wayne	Mack Maine	1	['6wqWfSOZvTK18SAczoYm1L']
Brendon Urie	Juice WRLD	1	['1KVczjazCcCCgM3gXXUl47']
Brendon Urie	benny blanco	1	['1KVczjazCcCCgM3gXXUl47']
Juice WRLD	benny blanco	1	['1KVczjazCcCCgM3gXXUl47']
Belly	M.I.A.	1	['7xV2KiZcW7oUCUyYWzrxnC']
Belly	Meek Mill	1	['7xV2KiZcW7oUCUyYWzrxnC']
M.I.A.	Meek Mill	1	['7xV2KiZcW7oUCUyYWzrxnC']
Ed Sheeran	Future	1	['2x0WlnmfG39ZuDmstl9xfX']
Ed Sheeran	Taylor Swift	1	['2x0WlnmfG39ZuDmstl9xfX']
Future	Taylor Swift	1	['2x0WlnmfG39ZuDmstl9xfX']
Lil Uzi Vert	Murda Beatz	1	['1zDwQIp3BgbH9dSmYtPBDH']
Lil Uzi Vert	Pressa	1	['1zDwQIp3BgbH9dSmYtPBDH']
Murda Beatz	Pressa	1	['1zDwQIp3BgbH9dSmYtPBDH']
BloodPop®	Justin Bieber	1	['7nZmah2llfvLDiUjm0kiyz']
Blac Youngsta	BlocBoy JB	1	['61TklWcG8PbT5hvUTzwLaY']
Blac Youngsta	G-Eazy	1	['61TklWcG8PbT5hvUTzwLaY']
BlocBoy JB	G-Eazy	1	['61TklWcG8PbT5hvUTzwLaY']
Gucci Mane	Metro Boomin	1	['6qZANDqrSAvfuSjcxBP1PD']
Gucci Mane	Kevin Gates	1	['1CoYSKw2gTtSfrK2704AEz']
Jaden	Young Thug	1	['1Jl21sidRpEdlVBvYbssLx']
Bad Bunny	Drake	1	['116H0KvKr2Zl4RPuVBruDO']
21 Savage	Offset	1	['5u6vkDnOyaf8LsteDAj2ub']
Nicki Minaj	Post Malone	1	['6IaieqiCVvsNvEt6Y7yOFa']
Manuel Turizo	Ozuna	1	['48zFZh27QU5qsrBjn4C2FA']
Alicia Keys	Justin Timberlake	1	['3KnLHwhRhJGuQM822JVSoI']
Skrillex	Travis Scott	1	['0u695M7KyzXaPIjpEbxOkB']
Eminem	"Royce Da 5'9"""	1	['28FGV3ORH14MYORd7s5dlU']
Bebe Rexha	Machine Gun Kelly	1	['0OI7AFifLSoGzpb8bdBLLV']
Bebe Rexha	X Ambassadors	1	['0OI7AFifLSoGzpb8bdBLLV']
Machine Gun Kelly	X Ambassadors	1	['0OI7AFifLSoGzpb8bdBLLV']
16yrold	KILLY	1	['1EuVCg1G7fVjuhKurU7m2b']
Kanye West	Lil Pump	1	['4S8d14HvHb70ImctNgVzQQ']
Macklemore	Skylar Grey	1	['0CokSRCu5hZgPxcZBaEzVE']
Nicki Minaj	Young Thug	1	['5I30ByMf5nhgbSokY1EZiN']
DJ A1	YBN Nahmir	1	['00gpGR84M27moP7AFuqHIx']
A$AP Rocky	Skepta	1	['7ycWLEP1GsNjVvcjawXz3z']
Dynoro	Gigi D'Agostino	1	['0E9ZjEAyAwOXZ7wJC0PD33']
Chris Lane	Tori Kelly	1	['4fv0mLkB3wY4Z2GAG1mWAN']
A$AP Rocky	FKA twigs	1	['1AqemxWsT0iGg5Lvkm16Bt']
Lil Yachty	Playboi Carti	1	['3m2aDCqn8eT5ElXDUiboGU']
Bing Crosby	John Scott Trotter & His Orchestra	1	['4so0Wek9Ig1p6CRCHuINwW']
Bing Crosby	Ken Darby Singers	1	['4so0Wek9Ig1p6CRCHuINwW']
John Scott Trotter & His Orchestra	Ken Darby Singers	1	['4so0Wek9Ig1p6CRCHuINwW']
Vince Staples	Yugen Blakrok	1	['7bUcBztfGqO7cSI2gMZeCI']
2 Chainz	Saudi	1	['4LmAnpjlhWTahvRkYR8xJa']
2 Chainz	ScHoolboy Q	1	['4LmAnpjlhWTahvRkYR8xJa']
Saudi	ScHoolboy Q	1	['4LmAnpjlhWTahvRkYR8xJa']
Coldplay	The Chainsmokers	1	['6RUKPb4LETWmmr3iAEQktW']
Khalid	Rich The Kid	1	['4j30n3zuJQJ5qGA6rSTaST']
Reese LAFLARE	Trippie Redd	1	['2c3qwFINQyRGwyqI97UQiA']
Reese LAFLARE	Young Thug	1	['2c3qwFINQyRGwyqI97UQiA']
Trippie Redd	Young Thug	1	['2c3qwFINQyRGwyqI97UQiA']
Miguel	Travis Scott	1	['5WoaF1B5XIEnWfmb5NZikf']
KIDS SEE GHOSTS	Yasiin Bey	1	['2I3dW2dCBZAJGj5X21E53k']
Julia Michaels	Shawn Mendes	1	['5QskYLFPX9y7pLU0VEMNbr']
BLACKPINK	Dua Lipa	1	['13hvHEstJ4sNbzdroPrPI3']
Future	Nicki Minaj	1	['2MfcvcvWSUkstTDZXYIakq']
Liam Payne	Quavo	1	['6EpRaXYhGOB3fj4V2uDkMJ']
21 Savage	Future	1	['6fwdbPMwP1zVStm8FybmkO']
Future	Metro Boomin	1	['6fwdbPMwP1zVStm8FybmkO']
Clean Bandit	Luis Fonsi	1	['1fLhGF1JfGQYj6EZLndD86']
Clean Bandit	MARINA	1	['1fLhGF1JfGQYj6EZLndD86']
Luis Fonsi	MARINA	1	['1fLhGF1JfGQYj6EZLndD86']
Gucci Mane	Lil Pump	1	['384Oc8MQzITdL2DGyCeivN']
Lil Uzi Vert	Playboi Carti	1	['2BJSMvOGABRxokHKB0OI8i']
2 Chainz	Chris Brown	1	['615OfT4BO07EINEcCn7ewH']
2 Chainz	Tory Lanez	1	['615OfT4BO07EINEcCn7ewH']
Keala Settle	The Greatest Showman Ensemble	1	['2xGjteMU3E1tkEPVFBO08U']
21 Savage	BlocBoy JB	1	['7sB2rmolvEt77KFPCraSNc']
21 Savage	Ty Dolla $ign	1	['1u0CD4fcBUB1xrG9fNgejh']
J Balvin	Metro Boomin	1	['0KPiSFlz5OUCgw7nwvhYWe']
J Balvin	Offset	1	['0KPiSFlz5OUCgw7nwvhYWe']
J Balvin	WizKid	1	['0KPiSFlz5OUCgw7nwvhYWe']
Offset	WizKid	1	['0KPiSFlz5OUCgw7nwvhYWe']
Juice WRLD	Lil Uzi Vert	1	['3obgSF06ki98lYNLNq5vCB']
Post Malone	Quavo	1	['3a1lNhkSLSkpJE4MSHpDu9']
Nicki Minaj	The Weeknd	1	['5vAEnWrHxLv78uwZrAJcX6']
Anuel AA	Fabolous	1	['2tnlNVAhuQGgoFJxALVeXx']
Anuel AA	Meek Mill	1	['2tnlNVAhuQGgoFJxALVeXx']
Fabolous	Meek Mill	1	['2tnlNVAhuQGgoFJxALVeXx']
Avicii	Rita Ora	1	['2OALaHcDdKkjYEpAr0Qzab']
Cheat Codes	Kiiara	1	['2zLIP4R6Yt3afkyh7uhmar']
Becky G	David Guetta	1	['3soOPBuMK8YMdWnV7xpEyf']
Becky G	Sean Paul	1	['3soOPBuMK8YMdWnV7xpEyf']
David Guetta	Sean Paul	1	['3soOPBuMK8YMdWnV7xpEyf']
Kendrick Lamar	Zacari	1	['6PGoSes0D9eUDeeAafB2As']
Louis The Child	Wafia	1	['447yWcDPg1ddgcHBLGpJC0']
Lil Wayne	Nivea	1	['7cG6SxmQ24hQWnR8UThrk2']
Ariana Grande	Missy Elliott	1	['4b7mLZQWsy0rLnrMtPA9fQ']
Kygo	Miguel	1	['6xTU6B6nFwKKTSZ9ySXS80']
Chantel Jeffries	Offset	1	['50phRe11Y2nC2N968jVU53']
Chantel Jeffries	Vory	1	['50phRe11Y2nC2N968jVU53']
Offset	Vory	1	['50phRe11Y2nC2N968jVU53']
Diplo	Ellie Goulding	1	['5JEx7HbmvHQQswJCsoo9rA']
Diplo	Swae Lee	1	['5JEx7HbmvHQQswJCsoo9rA']
Ellie Goulding	Swae Lee	1	['5JEx7HbmvHQQswJCsoo9rA']
A$AP Ferg	MadeinTYO	1	['6f5i916F3jU6BhOOD7iGqf']
Abir	Cash Cash	1	['0p0ljM6RxgpGt7wthGqBZa']
"Bobby ""Boris"" Pickett"	The Crypt-Kickers	1	['0xxZY5C9xxij3D1HkzbnfC']
David Guetta	Jamie Scott	1	['0OlnLZY4cmQzT6ZGttvWBM']
David Guetta	Romy Dya	1	['0OlnLZY4cmQzT6ZGttvWBM']
Jamie Scott	Martin Garrix	1	['0OlnLZY4cmQzT6ZGttvWBM']
Jamie Scott	Romy Dya	1	['0OlnLZY4cmQzT6ZGttvWBM']
Martin Garrix	Romy Dya	1	['0OlnLZY4cmQzT6ZGttvWBM']
Elley Duhé	Zedd	1	['4keoy2fqgwGnbWlm3ZVZFa']
Camila Cabello	Pharrell Williams	1	['6XlSyYFTU1nodeWwwzVgTV']
Logic	Wiz Khalifa	1	['0jqBo5RYn008f4ZY8kPewW']
Drake	Metro Boomin	1	['304CtPEPYQS6hbM4CubVti']
Drake	Offset	1	['304CtPEPYQS6hbM4CubVti']
Lil Baby	Lil Yachty	1	['1Wc1SQwiThvSu9dMc5opth']
Cardi B	Madonna	1	['2i4WKnGYntsN4jEvDjkKBE']
Cardi B	Quavo	1	['2i4WKnGYntsN4jEvDjkKBE']
Madonna	Quavo	1	['2i4WKnGYntsN4jEvDjkKBE']
Lil Wayne	Sosamann	1	['3JX0dOCIAiaR8MP3ryXWuM']
21 Savage	Migos	1	['4BHzHISX21PYwGXiBEUQ70']
Andrez Babii	Judah	1	['14boA065HMHWvqyPPEeN4y']
Andrez Babii	Rio Santana	1	['14boA065HMHWvqyPPEeN4y']
Andrez Babii	XXXTENTACION	1	['14boA065HMHWvqyPPEeN4y']
Judah	Rio Santana	1	['14boA065HMHWvqyPPEeN4y']
Judah	XXXTENTACION	1	['14boA065HMHWvqyPPEeN4y']
Rio Santana	XXXTENTACION	1	['14boA065HMHWvqyPPEeN4y']
Idina Menzel	Michael Bublé	1	['0Ie5uiv54KgCr7P4sYDTHl']
PnB Rock	XXXTENTACION	1	['6rAGFgcGtlIdYxlhDizXNo']
Lil Wayne	Swizz Beatz	1	['3wScL5W8H40zzCKN0atfBk']
Diplo	Dua Lipa	1	['5N4erncE7kuUccm7zEmwzk']
Diplo	Mark Ronson	1	['5N4erncE7kuUccm7zEmwzk']
Diplo	Silk City	1	['5N4erncE7kuUccm7zEmwzk']
Dua Lipa	Mark Ronson	1	['5N4erncE7kuUccm7zEmwzk']
Dua Lipa	Silk City	1	['5N4erncE7kuUccm7zEmwzk']
Mark Ronson	Silk City	1	['5N4erncE7kuUccm7zEmwzk']
2 Chainz	Migos	1	['4TAifFqlNkBvrycHbWV9Ew']
(G)I-DLE	Jaira Burns	1	['5sbooPcNgIE22DwO0VNGUJ']
(G)I-DLE	K/DA	1	['5sbooPcNgIE22DwO0VNGUJ']
(G)I-DLE	League of Legends	1	['5sbooPcNgIE22DwO0VNGUJ']
(G)I-DLE	Madison Beer	1	['5sbooPcNgIE22DwO0VNGUJ']
Jaira Burns	K/DA	1	['5sbooPcNgIE22DwO0VNGUJ']
Jaira Burns	League of Legends	1	['5sbooPcNgIE22DwO0VNGUJ']
Jaira Burns	Madison Beer	1	['5sbooPcNgIE22DwO0VNGUJ']
K/DA	League of Legends	1	['5sbooPcNgIE22DwO0VNGUJ']
K/DA	Madison Beer	1	['5sbooPcNgIE22DwO0VNGUJ']
League of Legends	Madison Beer	1	['5sbooPcNgIE22DwO0VNGUJ']
Beyoncé	Ed Sheeran	1	['1bhUWB0zJMIKr9yVPrkEuI']
Jonas Blue	William Singe	1	['0NiXXAI876aGImAd6rTj8w']
Beyoncé	Eminem	1	['5PIBgH1cUFwu5IiUk9tnN9']
Julia Michaels	Lauv	1	['2hnxrRNzF74mdDzpQZQukQ']
Joey Bada$$	XXXTENTACION	1	['7J2gyNghNTzl4EsLhXp01Q']
Bad Bunny	Cardi B	1	['58q2HKrzhC3ozto2nDdN4z']
Bad Bunny	J Balvin	1	['58q2HKrzhC3ozto2nDdN4z']
Cardi B	J Balvin	1	['58q2HKrzhC3ozto2nDdN4z']
A$AP Rocky	Juicy J	1	['5N521RK66Z1FP0Oz6B4OlT']
Lil Wayne	Reginae Carter	1	['05r1GGg1Rhs0RcUg27C82a']
A$AP Rocky	BlocBoy JB	1	['3ZYwSDF9knZI0RVlKR4PHC']
Jonas Blue	Sabrina Carpenter	1	['0RUTnY2B3s05fZuCHsNaUP']
Kesha	Macklemore	1	['2Za1AlJNvksouPPWbXpR2X']
Lil Yachty	Murda Beatz	1	['3B3fVhuPlAlaIdpD1XOjUP']
Lil Yachty	Smokepurpp	1	['3B3fVhuPlAlaIdpD1XOjUP']
Murda Beatz	Offset	1	['3B3fVhuPlAlaIdpD1XOjUP']
Offset	Smokepurpp	1	['3B3fVhuPlAlaIdpD1XOjUP']
Big Sean	Migos	1	['2KokOIKdw4zZutDil85Ugh']
Big Sean	Ty Dolla $ign	1	['2KokOIKdw4zZutDil85Ugh']
Migos	Travis Scott	1	['2KokOIKdw4zZutDil85Ugh']
Migos	Ty Dolla $ign	1	['2KokOIKdw4zZutDil85Ugh']
Travis Scott	Ty Dolla $ign	1	['2KokOIKdw4zZutDil85Ugh']
Bonn	Martin Garrix	1	['4ut5G4rgB1ClpMTMfjoIuy']
Cape Tula	Yen Dough	1	['1KGGDIgCfSO3mYq0Ljqmjy']
Cape Tula	Yes Mccan	1	['1KGGDIgCfSO3mYq0Ljqmjy']
Yen Dough	Yes Mccan	1	['1KGGDIgCfSO3mYq0Ljqmjy']
Loud Luxury	anders	1	['15fZrZhdK0g1BS9sDeW6sD']
Kanye West	Lil Uzi Vert	1	['3DoBTwfr8yi2LN08SBpFkN']
Kanye West	Travis Scott	1	['3DoBTwfr8yi2LN08SBpFkN']
Lil Uzi Vert	Travis Scott	1	['3DoBTwfr8yi2LN08SBpFkN']
B. Swanson Quartet	Frank Sinatra	1	['7inXu0Eaeg02VsM8kHNvzM']
J Balvin	Liam Payne	1	['0Y4hwUppbGc8aIBmiTz30A']
Juice WRLD	Ski Mask The Slump God	1	['74lnM5V6ecvoTPV0fvptx9']
Ozuna	Tory Lanez	1	['0CYLDwvvpJQySLA5CvqvSl']
Taylor Swift	ZAYN	1	['3NdDpSvN911VPGivFlV5d0']
Mike WiLL Made-It	Station Wagon P	1	['59LUh4amaXhgrWh6mWKbCn']
Pharrell Williams	Station Wagon P	1	['59LUh4amaXhgrWh6mWKbCn']
Quavo	Saweetie	1	['1kvt3N2KmoSAunaEJNrgNM']
Daniel Caesar	Jessie Reyez	1	['0qynxleiY0wavOijAW9trC']
David Bowie	Queen	1	['2fuCquhmrzHpu5xcA1ci9x']
Cardi B	SZA	1	['1f5PNhkNgUpvDEeZfcIlO1']
Bryson Tiller	DJ Khaled	1	['1OAh8uOEOvTDqkKFsKksCi']
Bryson Tiller	Rihanna	1	['1OAh8uOEOvTDqkKFsKksCi']
DJ Khaled	Rihanna	1	['1OAh8uOEOvTDqkKFsKksCi']
Bas	J. Cole	1	['0YAQnYt2oB8OdoaeqnHyTI']
Lil Skies	Yung Pinch	1	['5Cg98kiDYtCEHmjcKD0CJD']
Kodak Black	Lil Wayne	1	['4DTpngLjoHj5gFxEZFeD3J']
Lil Yachty	Social House	1	['2Yer0p7uB2lVBUAtANuuQp']
BloodPop®	John Legend	1	['7gevvAspxft2qQmcvJjNBH']
Huncho Jack	Takeoff	1	['4vwfOiyWxXeEdx4ejAJgdx']
Quavo	Takeoff	1	['4vwfOiyWxXeEdx4ejAJgdx']
Takeoff	Travis Scott	1	['4vwfOiyWxXeEdx4ejAJgdx']
John Lindahl	Logic	1	['4CstQ0SUkl0YkoeZkIZlIx']
John Lindahl	Wale	1	['4CstQ0SUkl0YkoeZkIZlIx']
Logic	Wale	1	['4CstQ0SUkl0YkoeZkIZlIx']
Cheat Codes	Little Mix	1	['54l9GJGQ1UCFKe2tzt1Vxt']
Nicki Minaj	Swae Lee	1	['03It1uO69CjGWP3yyVe465']
Lil Skies	Wiz Khalifa	1	['1RagpNpkD3KcjXMLGMe99V']
Daya	The Chainsmokers	1	['0QsvXIfqM0zZoerQfsI9lm']
070 Shake	Diddy	1	['5FYu8uBB6E11mepU601601']
070 Shake	Nas	1	['5FYu8uBB6E11mepU601601']
Diddy	Nas	1	['5FYu8uBB6E11mepU601601']
Ryan Riback	Starley	1	['78rIJddV4X0HkNAInEcYde']
Big Sean	Metro Boomin	1	['3wAI7MIQtTgwcRmwchPZBc']
Major Lazer	Tove Lo	1	['3nVPr3wSy56cc5LeNHJm9K']
Logic	Young Sinatra	1	['3W4JFzOQdo5J2Wgt9DFg24']
Eminem	Labrinth	1	['38TgLPNHsPzgqri5G4SPun']
Eminem	Nicki Minaj	1	['38TgLPNHsPzgqri5G4SPun']
Labrinth	Nicki Minaj	1	['38TgLPNHsPzgqri5G4SPun']
Michael Bublé	The Puppini Sisters	1	['4qBejt9FeqLI9blHI1Nq1x']
Lil Yachty	PnB Rock	1	['2jey6aQoRNao7Ou9ftOXFC']
2 Chainz	Logic	1	['58cvckETahSOG74RP5WE99']
G-Eazy	YBN Nahmir	1	['794QVQtFNy7hvtjQP1keQd']
G-Eazy	Yo Gotti	1	['794QVQtFNy7hvtjQP1keQd']
YBN Nahmir	Yo Gotti	1	['794QVQtFNy7hvtjQP1keQd']
Camila Cabello	Swae Lee	1	['5vnpANH92iEajvGwE2oQ6r']
Jaden	Logic	1	['1FmdAhS8FqRoEJ4jcSfuKZ']
A Boogie Wit da Hoodie	Tory Lanez	1	['5JJqEJRYd8hBhR7z3IFVgx']
BTS	Desiigner	1	['7Ed6BkggCS2KaKY5YlINaF']
Desiigner	Steve Aoki	1	['7Ed6BkggCS2KaKY5YlINaF']
Dan Caplen	Jess Glynne	1	['5CLGzJsGqhCEECcpnFQA8x']
Dan Caplen	Macklemore	1	['5CLGzJsGqhCEECcpnFQA8x']
Dan Caplen	Rudimental	1	['5CLGzJsGqhCEECcpnFQA8x']
Jess Glynne	Macklemore	1	['5CLGzJsGqhCEECcpnFQA8x']
Jess Glynne	Rudimental	1	['5CLGzJsGqhCEECcpnFQA8x']
Macklemore	Rudimental	1	['5CLGzJsGqhCEECcpnFQA8x']
Anne-Marie	Marshmello	1	['08bNPGLD8AhKpnnERrAc6G']
A$AP Ferg	Nicki Minaj	1	['2YzmfPLqUx5CJOaw5ThsBV']
Marshmello	Roddy Ricch	1	['0PowxVSTY2uh1CPc8EPKyX']
Anne-Marie	Major Lazer	1	['3D1rlKmZdpYUeMtRRLNawc']
Anne-Marie	Mr Eazi	1	['3D1rlKmZdpYUeMtRRLNawc']
Anne-Marie	Rudimental	1	['3D1rlKmZdpYUeMtRRLNawc']
Major Lazer	Mr Eazi	1	['3D1rlKmZdpYUeMtRRLNawc']
Major Lazer	Rudimental	1	['3D1rlKmZdpYUeMtRRLNawc']
Mr Eazi	Rudimental	1	['3D1rlKmZdpYUeMtRRLNawc']
Chance the Rapper	Lil Wayne	1	['3DXncPQOG4VBw3QHh3S817']
DJ Khaled	Lil Wayne	1	['3DXncPQOG4VBw3QHh3S817']
Justin Bieber	Lil Wayne	1	['3DXncPQOG4VBw3QHh3S817']
Lil Wayne	Quavo	1	['3DXncPQOG4VBw3QHh3S817']
Brett Eldredge	Meghan Trainor	1	['5Q2P43CJra0uRAogjHyJDK']
Calvin Harris	Jessie Reyez	1	['5N5k9nd479b1xpDZ4usjrg']
Calvin Harris	Sam Smith	1	['5N5k9nd479b1xpDZ4usjrg']
Jessie Reyez	Sam Smith	1	['5N5k9nd479b1xpDZ4usjrg']
The Chainsmokers	Winona Oak	1	['4BiiOzZCrXEzHRLYcYFiD5']
DJ Durel	Migos	1	['3fEpuoSr8ufvyRR7s2jB3U']
French Montana	Jason Derulo	1	['2z4pcBLQXF2BXKFvd0BuB6']
JAY-Z	Kanye West	1	['2KpCpk6HjXXLb7nnXoXA5O']
Nick Jonas	Robin Schulz	1	['43wzy7JxMEfvCh8ZFeZKYk']
21 Savage	Quavo	1	['3edzl4zvKFi0D3iuF6cs2f']
Bebe Rexha	David Guetta	1	['0YammaEkYSeo9vQYZ1OwS6']
Bebe Rexha	J Balvin	1	['0YammaEkYSeo9vQYZ1OwS6']
David Guetta	J Balvin	1	['0YammaEkYSeo9vQYZ1OwS6']
A$AP Rocky	Frank Ocean	1	['2MF4HtZHBoUliOi9nOAbS0']
Swae Lee	WizKid	1	['0McI9sOmkpfd4E72njtU0G']
Kodak Black	XXXTENTACION	1	['40oKW22ZNNkEdZLJTScaQI']
Demi Lovato	Luis Fonsi	1	['1zsG4eaZmkA1dvjDDsAGLK']
Avicii	Sandro Cavazza	1	['6WbADFqMvR8N5u0BvtsWQE']
Kendrick Lamar	Lil Wayne	1	['0dbTQYW3Ad1FTzIA9t90E8']
Marvin Gaye	Tammi Terrell	1	['2H3ZUSE54pST4ubRd5FzFR']
Lil Baby	Quavo	1	['69PkhA9q3xCWU2CzoZnLAu']
Bazzi	Camila Cabello	1	['4VUwkH455At9kENOfzTqmF']
DVBBS	blackbear	1	['4ABdTWafMCXfATpILRuZFW']
Drake	N.E.R.D	1	['739vCwA3EpBSkk3uDsI2wB']
Drake	Rihanna	1	['739vCwA3EpBSkk3uDsI2wB']
N.E.R.D	Rihanna	1	['739vCwA3EpBSkk3uDsI2wB']
Kanye West	Nicki Minaj	1	['1oJ8EDr2pv94IvSd6ZmDgo']
Ariana Grande	Troye Sivan	1	['1NbGcdgwRHZ5rbPIT9hdR3']
Tory Lanez	Trippie Redd	1	['6j97zG4DDrh3oUa6rZbFOs']
6LACK	J. Cole	1	['4at3d5QWnlibMVN75ECDrp']
BTS	Nicki Minaj	1	['03iCbZaM4OkRR4We6wIzvx']
Babes Wodumo	Zacari	1	['76iVOVsliCHlWqKuDnCfhE']
Jason Derulo	Ty Dolla $ign	1	['6kex4EBAj0WHXDKZMEJaaF']
Nicki Minaj	Ty Dolla $ign	1	['6kex4EBAj0WHXDKZMEJaaF']
Gunna	Lil Durk	1	['6PoKfDY78ih5OveWirggRX']
Lil Baby	Lil Durk	1	['6PoKfDY78ih5OveWirggRX']
Lil Baby	NAV	1	['6PoKfDY78ih5OveWirggRX']
Lil Durk	NAV	1	['6PoKfDY78ih5OveWirggRX']
Conor Maynard	Kris Kross Amsterdam	1	['3DGar7krWlmrXRFHBcQF6z']
Conor Maynard	The Boy Next Door	1	['3DGar7krWlmrXRFHBcQF6z']
Kris Kross Amsterdam	The Boy Next Door	1	['3DGar7krWlmrXRFHBcQF6z']
Future	Tinashe	1	['5TR3sdi4QH0qwIsZ6CqJa3']
A$AP Rocky	Kodak Black	1	['1wGYcpJZ59rePkNu4zHmLu']
Lil Pump	Smokepurpp	1	['0ibOcbkp2XG46Do8jcy0bL']
Drake	Meek Mill	1	['2IRZnDFmlqMuOrYOLnZZyc']
Belly	The Weeknd	1	['4RMqA9GixWNB7H6coZFXJN']
Madison Beer	Offset	1	['3WefHNGtjexZvi66ZEx9u4']
John Lennon	The Harlem Community Choir	1	['3zJw3rugfpVrmBeDDnUYzy']
John Lennon	The Plastic Ono Band	1	['3zJw3rugfpVrmBeDDnUYzy']
John Lennon	Yoko Ono	1	['3zJw3rugfpVrmBeDDnUYzy']
The Harlem Community Choir	The Plastic Ono Band	1	['3zJw3rugfpVrmBeDDnUYzy']
The Harlem Community Choir	Yoko Ono	1	['3zJw3rugfpVrmBeDDnUYzy']
The Plastic Ono Band	Yoko Ono	1	['3zJw3rugfpVrmBeDDnUYzy']
Kane Brown	Lauren Alaina	1	['7zVCrzzEJU7u24sbJPXA5W']
Calvin Harris	Frank Ocean	1	['7tr2za8SQg2CI8EDgrdtNl']
Calvin Harris	Migos	1	['7tr2za8SQg2CI8EDgrdtNl']
Frank Ocean	Migos	1	['7tr2za8SQg2CI8EDgrdtNl']
Lil Yachty	Quality Control	1	['3wdfLVUhmX64lIyWIIEW8s']
Lil Yachty	Quavo	1	['3wdfLVUhmX64lIyWIIEW8s']
Quality Control	Quavo	1	['3wdfLVUhmX64lIyWIIEW8s']
J Balvin	Zion & Lennox	1	['5qFeMRz4TvetPmzjre9Dq7']
Keys N Krates	Tory Lanez	1	['6hTQD2DUPajxh5lObhH9y1']
Drake	Gunna	1	['6wWaVoUOzLQJHd3bWAUpdZ']
Alessia Cara	Khalid	1	['5tz69p7tJuGPeMGwNTxYuV']
Alessia Cara	Logic	1	['5tz69p7tJuGPeMGwNTxYuV']
Khalid	Logic	1	['5tz69p7tJuGPeMGwNTxYuV']
Lil Yachty	YoungBoy Never Broke Again	1	['6K2anECyrckidwf5wxS78Q']
Rik Rok	Shaggy	1	['1lzr43nnXAijIGYnCT8M8H']
6LACK	Offset	1	['6Zisja44KqMZj4GM4UY6Yv']
Anderson .Paak	Kendrick Lamar	1	['1gnwGVoG7V08vMX3hyr90x']
James Arthur	Juicy J	1	['3ZbJMlEL4Kcme0ONRO7Slx']
James Arthur	Marshmello	1	['3ZbJMlEL4Kcme0ONRO7Slx']
Juicy J	Marshmello	1	['3ZbJMlEL4Kcme0ONRO7Slx']
Meek Mill	Swizz Beatz	1	['1dQ84P0W0lOckT02lPEhhP']
Elton John	Young Thug	1	['7iMDaY1LnASwCk2uUpMtii']
2 Chainz	Eminem	1	['756ZV0boQJ6Kbk3WFBuVjD']
2 Chainz	Phresher	1	['756ZV0boQJ6Kbk3WFBuVjD']
Eminem	Phresher	1	['756ZV0boQJ6Kbk3WFBuVjD']
Lil Skies	Rich The Kid	1	['7ms3VzLTfr7fXNOqA4Mkx9']
6ix9ine	Lil Baby	1	['4m5Cd9kAbIxg6t9sMrQWtk']
Diplo	Lil Xan	1	['7thTA3hqO2MgOlzo0rPInX']
Clean Bandit	Julia Michaels	1	['2xmrfQpmS2iJExTlklLoAL']
Bhad Bhabie	Lil Yachty	1	['042nVrQvpEVrsrW6yeeHB2']
Kanye West	Travis Barker	1	['0T6RSXxFhW8dRTWHI604ld']
Kanye West	XXXTENTACION	1	['0T6RSXxFhW8dRTWHI604ld']
Lil Uzi Vert	Nicki Minaj	1	['6GNifiuBPrKFpwNBYnooFm']
Nicki Minaj	Oh Wonder	1	['6GNifiuBPrKFpwNBYnooFm']
Anne-Marie	Clean Bandit	1	['5knuzwU65gJK7IF5yJsuaW']
Anne-Marie	Sean Paul	1	['5knuzwU65gJK7IF5yJsuaW']
Clean Bandit	Sean Paul	1	['5knuzwU65gJK7IF5yJsuaW']
Alan Walker	Digital Farm Animals	1	['5yFSF6qQA1rcLsQRnBsZgb']
Alan Walker	Juliander	1	['5yFSF6qQA1rcLsQRnBsZgb']
Alan Walker	Noah Cyrus	1	['5yFSF6qQA1rcLsQRnBsZgb']
Digital Farm Animals	Juliander	1	['5yFSF6qQA1rcLsQRnBsZgb']
Digital Farm Animals	Noah Cyrus	1	['5yFSF6qQA1rcLsQRnBsZgb']
Juliander	Noah Cyrus	1	['5yFSF6qQA1rcLsQRnBsZgb']
NAV	Quavo	1	['3NelcGZ46JmV9LqOD1pnxA']
David Guetta	Sia	1	['33IOhptvC2Qoy2UhjiHXLV']
G-Eazy	Post Malone	1	['688QpQAwqsLdBR6lr13wK1']
G-Eazy	YG	1	['688QpQAwqsLdBR6lr13wK1']
Post Malone	YG	1	['688QpQAwqsLdBR6lr13wK1']
Charli XCX	Troye Sivan	1	['05mAIVLkIWc2d1UBYZBCp8']
Bing Crosby	The Andrews Sisters	1	['04vLj9QUXoKdRlsp3gkURo']
Calvin Harris	PARTYNEXTDOOR	1	['2rYyq0b3XWwmWl0k727OVG']
Banx & Ranx	Ella Eyre	1	['1HagMz5nWk1HmevNCBOxF3']
Banx & Ranx	Yxng Bane	1	['1HagMz5nWk1HmevNCBOxF3']
Ella Eyre	Yxng Bane	1	['1HagMz5nWk1HmevNCBOxF3']
Diplo	French Montana	1	['5mqzhMuUpvnMfwNz6iepmO']
Diplo	Lil Pump	1	['5mqzhMuUpvnMfwNz6iepmO']
Diplo	Zhavia Ward	1	['5mqzhMuUpvnMfwNz6iepmO']
French Montana	Lil Pump	1	['5mqzhMuUpvnMfwNz6iepmO']
French Montana	Zhavia Ward	1	['5mqzhMuUpvnMfwNz6iepmO']
Lil Pump	Zhavia Ward	1	['5mqzhMuUpvnMfwNz6iepmO']
Mark Ronson	Miley Cyrus	1	['27rdGxbavYJeBphck5MZAF']
6LACK	Ty Dolla $ign	1	['6Hgh47WXVKtXN5zGOu0hjI']
Khalid	Ty Dolla $ign	1	['6Hgh47WXVKtXN5zGOu0hjI']
JAY-Z	Meek Mill	1	['4iQ5gmTAzWfK8JyFC2LBox']
JAY-Z	Rick Ross	1	['4iQ5gmTAzWfK8JyFC2LBox']
Meek Mill	Rick Ross	1	['4iQ5gmTAzWfK8JyFC2LBox']
Calvin Harris	Normani	1	['5xesHO6GLWTrjsKOjAXRmf']
Calvin Harris	WizKid	1	['5xesHO6GLWTrjsKOjAXRmf']
Normani	WizKid	1	['5xesHO6GLWTrjsKOjAXRmf']
Halsey	The Chainsmokers	1	['7BKLCZ1jbUBVqRi2FVlTVw']
Lia Marie Johnson	R3HAB	1	['54VhMO14MfyB9I9IUtjR6p']
Khalid	Swae Lee	1	['5jyyPsIGM2yqkZN9R3TmvN']
Drake	Mike WiLL Made-It	1	['6wQlT5VQU5eM4NYBIJ6wO5']
Drake	Trouble	1	['6wQlT5VQU5eM4NYBIJ6wO5']
Mike WiLL Made-It	Trouble	1	['6wQlT5VQU5eM4NYBIJ6wO5']
Lil Pump	Lil Uzi Vert	1	['7q8cy4uoA2itYATsKeXhcq']
Kygo	Sandro Cavazza	1	['14sOS5L36385FJ3OL8hew4']
Ariana Grande	Liz Gillies	1	['6YJdPrH3i2POzu7hdHIRrb']
John Williams	Mykola Dmytrovych Leontovych	1	['4tHqQMWSqmL6YjXwsqthDI']
Lil Wayne	Snoop Dogg	1	['2AwyHlbA6f641SEkizD5JG']
Liam Payne	Rita Ora	1	['5hM6sP0Gh1jD57drszNueC']
CVBZ	Cheat Codes	1	['5uu28fUesZMl89lf9CLrgN']
CVBZ	Fetty Wap	1	['5uu28fUesZMl89lf9CLrgN']
Cheat Codes	Fetty Wap	1	['5uu28fUesZMl89lf9CLrgN']
Future	Tory Lanez	1	['5XOmSGj94D3jHvFwxOjzVD']
Playboi Carti	Travis Scott	1	['3K6U7TamNyVSWcFH8pCQHX']
KIDS SEE GHOSTS	Ty Dolla $ign	1	['7GRTrWsP3yo2Fx8umJfA1X']
A Boogie Wit da Hoodie	Kodak Black	1	['1f5cbQtDrykjarZVrShaDI']
A$AP Rocky	Kid Cudi	1	['3oHkMCVJyOcjg5FhfLc2Rq']
A$AP Rocky	T.I.	1	['3oHkMCVJyOcjg5FhfLc2Rq']
Kid Cudi	Moby	1	['3oHkMCVJyOcjg5FhfLc2Rq']
Kid Cudi	T.I.	1	['3oHkMCVJyOcjg5FhfLc2Rq']
Moby	T.I.	1	['3oHkMCVJyOcjg5FhfLc2Rq']
Matt Ox	XXXTENTACION	1	['65u1dHQyQyE4y4aN2eDmMF']
Pressa	Tory Lanez	1	['0c473vwMZxxXcdhHay62PN']
Shawn Mendes	Zedd	1	['575NJxNUVDqwJGdzBrlLbv']
Mozzy	REASON	1	['35cOyocq8Gb6UcT0NWeTwn']
Mozzy	Sjava	1	['35cOyocq8Gb6UcT0NWeTwn']
REASON	Sjava	1	['35cOyocq8Gb6UcT0NWeTwn']
88GLAM	NAV	1	['3OJq3VFyNrU0INcTwPyjbD']
Trippie Redd	XXXTENTACION	1	['7AQim7LbvFVZJE3O8TYgf2']
Gunna	Tory Lanez	1	['6bMIExEulvwM2X6zsuiYwr']
Calvin Harris	SZA	1	['0P6AWOA4LG1XOctzaVu5tt']
Drake	Migos	1	['6n4U3TlzUGhdSFbUUhTvLP']
DJ Snake	French Montana	1	['1MUL6DO2gVimj2YrVedubd']
DJ Snake	GASHI	1	['1MUL6DO2gVimj2YrVedubd']
French Montana	GASHI	1	['1MUL6DO2gVimj2YrVedubd']
Julia Michaels	Trippie Redd	1	['2OvV4NjEBRE9v8Oo7QeUCq']
Zac Efron	Zendaya	1	['630sXRhIcfwr2e4RdNtjKN']
Kendrick Lamar	Travis Scott	1	['5cXg9IQS34FzLVdHhp7hu7']
2 Chainz	Drake	1	['5S1IUPueD0xE0vj4zU3nSf']
2 Chainz	Quavo	1	['5S1IUPueD0xE0vj4zU3nSf']
Blake Shelton	Gwen Stefani	1	['2OQ6a4CfUeYskpTTgyawyJ']
Mitchell Ayres & His Orchestra	Perry Como	1	['2pXpURmn6zC5ZYDMms6fwa']
Mitchell Ayres & His Orchestra	The Fontane Sisters	1	['2pXpURmn6zC5ZYDMms6fwa']
Perry Como	The Fontane Sisters	1	['2pXpURmn6zC5ZYDMms6fwa']
Sugarland	Taylor Swift	1	['7FFfYM4JE1vj5n4rhHxg8q']
Offset	Rich The Kid	1	['0P1O6JO2i19etVxXqgPHpa']
Quavo	Rich The Kid	1	['0P1O6JO2i19etVxXqgPHpa']
Anne-Marie	James Arthur	1	['6mQLN3zRtAp6ovjusyYKrV']
Diplo	MØ	1	['68m6iwhKElLTBaGRG1LLwE']
Khalid	Lorde	1	['2rE9TX3VQ0WNt7kziFhKep']
Khalid	Post Malone	1	['2rE9TX3VQ0WNt7kziFhKep']
Khalid	SZA	1	['2rE9TX3VQ0WNt7kziFhKep']
Lorde	Post Malone	1	['2rE9TX3VQ0WNt7kziFhKep']
Lorde	SZA	1	['2rE9TX3VQ0WNt7kziFhKep']
Post Malone	SZA	1	['2rE9TX3VQ0WNt7kziFhKep']
Cappadonna	GZA	1	['6VDz4m1vEGHDDqQojf1mpc']
Cappadonna	Ghostface Killah	1	['6VDz4m1vEGHDDqQojf1mpc']
Cappadonna	Inspectah Deck	1	['6VDz4m1vEGHDDqQojf1mpc']
Cappadonna	Jackpot Scotty Wotty	1	['6VDz4m1vEGHDDqQojf1mpc']
Cappadonna	Logic	1	['6VDz4m1vEGHDDqQojf1mpc']
Cappadonna	Masta Killa	1	['6VDz4m1vEGHDDqQojf1mpc']
Cappadonna	Method Man	1	['6VDz4m1vEGHDDqQojf1mpc']
Cappadonna	RZA	1	['6VDz4m1vEGHDDqQojf1mpc']
Cappadonna	Raekwon	1	['6VDz4m1vEGHDDqQojf1mpc']
Cappadonna	U-God	1	['6VDz4m1vEGHDDqQojf1mpc']
GZA	Ghostface Killah	1	['6VDz4m1vEGHDDqQojf1mpc']
GZA	Inspectah Deck	1	['6VDz4m1vEGHDDqQojf1mpc']
GZA	Jackpot Scotty Wotty	1	['6VDz4m1vEGHDDqQojf1mpc']
GZA	Logic	1	['6VDz4m1vEGHDDqQojf1mpc']
GZA	Masta Killa	1	['6VDz4m1vEGHDDqQojf1mpc']
GZA	Method Man	1	['6VDz4m1vEGHDDqQojf1mpc']
GZA	RZA	1	['6VDz4m1vEGHDDqQojf1mpc']
GZA	Raekwon	1	['6VDz4m1vEGHDDqQojf1mpc']
GZA	U-God	1	['6VDz4m1vEGHDDqQojf1mpc']
Ghostface Killah	Inspectah Deck	1	['6VDz4m1vEGHDDqQojf1mpc']
Ghostface Killah	Jackpot Scotty Wotty	1	['6VDz4m1vEGHDDqQojf1mpc']
Ghostface Killah	Logic	1	['6VDz4m1vEGHDDqQojf1mpc']
Ghostface Killah	Masta Killa	1	['6VDz4m1vEGHDDqQojf1mpc']
Ghostface Killah	Method Man	1	['6VDz4m1vEGHDDqQojf1mpc']
Ghostface Killah	RZA	1	['6VDz4m1vEGHDDqQojf1mpc']
Ghostface Killah	Raekwon	1	['6VDz4m1vEGHDDqQojf1mpc']
Ghostface Killah	U-God	1	['6VDz4m1vEGHDDqQojf1mpc']
Inspectah Deck	Jackpot Scotty Wotty	1	['6VDz4m1vEGHDDqQojf1mpc']
Inspectah Deck	Logic	1	['6VDz4m1vEGHDDqQojf1mpc']
Inspectah Deck	Masta Killa	1	['6VDz4m1vEGHDDqQojf1mpc']
Inspectah Deck	Method Man	1	['6VDz4m1vEGHDDqQojf1mpc']
Inspectah Deck	RZA	1	['6VDz4m1vEGHDDqQojf1mpc']
Inspectah Deck	Raekwon	1	['6VDz4m1vEGHDDqQojf1mpc']
Inspectah Deck	U-God	1	['6VDz4m1vEGHDDqQojf1mpc']
Jackpot Scotty Wotty	Logic	1	['6VDz4m1vEGHDDqQojf1mpc']
Jackpot Scotty Wotty	Masta Killa	1	['6VDz4m1vEGHDDqQojf1mpc']
Jackpot Scotty Wotty	Method Man	1	['6VDz4m1vEGHDDqQojf1mpc']
Jackpot Scotty Wotty	RZA	1	['6VDz4m1vEGHDDqQojf1mpc']
Jackpot Scotty Wotty	Raekwon	1	['6VDz4m1vEGHDDqQojf1mpc']
Jackpot Scotty Wotty	U-God	1	['6VDz4m1vEGHDDqQojf1mpc']
Logic	Masta Killa	1	['6VDz4m1vEGHDDqQojf1mpc']
Logic	Method Man	1	['6VDz4m1vEGHDDqQojf1mpc']
Logic	RZA	1	['6VDz4m1vEGHDDqQojf1mpc']
Logic	Raekwon	1	['6VDz4m1vEGHDDqQojf1mpc']
Logic	U-God	1	['6VDz4m1vEGHDDqQojf1mpc']
Masta Killa	Method Man	1	['6VDz4m1vEGHDDqQojf1mpc']
Masta Killa	RZA	1	['6VDz4m1vEGHDDqQojf1mpc']
Masta Killa	Raekwon	1	['6VDz4m1vEGHDDqQojf1mpc']
Masta Killa	U-God	1	['6VDz4m1vEGHDDqQojf1mpc']
Method Man	RZA	1	['6VDz4m1vEGHDDqQojf1mpc']
Method Man	Raekwon	1	['6VDz4m1vEGHDDqQojf1mpc']
Method Man	U-God	1	['6VDz4m1vEGHDDqQojf1mpc']
RZA	Raekwon	1	['6VDz4m1vEGHDDqQojf1mpc']
RZA	U-God	1	['6VDz4m1vEGHDDqQojf1mpc']
Raekwon	U-God	1	['6VDz4m1vEGHDDqQojf1mpc']
Beyoncé	DJ Khaled	1	['1W6wxOOYyJyyok8fqYSZ3m']
Beyoncé	Future	1	['1W6wxOOYyJyyok8fqYSZ3m']
Beyoncé	JAY-Z	1	['1W6wxOOYyJyyok8fqYSZ3m']
DJ Khaled	Future	1	['1W6wxOOYyJyyok8fqYSZ3m']
DJ Khaled	JAY-Z	1	['1W6wxOOYyJyyok8fqYSZ3m']
Future	JAY-Z	1	['1W6wxOOYyJyyok8fqYSZ3m']
Cardi B	YG	1	['0CfmNX2TXk7yoJqHJiixnp']
Empress Of	Khalid	1	['4AhSkRYioEIfGvCV19peYN']
Calvin Harris	benny blanco	1	['5sdb5pMhcK44SSLsj1moUh']
Eminem	Joyner Lucas	1	['60SdxE8apGAxMiRrpbmLY0']
Belly	YG	1	['5tpEGhK123kgPf7pWWE9g6']
Alan Walker	Au/Ra	1	['1snWlbcbgQpJfknoI30DWG']
Alan Walker	Tomine Harket	1	['1snWlbcbgQpJfknoI30DWG']
Au/Ra	Tomine Harket	1	['1snWlbcbgQpJfknoI30DWG']
Rich The Kid	Trippie Redd	1	['3uQVotHaLudJ5C0OJ0iEZ9']
J Balvin	Maluma	1	['6JjPBQfI2Y8nIjnm65X6Pw']
J Balvin	Ozuna	1	['6JjPBQfI2Y8nIjnm65X6Pw']
Maluma	Nicky Jam	1	['6JjPBQfI2Y8nIjnm65X6Pw']
Maluma	Ozuna	1	['6JjPBQfI2Y8nIjnm65X6Pw']
Calvin Harris	Dua Lipa	1	['7ef4DlsgrMEH11cDZd32M6']
21 Savage	A$AP Rocky	1	['1nO2NjuFkGaAWcMdJ1pNrp']
21 Savage	Gucci Mane	1	['1nO2NjuFkGaAWcMdJ1pNrp']
21 Savage	London On Da Track	1	['1nO2NjuFkGaAWcMdJ1pNrp']
A$AP Rocky	Gucci Mane	1	['1nO2NjuFkGaAWcMdJ1pNrp']
A$AP Rocky	London On Da Track	1	['1nO2NjuFkGaAWcMdJ1pNrp']
Gucci Mane	London On Da Track	1	['1nO2NjuFkGaAWcMdJ1pNrp']
Rae Sremmurd	The Weeknd	1	['6nI74KsH94IN0J2vp5shdT']
Slim Jxmmi	The Weeknd	1	['6nI74KsH94IN0J2vp5shdT']
Swae Lee	The Weeknd	1	['6nI74KsH94IN0J2vp5shdT']
Pusha T	Rick Ross	1	['3HgA5R5alihocnOYE9ihpS']
Future	Meek Mill	1	['6cPnE82DKBLd7sg02ZNg8K']
Future	Roddy Ricch	1	['6cPnE82DKBLd7sg02ZNg8K']
Meek Mill	Roddy Ricch	1	['6cPnE82DKBLd7sg02ZNg8K']
Meek Mill	Young Thug	1	['6cPnE82DKBLd7sg02ZNg8K']
Roddy Ricch	Young Thug	1	['6cPnE82DKBLd7sg02ZNg8K']
Mimoza	Tyron Hapi	1	['77ngtwBosDuAwiQu8afOOQ']
Lil Peep	Marshmello	1	['6VrCmhRBFnuGKmtNfk4jDs']
Kodie Shane	Trippie Redd	1	['0ZPCxNK4DIrF8KqrN3DxfA']
BlocBoy JB	Drake	1	['4qKcDkK6siZ7Jp1Jb4m0aL']
Future	Young Scooter	1	['2OsDoAzo5SGq10qwmKSQBv']
Juice WRLD	Young Scooter	1	['2OsDoAzo5SGq10qwmKSQBv']
KIDS SEE GHOSTS	Louis Prima	1	['6JyEh4kl9DLwmSAoNDRn5b']
Ina Wroldsen	Jax Jones	1	['6tvQzeCPwOytDlBYCIOY0n']
Gucci Mane	Lil Yachty	1	['3DxZfFYJLwKDJtUwnLEhkL']
Lil Yachty	Migos	1	['3DxZfFYJLwKDJtUwnLEhkL']
Big Sean	Calvin Harris	1	['5bcTCxgc7xVfSaMV3RuVke']
Big Sean	Katy Perry	1	['5bcTCxgc7xVfSaMV3RuVke']
Big Sean	Pharrell Williams	1	['5bcTCxgc7xVfSaMV3RuVke']
Calvin Harris	Katy Perry	1	['5bcTCxgc7xVfSaMV3RuVke']
Calvin Harris	Pharrell Williams	1	['5bcTCxgc7xVfSaMV3RuVke']
Katy Perry	Pharrell Williams	1	['5bcTCxgc7xVfSaMV3RuVke']
Daniel Caesar	H.E.R.	1	['4OBZT9EnhYIV17t4pGw7ig']
Big Sean	Logic	1	['5KVciTEfXvpcFHR3RFbtJy']
Juice WRLD	Lil Yachty	1	['5R2rsbwCDXORX2tLfprRmM']
Michael Bublé	Shania Twain	1	['2gbCG4Rt9984UZ7Tc0dIFd']
Bebe Rexha	Cardi B	1	['1YNQscOx6OqBQjxgJVhEeW']
Bebe Rexha	Charli XCX	1	['1YNQscOx6OqBQjxgJVhEeW']
Bebe Rexha	Rita Ora	1	['1YNQscOx6OqBQjxgJVhEeW']
Cardi B	Charli XCX	1	['1YNQscOx6OqBQjxgJVhEeW']
Cardi B	Rita Ora	1	['1YNQscOx6OqBQjxgJVhEeW']
Charli XCX	Rita Ora	1	['1YNQscOx6OqBQjxgJVhEeW']
Elley Duhé	Gryffin	1	['4QVS8YCpK71R4FsxSMCjhP']
Meek Mill	Snoop Dogg	1	['3i1B1PnsfnOQPGVIzhf1lr']
Meek Mill	YG	1	['3i1B1PnsfnOQPGVIzhf1lr']
Snoop Dogg	YG	1	['3i1B1PnsfnOQPGVIzhf1lr']
Nas	The-Dream	1	['0BSPhsCKfwENstErymcD80']
Sia	ZAYN	1	['1j4kHkkpqZRBwE0A4CN4Yv']
French Montana	Swae Lee	1	['3B54sVLJ402zGa6Xm4YGNe']
Bruno Mars	Cardi B	1	['3Vo4wInECJQuz9BIBMOu8i']
Kanye West	Nas	1	['1vi9adPJiD4d22ybGp25hy']
Lil Pump	Maluma	1	['2LskIZrCeLxRvCiGP8gxlh']
Lil Pump	Swae Lee	1	['2LskIZrCeLxRvCiGP8gxlh']
Lil Pump	XXXTENTACION	1	['2LskIZrCeLxRvCiGP8gxlh']
Maluma	Swae Lee	1	['2LskIZrCeLxRvCiGP8gxlh']
Maluma	XXXTENTACION	1	['2LskIZrCeLxRvCiGP8gxlh']
Swae Lee	XXXTENTACION	1	['2LskIZrCeLxRvCiGP8gxlh']
Nicki Minaj	Yo Gotti	1	['4knL4iPxPOZjQzTUlELGSY']
Clean Bandit	Zara Larsson	1	['1x5sYLZiu9r5E43kMlt9f8']
Dewain Whitmore	Justin Mylo	1	['7IWTIkiWGWNQyYfOLdMrGD']
Dewain Whitmore	Martin Garrix	1	['7IWTIkiWGWNQyYfOLdMrGD']
Justin Mylo	Martin Garrix	1	['7IWTIkiWGWNQyYfOLdMrGD']
Chris Brown	Lil Dicky	1	['10Igtw8bSDyyFs7KIsKngZ']
Huncho Jack	Offset	1	['6urLjX35oXXRYtcH1b3dCh']
Mac Miller	Miguel	1	['6GnhWMhgJb7uyiiPEiEkDA']
De La Ghetto	Jason Derulo	1	['4QtiVmuA88tPQiCOHZuQ5b']
De La Ghetto	Sofia Reyes	1	['4QtiVmuA88tPQiCOHZuQ5b']
Jason Derulo	Sofia Reyes	1	['4QtiVmuA88tPQiCOHZuQ5b']
David Guetta	Jason Derulo	1	['5Xn4IyTtW6FUGIUyWjbUHG']
David Guetta	Nicki Minaj	1	['5Xn4IyTtW6FUGIUyWjbUHG']
David Guetta	Willy William	1	['5Xn4IyTtW6FUGIUyWjbUHG']
Jason Derulo	Willy William	1	['5Xn4IyTtW6FUGIUyWjbUHG']
Nicki Minaj	Willy William	1	['5Xn4IyTtW6FUGIUyWjbUHG']
Lil Yachty	Trippie Redd	1	['6tarvNiKnEjYMj1VZhlDqR']
KIDS SEE GHOSTS	Pusha T	1	['3aUFrxO1B8EW63QchEl3wX']
Larry Walsh	Mark Linett	1	['5xlS0QkVrSH7ssEbBgBzbM']
Larry Walsh	Sweet	1	['5xlS0QkVrSH7ssEbBgBzbM']
Larry Walsh	The Beach Boys	1	['5xlS0QkVrSH7ssEbBgBzbM']
Mark Linett	Sweet	1	['5xlS0QkVrSH7ssEbBgBzbM']
Mark Linett	The Beach Boys	1	['5xlS0QkVrSH7ssEbBgBzbM']
Sweet	The Beach Boys	1	['5xlS0QkVrSH7ssEbBgBzbM']
Cardi B	Lil Yachty	1	['3LR0t8XqZ1FUj6nj01sXN0']
Cardi B	Offset	1	['3LR0t8XqZ1FUj6nj01sXN0']
Future	Rich The Kid	1	['0ITqOOwNtw5DP2GLYAlTQx']
Kendrick Lamar	Rihanna	1	['6SwRhMLwNqEi6alNPVG00n']
Chris Brown	Lil Baby	1	['5FpLsvdRNgWSEBWHx2VIkH']
Lil Baby	Tory Lanez	1	['5FpLsvdRNgWSEBWHx2VIkH']
Ab-Soul	Anderson .Paak	1	['4KXwFI9pgJLpUIAc9oSL8j']
Ab-Soul	James Blake	1	['4KXwFI9pgJLpUIAc9oSL8j']
Anderson .Paak	James Blake	1	['4KXwFI9pgJLpUIAc9oSL8j']
2 Chainz	Jhené Aiko	1	['6H0AwSQ20mo62jGlPGB8S6']
2 Chainz	Trey Songz	1	['6H0AwSQ20mo62jGlPGB8S6']
2 Chainz	Ty Dolla $ign	1	['6H0AwSQ20mo62jGlPGB8S6']
Jhené Aiko	Trey Songz	1	['6H0AwSQ20mo62jGlPGB8S6']
Jhené Aiko	Ty Dolla $ign	1	['6H0AwSQ20mo62jGlPGB8S6']
Trey Songz	Ty Dolla $ign	1	['6H0AwSQ20mo62jGlPGB8S6']
KYLE	Lil Yachty	1	['2EEeOnHehOozLq4aS0n6SL']
Lil Wayne	Rich The Kid	1	['0qFX9pVJQB4lBMxRoFXqGr']
Ariana Grande	Pharrell Williams	1	['4mLkiFppf8Xvem6BSY34qw']
Bastille	Marshmello	1	['2dpaYNEQHiRxtZbfNsse99']
Cardi B	Chance the Rapper	1	['00B7TZ0Xawar6NZ00JFomN']
2 Chainz	Gucci Mane	1	['3zxiTHxE4MxwuYf8aLQ9ax']
2 Chainz	Lil Baby	1	['3zxiTHxE4MxwuYf8aLQ9ax']
Gucci Mane	Lil Baby	1	['3zxiTHxE4MxwuYf8aLQ9ax']
Anuel AA	Bantu	1	['4Uy3kNxW2kB8AEoXljEcth']
Anuel AA	Nicki Minaj	1	['4Uy3kNxW2kB8AEoXljEcth']
Bantu	Nicki Minaj	1	['4Uy3kNxW2kB8AEoXljEcth']
Dzeko	Post Malone	1	['4kWO6O1BUXcZmaxitpVUwp']
Dzeko	Preme	1	['4kWO6O1BUXcZmaxitpVUwp']
Dzeko	Tiësto	1	['4kWO6O1BUXcZmaxitpVUwp']
Post Malone	Preme	1	['4kWO6O1BUXcZmaxitpVUwp']
Post Malone	Tiësto	1	['4kWO6O1BUXcZmaxitpVUwp']
Preme	Tiësto	1	['4kWO6O1BUXcZmaxitpVUwp']
Offset	Rich Brian	1	['16wWFYS9S4hKBk2Ofj3Ss6']
G-Eazy	Vic Mensa	1	['3qAyjdhtnU2a14rrRKEkcE']
Future	Kiiara	1	['14EgW52HVqnLHd30bgbPxg']
Future	Ty Dolla $ign	1	['14EgW52HVqnLHd30bgbPxg']
Kiiara	Ty Dolla $ign	1	['14EgW52HVqnLHd30bgbPxg']
21 Savage	Meek Mill	1	['0UNeNA0dcfUMsGxvLwf2p3']
Belly	NAV	1	['1k9B8MqhGKbVV3dTpwUxn5']
Lil Uzi Vert	Young Stoner Life Records	1	['3HxYOwZZHZn5mC1drqPQqR']
Lil Uzi Vert	Young Thug	1	['3HxYOwZZHZn5mC1drqPQqR']
Juice WRLD	Kodak Black	1	['4KX8vXbouybtUptEyYxtIk']
Famous Dex	Jay Critch	1	['0n22yqkitWec0PV6tibWEO']
Famous Dex	Lil Baby	1	['0n22yqkitWec0PV6tibWEO']
Famous Dex	Rich The Kid	1	['0n22yqkitWec0PV6tibWEO']
Jay Critch	Lil Baby	1	['0n22yqkitWec0PV6tibWEO']
Jay Critch	Rich The Kid	1	['0n22yqkitWec0PV6tibWEO']
Lil Baby	Rich The Kid	1	['0n22yqkitWec0PV6tibWEO']
NAV	Travis Scott	1	['6nO3tr47nr2P7f3hXb8JIo']
BloodPop®	Hailee Steinfeld	1	['3towKHKVOXCCcL1fHv6xFO']
Lil Wayne	Travis Scott	1	['0CBQ0m3mufWH75LTYB3s6h']
Logic	OneRepublic	1	['1Nj2oBISdFDSF8eDuXcALz']
Cheat Codes	Demi Lovato	1	['1louJpMmzEicAn7lzDalPW']
Cardi B	DJ Snake	1	['4w8niZpiMy6qz1mntFA5uM']
Cardi B	Selena Gomez	1	['4w8niZpiMy6qz1mntFA5uM']
DJ Snake	Ozuna	1	['4w8niZpiMy6qz1mntFA5uM']
DJ Snake	Selena Gomez	1	['4w8niZpiMy6qz1mntFA5uM']
Ozuna	Selena Gomez	1	['4w8niZpiMy6qz1mntFA5uM']
Kanye West	Pusha T	1	['5vnuJ8EopkP5dHukpOmT3L']
Migos	Post Malone	1	['3OnOomd79OjqSYHchCQ6ht']
Drake	French Montana	1	['04MLEeAMuV9IlHEsD8vF6A']
Maluma	Nego do Borel	1	['4lESS6vuruP6a79KWRaQou']
Carnage	Lil Pump	1	['0AcHbiMs86CCgprvc7E1gs']
Kygo	Selena Gomez	1	['3eR23VReFzcdmS7TYCrhCe']
SZA	Travis Scott	1	['0q75NwOoFiARAVp4EXU4Bs']
