position	song_id	song_name	artist	streams	last_week_position	weeks_on_chart	peak_position	position_status
1	3KkXRkHbMCARz0aVfEt68P	Sunflower - Spider-Man: Into the Spider-Verse	Post Malone	14202522	1	4	1	0
2	6MWtB6iiXyIwun0YzU6DFP	Wow.	Post Malone	12721360	2	3	2	0
3	2IRZnDFmlqMuOrYOLnZZyc	Going Bad (feat. Drake)	Meek Mill	9576466	3	6	2	0
4	2xLMifQCjDGFmkHkpNLD9h	SICKO MODE	Travis Scott	9005380	4	23	1	0
5	78QR3Wp35dqAhFEc2qAGjE	Drip Too Hard (Lil Baby & Gunna)	Lil Baby	8917200	6	14	1	1
6	2rPE9A1vEgShuZxxzR2tZH	thank u, next	Ariana Grande	8590215	5	10	1	-1
7	5p7ujcrUXASCNwRaWNHR1C	Without Me	Halsey	8442905	8	14	6	1
8	0FZ4Dmg8jJJAPJnvBIzD9z	ZEZE (feat. Travis Scott & Offset)	Kodak Black	7930686	7	4	4	-1
9	1xzBco0xcoJEDXktl7Jxrr	Mo Bamba	Sheck Wes	7305500	9	14	1	0
10	14mHfNsSHN0FbLftyjrV9g	Leave Me Alone	Flipp Dinero	6455797	10	19	10	0
11	3Ol2xnObFdKV9pmRD2t9x8	Look Back at It	A Boogie Wit da Hoodie	6306240	14	3	11	3
12	2t8yVaLvJ0RenpXUIAC52d	a lot	21 Savage	5842884	12	3	9	0
13	1rqqCSm0Qe4I9rUvWncaom	High Hopes	Panic! At The Disco	5716237	23	29	13	10
14	2G1tXoGBaEMJ7FKGnkf6ud	Wake Up in the Sky	Gucci Mane	5590754	13	5	13	-1
15	285pBltuF7vW8TeWk8hdRR	Lucid Dreams	Juice WRLD	5155712	11	5	11	-4
16	3ee8Jmje8o58CHK66QrVC2	SAD!	XXXTENTACION	5044666	15	43	1	-1
17	0jAfdqv18goRTUxm3ilRjb	Startender (feat. Offset and Tyga)	A Boogie Wit da Hoodie	5041228	22	3	17	5
18	7dt6x5M1jzdTEt8oCbisTK	Better Now	Post Malone	4932963	19	37	1	1
19	2dpaYNEQHiRxtZbfNsse99	Happier	Marshmello	4914581	18	21	8	-1
20	2FUNBaa5DwItJtYEBgAblU	monster	21 Savage	4798501	16	3	16	-4
21	2GGMabyHXnJmjY6CXhhB2e	Money	Cardi B	4752055	20	12	17	-1
22	6zeeWid2sgw4lap2jV61PZ	Better	Khalid	4729224	24	11	12	2
23	7pdF27mSDuPWhppnHAmWHa	whoa (mind in awe)	XXXTENTACION	4716430	21	5	2	-2
24	5kfNriitmkNE8mUbZ7gbq8	Saturday Nights	Khalid	4527052	26	11	24	2
25	7FGq80cy8juXBCD2nrqdWU	Eastside (with Halsey & Khalid)	benny blanco	4446253	28	5	25	3
26	0todbbT9g5uQGbeFCiBf2F	imagine	Ariana Grande	4440126	17	4	7	-9
27	7AYuSG1LoaaFVKjOxsB6Vh	Crushed Up	Future	4429656	nan	1	27	new
28	14JzyD6FlBD5z0wV5P07YI	when the party's over	Billie Eilish	4329344	31	13	12	3
29	0JP9xo3adEtGSdUEISiszL	Moonlight	XXXTENTACION	4262055	25	43	3	-4
30	5wujBwqG7INdStqGd4tRMX	Armed And Dangerous	Juice WRLD	4220990	30	5	24	0
31	0TlLq3lA83rQOYtrqBqSct	Nonstop	Drake	4142882	27	25	5	-4
32	116H0KvKr2Zl4RPuVBruDO	MIA (feat. Drake)	Bad Bunny	3987983	29	13	2	-3
33	5JEx7HbmvHQQswJCsoo9rA	Close To Me (with Diplo) (feat. Swae Lee)	Ellie Goulding	3884287	38	11	33	5
34	5IaHrVsrferBYDm0bDyABy	Taste (feat. Offset)	Tyga	3858878	34	34	4	0
35	2LskIZrCeLxRvCiGP8gxlh	Arms Around You (feat. Maluma & Swae Lee)	XXXTENTACION	3815732	35	11	6	0
36	25sgk305KZfyuqVBQIahim	Sweet but Psycho	Ava Max	3786822	49	14	36	13
37	22An65gG31JLf9n18qjdhZ	BAD!	XXXTENTACION	3744781	32	5	5	-5
38	1NJcg626wLln4pGHpiV7mf	lovely	Billie Eilish	3646489	48	5	38	10
39	0e7ipj03S05BNilyu5bRzt	rockstar (feat. 21 Savage)	Post Malone	3554389	36	37	9	-3
40	74lnM5V6ecvoTPV0fvptx9	Nuketown (feat. Juice WRLD)	Ski Mask The Slump God	3507279	43	6	18	3
41	7m9OqQk4RVRkw9JJdeAw96	Jocelyn Flores	XXXTENTACION	3457638	42	72	3	1
42	58q2HKrzhC3ozto2nDdN4z	I Like It	Cardi B	3447506	33	40	3	-9
43	4w8niZpiMy6qz1mntFA5uM	Taki Taki (with Selena Gomez, Ozuna & Cardi B)	DJ Snake	3440372	39	15	7	-4
44	7lAK3oHbfEnvUQWosrMMpR	YOSEMITE	Travis Scott	3415045	46	23	7	2
45	2MShy1GSSgbmGUxADNIao5	Calling My Spirit	Kodak Black	3406868	58	4	31	13
46	1KVczjazCcCCgM3gXXUl47	Roses (with Juice WRLD feat. Brendon Urie)	benny blanco	3385341	53	5	46	7
47	6vN77lE9LK6HP2DewaN6HZ	Yes Indeed	Lil Baby	3352630	44	34	2	-3
48	40T5GIqQ1CegGm2PTEl8Bu	idontwannabeyouanymore	Billie Eilish	3315264	54	5	48	6
49	3swc6WTsr7rl9DqQKQA55C	Psycho (feat. Ty Dolla $ign)	Post Malone	3239582	45	37	2	-4
50	6Gy7rXB6Ku5vIWC7WGWsl3	KIKA	6ix9ine	3236933	41	7	9	-9
51	1fewSx2d5KIZ04wsooEBOz	Space Cadet (feat. Gunna)	Metro Boomin	3221198	57	8	39	6
52	1wJRveJZLSb1rjhnUHQiv6	Swervin (feat. 6ix9ine)	A Boogie Wit da Hoodie	3142107	67	3	52	15
53	5274I4mUMnYczyeXkGDWZN	Fine China	Future	3141626	51	12	6	-2
54	6DCZcSspjsKoFjzjrWoCdn	God's Plan	Drake	3135723	40	25	16	-14
55	75ZvA4QfFiZvzhj2xkaWAh	I Fall Apart	Post Malone	3114044	50	69	2	-5
56	2VxeLyX666F8uXCJ0dZF8B	Shallow	Lady Gaga	3015496	71	14	11	15
57	5aXgz1oKK8Q9z9xvTmSnrO	Topanga	Trippie Redd	2959034	56	9	11	-1
58	4paAidoE8VAemwU4jgCc6l	all my friends	21 Savage	2949781	37	3	20	-21
59	4QIyEq7TcTdAcxjI2AFlAK	FEFE	6ix9ine	2949257	47	5	37	-12
60	6wWaVoUOzLQJHd3bWAUpdZ	Never Recover (Lil Baby & Gunna, Drake)	Lil Baby	2934002	52	14	3	-8
61	4uP3pUP18ennmz0tb3GphR	Solo de Mi	Bad Bunny	2928733	55	3	55	-6
62	79OEIr4J4FHV0O3KrhaXRb	Splashin	Rich The Kid	2906188	61	4	61	-1
63	4VUwkH455At9kENOfzTqmF	Beautiful (feat. Camila Cabello)	Bazzi	2863536	65	23	30	2
64	3L19besdNQzd342qL78xqm	Demons and Angels (feat. Juice WRLD)	A Boogie Wit da Hoodie	2842659	60	3	54	-4
65	7AQim7LbvFVZJE3O8TYgf2	Fuck Love (feat. Trippie Redd)	XXXTENTACION	2827702	63	72	8	-2
66	4qKcDkK6siZ7Jp1Jb4m0aL	Look Alive (feat. Drake)	BlocBoy JB	2787661	66	48	3	0
67	04MLEeAMuV9IlHEsD8vF6A	No Stylist	French Montana	2768517	69	16	21	2
68	2iUXsYOEPhVqEBwsqP70rE	Youngblood	5 Seconds of Summer	2733648	64	30	17	-4
69	27rdGxbavYJeBphck5MZAF	Nothing Breaks Like a Heart (feat. Miley Cyrus)	Mark Ronson	2654281	62	6	36	-7
70	6JQvHMSaR8flFsN53ypOfP	Noticed	Lil Mosey	2620128	75	12	23	5
71	4OBZT9EnhYIV17t4pGw7ig	Best Part (feat. Daniel Caesar)	H.E.R.	2618640	78	32	71	7
72	0AluA5RNsa4Cx6XRhf2hWZ	10 Freaky Girls (with 21 Savage)	Metro Boomin	2613208	70	8	22	-2
73	2G7V7zsVDxg1yRsu7Ew9RJ	In My Feelings	Drake	2603069	59	25	1	-14
74	577YBGuskWkVDCxZrLRB4v	Pure Cocaine	Lil Baby	2573959	84	6	52	10
75	4VXIryQMWpIdGgYR4TrjT1	All Girls Are The Same	Juice WRLD	2525771	68	5	66	-7
76	7AFASza1mXqntmGtbxXprO	changes	XXXTENTACION	2521843	72	43	7	-4
77	7sO5G9EABYOXQKNPNiE9NR	Ric Flair Drip (& Metro Boomin)	Offset	2470825	81	63	4	4
78	4NdXQlDTzxbOMkzJGWFtz3	Butterfly Doors	Lil Pump	2440844	nan	1	78	new
79	4OafepJy2teCjYJbvFE60J	breathin	Ariana Grande	2419092	77	21	5	-2
80	4jvjzW7Hm0yK4LvvE0Paz9	Falling Down - Bonus Track	Lil Peep	2417717	80	9	16	0
81	0ZNrc4kNeQYD9koZ3KvCsy	BIG BANK (feat. 2 Chainz, Big Sean, Nicki Minaj)	YG	2401653	73	23	24	-8
82	0PowxVSTY2uh1CPc8EPKyX	Project Dreams	Marshmello	2396493	85	2	82	3
83	4e4fqjx0Izh4svvTef1z7e	Meant to Be (feat. Florida Georgia Line)	Bebe Rexha	2356383	92	29	44	9
84	45Egmo7icyopuzJN0oMEdk	Love Lies (with Normani)	Khalid	2334817	88	47	9	4
85	3GJ4hzg4lrGwU51Y3VARbF	Speechless	Dan + Shay	2327256	99	23	85	14
86	3EPXxR3ImUwfayaurPi3cm	Be Alright	Dean Lewis	2318347	104	24	31	18
87	2qT1uLXPVPzGgFOx4jtEuo	no tears left to cry	Ariana Grande	2315906	83	21	18	-4
88	7fa9MBXhVfQ8P8Df9OEbD8	Girls Like You (feat. Cardi B)	Maroon 5	2305507	74	30	9	-14
89	3a1lNhkSLSkpJE4MSHpDu9	Congratulations	Post Malone	2305416	90	106	5	1
90	75lcPkAkUsKWHGBlGM476R	1400 / 999 Freestyle	Trippie Redd	2301527	89	9	23	-1
91	7GX5flRQZVHRAGd6B4TmDO	XO Tour Llif3	Lil Uzi Vert	2299985	86	72	2	-5
92	2RSHsoi04658QL5xgQVov3	Bad Liar	Imagine Dragons	2250650	87	9	28	-5
93	7tFiyTwD0nx5a1eklYtX2J	Bohemian Rhapsody - 2011 Mix	Queen	2242211	93	11	42	0
94	2P91MQbaiQOfbiz9VqhqKQ	I Like Me Better	Lauv	2238626	105	31	79	11
95	0lsRatBUs9HNIZAmoGABzk	Trampoline	SHAED	2235159	140	2	95	45
96	0hPLZrnDgtKxrym1BHjDhd	can't leave without it	21 Savage	2235106	82	3	45	-14
97	1ThmUihH9dF8EV08ku5AXN	Faucet Failure	Ski Mask The Slump God	2230176	124	5	68	27
98	3oDkdAySo1VQQG0ptV7uwa	Lean Wit Me	Juice WRLD	2215712	79	5	79	-19
99	4Uy3kNxW2kB8AEoXljEcth	Familia (with Anuel Aa, feat. Bantu) - Spider-Man: Into the Spider-Verse	Nicki Minaj	2206789	98	4	98	-1
100	2uIX8YMNjGMD7441kqyyNU	ocean eyes	Billie Eilish	2203731	112	19	78	12
101	3CA9pLiwRIGtUBiMjbZmRw	Nice For What	Drake	2200088	76	25	12	-25
102	5tAa8Uaqr4VvA3693mbIhU	Ruin My Life	Zara Larsson	2170763	103	12	43	1
103	2FY7b99s15jUprqC0M5NCT	Natural	Imagine Dragons	2162340	101	9	45	-2
104	6rz0dTA0PdhXImFV5EjM0w	Hide (feat. Seezyn)	Juice WRLD	2160962	106	4	100	2
105	60SdxE8apGAxMiRrpbmLY0	Lucky You (feat. Joyner Lucas)	Eminem	2160806	102	19	1	-3
106	3GVkPk8mqxz0itaAriG1L7	Everybody Dies In Their Nightmares	XXXTENTACION	2147400	97	72	15	-9
107	4S8d14HvHb70ImctNgVzQQ	I Love It (& Lil Pump)	Kanye West	2140337	91	18	1	-16
108	51NFxnQvaosfDDutk0tams	bellyache	Billie Eilish	2140132	114	10	49	6
109	2rxQMGVafnNaRaXlRMWPde	Beautiful Crazy	Luke Combs	2113020	118	27	109	9
110	1ZAyjvIk9YiD76yYy0TEG6	Plug Walk	Rich The Kid	2108905	107	24	48	-3
111	7wBJfHzpfI3032CSD7CE2m	STARGAZING	Travis Scott	2095590	100	23	3	-11
112	6CTWathupIiDs7U4InHnDA	Trip	Ella Mai	2073777	117	13	39	5
113	5OCJzvD7sykQEKHH7qAC3C	God is a woman	Ariana Grande	2060440	94	21	6	-19
114	4NBTZtAt1F13VvlSKe6KTl	This Feeling	The Chainsmokers	2054377	125	3	114	11
115	7uzmGiiJyRfuViKKK3lVmR	Mine	Bazzi	2049084	111	39	16	-4
116	4KX8vXbouybtUptEyYxtIk	MoshPit (feat. Juice WRLD)	Kodak Black	2048747	96	4	22	-20
117	42fw0rxRO2xbesF6mJfd4Y	Tequila	Dan + Shay	2029255	119	27	60	2
118	32lItqlMi4LBhb4k0BaSaC	Candy Paint	Post Malone	2016067	113	36	17	-5
119	5Z3GHaZ6ec9bsiI5BenrbY	Young Dumb & Broke	Khalid	2008760	108	91	6	-11
120	6gBFPUFcJLzWGx4lenP6h2	goosebumps	Travis Scott	1977469	116	106	16	-4
121	7eBqSVxrzQZtK2mmgRG6lC	Murder On My Mind	YNW Melly	1959411	131	16	120	10
122	05t7JMip6JrLuSrMV5yYjX	Envy Me	Calboy	1931937	137	2	122	15
123	5iwz1NiezX7WWjnCgY5TH4	Calma - Remix	Pedro Capó	1929709	190	2	123	67
124	7KXjTSCq5nL1LoYtL7XAwS	HUMBLE.	Kendrick Lamar	1922825	121	92	1	-3
125	7oJrVhiTPZGBXWPwhxjy9S	Lust	Lil Skies	1902189	127	50	79	2
126	09IStsImFySgyp0pIQdqAc	The Middle	Zedd	1896270	110	30	8	-16
127	3GCdLUSnKSMJhs4Tj6CV3s	All The Stars (with SZA)	Kendrick Lamar	1891215	115	40	3	-12
128	7uiBocndm12aKbsdnQ3Scx	Undecided	Chris Brown	1884454	nan	1	128	new
129	3wScL5W8H40zzCKN0atfBk	Uproar	Lil Wayne	1882475	122	15	4	-7
130	21kOVEG3bDCVphKhXL8XmQ	Walk	Comethazine	1873316	144	9	130	14
131	1oJ8EDr2pv94IvSd6ZmDgo	MAMA	6ix9ine	1858810	109	7	15	-22
132	0Fpen1PTuEnCmOJtUU9Iud	New Patek	Lil Uzi Vert	1853104	126	17	4	-6
133	152lZdxL1OR0ZMW6KquMif	Location	Khalid	1819893	138	104	9	5
134	4MAsYGSgxsaj73dC2lvFC4	WORKIN ME	Quavo	1781684	129	13	33	-5
135	5qHirGR7M9tdm6C17DlzSY	REEL IT IN	Aminé	1776378	142	17	40	7
136	3V8UKqhEK5zBkBb6d6ub8i	Te Boté - Remix	Nio Garcia	1775932	123	39	42	-13
137	1zB4vmk8tFRmM9UULNzbLB	Thunder	Imagine Dragons	1768267	146	21	109	9
138	2u7mxWSeoqTXndK5e08jMp	Nowadays (feat. Landon Cube)	Lil Skies	1763105	141	52	30	3
139	6eYxmK9fdL4hwLnXG2zY3s	Look At Me!	XXXTENTACION	1759587	133	44	33	-6
140	6Hgh47WXVKtXN5zGOu0hjI	OTW	Khalid	1754944	151	35	20	11
141	2Grb4G6t9VIqo6moKUloom	Don't Come Out The House (with 21 Savage)	Metro Boomin	1745706	130	8	33	-11
142	1Knctxx9vGZxpZfF66BIEa	Legends	Juice WRLD	1734591	155	27	68	13
143	0rKtyWc8bvkriBthvHKY8d	SLOW DANCING IN THE DARK	Joji	1727496	164	10	41	21
144	2ZRo7axmMPeSVUvDbGkJah	Hope	XXXTENTACION	1715890	135	35	28	-9
145	40oKW22ZNNkEdZLJTScaQI	Roll In Peace (feat. XXXTENTACION)	Kodak Black	1710212	148	71	24	3
146	7ycWLEP1GsNjVvcjawXz3z	Praise The Lord (Da Shine) (feat. Skepta)	A$AP Rocky	1690394	149	32	11	3
147	3oh6SCCeLuXhFpEyepla6G	Thotiana	Blueface	1688634	nan	1	147	new
148	2wOXxtHZgRkkrkEbKLzzqs	1.5	21 Savage	1684605	120	3	52	-28
149	04ZTP5KsCypmtCmQg5tH9R	I'm a Mess	Bebe Rexha	1681293	160	24	74	11
150	1iPBD72u3nAyFEeardYuBV	Kamikaze	Lil Mosey	1678080	159	11	76	9
151	4mHgYpuGHu99Mw69E83CP2	Taking A Walk	Trippie Redd	1677214	154	21	13	3
152	5Gu0PDLN4YJeW75PpBSg9p	Let Me Go (with Alesso, Florida Georgia Line & watt)	Hailee Steinfeld	1668858	170	3	59	18
153	1gm616Plq4ScqNi7TVkZ5N	Call Out My Name	The Weeknd	1666364	158	36	1	5
154	4hQ6UGyWQIGJmHSo0J88JW	Back To You - From 13 Reasons Why – Season 2 Soundtrack	Selena Gomez	1666199	150	23	35	-4
155	0pqnGHJpmpxLKifKRmU6WP	Believer	Imagine Dragons	1662874	161	21	124	6
156	6n4U3TlzUGhdSFbUUhTvLP	Walk It Talk It	Migos	1643695	136	48	6	-20
157	6xcJyGpfZbuuiequtnlKt4	BUTTERFLY EFFECT	Travis Scott	1639189	156	21	26	-1
158	52okn5MNA47tk87PeZJLEL	Let You Down	NF	1638345	162	26	38	4
159	278kSqsZIiYp8p3QjYAqa8	NI BIEN NI MAL	Bad Bunny	1633106	134	2	134	-25
160	5uCax9HTNlzGybIStD3vDh	Say You Won't Let Go	James Arthur	1625833	176	80	15	16
161	6vsV4D8BM6PioRr1UOx0n2	you should see me in a crown	Billie Eilish	1623530	175	15	33	14
162	3EikYy40GMSp8l5mDV6IQo	Foot Fungus	Ski Mask The Slump God	1608232	169	5	34	7
163	4UKCKdYiLN6IMA5ZESUTL7	the remedy for a broken heart (why am I so in love)	XXXTENTACION	1606494	157	38	18	-6
164	4m5Cd9kAbIxg6t9sMrQWtk	TIC TOC	6ix9ine	1604105	95	7	8	-69
165	2fQrGHiQOvpL9UgPvtYy6G	Bank Account	21 Savage	1600459	163	63	3	-2
166	2QgfDF0fQ4sskDthP8MG5w	asmr	21 Savage	1598966	128	3	64	-38
167	50a8bKqlwDEqeiEknrzkTO	ball w/o you	21 Savage	1581642	132	3	71	-35
168	6j97zG4DDrh3oUa6rZbFOs	FeRRis WhEEL (feat. Trippie Redd)	Tory Lanez	1575097	178	7	100	10
169	6o79O9qBP3OAkWOXajAQIS	WAKA	6ix9ine	1572374	147	7	19	-22
170	2eAZfqOm4EnOF9VvN50Tyc	The Way Life Goes (feat. Oh Wonder)	Lil Uzi Vert	1571271	184	67	8	14
171	1a7WZZZH7LzyvorhpOJFTe	Wasted (feat. Lil Uzi Vert)	Juice WRLD	1569897	143	5	126	-28
172	1f5cbQtDrykjarZVrShaDI	Drowning (feat. Kodak Black)	A Boogie Wit da Hoodie	1569060	174	41	21	2
173	5PTG6rrL6EPFD9E2QMI2pl	JAPAN	Famous Dex	1567562	172	38	12	-1
174	0FQhAHyHGsrbSHvDURmFPn	my boy	Billie Eilish	1560756	196	2	174	22
175	5T8EDUDqKcs6OSOwEsfqG7	Don't Stop Me Now - 2011 Mix	Queen	1555862	153	6	112	-22
176	1fCeXjoRExPP2qwSBh2aST	Black & White	Juice WRLD	1552373	152	4	152	-24
177	7K7MUBCnzgBAvMVW2RTWNs	Body (feat. brando)	Loud Luxury	1544668	165	13	29	-12
178	7wC5eZcFS1Q1BsQ35DU6H4	come out and play	Billie Eilish	1541741	189	7	14	11
179	1HXy5I3HTWq8OvxCn0z7G7	Heaven	Kane Brown	1539028	180	46	60	1
180	2BJSMvOGABRxokHKB0OI8i	Shoota (feat. Lil Uzi Vert)	Playboi Carti	1538097	193	30	27	13
181	3ZhTT6yjZwpPph5MIJ53XY	Red Roses (feat. Landon Cube)	Lil Skies	1527298	177	50	38	-4
182	3vWzyGTu6Ovo1GdrcJqH6e	Scared of the Dark (feat. XXXTENTACION)	Lil Wayne	1525812	183	3	133	1
183	1rfofaqEpACxVEHIZBJe6W	Havana (feat. Young Thug)	Camila Cabello	1525458	139	45	2	-44
184	6KBYefIoo7KydImq1uUQlL	Bodak Yellow	Cardi B	1503394	166	29	35	-18
185	5gQcxYXqnofyocKgEbGYKt	Bounce Out With That	YBN Nahmir	1499157	195	14	126	10
186	5nzhL67GpF9szXWg5y509A	Close Friends (Lil Baby & Gunna)	Lil Baby	1497582	185	13	39	-1
187	7vGuf3Y35N4wmASOKLUVVU	Silence	Marshmello	1490395	198	63	10	11
188	0CZ8lquoTX2Dkg7Ak2inwA	1950	King Princess	1485606	nan	15	72	re-enter
189	6IaieqiCVvsNvEt6Y7yOFa	Ball For Me (feat. Nicki Minaj)	Post Malone	1481771	181	30	9	-8
190	62vpWI1CHwFy7tMIcSStl8	No Role Modelz	J. Cole	1477132	nan	81	71	re-enter
191	0fAVi8b6VX6NgT4j1aRLdT	Drunk Me	Mitchell Tenpenny	1462815	nan	1	191	new
192	4BiiOzZCrXEzHRLYcYFiD5	Hope	The Chainsmokers	1461934	nan	1	192	new
193	3WefHNGtjexZvi66ZEx9u4	Hurts Like Hell (feat. Offset)	Madison Beer	1460519	179	5	126	-14
194	5tz69p7tJuGPeMGwNTxYuV	1-800-273-8255	Logic	1456942	nan	81	1	re-enter
195	14sOS5L36385FJ3OL8hew4	Happy Now	Kygo	1453843	182	8	54	-13
196	0dSIrRkA4PadGll16TgbnV	PICK IT UP (feat. A$AP Rocky)	Famous Dex	1451933	197	36	39	1
197	7BKLCZ1jbUBVqRi2FVlTVw	Closer	The Chainsmokers	1446507	167	77	4	-30
198	698eQRku24PIYPQPHItKlA	She Got the Best of Me	Luke Combs	1434882	nan	4	163	re-enter
199	5rFj8OzffT0iggSjcBaeND	"Fire On Fire - From ""Watership Down"""	Sam Smith	1433563	nan	1	199	new
200	1tT55K6VEyO6XFDxK4lDQe	In My Head	Peter Manos	1432363	188	4	146	-12
