position	song_id	song_name	artist	streams	last_week_position	weeks_on_chart	peak_position	position_status
1	0TK2YIli7K1leLovkQiNik	Señorita	Shawn Mendes	12882108	1	2	1	0
2	6fTt0CH2t0mdeB2N9XFG5r	Panini	Lil Nas X	11027225	2	2	2	0
3	5ry2OE6R2zPQFDO85XkgRb	Money In The Grave (Drake ft. Rick Ross)	Drake	10952481	3	3	1	0
4	4evmHXcjt3bTUHD1cvny97	Beautiful People (feat. Khalid)	Ed Sheeran	8767250	nan	1	4	new
5	5qmq61DAAOUaW8AUo8xKhh	Truth Hurts	Lizzo	8724488	7	9	5	2
6	2Fxmhks0bxGSBdJ92vM42m	bad guy	Billie Eilish	8259796	4	14	1	-2
7	6u7jPi22kF8CTQ3rb9DHE7	Old Town Road (feat. Billy Ray Cyrus) - Remix	Lil Nas X	7960496	5	13	1	-2
8	1kBbgxAUc4HQv7cgIayIDH	Ransom	Lil Tecca	7883398	8	2	8	0
9	3KkXRkHbMCARz0aVfEt68P	Sunflower - Spider-Man: Into the Spider-Verse	Post Malone	7221881	13	27	1	4
10	4ak7xjvBeBOcJGWFDX9w5n	Rodeo	Lil Nas X	7111558	9	2	9	-1
11	3HVWdVOQ0ZA45FuZGSfvns	I Don't Care (with Justin Bieber)	Ed Sheeran	6674850	10	8	1	-1
12	29fRTIKsJhLUJoldM89GZS	You Need To Calm Down	Taylor Swift	6661099	6	3	2	-6
13	2gwkD6igEhQbDQegRCcdoB	Suge	DaBaby	6529561	12	14	4	-1
14	7DcvwMAiqKJQD1rrdfxSDx	The London (feat. J. Cole & Travis Scott)	Young Thug	6496479	11	6	1	-3
15	6XHVuErjQ4XNm6nDPVCxVX	No Guidance (feat. Drake)	Chris Brown	5629550	nan	1	15	new
16	6uFn47ACjqYkc0jADwEdj1	Pop Out (feat. Lil Tjay)	Polo G	5591317	16	4	8	0
17	6moU77g9RQyMzHNuKEaQKq	It's You	Ali Gatie	5371004	30	3	17	13
18	5hVghJ4KaYES3BFUATCYn0	EARFQUAKE	Tyler, The Creator	5202444	14	7	1	-4
19	4hPpVbbakQNv8YTHYaOJP4	One Thing Right	Marshmello	5118361	19	2	19	0
20	6TqXcAFInzjp0bODyvrWEq	Talk (feat. Disclosure)	Khalid	5079828	18	13	6	-2
21	51Fjme0JiitpyXKuyQiCDo	Lalala	Y2K	4870704	nan	1	21	new
22	1kK6DwzyXJSp58u5HYWwuD	Go Loko (feat. Tyga, Jon Z)	YG	4694760	23	6	17	1
23	05CwHjIk71RXVU40boRMnR	Call You Mine	The Chainsmokers	4515496	24	5	23	1
24	5PYQUBXc7NYeI1obMKSJK0	Never Really Over	Katy Perry	4447864	17	5	10	-7
25	6MWtB6iiXyIwun0YzU6DFP	Wow.	Post Malone	4328245	22	28	2	-3
26	6LsAAHotRLMOHfCsSfYCsz	If I Can't Have You	Shawn Mendes	4325877	20	9	4	-6
27	25ZAibhr3bdlMCLmubZDVt	QUE PRETENDES	J Balvin	4255012	nan	1	27	new
28	6oJ6le65B3SEqPwMRNXWjY	Higher Love	Kygo	4207106	nan	1	28	new
29	1wJRveJZLSb1rjhnUHQiv6	Swervin (feat. 6ix9ine)	A Boogie Wit da Hoodie	4133985	29	28	7	0
30	2JvzF1RMd7lE3KmFlsyZD8	MIDDLE CHILD	J. Cole	4090086	25	24	1	-5
31	7ILEWkpfdK6AjH2D7jppWk	Don't Check On Me (feat. Justin Bieber & Ink)	Chris Brown	3965057	nan	1	31	new
32	22vgEDb5hykfaTwLuskFGD	Sucker	Jonas Brothers	3814210	21	4	10	-11
33	56JyMaElW79S7TDWh1Zw1m	On A Roll	Ashley O	3813463	78	3	33	45
34	53CJANUxooaqGOtdsBTh7O	Old Town Road	Lil Nas X	3801109	28	16	2	-6
35	3XiNC94b4Tq1xwv70sQJGN	Sanguine Paradise	Lil Uzi Vert	3767891	31	13	6	-4
36	0DiDStADDVh3SvAsoJAFMk	Only Human	Jonas Brothers	3750851	27	4	12	-9
37	543bCW2ruMPmxUBWirQ3MR	Cross Me (feat. Chance the Rapper & PnB Rock)	Ed Sheeran	3627708	33	6	11	-4
38	3j84U36KvLeXNDPv4t5pI8	Pure Water (with Migos)	Mustard	3580303	nan	1	38	new
39	7Feaw9WAEREY0DUOSXJLOM	Summer Days (feat. Macklemore & Patrick Stump of Fall Out Boy)	Martin Garrix	3484080	35	10	31	-4
40	6ocbgoVGwYJhOv1GgI9NsF	7 rings	Ariana Grande	3469947	32	21	1	-8
41	43zdsphuZLzwA9k4DJhU0I	when the party's over	Billie Eilish	3469619	34	14	5	-7
42	2IRZnDFmlqMuOrYOLnZZyc	Going Bad (feat. Drake)	Meek Mill	3441807	36	31	2	-6
43	0fea68AdmYNygeTGI4RC18	LA CANCIÓN	J Balvin	3313102	nan	1	43	new
44	78QR3Wp35dqAhFEc2qAGjE	Drip Too Hard (Lil Baby & Gunna)	Lil Baby	3228133	42	39	1	-2
45	5dW1VZPcFqB4n0P08rGDgm	The Git Up	Blanco Brown	3217529	68	3	45	23
46	2TH65lNHgvLxCKXM3apjxI	Callaita	Bad Bunny	3188030	45	5	41	-1
47	7eBqSVxrzQZtK2mmgRG6lC	Murder On My Mind	YNW Melly	3150826	39	41	4	-8
48	4dAMdQ6g4kGmnc1MDHsg77	Shotta Flow	NLE Choppa	3139305	47	16	46	-1
49	6zeeWid2sgw4lap2jV61PZ	Better	Khalid	3132291	43	36	10	-6
50	2zjGJ0dChMR0KxBZS15aqo	Baguettes in the Face (feat. NAV, Playboi Carti & A Boogie Wit da Hoodie)	Mustard	3019207	nan	1	50	new
51	0u2P5u6lvoDfwTYjAADbn4	lovely (with Khalid)	Billie Eilish	3018209	44	41	24	-7
52	0qc4QlcCxVTGyShurEv1UU	Post Malone (feat. RANI)	Sam Feldt	2974892	116	2	52	64
53	7FGq80cy8juXBCD2nrqdWU	Eastside (with Halsey & Khalid)	benny blanco	2943366	51	30	25	-2
54	2dpaYNEQHiRxtZbfNsse99	Happier	Marshmello	2869829	48	46	8	-6
55	7njKgVl3AnLflRad38o7AG	Paradise	Bazzi	2842936	55	13	20	0
56	285pBltuF7vW8TeWk8hdRR	Lucid Dreams	Juice WRLD	2841969	50	30	11	-6
57	7qEHsqek33rTcFNT9PFqLf	Someone You Loved	Lewis Capaldi	2836539	52	7	34	-5
58	5rU6kDNXZLXIinFezpbWbO	Tap (feat. Meek Mill)	NAV	2833466	76	9	58	18
59	4SSnFejRGlZikf02HLewEF	bury a friend	Billie Eilish	2824799	46	14	4	-13
60	7rvyVWja33WG9R97oeJAjx	Envy Me	Calboy	2815587	40	5	29	-20
61	2xLMifQCjDGFmkHkpNLD9h	SICKO MODE	Travis Scott	2785885	54	48	1	-7
62	6Hj9jySrnFppAI0sEMCZpJ	Robbery	Juice WRLD	2753088	53	17	3	-9
63	0hWzB4dR1zwcokPvccww0k	When I Grow Up	NF	2736073	nan	1	63	new
64	6kls8cSlUyHW2BUOkDJIZE	Hate Me (with Juice WRLD)	Ellie Goulding	2718705	nan	1	64	new
65	2wZjsbwmWfNVslgV5afl1L	Out The Mud	Lil Baby	2655175	49	2	49	-16
66	3Ol2xnObFdKV9pmRD2t9x8	Look Back at It	A Boogie Wit da Hoodie	2555243	59	28	9	-7
67	59ywHNwwchG4nZJMLyxSzd	Clout (feat. Cardi B)	Offset	2540621	64	12	46	-3
68	2MuMD298IpYqKF367wegUd	Homicide (feat. Eminem)	Logic	2529439	84	8	4	16
69	1dyxS3YzBbL0t8rEVwVQ1K	God's Country	Blake Shelton	2498628	89	9	69	20
70	3e9HZxeyfWwjeyPAMmWSSQ	thank u, next	Ariana Grande	2465351	67	21	7	-3
71	5p7ujcrUXASCNwRaWNHR1C	Without Me	Halsey	2465106	65	39	5	-6
72	0k664IuFwVP557Gnx7RhIl	Juice	Lizzo	2456081	79	11	71	7
73	4MsUsFfWseB9M2plGJyuIw	ME! (feat. Brendon Urie of Panic! At The Disco)	Taylor Swift	2452709	57	7	26	-16
74	3xaugmCyXrVkrDTXbFkMW3	Sanctuary	Joji	2444178	41	3	19	-33
75	7f1zjZG77S891Uv4O68yfk	Baby Sitter (feat. Offset)	DaBaby	2441380	61	8	61	-14
76	7dt6x5M1jzdTEt8oCbisTK	Better Now	Post Malone	2436538	74	62	1	-2
77	3ee8Jmje8o58CHK66QrVC2	SAD!	XXXTENTACION	2435915	66	68	1	-11
78	3Fj47GNK2kUF0uaEDgXLaD	wish you were gay	Billie Eilish	2428037	60	14	3	-18
79	4no0eHn4fEB7tN1yZSXMma	C7osure (You Like)	Lil Nas X	2418352	112	2	79	33
80	2t8yVaLvJ0RenpXUIAC52d	a lot	21 Savage	2410010	70	28	7	-10
81	4kV4N9D1iKVxx1KLvtTpjS	break up with your girlfriend, i'm bored	Ariana Grande	2398277	69	21	1	-12
82	6Qs4SXO9dwPj5GKvVOv8Ki	Dancing With A Stranger (with Normani)	Sam Smith	2386894	73	25	12	-9
83	1c0hsvHLELX6y8qymnpLKL	Soltera - Remix	Lunay	2350500	77	8	60	-6
84	0e7ipj03S05BNilyu5bRzt	rockstar (feat. 21 Savage)	Post Malone	2339120	80	62	9	-4
85	4XiGKQqbmnMVxDzUj6j3f2	Worth It	YK Osiris	2309129	71	18	71	-14
86	1ThmUihH9dF8EV08ku5AXN	Faucet Failure	Ski Mask The Slump God	2280962	87	30	27	1
87	2WyRfGeHo97VC5mP1BBSzr	Mother's Daughter	Miley Cyrus	2280889	58	5	13	-29
88	6foY66mWZN0pSRjZ408c00	Whiskey Glasses	Morgan Wallen	2263323	88	16	66	0
89	3A2yGHWIzmGEIolwonU69h	Act Up	City Girls	2242800	97	13	66	8
90	3WyRgi8CzQnhzO0xw79tTS	Goin Baby	DaBaby	2237628	90	11	67	0
91	5eDvChP4WAPPrtaQeI9MhT	Beer Never Broke My Heart	Luke Combs	2219081	85	8	51	-6
92	1Ej96GIBCTvgH7tNX1r3qr	Otro Trago	Sech	2211674	72	7	71	-20
93	4tNXntkAzQ5A2dfYRYGIIQ	Easier	5 Seconds of Summer	2208872	63	6	22	-30
94	79JBjIq90BrQ8Ws0pUhlzD	Mad Love	Mabel	2206058	127	4	94	33
95	6uAm7pG66O1XesXS9bpHSF	Good As Hell	Lizzo	2196095	132	3	95	37
96	2rxQMGVafnNaRaXlRMWPde	Beautiful Crazy	Luke Combs	2184606	94	52	61	-2
97	1rqqCSm0Qe4I9rUvWncaom	High Hopes	Panic! At The Disco	2165646	86	54	13	-11
98	2fhePAlCSsJplwkjqMYpVm	LOVE AGAIN	Daniel Caesar	2154523	nan	1	98	new
99	3TpBefRZ1vFcOH6z57PQRI	La La Land (feat. YG)	Bryce Vine	2145691	103	5	99	4
100	36TO60sxDduIsO3xH8IcUh	Isis	Joyner Lucas	2142666	83	6	14	-17
101	71pEiUWwfDFiRO6RmFpnBf	MOJAITA	J Balvin	2140838	nan	1	101	new
102	0JP9xo3adEtGSdUEISiszL	Moonlight	XXXTENTACION	2137728	91	68	3	-11
103	0FZ4Dmg8jJJAPJnvBIzD9z	ZEZE (feat. Travis Scott & Offset)	Kodak Black	2130456	99	29	4	-4
104	0vrmHPfoBadXVr2n0m1aqZ	Heaven	Avicii	2106108	56	4	18	-48
105	1ZDmxwg7Lywlx68b7SsJjj	MEGATRON	Nicki Minaj	2104098	38	2	38	-67
106	2VxeLyX666F8uXCJ0dZF8B	Shallow	Lady Gaga	2102661	92	39	10	-14
107	12iDo4Kdw9vA2X1lN3UTVu	Focus (feat. 21 Savage)	Bazzi	2096228	81	3	52	-26
108	58q2HKrzhC3ozto2nDdN4z	I Like It	Cardi B	2092132	109	65	3	1
109	6vWEAOUSxohKxhp0K1BsxL	Mixed Personalities (feat. Kanye West)	YNW Melly	2084641	62	24	12	-47
110	6dPyzkyZwoj9LqjQXOFdVv	Press	Cardi B	2079554	150	5	15	40
111	2Jh3UqxnHJMyzMzku4uOtE	Feeling	Juice WRLD	2070469	144	14	55	33
112	7m9OqQk4RVRkw9JJdeAw96	Jocelyn Flores	XXXTENTACION	2066410	95	97	3	-17
113	5w9c2J52mkdntKOmRLeM2m	Con Calma	Daddy Yankee	2043669	100	21	45	-13
114	6bWBLZLBRQEJ5KsLicouNB	I Think I'm OKAY (with YUNGBLUD & Travis Barker)	Machine Gun Kelly	2041355	102	4	102	-12
115	0yFvWTLs3iIwDbc91noXGT	GRoCERIES	Chance the Rapper	2036331	154	7	47	39
116	7COXchtUOMd6uIT6HvmRaI	i'm so tired...	Lauv	2028841	96	23	23	-20
117	0TlLq3lA83rQOYtrqBqSct	Nonstop	Drake	2028169	115	50	5	-2
118	0uIfrUwwg0Z7KTitul7E3T	YO LE LLEGO	J Balvin	2025747	nan	1	118	new
119	22oEJW6r2rMb9z4IntfyEa	Hey Look Ma, I Made It	Panic! At The Disco	2025205	114	12	67	-5
120	1f38Gx6xQz6r4H1jGVNBJo	Loco Contigo (with J. Balvin & Tyga)	DJ Snake	2024489	110	3	92	-10
121	5kfNriitmkNE8mUbZ7gbq8	Saturday Nights	Khalid	2019316	106	36	14	-15
122	3GJ4hzg4lrGwU51Y3VARbF	Speechless	Dan + Shay	2009051	120	48	85	-2
123	0rKtyWc8bvkriBthvHKY8d	SLOW DANCING IN THE DARK	Joji	1999983	105	35	41	-18
124	2toVe5hfuIi97ytDPDbQFt	Taste (feat. Offset)	Tyga	1979636	113	4	87	-11
125	3XF5xLJHOQQRbWya6hBp7d	you should see me in a crown	Billie Eilish	1972874	107	14	11	-18
126	4e4fqjx0Izh4svvTef1z7e	Meant to Be (feat. Florida Georgia Line)	Bebe Rexha	1964862	118	54	44	-8
127	5Uw7Dut2lZfexn3Y09swpf	Find U Again (feat. Camila Cabello)	Mark Ronson	1960655	104	2	104	-23
128	4eqrNsKy9Mvg1fvfsTVIAE	Down Bad (feat. JID, Bas, J. Cole, EARTHGANG & Young Nudy)	Dreamville	1956916	75	3	32	-53
129	2iUXsYOEPhVqEBwsqP70rE	Youngblood	5 Seconds of Summer	1927396	122	55	17	-7
130	25sgk305KZfyuqVBQIahim	Sweet but Psycho	Ava Max	1923478	111	39	36	-19
131	75ZvA4QfFiZvzhj2xkaWAh	I Fall Apart	Post Malone	1898107	123	94	2	-8
132	56eGOeSsqdg3FLxdo83TwV	Rumor	Lee Brice	1867099	128	7	128	-4
133	2KqJC0koTBUyDlsMt5ok1V	Look What God Gave Her	Thomas Rhett	1849480	158	5	70	25
134	5Z3GHaZ6ec9bsiI5BenrbY	Young Dumb & Broke	Khalid	1849165	139	116	6	5
135	7hynhxDoDpgMIV12JuVtNa	UN PESO	J Balvin	1846622	nan	1	135	new
136	2uIX8YMNjGMD7441kqyyNU	ocean eyes	Billie Eilish	1844670	126	44	78	-10
137	0mjAU3yKR1QnXnHtjGJqTM	Rescue Me	OneRepublic	1843210	93	7	66	-44
138	1xzBco0xcoJEDXktl7Jxrr	Mo Bamba	Sheck Wes	1839290	124	39	1	-14
139	6vN77lE9LK6HP2DewaN6HZ	Yes Indeed	Lil Baby	1834617	145	59	2	6
140	4u7EnebtmKWzUH433cf5Qv	Bohemian Rhapsody - 2011 Mix	Queen	1830866	141	15	76	1
141	42fw0rxRO2xbesF6mJfd4Y	Tequila	Dan + Shay	1824593	147	52	60	6
142	4VXIryQMWpIdGgYR4TrjT1	All Girls Are The Same	Juice WRLD	1815185	134	30	66	-8
143	6DCZcSspjsKoFjzjrWoCdn	God's Plan	Drake	1814402	131	50	16	-12
144	7AQim7LbvFVZJE3O8TYgf2	Fuck Love (feat. Trippie Redd)	XXXTENTACION	1814077	129	97	8	-15
145	3swc6WTsr7rl9DqQKQA55C	Psycho (feat. Ty Dolla $ign)	Post Malone	1807531	142	62	2	-3
146	7GX5flRQZVHRAGd6B4TmDO	XO Tour Llif3	Lil Uzi Vert	1796249	140	97	2	-6
147	5icOoE6VgqFKohjWWNp0Ac	Here With Me	Marshmello	1795723	133	17	16	-14
148	14mHfNsSHN0FbLftyjrV9g	Leave Me Alone	Flipp Dinero	1790205	130	44	10	-18
149	2P91MQbaiQOfbiz9VqhqKQ	I Like Me Better	Lauv	1779575	138	56	79	-11
150	6SYSu569pfYdkDT9A5lZqi	CUIDAO POR AHÍ	J Balvin	1773431	nan	1	150	new
151	5wujBwqG7INdStqGd4tRMX	Armed And Dangerous	Juice WRLD	1767052	143	30	24	-8
152	4ZT9FnbFu1PaBfV3itxiqT	I	Lil Skies	1761776	108	18	16	-44
153	340UVheS8z3ncW9TTUhAbc	Nightmare	Halsey	1759770	121	7	10	-32
154	45PxuJqJBnPXZKLxoo9Apj	SUPERPOSITION	Daniel Caesar	1757500	nan	1	154	new
155	08tq1XcHwVt5PHXUo87i0D	All To Myself	Dan + Shay	1754301	nan	2	155	re-enter
156	2G1tXoGBaEMJ7FKGnkf6ud	Wake Up in the Sky	Gucci Mane	1747283	146	30	13	-10
157	6CcJMwBtXByIz4zQLzFkKc	i love you	Billie Eilish	1745484	136	14	17	-21
158	3a1lNhkSLSkpJE4MSHpDu9	Congratulations	Post Malone	1726494	155	131	5	-3
159	02itaCXOdC54J0ISjqqFAp	All Around The World (La La La)	R3HAB	1723647	161	2	159	2
160	40T5GIqQ1CegGm2PTEl8Bu	idontwannabeyouanymore	Billie Eilish	1721876	151	30	48	-9
161	2tOOcDDYkh0PSjr6GwPEAJ	Love Me Less (feat. Quinn XCII)	MAX	1721641	159	9	68	-2
162	7mldq42yDuxiUNn08nvzHO	Body Like A Back Road	Sam Hunt	1717796	178	82	15	16
163	7zLYKWcXnYeHHWidalz7rj	Noticed	Lil Mosey	1716503	nan	1	163	new
164	4pCEIQ6wBVuaJdER5bALtO	That's a Rack	Lil Uzi Vert	1694723	149	12	41	-15
165	7KXjTSCq5nL1LoYtL7XAwS	HUMBLE.	Kendrick Lamar	1690627	163	117	1	-2
166	698eQRku24PIYPQPHItKlA	She Got the Best of Me	Luke Combs	1686917	135	14	135	-31
167	0aMHIW1lqrulVCx0LLlr6a	Cocoa Butter Kisses	Chance the Rapper	1683506	nan	1	167	new
168	4R8BJggjosTswLxtkw8V7P	No Me Conoce - Remix	Jhay Cortez	1683041	173	3	168	5
169	5KawlOMHjWeUjQtnuRs22c	Boy With Luv (feat. Halsey)	BTS	1675666	148	12	4	-21
170	116H0KvKr2Zl4RPuVBruDO	MIA (feat. Drake)	Bad Bunny	1671657	157	38	2	-13
171	152lZdxL1OR0ZMW6KquMif	Location	Khalid	1667434	162	129	9	-9
172	09IStsImFySgyp0pIQdqAc	The Middle	Zedd	1666897	165	55	8	-7
173	7alOsNr36sJ8CyOEP4aILq	ODIO	J Balvin	1665084	nan	1	173	new
174	7sO5G9EABYOXQKNPNiE9NR	Ric Flair Drip (& Metro Boomin)	Offset	1656875	166	88	4	-8
175	5qrSlOut2rNAWv3ubArkNy	Be Alright	Dean Lewis	1651187	156	9	87	-19
176	3Tc57t9l2O8FwQZtQOvPXK	my strange addiction	Billie Eilish	1633206	153	14	10	-23
177	2x0RZdkZcD8QRI53XT4GI5	SOS (feat. Aloe Blacc)	Avicii	1630133	137	4	33	-40
178	1mMLMZYXkMueg65jRRWG1l	When It Rains It Pours	Luke Combs	1624011	174	43	123	-4
179	7knLcYCOSaURD0d7HUULFM	COMO UN BEBÉ	J Balvin	1621522	nan	1	179	new
180	3O7lxdQoe1aNWs93VSHsJg	On GOD (with YG & Tyga feat. A$AP Ferg & A$AP Rocky)	Mustard	1614136	nan	1	180	new
181	3E7dfMvvCLUddWissuqMwr	Party In The U.S.A.	Miley Cyrus	1598836	nan	1	181	new
182	3CA9pLiwRIGtUBiMjbZmRw	Nice For What	Drake	1594978	168	50	12	-14
183	4qQwGRtGT7l6ckQtdPEFd4	Talk You Out Of It	Florida Georgia Line	1592797	180	7	170	-3
184	2GGMabyHXnJmjY6CXhhB2e	Money	Cardi B	1589450	176	37	17	-8
185	5T8EDUDqKcs6OSOwEsfqG7	Don't Stop Me Now - 2011 Mix	Queen	1581639	181	29	102	-4
186	4OBZT9EnhYIV17t4pGw7ig	Best Part (feat. Daniel Caesar)	H.E.R.	1573536	189	57	68	3
187	6gBFPUFcJLzWGx4lenP6h2	goosebumps	Travis Scott	1570063	177	131	16	-10
188	2rMAtCaTj16NptyVfEIeAC	Cash Shit (feat. DaBaby)	Megan Thee Stallion	1568818	nan	1	188	new
189	2qGfZAgDe1pV2y5xJAhi6R	Slime Belief	YoungBoy Never Broke Again	1568412	171	19	142	-18
190	5QiNbIilmMiMBXvaAlf7lN	Who Do You Love	The Chainsmokers	1559042	175	10	80	-15
191	4bHsxqR3GMrXTxEPLuK5ue	Don't Stop Believin'	Journey	1556048	199	2	191	8
192	4NN6N5TxBO5k9uqu0W4gfQ	Floating (feat. 21 Savage)	ScHoolboy Q	1552879	179	10	22	-13
193	67XyC1GdSkKb9sbRRkUDXS	Shotta Flow (Feat. Blueface) [Remix]	NLE Choppa	1549943	nan	1	193	new
194	51NFxnQvaosfDDutk0tams	bellyache	Billie Eilish	1542991	172	35	49	-22
195	3uouaAVXpQR3X8RYkJyitQ	CYANIDE	Daniel Caesar	1533002	nan	1	195	new
196	7AFASza1mXqntmGtbxXprO	changes	XXXTENTACION	1528530	169	68	7	-27
197	6v0lAdFF4haL8xjBIUjtOw	Te Robaré	Nicky Jam	1520231	186	12	178	-11
198	5tmu5pAFHkUSl8Fo8ncyA4	CIVIL WAR - Bonus	Russ	1519727	164	7	142	-34
199	1zB4vmk8tFRmM9UULNzbLB	Thunder	Imagine Dragons	1517189	190	41	109	-9
200	7oK9VyNzrYvRFo7nQEYkWN	Mr. Brightside	The Killers	1514572	nan	8	173	re-enter
