position	song_id	song_name	artist	streams	last_week_position	weeks_on_chart	peak_position	position_status
1	21jGcNKet2qwijlDFuPiPb	Circles	Post Malone	11010452	1	2	1	0
2	6EOKwHETwSkZ9gW2b6ASE0	Ransom	Lil Tecca	8719083	2	4	2	0
3	05mDaV9Vb3wrzjF6OPZnhq	Saint-Tropez	Post Malone	7745093	3	2	3	0
4	6vBdBCoOhKHiYDDOcorfNo	Goodbyes (Feat. Young Thug)	Post Malone	7370465	4	12	1	0
5	5qmq61DAAOUaW8AUo8xKhh	Truth Hurts	Lizzo	7283652	8	21	3	3
6	7CZyCXKG6d5ALeq41sLzbw	Take What You Want (feat. Ozzy Osbourne & Travis Scott)	Post Malone	7166558	7	2	6	1
7	0Xek5rqai2jcOWCYWJfVCF	Enemies (feat. DaBaby)	Post Malone	7017166	6	2	6	-1
8	0RiRZpuVRbi7oqRdSMwhQY	Sunflower - Spider-Man: Into the Spider-Verse	Post Malone	6690519	9	2	8	1
9	4sjiIpEv617LDXaidKioOI	223's (feat. 9lokknine)	YNW Melly	6433743	24	6	9	15
10	1000nHvUdawXuUHgBod4Wv	Panini	Lil Nas X	6319515	13	2	10	3
11	6XHVuErjQ4XNm6nDPVCxVX	No Guidance (feat. Drake)	Chris Brown	6304538	14	13	6	3
12	6v3KW9xbzN5yKLt9YKDYA2	Señorita	Shawn Mendes	6197850	11	9	2	-1
13	5ry2OE6R2zPQFDO85XkgRb	Money In The Grave (Drake ft. Rick Ross)	Drake	5961768	15	15	1	2
14	4sWuPniHClkInYAnzXAYUF	Camelot	NLE Choppa	5863510	28	2	14	14
15	7qEHsqek33rTcFNT9PFqLf	Someone You Loved	Lewis Capaldi	5808487	17	19	13	2
16	5Z8HZM6iQMhhqyPcCGY5g9	Hot (feat. Gunna)	Young Thug	5768923	19	6	16	3
17	7aiClxsDWFRQ0Kzk5KI5ku	hot girl bummer	blackbear	5529500	22	5	17	5
18	7sWRlDoTDX8geTR8zzr2vt	Hollywood's Bleeding	Post Malone	5317576	10	2	10	-8
19	3s4mrPrEFFPF0LmAfutW0n	The London (feat. J. Cole & Travis Scott)	Young Thug	5056748	21	6	8	2
20	5MPPttjfGap2C6j6eKcO6J	Baby (Lil Baby feat. DaBaby)	Quality Control	4946180	23	6	14	3
21	05WepN8vrMLJG5r8XRdLeL	INTRO	DaBaby	4899412	nan	1	21	new
22	2C6WXnmZ66tHhHlnvwePiK	Die For Me (feat. Future & Halsey)	Post Malone	4808747	12	2	12	-10
23	3NkJNL3WqO1Lqc3uNDxvCN	Don’t Call Me Angel (Charlie’s Angels) (with Miley Cyrus & Lana Del Rey)	Ariana Grande	4772708	5	2	5	-18
24	2b8fOow8UzyDFAE27YhOZM	Memories	Maroon 5	4741934	nan	1	24	new
25	70eFcWOvlMObDhURTqT4Fv	Beautiful People (feat. Khalid)	Ed Sheeran	4534557	29	11	6	4
26	2gwkD6igEhQbDQegRCcdoB	Suge	DaBaby	4513562	32	26	4	6
27	2Fxmhks0bxGSBdJ92vM42m	bad guy	Billie Eilish	4507718	25	26	1	-2
28	51Fjme0JiitpyXKuyQiCDo	Lalala	Y2K	4504711	31	13	12	3
29	12Fkyg9lpmaz2zmKOfw2Y2	On The Road (feat. Meek Mill & Lil Baby)	Post Malone	4459134	16	2	16	-13
30	3Yh9lZcWyKrK9GjbhuS0hR	Good as Hell	Lizzo	4394182	37	6	22	7
31	6b2RcmUt1g9N9mQ3CbjX2Y	How Do You Sleep?	Sam Smith	4247206	35	10	10	4
32	7xQAfvXzm3AkraOtGPWIZg	Wow.	Post Malone	4098042	26	2	26	-6
33	6alCTRgBPoeAFi2N4il9Q4	Did It Again	Lil Tecca	4079927	38	4	21	5
34	4SDgTLDYrJ2UrHbkRkg7MD	Panini - DaBaby Remix	Lil Nas X	4054427	36	2	34	2
35	0Ryd8975WihbObpp5cPW1t	boyfriend (with Social House)	Ariana Grande	3970293	30	8	2	-5
36	1GeNui6m825V8jP4uKiIaH	Bad Bad Bad (feat. Lil Baby)	Young Thug	3939474	39	6	9	3
37	4B7fTyj1FIPvP9tT5X3DnR	Behind Barz - Bonus	Drake	3921696	42	2	37	5
38	6V9fHiv84WlVTg7CSnIVY2	Graveyard	Halsey	3882605	18	2	18	-20
39	2J0NXdHr6MYvKDSxB7k3V2	A Thousand Bad Times	Post Malone	3750846	20	2	20	-19
40	6uFn47ACjqYkc0jADwEdj1	Pop Out (feat. Lil Tjay)	Polo G	3635778	43	16	8	3
41	1dGr1c8CrMLDpV6mPbImSI	Lover	Taylor Swift	3592625	40	5	1	-1
42	0DZJACISivjWjscIp5Kg1q	Ransom (with Juice WRLD) - Remix	Lil Tecca	3574415	41	4	30	-1
43	67XyC1GdSkKb9sbRRkUDXS	Shotta Flow (Feat. Blueface) [Remix]	NLE Choppa	3490486	49	13	20	6
44	5N1o6d8zGcSZSeMFkOUQOk	Hot Girl Summer (feat. Nicki Minaj & Ty Dolla $ign)	Megan Thee Stallion	3467385	45	7	8	1
45	2zjGJ0dChMR0KxBZS15aqo	Baguettes in the Face (feat. NAV, Playboi Carti & A Boogie Wit da Hoodie)	Mustard	3462135	44	13	34	-1
46	0UPBidRYcgJ2mjZlk08V8x	F.N	Lil Tjay	3450601	52	7	46	6
47	7LzouaWGFCy4tkXDOOnEyM	Liar	Camila Cabello	3305869	46	3	39	-1
48	1rgnBhdG2JDFTbYkYRZAku	Dance Monkey	Tones And I	3279598	50	8	44	2
49	1ckLp8lCl8LipXI0ypX72m	I'm Gonna Be	Post Malone	3271555	27	2	27	-22
50	6TqXcAFInzjp0bODyvrWEq	Talk (feat. Disclosure)	Khalid	3228008	51	25	6	1
51	2JvzF1RMd7lE3KmFlsyZD8	MIDDLE CHILD	J. Cole	3180594	58	36	1	7
52	1YscJ7yVTlFxW3eF6pv5ba	Allergic	Post Malone	3062658	33	2	33	-19
53	5KE9b4x7Zj2A8XtbkqhqTe	Staring At The Sun (feat. SZA)	Post Malone	3001476	34	2	34	-19
54	6RRNNciQGZEXnqk8SQ9yv5	You Need To Calm Down	Taylor Swift	2990772	56	5	8	2
55	0rIAC4PXANcKmitJfoqmVm	Motivation	Normani	2957355	55	6	26	0
56	3TLwAp3uX1nKsVxrDhNPOL	Love Me	Lil Tecca	2868705	53	4	32	-3
57	0hVXuCcriWRGvwMV1r5Yn9	I Don't Care (with Justin Bieber)	Ed Sheeran	2804957	60	11	9	3
58	44ADyYoY5liaRa3EOAl4uf	Slide Away	Miley Cyrus	2790635	47	6	22	-11
59	6moU77g9RQyMzHNuKEaQKq	It's You	Ali Gatie	2759456	62	15	17	3
60	2IRZnDFmlqMuOrYOLnZZyc	Going Bad (feat. Drake)	Meek Mill	2753440	63	43	2	3
61	1wJRveJZLSb1rjhnUHQiv6	Swervin (feat. 6ix9ine)	A Boogie Wit da Hoodie	2703260	66	40	7	5
62	0rFQ5cKYJ9WtHSKp9sxVYt	Heartless (feat. Morgan Wallen)	Diplo	2703106	110	6	62	48
63	78QR3Wp35dqAhFEc2qAGjE	Drip Too Hard (Lil Baby & Gunna)	Lil Baby	2670429	68	51	1	5
64	2YpeDb67231RjR0MgVLzsG	Old Town Road - Remix	Lil Nas X	2666578	64	9	16	0
65	4hPpVbbakQNv8YTHYaOJP4	One Thing Right	Marshmello	2655255	76	14	15	11
66	2xLMifQCjDGFmkHkpNLD9h	SICKO MODE	Travis Scott	2613147	67	60	1	1
67	5hVghJ4KaYES3BFUATCYn0	EARFQUAKE	Tyler, The Creator	2607442	70	19	1	3
68	5KBARWIxeMGkvUax9VtVC9	My Type	Saweetie	2582302	79	12	44	11
69	3XiNC94b4Tq1xwv70sQJGN	Sanguine Paradise	Lil Uzi Vert	2576599	71	25	6	2
70	7eBqSVxrzQZtK2mmgRG6lC	Murder On My Mind	YNW Melly	2572924	73	53	4	3
71	4a6q8CR2hzLk2plDkSxkfD	I.F.L.Y.	Bazzi	2567057	69	7	28	-2
72	322tcqPhma7F6hfCeLisx0	fuck, i'm lonely	Lauv	2521140	65	8	31	-7
73	285pBltuF7vW8TeWk8hdRR	Lucid Dreams	Juice WRLD	2495900	74	42	11	1
74	0rKtyWc8bvkriBthvHKY8d	SLOW DANCING IN THE DARK	Joji	2474760	98	47	41	24
75	2TH65lNHgvLxCKXM3apjxI	Callaita	Bad Bunny	2474613	75	17	41	0
76	2rMAtCaTj16NptyVfEIeAC	Cash Shit (feat. DaBaby)	Megan Thee Stallion	2455027	86	13	69	10
77	6wo37KVqFJhtuxPTpLCcfe	Takeaway (feat. Lennon Stella)	The Chainsmokers	2448353	85	9	18	8
78	7rvyVWja33WG9R97oeJAjx	Envy Me	Calboy	2445436	77	17	29	-1
79	00ko9WaS4jOX1kEk3gvHjf	Hot Shower	Chance the Rapper	2425601	81	9	10	2
80	5xjei7JnROsAzLY2a7RdZU	Shots	Lil Tecca	2414755	78	4	35	-2
81	2cvOfKHOHgwQlLiuLKP2xR	Myself	Post Malone	2407879	48	2	48	-33
82	4hbcs8vaamKTPevPIJsY7N	Satish	Tee Grizzley	2357043	nan	1	82	new
83	0u2P5u6lvoDfwTYjAADbn4	lovely (with Khalid)	Billie Eilish	2350967	84	53	24	1
84	26wLOs3ZuHJa2Ihhx6QIE6	Teeth	5 Seconds of Summer	2347774	80	5	66	-4
85	7f1zjZG77S891Uv4O68yfk	Baby Sitter (feat. Offset)	DaBaby	2335576	99	20	61	14
86	3j84U36KvLeXNDPv4t5pI8	Pure Water (with Migos)	Mustard	2319590	87	13	38	1
87	6ocbgoVGwYJhOv1GgI9NsF	7 rings	Ariana Grande	2313857	82	33	1	-5
88	5hDAT527wXWNBnJlujhuUs	Stuck In A Dream (feat. Gunna)	Lil Mosey	2306862	nan	1	88	new
89	43zdsphuZLzwA9k4DJhU0I	when the party's over	Billie Eilish	2302071	88	26	5	-1
90	3QzAOrNlsabgbMwlZt7TAY	Ballin' (with Roddy Ricch)	Mustard	2295569	96	8	90	6
91	0e7ipj03S05BNilyu5bRzt	rockstar (feat. 21 Savage)	Post Malone	2270764	91	74	9	0
92	6zeeWid2sgw4lap2jV61PZ	Better	Khalid	2264927	92	48	10	0
93	2ksOAxtIxY8yElEWw8RhgK	China	Anuel AA	2251673	72	10	25	-21
94	22vgEDb5hykfaTwLuskFGD	Sucker	Jonas Brothers	2235294	90	16	10	-4
95	7dt6x5M1jzdTEt8oCbisTK	Better Now	Post Malone	2230418	94	74	1	-1
96	6b2mfHMqWCA74XmUuVJm8r	I Know	Post Malone	2227008	54	2	54	-42
97	7FGq80cy8juXBCD2nrqdWU	Eastside (with Halsey & Khalid)	benny blanco	2204323	93	42	25	-4
98	3GJ4hzg4lrGwU51Y3VARbF	Speechless	Dan + Shay	2197965	103	60	84	5
99	2bT1PH7Cw3J9p3t7nlXCdh	If I Can't Have You	Shawn Mendes	2192603	97	9	32	-2
100	6Hj9jySrnFppAI0sEMCZpJ	Robbery	Juice WRLD	2178947	95	29	3	-5
101	2dpaYNEQHiRxtZbfNsse99	Happier	Marshmello	2168150	101	58	8	0
102	0y675KDleCZEudjoeL1sQQ	Feelings	Lauv	2152983	nan	1	102	new
103	6cjSh516BbrNUs213jDAGm	Graduation (with Juice WRLD)	benny blanco	2140993	122	4	39	19
104	2xE16muNCmhZwSOv3i1d1H	Mood Swings	A Boogie Wit da Hoodie	2139612	57	2	57	-47
105	1mqlc0vEP9mU1kZgTi6LIQ	September	Earth, Wind & Fire	2111304	nan	4	86	re-enter
106	0k664IuFwVP557Gnx7RhIl	Juice	Lizzo	2106950	102	23	71	-4
107	3WyRgi8CzQnhzO0xw79tTS	Goin Baby	DaBaby	2104930	117	23	67	10
108	0fea68AdmYNygeTGI4RC18	LA CANCIÓN	J Balvin	2085158	105	13	43	-3
109	5WnfnSpuNEGXyEt78PBA6d	Costa Rica (with Bas & JID feat. Guapdad 4000, Reese LAFLARE, Jace, Mez, Smokepurpp, Buddy & Ski Mask The Slump God)	Dreamville	2046808	106	12	31	-3
110	1BxfuPKGuaTgP7aM0Bbdwr	Cruel Summer	Taylor Swift	2042677	83	5	4	-27
111	43rA71bccXFGD4C8GOpIlN	I Forgot That You Existed	Taylor Swift	2036935	89	5	5	-22
112	0KAzP1Rbp0Vz5pw8i1KDDI	Internet	Post Malone	2018783	59	2	59	-53
113	1kK6DwzyXJSp58u5HYWwuD	Go Loko (feat. Tyga, Jon Z)	YG	2017958	107	18	17	-6
114	3ee8Jmje8o58CHK66QrVC2	SAD!	XXXTENTACION	2009457	115	80	1	1
115	6osaMSJh9NguagEDQcZaKx	Loco Contigo (feat. J. Balvin & Tyga)	DJ Snake	2001403	111	9	79	-4
116	0Rx0DJI556Ix5gBny6EWmn	Paradise	Bazzi	1995348	116	7	57	0
117	6oJ6le65B3SEqPwMRNXWjY	Higher Love	Kygo	1992341	118	13	28	1
118	6gBFPUFcJLzWGx4lenP6h2	goosebumps	Travis Scott	1983707	119	143	16	1
119	6PYnUsNEpYC7A4BS2sjw3L	Right Back (feat. A Boogie Wit Da Hoodie)	Khalid	1983639	108	8	68	-11
120	0BOmhToQ03yOdpzYKMEnAg	Baby Birkin	Gunna	1980799	113	7	113	-7
121	3RauEVgRgj1IuWdJ9fDs70	The Man	Taylor Swift	1980697	61	5	3	-60
122	2rxQMGVafnNaRaXlRMWPde	Beautiful Crazy	Luke Combs	1979438	121	64	61	-1
123	75ZvA4QfFiZvzhj2xkaWAh	I Fall Apart	Post Malone	1979346	123	106	2	0
124	4hanO6Du5J7QEguNHYZHmw	Daddy (feat. Rich The Kid)	Blueface	1970681	114	7	75	-10
125	5p7ujcrUXASCNwRaWNHR1C	Without Me	Halsey	1964518	112	51	5	-13
126	4cTm3Ev9bUvy4ChJjB1nhl	Juicy	Doja Cat	1958605	nan	3	126	re-enter
127	6MF4tRr5lU8qok8IKaFOBE	Under The Sun (with J. Cole & Lute feat. DaBaby)	Dreamville	1950448	187	8	15	60
128	6foY66mWZN0pSRjZ408c00	Whiskey Glasses	Morgan Wallen	1945794	126	28	66	-2
129	2Rk4JlNc2TPmZe2af99d45	ME! (feat. Brendon Urie of Panic! At The Disco)	Taylor Swift	1935964	109	5	23	-20
130	3UYiU57SMiAS5LqolhHJw1	Shameless	Camila Cabello	1933781	104	3	63	-26
131	3AEgic4yp82NxMWUjHtxnO	Uno	Ambjaay	1901727	120	12	79	-11
132	3Ol2xnObFdKV9pmRD2t9x8	Look Back at It	A Boogie Wit da Hoodie	1888987	124	40	9	-8
133	4R8BJggjosTswLxtkw8V7P	No Me Conoce - Remix	Jhay Cortez	1853735	130	15	119	-3
134	5rU6kDNXZLXIinFezpbWbO	Tap (feat. Meek Mill)	NAV	1835594	127	21	50	-7
135	3e9HZxeyfWwjeyPAMmWSSQ	thank u, next	Ariana Grande	1832725	128	33	7	-7
136	2t8yVaLvJ0RenpXUIAC52d	a lot	21 Savage	1831049	129	40	7	-7
137	7m9OqQk4RVRkw9JJdeAw96	Jocelyn Flores	XXXTENTACION	1821027	133	109	3	-4
138	7zLYKWcXnYeHHWidalz7rj	Noticed	Lil Mosey	1816559	134	13	134	-4
139	643PW82aBMUa1FiWi5VQY7	Babushka Boi	A$AP Rocky	1807413	100	4	26	-39
140	3npzogdOEiVsieXmmhBepL	The Bones	Maren Morris	1801411	nan	18	60	re-enter
141	0JP9xo3adEtGSdUEISiszL	Moonlight	XXXTENTACION	1798653	132	80	3	-9
142	36orMWv2PgvnzXsd5CJ0yL	Post Malone (feat. RANI)	Sam Feldt	1792705	137	6	135	-5
143	0c7K73roy6RW4ebDkf4yGh	VALENTINO	24kGoldn	1782907	158	2	143	15
144	6kyT7ubem08Egg9a8f77OL	Self Control	YoungBoy Never Broke Again	1779595	125	3	114	-19
145	3LxG9HkMMFP0MZuiw3O2rF	Good Things Fall Apart (with Jon Bellion)	ILLENIUM	1749451	139	6	102	-6
146	2tnVG71enUj33Ic2nFN6kZ	Ride It	Regard	1718257	nan	1	146	new
147	5dW1VZPcFqB4n0P08rGDgm	The Git Up	Blanco Brown	1717865	135	15	34	-12
148	0FZ4Dmg8jJJAPJnvBIzD9z	ZEZE (feat. Travis Scott & Offset)	Kodak Black	1709727	141	41	4	-7
149	7GX5flRQZVHRAGd6B4TmDO	XO Tour Llif3	Lil Uzi Vert	1706060	156	109	2	7
150	4ZT9FnbFu1PaBfV3itxiqT	I	Lil Skies	1702879	154	30	16	4
151	1c0hsvHLELX6y8qymnpLKL	Soltera - Remix	Lunay	1702176	138	16	60	-13
152	6Qs4SXO9dwPj5GKvVOv8Ki	Dancing With A Stranger (with Normani)	Sam Smith	1698926	143	37	12	-9
153	4VXIryQMWpIdGgYR4TrjT1	All Girls Are The Same	Juice WRLD	1696308	147	42	66	-6
154	42fw0rxRO2xbesF6mJfd4Y	Tequila	Dan + Shay	1694175	148	64	60	-6
155	1ThmUihH9dF8EV08ku5AXN	Faucet Failure	Ski Mask The Slump God	1686258	146	42	27	-9
156	6vN77lE9LK6HP2DewaN6HZ	Yes Indeed	Lil Baby	1685251	150	71	2	-6
157	4SSnFejRGlZikf02HLewEF	bury a friend	Billie Eilish	1677602	140	26	4	-17
158	6kls8cSlUyHW2BUOkDJIZE	Hate Me (with Juice WRLD)	Ellie Goulding	1675467	151	13	51	-7
159	5kfNriitmkNE8mUbZ7gbq8	Saturday Nights	Khalid	1670883	152	48	14	-7
160	2iUXsYOEPhVqEBwsqP70rE	Youngblood	5 Seconds of Summer	1662253	149	67	17	-11
161	7nfmK6oHPDlAd68A11d7AN	Beer Never Broke My Heart	Luke Combs	1658531	155	12	85	-6
162	3A2yGHWIzmGEIolwonU69h	Act Up	City Girls	1642272	161	25	66	-1
163	4ak7xjvBeBOcJGWFDX9w5n	Rodeo	Lil Nas X	1641368	145	14	9	-18
164	1rqqCSm0Qe4I9rUvWncaom	High Hopes	Panic! At The Disco	1641264	157	66	13	-7
165	2P91MQbaiQOfbiz9VqhqKQ	I Like Me Better	Lauv	1633704	164	67	79	-1
166	7BlBVFwvbWvcwNcUarQmjk	Yo x Ti, Tu x Mi	ROSALÍA	1624190	144	6	117	-22
167	0DiDStADDVh3SvAsoJAFMk	Only Human	Jonas Brothers	1620079	163	16	12	-4
168	3a1lNhkSLSkpJE4MSHpDu9	Congratulations	Post Malone	1616175	159	143	5	-9
169	2VxeLyX666F8uXCJ0dZF8B	Shallow	Lady Gaga	1614151	160	51	10	-9
170	7AQim7LbvFVZJE3O8TYgf2	Fuck Love (feat. Trippie Redd)	XXXTENTACION	1603179	175	109	8	5
171	6K4t31amVTZDgR3sKmwUJJ	The Less I Know The Better	Tame Impala	1600034	nan	4	171	re-enter
172	6IRdLKIyS4p7XNiP8r6rsx	all the good girls go to hell	Billie Eilish	1590241	153	15	8	-19
173	4e4fqjx0Izh4svvTef1z7e	Meant to Be (feat. Florida Georgia Line)	Bebe Rexha	1586217	167	66	44	-6
174	5qrSlOut2rNAWv3ubArkNy	Be Alright	Dean Lewis	1585894	176	19	87	2
175	7sO5G9EABYOXQKNPNiE9NR	Ric Flair Drip (& Metro Boomin)	Offset	1585542	171	99	4	-4
176	4u7EnebtmKWzUH433cf5Qv	Bohemian Rhapsody - 2011 Mix	Queen	1584347	172	27	76	-4
177	1SNiXDwSilLujcYdvfqVpT	Call You Mine	The Chainsmokers	1583054	188	5	149	11
178	4XiGKQqbmnMVxDzUj6j3f2	Worth It	YK Osiris	1578977	170	30	71	-8
179	3swc6WTsr7rl9DqQKQA55C	Psycho (feat. Ty Dolla $ign)	Post Malone	1570357	168	74	2	-11
180	0TlLq3lA83rQOYtrqBqSct	Nonstop	Drake	1567789	174	62	5	-6
181	5PYQUBXc7NYeI1obMKSJK0	Never Really Over	Katy Perry	1565118	179	17	10	-2
182	5wujBwqG7INdStqGd4tRMX	Armed And Dangerous	Juice WRLD	1564727	178	41	24	-4
183	4bTZeO72FwMa6wKOiqoynL	Otro Trago - Remix	Sech	1563876	166	9	84	-17
184	6CcJMwBtXByIz4zQLzFkKc	i love you	Billie Eilish	1560583	177	26	17	-7
185	14mHfNsSHN0FbLftyjrV9g	Leave Me Alone	Flipp Dinero	1555092	173	56	10	-12
186	4OBZT9EnhYIV17t4pGw7ig	Best Part (feat. Daniel Caesar)	H.E.R.	1545477	185	64	68	-1
187	4kV4N9D1iKVxx1KLvtTpjS	break up with your girlfriend, i'm bored	Ariana Grande	1529567	165	33	1	-22
188	4Of7rzpRpV1mWRbhp5rAqG	Bruises	Lewis Capaldi	1527462	200	2	188	12
189	18uwL0vNUanqZH0ro2QcOP	comethru	Jeremy Zucker	1525390	180	11	163	-9
190	6vWEAOUSxohKxhp0K1BsxL	Mixed Personalities (feat. Kanye West)	YNW Melly	1514223	nan	31	12	re-enter
191	4y5bvROuBDPr5fuwXbIBZR	Paper Rings	Taylor Swift	1508396	136	5	9	-55
192	58q2HKrzhC3ozto2nDdN4z	I Like It	Cardi B	1507836	184	77	3	-8
193	3OKjDHmSJVKOn6V4hCR8bq	Brothers	Lil Tjay	1507211	194	3	193	1
194	1xzBco0xcoJEDXktl7Jxrr	Mo Bamba	Sheck Wes	1501533	193	50	1	-1
195	62vpWI1CHwFy7tMIcSStl8	No Role Modelz	J. Cole	1497120	nan	106	71	re-enter
196	2uIX8YMNjGMD7441kqyyNU	ocean eyes	Billie Eilish	1496551	183	56	78	-13
197	3Fj47GNK2kUF0uaEDgXLaD	wish you were gay	Billie Eilish	1493967	190	26	3	-7
198	3jbT1Y5MoPwEIpZndDDwVq	Adicto (with Anuel AA & Ozuna)	Tainy	1491694	nan	2	181	re-enter
199	7KXjTSCq5nL1LoYtL7XAwS	HUMBLE.	Kendrick Lamar	1486969	197	123	1	-2
200	5uCax9HTNlzGybIStD3vDh	Say You Won't Let Go	James Arthur	1485232	198	97	15	-2
