position	song_id	song_name	artist	streams	last_week_position	weeks_on_chart	peak_position	position_status
1	3KkXRkHbMCARz0aVfEt68P	Sunflower - Spider-Man: Into the Spider-Verse	Post Malone	9324215	2	13	1	1
2	2JvzF1RMd7lE3KmFlsyZD8	MIDDLE CHILD	J. Cole	9136781	1	10	1	-1
3	53CJANUxooaqGOtdsBTh7O	Old Town Road	Lil Nas X	9051438	11	2	3	8
4	6ocbgoVGwYJhOv1GgI9NsF	7 rings	Ariana Grande	8440177	3	7	1	-1
5	7eBqSVxrzQZtK2mmgRG6lC	Murder On My Mind	YNW Melly	8080564	5	27	4	0
6	6MWtB6iiXyIwun0YzU6DFP	Wow.	Post Malone	7858458	6	14	2	0
7	4y3OI86AEP6PQoDE6olYhO	Sucker	Jonas Brothers	7496195	4	4	1	-3
8	2IRZnDFmlqMuOrYOLnZZyc	Going Bad (feat. Drake)	Meek Mill	7184306	7	17	2	-1
9	1wJRveJZLSb1rjhnUHQiv6	Swervin (feat. 6ix9ine)	A Boogie Wit da Hoodie	7040451	10	14	9	1
10	4kV4N9D1iKVxx1KLvtTpjS	break up with your girlfriend, i'm bored	Ariana Grande	6628999	9	7	1	-1
11	6Hj9jySrnFppAI0sEMCZpJ	Robbery	Juice WRLD	6478333	8	3	3	-3
12	6vWEAOUSxohKxhp0K1BsxL	Mixed Personalities (feat. Kanye West)	YNW Melly	5882538	14	10	12	2
13	63cd4JkwGgYJrbOizbfmsp	Pure Water (with Migos)	Mustard	5549306	15	10	13	2
14	2t8yVaLvJ0RenpXUIAC52d	a lot	21 Savage	5429219	12	14	7	-2
15	78QR3Wp35dqAhFEc2qAGjE	Drip Too Hard (Lil Baby & Gunna)	Lil Baby	5181458	16	25	1	1
16	5icOoE6VgqFKohjWWNp0Ac	Here With Me	Marshmello	5045884	18	3	16	2
17	3oh6SCCeLuXhFpEyepla6G	Thotiana	Blueface	4939321	13	12	9	-4
18	0rTV5WefWd1J3OwIheTzxM	Talk	Khalid	4849036	19	7	13	1
19	2xLMifQCjDGFmkHkpNLD9h	SICKO MODE	Travis Scott	4779646	20	34	1	1
20	3e9HZxeyfWwjeyPAMmWSSQ	thank u, next	Ariana Grande	4766090	21	7	7	1
21	3Ol2xnObFdKV9pmRD2t9x8	Look Back at It	A Boogie Wit da Hoodie	4484867	25	14	9	4
22	5p7ujcrUXASCNwRaWNHR1C	Without Me	Halsey	4449440	22	25	5	0
23	4txc3txsIt81diMzGhrVPS	wish you were gay	Billie Eilish	4439937	29	4	11	6
24	1DUSuNhF8P5vUGNPpQiZa5	My Bad	Khalid	4377414	27	3	24	3
25	2dpaYNEQHiRxtZbfNsse99	Happier	Marshmello	4363574	28	32	8	3
26	4NzMOnvSJVNKF7nw5NkXIP	bury a friend	Billie Eilish	4298153	30	9	3	4
27	3KLo7ByvjCNyBrfz5DZ2mO	Splashin	Rich The Kid	4253291	nan	1	27	new
28	5CE0V7z1ePOZQNJNpWxYGA	Confessions of a Dangerous Mind	Logic	4162608	nan	1	28	new
29	1ThmUihH9dF8EV08ku5AXN	Faucet Failure	Ski Mask The Slump God	4157364	39	16	29	10
30	0PG9fbaaHFHfre2gUVo7AN	Please Me	Cardi B	4141203	26	6	15	-4
31	6MjNilJCVKJq0LfFvo5jWJ	Fast	Juice WRLD	4119167	17	3	8	-14
32	0FZ4Dmg8jJJAPJnvBIzD9z	ZEZE (feat. Travis Scott & Offset)	Kodak Black	4111459	24	15	4	-8
33	6Qs4SXO9dwPj5GKvVOv8Ki	Dancing With A Stranger (with Normani)	Sam Smith	4103815	31	11	12	-2
34	285pBltuF7vW8TeWk8hdRR	Lucid Dreams	Juice WRLD	3989390	34	16	11	0
35	1WSGTYKLEpKfNQYYW5Oymt	I Can’t Get Enough (benny blanco, Selena Gomez, J Balvin, Tainy)	benny blanco	3965246	44	4	27	9
36	2VxeLyX666F8uXCJ0dZF8B	Shallow	Lady Gaga	3963298	32	25	10	-4
37	05t7JMip6JrLuSrMV5yYjX	Envy Me	Calboy	3946759	38	13	37	1
38	6zeeWid2sgw4lap2jV61PZ	Better	Khalid	3924507	37	22	12	-1
39	4ZT9FnbFu1PaBfV3itxiqT	I	Lil Skies	3891461	33	4	16	-6
40	1xzBco0xcoJEDXktl7Jxrr	Mo Bamba	Sheck Wes	3796456	36	25	1	-4
41	7COXchtUOMd6uIT6HvmRaI	i'm so tired...	Lauv	3725802	43	9	23	2
42	4RbbzNY4MEcgzewYWkIsGu	Price On My Head (feat. The Weeknd)	NAV	3705590	nan	1	42	new
43	7FGq80cy8juXBCD2nrqdWU	Eastside (with Halsey & Khalid)	benny blanco	3696309	40	16	25	-3
44	7dt6x5M1jzdTEt8oCbisTK	Better Now	Post Malone	3666152	42	48	1	-2
45	5w9c2J52mkdntKOmRLeM2m	Con Calma	Daddy Yankee	3527694	50	7	45	5
46	3ee8Jmje8o58CHK66QrVC2	SAD!	XXXTENTACION	3502344	46	54	1	0
47	2G1tXoGBaEMJ7FKGnkf6ud	Wake Up in the Sky	Gucci Mane	3495081	45	16	13	-2
48	2GGMabyHXnJmjY6CXhhB2e	Money	Cardi B	3389912	47	23	17	-1
49	1NJcg626wLln4pGHpiV7mf	lovely	Billie Eilish	3269620	57	16	36	8
50	5kfNriitmkNE8mUbZ7gbq8	Saturday Nights	Khalid	3220269	52	22	14	2
51	14mHfNsSHN0FbLftyjrV9g	Leave Me Alone	Flipp Dinero	3135649	55	30	10	4
52	13ZyrkCDmRz5xY3seuAWYk	Hear Me Calling	Juice WRLD	3132620	35	3	16	-17
53	14JzyD6FlBD5z0wV5P07YI	when the party's over	Billie Eilish	3130628	60	24	12	7
54	0JP9xo3adEtGSdUEISiszL	Moonlight	XXXTENTACION	3101768	56	54	3	2
55	5wujBwqG7INdStqGd4tRMX	Armed And Dangerous	Juice WRLD	3064448	53	16	24	-2
56	6eiztdXRkooWsBt2xToMWI	Make Believe	Juice WRLD	2952506	48	3	24	-8
57	577YBGuskWkVDCxZrLRB4v	Pure Cocaine	Lil Baby	2940140	62	17	52	5
58	2qxmye6gAegTMjLKEBoR3d	Let Me Down Slowly	Alec Benjamin	2915244	59	11	49	1
59	1rqqCSm0Qe4I9rUvWncaom	High Hopes	Panic! At The Disco	2898696	61	40	13	2
60	3npzogdOEiVsieXmmhBepL	The Bones	Maren Morris	2880528	65	3	60	5
61	4TWflhgevIGo448fWc6mQq	Red Room	Offset	2841225	54	5	22	-7
62	6JqpFboOH2bq9pzaYbkKBn	R.I.P. (feat. Rita Ora & Anitta)	Sofia Reyes	2840620	58	2	58	-4
63	1fewSx2d5KIZ04wsooEBOz	Space Cadet (feat. Gunna)	Metro Boomin	2829414	64	19	37	1
64	4dTiQezDWmEOWcdCbWVWMp	Numb Numb Juice	ScHoolboy Q	2826430	23	2	23	-41
65	41MCdlvXOl62B7Kv86Bb1v	Empty	Juice WRLD	2818796	41	3	13	-24
66	0e7ipj03S05BNilyu5bRzt	rockstar (feat. 21 Savage)	Post Malone	2809635	67	48	9	1
67	2H4gf1wLxvYreMj1jcaN0k	Be Alright	Dean Lewis	2791376	nan	1	67	new
68	25sgk305KZfyuqVBQIahim	Sweet but Psycho	Ava Max	2746167	73	25	36	5
69	5WHTFyqSii0lmT9R21abT8	Don't Call Me Up	Mabel	2700330	79	7	69	10
70	4SPu0Ql902hTVXkBoNIYtq	NASA	Ariana Grande	2676306	66	7	3	-4
71	0TlLq3lA83rQOYtrqBqSct	Nonstop	Drake	2674213	71	36	5	0
72	116H0KvKr2Zl4RPuVBruDO	MIA (feat. Drake)	Bad Bunny	2664517	70	24	2	-2
73	7m9OqQk4RVRkw9JJdeAw96	Jocelyn Flores	XXXTENTACION	2664046	74	83	3	1
74	4bi9YrkOvmg4Eb7h00AW2c	Fall Threw (feat. Young Thug & Gunna)	Rich The Kid	2663852	nan	1	74	new
75	0fcq51a3gOI6gPvzc0YLsk	Wow. - Remix	Post Malone	2659617	nan	1	75	new
76	4u7EnebtmKWzUH433cf5Qv	Bohemian Rhapsody - 2011 Mix	Queen	2642975	nan	1	76	new
77	40T5GIqQ1CegGm2PTEl8Bu	idontwannabeyouanymore	Billie Eilish	2632763	86	16	48	9
78	1TEL6MlSSVLSdhOSddidlJ	needy	Ariana Grande	2632630	68	7	4	-10
79	1xkMNjOFNCw3OCI7Gtjpjb	Tap (feat. Meek Mill)	NAV	2625633	nan	1	79	new
80	6ZRuF2n1CQxyxxAAWsKJOy	Nights Like This (feat. Ty Dolla $ign)	Kehlani	2621791	63	5	30	-17
81	0jAfdqv18goRTUxm3ilRjb	Startender (feat. Offset and Tyga)	A Boogie Wit da Hoodie	2616002	69	14	17	-12
82	5SHhPFh68OhUmuRPymKX9d	Undrunk	FLETCHER	2601139	97	3	82	15
83	5IaHrVsrferBYDm0bDyABy	Taste (feat. Offset)	Tyga	2536198	75	45	4	-8
84	2MShy1GSSgbmGUxADNIao5	Calling My Spirit	Kodak Black	2520209	82	15	31	-2
85	2rxQMGVafnNaRaXlRMWPde	Beautiful Crazy	Luke Combs	2505429	111	38	85	26
86	58q2HKrzhC3ozto2nDdN4z	I Like It	Cardi B	2498622	77	51	3	-9
87	3swc6WTsr7rl9DqQKQA55C	Psycho (feat. Ty Dolla $ign)	Post Malone	2487110	85	48	2	-2
88	6vN77lE9LK6HP2DewaN6HZ	Yes Indeed	Lil Baby	2463979	83	45	2	-5
89	4VXIryQMWpIdGgYR4TrjT1	All Girls Are The Same	Juice WRLD	2449244	84	16	66	-5
90	75ZvA4QfFiZvzhj2xkaWAh	I Fall Apart	Post Malone	2436251	88	80	2	-2
91	6JQvHMSaR8flFsN53ypOfP	Noticed	Lil Mosey	2428470	89	23	23	-2
92	0NJp8GyCOWnQh71xKSPfuV	Freaky	Tory Lanez	2419120	80	2	80	-12
93	11cDEev79fPKi6uJCjUhu8	Who Do You Love	The Chainsmokers	2415192	87	7	33	-6
94	4eIT2gZ0WZyJpgfmoD6saJ	Act Up	City Girls	2413724	94	4	94	0
95	7sO5G9EABYOXQKNPNiE9NR	Ric Flair Drip (& Metro Boomin)	Offset	2403169	90	74	4	-5
96	2iUXsYOEPhVqEBwsqP70rE	Youngblood	5 Seconds of Summer	2381533	91	41	17	-5
97	2drEUEg0TYQR6dDEHkpuPE	Patience	Tame Impala	2378063	nan	1	97	new
98	0rKtyWc8bvkriBthvHKY8d	SLOW DANCING IN THE DARK	Joji	2368564	105	21	41	7
99	5JEx7HbmvHQQswJCsoo9rA	Close To Me (with Diplo) (feat. Swae Lee)	Ellie Goulding	2318236	96	22	33	-3
100	7uH27oIt4a6cIFCA8ZPcyG	Baila Baila Baila	Ozuna	2225767	108	8	100	8
101	7AQim7LbvFVZJE3O8TYgf2	Fuck Love (feat. Trippie Redd)	XXXTENTACION	2224079	100	83	8	-1
102	7pMRoGLEJuFM2wl5pt0R99	Legacy (feat. Travis Scott & 21 Savage)	Offset	2213697	93	5	19	-9
103	0i0wnv9UoFdZ5MfuFGQzMy	Last Hurrah	Bebe Rexha	2191849	81	6	63	-22
104	5W83ErFkO3aKAIS1WMi6u0	Secreto	Anuel AA	2185334	101	10	92	-3
105	25F6MWrnFBCXVnpN4n76EK	Keanu Reeves	Logic	2173967	110	10	13	5
106	4w8niZpiMy6qz1mntFA5uM	Taki Taki (with Selena Gomez, Ozuna & Cardi B)	DJ Snake	2146142	103	26	7	-3
107	2uIX8YMNjGMD7441kqyyNU	ocean eyes	Billie Eilish	2133359	121	30	78	14
108	39LmTF9RgyakzSYX8txrow	imagine	Ariana Grande	2124324	95	7	13	-13
109	51NFxnQvaosfDDutk0tams	bellyache	Billie Eilish	2114154	123	21	49	14
110	2P91MQbaiQOfbiz9VqhqKQ	I Like Me Better	Lauv	2113496	107	42	79	-3
111	4mUIe9gfsdtsVP2zFIl74x	Maze	Juice WRLD	2109744	51	3	28	-60
112	7GX5flRQZVHRAGd6B4TmDO	XO Tour Llif3	Lil Uzi Vert	2105380	109	83	2	-3
113	2hloaUoRonYssMuqLCBLTX	bloodline	Ariana Grande	2087962	99	7	6	-14
114	3a1lNhkSLSkpJE4MSHpDu9	Congratulations	Post Malone	2082932	114	117	5	0
115	14SaZBTjxlorHJQxXh01Hu	Girls Need Love (with Drake) - Remix	Summer Walker	2065111	92	3	80	-23
116	4e4fqjx0Izh4svvTef1z7e	Meant to Be (feat. Florida Georgia Line)	Bebe Rexha	2058553	122	40	44	6
117	6DCZcSspjsKoFjzjrWoCdn	God's Plan	Drake	2055553	104	36	16	-13
118	74lnM5V6ecvoTPV0fvptx9	Nuketown (feat. Juice WRLD)	Ski Mask The Slump God	2044560	106	17	18	-12
119	4XiGKQqbmnMVxDzUj6j3f2	Worth It	YK Osiris	2040036	124	4	119	5
120	4OBZT9EnhYIV17t4pGw7ig	Best Part (feat. Daniel Caesar)	H.E.R.	2035609	113	43	68	-7
121	7EQpvVujgytLVY8vKiDHAg	bad idea	Ariana Grande	2021251	102	7	5	-19
122	5T8EDUDqKcs6OSOwEsfqG7	Don't Stop Me Now - 2011 Mix	Queen	2011401	118	17	102	-4
123	7AFASza1mXqntmGtbxXprO	changes	XXXTENTACION	2007872	119	54	7	-4
124	0AluA5RNsa4Cx6XRhf2hWZ	10 Freaky Girls (with 21 Savage)	Metro Boomin	2002793	115	19	22	-9
125	42fw0rxRO2xbesF6mJfd4Y	Tequila	Dan + Shay	2001067	131	38	60	6
126	4qKcDkK6siZ7Jp1Jb4m0aL	Look Alive (feat. Drake)	BlocBoy JB	1989739	117	59	3	-9
127	5Z3GHaZ6ec9bsiI5BenrbY	Young Dumb & Broke	Khalid	1968230	133	102	6	6
128	2BSbCCbaSCzkOEZa6N5901	Flaws And Sins	Juice WRLD	1955898	98	3	51	-30
129	4NBTZtAt1F13VvlSKe6KTl	This Feeling	The Chainsmokers	1955864	116	14	104	-13
130	5AjINjwKyRvQJhSe2zpPHi	Pop Out (feat. Lil Tjay)	Polo G	1941553	nan	1	130	new
131	6GSkLS2y4ZnnZsuRAj975K	Project Dreams	Marshmello	1932432	125	9	124	-6
132	51w9Jbat1pLeWINGCpnQUR	TAlk tO Me (with Rich The Kid feat. Lil Wayne) - Remix	Tory Lanez	1923608	134	11	123	2
133	4gJUBncw0XCMTBHneTjqGx	Like Mike (feat. Jay Critch & A Boogie wit da Hoodie)	Rich The Kid	1921298	nan	1	133	new
134	7lAK3oHbfEnvUQWosrMMpR	YOSEMITE	Travis Scott	1915138	127	34	7	-7
135	3oDkdAySo1VQQG0ptV7uwa	Lean Wit Me	Juice WRLD	1914789	129	16	79	-6
136	3GJ4hzg4lrGwU51Y3VARbF	Speechless	Dan + Shay	1909364	135	34	85	-1
137	5274I4mUMnYczyeXkGDWZN	Fine China	Future	1875609	128	23	6	-9
138	1KVczjazCcCCgM3gXXUl47	Roses (with Juice WRLD feat. Brendon Urie)	benny blanco	1863747	120	16	46	-18
139	62vpWI1CHwFy7tMIcSStl8	No Role Modelz	J. Cole	1851018	136	92	71	-3
140	152lZdxL1OR0ZMW6KquMif	Location	Khalid	1845474	145	115	9	5
141	6gBFPUFcJLzWGx4lenP6h2	goosebumps	Travis Scott	1826013	137	117	16	-4
142	4VUwkH455At9kENOfzTqmF	Beautiful (feat. Camila Cabello)	Bazzi	1823915	141	34	30	-1
143	7KXjTSCq5nL1LoYtL7XAwS	HUMBLE.	Kendrick Lamar	1809099	143	103	1	0
144	2qT1uLXPVPzGgFOx4jtEuo	no tears left to cry	Ariana Grande	1805745	144	32	18	0
145	3wFLWP0FcIqHK1wb1CPthQ	fake smile	Ariana Grande	1803129	132	7	8	-13
146	7fa9MBXhVfQ8P8Df9OEbD8	Girls Like You (feat. Cardi B)	Maroon 5	1759908	149	41	9	3
147	2G7V7zsVDxg1yRsu7Ew9RJ	In My Feelings	Drake	1752394	147	36	1	0
148	7uzmGiiJyRfuViKKK3lVmR	Mine	Bazzi	1735142	151	50	16	3
149	3CA9pLiwRIGtUBiMjbZmRw	Nice For What	Drake	1729938	150	36	12	1
150	2qGfZAgDe1pV2y5xJAhi6R	Slime Belief	YoungBoy Never Broke Again	1729275	158	6	150	8
151	2VGD6mGeuv6aORaU0vKsHB	Tic Toc (with Tory Lanez)	Rich The Kid	1719132	nan	1	151	new
152	0ZNrc4kNeQYD9koZ3KvCsy	BIG BANK (feat. 2 Chainz, Big Sean, Nicki Minaj)	YG	1717307	146	34	24	-6
153	04MLEeAMuV9IlHEsD8vF6A	No Stylist	French Montana	1714429	148	27	21	-5
154	3GVkPk8mqxz0itaAriG1L7	Everybody Dies In Their Nightmares	XXXTENTACION	1693672	154	83	15	0
155	09IStsImFySgyp0pIQdqAc	The Middle	Zedd	1684251	159	41	8	4
156	67fNrBUMc7iWMofdCaoJV9	Bleed It	Blueface	1681552	126	10	85	-30
157	32lItqlMi4LBhb4k0BaSaC	Candy Paint	Post Malone	1679743	164	47	17	7
158	4dAMdQ6g4kGmnc1MDHsg77	Shotta Flow	NLE Choppa	1677006	193	2	158	35
159	7uttm8Iurm5uK67Vr9G2Sp	Almost (Sweet Music)	Hozier	1658775	138	2	138	-21
160	4jvjzW7Hm0yK4LvvE0Paz9	Falling Down - Bonus Track	Lil Peep	1658473	160	20	16	0
161	3iKALqmeWDBWRlQU8z03kA	To My Grave	NAV	1657335	nan	1	161	new
162	6rz0dTA0PdhXImFV5EjM0w	Hide (feat. Seezyn)	Juice WRLD	1654088	165	13	100	3
163	4QIyEq7TcTdAcxjI2AFlAK	FEFE	6ix9ine	1653104	156	16	37	-7
164	1iPBD72u3nAyFEeardYuBV	Kamikaze	Lil Mosey	1649063	163	22	76	-1
165	6vsV4D8BM6PioRr1UOx0n2	you should see me in a crown	Billie Eilish	1639774	198	22	33	33
166	4KXDT3pmPDB9IB6hTUoGpd	I Like Girls (feat. Lil Skies)	PnB Rock	1636968	nan	1	166	new
167	7DHApOHsIFo7EyfieArYGE	Walk Me Home	P!nk	1636257	161	5	130	-6
168	5vdp5UmvTsnMEMESIF2Ym7	Another One Bites The Dust - Remastered 2011	Queen	1635761	162	10	107	-6
169	22An65gG31JLf9n18qjdhZ	BAD!	XXXTENTACION	1634256	157	16	5	-12
170	6PfI6EeLNiNGVAVg11nv7D	Speed It Up	Gunna	1629576	139	5	55	-31
171	7pdF27mSDuPWhppnHAmWHa	whoa (mind in awe)	XXXTENTACION	1628683	153	16	2	-18
172	45Egmo7icyopuzJN0oMEdk	Love Lies (with Normani)	Khalid	1628466	169	58	9	-3
173	7oJrVhiTPZGBXWPwhxjy9S	Lust	Lil Skies	1627383	167	61	79	-6
174	79esEXlqqmq0GPz0xQSZTV	Lost In Japan	Shawn Mendes	1611895	170	8	140	-4
175	1ZAyjvIk9YiD76yYy0TEG6	Plug Walk	Rich The Kid	1603281	174	35	48	-1
176	5nzhL67GpF9szXWg5y509A	Close Friends (Lil Baby & Gunna)	Lil Baby	1593392	175	23	39	-1
177	2Jh3UqxnHJMyzMzku4uOtE	Feeling	Juice WRLD	1588656	112	3	55	-65
178	0FQhAHyHGsrbSHvDURmFPn	my boy	Billie Eilish	1586798	194	10	147	16
179	2v5JTeM6hSmi5wWy7jiwrI	I've Been Waiting (w/ ILoveMakonnen & Fall Out Boy)	Lil Peep	1585162	185	6	119	6
180	5uCax9HTNlzGybIStD3vDh	Say You Won't Let Go	James Arthur	1578009	180	91	15	0
181	3Y7a0typ6ik1KscmebXd6D	No New Friends	Sia	1574621	190	2	181	9
182	6Yx181fZzA0YE2EkUsYruq	Big Plans	Why Don't We	1568790	nan	1	182	new
183	5aXgz1oKK8Q9z9xvTmSnrO	Topanga	Trippie Redd	1566387	172	20	11	-11
184	5iwz1NiezX7WWjnCgY5TH4	Calma - Remix	Pedro Capó	1563938	177	13	114	-7
185	1ttPzkTSpQUFcEGx8bjerL	Every Season	Roddy Ricch	1562279	189	2	185	4
186	3HP3VodiF28Bcr3dlProO4	Taking Chances	NAV	1562094	nan	1	186	new
187	6Gy7rXB6Ku5vIWC7WGWsl3	KIKA	6ix9ine	1556589	171	18	9	-16
188	6foY66mWZN0pSRjZ408c00	Whiskey Glasses	Morgan Wallen	1552659	178	2	178	-10
189	6wWaVoUOzLQJHd3bWAUpdZ	Never Recover (Lil Baby & Gunna, Drake)	Lil Baby	1526843	173	25	3	-16
190	0uUNN1nSoUx1A4fkDCWDQ7	So Am I	Ava Max	1523653	nan	1	190	new
191	1zB4vmk8tFRmM9UULNzbLB	Thunder	Imagine Dragons	1520900	183	30	109	-8
192	2u7mxWSeoqTXndK5e08jMp	Nowadays (feat. Landon Cube)	Lil Skies	1514467	187	62	30	-5
193	3L19besdNQzd342qL78xqm	Demons and Angels (feat. Juice WRLD)	A Boogie Wit da Hoodie	1507273	181	14	54	-12
194	4lD7gHKF1e8Y9stQuVezZB	ghostin	Ariana Grande	1504166	166	7	9	-28
195	0pqnGHJpmpxLKifKRmU6WP	Believer	Imagine Dragons	1502422	196	27	124	1
196	2LskIZrCeLxRvCiGP8gxlh	Arms Around You (feat. Maluma & Swae Lee)	XXXTENTACION	1499982	179	22	6	-17
197	1a7WZZZH7LzyvorhpOJFTe	Wasted (feat. Lil Uzi Vert)	Juice WRLD	1499126	182	16	126	-15
198	60SdxE8apGAxMiRrpbmLY0	Lucky You (feat. Joyner Lucas)	Eminem	1491216	188	30	1	-10
199	0nA2zH7QBV92QkSuwdCZbi	Hold Your Breath (feat. Gunna)	NAV	1484884	nan	1	199	new
200	45ZGEdLxCZvdMX9jWlsAAx	I Don't Belong In This Club	Why Don't We	1478552	nan	1	200	new
