position	song_id	song_name	artist	streams	last_week_position	weeks_on_chart	peak_position	position_status
1	0TK2YIli7K1leLovkQiNik	Señorita	Shawn Mendes	14244170	nan	1	1	new
2	6fTt0CH2t0mdeB2N9XFG5r	Panini	Lil Nas X	12903716	nan	1	2	new
3	5ry2OE6R2zPQFDO85XkgRb	Money In The Grave (Drake ft. Rick Ross)	Drake	12440511	1	2	1	-2
4	2Fxmhks0bxGSBdJ92vM42m	bad guy	Billie Eilish	8738268	3	13	1	-1
5	6u7jPi22kF8CTQ3rb9DHE7	Old Town Road (feat. Billy Ray Cyrus) - Remix	Lil Nas X	8148074	4	12	1	-1
6	29fRTIKsJhLUJoldM89GZS	You Need To Calm Down	Taylor Swift	8064658	2	2	2	-4
7	5qmq61DAAOUaW8AUo8xKhh	Truth Hurts	Lizzo	7865330	7	8	5	0
8	1kBbgxAUc4HQv7cgIayIDH	Ransom	Lil Tecca	7427965	nan	1	8	new
9	4ak7xjvBeBOcJGWFDX9w5n	Rodeo	Lil Nas X	7405634	nan	1	9	new
10	3HVWdVOQ0ZA45FuZGSfvns	I Don't Care (with Justin Bieber)	Ed Sheeran	7135042	9	7	1	-1
11	7DcvwMAiqKJQD1rrdfxSDx	The London (feat. J. Cole & Travis Scott)	Young Thug	7025458	8	5	1	-3
12	2gwkD6igEhQbDQegRCcdoB	Suge	DaBaby	6508830	6	13	4	-6
13	3KkXRkHbMCARz0aVfEt68P	Sunflower - Spider-Man: Into the Spider-Verse	Post Malone	6248258	11	26	1	-2
14	5hVghJ4KaYES3BFUATCYn0	EARFQUAKE	Tyler, The Creator	5974443	10	6	1	-4
15	7FEwp8BavoEVE3AnxJDchc	No Guidance (feat. Drake)	Chris Brown	5899728	5	3	5	-10
16	6uFn47ACjqYkc0jADwEdj1	Pop Out (feat. Lil Tjay)	Polo G	5699029	12	3	8	-4
17	5PYQUBXc7NYeI1obMKSJK0	Never Really Over	Katy Perry	5375269	15	4	10	-2
18	6TqXcAFInzjp0bODyvrWEq	Talk (feat. Disclosure)	Khalid	5252792	14	12	6	-4
19	4hPpVbbakQNv8YTHYaOJP4	One Thing Right	Marshmello	5044940	nan	1	19	new
20	6LsAAHotRLMOHfCsSfYCsz	If I Can't Have You	Shawn Mendes	4770588	17	8	4	-3
21	22vgEDb5hykfaTwLuskFGD	Sucker	Jonas Brothers	4541698	18	3	10	-3
22	6MWtB6iiXyIwun0YzU6DFP	Wow.	Post Malone	4514616	21	27	2	-1
23	1kK6DwzyXJSp58u5HYWwuD	Go Loko (feat. Tyga, Jon Z)	YG	4439226	20	5	17	-3
24	05CwHjIk71RXVU40boRMnR	Call You Mine	The Chainsmokers	4367584	26	4	24	2
25	2JvzF1RMd7lE3KmFlsyZD8	MIDDLE CHILD	J. Cole	4248595	16	23	1	-9
26	07rmSXN6vNoquX1AsWd9pP	Lalala	Y2K	4243522	139	2	26	113
27	0DiDStADDVh3SvAsoJAFMk	Only Human	Jonas Brothers	4180879	25	3	12	-2
28	53CJANUxooaqGOtdsBTh7O	Old Town Road	Lil Nas X	4173404	29	15	2	1
29	1wJRveJZLSb1rjhnUHQiv6	Swervin (feat. 6ix9ine)	A Boogie Wit da Hoodie	4057078	23	27	7	-6
30	6moU77g9RQyMzHNuKEaQKq	It's You	Ali Gatie	3997955	47	2	30	17
31	3XiNC94b4Tq1xwv70sQJGN	Sanguine Paradise	Lil Uzi Vert	3884571	22	12	6	-9
32	6ocbgoVGwYJhOv1GgI9NsF	7 rings	Ariana Grande	3767296	30	20	1	-2
33	543bCW2ruMPmxUBWirQ3MR	Cross Me (feat. Chance the Rapper & PnB Rock)	Ed Sheeran	3712495	33	5	11	0
34	43zdsphuZLzwA9k4DJhU0I	when the party's over	Billie Eilish	3685321	28	13	5	-6
35	7Feaw9WAEREY0DUOSXJLOM	Summer Days (feat. Macklemore & Patrick Stump of Fall Out Boy)	Martin Garrix	3630949	37	9	31	2
36	2IRZnDFmlqMuOrYOLnZZyc	Going Bad (feat. Drake)	Meek Mill	3562208	31	30	2	-5
37	63cd4JkwGgYJrbOizbfmsp	Pure Water (with Migos)	Mustard	3403090	27	23	13	-10
38	1ZDmxwg7Lywlx68b7SsJjj	MEGATRON	Nicki Minaj	3364271	nan	1	38	new
39	7eBqSVxrzQZtK2mmgRG6lC	Murder On My Mind	YNW Melly	3291937	35	40	4	-4
40	7rvyVWja33WG9R97oeJAjx	Envy Me	Calboy	3282127	34	4	29	-6
41	3xaugmCyXrVkrDTXbFkMW3	Sanctuary	Joji	3232948	19	2	19	-22
42	78QR3Wp35dqAhFEc2qAGjE	Drip Too Hard (Lil Baby & Gunna)	Lil Baby	3217591	36	38	1	-6
43	6zeeWid2sgw4lap2jV61PZ	Better	Khalid	3199492	41	35	10	-2
44	0u2P5u6lvoDfwTYjAADbn4	lovely (with Khalid)	Billie Eilish	3181714	42	40	24	-2
45	2TH65lNHgvLxCKXM3apjxI	Callaita	Bad Bunny	3159803	43	4	41	-2
46	4SSnFejRGlZikf02HLewEF	bury a friend	Billie Eilish	3159236	39	13	4	-7
47	4dAMdQ6g4kGmnc1MDHsg77	Shotta Flow	NLE Choppa	3118838	50	15	46	3
48	2dpaYNEQHiRxtZbfNsse99	Happier	Marshmello	3061221	48	45	8	0
49	2wZjsbwmWfNVslgV5afl1L	Out The Mud	Lil Baby	3053739	nan	1	49	new
50	285pBltuF7vW8TeWk8hdRR	Lucid Dreams	Juice WRLD	2979793	46	29	11	-4
51	7FGq80cy8juXBCD2nrqdWU	Eastside (with Halsey & Khalid)	benny blanco	2977402	45	29	25	-6
52	7qEHsqek33rTcFNT9PFqLf	Someone You Loved	Lewis Capaldi	2955544	55	6	34	3
53	6Hj9jySrnFppAI0sEMCZpJ	Robbery	Juice WRLD	2916599	44	16	3	-9
54	2xLMifQCjDGFmkHkpNLD9h	SICKO MODE	Travis Scott	2899030	49	47	1	-5
55	7njKgVl3AnLflRad38o7AG	Paradise	Bazzi	2873652	53	12	20	-2
56	0vrmHPfoBadXVr2n0m1aqZ	Heaven	Avicii	2690690	40	3	18	-16
57	4MsUsFfWseB9M2plGJyuIw	ME! (feat. Brendon Urie of Panic! At The Disco)	Taylor Swift	2683360	38	6	26	-19
58	2WyRfGeHo97VC5mP1BBSzr	Mother's Daughter	Miley Cyrus	2660737	51	4	13	-7
59	3Ol2xnObFdKV9pmRD2t9x8	Look Back at It	A Boogie Wit da Hoodie	2650061	57	27	9	-2
60	3Fj47GNK2kUF0uaEDgXLaD	wish you were gay	Billie Eilish	2595557	56	13	3	-4
61	7f1zjZG77S891Uv4O68yfk	Baby Sitter (feat. Offset)	DaBaby	2587912	61	7	61	0
62	6vWEAOUSxohKxhp0K1BsxL	Mixed Personalities (feat. Kanye West)	YNW Melly	2586850	60	23	12	-2
63	4tNXntkAzQ5A2dfYRYGIIQ	Easier	5 Seconds of Summer	2578390	74	5	22	11
64	59ywHNwwchG4nZJMLyxSzd	Clout (feat. Cardi B)	Offset	2576642	54	11	46	-10
65	5p7ujcrUXASCNwRaWNHR1C	Without Me	Halsey	2572673	63	38	5	-2
66	3ee8Jmje8o58CHK66QrVC2	SAD!	XXXTENTACION	2561003	58	67	1	-8
67	3e9HZxeyfWwjeyPAMmWSSQ	thank u, next	Ariana Grande	2538689	65	20	7	-2
68	5dW1VZPcFqB4n0P08rGDgm	The Git Up	Blanco Brown	2512742	99	2	68	31
69	4kV4N9D1iKVxx1KLvtTpjS	break up with your girlfriend, i'm bored	Ariana Grande	2510005	66	20	1	-3
70	2t8yVaLvJ0RenpXUIAC52d	a lot	21 Savage	2495694	62	27	7	-8
71	4XiGKQqbmnMVxDzUj6j3f2	Worth It	YK Osiris	2491573	121	17	71	50
72	1Ej96GIBCTvgH7tNX1r3qr	Otro Trago	Sech	2471873	71	6	71	-1
73	6Qs4SXO9dwPj5GKvVOv8Ki	Dancing With A Stranger (with Normani)	Sam Smith	2467073	68	24	12	-5
74	7dt6x5M1jzdTEt8oCbisTK	Better Now	Post Malone	2466901	67	61	1	-7
75	4eqrNsKy9Mvg1fvfsTVIAE	Down Bad (feat. JID, Bas, J. Cole, EARTHGANG & Young Nudy)	Dreamville	2455857	32	2	32	-43
76	5rU6kDNXZLXIinFezpbWbO	Tap (feat. Meek Mill)	NAV	2421876	69	8	69	-7
77	1c0hsvHLELX6y8qymnpLKL	Soltera - Remix	Lunay	2407354	77	7	60	0
78	56JyMaElW79S7TDWh1Zw1m	On A Roll	Ashley O	2394377	143	2	78	65
79	0k664IuFwVP557Gnx7RhIl	Juice	Lizzo	2334158	102	10	71	23
80	0e7ipj03S05BNilyu5bRzt	rockstar (feat. 21 Savage)	Post Malone	2328727	72	61	9	-8
81	12iDo4Kdw9vA2X1lN3UTVu	Focus (feat. 21 Savage)	Bazzi	2323411	52	2	52	-29
82	5h0Jgt873QtgL6nJRBGfT6	That's Life (feat. Mac Miller & Sia)	88-Keys	2305016	nan	1	82	new
83	36TO60sxDduIsO3xH8IcUh	Isis	Joyner Lucas	2295240	64	5	14	-19
84	2MuMD298IpYqKF367wegUd	Homicide (feat. Eminem)	Logic	2289232	59	7	4	-25
85	5eDvChP4WAPPrtaQeI9MhT	Beer Never Broke My Heart	Luke Combs	2285457	83	7	51	-2
86	1rqqCSm0Qe4I9rUvWncaom	High Hopes	Panic! At The Disco	2277543	80	53	13	-6
87	1ThmUihH9dF8EV08ku5AXN	Faucet Failure	Ski Mask The Slump God	2268525	70	29	27	-17
88	6foY66mWZN0pSRjZ408c00	Whiskey Glasses	Morgan Wallen	2256246	78	15	66	-10
89	1dyxS3YzBbL0t8rEVwVQ1K	God's Country	Blake Shelton	2248898	120	8	89	31
90	3WyRgi8CzQnhzO0xw79tTS	Goin Baby	DaBaby	2248705	86	10	67	-4
91	0JP9xo3adEtGSdUEISiszL	Moonlight	XXXTENTACION	2234855	76	67	3	-15
92	2VxeLyX666F8uXCJ0dZF8B	Shallow	Lady Gaga	2220726	82	38	10	-10
93	0mjAU3yKR1QnXnHtjGJqTM	Rescue Me	OneRepublic	2205494	87	6	66	-6
94	2rxQMGVafnNaRaXlRMWPde	Beautiful Crazy	Luke Combs	2203722	88	51	61	-6
95	7m9OqQk4RVRkw9JJdeAw96	Jocelyn Flores	XXXTENTACION	2202947	79	96	3	-16
96	7COXchtUOMd6uIT6HvmRaI	i'm so tired...	Lauv	2196092	81	22	23	-15
97	3A2yGHWIzmGEIolwonU69h	Act Up	City Girls	2195919	85	12	66	-12
98	1ABQT5SxlUTNapSbSzblGx	F9mily (You & Me)	Lil Nas X	2189584	nan	1	98	new
99	0FZ4Dmg8jJJAPJnvBIzD9z	ZEZE (feat. Travis Scott & Offset)	Kodak Black	2129461	84	28	4	-15
100	5w9c2J52mkdntKOmRLeM2m	Con Calma	Daddy Yankee	2121497	96	20	45	-4
101	1CiR9MK8zVPKtGrHe4LFPb	Potential (feat. Lil Uzi Vert & Young Dolph)	Gucci Mane	2119392	nan	1	101	new
102	6bWBLZLBRQEJ5KsLicouNB	I Think I'm OKAY (with YUNGBLUD & Travis Barker)	Machine Gun Kelly	2114999	148	3	102	46
103	3TpBefRZ1vFcOH6z57PQRI	La La Land (feat. YG)	Bryce Vine	2109930	108	4	103	5
104	5Uw7Dut2lZfexn3Y09swpf	Find U Again (feat. Camila Cabello)	Mark Ronson	2095554	nan	1	104	new
105	0rKtyWc8bvkriBthvHKY8d	SLOW DANCING IN THE DARK	Joji	2094062	90	34	41	-15
106	5kfNriitmkNE8mUbZ7gbq8	Saturday Nights	Khalid	2086183	98	35	14	-8
107	3XF5xLJHOQQRbWya6hBp7d	you should see me in a crown	Billie Eilish	2079623	89	13	11	-18
108	4ZT9FnbFu1PaBfV3itxiqT	I	Lil Skies	2070390	93	17	16	-15
109	58q2HKrzhC3ozto2nDdN4z	I Like It	Cardi B	2057430	111	64	3	2
110	1f38Gx6xQz6r4H1jGVNBJo	Loco Contigo (with J. Balvin & Tyga)	DJ Snake	2049376	92	2	92	-18
111	25sgk305KZfyuqVBQIahim	Sweet but Psycho	Ava Max	2040094	94	38	36	-17
112	4no0eHn4fEB7tN1yZSXMma	C7osure (You Like)	Lil Nas X	2037424	nan	1	112	new
113	2toVe5hfuIi97ytDPDbQFt	Taste (feat. Offset)	Tyga	2026043	91	3	87	-22
114	22oEJW6r2rMb9z4IntfyEa	Hey Look Ma, I Made It	Panic! At The Disco	2003760	101	11	67	-13
115	0TlLq3lA83rQOYtrqBqSct	Nonstop	Drake	1999429	95	49	5	-20
116	0qc4QlcCxVTGyShurEv1UU	Post Malone (feat. RANI)	Sam Feldt	1980235	nan	1	116	new
117	3qIV7Rnj3ZxLs2JcLPUbFV	Kick It	Lil Nas X	1969747	nan	1	117	new
118	4e4fqjx0Izh4svvTef1z7e	Meant to Be (feat. Florida Georgia Line)	Bebe Rexha	1960062	122	53	44	4
119	3kCwyvhvVTyehIzYN2I0nF	Omertà	Drake	1957252	24	2	24	-95
120	3GJ4hzg4lrGwU51Y3VARbF	Speechless	Dan + Shay	1956595	110	47	85	-10
121	340UVheS8z3ncW9TTUhAbc	Nightmare	Halsey	1950813	75	6	10	-46
122	2iUXsYOEPhVqEBwsqP70rE	Youngblood	5 Seconds of Summer	1938645	107	54	17	-15
123	75ZvA4QfFiZvzhj2xkaWAh	I Fall Apart	Post Malone	1937547	115	93	2	-8
124	1xzBco0xcoJEDXktl7Jxrr	Mo Bamba	Sheck Wes	1933998	106	38	1	-18
125	7mv4eldXEFbf3s3ZEfbmlC	Stripper Bowl	Migos	1924925	nan	1	125	new
126	2uIX8YMNjGMD7441kqyyNU	ocean eyes	Billie Eilish	1910682	109	43	78	-17
127	79JBjIq90BrQ8Ws0pUhlzD	Mad Love	Mabel	1909140	160	3	127	33
128	56eGOeSsqdg3FLxdo83TwV	Rumor	Lee Brice	1903082	153	6	128	25
129	7AQim7LbvFVZJE3O8TYgf2	Fuck Love (feat. Trippie Redd)	XXXTENTACION	1889781	105	96	8	-24
130	14mHfNsSHN0FbLftyjrV9g	Leave Me Alone	Flipp Dinero	1879769	123	43	10	-7
131	6DCZcSspjsKoFjzjrWoCdn	God's Plan	Drake	1872974	124	49	16	-7
132	6uAm7pG66O1XesXS9bpHSF	Good As Hell	Lizzo	1857497	173	2	132	41
133	5icOoE6VgqFKohjWWNp0Ac	Here With Me	Marshmello	1852831	126	16	16	-7
134	4VXIryQMWpIdGgYR4TrjT1	All Girls Are The Same	Juice WRLD	1852340	114	29	66	-20
135	698eQRku24PIYPQPHItKlA	She Got the Best of Me	Luke Combs	1848269	174	13	135	39
136	6CcJMwBtXByIz4zQLzFkKc	i love you	Billie Eilish	1848108	112	13	17	-24
137	2x0RZdkZcD8QRI53XT4GI5	SOS (feat. Aloe Blacc)	Avicii	1841937	73	3	33	-64
138	2P91MQbaiQOfbiz9VqhqKQ	I Like Me Better	Lauv	1836112	125	55	79	-13
139	5Z3GHaZ6ec9bsiI5BenrbY	Young Dumb & Broke	Khalid	1832106	144	115	6	5
140	7GX5flRQZVHRAGd6B4TmDO	XO Tour Llif3	Lil Uzi Vert	1826540	132	96	2	-8
141	4u7EnebtmKWzUH433cf5Qv	Bohemian Rhapsody - 2011 Mix	Queen	1823823	127	14	76	-14
142	3swc6WTsr7rl9DqQKQA55C	Psycho (feat. Ty Dolla $ign)	Post Malone	1822850	128	61	2	-14
143	5wujBwqG7INdStqGd4tRMX	Armed And Dangerous	Juice WRLD	1818003	119	29	24	-24
144	2Jh3UqxnHJMyzMzku4uOtE	Feeling	Juice WRLD	1816594	103	13	55	-41
145	6vN77lE9LK6HP2DewaN6HZ	Yes Indeed	Lil Baby	1815838	129	58	2	-16
146	2G1tXoGBaEMJ7FKGnkf6ud	Wake Up in the Sky	Gucci Mane	1814544	116	29	13	-30
147	42fw0rxRO2xbesF6mJfd4Y	Tequila	Dan + Shay	1806752	130	51	60	-17
148	5KawlOMHjWeUjQtnuRs22c	Boy With Luv (feat. Halsey)	BTS	1797875	142	11	4	-6
149	4pCEIQ6wBVuaJdER5bALtO	That's a Rack	Lil Uzi Vert	1787468	117	11	41	-32
150	6dPyzkyZwoj9LqjQXOFdVv	Press	Cardi B	1782802	97	4	15	-53
151	40T5GIqQ1CegGm2PTEl8Bu	idontwannabeyouanymore	Billie Eilish	1781835	136	29	48	-15
152	6JQvHMSaR8flFsN53ypOfP	Noticed	Lil Mosey	1780905	133	36	23	-19
153	3Tc57t9l2O8FwQZtQOvPXK	my strange addiction	Billie Eilish	1766325	104	13	10	-49
154	0yFvWTLs3iIwDbc91noXGT	GRoCERIES	Chance the Rapper	1751471	113	6	47	-41
155	3a1lNhkSLSkpJE4MSHpDu9	Congratulations	Post Malone	1750940	141	130	5	-14
156	5qrSlOut2rNAWv3ubArkNy	Be Alright	Dean Lewis	1749490	138	8	87	-18
157	116H0KvKr2Zl4RPuVBruDO	MIA (feat. Drake)	Bad Bunny	1748113	137	37	2	-20
158	2KqJC0koTBUyDlsMt5ok1V	Look What God Gave Her	Thomas Rhett	1744548	118	4	70	-40
159	2tOOcDDYkh0PSjr6GwPEAJ	Love Me Less (feat. Quinn XCII)	MAX	1714140	100	8	68	-59
160	3fsH9s00dbn9mSgUu7Yi9D	Bring U Down	Lil Nas X	1707500	nan	1	160	new
161	02itaCXOdC54J0ISjqqFAp	All Around The World (La La La)	R3HAB	1699297	nan	1	161	new
162	152lZdxL1OR0ZMW6KquMif	Location	Khalid	1693839	151	128	9	-11
163	7KXjTSCq5nL1LoYtL7XAwS	HUMBLE.	Kendrick Lamar	1689434	164	116	1	1
164	5tmu5pAFHkUSl8Fo8ncyA4	CIVIL WAR - Bonus	Russ	1683078	150	6	142	-14
165	09IStsImFySgyp0pIQdqAc	The Middle	Zedd	1681944	159	54	8	-6
166	7sO5G9EABYOXQKNPNiE9NR	Ric Flair Drip (& Metro Boomin)	Offset	1652429	145	87	4	-21
167	4QIo4oxwzzafcBWkKjDpXY	xanny	Billie Eilish	1651789	140	13	7	-27
168	3CA9pLiwRIGtUBiMjbZmRw	Nice For What	Drake	1608626	166	49	12	-2
169	7AFASza1mXqntmGtbxXprO	changes	XXXTENTACION	1608391	149	67	7	-20
170	6KCt9V6Lev0M04rFUj8ANC	Ice (feat. Gunna & Lil Baby)	Gucci Mane	1605834	nan	1	170	new
171	2qGfZAgDe1pV2y5xJAhi6R	Slime Belief	YoungBoy Never Broke Again	1603171	155	18	142	-16
172	51NFxnQvaosfDDutk0tams	bellyache	Billie Eilish	1600611	157	34	49	-15
173	4R8BJggjosTswLxtkw8V7P	No Me Conoce - Remix	Jhay Cortez	1591395	175	2	173	2
174	1mMLMZYXkMueg65jRRWG1l	When It Rains It Pours	Luke Combs	1586440	168	42	123	-6
175	5QiNbIilmMiMBXvaAlf7lN	Who Do You Love	The Chainsmokers	1572140	156	9	80	-19
176	2GGMabyHXnJmjY6CXhhB2e	Money	Cardi B	1561866	154	36	17	-22
177	6gBFPUFcJLzWGx4lenP6h2	goosebumps	Travis Scott	1559678	170	130	16	-7
178	7mldq42yDuxiUNn08nvzHO	Body Like A Back Road	Sam Hunt	1558183	nan	81	15	re-enter
179	4NN6N5TxBO5k9uqu0W4gfQ	Floating (feat. 21 Savage)	ScHoolboy Q	1552404	147	9	22	-32
180	4qQwGRtGT7l6ckQtdPEFd4	Talk You Out Of It	Florida Georgia Line	1551651	nan	6	170	re-enter
181	5T8EDUDqKcs6OSOwEsfqG7	Don't Stop Me Now - 2011 Mix	Queen	1534138	188	28	102	7
182	2G7V7zsVDxg1yRsu7Ew9RJ	In My Feelings	Drake	1527439	176	47	1	-6
183	1Hd2XLitkt1PYCWSbfF5qV	Wish Wish (feat. Cardi B & 21 Savage)	DJ Khaled	1517232	152	6	38	-31
184	5AnSllIrgGsCZzZJkVnApx	Eyes On You	Chase Rice	1503908	196	8	168	12
185	6IRdLKIyS4p7XNiP8r6rsx	all the good girls go to hell	Billie Eilish	1501577	163	13	8	-22
186	6v0lAdFF4haL8xjBIUjtOw	Te Robaré	Nicky Jam	1493391	186	11	178	0
187	6xHI9KjUjYT0FPtGO8Mxa1	Hurricane	Luke Combs	1491093	185	46	85	-2
188	3oh6SCCeLuXhFpEyepla6G	Thotiana	Blueface	1488131	169	25	9	-19
189	4OBZT9EnhYIV17t4pGw7ig	Best Part (feat. Daniel Caesar)	H.E.R.	1479900	179	56	68	-10
190	1zB4vmk8tFRmM9UULNzbLB	Thunder	Imagine Dragons	1479791	189	40	109	-1
191	6ya8ejoKgw906Y8LWclqrp	Racks in the Middle (feat. Roddy Ricch and Hit-Boy)	Nipsey Hussle	1475378	181	13	33	-10
192	62vpWI1CHwFy7tMIcSStl8	No Role Modelz	J. Cole	1474708	184	105	71	-8
193	5JEx7HbmvHQQswJCsoo9rA	Close To Me (with Diplo) (feat. Swae Lee)	Ellie Goulding	1469657	177	35	33	-16
194	7yfi8B8opXjnRh4VZnOkz9	Cool	Jonas Brothers	1463207	146	3	64	-48
195	0pqnGHJpmpxLKifKRmU6WP	Believer	Imagine Dragons	1457447	200	32	124	5
196	1tNJrcVe6gwLEiZCtprs1u	3 Nights	Dominic Fike	1455487	131	13	49	-65
197	4dV3okcjbQwTcg4ObIGr4N	Bitchuary	Shordie Shordie	1449619	178	2	178	-19
198	1HXy5I3HTWq8OvxCn0z7G7	Heaven	Kane Brown	1447690	nan	49	60	re-enter
199	4bHsxqR3GMrXTxEPLuK5ue	Don't Stop Believin'	Journey	1447594	nan	1	199	new
200	5nzhL67GpF9szXWg5y509A	Close Friends (Lil Baby & Gunna)	Lil Baby	1443741	nan	30	39	re-enter
