source	target	weight	avg_streams
hip hop	pop	538	3231608.1223628693
hip hop	rap	517	2691631.232931727
pop	rap	432	3189723.676855895
pop	pop	367	3623853.290836653
hip hop	hip hop	319	2888568.1415929208
rap	rap	236	2210090.327956989
francoton	hip hop	213	3053806.75
francoton	pop	202	3021999.313043478
dance pop	pop	157	4628240.890410959
francoton	rap	143	2729981.714285714
pop rap	rap	115	1780281.8923076922
pop	pop rap	115	3086782.4310344825
rap	trap	103	2212634.5970149254
pop	tropical house	102	5138591.490909091
electro	pop	101	4956890.081967213
hip hop	pop rap	98	1758367.3725490198
hip hop	trap	93	1751254.86
pop rap	trap	65	2568078.275
dance pop	tropical house	65	5469987.736842105
pop	trap	63	3081722.378378378
dance pop	pop rap	61	3571073.6470588236
dance pop	electro	59	5675239.707317073
house	pop	56	4367258.135135135
francoton	francoton	55	2959115.8936170214
electropop	pop	53	3649584.5517241373
latin	reggaeton	53	5619695.222222222
dance pop	rap	47	3669742.814814815
dance pop	dance pop	47	4895274.9428571435
pop rap	pop rap	43	1599257.1935483871
electro	tropical house	41	3713041.8
pop	r&b	37	2762427.76
hip hop	latin	35	5389875.444444444
latin	pop	34	5221506.647058823
dance pop	hip hop	34	3721643.047619048
hip hop	reggaeton	33	6768827.428571427
pop	reggaeton	32	4980131.8125
dance	pop	31	7440946.476190477
electro house	pop	30	5445146.173913044
trap	trap	29	1597032.6
latin	latin	28	5619695.222222222
dance pop	trap	26	4262409.882352942
dance pop	electropop	26	4486999.65
dance pop	house	25	5038396.52631579
latin	trap	25	5362602.285714285
latin	tropical	25	4858480.857142857
reggaeton	reggaeton	25	8113951.166666668
reggaeton	trap	25	5362602.285714285
r&b	rap	24	1350543.705882353
reggaeton	tropical	23	4858480.857142857
tropical house	tropical house	23	3696917.052631579
pop rap	r&b	22	2213421.5714285714
other	pop	22	2810238.714285714
electro	electropop	21	3719986.3529411764
electro	house	20	5365862.785714285
pop rap	tropical house	20	4828126.75
electropop	tropical house	20	4161182.6
dance pop	electro house	20	5663063.1875
hip hop	r&b	19	1045465.9166666665
house	tropical house	19	3382390.6875
electro	pop rap	19	5316654.466666667
electro	hip hop	19	4709665.714285715
moombahton	pop	17	3536787.375
dance	dance pop	17	7569067.333333332
electro	rap	16	4591349.545454546
hip hop	house	16	5113061.538461538
electro	electro	15	3971511.076923077
electro house	tropical house	15	4872881.416666667
hip hop	tropical	15	3232111.0
dance pop	r&b	14	3395213.8461538465
house	rap	14	4804401.0
electropop	pop rap	14	2488483.9
rap	soul	13	2282850.8181818184
dance	tropical house	13	6535817.333333332
dance pop	latin	13	5906591.555555556
ninja	pop	12	4849690.8
pop	tropical	12	3571677.125
pop	urban contemporary	12	2777311.125
dance pop	reggaeton	12	5509477.5
rap	tropical house	12	4868169.375
dancehall	pop	12	3328537.875
electro	electro house	12	4241219.0
latin	rap	12	6386363.375
rap	reggaeton	12	6386363.375
r&b	trap	12	608097.8333333335
dance pop	moombahton	11	3536787.375
pop	soul	11	3088993.1111111115
trap	tropical	11	4798389.333333333
rap	urban contemporary	11	1378035.7142857143
hip hop	tropical house	11	3568160.0
house	house	10	6294373.4
afropop	pop	10	1283129.7142857143
latin	pop rap	10	9335520.666666666
pop rap	reggaeton	10	9335520.666666666
indie pop	pop	10	3064908.4285714286
electropop	rap	10	3223482.625
pop rap	urban contemporary	10	2337877.0
pop rap	soul	9	2806455.875
funk	pop	9	6701554.142857143
hip hop	indie pop	9	6454488.333333332
dancehall	hip hop	9	2134465.8
hip hop	soul	8	1174576.5714285714
hip hop	other	8	3056080.666666666
dancehall	rap	8	3303620.8571428573
dance pop	dancehall	8	4194796.833333333
pop	rock	8	2861712.333333333
indie pop	pop rap	8	2923480.166666666
electro	trap	8	5828272.5
dance	electro	7	8251980.0
dance pop	urban contemporary	7	1610653.8
other	rap	7	2308783.1428571427
afropop	hip hop	7	1062935.8
dancehall	electro	7	4194796.833333333
dancehall	tropical house	7	3833786.0
electro house	electropop	7	3745022.142857143
electropop	r&b	7	2220770.6
indie pop	rap	7	3055322.2
hip hop	urban contemporary	7	2635854.0
dance pop	ninja	6	4849690.8
azonto	pop	6	1012211.2
country	pop	6	3313650.4
country	dance pop	6	3313650.4
electro	latin	6	7072174.166666668
electro	reggaeton	6	7072174.166666668
dance pop	funk	6	9061191.2
electro	r&b	6	6547900.333333332
electropop	hip hop	6	4619681.0
r&b	tropical house	6	7782545.6
electropop	house	6	4635146.0
dance pop	other	6	3161869.0
electro house	rap	6	4385779.666666667
soul	tropical house	6	6844827.8
dancehall	pop rap	6	2339866.833333333
francoton	other	6	3500566.25
trap	urban contemporary	6	2004719.25
pop	rai	6	1520443.0
dance	electropop	5	7005020.4
afropop	rap	5	1062935.8
azonto	hip hop	5	1205148.5
francoton	house	5	5659164.8
pop	pop rock	5	6269105.6
pop	techno	5	2613691.0
tropical	tropical	5	2127408.666666666
r&b	r&b	5	2452479.666666666
hip hop	indie r&b	5	621915.0
hip hop	indietronica	5	1575937.5
electro	indie pop	5	3181985.0
electro house	house	5	6659756.0
electro	other	5	1340840.5
other	tropical house	5	1295801.25
electro house	hip hop	5	4194458.5
trap	tropical house	5	4385779.666666667
electropop	trap	5	3936551.5
funk	tropical house	5	5873517.0
electro	soul	5	7460265.0
grime	hip hop	5	3765592.0
francoton	rai	5	1809826.333333333
dance	house	4	5646338.25
dance	moombahton	4	6155989.0
azonto	rap	4	1205148.5
blues	pop	4	1193255.0
blues	hip hop	4	1193255.0
latin	tropical house	4	5247291.25
reggaeton	tropical house	4	5247291.25
dancehall	latin	4	6150956.0
dancehall	reggaeton	4	6150956.0
pop rock	rap	4	5712381.25
pop rap	pop rock	4	5712381.25
electro house	r&b	4	3952858.25
electropop	electropop	4	2377965.0
house	r&b	4	3917606.25
dance pop	francoton	4	3018352.5
indie r&b	pop rap	4	621915.0
indietronica	pop rap	4	1575937.5
indie r&b	rap	4	621915.0
indietronica	rap	4	1575937.5
indie pop	trap	4	1575937.5
indietronica	trap	4	1575937.5
indie pop	tropical house	4	3181985.0
dubstep	pop	4	8928105.5
moombahton	tropical house	4	2197480.333333333
electro house	trap	4	4385779.666666667
house	pop rap	4	2328591.666666666
house	trap	4	4385779.666666667
house	soul	4	5996121.666666668
grime	rap	4	3765592.0
dance pop	soul	4	8317956.333333332
soul	trap	4	1021574.0
francoton	pop rap	4	2606555.333333333
afropop	electro	4	1721418.333333333
electro	francoton	4	2903698.25
dance	pop rap	4	6240074.666666668
afropop	dance pop	4	1930478.5
afropop	tropical house	4	1930478.5
hip hop	rai	4	1633550.0
dance	ninja	3	7001153.666666668
blues	rap	3	1193255.0
rap	rap rock	3	244495.0
hip hop	variete francaise	3	7007512.333333332
francoton	tropical house	3	6108711.0
electropop	techno	3	4098305.666666666
country	electro	3	3484774.0
country	electro house	3	3484774.0
country	tropical house	3	3484774.0
metal	pop	3	384955.33333333326
hip hop	metal	3	384955.33333333326
indie pop	r&b	3	2908806.333333333
electropop	indie pop	3	3114200.333333333
indie r&b	trap	3	621915.0
electro	moombahton	3	1421106.0
dance pop	indie pop	3	1095525.5
house	indie pop	3	9185152.666666666
rap	rock	3	943261.3333333335
house	other	3	1671315.333333333
electro house	pop rap	3	2219622.0
other	pop rap	3	1869192.5
pop	variete francaise	3	4903202.0
indie r&b	pop	3	2575011.0
indie rock	pop	3	698828.0
dance pop	indie rock	3	698828.0
rap	reggae	3	3963132.333333334
francoton	reggae	3	3963132.333333334
electro house	soul	3	5362129.0
dance	r&b	3	9160755.333333334
dancehall	trap	3	2979138.333333333
rock	rock	3	425567.66666666674
funk	pop rap	3	6363645.0
afropop	pop rap	3	1700595.333333333
funk	hip hop	3	2430662.0
r&b	soul	3	481576.5
other	rock	3	253739.0
francoton	latin	2	667033.0
francoton	reggaeton	2	667033.0
hip hop	rap rock	2	244495.0
house	variete francaise	2	6717410.0
country	electropop	2	5144377.0
country	techno	2	5144377.0
r&b	techno	2	386769.0
electro	rock	2	3438961.5
rock	tropical house	2	3438961.5
rap	tropical	2	3094515.5
indie pop rap	pop	2	4396961.5
indie pop rap	pop rap	2	1145348.0
indie pop rap	rap	2	1145348.0
dance pop	dubstep	2	12629364.5
electro house	indie pop	2	1095525.5
indie pop	moombahton	2	1485973.0
electropop	moombahton	2	1485973.0
chanson	rap	2	798848.0
electro house	other	2	6032564.5
funk	house	2	2821981.0
pop rap	rock	2	1705051.5
hip hop	reggae	2	5804891.0
other	other	2	210388.5
electro	urban contemporary	2	7273879.5
tropical house	urban contemporary	2	7273879.5
zouk riddim	zouk riddim	2	3451927.0
classic rock	rock	2	511482.0
r&b	urban contemporary	2	179962.5
electropop	funk	2	4053967.0
electro house	electro house	2	4574367.5
afropop	electro house	2	1930478.5
dancehall	electro house	2	1930478.5
afropop	moombahton	2	1930478.5
dancehall	moombahton	2	1930478.5
electro	funk	2	2440689.0
dance	electro house	2	4466874.5
afropop	funk	2	2430662.0
dancehall	funk	2	2430662.0
dance	hip hop	2	2245306.5
folk rock	rock	2	282130.0
folk rock	pop	2	282130.0
experimental	rock	2	310521.0
country pop	pop	2	165568.0
county rock	pop	2	165568.0
country pop	dance pop	2	165568.0
county rock	dance pop	2	165568.0
rai	rap	2	461419.5
other	r&b	2	253739.0
pop rap	tropical	2	5999851.0
brazilian funk	pop rap	2	5999851.0
brazilian funk	hip hop	2	5999851.0
brazilian funk	latin	2	5999851.0
brazilian funk	reggaeton	2	5999851.0
brazilian funk	pop	2	5999851.0
azonto	pop rap	2	740645.5
francoton	grime	2	1044469.0
electropop	soul	2	5444485.5
dubstep	rap	2	8718095.0
rap	trance	2	8718095.0
dancehall	francoton	2	494085.0
pop	zouk riddim	2	4176134.5
latin	r&b	1	876312.0
r&b	reggaeton	1	876312.0
francoton	r&b	1	876312.0
indie pop rap	trap	1	1145348.0
hip hop	indie pop rap	1	1145348.0
indie pop	indie pop rap	1	7648575.0
dance pop	indie pop rap	1	7648575.0
electropop	indie pop rap	1	7648575.0
dubstep	r&b	1	1957690.0
house	rock	1	1318081.0
chanson	house	1	1318081.0
hip hop	rock	1	1318081.0
chanson	hip hop	1	1318081.0
other	trap	1	3569126.0
metal	rap	1	186706.0
indie	tropical house	1	4383079.0
house	indie	1	4383079.0
electro	indie r&b	1	4887191.0
indie r&b	tropical house	1	4887191.0
house	indie r&b	1	4887191.0
dance pop	rock	1	1232088.0
dance pop	pop rock	1	1232088.0
electropop	indie rock	1	1232088.0
electropop	rock	1	1232088.0
electropop	pop rock	1	1232088.0
indie rock	rap	1	1232088.0
indie rock	pop rap	1	1232088.0
grime	pop rap	1	9207838.0
grime	trap	1	9207838.0
electro	europop	1	19530766.0
europop	tropical house	1	19530766.0
new wave	tropical house	1	188246.0
new wave	pop	1	188246.0
electropop	new wave	1	188246.0
pop	reggae	1	11309397.0
pop	zouglou	1	300357.0
indie pop	techno	1	2006163.0
soul	techno	1	2006163.0
disco house	pop	1	1448129.0
disco house	tropical house	1	1448129.0
dance pop	disco house	1	1448129.0
disco house	electropop	1	1448129.0
house	moombahton	1	457935.0
electro	ninja	1	457935.0
house	ninja	1	457935.0
punk	rock	1	712443.0
new wave	rock	1	712443.0
urban contemporary	urban contemporary	1	192988.0
funk	other	1	364094.0
francoton	trap	1	1064420.0
funk	r&b	1	14229611.0
funk	soul	1	14229611.0
dance	soul	1	14229611.0
dubstep	tropical house	1	18642768.0
hip hop	moombahton	1	3620495.0
electro house	funk	1	3620495.0
funk	moombahton	1	3620495.0
afropop	dance	1	3620495.0
dance	dancehall	1	3620495.0
electropop	latin	1	5734417.0
electropop	reggaeton	1	5734417.0
dance pop	tropical	1	9083504.0
psychedelic rock	rock	1	310521.0
mellow gold	rock	1	310521.0
experimental	folk rock	1	310521.0
pop	psychedelic rock	1	310521.0
experimental	psychedelic rock	1	310521.0
mellow gold	pop	1	310521.0
experimental	mellow gold	1	310521.0
classic rock	pop	1	310521.0
classic rock	experimental	1	310521.0
drill	electro	1	2854956.0
drill	pop	1	2854956.0
dance pop	drill	1	2854956.0
drill	tropical house	1	2854956.0
country pop	electro	1	165568.0
county rock	electro	1	165568.0
country pop	electro house	1	165568.0
county rock	electro house	1	165568.0
country pop	tropical house	1	165568.0
county rock	tropical house	1	165568.0
country	house	1	165568.0
country pop	house	1	165568.0
county rock	house	1	165568.0
electro	indie rock	1	165568.0
electro house	indie rock	1	165568.0
indie rock	tropical house	1	165568.0
house	indie rock	1	165568.0
country	indie rock	1	165568.0
country pop	indie rock	1	165568.0
county rock	indie rock	1	165568.0
other	rai	1	2614807.0
rai	rai	1	2614807.0
adult standards	other	1	253739.0
other	soul	1	253739.0
folk rock	other	1	253739.0
lounge	other	1	253739.0
adult standards	rock	1	253739.0
rock	soul	1	253739.0
lounge	rock	1	253739.0
adult standards	r&b	1	253739.0
folk rock	r&b	1	253739.0
r&b	rock	1	253739.0
lounge	r&b	1	253739.0
adult standards	pop	1	253739.0
lounge	pop	1	253739.0
brazilian funk	rap	1	5999851.0
brazilian funk	trap	1	5999851.0
brazilian funk	electro	1	5999851.0
brazilian funk	tropical	1	5999851.0
brazilian funk	dance pop	1	5999851.0
dancehall	tropical	1	5999851.0
brazilian funk	dancehall	1	5999851.0
indie pop	ninja	1	2787058.0
ninja	tropical house	1	2787058.0
electropop	ninja	1	2787058.0
rap	variete francaise	1	7587717.0
indie r&b	r&b	1	262831.0
indie r&b	soul	1	262831.0
dance	rap	1	870118.0
dance	trap	1	870118.0
azonto	electro	1	240462.0
azonto	electro house	1	240462.0
azonto	tropical house	1	240462.0
azonto	moombahton	1	240462.0
azonto	dance pop	1	240462.0
electropop	other	1	169259.0
grime	pop	1	1594853.0
francoton	variete francaise	1	6723396.0
francoton	urban contemporary	1	5160393.0
dubstep	other	1	8496003.0
electro house	rock	1	8496003.0
dubstep	rock	1	8496003.0
electro house	pop rock	1	8496003.0
dubstep	pop rock	1	8496003.0
dubstep	electro	1	8718095.0
electro	trance	1	8718095.0
dubstep	electro house	1	8718095.0
electro house	trance	1	8718095.0
dubstep	electropop	1	8718095.0
electropop	trance	1	8718095.0
dubstep	house	1	8718095.0
house	trance	1	8718095.0
dubstep	soul	1	8718095.0
soul	trance	1	8718095.0
dubstep	trap	1	8718095.0
trance	trap	1	8718095.0
dubstep	hip hop	1	8718095.0
hip hop	trance	1	8718095.0
indie pop	soul	1	2170876.0
indietronica	r&b	1	2170876.0
indietronica	soul	1	2170876.0
indietronica	pop	1	2170876.0
afropop	grime	1	494085.0
afropop	dancehall	1	494085.0
dancehall	grime	1	494085.0
dancehall	dancehall	1	494085.0
afropop	francoton	1	494085.0
funk	rap	1	1240829.0
azonto	funk	1	1240829.0
house	latin	1	2801731.0
dance	latin	1	2801731.0
house	reggaeton	1	2801731.0
dance	reggaeton	1	2801731.0
chanson	francoton	1	279615.0
francoton	rock	1	279615.0
francoton	indie pop	1	3158080.0
indie	rap	1	3158080.0
francoton	indie	1	3158080.0
hip hop	indie	1	3158080.0
dancehall	zouk riddim	1	6004034.0
rap	zouk riddim	1	2348235.0
hip hop	zouk riddim	1	2348235.0
