source	target	weight	avg_streams
pop rap	rap	193	3295463.2934782607
hip hop	rap	177	3524193.661764706
rap	trap	176	4121208.662650602
dance pop	pop	172	4745565.904761905
pop	pop	171	5379896.9489051085
rap	rap	166	3519700.545454545
pop	post-teen pop	162	5190373.504672897
pop	pop rap	119	3323070.794871795
pop rap	trap	113	3170594.516129032
pop	rap	98	2966701.634920635
hip hop	pop rap	93	3835655.698113208
pop	tropical house	92	4096973.283333333
rap	underground hip hop	87	358301.1
rap	southern hip hop	82	3152056.1372549017
electropop	pop	80	5377529.5625
dance pop	post-teen pop	79	5319084.31372549
melodic rap	rap	76	3439192.5777777783
hip hop	trap	74	3498797.3953488367
pop rap	pop rap	67	4214240.18
edm	pop	66	3378556.047619048
dance pop	tropical house	62	3559964.7619047617
atl hip hop	rap	59	3715618.857142857
melodic rap	trap	57	4571991.292682927
pop	trap	57	2397144.447368421
hip hop	underground hip hop	56	220079.0
dance pop	pop rap	54	3868757.5853658537
melodic rap	pop rap	51	3085535.4358974365
post-teen pop	tropical house	50	3910672.697674419
pop rap	southern hip hop	50	3711090.8857142855
hip hop	hip hop	48	3364917.125
trap	trap	48	2712600.2162162163
dance pop	edm	47	3344425.7741935486
hip hop	pop	47	2946014.0
dance pop	dance pop	46	3567056.578947368
dance pop	rap	44	2714536.733333333
pop	uk pop	39	6480033.84375
pop rap	post-teen pop	39	4510393.454545454
electropop	post-teen pop	38	5862584.125
southern hip hop	trap	38	2730197.0
post-teen pop	post-teen pop	37	6447816.885714286
atl hip hop	pop rap	36	2691755.2413793104
dance pop	electropop	35	5327583.862068965
rap	vapor trap	35	651721.5
underground hip hop	underground hip hop	33	221566.66666666663
hip hop	southern hip hop	33	4316743.944444444
edm	post-teen pop	32	3599844.5185185187
atl hip hop	trap	30	2562455.166666666
underground hip hop	vapor trap	30	221566.66666666663
nc hip hop	rap	29	2155149.0
miami hip hop	rap	29	2826027.916666666
electropop	tropical house	28	4210055.055555556
melodic rap	pop	28	2687726.958333333
edm	tropical house	27	3266339.6875
hip hop	melodic rap	27	3679710.130434783
electro house	pop	27	2858898.9545454546
pop	r&b	26	3982537.05
canadian pop	pop	26	6988091.2272727275
post-teen pop	rap	26	3292086.3157894737
conscious hip hop	rap	25	3391530.4285714286
atl hip hop	hip hop	25	2306209.111111111
atl trap	rap	24	4049676.0
dance pop	trap	24	2156933.45
cali rap	rap	24	2547407.6
pop	uk dance	24	4905139.733333333
hip hop	vapor trap	24	665624.0
pop	southern hip hop	24	1957701.9444444443
alternative r&b	pop	23	8863362.111111112
rap	trap soul	23	3798372.7142857136
trap	underground hip hop	22	491865.2
dance pop	uk pop	21	5400516.4117647065
dance pop	uk dance	21	2585059.75
house	pop	21	4880827.454545454
electropop	electropop	20	7754668.714285715
gangster rap	rap	20	4223676.5
latin	pop	20	1768729.3846153843
dfw rap	rap	20	4382874.9375
pop rap	r&b	20	2894213.2857142864
pop rap	underground hip hop	20	369540.1428571429
dfw rap	trap	19	7754630.705882353
queens hip hop	rap	19	825835.1666666665
melodic rap	southern hip hop	19	2664314.222222222
hip hop	nc hip hop	18	220079.0
tropical house	uk pop	18	4520346.642857143
r&b	rap	18	3352334.533333333
canadian pop	rap	18	5735978.785714285
post-teen pop	uk pop	18	7348357.94117647
nc hip hop	underground hip hop	18	220079.0
post-teen pop	trap	18	2988283.4375
trap soul	underground hip hop	18	199120.0
tropical house	tropical house	17	3259051.1333333333
pop	reggaeton	17	1955430.4545454544
edm	pop rap	17	2029889.25
edm	uk pop	17	4428278.785714285
canadian hip hop	rap	17	5138466.214285715
rap	toronto rap	17	5448578.076923077
atl hip hop	pop	17	1397822.642857143
latin	pop rap	16	1885888.583333333
conscious hip hop	hip hop	16	1422197.4444444443
cali rap	trap	16	2547407.6
atl hip hop	southern hip hop	16	2396119.0625
dance pop	house	16	1391590.375
dance pop	electro house	16	2093044.9230769232
pop rap	tropical house	16	2151580.923076923
edm	electropop	15	3710115.833333334
melodic rap	melodic rap	15	2919954.3076923075
rap	sudanese pop	15	221566.66666666663
atl trap	hip hop	15	2662913.4285714286
atl hip hop	melodic rap	15	5373329.142857143
dance pop	hip hop	15	3990206.222222222
canadian hip hop	pop rap	15	6443188.230769231
canadian pop	pop rap	15	5987290.0
miami hip hop	trap	15	2585905.666666666
pop rap	uk pop	15	4633086.5
canadian hip hop	trap	15	4049275.0
pop rap	reggaeton	14	2114691.6
cali rap	pop rap	14	2547407.6
dfw rap	pop rap	14	4296312.769230769
contemporary country	pop	14	7118883.818181817
hip hop	post-teen pop	14	2705527.9
dirty south rap	rap	14	3374614.5555555555
toronto rap	trap	14	4316753.454545454
latin	rap	13	2269505.333333333
rap	reggaeton	13	2269505.333333333
tropical house	uk dance	13	2225759.75
post-teen pop	uk dance	13	2787861.3
electro house	post-teen pop	13	2980063.583333333
pop rap	toronto rap	13	6359312.8
modern rock	pop	13	5599180.5
rap	uk pop	13	5531796.666666667
cali rap	underground hip hop	13	746516.0
rap	urban contemporary	13	1026476.125
chicago rap	melodic rap	12	2849558.8181818184
australian pop	pop	12	6304385.583333332
hip hop	queens hip hop	12	1441112.4
queens hip hop	underground hip hop	12	221566.66666666663
sudanese pop	underground hip hop	12	221566.66666666663
dance pop	latin	12	1531668.2
cali rap	hip hop	12	2362696.8571428573
big room	pop	12	1760619.0
chicago rap	pop rap	12	2201657.636363636
pop	trap soul	12	2076576.0
miami hip hop	pop rap	12	2451517.333333333
chicago rap	trap	12	3145789.8181818184
hip hop	miami hip hop	12	3507534.8
miami hip hop	underground hip hop	12	199120.0
house	uk dance	11	3291370.7142857136
edm	uk dance	11	2360835.0
big room	dance pop	11	1659414.375
hip hop	r&b	11	4018023.625
emo rap	rap	11	3519879.4444444445
emo rap	trap	11	3531560.571428572
pop rap	urban contemporary	11	1846393.625
hip hop	sudanese pop	10	221566.66666666663
dance pop	reggaeton	10	1729116.875
edm	rap	10	1672881.333333333
edm	edm	10	2526989.125
house	tropical house	10	1309689.7142857143
chicago rap	pop	10	3581855.125
melodic rap	post-teen pop	10	2033050.6
canadian pop	dance pop	10	7966003.1
canadian hip hop	pop	10	2733840.5
r&b	trap	10	1655165.125
conscious hip hop	underground hip hop	10	225318.75
pop	pop edm	10	3761444.666666666
chicago rap	rap	10	3055234.666666666
pop rap	trap latino	10	2868051.7142857136
rap	trap latino	10	3276295.833333333
post-teen pop	southern hip hop	10	2522479.222222222
dance pop	melodic rap	10	1895837.3
pop	urban contemporary	10	3278292.2
alternative r&b	rap	10	2282501.0
canadian pop	trap	10	5053926.222222222
dirty south rap	pop rap	10	4044631.0
hip hop	trap soul	10	754018.5
trap soul	vapor trap	10	199120.0
latin	post-teen pop	10	1608195.333333333
canadian pop	tropical house	9	3619821.666666666
detroit hip hop	pop rap	9	2267201.0
detroit hip hop	rap	9	2267201.0
gangster rap	pop rap	9	4850307.444444444
atl trap	pop rap	9	2157972.333333333
house	post-teen pop	9	2767307.0
edm	house	9	1322486.166666667
pop	viral pop	9	8237998.777777777
conscious hip hop	pop rap	9	4855175.5
conscious hip hop	trap	9	4215736.375
pop rap	vapor trap	9	3198489.571428572
atl hip hop	post-teen pop	9	1800341.888888889
electropop	pop rap	9	6503134.25
post-teen pop	r&b	9	6393463.625
pop	pop rock	9	7022191.666666668
indie poptimism	pop	9	10612313.285714284
alternative r&b	pop rap	9	7630492.0
dance pop	r&b	8	3761413.2857142864
detroit hip hop	hip hop	8	2267201.0
electro house	uk pop	8	3975572.125
edm	electro house	8	2112648.8571428573
electro house	tropical house	8	2112648.8571428573
post-teen pop	viral pop	8	9241195.375
pop	toronto rap	8	3194401.125
contemporary country	post-teen pop	8	5730525.25
dance pop	pop edm	8	4572035.6
rap	rock	8	2089881.6
atl hip hop	dance pop	8	1330538.375
pop rap	reggaeton flow	8	3048736.4
pop rap	trap soul	8	2612244.2
canadian pop	hip hop	8	7837506.333333332
hip hop	toronto rap	8	5309711.875
melodic rap	underground hip hop	8	746516.0
brostep	pop	8	5421753.0
alternative r&b	hip hop	8	2058303.5
pop	trap latino	8	2122806.5
moombahton	pop	8	7237080.25
boy band	electropop	7	3670409.2857142864
boy band	pop	7	3670409.2857142864
latin	trap	7	1990238.5
reggaeton	trap	7	1990238.5
canadian pop	electropop	7	3799394.25
g funk	hip hop	7	2512104.833333333
g funk	rap	7	2512104.833333333
gangster rap	trap	7	1798243.2857142857
atl hip hop	dfw rap	7	7723889.571428573
dfw rap	southern hip hop	7	3238596.2857142864
dfw rap	pop	7	3023474.1428571427
australian pop	australian pop	7	5587691.714285715
conscious hip hop	melodic rap	7	4825387.142857143
nc hip hop	pop rap	7	2973501.0
nc hip hop	trap	7	2515312.833333333
alternative r&b	electropop	7	11831897.833333336
atl hip hop	underground hip hop	7	322098.0
queens hip hop	trap	7	1075219.5
southern hip hop	underground hip hop	7	586497.3333333335
nc hip hop	vapor trap	7	214796.75
emo rap	melodic rap	7	3946491.2
melodic rap	miami hip hop	7	554143.8
conscious hip hop	pop	7	5506759.0
rap	reggaeton flow	7	3724552.666666666
uk dance	uk pop	7	3738205.857142857
dance pop	southern hip hop	7	1821123.0
hip hop	urban contemporary	7	2044674.6
trap	urban contemporary	7	1773037.333333333
canadian hip hop	hip hop	7	5989220.285714285
canadian hip hop	southern hip hop	7	6313736.571428573
dirty south rap	hip hop	7	4851550.0
southern hip hop	toronto rap	7	6313736.571428573
alternative r&b	dance pop	7	8031600.285714285
cali rap	melodic rap	7	537140.8
pop	progressive house	7	3976659.333333334
australian hip hop	australian pop	7	5610939.2
australian indie	australian pop	7	7012772.666666668
alternative r&b	trap	7	1846024.0
trap	trap soul	7	754018.5
trap	vapor trap	7	390664.5
cali rap	vapor trap	7	199120.0
electro house	rap	7	2048361.0
post-teen pop	reggaeton	7	2041356.25
complextro	pop	7	3418776.8571428573
boy band	tropical house	6	3424904.0
r&b	tropical house	6	3878185.166666666
electropop	melodic dubstep	6	3335483.333333333
melodic dubstep	pop	6	3335483.333333333
g funk	pop rap	6	2512104.833333333
australian pop	post-teen pop	6	8511952.333333334
edm	trap	6	3949567.0
pop	uk hip hop	6	846855.3333333335
country	pop rap	6	12505487.0
atl trap	trap	6	874012.2
philly rap	rap	6	5700283.25
dfw rap	hip hop	6	4394052.333333333
southern hip hop	southern hip hop	6	4888334.333333333
big room	uk dance	6	1074471.75
electro house	uk dance	6	1074471.75
big room	edm	6	1164185.6
filter house	pop	6	839771.5
big room	tropical house	6	1164185.6
canadian hip hop	dance pop	6	4730557.333333333
atl hip hop	conscious hip hop	6	2705099.833333333
gangster rap	hip hop	6	6096311.166666668
melodic rap	nc hip hop	6	3114925.5
melodic rap	vapor trap	6	1499568.5
queens hip hop	vapor trap	6	221566.66666666663
sudanese pop	vapor trap	6	221566.66666666663
atl trap	underground hip hop	6	232790.0
emo rap	pop rap	6	3486380.0
canadian contemporary r&b	pop	6	3992814.2
canadian contemporary r&b	rap	6	2239859.0
afro dancehall	pop	6	1206825.8
nigerian hip hop	pop	6	1206825.8
nigerian pop	pop	6	1206825.8
edm	pop edm	6	5445520.5
pop edm	post-teen pop	6	4236608.0
pop edm	tropical house	6	5445520.5
emo	pop	6	4302222.0
hip hop	uk pop	6	4768523.2
trap	uk pop	6	7122616.8
dance pop	viral pop	6	8515490.333333334
electropop	trap	6	5349907.5
canadian pop	southern hip hop	6	7291162.833333332
country road	pop	6	8724655.4
alternative r&b	post-teen pop	6	10196158.2
indietronica	pop	6	7241225.4
metropopolis	pop	6	13594200.666666664
pop	progressive electro house	6	7091603.0
dirty south rap	trap	6	1544688.4
chicago rap	southern hip hop	6	672084.1666666665
chicago rap	hip hop	6	722063.2
alternative r&b	trap soul	6	790601.0
melodic rap	trap soul	6	4518956.5
alternative r&b	underground hip hop	6	199120.0
meme rap	underground hip hop	6	199120.0
miami hip hop	trap soul	6	199120.0
vapor trap	vapor trap	6	199120.0
miami hip hop	vapor trap	6	199120.0
pop	tropical	6	2000244.75
pop	queens hip hop	6	2499023.75
contemporary country	dance pop	6	6364730.8
german techno	pop	6	3845424.666666666
bmore	pop	6	7237080.25
ninja	pop	6	7237080.25
edm	r&b	5	4312666.4
canadian pop	edm	5	4221393.0
nz pop	pop	5	5443006.2
edm	latin	5	1455723.0
uk hip hop	uk pop	5	976337.0
pop house	uk dance	5	12672977.666666664
cali rap	southern hip hop	5	3009169.2
pop edm	uk pop	5	4571609.25
dance pop	disco house	5	520756.66666666674
dance pop	filter house	5	520756.66666666674
dance pop	vocal house	5	520756.66666666674
disco house	pop	5	520756.66666666674
pop	vocal house	5	520756.66666666674
big room	post-teen pop	5	2075867.2
chicago rap	post-teen pop	5	2036273.2
electropop	melodic rap	5	2192798.4
australian pop	nz pop	5	3364171.0
dance pop	toronto rap	5	5455266.4
atl hip hop	nc hip hop	5	2978551.4
alternative r&b	tropical house	5	9720354.25
pop rap	queens hip hop	5	1170821.0
hip pop	rap	5	716959.25
electro house	pop edm	5	5445520.5
melodic rap	uk pop	5	4970761.8
canadian pop	post-teen pop	5	10078067.8
modern rock	pop rap	5	1891077.8
edm	modern rock	5	1606601.2
modern rock	tropical house	5	1606601.2
pop	rock	5	1971190.25
reggaeton flow	trap	5	3724552.666666666
trap	trap latino	5	3724552.666666666
dance pop	neo soul	5	4673105.666666667
neo soul	pop	5	4673105.666666667
neo soul	tropical house	5	4673105.666666667
pop	uk contemporary r&b	5	1348635.0
uk contemporary r&b	uk pop	5	1348635.0
indie poptimism	pop rap	5	8302694.0
electropop	rap	5	2842827.666666666
pop	social media pop	5	3056081.75
art pop	pop	5	2870417.666666666
pop rap	rock	5	1194735.5
modern alternative rock	pop	5	4434422.333333333
dirty south rap	pop	5	2001308.4
miami hip hop	pop	5	2001308.4
electropop	indie poptimism	5	10438320.4
meme rap	rap	5	199120.0
brostep	rap	5	1674522.666666667
post-teen pop	tropical	5	1623330.0
latin	reggaeton	5	2732416.0
hip pop	pop	5	2491272.333333333
country	dance pop	5	4997271.75
country	pop	5	4997271.75
bmore	dance pop	5	7237080.25
dance pop	moombahton	5	7237080.25
dance pop	ninja	5	7237080.25
trap	tropical house	5	5621290.25
house	uk pop	5	3453565.8
rap	tropical house	5	2158032.5
dmv rap	hip hop	4	2640165.0
dmv rap	rap	4	2640165.0
australian pop	dance pop	4	7058773.25
edm	reggaeton	4	1553363.75
electronic trap	latin	4	1553363.75
electronic trap	reggaeton	4	1553363.75
electronic trap	pop rap	4	1553363.75
electronic trap	rap	4	1553363.75
grime	pop	4	1082123.75
grime	uk pop	4	1082123.75
country	country rap	4	12505487.0
country	lgbtq+ hip hop	4	12505487.0
country road	pop rap	4	12505487.0
atl trap	melodic rap	4	6700077.75
atl hip hop	cali rap	4	3548994.0
big room	house	4	1618800.75
electro house	house	4	1618800.75
disco house	uk dance	4	650454.0
filter house	uk dance	4	650454.0
uk dance	vocal house	4	650454.0
atl trap	conscious hip hop	4	3674567.5
atl trap	nc hip hop	4	3674567.5
outlaw country	pop	4	504046.0
edm	trap soul	4	1665776.75
sudanese pop	trap	4	221566.66666666663
atl hip hop	atl trap	4	231438.66666666663
conscious hip hop	southern hip hop	4	499477.25
canadian contemporary r&b	pop rap	4	2239859.0
pop	soundtrack	4	1506714.5
rap	soundtrack	4	1506714.5
dancehall	pop	4	1406400.25
album rock	rap	4	3083607.0
birmingham metal	rap	4	3083607.0
hard rock	rap	4	3083607.0
metal	rap	4	3083607.0
dfw rap	melodic rap	4	8010573.75
dance pop	modern rock	4	4833787.75
baroque pop	pop	4	5819956.0
hip hop	trap latino	4	3007348.0
pop rap	uk dance	4	1423318.5
neo soul	uk pop	4	1700347.5
dance pop	uk contemporary r&b	4	1700347.5
tropical house	uk contemporary r&b	4	1700347.5
electropop	southern hip hop	4	1495756.0
dance pop	dfw rap	4	1690479.5
etherpop	rap	4	1390744.5
indie poptimism	rap	4	1390744.5
post-teen pop	trap soul	4	3314740.75
r&b	southern hip hop	4	2777459.333333333
neo mellow	pop	4	3038923.25
dance pop	pop rock	4	1514405.75
detroit hip hop	pop	4	2174969.0
australian electropop	australian indie	4	4379221.25
australian electropop	australian pop	4	4379221.25
art pop	dance pop	4	3419710.0
art pop	post-teen pop	4	3419710.0
contemporary country	tropical house	4	7044845.0
alternative r&b	r&b	4	2173403.333333333
brostep	pop rap	4	1044217.6666666664
australian hip hop	australian indie	4	9287856.5
atl hip hop	miami hip hop	4	4253917.75
chicago rap	dance pop	4	2091192.0
queens hip hop	trap soul	4	2108852.0
alternative r&b	vapor trap	4	199120.0
cali rap	trap soul	4	199120.0
cali rap	miami hip hop	4	199120.0
latin hip hop	pop	4	2331763.0
latin pop	pop	4	1643153.333333333
pop	puerto rican pop	4	1754149.0
latin pop	post-teen pop	4	1643153.333333333
pop	swedish pop	4	2426852.0
swedish pop	tropical house	4	2426852.0
gangster rap	pop	4	1972188.0
brostep	dance pop	4	947873.0
k-pop	pop	4	2610971.5
australian pop	edm	4	5116277.25
pop	reggaeton flow	4	2400337.666666666
country	post-teen pop	4	4997271.75
electropop	uk pop	4	8726618.75
indie poptimism	tropical house	4	4295091.0
r&b	uk pop	4	7449997.0
complextro	post-teen pop	4	2305754.25
german techno	post-teen pop	4	2305754.25
afropop	pop rap	4	741070.3333333335
afropop	rap	4	741070.3333333335
melodic rap	r&b	4	3890089.0
dance pop	talent show	4	1866457.75
pop	talent show	4	1866457.75
tropical house	viral pop	4	3163168.25
etherpop	pop	4	16989044.666666668
country road	dance pop	4	6524760.333333332
dance pop	trap latino	4	1573237.333333333
big room	rap	4	3217987.0
big room	r&b	3	5748047.333333332
canadian pop	melodic dubstep	3	3335483.333333333
dance pop	melodic dubstep	3	3335483.333333333
melodic dubstep	post-teen pop	3	3335483.333333333
melodic dubstep	tropical house	3	3335483.333333333
conscious hip hop	detroit hip hop	3	2644411.333333333
detroit hip hop	dmv rap	3	2644411.333333333
conscious hip hop	g funk	3	2644411.333333333
dmv rap	g funk	3	2644411.333333333
dance pop	nz pop	3	6318967.333333332
nz pop	post-teen pop	3	6318967.333333332
british indie rock	rap rock	3	3233092.0
modern alternative rock	rap rock	3	3233092.0
modern rock	rap rock	3	3233092.0
rap rock	rock	3	3233092.0
electronic trap	trap	3	972673.3333333336
country rap	country road	3	12505487.0
country road	lgbtq+ hip hop	3	12505487.0
atl trap	southern hip hop	3	1314041.333333333
philly rap	trap	3	1088549.0
atl trap	dfw rap	3	8857191.666666666
melodic rap	philly rap	3	1088549.0
uk dance	uk dance	3	3391831.0
disco house	edm	3	520756.66666666674
edm	filter house	3	520756.66666666674
edm	vocal house	3	520756.66666666674
house	house	3	1085738.666666667
disco house	tropical house	3	520756.66666666674
filter house	tropical house	3	520756.66666666674
tropical house	vocal house	3	520756.66666666674
chicago rap	electropop	3	2727501.0
canadian hip hop	r&b	3	7202847.333333332
canadian pop	r&b	3	9014712.333333334
r&b	toronto rap	3	7202847.333333332
pop	underground hip hop	3	395930.33333333326
nc hip hop	queens hip hop	3	221566.66666666663
nc hip hop	sudanese pop	3	221566.66666666663
pop rap	sudanese pop	3	221566.66666666663
queens hip hop	southern hip hop	3	1494721.333333333
conscious hip hop	vapor trap	3	220022.33333333328
nc hip hop	southern hip hop	3	220022.33333333328
hip pop	trap	3	1928872.333333333
atl hip hop	r&b	3	898792.6666666665
modern rock	post-teen pop	3	5983174.333333332
chicago rap	uk pop	3	7882793.0
big room	pop rap	3	2203215.666666666
pop rap	progressive house	3	2273628.0
hip hop	reggaeton flow	3	3724552.666666666
reggaeton flow	southern hip hop	3	3724552.666666666
southern hip hop	trap latino	3	3724552.666666666
edm	neo soul	3	4673105.666666667
neo soul	uk dance	3	4673105.666666667
dance pop	uk funky	3	1521839.0
pop	uk funky	3	1521839.0
post-teen pop	uk funky	3	1521839.0
uk pop	uk pop	3	1849511.666666667
pop rap	uk funky	3	1344270.333333333
etherpop	pop rap	3	13198421.666666664
indie poptimism	southern hip hop	3	1495756.0
indie poptimism	trap	3	1495756.0
r&b	urban contemporary	3	2777459.333333333
southern hip hop	urban contemporary	3	2777459.333333333
canadian pop	uk pop	3	15450355.333333336
social media pop	tropical house	3	3930233.666666666
dance pop	neo mellow	3	1557331.666666667
electropop	pop rock	3	3050465.333333333
canadian pop	dirty south rap	3	6547905.666666668
art pop	pop rap	3	2346898.666666666
british indie rock	pop rap	3	1295471.0
modern alternative rock	pop rap	3	1295471.0
contemporary country	edm	3	6588285.333333332
contemporary country	electropop	3	7518846.333333332
indie pop rap	pop rap	3	786969.0
edm	europop	3	3912705.0
europop	tropical house	3	3912705.0
canadian hip hop	melodic rap	3	1569739.333333333
melodic rap	toronto rap	3	1569739.333333333
conscious hip hop	nc hip hop	3	217847.5
nc hip hop	nc hip hop	3	241208.0
british indie rock	pop	3	3403179.5
pop rap	progressive electro house	3	1045991.0
alternative r&b	edm	3	2637161.0
australian hip hop	australian hip hop	3	7584589.666666668
atl hip hop	dirty south rap	3	1036469.6666666664
electropop	viral pop	3	3522904.333333333
canadian pop	latin	3	534298.5
chicago rap	hip pop	3	586941.6666666665
alternative r&b	melodic rap	3	2135304.333333333
sudanese pop	trap soul	3	199120.0
hip hop	meme rap	3	199120.0
trap soul	trap soul	3	199120.0
nc hip hop	trap soul	3	199120.0
meme rap	trap soul	3	199120.0
meme rap	vapor trap	3	199120.0
canadian pop	electro house	3	4827475.0
dance pop	modern alternative rock	3	6403259.5
latin	latin	3	2732416.0
latin hip hop	post-teen pop	3	1932150.0
latin	tropical	3	1932150.0
east coast hip hop	rap	3	4440910.0
instrumental grime	rap	3	5457278.5
instrumental grime	trap	3	5457278.5
edm	swedish pop	3	1052607.0
dance pop	swedish pop	3	245167.0
dance pop	progressive electro house	3	2766618.666666666
dance pop	k-pop	3	2644051.0
australian pop	electropop	3	3897745.0
australian indie	edm	3	5926097.333333332
post-teen pop	reggaeton flow	3	2035012.0
latin hip hop	pop rap	3	3391213.0
pop rap	tropical	3	3391213.0
atl hip hop	chicago rap	3	651506.0
dance pop	hip pop	3	1727616.5
dance pop	queens hip hop	3	1727616.5
hip pop	post-teen pop	3	1727616.5
post-teen pop	queens hip hop	3	1727616.5
aussietronica	australian pop	3	3278684.5
latin hip hop	rap	3	3130989.0
perreo	rap	3	3130989.0
rap	tropical	3	3130989.0
edm	urban contemporary	3	6137608.333333332
tropical house	urban contemporary	3	6137608.333333332
bmore	post-teen pop	3	8493247.666666666
edm	metropopolis	3	7564952.666666668
moombahton	post-teen pop	3	8493247.666666666
moombahton	tropical house	3	10190470.0
ninja	post-teen pop	3	8493247.666666666
electro house	electropop	3	3660859.333333334
indie poptimism	post-teen pop	3	13302278.666666664
edm	pop rock	3	2429884.333333333
pop rock	tropical house	3	2429884.333333333
pop	trap queen	3	5393305.5
k-pop	post-teen pop	3	2870613.333333333
k-pop boy group	pop	3	2870613.333333333
k-pop boy group	post-teen pop	3	2870613.333333333
edm	moombahton	3	3422123.0
pop	video game music	3	3468578.0
dance pop	trap soul	3	3228791.333333333
trap soul	tropical house	3	2457856.333333333
canadian hip hop	electro house	3	2833895.0
electro house	toronto rap	3	2833895.0
electro house	trap soul	3	2833895.0
complextro	dance pop	3	1903271.666666667
dance pop	german techno	3	1903271.666666667
afropop	pop	3	795547.5
afropop	hip hop	3	907341.5
electropop	hip hop	3	3726386.5
social media pop	trap	3	1501225.5
melodic rap	urban contemporary	3	864464.3333333335
post-teen pop	talent show	3	1974994.0
talent show	tropical house	3	1588928.333333333
brostep	tropical house	3	624192.5
electro house	pop rap	3	1935260.333333333
brostep	uk pop	3	702425.0
post-teen pop	progressive house	3	8075296.0
alternative r&b	southern hip hop	3	1143550.0
dirty south rap	melodic rap	3	1972179.666666667
australian pop	tropical house	3	4181889.333333334
miami hip hop	southern hip hop	3	5333570.666666667
new orleans rap	pop rap	3	797778.0
new orleans rap	rap	3	797778.0
house	rap	3	2234947.5
country road	post-teen pop	3	6524760.333333332
atl hip hop	gangster rap	3	675374.0
melodic rap	tropical house	3	3340035.666666666
florida rap	rap	3	7601467.0
emo rap	miami hip hop	3	4020869.0
post-teen pop	trap latino	3	1573237.333333333
country pop	dance pop	3	9602771.0
dance pop	modern country rock	3	9602771.0
country pop	pop	3	9602771.0
modern country rock	pop	3	9602771.0
atl hip hop	philly rap	2	1322726.0
atl trap	philly rap	2	1322726.0
dfw rap	philly rap	2	1322726.0
disco house	house	2	650454.0
filter house	house	2	650454.0
house	vocal house	2	650454.0
disco house	post-teen pop	2	650454.0
filter house	post-teen pop	2	650454.0
post-teen pop	vocal house	2	650454.0
alternative r&b	uk pop	2	15352493.5
australian pop	nz reggae	2	4129064.5
nz pop	nz pop	2	4129064.5
nz pop	nz reggae	2	4129064.5
nz reggae	pop	2	4129064.5
conscious hip hop	gangster rap	2	7116345.0
gangster rap	nc hip hop	2	7116345.0
alternative r&b	house	2	16803547.5
alternative r&b	uk dance	2	16803547.5
florida rap	melodic rap	2	2608472.5
outlaw country	post-teen pop	2	504046.0
contemporary country	uk pop	2	504046.0
outlaw country	uk pop	2	504046.0
australian dance	trap soul	2	497658.5
australian dance	underground hip hop	2	497658.5
australian electropop	trap soul	2	497658.5
australian electropop	underground hip hop	2	497658.5
australian indie	trap soul	2	497658.5
australian indie	underground hip hop	2	497658.5
downtempo	trap soul	2	497658.5
downtempo	underground hip hop	2	497658.5
edm	underground hip hop	2	497658.5
atl hip hop	queens hip hop	2	232790.0
atl hip hop	sudanese pop	2	232790.0
conscious hip hop	queens hip hop	2	232790.0
conscious hip hop	sudanese pop	2	232790.0
atl trap	queens hip hop	2	232790.0
atl trap	sudanese pop	2	232790.0
southern hip hop	sudanese pop	2	232790.0
atl hip hop	vapor trap	2	232790.0
dance pop	emo rap	2	884016.5
emo rap	hip pop	2	884016.5
emo rap	pop	2	884016.5
emo rap	post-teen pop	2	884016.5
emo rap	queens hip hop	2	884016.5
pop rap	soundtrack	2	1506714.5
canadian contemporary r&b	soundtrack	2	1506714.5
canadian pop	soundtrack	2	1506714.5
afro dancehall	uk pop	2	1138092.0
dancehall	uk pop	2	1138092.0
nigerian hip hop	uk pop	2	1138092.0
nigerian pop	uk pop	2	1138092.0
afro dancehall	grime	2	1138092.0
afro dancehall	uk hip hop	2	1138092.0
dancehall	grime	2	1138092.0
dancehall	uk hip hop	2	1138092.0
grime	nigerian hip hop	2	1138092.0
nigerian hip hop	uk hip hop	2	1138092.0
grime	nigerian pop	2	1138092.0
nigerian pop	uk hip hop	2	1138092.0
aussietronica	uk dance	2	4933561.5
australian pop	uk dance	2	4933561.5
gauze pop	uk dance	2	4933561.5
complextro	pop edm	2	6532529.5
german techno	pop edm	2	6532529.5
album rock	dfw rap	2	3083607.0
album rock	melodic rap	2	3083607.0
birmingham metal	dfw rap	2	3083607.0
birmingham metal	melodic rap	2	3083607.0
dfw rap	hard rock	2	3083607.0
hard rock	melodic rap	2	3083607.0
dfw rap	metal	2	3083607.0
melodic rap	metal	2	3083607.0
dfw rap	rock	2	3083607.0
melodic rap	rock	2	3083607.0
afro dancehall	uk contemporary r&b	2	1674708.5
dancehall	uk contemporary r&b	2	1674708.5
nigerian hip hop	uk contemporary r&b	2	1674708.5
nigerian pop	uk contemporary r&b	2	1674708.5
baroque pop	dance pop	2	5819956.0
baroque pop	post-teen pop	2	5819956.0
dance pop	emo	2	5819956.0
emo	post-teen pop	2	5819956.0
conscious hip hop	uk pop	2	8747646.0
dark trap	pop rap	2	9530653.5
emo	pop rap	2	2784488.0
pop punk	pop rap	2	2784488.0
big room	emo	2	2784488.0
edm	emo	2	2784488.0
emo	progressive house	2	2784488.0
emo	tropical house	2	2784488.0
big room	modern rock	2	2784488.0
modern rock	progressive house	2	2784488.0
big room	pop punk	2	2784488.0
edm	pop punk	2	2784488.0
pop	pop punk	2	2784488.0
pop punk	progressive house	2	2784488.0
pop punk	tropical house	2	2784488.0
edm	rock	2	539201.0
rock	tropical house	2	539201.0
cali rap	reggaeton flow	2	4021334.5
gangster rap	reggaeton flow	2	4021334.5
cali rap	trap latino	2	4021334.5
gangster rap	trap latino	2	4021334.5
neo soul	post-teen pop	2	1700347.5
post-teen pop	uk contemporary r&b	2	1700347.5
neo soul	pop rap	2	1700347.5
pop rap	uk contemporary r&b	2	1700347.5
liquid funk	neo soul	2	1700347.5
neo soul	uk funky	2	1700347.5
edm	uk contemporary r&b	2	1700347.5
liquid funk	uk contemporary r&b	2	1700347.5
uk contemporary r&b	uk dance	2	1700347.5
uk contemporary r&b	uk funky	2	1700347.5
dance pop	liquid funk	2	1700347.5
liquid funk	pop	2	1700347.5
liquid funk	post-teen pop	2	1700347.5
liquid funk	tropical house	2	1700347.5
tropical house	uk funky	2	1700347.5
liquid funk	uk pop	2	1700347.5
uk funky	uk pop	2	1700347.5
liquid funk	pop rap	2	1700347.5
chicago rap	nyc rap	2	2880730.0
atl hip hop	electropop	2	1390744.5
atl hip hop	etherpop	2	1390744.5
atl hip hop	indie poptimism	2	1390744.5
etherpop	southern hip hop	2	1390744.5
etherpop	trap	2	1390744.5
dfw rap	electropop	2	1390744.5
dfw rap	etherpop	2	1390744.5
etherpop	melodic rap	2	1390744.5
dfw rap	indie poptimism	2	1390744.5
indie poptimism	melodic rap	2	1390744.5
dfw rap	post-teen pop	2	1390744.5
r&b	r&b	2	3767300.0
r&b	trap soul	2	3767300.0
trap soul	urban contemporary	2	3767300.0
dfw rap	nc hip hop	2	2031628.0
alternative r&b	chicago rap	2	771049.5
dance pop	social media pop	2	5042461.0
edm	social media pop	2	5042461.0
social media pop	uk dance	2	5042461.0
dance pop	teen pop	2	5042461.0
edm	teen pop	2	5042461.0
pop	teen pop	2	5042461.0
teen pop	tropical house	2	5042461.0
teen pop	uk dance	2	5042461.0
electropop	neo mellow	2	1979841.5
neo mellow	post-teen pop	2	1979841.5
pop rock	post-teen pop	2	1979841.5
g funk	pop	2	2863564.5
detroit hip hop	uk pop	2	2863564.5
g funk	uk pop	2	2863564.5
canadian hip hop	dirty south rap	2	9152937.5
canadian hip hop	gangster rap	2	9152937.5
canadian pop	gangster rap	2	9152937.5
dirty south rap	toronto rap	2	9152937.5
gangster rap	toronto rap	2	9152937.5
aussietronica	australian electropop	2	1414709.5
australian electropop	brisbane indie	2	1414709.5
pop rap	rap rock	2	1694832.5
rap	rap rock	2	1694832.5
british indie rock	rap	2	1694832.5
modern alternative rock	rap	2	1694832.5
modern rock	rap	2	1694832.5
country road	edm	2	3965144.5
country road	electropop	2	7071007.5
country road	tropical house	2	3965144.5
hip hop	indietronica	2	953527.5
indietronica	pop rap	2	953527.5
indietronica	southern hip hop	2	953527.5
indietronica	trap	2	953527.5
art pop	rap	2	201276.0
indie r&b	rap	2	201276.0
indietronica	rap	2	201276.0
rap	uk alternative pop	2	201276.0
gangster rap	melodic rap	2	12221761.0
indie pop rap	rap	2	1361512.0
indie pop rap	trap	2	1361512.0
edm	eurodance	2	5746474.0
eurodance	tropical house	2	5746474.0
big room	europop	2	531822.5
dance pop	europop	2	531822.5
europop	pop	2	531822.5
atl hip hop	canadian hip hop	2	745615.5
atl hip hop	toronto rap	2	745615.5
indie pop	pop	2	10753796.0
brostep	metropopolis	2	24796077.5
metropopolis	progressive electro house	2	24796077.5
pop	shimmer pop	2	10925730.0
country rap	pop rap	2	1247670.0
lgbtq+ hip hop	pop rap	2	1247670.0
country rap	rap	2	1247670.0
lgbtq+ hip hop	rap	2	1247670.0
brostep	modern rock	2	15004638.0
modern alternative rock	progressive electro house	2	3496828.0
modern rock	progressive electro house	2	15004638.0
australian hip hop	beatboxing	2	5683634.0
australian pop	beatboxing	2	5683634.0
contemporary country	progressive electro house	2	14556261.5
country road	progressive electro house	2	14556261.5
atl hip hop	urban contemporary	2	906368.5
pop rap	viral pop	2	313736.0
hip hop	latin	2	1993361.5
canadian pop	reggaeton	2	534298.5
hip hop	reggaeton	2	1993361.5
australian pop	australian trap	2	9307355.0
chicago rap	r&b	2	595500.5
chicago rap	urban contemporary	2	775330.0
rap	west coast rap	2	2235345.5
cali rap	cali rap	2	912751.5
miami hip hop	miami hip hop	2	2494193.5
cali rap	queens hip hop	2	199120.0
cali rap	sudanese pop	2	199120.0
miami hip hop	queens hip hop	2	199120.0
miami hip hop	sudanese pop	2	199120.0
cali rap	nc hip hop	2	199120.0
alternative r&b	miami hip hop	2	199120.0
cali rap	meme rap	2	199120.0
miami hip hop	nc hip hop	2	199120.0
complextro	rap	2	1861774.5
chicago rap	emo rap	2	3478995.5
chicago rap	miami hip hop	2	3817406.0
country rap	k-pop	2	353431.0
k-pop	lgbtq+ hip hop	2	353431.0
k-pop	pop rap	2	353431.0
canadian contemporary r&b	electro house	2	6517797.0
modern alternative rock	post-teen pop	2	6403259.5
latin	latin pop	2	1932150.0
latin	latin hip hop	2	1932150.0
latin pop	reggaeton	2	1932150.0
reggaeton	tropical	2	1932150.0
post-teen pop	puerto rican pop	2	1754149.0
canadian pop	tropical	2	212863.0
hip hop	instrumental grime	2	5457278.5
grime	pop rap	2	5101560.0
instrumental grime	pop rap	2	5457278.5
grime	rap	2	5101560.0
instrumental grime	southern hip hop	2	5457278.5
grime	trap	2	5101560.0
cali rap	gangster rap	2	1071891.0
electropop	swedish pop	2	2710254.5
big room	swedish pop	2	245167.0
cali rap	pop	2	1626383.0
brostep	trap	2	2406610.5
progressive electro house	rap	2	1595234.0
australian hip hop	pop	2	6527653.5
australian indie	pop	2	6527653.5
australian electropop	australian hip hop	2	7343733.0
australian indie	australian indie	2	7343733.0
australian indie	indietronica	2	7343733.0
australian hip hop	edm	2	7343733.0
edm	indietronica	2	6324444.0
reggaeton	reggaeton	2	3992192.5
dance pop	latin pop	2	2358298.5
dance pop	reggaeton flow	2	2035012.0
dance pop	tropical	2	2328563.5
latin pop	pop rap	2	2358298.5
electropop	latin	2	3651437.0
electropop	reggaeton	2	3651437.0
pop	pop reggaeton	2	3651437.0
pop reggaeton	post-teen pop	2	3651437.0
hip pop	r&b	2	2387385.5
queens hip hop	r&b	2	2387385.5
canadian hip hop	emo rap	2	1329239.5
aussietronica	australian indie	2	3278684.5
perreo	pop rap	2	3130989.0
pop rap	pop rock	2	7477081.5
pop rock	rap	2	7477081.5
contemporary country	electro house	2	9165737.5
dance pop	disney	2	204894.0
disney	pop	2	204894.0
disney	post-teen pop	2	204894.0
disney	r&b	2	204894.0
atl hip hop	disney	2	204894.0
disney	hip hop	2	204894.0
disney	pop rap	2	204894.0
disney	rap	2	204894.0
bmore	tropical house	2	10190470.0
bmore	uk pop	2	10144015.0
electropop	metropopolis	2	13095276.5
electropop	moombahton	2	10190470.0
moombahton	uk pop	2	10144015.0
ninja	tropical house	2	10190470.0
ninja	uk pop	2	10144015.0
metropopolis	tropical house	2	9148995.0
dance pop	indie poptimism	2	1546530.0
edm	indie poptimism	2	1546530.0
pop	vapor soul	2	1893398.5
baile pop	dance pop	2	1065160.0
baile pop	pop	2	1065160.0
dance pop	funk carioca	2	1065160.0
funk carioca	pop	2	1065160.0
dance pop	funk das antigas	2	1065160.0
funk das antigas	pop	2	1065160.0
dance pop	pagode baiano	2	1065160.0
pagode baiano	pop	2	1065160.0
canadian contemporary r&b	dance pop	2	5601824.0
canadian contemporary r&b	post-teen pop	2	5601824.0
electro house	pop rock	2	1048970.0
dance pop	trap queen	2	5393305.5
escape room	pop	2	4269930.0
post-teen pop	trap queen	2	5393305.5
electropop	k-pop	2	3050053.5
dance pop	k-pop boy group	2	3050053.5
electropop	k-pop boy group	2	3050053.5
bmore	edm	2	3422123.0
edm	ninja	2	3422123.0
indietronica	tropical house	2	1566872.0
edm	video game music	2	3468578.0
moombahton	video game music	2	3468578.0
tropical house	video game music	2	3468578.0
alternative r&b	moombahton	2	3468578.0
dance pop	deep pop r&b	2	2636070.5
canadian hip hop	edm	2	2833895.0
edm	toronto rap	2	2833895.0
deep pop r&b	pop	2	2636070.5
canadian hip hop	tropical house	2	2833895.0
toronto rap	tropical house	2	2833895.0
glam rock	rock	2	6967920.0
east coast hip hop	pop	2	1852422.5
afropop	dance pop	2	795547.5
afropop	post-teen pop	2	795547.5
afropop	r&b	2	795547.5
east coast hip hop	hip hop	2	1852422.5
afrobeat	hip hop	2	1182567.0
hip hop	malian blues	2	1182567.0
hip hop	mande pop	2	1182567.0
hip hop	wassoulou	2	1182567.0
hip hop	world	2	1182567.0
afrobeat	pop rap	2	1182567.0
malian blues	pop rap	2	1182567.0
mande pop	pop rap	2	1182567.0
pop rap	wassoulou	2	1182567.0
pop rap	world	2	1182567.0
afrobeat	rap	2	1182567.0
malian blues	rap	2	1182567.0
mande pop	rap	2	1182567.0
rap	wassoulou	2	1182567.0
rap	world	2	1182567.0
hip hop	social media pop	2	1501225.5
pop rap	social media pop	2	1501225.5
social media pop	southern hip hop	2	1501225.5
electropop	r&b	2	1705779.0
electropop	trap soul	2	1705779.0
canadian hip hop	urban contemporary	2	523131.0
toronto rap	urban contemporary	2	523131.0
adult standards	canadian pop	2	1380426.0
electropop	pop edm	2	3288566.0
edm	talent show	2	1309472.5
pop edm	talent show	2	1309472.5
edm	viral pop	2	1262463.5
house	pop rap	2	1146289.5
brostep	post-teen pop	2	624192.5
big room	uk pop	2	1290760.0
dance pop	dutch edm	2	1040671.0
dance pop	trance	2	1040671.0
brostep	edm	2	1040671.0
dutch edm	edm	2	1040671.0
edm	trance	2	1040671.0
dutch edm	pop	2	1040671.0
pop	trance	2	1040671.0
dutch edm	tropical house	2	1040671.0
trance	tropical house	2	1040671.0
post-teen pop	progressive electro house	2	3352311.0
progressive house	uk pop	2	5809289.5
electro	pop	2	1327853.0
german dance	pop edm	2	5499036.0
conscious hip hop	dance pop	2	3542418.0
canadian pop	conscious hip hop	2	3542418.0
conscious hip hop	post-teen pop	2	3542418.0
dirty south rap	post-teen pop	2	2577048.5
miami hip hop	post-teen pop	2	2577048.5
canadian pop	urban contemporary	2	945497.5
post-teen pop	urban contemporary	2	2425522.0
canadian pop	melodic rap	2	768427.5
atl hip hop	atl hip hop	2	355214.5
boston hip hop	hip hop	2	2863759.5
boston hip hop	rap	2	2863759.5
philly rap	pop rap	2	10077840.5
houston rap	pop	2	4018584.0
houston rap	pop rap	2	4018584.0
hip pop	pop rap	2	4018584.0
pop rap	trap queen	2	4018584.0
dmv rap	pop	2	5746994.0
indie r&b	pop	2	2297085.5
dance pop	metropopolis	2	5331909.5
afro dancehall	pop rap	2	520322.0
azonto	pop rap	2	520322.0
nigerian hip hop	pop rap	2	520322.0
nigerian pop	pop rap	2	520322.0
afro dancehall	rap	2	520322.0
azonto	rap	2	520322.0
nigerian hip hop	rap	2	520322.0
nigerian pop	rap	2	520322.0
azonto	pop	2	408528.0
alternative r&b	alternative r&b	2	1540375.0
alternative r&b	etherpop	2	19292804.5
electropop	etherpop	2	24597650.5
atl hip hop	country	2	552621.0
atl trap	country	2	552621.0
country	gangster rap	2	552621.0
country	melodic rap	2	552621.0
country	rap	2	552621.0
country	trap	2	552621.0
queens hip hop	uk pop	2	2610662.0
dfw rap	trap soul	2	8283894.5
gangster rap	uk pop	2	1553756.5
detroit hip hop	gangster rap	2	2019651.0
g funk	gangster rap	2	2019651.0
electro house	viral pop	2	1226260.5
dirty south rap	southern hip hop	2	2307016.5
dance pop	urban contemporary	2	2155490.0
dance pop	detroit hip hop	2	797778.0
detroit hip hop	trap	2	797778.0
hip hop	new orleans rap	2	797778.0
new orleans rap	southern hip hop	2	797778.0
new orleans rap	trap	2	797778.0
dance pop	new orleans rap	2	797778.0
new orleans rap	pop	2	797778.0
rap	smooth jazz	2	886986.0
rap	smooth saxophone	2	886986.0
atl trap	gangster rap	2	762704.0
dance pop	progressive house	2	4230901.5
edm	melodic rap	2	1933510.0
atl hip hop	florida rap	2	7601467.0
florida rap	hip hop	2	7601467.0
florida rap	pop rap	2	7601467.0
florida rap	southern hip hop	2	7601467.0
florida rap	trap	2	7601467.0
la pop	pop	2	1622264.5
la pop	post-teen pop	2	1622264.5
emo rap	emo rap	2	4020869.0
emo rap	latin	2	4789267.0
emo rap	reggaeton	2	4789267.0
latin	miami hip hop	2	4789267.0
miami hip hop	reggaeton	2	4789267.0
canadian pop	toronto rap	2	376083.0
country pop	post-teen pop	2	9602771.0
modern country rock	post-teen pop	2	9602771.0
blues rock	pop rap	2	892529.0
blues rock	rap	2	892529.0
blues rock	trap	2	892529.0
classic rock	pop rap	2	892529.0
classic rock	rap	2	892529.0
classic rock	trap	2	892529.0
mexican classic rock	pop rap	2	892529.0
mexican classic rock	rap	2	892529.0
mexican classic rock	trap	2	892529.0
rock	trap	2	892529.0
atl trap	pop	2	1870045.5
big room	dfw rap	2	3217987.0
big room	melodic rap	2	3217987.0
canadian electronic	rap	2	3217987.0
deep big room	rap	2	3217987.0
dfw rap	electro house	2	3217987.0
electro house	melodic rap	2	3217987.0
pop edm	rap	2	3217987.0
big room	canadian hip hop	2	3217987.0
big room	toronto rap	2	3217987.0
big room	trap	2	3217987.0
big room	trap soul	2	3217987.0
electro house	trap	2	3217987.0
big room	electro house	2	3217987.0
dutch edm	rap	2	3217987.0
rap	trance	2	3217987.0
electronic trap	pop	2	3295435.0
dance pop	puerto rican pop	2	3295435.0
rap	social media pop	2	1296672.0
bmore	contemporary country	1	1433381.0
bmore	country road	1	1433381.0
bmore	deep talent show	1	1433381.0
deep talent show	edm	1	1433381.0
deep talent show	electropop	1	1433381.0
contemporary country	moombahton	1	1433381.0
country road	moombahton	1	1433381.0
deep talent show	moombahton	1	1433381.0
contemporary country	ninja	1	1433381.0
country road	ninja	1	1433381.0
deep talent show	ninja	1	1433381.0
deep talent show	pop	1	1433381.0
deep talent show	tropical house	1	1433381.0
art pop	hip hop	1	201276.0
art pop	southern hip hop	1	201276.0
art pop	trap	1	201276.0
hip hop	indie r&b	1	201276.0
indie r&b	pop rap	1	201276.0
indie r&b	southern hip hop	1	201276.0
indie r&b	trap	1	201276.0
hip hop	uk alternative pop	1	201276.0
pop rap	uk alternative pop	1	201276.0
southern hip hop	uk alternative pop	1	201276.0
trap	uk alternative pop	1	201276.0
dance pop	finnish pop	1	2021787.0
deep euro house	finnish pop	1	2021787.0
deep house	finnish pop	1	2021787.0
edm	finnish pop	1	2021787.0
finnish pop	german dance	1	2021787.0
finnish pop	pop	1	2021787.0
finnish pop	tropical house	1	2021787.0
dfw rap	gangster rap	1	23926123.0
boy band	dance pop	1	5143441.0
boy band	post-teen pop	1	5143441.0
grime	uk hip hop	1	303394.0
uk hip hop	uk hip hop	1	303394.0
australian dance	vapor twitch	1	199447.0
australian electropop	vapor twitch	1	199447.0
australian indie	vapor twitch	1	199447.0
downtempo	vapor twitch	1	199447.0
edm	vapor twitch	1	199447.0
pop	vapor twitch	1	199447.0
australian dance	hip hop	1	199447.0
australian dance	uk alternative hip hop	1	199447.0
australian dance	uk hip hop	1	199447.0
australian electropop	hip hop	1	199447.0
australian electropop	uk alternative hip hop	1	199447.0
australian electropop	uk hip hop	1	199447.0
australian indie	hip hop	1	199447.0
australian indie	uk alternative hip hop	1	199447.0
australian indie	uk hip hop	1	199447.0
downtempo	hip hop	1	199447.0
downtempo	uk alternative hip hop	1	199447.0
downtempo	uk hip hop	1	199447.0
edm	hip hop	1	199447.0
edm	uk alternative hip hop	1	199447.0
edm	uk hip hop	1	199447.0
pop	uk alternative hip hop	1	199447.0
hip hop	vapor twitch	1	199447.0
uk alternative hip hop	vapor twitch	1	199447.0
uk hip hop	vapor twitch	1	199447.0
celtic	new wave pop	1	969175.0
celtic punk	new wave pop	1	969175.0
celtic rock	new wave pop	1	969175.0
folk punk	new wave pop	1	969175.0
irish folk	new wave pop	1	969175.0
new wave pop	punk	1	969175.0
atl hip hop	indie pop rap	1	1361512.0
hip hop	indie pop rap	1	1361512.0
indie pop rap	melodic rap	1	1361512.0
indie pop rap	southern hip hop	1	1361512.0
australian indie	australian reggae fusion	1	436456.0
australian pop	australian reggae fusion	1	436456.0
big room	bubblegum dance	1	818478.0
bubblegum dance	dance pop	1	818478.0
bubblegum dance	dutch house	1	818478.0
bubblegum dance	edm	1	818478.0
bubblegum dance	electro house	1	818478.0
bubblegum dance	pop	1	818478.0
bubblegum dance	progressive electro house	1	818478.0
bubblegum dance	tropical house	1	818478.0
big room	eurodance	1	818478.0
dance pop	eurodance	1	818478.0
dutch house	eurodance	1	818478.0
electro house	eurodance	1	818478.0
eurodance	pop	1	818478.0
eurodance	progressive electro house	1	818478.0
dutch house	europop	1	818478.0
electro house	europop	1	818478.0
europop	progressive electro house	1	818478.0
cali rap	canadian hip hop	1	1293912.0
cali rap	toronto rap	1	1293912.0
canadian hip hop	underground hip hop	1	1293912.0
toronto rap	underground hip hop	1	1293912.0
brostep	electropop	1	20079627.0
electropop	progressive electro house	1	20079627.0
brostep	indie pop	1	20079627.0
indie pop	progressive electro house	1	20079627.0
brostep	indie poptimism	1	20079627.0
indie poptimism	progressive electro house	1	20079627.0
brostep	indietronica	1	20079627.0
indietronica	progressive electro house	1	20079627.0
brostep	neo-synthpop	1	20079627.0
neo-synthpop	pop	1	20079627.0
neo-synthpop	progressive electro house	1	20079627.0
brostep	shimmer pop	1	20079627.0
progressive electro house	shimmer pop	1	20079627.0
country rap	pop	1	1942719.0
lgbtq+ hip hop	pop	1	1942719.0
british indie rock	brostep	1	496748.0
brostep	modern alternative rock	1	496748.0
brostep	rock	1	496748.0
british indie rock	progressive electro house	1	496748.0
progressive electro house	rock	1	496748.0
alternative r&b	brostep	1	4240486.0
alternative r&b	progressive electro house	1	4240486.0
boy band	pop rap	1	2056202.0
alternative r&b	big room	1	1805744.0
alternative r&b	progressive house	1	1805744.0
australian indie	beatboxing	1	5683634.0
brostep	contemporary country	1	22615615.0
brostep	country road	1	22615615.0
chicago rap	gospel	1	496886.0
gospel	rap	1	496886.0
dance pop	indie pop rap	1	212426.0
indie pop rap	indie poptimism	1	212426.0
indie pop rap	pop	1	212426.0
indie pop rap	post-teen pop	1	212426.0
indie pop rap	viral pop	1	212426.0
canadian hip hop	latin	1	855734.0
latin	toronto rap	1	855734.0
canadian hip hop	reggaeton	1	855734.0
reggaeton	toronto rap	1	855734.0
canadian hip hop	trap latino	1	855734.0
canadian pop	trap latino	1	855734.0
toronto rap	trap latino	1	855734.0
australian hip hop	australian trap	1	16780326.0
chicago rap	neo soul	1	212818.0
neo soul	rap	1	212818.0
pop	west coast rap	1	2953667.0
pop rap	west coast rap	1	2953667.0
alternative r&b	queens hip hop	1	199120.0
alternative r&b	sudanese pop	1	199120.0
melodic rap	queens hip hop	1	199120.0
meme rap	queens hip hop	1	199120.0
melodic rap	sudanese pop	1	199120.0
meme rap	sudanese pop	1	199120.0
alternative r&b	cali rap	1	199120.0
alternative r&b	nc hip hop	1	199120.0
alternative r&b	meme rap	1	199120.0
meme rap	nc hip hop	1	199120.0
meme rap	miami hip hop	1	199120.0
meme rap	trap	1	199120.0
electro	rap	1	210347.0
piano rock	pop rap	1	415046.0
country rap	k-pop boy group	1	353431.0
k-pop boy group	lgbtq+ hip hop	1	353431.0
k-pop boy group	pop rap	1	353431.0
k-hop	k-pop	1	353431.0
k-pop	k-pop	1	353431.0
k-hop	k-pop boy group	1	353431.0
k-pop	k-pop boy group	1	353431.0
country rap	k-hop	1	353431.0
k-hop	lgbtq+ hip hop	1	353431.0
k-hop	pop rap	1	353431.0
canadian contemporary r&b	destroy techno	1	3381910.0
canadian pop	destroy techno	1	3381910.0
destroy techno	pop	1	3381910.0
dance pop	nc hip hop	1	2025085.0
nc hip hop	pop	1	2025085.0
nc hip hop	post-teen pop	1	2025085.0
dance pop	rap rock	1	6309611.0
electropop	rap rock	1	6309611.0
etherpop	rap rock	1	6309611.0
indie poptimism	rap rock	1	6309611.0
pop	rap rock	1	6309611.0
post-teen pop	rap rock	1	6309611.0
british indie rock	dance pop	1	6309611.0
dance pop	rock	1	6309611.0
british indie rock	electropop	1	6309611.0
electropop	modern alternative rock	1	6309611.0
electropop	modern rock	1	6309611.0
electropop	rock	1	6309611.0
british indie rock	etherpop	1	6309611.0
etherpop	modern alternative rock	1	6309611.0
etherpop	modern rock	1	6309611.0
etherpop	rock	1	6309611.0
british indie rock	indie poptimism	1	6309611.0
indie poptimism	modern alternative rock	1	6309611.0
indie poptimism	modern rock	1	6309611.0
indie poptimism	rock	1	6309611.0
british indie rock	post-teen pop	1	6309611.0
post-teen pop	rock	1	6309611.0
canadian pop	latin hip hop	1	212863.0
latin	puerto rican pop	1	212863.0
latin hip hop	latin pop	1	212863.0
latin hip hop	puerto rican pop	1	212863.0
latin hip hop	tropical	1	212863.0
puerto rican pop	reggaeton	1	212863.0
latin pop	tropical	1	212863.0
puerto rican pop	tropical	1	212863.0
tropical	tropical	1	212863.0
canadian pop	latin pop	1	212863.0
canadian pop	puerto rican pop	1	212863.0
birmingham grime	east coast hip hop	1	9617885.0
east coast hip hop	grime	1	9617885.0
east coast hip hop	instrumental grime	1	9617885.0
birmingham grime	hip hop	1	9617885.0
grime	hip hop	1	9617885.0
birmingham grime	pop rap	1	9617885.0
birmingham grime	rap	1	9617885.0
birmingham grime	southern hip hop	1	9617885.0
grime	southern hip hop	1	9617885.0
birmingham grime	trap	1	9617885.0
edm	italo dance	1	10674470.0
italo dance	tropical house	1	10674470.0
cali rap	conscious hip hop	1	517399.0
big room	electropop	1	245167.0
big room	swedish electropop	1	245167.0
dance pop	swedish electropop	1	245167.0
edm	swedish electropop	1	245167.0
pop	swedish electropop	1	245167.0
swedish electropop	tropical house	1	245167.0
europop	swedish pop	1	245167.0
swedish electropop	swedish pop	1	245167.0
swedish pop	swedish pop	1	245167.0
brostep	r&b	1	1595234.0
progressive electro house	r&b	1	1595234.0
progressive electro house	trap	1	1595234.0
k-pop	uk pop	1	1832046.0
dance pop	k-pop girl group	1	1832046.0
k-pop girl group	pop	1	1832046.0
k-pop girl group	uk pop	1	1832046.0
australian hip hop	electropop	1	1834384.0
australian hip hop	nz pop	1	1834384.0
australian indie	electropop	1	1834384.0
australian indie	nz pop	1	1834384.0
australian trap	electropop	1	1834384.0
australian trap	nz pop	1	1834384.0
australian trap	pop	1	1834384.0
electro house	neo soul	1	10618622.0
house	neo soul	1	10618622.0
neo soul	progressive house	1	10618622.0
australian dance	australian hip hop	1	11220923.0
australian dance	australian indie	1	11220923.0
australian dance	australian pop	1	11220923.0
australian dance	indietronica	1	11220923.0
australian electropop	indietronica	1	11220923.0
australian hip hop	downtempo	1	11220923.0
australian indie	downtempo	1	11220923.0
australian pop	downtempo	1	11220923.0
downtempo	indietronica	1	11220923.0
latin	pop reggaeton	1	3651437.0
latin	reggaeton flow	1	3651437.0
latin hip hop	reggaeton	1	3651437.0
pop reggaeton	reggaeton	1	3651437.0
reggaeton	reggaeton flow	1	3651437.0
dance pop	latin hip hop	1	3651437.0
dance pop	pop reggaeton	1	3651437.0
electropop	latin hip hop	1	3651437.0
electropop	latin pop	1	3651437.0
electropop	pop reggaeton	1	3651437.0
pop rap	pop reggaeton	1	3651437.0
electropop	reggaeton flow	1	3651437.0
electropop	tropical	1	3651437.0
broadway	movie tunes	1	1077384.0
hollywood	movie tunes	1	1077384.0
movie tunes	show tunes	1	1077384.0
canadian hip hop	hip pop	1	1107012.0
canadian hip hop	post-teen pop	1	1107012.0
canadian hip hop	queens hip hop	1	1107012.0
aussietronica	australian hip hop	1	3466543.0
australian hip hop	indietronica	1	3466543.0
australian pop	indietronica	1	3466543.0
perreo	pop	1	3130989.0
hip hop	latin hip hop	1	3130989.0
hip hop	perreo	1	3130989.0
hip hop	tropical	1	3130989.0
latin	southern hip hop	1	3130989.0
latin hip hop	southern hip hop	1	3130989.0
perreo	southern hip hop	1	3130989.0
reggaeton	southern hip hop	1	3130989.0
southern hip hop	tropical	1	3130989.0
latin hip hop	trap	1	3130989.0
perreo	trap	1	3130989.0
trap	tropical	1	3130989.0
dfw rap	latin	1	3130989.0
dfw rap	latin hip hop	1	3130989.0
dfw rap	perreo	1	3130989.0
dfw rap	reggaeton	1	3130989.0
dfw rap	reggaeton flow	1	3130989.0
dfw rap	trap latino	1	3130989.0
dfw rap	tropical	1	3130989.0
latin	melodic rap	1	3130989.0
latin hip hop	melodic rap	1	3130989.0
melodic rap	perreo	1	3130989.0
melodic rap	reggaeton	1	3130989.0
melodic rap	reggaeton flow	1	3130989.0
melodic rap	trap latino	1	3130989.0
melodic rap	tropical	1	3130989.0
country dawn	dance pop	1	414806.0
country dawn	pop	1	414806.0
country dawn	post-teen pop	1	414806.0
contemporary country	pop edm	1	11834567.0
pop edm	texas country	1	11834567.0
complextro	contemporary country	1	11834567.0
contemporary country	german techno	1	11834567.0
complextro	texas country	1	11834567.0
dance pop	texas country	1	11834567.0
edm	texas country	1	11834567.0
electro house	texas country	1	11834567.0
german techno	texas country	1	11834567.0
pop	texas country	1	11834567.0
post-teen pop	texas country	1	11834567.0
texas country	tropical house	1	11834567.0
disney	disney	1	204894.0
bmore	electropop	1	16912362.0
bmore	metropopolis	1	16912362.0
metropopolis	moombahton	1	16912362.0
electropop	ninja	1	16912362.0
metropopolis	ninja	1	16912362.0
bmore	trap	1	16912362.0
moombahton	trap	1	16912362.0
ninja	trap	1	16912362.0
metropopolis	trap	1	16912362.0
chicago rap	nc hip hop	1	194487.0
chicago rap	underground hip hop	1	194487.0
chicago rap	vapor trap	1	194487.0
la indie	pop rap	1	989644.0
la indie	rap	1	989644.0
la indie	trap	1	989644.0
complextro	electropop	1	2014964.0
electropop	german techno	1	2014964.0
complextro	indie electropop	1	2014964.0
dance pop	indie electropop	1	2014964.0
edm	indie electropop	1	2014964.0
electro house	indie electropop	1	2014964.0
german techno	indie electropop	1	2014964.0
indie electropop	pop	1	2014964.0
indie electropop	post-teen pop	1	2014964.0
indie electropop	tropical house	1	2014964.0
complextro	indie poptimism	1	2014964.0
electro house	indie poptimism	1	2014964.0
german techno	indie poptimism	1	2014964.0
complextro	vapor soul	1	2014964.0
dance pop	vapor soul	1	2014964.0
edm	vapor soul	1	2014964.0
electro house	vapor soul	1	2014964.0
german techno	vapor soul	1	2014964.0
post-teen pop	vapor soul	1	2014964.0
tropical house	vapor soul	1	2014964.0
baile pop	edm	1	1065160.0
baile pop	pop rap	1	1065160.0
baile pop	post-teen pop	1	1065160.0
baile pop	tropical house	1	1065160.0
baile pop	uk pop	1	1065160.0
edm	funk carioca	1	1065160.0
funk carioca	pop rap	1	1065160.0
funk carioca	post-teen pop	1	1065160.0
funk carioca	tropical house	1	1065160.0
funk carioca	uk pop	1	1065160.0
edm	funk das antigas	1	1065160.0
funk das antigas	pop rap	1	1065160.0
funk das antigas	post-teen pop	1	1065160.0
funk das antigas	tropical house	1	1065160.0
funk das antigas	uk pop	1	1065160.0
edm	pagode baiano	1	1065160.0
pagode baiano	pop rap	1	1065160.0
pagode baiano	post-teen pop	1	1065160.0
pagode baiano	tropical house	1	1065160.0
pagode baiano	uk pop	1	1065160.0
baile pop	latin	1	1065160.0
baile pop	latin pop	1	1065160.0
baile pop	mexican pop	1	1065160.0
funk carioca	latin	1	1065160.0
funk carioca	latin pop	1	1065160.0
funk carioca	mexican pop	1	1065160.0
funk das antigas	latin	1	1065160.0
funk das antigas	latin pop	1	1065160.0
funk das antigas	mexican pop	1	1065160.0
latin	pagode baiano	1	1065160.0
latin pop	pagode baiano	1	1065160.0
mexican pop	pagode baiano	1	1065160.0
dance pop	mexican pop	1	1065160.0
edm	latin pop	1	1065160.0
edm	mexican pop	1	1065160.0
mexican pop	pop	1	1065160.0
mexican pop	pop rap	1	1065160.0
mexican pop	post-teen pop	1	1065160.0
latin	tropical house	1	1065160.0
latin pop	tropical house	1	1065160.0
mexican pop	tropical house	1	1065160.0
latin	uk pop	1	1065160.0
latin pop	uk pop	1	1065160.0
mexican pop	uk pop	1	1065160.0
canadian contemporary r&b	electropop	1	1549964.0
adult standards	hollywood	1	1535227.0
canadian pop	hollywood	1	1535227.0
hollywood	lounge	1	1535227.0
adult standards	show tunes	1	1535227.0
canadian pop	show tunes	1	1535227.0
lounge	show tunes	1	1535227.0
big room	neo mellow	1	712312.0
big room	piano rock	1	712312.0
big room	pop rock	1	712312.0
dance pop	piano rock	1	712312.0
edm	neo mellow	1	712312.0
edm	piano rock	1	712312.0
electro house	neo mellow	1	712312.0
electro house	piano rock	1	712312.0
piano rock	pop	1	712312.0
neo mellow	tropical house	1	712312.0
piano rock	tropical house	1	712312.0
dance pop	escape room	1	6768027.0
dance pop	minnesota hip hop	1	6768027.0
minnesota hip hop	pop	1	6768027.0
escape room	post-teen pop	1	6768027.0
minnesota hip hop	post-teen pop	1	6768027.0
etherpop	k-pop	1	5841900.0
indie poptimism	k-pop	1	5841900.0
etherpop	k-pop boy group	1	5841900.0
indie poptimism	k-pop boy group	1	5841900.0
bmore	house	1	3375668.0
electropop	house	1	3375668.0
house	moombahton	1	3375668.0
house	ninja	1	3375668.0
latin	trap latino	1	4332948.0
reggaeton	trap latino	1	4332948.0
edm	indie pop	1	1427965.0
indie pop	tropical house	1	1427965.0
bmore	video game music	1	3468578.0
electropop	video game music	1	3468578.0
ninja	video game music	1	3468578.0
alternative r&b	video game music	1	3468578.0
dance pop	video game music	1	3468578.0
electro house	video game music	1	3468578.0
pop rap	video game music	1	3468578.0
alternative r&b	bmore	1	3468578.0
alternative r&b	ninja	1	3468578.0
bmore	electro house	1	3468578.0
bmore	moombahton	1	3468578.0
bmore	pop rap	1	3468578.0
electro house	moombahton	1	3468578.0
moombahton	moombahton	1	3468578.0
moombahton	pop rap	1	3468578.0
electro house	ninja	1	3468578.0
moombahton	ninja	1	3468578.0
ninja	pop rap	1	3468578.0
alternative r&b	electro house	1	3468578.0
deep pop r&b	edm	1	2449803.0
deep pop r&b	electro house	1	2449803.0
deep pop r&b	tropical house	1	2449803.0
album rock	glam rock	1	6967920.0
album rock	rock	1	6967920.0
art rock	glam rock	1	6967920.0
art rock	rock	1	6967920.0
classic rock	glam rock	1	6967920.0
classic rock	rock	1	6967920.0
dance rock	glam rock	1	6967920.0
dance rock	rock	1	6967920.0
glam rock	glam rock	1	6967920.0
glam rock	permanent wave	1	6967920.0
permanent wave	rock	1	6967920.0
glam rock	protopunk	1	6967920.0
protopunk	rock	1	6967920.0
rock	rock	1	6967920.0
candy pop	k-pop	1	258207.0
k-pop	metropopolis	1	258207.0
k-pop	tropical house	1	258207.0
candy pop	k-pop boy group	1	258207.0
k-pop boy group	metropopolis	1	258207.0
k-pop boy group	tropical house	1	258207.0
sleep	soundtrack	1	426247.0
dance pop	east coast hip hop	1	1182567.0
east coast hip hop	post-teen pop	1	1182567.0
east coast hip hop	r&b	1	1182567.0
afrobeat	dance pop	1	1182567.0
dance pop	malian blues	1	1182567.0
dance pop	mande pop	1	1182567.0
dance pop	wassoulou	1	1182567.0
dance pop	world	1	1182567.0
afrobeat	pop	1	1182567.0
malian blues	pop	1	1182567.0
mande pop	pop	1	1182567.0
pop	wassoulou	1	1182567.0
pop	world	1	1182567.0
afrobeat	post-teen pop	1	1182567.0
malian blues	post-teen pop	1	1182567.0
mande pop	post-teen pop	1	1182567.0
post-teen pop	wassoulou	1	1182567.0
post-teen pop	world	1	1182567.0
afrobeat	r&b	1	1182567.0
malian blues	r&b	1	1182567.0
mande pop	r&b	1	1182567.0
r&b	wassoulou	1	1182567.0
r&b	world	1	1182567.0
atl hip hop	east coast hip hop	1	1182567.0
east coast hip hop	pop rap	1	1182567.0
afrobeat	atl hip hop	1	1182567.0
afropop	atl hip hop	1	1182567.0
atl hip hop	malian blues	1	1182567.0
atl hip hop	mande pop	1	1182567.0
atl hip hop	wassoulou	1	1182567.0
atl hip hop	world	1	1182567.0
afrobeat	east coast hip hop	1	1182567.0
afropop	east coast hip hop	1	1182567.0
east coast hip hop	malian blues	1	1182567.0
east coast hip hop	mande pop	1	1182567.0
east coast hip hop	wassoulou	1	1182567.0
east coast hip hop	world	1	1182567.0
uk pop	urban contemporary	1	645210.0
hip hop	tropical house	1	1705779.0
southern hip hop	tropical house	1	1705779.0
electropop	indietronica	1	1705779.0
electropop	social media pop	1	1705779.0
hip hop	indie poptimism	1	1705779.0
indie poptimism	r&b	1	1705779.0
indietronica	r&b	1	1705779.0
r&b	social media pop	1	1705779.0
indie poptimism	trap soul	1	1705779.0
indietronica	trap soul	1	1705779.0
social media pop	trap soul	1	1705779.0
dance pop	pop house	1	8874585.0
house	pop house	1	8874585.0
pop	pop house	1	8874585.0
pop house	pop house	1	8874585.0
pop house	tropical house	1	8874585.0
pop house	uk pop	1	8874585.0
hollywood	norwegian pop	1	1285235.0
norwegian pop	show tunes	1	1285235.0
adult standards	adult standards	1	1873139.0
adult standards	easy listening	1	1873139.0
adult standards	swing	1	1873139.0
canadian pop	easy listening	1	1873139.0
canadian pop	swing	1	1873139.0
adult standards	lounge	1	1873139.0
easy listening	lounge	1	1873139.0
lounge	swing	1	1873139.0
indie poptimism	pop edm	1	1078096.0
electropop	talent show	1	1078096.0
pop edm	viral pop	1	1078096.0
brostep	uk dance	1	1040671.0
dutch edm	uk dance	1	1040671.0
trance	uk dance	1	1040671.0
dutch edm	pop rap	1	1040671.0
pop rap	trance	1	1040671.0
dutch edm	post-teen pop	1	1040671.0
post-teen pop	trance	1	1040671.0
dutch edm	uk pop	1	1040671.0
trance	uk pop	1	1040671.0
progressive electro house	tropical house	1	207714.0
progressive electro house	uk pop	1	207714.0
latin	r&b	1	1103155.0
r&b	reggaeton	1	1103155.0
canadian pop	contemporary country	1	13012456.0
canadian contemporary r&b	edm	1	9653684.0
canadian contemporary r&b	house	1	9653684.0
canadian pop	house	1	9653684.0
canadian contemporary r&b	progressive house	1	9653684.0
canadian pop	progressive house	1	9653684.0
canadian contemporary r&b	tropical house	1	9653684.0
canadian contemporary r&b	uk dance	1	9653684.0
canadian pop	uk dance	1	9653684.0
canadian contemporary r&b	uk pop	1	9653684.0
canadian contemporary r&b	electro	1	1796816.0
canadian pop	electro	1	1796816.0
canadian contemporary r&b	filter house	1	1796816.0
canadian pop	filter house	1	1796816.0
dance pop	hollywood	1	30802097.0
hollywood	pop	1	30802097.0
hollywood	post-teen pop	1	30802097.0
chicago rap	queens hip hop	1	661021.0
chicago rap	trap soul	1	978183.0
pop edm	pop edm	1	5499036.0
german dance	uk pop	1	5499036.0
dance pop	german dance	1	5499036.0
edm	german dance	1	5499036.0
electropop	german dance	1	5499036.0
german dance	pop	1	5499036.0
german dance	post-teen pop	1	5499036.0
german dance	tropical house	1	5499036.0
chicago rap	dirty south rap	1	1337842.0
conscious hip hop	dirty south rap	1	1337842.0
conscious hip hop	miami hip hop	1	1337842.0
conscious hip hop	urban contemporary	1	1337842.0
canadian pop	chicago rap	1	1337842.0
canadian pop	miami hip hop	1	1337842.0
atl hip hop	canadian pop	1	1337842.0
dance pop	scandipop	1	193223.0
edm	scandipop	1	193223.0
pop	scandipop	1	193223.0
scandipop	tropical house	1	193223.0
scandipop	uk dance	1	193223.0
dance pop	dutch house	1	849555.0
dance pop	dutch pop	1	849555.0
dutch house	pop	1	849555.0
dutch pop	pop	1	849555.0
dutch house	post-teen pop	1	849555.0
dutch pop	post-teen pop	1	849555.0
dutch house	viral pop	1	849555.0
dutch pop	viral pop	1	849555.0
basshall	dance pop	1	849555.0
basshall	pop	1	849555.0
basshall	post-teen pop	1	849555.0
basshall	viral pop	1	849555.0
basshall	dutch house	1	849555.0
basshall	dutch pop	1	849555.0
basshall	tropical house	1	849555.0
boston hip hop	conscious hip hop	1	2627426.0
boston hip hop	dmv rap	1	2627426.0
boston hip hop	pop rap	1	2627426.0
dmv rap	pop rap	1	2627426.0
cali rap	memphis hip hop	1	820131.0
memphis hip hop	trap	1	820131.0
baton rouge rap	chicago rap	1	6128393.0
baton rouge rap	melodic rap	1	6128393.0
canadian hip hop	philly rap	1	19535486.0
canadian pop	philly rap	1	19535486.0
hip hop	philly rap	1	19535486.0
philly rap	toronto rap	1	19535486.0
album rock	experimental rock	1	2206561.0
art rock	experimental rock	1	2206561.0
classic rock	experimental rock	1	2206561.0
experimental rock	folk rock	1	2206561.0
experimental rock	mellow gold	1	2206561.0
experimental rock	psychedelic rock	1	2206561.0
experimental rock	rock	1	2206561.0
album rock	experimental	1	2206561.0
album rock	experimental pop	1	2206561.0
art rock	experimental	1	2206561.0
art rock	experimental pop	1	2206561.0
classic rock	experimental	1	2206561.0
classic rock	experimental pop	1	2206561.0
experimental	folk rock	1	2206561.0
experimental pop	folk rock	1	2206561.0
experimental	mellow gold	1	2206561.0
experimental pop	mellow gold	1	2206561.0
experimental	psychedelic rock	1	2206561.0
experimental pop	psychedelic rock	1	2206561.0
experimental	rock	1	2206561.0
experimental pop	rock	1	2206561.0
experimental	experimental rock	1	2206561.0
experimental pop	experimental rock	1	2206561.0
alternative r&b	canadian hip hop	1	676184.0
dance pop	houston rap	1	4018584.0
hip pop	houston rap	1	4018584.0
houston rap	post-teen pop	1	4018584.0
houston rap	queens hip hop	1	4018584.0
hip pop	trap queen	1	4018584.0
queens hip hop	trap queen	1	4018584.0
hip hop	houston rap	1	4018584.0
houston rap	r&b	1	4018584.0
houston rap	southern hip hop	1	4018584.0
houston rap	trap	1	4018584.0
houston rap	trap soul	1	4018584.0
hip hop	trap queen	1	4018584.0
r&b	trap queen	1	4018584.0
southern hip hop	trap queen	1	4018584.0
trap	trap queen	1	4018584.0
trap queen	trap soul	1	4018584.0
hip hop	hip pop	1	4018584.0
hip pop	southern hip hop	1	4018584.0
hip pop	trap soul	1	4018584.0
post-teen pop	social media pop	1	433626.0
alternative r&b	canadian contemporary r&b	1	5746994.0
alternative r&b	canadian pop	1	5746994.0
canadian contemporary r&b	conscious hip hop	1	5746994.0
canadian contemporary r&b	dmv rap	1	5746994.0
canadian contemporary r&b	hip hop	1	5746994.0
canadian pop	dmv rap	1	5746994.0
dance pop	dmv rap	1	5746994.0
conscious hip hop	electropop	1	5746994.0
dmv rap	electropop	1	5746994.0
dmv rap	post-teen pop	1	5746994.0
alternative r&b	conscious hip hop	1	5746994.0
alternative r&b	dmv rap	1	5746994.0
aussietronica	aussietronica	1	3090826.0
aussietronica	edm	1	3090826.0
aussietronica	gauze pop	1	3090826.0
australian indie	gauze pop	1	3090826.0
australian pop	gauze pop	1	3090826.0
aussietronica	house	1	3090826.0
australian indie	house	1	3090826.0
australian pop	house	1	3090826.0
dance pop	indie r&b	1	2822338.0
deep pop r&b	post-teen pop	1	2822338.0
indie r&b	post-teen pop	1	2822338.0
electro house	metropopolis	1	1385628.0
metropopolis	norwegian pop	1	1385628.0
metropopolis	pop edm	1	1385628.0
electro house	modern rock	1	1385628.0
modern rock	norwegian pop	1	1385628.0
modern rock	pop edm	1	1385628.0
norwegian pop	pop	1	1385628.0
norwegian pop	pop rock	1	1385628.0
pop edm	pop rock	1	1385628.0
atl hip hop	emo rap	1	199201.0
atl trap	emo rap	1	199201.0
australian pop	candy pop	1	9278191.0
candy pop	dance pop	1	9278191.0
candy pop	electropop	1	9278191.0
candy pop	pop	1	9278191.0
candy pop	post-teen pop	1	9278191.0
candy pop	viral pop	1	9278191.0
australian pop	metropopolis	1	9278191.0
metropopolis	post-teen pop	1	9278191.0
metropopolis	viral pop	1	9278191.0
philly rap	pop	1	620195.0
philly rap	uk pop	1	620195.0
southern hip hop	uk pop	1	620195.0
afro dancehall	dance pop	1	408528.0
azonto	dance pop	1	408528.0
dance pop	nigerian hip hop	1	408528.0
dance pop	nigerian pop	1	408528.0
afro dancehall	post-teen pop	1	408528.0
azonto	post-teen pop	1	408528.0
nigerian hip hop	post-teen pop	1	408528.0
nigerian pop	post-teen pop	1	408528.0
afro dancehall	r&b	1	408528.0
azonto	r&b	1	408528.0
nigerian hip hop	r&b	1	408528.0
nigerian pop	r&b	1	408528.0
afro dancehall	melodic rap	1	408528.0
afropop	melodic rap	1	408528.0
azonto	melodic rap	1	408528.0
melodic rap	nigerian hip hop	1	408528.0
melodic rap	nigerian pop	1	408528.0
afro dancehall	trap	1	408528.0
afropop	trap	1	408528.0
azonto	trap	1	408528.0
nigerian hip hop	trap	1	408528.0
nigerian pop	trap	1	408528.0
alternative r&b	atl hip hop	1	1308917.0
atl hip hop	trap soul	1	1308917.0
alternative r&b	indie poptimism	1	36813776.0
etherpop	post-teen pop	1	36813776.0
country	country	1	552621.0
country	country road	1	552621.0
atl hip hop	country road	1	552621.0
atl trap	country road	1	552621.0
country road	gangster rap	1	552621.0
country road	melodic rap	1	552621.0
country road	rap	1	552621.0
country road	trap	1	552621.0
atl hip hop	country rap	1	552621.0
atl trap	country rap	1	552621.0
country rap	gangster rap	1	552621.0
country rap	melodic rap	1	552621.0
country rap	trap	1	552621.0
atl hip hop	lgbtq+ hip hop	1	552621.0
atl trap	lgbtq+ hip hop	1	552621.0
gangster rap	lgbtq+ hip hop	1	552621.0
lgbtq+ hip hop	melodic rap	1	552621.0
lgbtq+ hip hop	trap	1	552621.0
dance pop	girl group	1	2699046.0
girl group	hip pop	1	2699046.0
girl group	pop	1	2699046.0
girl group	pop rap	1	2699046.0
girl group	post-teen pop	1	2699046.0
girl group	queens hip hop	1	2699046.0
hip pop	talent show	1	2699046.0
pop rap	talent show	1	2699046.0
queens hip hop	talent show	1	2699046.0
hip pop	uk pop	1	2699046.0
alternative r&b	neo mellow	1	7483698.0
alternative r&b	pop rock	1	7483698.0
alternative r&b	singer-songwriter	1	7483698.0
pop	singer-songwriter	1	7483698.0
etherpop	tropical house	1	12381525.0
dfw rap	r&b	1	13349802.0
east coast hip hop	uk pop	1	2522278.0
detroit hip hop	east coast hip hop	1	2522278.0
east coast hip hop	g funk	1	2522278.0
detroit hip hop	queens hip hop	1	2522278.0
g funk	queens hip hop	1	2522278.0
australian dance	metropopolis	1	4396868.0
australian dance	nottingham indie	1	4396868.0
australian electropop	metropopolis	1	4396868.0
australian electropop	nottingham indie	1	4396868.0
australian indie	metropopolis	1	4396868.0
australian indie	nottingham indie	1	4396868.0
downtempo	metropopolis	1	4396868.0
downtempo	nottingham indie	1	4396868.0
edm	nottingham indie	1	4396868.0
nottingham indie	pop	1	4396868.0
emo rap	toronto rap	1	1551467.0
canadian pop	complextro	1	1446831.0
canadian pop	german techno	1	1446831.0
complextro	viral pop	1	1446831.0
german techno	viral pop	1	1446831.0
detroit hip hop	r&b	1	797778.0
detroit hip hop	dirty south rap	1	797778.0
detroit hip hop	miami hip hop	1	797778.0
detroit hip hop	southern hip hop	1	797778.0
detroit hip hop	urban contemporary	1	797778.0
detroit hip hop	new orleans rap	1	797778.0
dance pop	dirty south rap	1	797778.0
dance pop	miami hip hop	1	797778.0
dirty south rap	r&b	1	797778.0
miami hip hop	r&b	1	797778.0
new orleans rap	r&b	1	797778.0
dirty south rap	new orleans rap	1	797778.0
miami hip hop	new orleans rap	1	797778.0
new orleans rap	urban contemporary	1	797778.0
argentine hip hop	uk hip hop	1	553190.0
trap argentino	uk hip hop	1	553190.0
trap latino	uk hip hop	1	553190.0
argentine hip hop	pop	1	553190.0
pop	trap argentino	1	553190.0
argentine hip hop	uk pop	1	553190.0
trap argentino	uk pop	1	553190.0
trap latino	uk pop	1	553190.0
progressive house	rap	1	1251908.0
rap	uk dance	1	1251908.0
alternative hip hop	chicago rap	1	886986.0
alternative hip hop	rap	1	886986.0
chicago rap	gangster rap	1	886986.0
chicago rap	hardcore hip hop	1	886986.0
hardcore hip hop	rap	1	886986.0
alternative hip hop	smooth jazz	1	886986.0
alternative hip hop	smooth saxophone	1	886986.0
gangster rap	smooth jazz	1	886986.0
gangster rap	smooth saxophone	1	886986.0
hardcore hip hop	smooth jazz	1	886986.0
hardcore hip hop	smooth saxophone	1	886986.0
hip hop	smooth jazz	1	886986.0
hip hop	smooth saxophone	1	886986.0
hip pop	smooth jazz	1	886986.0
hip pop	smooth saxophone	1	886986.0
pop rap	smooth jazz	1	886986.0
pop rap	smooth saxophone	1	886986.0
smooth jazz	southern hip hop	1	886986.0
smooth saxophone	southern hip hop	1	886986.0
smooth jazz	trap	1	886986.0
smooth saxophone	trap	1	886986.0
chicago rap	smooth jazz	1	886986.0
chicago rap	smooth saxophone	1	886986.0
contemporary country	europop	1	368739.0
contemporary country	hip pop	1	368739.0
contemporary country	pop rock	1	368739.0
contemporary country	urban contemporary	1	368739.0
country	europop	1	368739.0
country	hip pop	1	368739.0
country	pop rock	1	368739.0
country	urban contemporary	1	368739.0
country road	europop	1	368739.0
country road	hip pop	1	368739.0
country road	pop rock	1	368739.0
country road	urban contemporary	1	368739.0
dance pop	oklahoma country	1	368739.0
europop	oklahoma country	1	368739.0
hip pop	oklahoma country	1	368739.0
oklahoma country	pop	1	368739.0
oklahoma country	pop rock	1	368739.0
oklahoma country	post-teen pop	1	368739.0
oklahoma country	urban contemporary	1	368739.0
adult standards	deep adult standards	1	297502.0
adult standards	vocal harmony group	1	297502.0
brill building pop	deep adult standards	1	297502.0
brill building pop	vocal harmony group	1	297502.0
deep adult standards	easy listening	1	297502.0
easy listening	vocal harmony group	1	297502.0
deep adult standards	lounge	1	297502.0
lounge	vocal harmony group	1	297502.0
talent show	uk pop	1	2147840.0
canadian hip hop	uk funky	1	632116.0
canadian pop	uk funky	1	632116.0
hip hop	uk funky	1	632116.0
rap	uk funky	1	632116.0
toronto rap	uk funky	1	632116.0
afro dancehall	canadian hip hop	1	632116.0
afropop	canadian hip hop	1	632116.0
azonto	canadian hip hop	1	632116.0
canadian hip hop	nigerian hip hop	1	632116.0
canadian hip hop	nigerian pop	1	632116.0
afro dancehall	canadian pop	1	632116.0
afropop	canadian pop	1	632116.0
azonto	canadian pop	1	632116.0
canadian pop	nigerian hip hop	1	632116.0
canadian pop	nigerian pop	1	632116.0
afro dancehall	hip hop	1	632116.0
azonto	hip hop	1	632116.0
hip hop	nigerian hip hop	1	632116.0
hip hop	nigerian pop	1	632116.0
afro dancehall	toronto rap	1	632116.0
afropop	toronto rap	1	632116.0
azonto	toronto rap	1	632116.0
nigerian hip hop	toronto rap	1	632116.0
nigerian pop	toronto rap	1	632116.0
afro dancehall	uk funky	1	632116.0
afropop	uk funky	1	632116.0
azonto	uk funky	1	632116.0
nigerian hip hop	uk funky	1	632116.0
nigerian pop	uk funky	1	632116.0
alternative r&b	art pop	1	1771833.0
alternative r&b	chillwave	1	1771833.0
chillwave	pop	1	1771833.0
alternative r&b	escape room	1	1771833.0
alternative r&b	experimental pop	1	1771833.0
experimental pop	pop	1	1771833.0
alternative r&b	indie r&b	1	1771833.0
alternative r&b	indietronica	1	1771833.0
alternative r&b	shimmer pop	1	1771833.0
alternative r&b	shiver pop	1	1771833.0
pop	shiver pop	1	1771833.0
alternative r&b	vapor soul	1	1771833.0
boston hip hop	detroit hip hop	1	3100093.0
boston hip hop	g funk	1	3100093.0
atl trap	atl trap	1	228736.0
canadian hip hop	vapor trap	1	2468933.0
canadian pop	vapor trap	1	2468933.0
toronto rap	vapor trap	1	2468933.0
adult standards	canadian country	1	887713.0
adult standards	country	1	887713.0
adult standards	country dawn	1	887713.0
adult standards	dance pop	1	887713.0
canadian country	canadian pop	1	887713.0
canadian pop	canadian pop	1	887713.0
canadian pop	country	1	887713.0
canadian pop	country dawn	1	887713.0
canadian country	lounge	1	887713.0
canadian pop	lounge	1	887713.0
country	lounge	1	887713.0
country dawn	lounge	1	887713.0
dance pop	lounge	1	887713.0
australian alternative rock	muzica crestina	1	2009301.0
australian indie	muzica crestina	1	2009301.0
australian indigenous	muzica crestina	1	2009301.0
australian pop	muzica crestina	1	2009301.0
australian rock	muzica crestina	1	2009301.0
dance pop	la pop	1	205942.0
electropop	la pop	1	205942.0
florida rap	pop	1	3816255.0
florida rap	post-teen pop	1	3816255.0
dirty south rap	florida rap	1	3816255.0
dirty south rap	miami hip hop	1	3816255.0
electro house	latin	1	1005690.0
electro house	reggaeton	1	1005690.0
electro house	trap latino	1	1005690.0
electro house	tropical	1	1005690.0
latin	viral pop	1	1005690.0
reggaeton	viral pop	1	1005690.0
trap latino	viral pop	1	1005690.0
tropical	viral pop	1	1005690.0
emo rap	lgbtq+ hip hop	1	3252471.0
lgbtq+ hip hop	miami hip hop	1	3252471.0
canadian contemporary r&b	canadian hip hop	1	199013.0
canadian hip hop	canadian pop	1	199013.0
canadian contemporary r&b	melodic rap	1	199013.0
canadian contemporary r&b	toronto rap	1	199013.0
canadian contemporary r&b	trap	1	199013.0
detroit hip hop	g funk	1	1517024.0
detroit hip hop	west coast rap	1	1517024.0
g funk	g funk	1	1517024.0
g funk	west coast rap	1	1517024.0
hip hop	west coast rap	1	1517024.0
big room	contemporary country	1	6496908.0
big room	country	1	6496908.0
big room	country pop	1	6496908.0
big room	country road	1	6496908.0
big room	modern country rock	1	6496908.0
country	edm	1	6496908.0
country pop	edm	1	6496908.0
edm	modern country rock	1	6496908.0
country	electro house	1	6496908.0
country pop	electro house	1	6496908.0
country road	electro house	1	6496908.0
electro house	modern country rock	1	6496908.0
country	progressive electro house	1	6496908.0
country pop	progressive electro house	1	6496908.0
modern country rock	progressive electro house	1	6496908.0
contemporary country	progressive house	1	6496908.0
country	progressive house	1	6496908.0
country pop	progressive house	1	6496908.0
country road	progressive house	1	6496908.0
modern country rock	progressive house	1	6496908.0
country	tropical house	1	6496908.0
country pop	tropical house	1	6496908.0
modern country rock	tropical house	1	6496908.0
big room	modern alternative rock	1	6496908.0
edm	modern alternative rock	1	6496908.0
electro house	modern alternative rock	1	6496908.0
modern alternative rock	progressive house	1	6496908.0
modern alternative rock	tropical house	1	6496908.0
contemporary country	modern alternative rock	1	6496908.0
country	modern alternative rock	1	6496908.0
country pop	modern alternative rock	1	6496908.0
country road	modern alternative rock	1	6496908.0
modern alternative rock	modern country rock	1	6496908.0
canadian hip hop	toronto rap	1	553153.0
toronto rap	toronto rap	1	553153.0
chicago rap	metropopolis	1	6153087.0
melodic rap	metropopolis	1	6153087.0
chicago rap	tropical house	1	6153087.0
blues rock	cali rap	1	892529.0
blues rock	gangster rap	1	892529.0
blues rock	hip hop	1	892529.0
blues rock	southern hip hop	1	892529.0
cali rap	classic rock	1	892529.0
classic rock	gangster rap	1	892529.0
classic rock	hip hop	1	892529.0
classic rock	southern hip hop	1	892529.0
cali rap	mexican classic rock	1	892529.0
gangster rap	mexican classic rock	1	892529.0
hip hop	mexican classic rock	1	892529.0
mexican classic rock	southern hip hop	1	892529.0
cali rap	rock	1	892529.0
gangster rap	rock	1	892529.0
hip hop	rock	1	892529.0
rock	southern hip hop	1	892529.0
brostep	pop rock	1	29512528.0
pop rock	progressive electro house	1	29512528.0
melodic dubstep	pop rap	1	1296032.0
atl hip hop	uk pop	1	585235.0
atl trap	uk pop	1	585235.0
atl hip hop	grime	1	585235.0
atl trap	grime	1	585235.0
gangster rap	grime	1	585235.0
grime	melodic rap	1	585235.0
atl hip hop	uk hip hop	1	585235.0
atl trap	uk hip hop	1	585235.0
gangster rap	uk hip hop	1	585235.0
melodic rap	uk hip hop	1	585235.0
pop rap	uk hip hop	1	585235.0
rap	uk hip hop	1	585235.0
trap	uk hip hop	1	585235.0
latin	zimdancehall	1	418587.0
reggaeton flow	zimdancehall	1	418587.0
trap latino	zimdancehall	1	418587.0
hip pop	latin	1	418587.0
latin	queens hip hop	1	418587.0
hip pop	reggaeton flow	1	418587.0
queens hip hop	reggaeton flow	1	418587.0
hip pop	trap latino	1	418587.0
queens hip hop	trap latino	1	418587.0
dance pop	zimdancehall	1	418587.0
hip pop	zimdancehall	1	418587.0
pop	zimdancehall	1	418587.0
pop rap	zimdancehall	1	418587.0
post-teen pop	zimdancehall	1	418587.0
queens hip hop	zimdancehall	1	418587.0
complextro	pop rap	1	3513202.0
german techno	pop rap	1	3513202.0
complextro	r&b	1	3513202.0
electro house	r&b	1	3513202.0
german techno	r&b	1	3513202.0
german techno	rap	1	3513202.0
complextro	urban contemporary	1	3513202.0
electro house	urban contemporary	1	3513202.0
german techno	urban contemporary	1	3513202.0
canadian electronic	dfw rap	1	3217987.0
canadian electronic	melodic rap	1	3217987.0
deep big room	dfw rap	1	3217987.0
deep big room	melodic rap	1	3217987.0
dfw rap	pop edm	1	3217987.0
melodic rap	pop edm	1	3217987.0
canadian electronic	canadian hip hop	1	3217987.0
canadian electronic	toronto rap	1	3217987.0
canadian electronic	trap	1	3217987.0
canadian electronic	trap soul	1	3217987.0
canadian hip hop	deep big room	1	3217987.0
deep big room	toronto rap	1	3217987.0
deep big room	trap	1	3217987.0
deep big room	trap soul	1	3217987.0
canadian hip hop	pop edm	1	3217987.0
pop edm	toronto rap	1	3217987.0
pop edm	trap	1	3217987.0
pop edm	trap soul	1	3217987.0
big room	big room	1	3217987.0
big room	brostep	1	3217987.0
big room	dutch edm	1	3217987.0
big room	trance	1	3217987.0
big room	canadian electronic	1	3217987.0
brostep	canadian electronic	1	3217987.0
canadian electronic	dance pop	1	3217987.0
canadian electronic	dutch edm	1	3217987.0
canadian electronic	edm	1	3217987.0
canadian electronic	electro house	1	3217987.0
canadian electronic	house	1	3217987.0
canadian electronic	trance	1	3217987.0
canadian electronic	tropical house	1	3217987.0
big room	deep big room	1	3217987.0
brostep	deep big room	1	3217987.0
dance pop	deep big room	1	3217987.0
deep big room	dutch edm	1	3217987.0
deep big room	edm	1	3217987.0
deep big room	electro house	1	3217987.0
deep big room	house	1	3217987.0
deep big room	trance	1	3217987.0
deep big room	tropical house	1	3217987.0
brostep	electro house	1	3217987.0
dutch edm	electro house	1	3217987.0
electro house	electro house	1	3217987.0
electro house	trance	1	3217987.0
big room	pop edm	1	3217987.0
brostep	pop edm	1	3217987.0
dutch edm	pop edm	1	3217987.0
house	pop edm	1	3217987.0
pop edm	trance	1	3217987.0
canadian hip hop	dfw rap	1	3217987.0
dfw rap	toronto rap	1	3217987.0
brostep	dfw rap	1	3217987.0
dfw rap	dutch edm	1	3217987.0
dfw rap	edm	1	3217987.0
dfw rap	house	1	3217987.0
dfw rap	trance	1	3217987.0
dfw rap	tropical house	1	3217987.0
brostep	melodic rap	1	3217987.0
dutch edm	melodic rap	1	3217987.0
house	melodic rap	1	3217987.0
melodic rap	trance	1	3217987.0
brostep	canadian hip hop	1	3217987.0
canadian hip hop	dutch edm	1	3217987.0
canadian hip hop	house	1	3217987.0
canadian hip hop	trance	1	3217987.0
brostep	toronto rap	1	3217987.0
dutch edm	toronto rap	1	3217987.0
house	toronto rap	1	3217987.0
toronto rap	trance	1	3217987.0
dutch edm	trap	1	3217987.0
house	trap	1	3217987.0
trance	trap	1	3217987.0
brostep	trap soul	1	3217987.0
dutch edm	trap soul	1	3217987.0
house	trap soul	1	3217987.0
trance	trap soul	1	3217987.0
bmore	boy band	1	5191713.0
bmore	pop rock	1	5191713.0
boy band	edm	1	5191713.0
boy band	moombahton	1	5191713.0
moombahton	pop rock	1	5191713.0
boy band	ninja	1	5191713.0
ninja	pop rock	1	5191713.0
dmv rap	escape room	1	1238787.0
escape room	hip hop	1	1238787.0
escape room	pop rap	1	1238787.0
escape room	rap	1	1238787.0
escape room	trap	1	1238787.0
escape room	underground hip hop	1	1238787.0
escape room	vapor trap	1	1238787.0
dfw rap	dirty south rap	1	762442.0
dfw rap	miami hip hop	1	762442.0
dfw rap	urban contemporary	1	762442.0
atl trap	dance pop	1	3154856.0
dance pop	gangster rap	1	3154856.0
atl trap	post-teen pop	1	3154856.0
gangster rap	post-teen pop	1	3154856.0
country	electropop	1	12708634.0
country pop	electropop	1	12708634.0
electropop	modern country rock	1	12708634.0
complextro	uk pop	1	858890.0
electro	uk pop	1	858890.0
pop rap	puerto rican pop	1	3295435.0
puerto rican pop	rap	1	3295435.0
edm	puerto rican pop	1	3295435.0
edm	trap latino	1	3295435.0
electronic trap	puerto rican pop	1	3295435.0
electronic trap	trap latino	1	3295435.0
dance pop	electronic trap	1	3295435.0
electronic trap	post-teen pop	1	3295435.0
future house	house	1	1956308.0
future house	uk dance	1	1956308.0
house	progressive electro house	1	1956308.0
progressive electro house	uk dance	1	1956308.0
house	progressive house	1	1956308.0
progressive house	uk dance	1	1956308.0
australian pop	canadian pop	1	611965.0
canadian pop	pop edm	1	611965.0
canadian pop	sky room	1	611965.0
australian pop	big room	1	2686817.0
australian pop	progressive house	1	2686817.0
latin	reggae fusion	1	1504996.0
latin hip hop	reggae fusion	1	1504996.0
reggae fusion	reggaeton	1	1504996.0
reggae fusion	tropical	1	1504996.0
atl hip hop	social media pop	1	1296672.0
atl trap	social media pop	1	1296672.0
dirty south rap	social media pop	1	1296672.0
gangster rap	social media pop	1	1296672.0
instrumental grime	social media pop	1	1296672.0
atl trap	dirty south rap	1	1296672.0
atl hip hop	instrumental grime	1	1296672.0
atl trap	instrumental grime	1	1296672.0
dirty south rap	instrumental grime	1	1296672.0
gangster rap	instrumental grime	1	1296672.0
danish electronic	pop	1	1540849.0
danish electronic	post-teen pop	1	1540849.0
big room	talent show	1	1540849.0
danish electronic	talent show	1	1540849.0
electro house	talent show	1	1540849.0
danish electronic	uk pop	1	1540849.0
