source	target	weight	avg_streams
dance pop	pop	224	5384970.855932203
pop rap	rap	198	4031756.5454545454
pop	pop	190	5949794.1
pop	post-teen pop	189	5253863.634782609
pop	pop rap	169	4463146.989690722
hip hop	rap	150	4131938.410958904
pop	rap	148	4674296.989473684
rap	trap	144	4805530.818181818
hip hop	pop rap	133	3406256.516666666
dance pop	post-teen pop	126	4606431.831325301
pop rap	trap	125	3605397.2380952383
pop	tropical house	120	5466776.72368421
rap	rap	115	4200601.534883721
dance pop	pop rap	105	4122603.805555557
edm	pop	103	5471949.388059702
hip hop	trap	97	3710819.3061224488
hip hop	pop	90	3788068.618181818
pop rap	post-teen pop	90	4566460.71875
rap	southern hip hop	89	4532507.117647058
electropop	pop	88	4640466.9344262285
pop rap	pop rap	87	3520035.9827586208
dance pop	tropical house	82	5231506.584905662
dance pop	rap	80	4109018.964912282
pop rap	southern hip hop	79	4268999.634146341
pop	trap	75	3807093.487804878
dance pop	dance pop	71	4695415.542372881
dance pop	edm	71	5314632.0
post-teen pop	rap	69	4136834.22
post-teen pop	tropical house	66	4659068.2
hip hop	southern hip hop	65	3634793.2162162163
southern hip hop	trap	61	4465314.0
edm	post-teen pop	58	4864153.979166667
hip hop	hip hop	57	3134068.5
trap	trap	51	4069363.9714285713
atl hip hop	rap	49	4436947.0
dance pop	hip hop	49	2841904.1875
dance pop	electropop	47	4579101.179487179
electropop	post-teen pop	45	4650141.891891892
post-teen pop	post-teen pop	45	4886592.209302327
dance pop	trap	45	4259760.1875
atl hip hop	pop rap	43	4233826.133333334
pop	southern hip hop	42	3750659.958333334
edm	tropical house	42	3845986.0
post-teen pop	trap	41	3974025.1
hip hop	post-teen pop	41	3423382.888888888
pop	uk pop	40	6359954.703703702
melodic rap	rap	38	4398881.068965517
melodic rap	trap	35	6345753.7
atl hip hop	hip hop	35	3662667.68
electro house	pop	35	5082480.137931035
r&b	rap	32	4483482.692307692
edm	pop rap	32	4696268.5
dance pop	uk pop	32	5820657.48
melodic rap	pop rap	31	5199992.730769231
pop rap	tropical house	31	4579426.136363637
melodic rap	pop	27	6937330.210526316
gangster rap	rap	27	1761916.769230769
pop	uk dance	27	6516138.7272727275
dance pop	southern hip hop	27	2165633.111111111
atl hip hop	pop	26	4882376.0
electropop	tropical house	26	4454078.428571428
tropical house	tropical house	26	3873292.8636363638
gangster rap	hip hop	26	1648690.4285714286
tropical house	uk pop	26	5725443.4
hip pop	rap	25	2656339.333333333
hip hop	melodic rap	25	5691524.0
atl hip hop	trap	25	5237706.25
edm	electropop	25	4029233.304347826
rap	urban contemporary	25	3045580.1052631573
gangster rap	pop rap	25	1830788.6
pop rap	r&b	23	3722858.5
electropop	pop rap	23	5961792.5
canadian pop	rap	23	5276914.882352942
post-teen pop	southern hip hop	23	3827139.875
edm	uk pop	23	6139762.388888889
miami hip hop	rap	22	4587331.94117647
alternative r&b	pop	21	12596130.466666667
post-teen pop	uk dance	21	5964167.894736842
pop	urban contemporary	21	4195584.25
pop rap	urban contemporary	21	3260620.666666666
canadian pop	hip hop	21	4457535.133333334
moombahton	pop	20	2759640.8181818184
pop	progressive house	20	7310973.866666666
gangster rap	trap	20	1776960.0
pop	r&b	20	6945247.666666668
edm	rap	20	4544595.8
dance pop	electro house	20	5614994.470588235
conscious hip hop	pop	19	5231725.625
conscious hip hop	rap	19	4534563.692307692
atl hip hop	southern hip hop	19	4578409.94117647
canadian pop	pop	19	4441237.294117647
hip hop	r&b	19	2502397.2
southern hip hop	southern hip hop	19	3088699.0
electro house	post-teen pop	19	3895630.111111112
dance pop	uk dance	19	7416749.333333332
post-teen pop	uk pop	19	5940596.94117647
queens hip hop	rap	18	2904585.272727273
australian pop	pop	18	4039143.833333334
chicago rap	rap	18	3676001.0
miami hip hop	trap	18	4070034.0
conscious hip hop	pop rap	17	4788980.0
hip pop	pop rap	17	1771184.7777777778
edm	trap	17	4558072.0
rap	tropical house	17	4807162.0
canadian pop	pop rap	17	4576842.2727272725
contemporary country	pop	16	6967178.928571427
melodic rap	southern hip hop	16	6148978.5
indie poptimism	pop	16	6335191.0
latin	pop	16	5001002.555555556
hollywood	show tunes	16	3476631.0
gangster rap	southern hip hop	16	1748780.7777777778
electropop	rap	16	4976181.538461538
hip hop	urban contemporary	16	2805107.4545454546
queens hip hop	trap	15	2345277.727272727
pop	viral pop	15	2806868.6
emo rap	rap	15	3069177.933333333
pop	pop edm	15	6077871.4
edm	edm	15	4106115.1538461535
canadian pop	trap	15	5374439.0
pop rap	queens hip hop	15	1973447.5
chicago rap	pop rap	15	3329865.5
hip hop	hip pop	15	1050824.5
trap	tropical house	15	4934608.727272728
miami hip hop	pop rap	15	3435760.75
hip pop	pop	14	2169795.5
pop	queens hip hop	14	2158849.166666666
dfw rap	trap	14	9198927.214285716
hip pop	trap	14	2562130.7
bmore	pop	14	3335916.7142857136
ninja	pop	14	3335916.7142857136
chicago rap	trap	14	4433871.454545454
electropop	trap	14	2670810.4
canadian hip hop	rap	14	5791476.846153846
rap	toronto rap	14	5037673.692307692
melodic rap	post-teen pop	14	5388106.0
hip hop	miami hip hop	14	3539900.272727273
emo rap	trap	14	2352514.5
atl hip hop	melodic rap	13	5165519.538461538
dance pop	pop edm	13	7378918.636363638
canadian hip hop	trap	13	4573449.833333333
pop	reggaeton	13	5470783.25
dirty south rap	trap	13	3973157.875
east coast hip hop	rap	13	3696098.25
house	pop	13	6924432.888888889
dance pop	urban contemporary	13	1948796.636363636
atl hip hop	post-teen pop	13	5046450.384615385
electro house	rap	13	4898974.0
conscious hip hop	trap	13	3483572.75
hollywood	post-teen pop	12	5205465.571428572
pop	progressive electro house	12	12003223.1
dance pop	progressive house	12	7076190.555555556
big room	pop	12	6849717.555555556
contemporary country	dance pop	12	8803106.7
canadian pop	dance pop	12	4097837.5454545454
canadian hip hop	pop rap	12	3049337.8181818184
dirty south rap	pop rap	12	3973157.875
dirty south rap	rap	12	3973157.875
atl hip hop	dance pop	12	5113698.166666667
conscious hip hop	hip hop	12	3483572.75
detroit hip hop	pop	12	3959486.777777778
electro house	tropical house	12	5150500.125
dance pop	hip pop	11	2217741.1
australian dance	pop	11	5123768.6
canadian hip hop	pop	11	3648737.0
electropop	electropop	11	7080910.0
big room	dance pop	11	6931333.777777777
toronto rap	trap	11	4129409.3
dirty south rap	hip hop	11	4070207.7142857136
electro house	pop rap	11	3079592.8
dance pop	melodic rap	11	8152291.454545454
hip hop	queens hip hop	11	1179073.2857142857
edm	electro house	11	5162851.0
detroit hip hop	pop rap	11	3098054.1428571427
pop rap	uk pop	11	4760880.111111111
rap	west coast rap	10	4371095.111111111
dance pop	queens hip hop	10	2432552.4444444445
hip pop	post-teen pop	10	2268129.7
dfw rap	rap	10	8968068.666666666
pop	pop rock	10	8614448.3
movie tunes	show tunes	10	5649511.8
emo rap	pop rap	10	2146741.4
australian pop	edm	10	3803073.4
dance pop	moombahton	10	3122118.625
alternative r&b	dance pop	10	10322897.9
alternative r&b	post-teen pop	10	12305030.875
dance pop	viral pop	10	3434191.6
post-teen pop	viral pop	10	3386103.2
big room	edm	10	6943882.166666668
big room	tropical house	10	6943882.166666668
post-teen pop	show tunes	10	5743723.0
edm	pop edm	10	8979610.57142857
pop edm	tropical house	10	8753414.142857144
chicago rap	pop	10	3731933.2857142864
east coast hip hop	pop rap	10	2114855.666666666
electro house	electropop	10	3327375.7
dance pop	r&b	10	1284209.111111111
hip pop	southern hip hop	10	1262146.5
queens hip hop	southern hip hop	10	1266090.666666667
pop rap	toronto rap	10	2217267.888888889
alternative r&b	pop rap	10	9690225.625
pop	uk funky	10	7631833.5
east coast hip hop	hip hop	10	1401497.0
metropopolis	pop	10	9117471.5
post-teen pop	queens hip hop	9	2485910.333333333
dance pop	hollywood	9	5457022.333333333
moombahton	post-teen pop	9	3257896.111111112
australian pop	electropop	9	3874072.444444445
dfw rap	pop rap	9	8780184.375
pop	toronto rap	9	2750189.714285714
dance pop	progressive electro house	9	9281413.875
indie poptimism	post-teen pop	9	7419583.777777777
pop edm	post-teen pop	9	6374528.444444444
chicago rap	hip hop	9	5307993.833333333
alternative r&b	electropop	9	12602058.857142854
latin	post-teen pop	9	3076514.8571428573
show tunes	show tunes	9	3476631.0
rap	underground hip hop	9	2683821.0
post-teen pop	progressive house	9	6486222.75
pop rap	uk dance	9	4686654.25
dance pop	gangster rap	9	4334873.666666667
electro house	trap	9	5395442.625
dance pop	uk funky	9	8487958.285714285
canadian hip hop	hip hop	9	2121735.375
hip hop	toronto rap	9	2121735.375
dance pop	latin	9	2868935.666666666
pop rap	west coast rap	8	5322620.571428572
contemporary country	tropical house	8	7178954.5
pop rap	pop rock	8	6258505.625
hollywood	movie tunes	8	5649511.8
australian pop	tropical house	8	3999537.75
dfw rap	pop	8	8783153.0
rap	trap soul	8	9740195.375
dance pop	indie poptimism	8	3795560.5
indie poptimism	tropical house	8	5297666.5
tropical house	viral pop	8	3581626.75
progressive house	tropical house	8	4771911.2
atl hip hop	canadian pop	8	4555135.857142857
contemporary country	post-teen pop	8	9782618.75
hip hop	underground hip hop	8	2487204.5714285714
pop rap	underground hip hop	8	2034958.5
downtempo	pop rap	8	1625757.25
conscious hip hop	southern hip hop	8	4434439.333333333
miami hip hop	pop	8	4853678.333333333
canadian pop	southern hip hop	8	6690836.625
post-teen pop	urban contemporary	8	4237827.625
trap	urban contemporary	8	5345580.2
detroit hip hop	hip hop	8	3654240.6
detroit hip hop	rap	8	3654240.6
gangster rap	hip pop	8	936292.5
detroit hip hop	post-teen pop	8	1361791.142857143
country	dance pop	8	8484195.0
country road	dance pop	8	8484195.0
country	pop	8	8484195.0
country road	pop	8	8484195.0
post-teen pop	uk funky	8	7631833.5
dance pop	reggaeton	8	3194171.4
edm	hip hop	8	3246476.5
edm	southern hip hop	8	2795753.1428571427
hip hop	tropical house	8	3812538.2
southern hip hop	tropical house	8	3192350.666666666
tropical house	uk dance	8	5425086.285714285
uk dance	uk pop	8	8955722.75
pop	west coast rap	7	6198159.0
dance pop	k-pop	7	1137473.7142857143
pop rock	rap	7	6720145.857142857
bmore	dance pop	7	3745315.0
dance pop	ninja	7	3745315.0
australian pop	post-teen pop	7	3920887.7142857136
dfw rap	hip hop	7	9280589.333333334
edm	indie poptimism	7	4208756.857142857
dance pop	talent show	7	3651581.2857142864
pop	talent show	7	3651581.2857142864
edm	viral pop	7	3246711.666666666
edm	progressive house	7	4094600.25
chicago rap	southern hip hop	7	4783689.714285715
dance pop	show tunes	7	6426255.666666668
show tunes	social media pop	7	6426255.666666668
canadian hip hop	dance pop	7	6201166.285714285
east coast hip hop	southern hip hop	7	968453.1666666664
trap	underground hip hop	7	2251918.285714286
house	post-teen pop	7	5380672.333333333
pop rap	progressive house	7	3355424.833333333
post-teen pop	r&b	7	1031381.0
gangster rap	pop	7	5171231.8
electronic trap	pop rap	7	3575887.75
melodic rap	miami hip hop	7	4471623.428571428
cali rap	pop rap	7	1918083.333333333
dance pop	detroit hip hop	7	1468762.6
australian pop	dance pop	7	4917806.714285715
g funk	pop	7	4910305.833333333
dance pop	modern country rock	7	10115595.2
modern country rock	pop	7	10115595.2
florida rap	rap	7	3236095.8
miami hip hop	southern hip hop	7	2509065.8571428573
emo rap	melodic rap	7	2171926.4285714286
canadian pop	tropical house	7	3854906.666666666
art pop	rap	7	3782278.5
progressive electro house	tropical house	7	9015829.75
new orleans rap	rap	7	1358230.6
alternative r&b	rap	7	7023050.166666668
alternative r&b	hip hop	7	6780146.4
contemporary country	electropop	6	6518359.833333332
atl hip hop	dfw rap	6	8291124.5
emo rap	pop	6	3321762.6
post-teen pop	progressive electro house	6	11419896.5
electropop	indie poptimism	6	10565565.666666666
post-teen pop	talent show	6	3987018.166666666
electropop	viral pop	6	4768058.5
atl hip hop	canadian hip hop	6	2446995.2
atl hip hop	toronto rap	6	2446995.2
chicago rap	urban contemporary	6	5167276.666666667
post-teen pop	reggaeton	6	3382141.166666666
latin	reggaeton	6	7076301.75
pop	puerto rican pop	6	4056518.0
canadian pop	post-teen pop	6	3958254.333333334
hollywood	hollywood	6	4122170.0
hollywood	social media pop	6	6426255.666666668
dirty south rap	melodic rap	6	4666298.5
crunk	trap	6	1524528.5
memphis hip hop	trap	6	1524528.5
electro house	pop edm	6	11293787.0
canadian pop	electro house	6	3650777.0
pop rap	vapor trap	6	4465005.5
rap	vapor trap	6	4465005.5
southern hip hop	underground hip hop	6	2342845.5
house	pop rap	6	2367653.4
gangster rap	post-teen pop	6	6419852.75
electronic trap	pop	6	3515563.0
downtempo	rap	6	1625757.25
canadian hip hop	edm	6	7075703.5
edm	melodic rap	6	7740339.25
edm	toronto rap	6	7075703.5
barbadian pop	hip hop	6	1418451.8
conscious hip hop	dance pop	6	6076013.166666668
atl hip hop	conscious hip hop	6	5290497.4
dirty south rap	pop	6	5648508.6
atl hip hop	miami hip hop	6	5787269.333333332
detroit hip hop	gangster rap	6	1842160.5
cali rap	rap	6	1918083.333333333
australian pop	australian pop	6	3688235.666666666
aussietronica	australian pop	6	3093447.4
country	post-teen pop	6	8484195.0
country road	post-teen pop	6	8484195.0
country pop	dance pop	6	12541784.75
country pop	pop	6	12541784.75
etherpop	pop	6	13008497.0
indie r&b	rap	6	1954489.75
hip hop	indie r&b	6	1954489.75
deep big room	tropical house	6	8603901.25
candy pop	pop	6	6027598.333333332
big room	rap	6	9670015.333333334
hardcore hip hop	hip hop	6	1227730.0
electropop	uk pop	6	3986246.6
dance pop	house	6	8998962.0
hip hop	new orleans rap	6	1620900.0
pop	swedish pop	6	2078670.166666667
pop	trap soul	6	5632235.5
electro house	uk pop	6	9369918.2
alternative r&b	trap	6	5264174.25
canadian hip hop	southern hip hop	6	5645953.0
southern hip hop	toronto rap	6	5645953.0
dance pop	k-pop boy group	5	554202.6
bmore	post-teen pop	5	4463286.6
ninja	post-teen pop	5	4463286.6
australian dance	electropop	5	3297686.0
dfw rap	southern hip hop	5	8103141.2
melodic rap	trap soul	5	15249788.2
brostep	pop	5	17087919.8
electropop	pop edm	5	5011033.8
talent show	tropical house	5	3869662.4
chicago rap	dance pop	5	5840059.0
canadian pop	latin	5	3227510.666666666
pop	tropical	5	2279420.666666666
post-teen pop	tropical	5	2279420.666666666
latin	tropical	5	2035101.0
canadian hip hop	post-teen pop	5	3920984.6
dirty south rap	southern hip hop	5	1768095.8
complextro	pop	5	8011866.0
german techno	pop	5	8011866.0
east coast hip hop	trap	5	1131527.2
hip hop	vapor trap	5	5016735.6
trap	vapor trap	5	1435132.8
dance pop	uk contemporary r&b	5	6190642.25
pop	uk contemporary r&b	5	6190642.25
r&b	urban contemporary	5	1012725.2
electropop	moombahton	5	1928311.0
downtempo	trap	5	1625757.25
electropop	melodic rap	5	3099154.0
dance pop	toronto rap	5	5964171.8
canadian hip hop	electro house	5	7075703.5
electro house	toronto rap	5	7075703.5
moombahton	trap	5	2386083.75
canadian pop	conscious hip hop	5	9540083.8
canadian contemporary r&b	hip hop	5	6047633.8
canadian contemporary r&b	rap	5	6047633.8
chicago rap	miami hip hop	5	7364751.2
dirty south rap	post-teen pop	5	5648508.6
miami hip hop	post-teen pop	5	5648508.6
canadian pop	melodic rap	5	4127896.2
emo rap	miami hip hop	5	4855648.5
detroit hip hop	southern hip hop	5	2256232.666666666
atl hip hop	gangster rap	5	2454634.4
cali rap	hip hop	5	1918083.333333333
big room	post-teen pop	5	6781698.8
dance pop	modern alternative rock	5	7130354.666666668
modern alternative rock	pop	5	7130354.666666668
modern country rock	post-teen pop	5	10115595.2
indie poptimism	pop rap	5	10598495.4
florida rap	hip hop	5	3236095.8
florida rap	pop rap	5	3236095.8
florida rap	trap	5	3236095.8
g funk	post-teen pop	5	839748.0
dmv rap	pop	5	5027759.75
brostep	rap	5	6178106.0
pop rap	uk funky	5	7115355.4
canadian pop	edm	5	3977451.8
pop rap	viral pop	5	3467605.8
indie r&b	southern hip hop	5	1954489.75
indie r&b	pop rap	5	2472297.666666666
electropop	hip hop	5	7418594.6
indie pop	pop	5	1215579.25
moombahton	tropical house	5	1706437.75
dance pop	deep big room	5	8603901.25
deep big room	edm	5	8603901.25
deep big room	pop	5	4675404.666666667
edm	progressive electro house	5	4675404.666666667
big room	electro house	5	8707107.666666666
candy pop	dance pop	5	6027598.333333332
dance pop	metropopolis	5	6027598.333333332
edm	metropopolis	5	5043794.25
electro house	southern hip hop	5	3654915.4
latin	pop rap	5	9237064.0
latin	rap	5	10930499.25
pop rap	reggaeton	5	9237064.0
rap	reggaeton	5	10930499.25
house	tropical house	5	4612602.75
hardcore hip hop	rap	5	1753221.0
dance pop	east coast hip hop	5	253636.6
k-pop girl group	pop	5	2595651.5
new orleans rap	pop rap	5	1806986.333333333
swedish pop	tropical house	5	2399016.0
dance pop	trap soul	5	6216904.25
barbadian pop	pop rap	5	1732731.0
barbadian pop	rap	5	1292388.75
uk funky	uk pop	5	6083082.8
tropical house	uk funky	5	7194113.5
east coast hip hop	r&b	5	175399.0
pop rap	trap soul	5	5010376.5
house	rap	5	7338266.0
big room	k-pop	4	640701.0
edm	k-pop	4	640701.0
electro house	k-pop	4	640701.0
k-pop	tropical house	4	640701.0
big room	k-pop boy group	4	640701.0
edm	k-pop boy group	4	640701.0
electro house	k-pop boy group	4	640701.0
k-pop boy group	tropical house	4	640701.0
dance pop	pop rock	4	4439684.25
electropop	pop rock	4	4439684.25
pop rock	post-teen pop	4	4439684.25
australian dance	edm	4	4689537.0
australian dance	tropical house	4	4689537.0
australian dance	post-teen pop	4	3940158.0
dfw rap	trap soul	4	14549556.25
melodic rap	r&b	4	13964887.5
alternative r&b	canadian pop	4	5324134.5
canadian hip hop	r&b	4	2834476.25
canadian pop	r&b	4	2834476.25
r&b	toronto rap	4	2834476.25
chicago rap	emo rap	4	4786303.0
edm	talent show	4	4444616.5
edm	uk dance	4	5198719.0
atl trap	rap	4	1750005.25
neo soul	rap	4	2199592.5
latin	latin	4	7076301.75
post-teen pop	puerto rican pop	4	4056518.0
canadian pop	tropical	4	2797752.5
canadian pop	electropop	4	1845692.0
broadway	show tunes	4	4318965.0
gangster rap	melodic rap	4	1448666.0
contemporary country	edm	4	11980549.5
contemporary country	electro house	4	11980549.5
canadian contemporary r&b	electro house	4	5220125.75
electropop	progressive house	4	2830292.25
electropop	uk dance	4	4639055.75
edm	social media pop	4	8407195.666666666
atl hip hop	hip pop	4	1692897.0
atl hip hop	queens hip hop	4	1692897.0
edm	moombahton	4	3858650.75
dance pop	electronic trap	4	4052839.25
electronic trap	rap	4	3575887.75
electronic trap	trap	4	1638580.333333333
moombahton	rap	4	1793033.333333333
canadian hip hop	tropical house	4	7075703.5
melodic rap	tropical house	4	7740339.25
toronto rap	tropical house	4	7075703.5
electro house	melodic rap	4	8296321.333333332
pop rap	shiver pop	4	2249786.5
modern rock	pop	4	9299075.25
conscious hip hop	urban contemporary	4	4997264.5
chicago rap	post-teen pop	4	5538309.75
conscious hip hop	post-teen pop	4	8557368.0
chicago rap	melodic rap	4	5539993.25
conscious hip hop	melodic rap	4	5052582.75
gangster rap	gangster rap	4	1444350.75
detroit hip hop	trap	4	1707669.5
gangster rap	queens hip hop	4	1707669.5
cali rap	southern hip hop	4	1707669.5
cali rap	trap	4	1707669.5
australian pop	gauze pop	4	3824402.5
australian pop	house	4	4258715.0
rap	uk pop	4	8212727.25
downtempo	hip hop	4	1001728.0
electronica	hip hop	4	1001728.0
electronica	pop rap	4	1001728.0
electronica	rap	4	1001728.0
country pop	post-teen pop	4	12541784.75
atl hip hop	florida rap	4	3768160.25
florida rap	southern hip hop	4	3768160.25
canadian contemporary r&b	pop	4	11039139.0
dance pop	francoton	4	3421002.0
francoton	pop	4	3421002.0
art pop	pop rap	4	4909349.333333333
art pop	southern hip hop	4	2297181.666666666
indie r&b	trap	4	2472297.666666666
art pop	hip hop	4	2297181.666666666
indietronica	rap	4	3321611.0
rap	uk alternative pop	4	3321611.0
hip hop	west coast rap	4	2066198.0
trap	west coast rap	4	2554949.333333333
east coast hip hop	pop	4	1753444.5
indie pop rap	rap	4	4402154.0
danish pop	pop	4	442771.0
dance pop	dutch house	4	4141928.666666666
dutch house	pop	4	4141928.666666666
dutch house	tropical house	4	5309128.0
candy pop	edm	4	5336647.333333333
metropopolis	tropical house	4	4960938.666666667
big room	trap	4	9670015.333333334
progressive house	rap	4	4314488.75
electro house	hip hop	4	4036923.666666666
hip hop	progressive house	4	4036923.666666666
electropop	southern hip hop	4	3814891.25
metropopolis	pop rap	4	6318383.333333332
metropopolis	rap	4	6318383.333333332
australian hip hop	australian pop	4	3367387.0
australian indie	australian pop	4	2360240.5
emo rap	hip hop	4	776862.25
g funk	pop rap	4	3878208.25
g funk	hip hop	4	4951954.666666667
g funk	rap	4	4951954.666666667
k-pop	pop	4	1799837.333333333
edm	latin	4	3716732.5
edm	reggaeton	4	3716732.5
australian indie	electropop	4	2935201.5
moombahton	uk pop	4	5033421.666666667
house	uk pop	4	12620407.25
new orleans rap	trap	4	1806986.333333333
k-pop girl group	post-teen pop	4	707077.0
pop	trap latino	4	15793857.0
edm	swedish pop	4	2853040.25
uk pop	uk pop	4	7132658.5
liquid funk	pop	4	8986929.333333334
alternative r&b	southern hip hop	4	6428088.333333332
east coast hip hop	urban contemporary	4	175399.0
hip hop	trap soul	4	4930834.5
pop edm	rap	4	13113412.0
east coast hip hop	gangster rap	4	323373.0
east coast hip hop	hip pop	4	164915.5
hardcore hip hop	hip pop	4	164915.5
gangster rap	r&b	4	164915.5
hardcore hip hop	r&b	4	164915.5
canadian contemporary r&b	electro	3	3324284.666666666
canadian pop	electro	3	3324284.666666666
electro	pop	3	3324284.666666666
canadian contemporary r&b	filter house	3	3324284.666666666
canadian pop	filter house	3	3324284.666666666
filter house	pop	3	3324284.666666666
dance pop	neo mellow	3	5644697.0
electropop	neo mellow	3	5644697.0
neo mellow	pop	3	5644697.0
neo mellow	post-teen pop	3	5644697.0
hollywood	pop	3	4487789.0
broadway	movie tunes	3	8293539.666666668
dance pop	emo rap	3	5190601.333333333
emo rap	hip pop	3	5190601.333333333
emo rap	post-teen pop	3	5190601.333333333
emo rap	queens hip hop	3	5190601.333333333
australian dance	bmore	3	2966645.666666666
australian pop	bmore	3	2966645.666666666
australian dance	moombahton	3	2966645.666666666
australian pop	moombahton	3	2966645.666666666
australian dance	ninja	3	2966645.666666666
australian pop	ninja	3	2966645.666666666
dfw rap	r&b	3	12602944.666666664
alternative r&b	viral pop	3	2293125.333333333
hip hop	soul	3	3300092.333333333
rap	soul	3	3300092.333333333
brostep	dance pop	3	13219559.666666664
brostep	post-teen pop	3	13219559.666666664
boston hip hop	rap	3	4100838.333333334
indie poptimism	pop edm	3	5443801.666666667
electropop	talent show	3	5379835.333333333
pop edm	talent show	3	5379835.333333333
pop edm	viral pop	3	5971593.333333332
house	uk dance	3	7823591.666666668
atl trap	hip hop	3	1941518.333333333
atl trap	pop rap	3	1941518.333333333
chicago rap	hip pop	3	3183106.666666666
canadian pop	reggaeton	3	3227510.666666666
latin	latin hip hop	3	2035101.0
reggaeton	tropical	3	2035101.0
latin pop	pop	3	2279420.666666666
latin pop	post-teen pop	3	2279420.666666666
broadway	hollywood	3	4318965.0
broadway	post-teen pop	3	4318965.0
movie tunes	post-teen pop	3	4318965.0
canadian hip hop	emo rap	3	5137848.0
east coast hip hop	vapor trap	3	1662408.333333333
southern hip hop	vapor trap	3	1662408.333333333
electropop	house	3	4041951.666666666
pop rap	uk contemporary r&b	3	8202195.0
r&b	r&b	3	373869.66666666674
dance pop	social media pop	3	8407195.666666666
pop	social media pop	3	8407195.666666666
social media pop	tropical house	3	8407195.666666666
dance pop	downtempo	3	1664412.0
edm	electronic trap	3	2274515.666666666
electro house	electronic trap	3	2274515.666666666
electronic trap	tropical house	3	2274515.666666666
pop	shiver pop	3	2743341.0
post-teen pop	toronto rap	3	2005872.666666667
moombahton	pop rap	3	1793033.333333333
pop	rock	3	4325690.333333333
canadian contemporary r&b	conscious hip hop	3	9349814.666666666
conscious hip hop	miami hip hop	3	6950512.333333332
atl hip hop	chicago rap	3	7096280.0
canadian pop	urban contemporary	3	7056340.0
emo rap	emo rap	3	6337287.666666668
detroit hip hop	hip pop	3	1357436.0
detroit hip hop	queens hip hop	3	1357436.0
hip pop	urban contemporary	3	2179789.333333333
queens hip hop	urban contemporary	3	2187677.666666666
downtempo	southern hip hop	3	1001728.0
electronica	southern hip hop	3	1001728.0
electronica	trap	3	1001728.0
modern alternative rock	post-teen pop	3	7130354.666666668
alternative r&b	etherpop	3	13037984.666666664
electropop	etherpop	3	16101179.333333336
etherpop	pop rap	3	16212394.333333336
dance pop	girl group	3	2472621.333333333
girl group	pop	3	2472621.333333333
girl group	pop rap	3	2472621.333333333
girl group	post-teen pop	3	2472621.333333333
pop rap	talent show	3	2472621.333333333
post-teen pop	social media pop	3	6569120.0
canadian hip hop	melodic rap	3	7015250.666666668
melodic rap	toronto rap	3	7015250.666666668
hip hop	progressive electro house	3	3979433.333333334
pop rap	progressive electro house	3	3979433.333333334
progressive electro house	rap	3	3979433.333333334
afro dancehall	pop rap	3	3868526.333333334
afropop	pop rap	3	3868526.333333334
afro dancehall	uk funky	3	3868526.333333334
afropop	uk funky	3	3868526.333333334
alternative r&b	r&b	3	25786676.0
francoton	post-teen pop	3	3421002.0
indietronica	southern hip hop	3	3321611.0
southern hip hop	uk alternative pop	3	3321611.0
art pop	trap	3	3245239.5
southern hip hop	west coast rap	3	3301103.5
art pop	conscious hip hop	3	3321611.0
conscious hip hop	indie r&b	3	3321611.0
conscious hip hop	indietronica	3	3321611.0
hip hop	indietronica	3	3321611.0
conscious hip hop	uk alternative pop	3	3321611.0
hip hop	uk alternative pop	3	3321611.0
indie pop rap	pop rap	3	4402154.0
indie pop rap	pop	3	6623198.666666668
indie pop	post-teen pop	3	1568953.333333333
electro house	indie poptimism	3	4420903.333333333
big room	big room	3	8707107.666666666
big room	deep big room	3	8707107.666666666
big room	progressive house	3	2865966.0
big room	progressive electro house	3	2865966.0
candy pop	tropical house	3	5358790.5
dutch house	edm	3	5309128.0
big room	pop rap	3	4505385.333333333
deep big room	rap	3	14341836.5
progressive house	southern hip hop	3	4036923.666666666
progressive house	trap	3	4036923.666666666
candy pop	pop rap	3	5358790.5
miami hip hop	new orleans rap	3	1932514.666666667
pop rap	trap latino	3	11891580.333333336
rap	trap latino	3	11891580.333333336
dance pop	dfw rap	3	11649110.0
dfw rap	post-teen pop	3	4963361.333333333
edm	house	3	6210126.666666668
edm	vapor soul	3	6544767.0
tropical house	vapor soul	3	6544767.0
escape room	hip hop	3	450894.33333333326
escape room	rap	3	450894.33333333326
hip hop	south african hip hop	3	1575514.0
rap	south african hip hop	3	1575514.0
dance pop	k-pop girl group	3	2595651.5
latin	tropical house	3	1826373.333333333
reggaeton	tropical house	3	1826373.333333333
dance pop	dancehall	3	803327.0
dancehall	pop	3	803327.0
dancehall	tropical house	3	803327.0
australian indie	pop	3	3671002.666666666
edm	urban contemporary	3	8129655.333333332
tropical house	urban contemporary	3	8129655.333333332
electropop	metropopolis	3	4651249.333333333
bmore	trap	3	2522381.0
ninja	trap	3	2522381.0
dutch pop	pop	3	2079858.5
progressive house	uk pop	3	14475523.666666664
dance pop	indie electropop	3	4286741.0
indie electropop	pop	3	4286741.0
dance pop	vapor soul	3	4293648.0
pop	vapor soul	3	5294532.0
tropical house	uk contemporary r&b	3	11897021.5
new orleans rap	southern hip hop	3	1806986.333333333
k-pop	post-teen pop	3	457643.0
deep pop r&b	edm	3	3366860.333333333
emo rap	southern hip hop	3	830273.3333333335
edm	trap soul	3	8073136.333333332
electro house	trap soul	3	11901620.5
philly rap	rap	3	1698248.0
barbadian pop	pop	3	2608256.5
r&b	trap	3	10672262.5
southern hip hop	urban contemporary	3	2358975.333333333
pop edm	uk pop	3	2045719.0
neo soul	pop rap	3	8290536.0
dance pop	neo soul	3	12348170.5
neo soul	pop	3	12348170.5
neo soul	tropical house	3	12348170.5
liquid funk	post-teen pop	3	8986929.333333334
liquid funk	uk pop	3	8986929.333333334
dance pop	liquid funk	3	12660914.0
liquid funk	tropical house	3	12660914.0
afro dancehall	dance pop	3	1683769.0
afropop	dance pop	3	1683769.0
dance pop	ghanaian hip hop	3	1683769.0
dance pop	swedish dancehall	3	1683769.0
afro dancehall	pop	3	1683769.0
afropop	pop	3	1683769.0
ghanaian hip hop	pop	3	1683769.0
pop	swedish dancehall	3	1683769.0
afro dancehall	tropical house	3	1683769.0
afropop	tropical house	3	1683769.0
ghanaian hip hop	tropical house	3	1683769.0
swedish dancehall	tropical house	3	1683769.0
dance pop	puerto rican pop	3	5315283.5
dance pop	swedish pop	3	1908978.0
hip pop	r&b	3	400645.5
norwegian pop	pop	3	1293787.666666667
norwegian pop	tropical house	3	1479508.5
indietronica	pop	3	3640258.333333334
house	trap	3	8068626.666666668
rap	uk dance	3	2987891.0
hip hop	house	3	1908244.5
hip hop	uk dance	3	1908244.5
australian dance	dance pop	3	5815568.0
candy pop	post-teen pop	3	4894256.5
metropopolis	post-teen pop	3	4894256.5
pop edm	trap	3	13113412.0
pop edm	pop rap	3	5837433.0
dance pop	hardcore hip hop	3	164915.5
east coast hip hop	hardcore hip hop	3	153083.0
hardcore hip hop	pop rap	3	153083.0
art pop	pop	3	5984009.5
canadian hip hop	soul	2	4446723.0
canadian pop	soul	2	4446723.0
pop rap	soul	2	4446723.0
soul	toronto rap	2	4446723.0
francoton	latin	2	811512.0
francoton	reggaeton	2	811512.0
emo rap	rap rock	2	258039.5
miami hip hop	rap rock	2	258039.5
boston hip hop	dance pop	2	699977.0
boston hip hop	pop	2	699977.0
boston hip hop	pop rap	2	699977.0
boston hip hop	r&b	2	699977.0
dance pop	reggae fusion	2	788504.5
pop rap	reggae fusion	2	788504.5
reggae fusion	reggae fusion	2	788504.5
aussietronica	uk dance	2	7994810.0
australian pop	uk dance	2	7994810.0
gauze pop	uk dance	2	7994810.0
atl trap	canadian hip hop	2	2671235.5
atl trap	canadian pop	2	2671235.5
atl trap	toronto rap	2	2671235.5
dance pop	outlaw country	2	4885058.5
outlaw country	pop	2	4885058.5
chicago rap	neo soul	2	3782410.5
chicago rap	r&b	2	3782410.5
canadian pop	latin hip hop	2	2797752.5
latin hip hop	pop	2	2797752.5
latin hip hop	post-teen pop	2	2797752.5
latin	latin pop	2	2797752.5
latin	puerto rican pop	2	2797752.5
latin hip hop	latin pop	2	2797752.5
latin hip hop	puerto rican pop	2	2797752.5
latin hip hop	tropical	2	2797752.5
latin pop	reggaeton	2	2797752.5
puerto rican pop	reggaeton	2	2797752.5
latin pop	tropical	2	2797752.5
puerto rican pop	tropical	2	2797752.5
tropical	tropical	2	2797752.5
canadian pop	latin pop	2	2797752.5
canadian pop	puerto rican pop	2	2797752.5
broadway	dance pop	2	4318965.0
broadway	social media pop	2	4318965.0
dance pop	movie tunes	2	4318965.0
movie tunes	social media pop	2	4318965.0
canadian hip hop	hip pop	2	6793652.5
canadian hip hop	queens hip hop	2	6793652.5
crunk	hip hop	2	1524528.5
crunk	melodic rap	2	1524528.5
crunk	pop rap	2	1524528.5
crunk	rap	2	1524528.5
crunk	southern hip hop	2	1524528.5
hip hop	memphis hip hop	2	1524528.5
melodic rap	memphis hip hop	2	1524528.5
memphis hip hop	pop rap	2	1524528.5
memphis hip hop	rap	2	1524528.5
memphis hip hop	southern hip hop	2	1524528.5
contemporary country	pop edm	2	13677890.0
pop edm	texas country	2	13677890.0
complextro	pop edm	2	13677890.0
german techno	pop edm	2	13677890.0
complextro	contemporary country	2	13677890.0
contemporary country	german techno	2	13677890.0
complextro	texas country	2	13677890.0
dance pop	texas country	2	13677890.0
edm	texas country	2	13677890.0
electro house	texas country	2	13677890.0
german techno	texas country	2	13677890.0
pop	texas country	2	13677890.0
post-teen pop	texas country	2	13677890.0
texas country	tropical house	2	13677890.0
chicago rap	toronto rap	2	1893932.0
canadian contemporary r&b	destroy techno	2	1090124.0
canadian pop	destroy techno	2	1090124.0
destroy techno	pop	2	1090124.0
chicago rap	east coast hip hop	2	2316083.5
drill	east coast hip hop	2	2316083.5
east coast hip hop	underground hip hop	2	2316083.5
drill	hip hop	2	2316083.5
drill	pop rap	2	2316083.5
drill	rap	2	2316083.5
drill	southern hip hop	2	2316083.5
drill	trap	2	2316083.5
r&b	uk contemporary r&b	2	484263.0
rap	uk contemporary r&b	2	484263.0
atl trap	dance pop	2	11132036.0
atl trap	pop	2	11132036.0
atl trap	post-teen pop	2	11132036.0
social media pop	uk dance	2	11120603.0
dance pop	teen pop	2	11120603.0
edm	teen pop	2	11120603.0
pop	teen pop	2	11120603.0
teen pop	tropical house	2	11120603.0
teen pop	uk dance	2	11120603.0
downtempo	edm	2	2249786.5
downtempo	electro house	2	2249786.5
downtempo	moombahton	2	2249786.5
downtempo	pop	2	2249786.5
downtempo	tropical house	2	2249786.5
electronic trap	moombahton	2	2249786.5
dance pop	shiver pop	2	2249786.5
edm	shiver pop	2	2249786.5
electro house	shiver pop	2	2249786.5
moombahton	shiver pop	2	2249786.5
shiver pop	tropical house	2	2249786.5
canadian hip hop	downtempo	2	2249786.5
downtempo	melodic rap	2	2249786.5
downtempo	toronto rap	2	2249786.5
canadian hip hop	electronic trap	2	2249786.5
electronic trap	melodic rap	2	2249786.5
electronic trap	toronto rap	2	2249786.5
canadian hip hop	electropop	2	2249786.5
electropop	toronto rap	2	2249786.5
canadian hip hop	shiver pop	2	2249786.5
melodic rap	shiver pop	2	2249786.5
rap	shiver pop	2	2249786.5
shiver pop	toronto rap	2	2249786.5
shiver pop	trap	2	2249786.5
canadian hip hop	moombahton	2	2249786.5
melodic rap	moombahton	2	2249786.5
moombahton	toronto rap	2	2249786.5
edm	modern rock	2	6076212.5
modern rock	tropical house	2	6076212.5
edm	rock	2	6076212.5
rock	tropical house	2	6076212.5
canadian contemporary r&b	west coast rap	2	6816141.0
canadian pop	west coast rap	2	6816141.0
chicago rap	dirty south rap	2	9825487.5
conscious hip hop	dirty south rap	2	9825487.5
canadian pop	chicago rap	2	9825487.5
canadian pop	dirty south rap	2	9825487.5
canadian pop	miami hip hop	2	9825487.5
atl hip hop	dirty south rap	2	9825487.5
atl hip hop	urban contemporary	2	9825487.5
melodic rap	urban contemporary	2	9825487.5
emo rap	lgbtq+ hip hop	2	5482303.5
lgbtq+ hip hop	miami hip hop	2	5482303.5
atl hip hop	detroit hip hop	2	1707669.5
atl hip hop	cali rap	2	1707669.5
cali rap	gangster rap	2	1707669.5
cali rap	detroit hip hop	2	1707669.5
cali rap	dance pop	2	1707669.5
cali rap	hip pop	2	1707669.5
cali rap	pop	2	1707669.5
cali rap	post-teen pop	2	1707669.5
cali rap	queens hip hop	2	1707669.5
aussietronica	australian alternative pop	2	6344226.0
australian alternative pop	australian pop	2	6344226.0
australian alternative pop	edm	2	6344226.0
australian alternative pop	gauze pop	2	6344226.0
australian alternative pop	house	2	6344226.0
detroit hip hop	uk pop	2	13051421.5
g funk	uk pop	2	13051421.5
hip hop	uk pop	2	13051421.5
downtempo	east coast hip hop	2	1001728.0
east coast hip hop	electronica	2	1001728.0
big room	contemporary country	2	10283209.0
big room	country	2	10283209.0
big room	country pop	2	10283209.0
big room	country road	2	10283209.0
big room	modern country rock	2	10283209.0
country	edm	2	10283209.0
country pop	edm	2	10283209.0
country road	edm	2	10283209.0
edm	modern country rock	2	10283209.0
country	electro house	2	10283209.0
country pop	electro house	2	10283209.0
country road	electro house	2	10283209.0
electro house	modern country rock	2	10283209.0
contemporary country	progressive electro house	2	10283209.0
country	progressive electro house	2	10283209.0
country pop	progressive electro house	2	10283209.0
country road	progressive electro house	2	10283209.0
modern country rock	progressive electro house	2	10283209.0
contemporary country	progressive house	2	10283209.0
country	progressive house	2	10283209.0
country pop	progressive house	2	10283209.0
country road	progressive house	2	10283209.0
modern country rock	progressive house	2	10283209.0
country	tropical house	2	10283209.0
country pop	tropical house	2	10283209.0
country road	tropical house	2	10283209.0
modern country rock	tropical house	2	10283209.0
big room	modern alternative rock	2	10283209.0
edm	modern alternative rock	2	10283209.0
electro house	modern alternative rock	2	10283209.0
modern alternative rock	progressive electro house	2	10283209.0
modern alternative rock	progressive house	2	10283209.0
modern alternative rock	tropical house	2	10283209.0
contemporary country	modern alternative rock	2	10283209.0
country	modern alternative rock	2	10283209.0
country pop	modern alternative rock	2	10283209.0
country road	modern alternative rock	2	10283209.0
modern alternative rock	modern country rock	2	10283209.0
alternative r&b	indie poptimism	2	17691752.0
etherpop	post-teen pop	2	17691752.0
girl group	hip pop	2	3106378.5
girl group	queens hip hop	2	3106378.5
hip pop	talent show	2	3106378.5
queens hip hop	talent show	2	3106378.5
hip pop	uk pop	2	3106378.5
queens hip hop	uk pop	2	3106378.5
florida rap	pop	2	2648879.5
florida rap	post-teen pop	2	2648879.5
dirty south rap	florida rap	2	2648879.5
dirty south rap	miami hip hop	2	2648879.5
electropop	nyc pop	2	1216373.5
nyc pop	pop	2	1216373.5
nyc pop	tropical house	2	1216373.5
country	electropop	2	14800360.5
country pop	electropop	2	14800360.5
country road	electropop	2	14800360.5
electropop	modern country rock	2	14800360.5
canadian contemporary r&b	detroit hip hop	2	1094362.5
canadian pop	detroit hip hop	2	1094362.5
canadian contemporary r&b	g funk	2	1094362.5
canadian pop	g funk	2	1094362.5
brostep	conscious hip hop	2	1822009.0
conscious hip hop	progressive electro house	2	1822009.0
brostep	dmv rap	2	1822009.0
dmv rap	progressive electro house	2	1822009.0
brostep	hip hop	2	1822009.0
brostep	pop rap	2	1822009.0
canadian hip hop	uk funky	2	4960905.0
canadian pop	uk funky	2	4960905.0
hip hop	uk funky	2	4960905.0
rap	uk funky	2	4960905.0
toronto rap	uk funky	2	4960905.0
afro dancehall	canadian hip hop	2	4960905.0
afropop	canadian hip hop	2	4960905.0
azonto	canadian hip hop	2	4960905.0
canadian hip hop	nigerian hip hop	2	4960905.0
canadian hip hop	nigerian pop	2	4960905.0
afro dancehall	canadian pop	2	4960905.0
afropop	canadian pop	2	4960905.0
azonto	canadian pop	2	4960905.0
canadian pop	nigerian hip hop	2	4960905.0
canadian pop	nigerian pop	2	4960905.0
afro dancehall	hip hop	2	4960905.0
afropop	hip hop	2	4960905.0
azonto	hip hop	2	4960905.0
hip hop	nigerian hip hop	2	4960905.0
hip hop	nigerian pop	2	4960905.0
azonto	pop rap	2	4960905.0
nigerian hip hop	pop rap	2	4960905.0
nigerian pop	pop rap	2	4960905.0
afro dancehall	rap	2	4960905.0
afropop	rap	2	4960905.0
azonto	rap	2	4960905.0
nigerian hip hop	rap	2	4960905.0
nigerian pop	rap	2	4960905.0
afro dancehall	toronto rap	2	4960905.0
afropop	toronto rap	2	4960905.0
azonto	toronto rap	2	4960905.0
nigerian hip hop	toronto rap	2	4960905.0
nigerian pop	toronto rap	2	4960905.0
azonto	uk funky	2	4960905.0
nigerian hip hop	uk funky	2	4960905.0
nigerian pop	uk funky	2	4960905.0
canadian contemporary r&b	dance pop	2	9350127.5
canadian contemporary r&b	edm	2	9350127.5
canadian contemporary r&b	post-teen pop	2	9350127.5
canadian contemporary r&b	tropical house	2	9350127.5
canadian pop	complextro	2	829568.0
canadian pop	german techno	2	829568.0
complextro	dance pop	2	829568.0
dance pop	german techno	2	829568.0
complextro	electropop	2	6250340.5
electropop	german techno	2	6250340.5
complextro	post-teen pop	2	829568.0
german techno	post-teen pop	2	829568.0
rap	viral pop	2	439982.0
atl hip hop	underground hip hop	2	4225568.5
atl hip hop	west coast rap	2	3301103.5
art pop	underground hip hop	2	3321611.0
indie r&b	underground hip hop	2	3321611.0
indietronica	underground hip hop	2	3321611.0
uk alternative pop	underground hip hop	2	3321611.0
indietronica	pop rap	2	6242156.0
pop rap	uk alternative pop	2	6242156.0
indietronica	trap	2	6242156.0
trap	uk alternative pop	2	6242156.0
hip hop	indie pop rap	2	4402154.0
indie pop rap	southern hip hop	2	4402154.0
indie pop rap	trap	2	4402154.0
dance pop	indie pop rap	2	6702099.5
indie pop rap	post-teen pop	2	6702099.5
indie poptimism	rap	2	8393841.5
electro house	viral pop	2	1591625.0
pop rap	social media pop	2	1748310.5
danish pop	post-teen pop	2	586428.0
dance pop	danish pop	2	586428.0
dance pop	indie pop	2	586428.0
danish pop	edm	2	488373.5
edm	indie pop	2	488373.5
danish pop	moombahton	2	488373.5
indie pop	moombahton	2	488373.5
indie poptimism	moombahton	2	488373.5
indie pop	pop rap	2	2177647.0
danish pop	tropical house	2	488373.5
indie pop	tropical house	2	488373.5
alternative r&b	edm	2	10356563.5
alternative r&b	progressive house	2	10356563.5
alternative r&b	tropical house	2	10356563.5
electro house	progressive house	2	2865966.0
big room	pop edm	2	11898674.5
progressive electro house	progressive house	2	2865966.0
edm	future house	2	3407958.0
future house	pop	2	3407958.0
future house	tropical house	2	3407958.0
trap	uk pop	2	4245001.0
electronic trap	post-teen pop	2	5377134.0
big room	electropop	2	4223287.5
dutch house	post-teen pop	2	5050906.0
metropopolis	progressive electro house	2	16256756.0
big room	southern hip hop	2	4310327.5
deep big room	trap	2	14341836.5
candy pop	rap	2	5358790.5
metropopolis	trap	2	6229758.5
australian hip hop	australian hip hop	2	4966267.0
australian hip hop	australian indie	2	3415902.0
australian hip hop	beatboxing	2	6662177.0
australian pop	beatboxing	2	6662177.0
australian electropop	australian pop	2	895712.0
australian electropop	tropical house	2	1764337.0
detroit hip hop	g funk	2	1976651.5
g funk	gangster rap	2	1976651.5
piano rock	pop rap	2	6250259.5
escape room	southern hip hop	2	324694.5
south african hip hop	underground hip hop	2	1575514.0
gangster rap	underground hip hop	2	1426355.0
gangster rap	south african hip hop	2	2208981.0
pop rap	south african hip hop	2	2208981.0
south african hip hop	southern hip hop	2	2208981.0
south african hip hop	trap	2	2208981.0
atl hip hop	edm	2	3565337.5
atl hip hop	tropical house	2	3565337.5
chicago rap	philly rap	2	1254499.0
melodic rap	melodic rap	2	8315502.5
big room	uk pop	2	3623844.0
dancehall	edm	2	803327.0
dance pop	latin viral pop	2	1273515.0
latin viral pop	pop	2	1273515.0
dance pop	rap latina	2	1273515.0
pop	rap latina	2	1273515.0
melodic rap	underground hip hop	2	972501.5
melodic rap	vapor trap	2	972501.5
australian indie	edm	2	3135563.5
australian hip hop	electropop	2	2275240.5
australian hip hop	indie poptimism	2	2275240.5
australian indie	indie poptimism	2	2275240.5
australian pop	indie poptimism	2	2275240.5
australian hip hop	pop	2	3424853.5
australian indie	tropical house	2	2860323.5
bmore	electropop	2	2160346.0
bmore	tropical house	2	2160346.0
bmore	uk pop	2	6708248.0
electropop	ninja	2	2160346.0
ninja	tropical house	2	2160346.0
ninja	uk pop	2	6708248.0
deep big room	electro house	2	11356682.5
big room	dutch edm	2	11356682.5
dutch edm	electro house	2	11356682.5
electro house	electro house	2	11356682.5
big room	dutch house	2	2323974.0
dutch house	electro house	2	2323974.0
dutch house	progressive electro house	2	2323974.0
electro house	progressive electro house	2	2323974.0
dance pop	dutch pop	2	2079858.5
dutch pop	edm	2	2352187.0
dutch pop	tropical house	2	2352187.0
edm	indie electropop	2	6076573.0
indie electropop	post-teen pop	2	5875745.5
indie electropop	tropical house	2	6076573.0
edm	uk contemporary r&b	2	11897021.5
uk contemporary r&b	uk dance	2	11897021.5
atl trap	trap	2	828775.0
electropop	k-pop girl group	2	707077.0
indie electropop	k-pop girl group	2	707077.0
indie poptimism	k-pop girl group	2	707077.0
k-pop girl group	video game music	2	707077.0
pop	video game music	2	707077.0
post-teen pop	video game music	2	707077.0
dance pop	deep pop r&b	2	3777327.0
deep pop r&b	pop	2	3777327.0
deep pop r&b	tropical house	2	3777327.0
dance pop	g funk	2	585133.5
emo rap	underground hip hop	2	715515.0
miami hip hop	underground hip hop	2	715515.0
reggaeton	reggaeton	2	11354851.0
big room	swedish pop	2	2577036.0
deep pop r&b	electro house	2	2979888.5
trap soul	tropical house	2	11901620.5
glam rock	rock	2	2497716.0
barbadian pop	dance pop	2	2608256.5
r&b	southern hip hop	2	1723446.0
barbadian pop	trap	2	3293809.0
melodic rap	new orleans rap	2	2590457.5
adult standards	canadian pop	2	1294035.5
k-pop	pop rap	2	267291.0
k-pop boy group	pop rap	2	267291.0
edm	neo soul	2	12348170.5
neo soul	uk dance	2	12348170.5
liquid funk	pop rap	2	12660914.0
neo soul	uk pop	2	23638059.0
uk contemporary r&b	uk pop	2	23638059.0
edm	uk funky	2	2402628.0
electro house	uk dance	2	1080355.0
afro dancehall	uk pop	2	1683769.0
afropop	uk pop	2	1683769.0
ghanaian hip hop	uk pop	2	1683769.0
swedish dancehall	uk pop	2	1683769.0
afro dancehall	edm	2	1683769.0
afropop	edm	2	1683769.0
edm	ghanaian hip hop	2	1683769.0
edm	swedish dancehall	2	1683769.0
conscious hip hop	new orleans rap	2	2567859.0
new orleans rap	pop	2	4073077.0
adult standards	dance pop	2	551207.0
contemporary country	hip pop	2	369015.5
country	hip pop	2	369015.5
country road	hip pop	2	369015.5
atl hip hop	atl hip hop	2	347250.5
hip hop	lgbtq+ hip hop	2	616774.5
hip hop	neo soul	2	616774.5
lgbtq+ hip hop	pop rap	2	616774.5
lgbtq+ hip hop	rap	2	616774.5
lgbtq+ hip hop	southern hip hop	2	616774.5
neo soul	southern hip hop	2	616774.5
lgbtq+ hip hop	trap	2	616774.5
neo soul	trap	2	616774.5
miami hip hop	miami hip hop	2	4228993.5
pop edm	pop edm	2	4361882.0
german dance	pop edm	2	2886331.0
alternative r&b	conscious hip hop	2	7308233.5
queens hip hop	r&b	2	412478.0
post-teen pop	trap soul	2	648208.0
dance pop	norwegian pop	2	1479508.5
edm	norwegian pop	2	1479508.5
electro house	norwegian pop	2	1159676.0
aussietronica	electropop	2	3595162.5
australian electropop	electropop	2	3595162.5
electropop	indietronica	2	3595162.5
aussietronica	house	2	2173204.0
australian indie	house	2	2173204.0
australian pop	indietronica	2	1029339.0
aussietronica	pop	2	3595162.5
australian electropop	pop	2	3595162.5
lgbtq+ hip hop	pop	2	607882.0
house	southern hip hop	2	1908244.5
southern hip hop	uk dance	2	1908244.5
trap	uk dance	2	1908244.5
alternative r&b	atl hip hop	2	9554499.0
dance pop	dmv rap	2	8233510.5
conscious hip hop	escape room	2	552180.0
talent show	uk pop	2	1604403.0
aussietronica	gauze pop	2	1304579.0
australian indie	gauze pop	2	1304579.0
neo mellow	pop rap	2	2538441.5
pop	underground hip hop	2	423140.0
dancehall	post-teen pop	2	333139.0
swedish pop	uk dance	2	1799214.0
post-teen pop	swedish pop	2	1799214.0
australian pop	candy pop	2	6328787.5
candy pop	electropop	2	4894256.5
australian pop	metropopolis	2	6328787.5
bmore	rap	2	879527.0
ninja	rap	2	879527.0
alternative r&b	alternative r&b	2	10890583.0
alternative r&b	melodic rap	2	13144142.5
trap	trap soul	2	9233442.0
alternative r&b	trap soul	2	18050716.0
new jersey rap	pop edm	2	5837433.0
pop edm	southern hip hop	2	5837433.0
hardcore hip hop	southern hip hop	2	164915.5
gangster rap	urban contemporary	2	164915.5
hardcore hip hop	urban contemporary	2	164915.5
east coast hip hop	harlem hip hop	2	153083.0
harlem hip hop	hip hop	2	153083.0
harlem hip hop	rap	2	153083.0
gangster rap	hardcore hip hop	2	153083.0
alternative r&b	art pop	2	5984009.5
nz pop	pop	2	8237569.0
nz pop	rap	2	8237569.0
indie r&b	pop	2	2328432.0
australian indie	dance pop	2	3010079.5
australian indie	swedish electropop	2	3010079.5
australian pop	swedish electropop	2	3010079.5
edm	swedish electropop	2	4206924.0
australian indie	swedish synthpop	2	3010079.5
australian pop	swedish synthpop	2	3010079.5
conscious hip hop	r&b	2	169041.5
emo rap	latin	2	8047256.0
emo rap	reggaeton	2	8047256.0
latin	miami hip hop	2	8047256.0
miami hip hop	reggaeton	2	8047256.0
latin	trap	2	8047256.0
reggaeton	trap	2	8047256.0
francoton	pop rap	2	5738077.0
big room	dfw rap	2	20389391.0
big room	melodic rap	2	20389391.0
canadian electronic	rap	2	20389391.0
dfw rap	electro house	2	20389391.0
big room	canadian hip hop	2	20389391.0
big room	toronto rap	2	20389391.0
big room	trap soul	2	20389391.0
dutch edm	rap	2	20389391.0
rap	trance	2	20389391.0
dance pop	trap latino	2	9387810.0
dance pop	finnish pop	1	202650.0
deep euro house	finnish pop	1	202650.0
deep house	finnish pop	1	202650.0
edm	finnish pop	1	202650.0
finnish pop	german dance	1	202650.0
finnish pop	pop	1	202650.0
finnish pop	tropical house	1	202650.0
canadian contemporary r&b	complextro	1	1456267.0
canadian contemporary r&b	german techno	1	1456267.0
channel islands indie	east coast hip hop	1	665811.0
east coast hip hop	vapor soul	1	665811.0
channel islands indie	hip hop	1	665811.0
hip hop	vapor soul	1	665811.0
channel islands indie	pop rap	1	665811.0
pop rap	vapor soul	1	665811.0
channel islands indie	rap	1	665811.0
rap	vapor soul	1	665811.0
channel islands indie	southern hip hop	1	665811.0
southern hip hop	vapor soul	1	665811.0
channel islands indie	trap	1	665811.0
trap	vapor soul	1	665811.0
celtic	new wave pop	1	876000.0
celtic punk	new wave pop	1	876000.0
celtic rock	new wave pop	1	876000.0
folk punk	new wave pop	1	876000.0
irish folk	new wave pop	1	876000.0
new wave pop	punk	1	876000.0
r&b	viral pop	1	729444.0
urban contemporary	viral pop	1	729444.0
latin	r&b	1	1103927.0
r&b	reggaeton	1	1103927.0
francoton	r&b	1	1103927.0
art pop	atl hip hop	1	6242156.0
atl hip hop	indie r&b	1	6242156.0
atl hip hop	indietronica	1	6242156.0
atl hip hop	uk alternative pop	1	6242156.0
art pop	gangster rap	1	6242156.0
gangster rap	indie r&b	1	6242156.0
gangster rap	indietronica	1	6242156.0
gangster rap	uk alternative pop	1	6242156.0
art pop	west coast rap	1	6242156.0
indie r&b	west coast rap	1	6242156.0
indietronica	west coast rap	1	6242156.0
uk alternative pop	west coast rap	1	6242156.0
conscious hip hop	conscious hip hop	1	6242156.0
conscious hip hop	west coast rap	1	6242156.0
conscious hip hop	gangster rap	1	6242156.0
gangster rap	west coast rap	1	6242156.0
conscious hip hop	underground hip hop	1	6242156.0
underground hip hop	west coast rap	1	6242156.0
edm	indie cafe pop	1	4708431.0
indie cafe pop	pop	1	4708431.0
indie cafe pop	tropical house	1	4708431.0
east coast hip hop	indie pop rap	1	6465397.0
etherpop	hip hop	1	13253679.0
hip hop	indie poptimism	1	13253679.0
electropop	indie pop rap	1	13253679.0
etherpop	indie pop rap	1	13253679.0
indie pop rap	indie poptimism	1	13253679.0
etherpop	rap	1	13253679.0
electro house	social media pop	1	2980381.0
electropop	social media pop	1	2980381.0
pop edm	social media pop	1	2980381.0
canadian pop	moombahton	1	821290.0
canadian pop	danish pop	1	821290.0
canadian pop	indie pop	1	821290.0
canadian pop	indie poptimism	1	821290.0
danish pop	electro house	1	821290.0
electro house	indie pop	1	821290.0
danish pop	pop rap	1	821290.0
alternative r&b	brostep	1	21561690.0
alternative r&b	progressive electro house	1	21561690.0
alternative r&b	big room	1	19654845.0
hip hop	viral pop	1	150520.0
indie pop rap	viral pop	1	150520.0
dance pop	future house	1	3407958.0
deep big room	progressive house	1	3407958.0
big room	future house	1	3407958.0
future house	progressive house	1	3407958.0
pop edm	progressive house	1	3407958.0
progressive house	progressive house	1	3407958.0
chicago rap	electropop	1	517765.0
atl hip hop	uk pop	1	4324767.0
southern hip hop	uk pop	1	4324767.0
big room	candy pop	1	8294282.0
big room	metropopolis	1	8294282.0
candy pop	deep big room	1	8294282.0
deep big room	electropop	1	8294282.0
deep big room	metropopolis	1	8294282.0
deep big room	post-teen pop	1	8294282.0
candy pop	dutch house	1	8294282.0
dutch house	electropop	1	8294282.0
dutch house	metropopolis	1	8294282.0
candy pop	electro house	1	8294282.0
electro house	metropopolis	1	8294282.0
candy pop	progressive electro house	1	8294282.0
electropop	progressive electro house	1	8294282.0
candy pop	progressive house	1	8294282.0
metropopolis	progressive house	1	8294282.0
big room	hip hop	1	8294282.0
deep big room	hip hop	1	8294282.0
deep big room	pop rap	1	8294282.0
deep big room	southern hip hop	1	8294282.0
dutch house	hip hop	1	8294282.0
dutch house	pop rap	1	8294282.0
dutch house	rap	1	8294282.0
dutch house	southern hip hop	1	8294282.0
dutch house	trap	1	8294282.0
progressive electro house	southern hip hop	1	8294282.0
progressive electro house	trap	1	8294282.0
candy pop	hip hop	1	8294282.0
candy pop	southern hip hop	1	8294282.0
candy pop	trap	1	8294282.0
hip hop	metropopolis	1	8294282.0
metropopolis	southern hip hop	1	8294282.0
australian indie	beatboxing	1	6662177.0
emo rap	new orleans rap	1	616629.0
canadian hip hop	latin	1	4087027.0
hip hop	latin	1	4087027.0
latin	toronto rap	1	4087027.0
canadian hip hop	reggaeton	1	4087027.0
hip hop	reggaeton	1	4087027.0
reggaeton	toronto rap	1	4087027.0
canadian hip hop	trap latino	1	4087027.0
canadian pop	trap latino	1	4087027.0
hip hop	trap latino	1	4087027.0
toronto rap	trap latino	1	4087027.0
australian electropop	pop edm	1	1630710.0
australian electropop	sky room	1	1630710.0
dfw rap	hip pop	1	6320370.0
hip pop	melodic rap	1	6320370.0
dfw rap	queens hip hop	1	6320370.0
melodic rap	queens hip hop	1	6320370.0
deep tech house	house	1	7481155.0
deep tech house	indie soul	1	7481155.0
deep tech house	new french touch	1	7481155.0
deep tech house	tropical house	1	7481155.0
deep tech house	vapor soul	1	7481155.0
disco house	house	1	7481155.0
disco house	indie soul	1	7481155.0
disco house	new french touch	1	7481155.0
disco house	tropical house	1	7481155.0
disco house	vapor soul	1	7481155.0
edm	indie soul	1	7481155.0
edm	new french touch	1	7481155.0
house	house	1	7481155.0
house	indie soul	1	7481155.0
house	new french touch	1	7481155.0
house	vapor soul	1	7481155.0
house	progressive house	1	7481155.0
indie soul	progressive house	1	7481155.0
new french touch	progressive house	1	7481155.0
progressive house	vapor soul	1	7481155.0
indie soul	tropical house	1	7481155.0
new french touch	tropical house	1	7481155.0
indie soul	uk dance	1	7481155.0
new french touch	uk dance	1	7481155.0
uk dance	vapor soul	1	7481155.0
complextro	rap	1	679015.0
electro	rap	1	679015.0
alternative hip hop	detroit hip hop	1	3353359.0
detroit hip hop	detroit hip hop	1	3353359.0
detroit hip hop	hardcore hip hop	1	3353359.0
detroit hip hop	underground hip hop	1	3353359.0
alternative hip hop	g funk	1	3353359.0
g funk	hardcore hip hop	1	3353359.0
g funk	southern hip hop	1	3353359.0
g funk	underground hip hop	1	3353359.0
alternative hip hop	hip hop	1	3353359.0
alternative hip hop	rap	1	3353359.0
dance pop	modern rock	1	824646.0
dance pop	rock	1	824646.0
dance pop	stomp pop	1	824646.0
electropop	modern alternative rock	1	824646.0
electropop	modern rock	1	824646.0
electropop	rock	1	824646.0
electropop	stomp pop	1	824646.0
pop	stomp pop	1	824646.0
modern rock	post-teen pop	1	824646.0
post-teen pop	rock	1	824646.0
post-teen pop	stomp pop	1	824646.0
modern alternative rock	pop rap	1	824646.0
modern rock	pop rap	1	824646.0
pop rap	rock	1	824646.0
pop rap	stomp pop	1	824646.0
modern alternative rock	rap	1	824646.0
modern rock	rap	1	824646.0
rap	rock	1	824646.0
rap	stomp pop	1	824646.0
electropop	r&b	1	3534004.0
electropop	urban contemporary	1	3534004.0
indie pop	r&b	1	3534004.0
indie pop	rap	1	3534004.0
indie pop	urban contemporary	1	3534004.0
indie poptimism	r&b	1	3534004.0
indie poptimism	urban contemporary	1	3534004.0
birmingham grime	east coast hip hop	1	16524594.0
east coast hip hop	grime	1	16524594.0
east coast hip hop	instrumental grime	1	16524594.0
birmingham grime	hip hop	1	16524594.0
grime	hip hop	1	16524594.0
hip hop	instrumental grime	1	16524594.0
birmingham grime	pop rap	1	16524594.0
grime	pop rap	1	16524594.0
instrumental grime	pop rap	1	16524594.0
birmingham grime	rap	1	16524594.0
grime	rap	1	16524594.0
instrumental grime	rap	1	16524594.0
birmingham grime	southern hip hop	1	16524594.0
grime	southern hip hop	1	16524594.0
instrumental grime	southern hip hop	1	16524594.0
birmingham grime	trap	1	16524594.0
grime	trap	1	16524594.0
instrumental grime	trap	1	16524594.0
edm	eurodance	1	17202643.0
edm	europop	1	17202643.0
edm	italo dance	1	17202643.0
eurodance	tropical house	1	17202643.0
europop	tropical house	1	17202643.0
italo dance	tropical house	1	17202643.0
afrofuturism	east coast hip hop	1	248323.0
art pop	east coast hip hop	1	248323.0
east coast hip hop	electropop	1	248323.0
east coast hip hop	escape room	1	248323.0
east coast hip hop	indie r&b	1	248323.0
east coast hip hop	trip hop	1	248323.0
afrofuturism	hip hop	1	248323.0
hip hop	trip hop	1	248323.0
afrofuturism	pop rap	1	248323.0
escape room	pop rap	1	248323.0
pop rap	trip hop	1	248323.0
afrofuturism	rap	1	248323.0
rap	trip hop	1	248323.0
afrofuturism	southern hip hop	1	248323.0
southern hip hop	trip hop	1	248323.0
afrofuturism	trap	1	248323.0
escape room	trap	1	248323.0
trap	trip hop	1	248323.0
conscious hip hop	south african hip hop	1	942047.0
escape room	south african hip hop	1	942047.0
atl hip hop	south african hip hop	1	2208981.0
electropop	permanent wave	1	8279265.0
permanent wave	pop	1	8279265.0
permanent wave	tropical house	1	8279265.0
k-pop	uk pop	1	4484226.0
k-pop girl group	uk pop	1	4484226.0
melodic rap	philly rap	1	1463175.0
dfw rap	melodic rap	1	15167830.0
edm	latin viral pop	1	1273515.0
latin viral pop	tropical house	1	1273515.0
edm	rap latina	1	1273515.0
rap latina	tropical house	1	1273515.0
dancehall	latin	1	1273515.0
dancehall	latin viral pop	1	1273515.0
latin viral pop	pop rap	1	1273515.0
dancehall	rap latina	1	1273515.0
pop rap	rap latina	1	1273515.0
dancehall	reggaeton	1	1273515.0
conscious hip hop	gqom	1	3582420.0
gqom	hip hop	1	3582420.0
gqom	rap	1	3582420.0
gqom	west coast rap	1	3582420.0
australian hip hop	edm	1	3822683.0
australian hip hop	tropical house	1	3822683.0
edm	r&b	1	14510085.0
r&b	tropical house	1	14510085.0
bmore	metropopolis	1	4165235.0
metropopolis	moombahton	1	4165235.0
metropopolis	ninja	1	4165235.0
deep big room	dutch house	1	2323974.0
deep big room	progressive electro house	1	2323974.0
dance pop	dutch edm	1	2323974.0
dutch edm	dutch house	1	2323974.0
dutch edm	edm	1	2323974.0
dutch edm	pop	1	2323974.0
dutch edm	progressive electro house	1	2323974.0
dutch edm	tropical house	1	2323974.0
dutch house	dutch house	1	2323974.0
big room	electronic trap	1	2323974.0
dutch house	electronic trap	1	2323974.0
electronic trap	progressive electro house	1	2323974.0
progressive electro house	progressive electro house	1	2323974.0
dutch house	progressive house	1	2323974.0
dutch pop	uk pop	1	2352187.0
big room	dutch pop	1	2352187.0
dutch pop	progressive house	1	2352187.0
complextro	indie electropop	1	11044414.0
electro house	indie electropop	1	11044414.0
german techno	indie electropop	1	11044414.0
complextro	indie poptimism	1	11044414.0
german techno	indie poptimism	1	11044414.0
complextro	vapor soul	1	11044414.0
electro house	vapor soul	1	11044414.0
german techno	vapor soul	1	11044414.0
post-teen pop	vapor soul	1	11044414.0
conscious hip hop	pittsburgh rap	1	176706.0
dmv rap	hip hop	1	176706.0
dmv rap	pittsburgh rap	1	176706.0
dmv rap	pop rap	1	176706.0
dmv rap	rap	1	176706.0
dmv rap	southern hip hop	1	176706.0
dmv rap	trap	1	176706.0
hip hop	pittsburgh rap	1	176706.0
pittsburgh rap	pop rap	1	176706.0
pittsburgh rap	rap	1	176706.0
house	uk contemporary r&b	1	155984.0
hip hop	houston rap	1	482084.0
atl trap	new orleans rap	1	482084.0
houston rap	new orleans rap	1	482084.0
new orleans rap	vapor trap	1	482084.0
houston rap	pop rap	1	482084.0
houston rap	rap	1	482084.0
houston rap	trap	1	482084.0
adult standards	hollywood	1	1608972.0
canadian pop	hollywood	1	1608972.0
hollywood	lounge	1	1608972.0
adult standards	show tunes	1	1608972.0
canadian pop	show tunes	1	1608972.0
lounge	show tunes	1	1608972.0
melodic rap	west coast rap	1	360051.0
battle rap	hip hop	1	240044.0
battle rap	new orleans rap	1	240044.0
battle rap	pop rap	1	240044.0
battle rap	rap	1	240044.0
battle rap	trap	1	240044.0
bmore	edm	1	9251261.0
bmore	house	1	9251261.0
house	moombahton	1	9251261.0
edm	ninja	1	9251261.0
house	ninja	1	9251261.0
electropop	k-pop	1	707077.0
indie electropop	k-pop	1	707077.0
indie poptimism	k-pop	1	707077.0
k-pop	k-pop girl group	1	707077.0
k-pop girl group	k-pop girl group	1	707077.0
k-pop	video game music	1	707077.0
electropop	video game music	1	707077.0
indie electropop	video game music	1	707077.0
indie poptimism	video game music	1	707077.0
dance pop	video game music	1	707077.0
r&b	uk pop	1	15005871.0
deep pop r&b	uk dance	1	4140804.0
uk dance	urban contemporary	1	4140804.0
detroit hip hop	r&b	1	513298.0
g funk	r&b	1	513298.0
conscious hip hop	emo rap	1	1200562.0
emo rap	gangster rap	1	1200562.0
gangster rap	miami hip hop	1	1200562.0
latin	trap latino	1	22199904.0
reggaeton	trap latino	1	22199904.0
uk dance	viral pop	1	1210328.0
progressive house	swedish pop	1	3025566.0
chicago rap	underground hip hop	1	238648.0
chicago rap	vapor trap	1	238648.0
album rock	glam rock	1	2497716.0
album rock	rock	1	2497716.0
art rock	glam rock	1	2497716.0
art rock	rock	1	2497716.0
classic rock	glam rock	1	2497716.0
classic rock	rock	1	2497716.0
dance rock	glam rock	1	2497716.0
dance rock	rock	1	2497716.0
glam rock	glam rock	1	2497716.0
glam rock	permanent wave	1	2497716.0
permanent wave	rock	1	2497716.0
glam rock	protopunk	1	2497716.0
protopunk	rock	1	2497716.0
rock	rock	1	2497716.0
sleep	soundtrack	1	471071.0
barbadian pop	dirty south rap	1	3293809.0
dance pop	dirty south rap	1	3293809.0
dirty south rap	r&b	1	3293809.0
dirty south rap	urban contemporary	1	3293809.0
barbadian pop	miami hip hop	1	3293809.0
dance pop	miami hip hop	1	3293809.0
miami hip hop	r&b	1	3293809.0
miami hip hop	urban contemporary	1	3293809.0
barbadian pop	southern hip hop	1	3293809.0
barbadian pop	urban contemporary	1	3293809.0
urban contemporary	urban contemporary	1	3293809.0
florida rap	new orleans rap	1	1107838.0
edm	girl group	1	1205107.0
electro house	girl group	1	1205107.0
electro house	talent show	1	1205107.0
electropop	girl group	1	1205107.0
girl group	pop edm	1	1205107.0
girl group	tropical house	1	1205107.0
aussietronica	melbourne bounce	1	684855.0
melbourne bounce	tropical house	1	684855.0
g funk	hip pop	1	656969.0
g funk	queens hip hop	1	656969.0
adult standards	adult standards	1	1896494.0
adult standards	easy listening	1	1896494.0
adult standards	swing	1	1896494.0
canadian pop	easy listening	1	1896494.0
canadian pop	swing	1	1896494.0
adult standards	lounge	1	1896494.0
easy listening	lounge	1	1896494.0
lounge	swing	1	1896494.0
k-pop	rap	1	326373.0
k-pop	southern hip hop	1	326373.0
k-pop	trap	1	326373.0
k-pop	viral trap	1	326373.0
k-pop boy group	rap	1	326373.0
k-pop boy group	southern hip hop	1	326373.0
k-pop boy group	trap	1	326373.0
k-pop boy group	viral trap	1	326373.0
big room	viral trap	1	326373.0
dance pop	viral trap	1	326373.0
edm	viral trap	1	326373.0
electro house	viral trap	1	326373.0
tropical house	viral trap	1	326373.0
neo soul	post-teen pop	1	23638059.0
post-teen pop	uk contemporary r&b	1	23638059.0
liquid funk	neo soul	1	23638059.0
neo soul	uk funky	1	23638059.0
liquid funk	uk contemporary r&b	1	23638059.0
uk contemporary r&b	uk funky	1	23638059.0
brostep	tropical house	1	22037105.0
brostep	uk pop	1	22037105.0
progressive electro house	uk pop	1	22037105.0
afro dancehall	post-teen pop	1	1683769.0
afropop	post-teen pop	1	1683769.0
ghanaian hip hop	post-teen pop	1	1683769.0
post-teen pop	swedish dancehall	1	1683769.0
afro dancehall	electro house	1	1683769.0
afropop	electro house	1	1683769.0
electro house	ghanaian hip hop	1	1683769.0
electro house	swedish dancehall	1	1683769.0
afro dancehall	moombahton	1	1683769.0
afropop	moombahton	1	1683769.0
ghanaian hip hop	moombahton	1	1683769.0
moombahton	swedish dancehall	1	1683769.0
ghanaian hip hop	pop rap	1	1683769.0
pop rap	swedish dancehall	1	1683769.0
edm	liquid funk	1	1683769.0
electro house	liquid funk	1	1683769.0
electro house	uk funky	1	1683769.0
liquid funk	moombahton	1	1683769.0
moombahton	uk dance	1	1683769.0
moombahton	uk funky	1	1683769.0
afro dancehall	liquid funk	1	1683769.0
afro dancehall	uk dance	1	1683769.0
afropop	liquid funk	1	1683769.0
afropop	uk dance	1	1683769.0
ghanaian hip hop	liquid funk	1	1683769.0
ghanaian hip hop	uk dance	1	1683769.0
ghanaian hip hop	uk funky	1	1683769.0
liquid funk	swedish dancehall	1	1683769.0
swedish dancehall	uk dance	1	1683769.0
swedish dancehall	uk funky	1	1683769.0
chicago rap	new orleans rap	1	4073077.0
dance pop	new orleans rap	1	4073077.0
dirty south rap	new orleans rap	1	4073077.0
new orleans rap	urban contemporary	1	4073077.0
canadian pop	new orleans rap	1	4073077.0
new orleans rap	post-teen pop	1	4073077.0
atl hip hop	new orleans rap	1	4073077.0
adult standards	hip pop	1	410837.0
adult standards	pop	1	410837.0
adult standards	post-teen pop	1	410837.0
hip pop	modern country rock	1	410837.0
canadian contemporary r&b	house	1	17243988.0
canadian pop	house	1	17243988.0
canadian contemporary r&b	progressive house	1	17243988.0
canadian pop	progressive house	1	17243988.0
canadian contemporary r&b	uk dance	1	17243988.0
canadian pop	uk dance	1	17243988.0
canadian contemporary r&b	uk pop	1	17243988.0
canadian pop	uk pop	1	17243988.0
latin hip hop	reggaeton	1	509798.0
electropop	swedish pop	1	582919.0
electropop	latin	1	2518068.0
electropop	reggaeton	1	2518068.0
alternative r&b	east coast hip hop	1	175267.0
east coast hip hop	lgbtq+ hip hop	1	175267.0
east coast hip hop	neo soul	1	175267.0
emo rap	florida rap	1	410731.0
florida rap	miami hip hop	1	410731.0
dance pop	latin pop	1	1242757.0
dance pop	tropical	1	1242757.0
new orleans rap	west coast rap	1	1062641.0
barbadian pop	canadian hip hop	1	1518045.0
canadian hip hop	urban contemporary	1	1518045.0
barbadian pop	canadian pop	1	1518045.0
barbadian pop	toronto rap	1	1518045.0
toronto rap	urban contemporary	1	1518045.0
chicago rap	queens hip hop	1	1984499.0
barbadian pop	east coast hip hop	1	196366.0
east coast hip hop	post-teen pop	1	196366.0
german dance	uk pop	1	2886331.0
dance pop	german dance	1	2886331.0
edm	german dance	1	2886331.0
electropop	german dance	1	2886331.0
german dance	pop	1	2886331.0
german dance	post-teen pop	1	2886331.0
german dance	tropical house	1	2886331.0
alternative r&b	nc hip hop	1	199305.0
atl hip hop	nc hip hop	1	199305.0
hip hop	nc hip hop	1	199305.0
melodic rap	nc hip hop	1	199305.0
nc hip hop	pop	1	199305.0
nc hip hop	pop rap	1	199305.0
nc hip hop	rap	1	199305.0
nc hip hop	trap	1	199305.0
hip pop	k-pop	1	208209.0
k-pop	queens hip hop	1	208209.0
hip pop	k-pop boy group	1	208209.0
k-pop boy group	pop	1	208209.0
k-pop boy group	post-teen pop	1	208209.0
k-pop boy group	queens hip hop	1	208209.0
afro house	gqom	1	337414.0
gqom	gqom	1	337414.0
gqom	kwaito house	1	337414.0
trap soul	urban contemporary	1	648208.0
hip pop	trap soul	1	648208.0
queens hip hop	trap soul	1	648208.0
electropop	norwegian pop	1	1397006.0
indie poptimism	norwegian pop	1	1397006.0
dance pop	norwegian indie	1	1397006.0
edm	norwegian indie	1	1397006.0
electro house	norwegian indie	1	1397006.0
norwegian indie	norwegian pop	1	1397006.0
norwegian indie	pop	1	1397006.0
norwegian indie	pop edm	1	1397006.0
norwegian indie	tropical house	1	1397006.0
norwegian pop	norwegian pop	1	1397006.0
norwegian pop	pop edm	1	1397006.0
dutch pop	post-teen pop	1	1807530.0
dutch house	viral pop	1	1807530.0
dutch pop	viral pop	1	1807530.0
basshall	dance pop	1	1807530.0
basshall	pop	1	1807530.0
basshall	post-teen pop	1	1807530.0
basshall	viral pop	1	1807530.0
basshall	dutch house	1	1807530.0
basshall	dutch pop	1	1807530.0
basshall	tropical house	1	1807530.0
australian pop	big room	1	152293.0
big room	viral pop	1	152293.0
australian pop	progressive house	1	152293.0
progressive house	viral pop	1	152293.0
canadian hip hop	philly rap	1	2350673.0
canadian pop	philly rap	1	2350673.0
hip hop	philly rap	1	2350673.0
philly rap	pop rap	1	2350673.0
philly rap	toronto rap	1	2350673.0
album rock	experimental rock	1	2247808.0
art rock	experimental rock	1	2247808.0
classic rock	experimental rock	1	2247808.0
experimental rock	folk rock	1	2247808.0
experimental rock	mellow gold	1	2247808.0
experimental rock	psychedelic rock	1	2247808.0
experimental rock	rock	1	2247808.0
album rock	experimental	1	2247808.0
album rock	experimental pop	1	2247808.0
art rock	experimental	1	2247808.0
art rock	experimental pop	1	2247808.0
classic rock	experimental	1	2247808.0
classic rock	experimental pop	1	2247808.0
experimental	folk rock	1	2247808.0
experimental pop	folk rock	1	2247808.0
experimental	mellow gold	1	2247808.0
experimental pop	mellow gold	1	2247808.0
experimental	psychedelic rock	1	2247808.0
experimental pop	psychedelic rock	1	2247808.0
experimental	rock	1	2247808.0
experimental pop	rock	1	2247808.0
experimental	experimental rock	1	2247808.0
experimental pop	experimental rock	1	2247808.0
australian electropop	house	1	1897964.0
house	indietronica	1	1897964.0
aussietronica	indietronica	1	1897964.0
australian electropop	indietronica	1	1897964.0
australian indie	indietronica	1	1897964.0
edm	indietronica	1	1897964.0
indietronica	indietronica	1	1897964.0
aussietronica	tropical house	1	1897964.0
indietronica	tropical house	1	1897964.0
dance pop	lgbtq+ hip hop	1	1058282.0
edm	lgbtq+ hip hop	1	1058282.0
alternative r&b	electro house	1	1058282.0
electro house	lgbtq+ hip hop	1	1058282.0
electro house	neo soul	1	1058282.0
alternative r&b	house	1	1058282.0
house	lgbtq+ hip hop	1	1058282.0
house	neo soul	1	1058282.0
lgbtq+ hip hop	progressive house	1	1058282.0
neo soul	progressive house	1	1058282.0
lgbtq+ hip hop	tropical house	1	1058282.0
alternative r&b	uk dance	1	1058282.0
lgbtq+ hip hop	uk dance	1	1058282.0
atl hip hop	electro house	1	1058282.0
atl hip hop	house	1	1058282.0
atl hip hop	progressive house	1	1058282.0
atl hip hop	uk dance	1	1058282.0
atl hip hop	lgbtq+ hip hop	1	1058282.0
atl hip hop	neo soul	1	1058282.0
alternative r&b	canadian contemporary r&b	1	14417162.0
canadian contemporary r&b	dmv rap	1	14417162.0
canadian contemporary r&b	pop rap	1	14417162.0
canadian pop	dmv rap	1	14417162.0
conscious hip hop	electropop	1	14417162.0
dmv rap	electropop	1	14417162.0
dmv rap	post-teen pop	1	14417162.0
alternative r&b	dmv rap	1	14417162.0
escape room	west coast rap	1	703294.0
liquid funk	talent show	1	1638960.0
talent show	uk dance	1	1638960.0
talent show	uk funky	1	1638960.0
aussietronica	aussietronica	1	2448444.0
aussietronica	australian indie	1	2448444.0
aussietronica	edm	1	2448444.0
atl hip hop	emo rap	1	1175466.0
atl trap	emo rap	1	1175466.0
australian hip hop	neo mellow	1	3027024.0
australian hip hop	pop rock	1	3027024.0
australian hip hop	uk pop	1	3027024.0
australian hip hop	viral pop	1	3027024.0
electropop	uk funky	1	14519159.0
atl hip hop	social media pop	1	516240.0
hip hop	social media pop	1	516240.0
melodic rap	social media pop	1	516240.0
rap	social media pop	1	516240.0
social media pop	southern hip hop	1	516240.0
social media pop	trap	1	516240.0
social media pop	underground hip hop	1	516240.0
atl hip hop	trap queen	1	516240.0
hip hop	trap queen	1	516240.0
melodic rap	trap queen	1	516240.0
pop rap	trap queen	1	516240.0
rap	trap queen	1	516240.0
southern hip hop	trap queen	1	516240.0
trap	trap queen	1	516240.0
trap queen	underground hip hop	1	516240.0
chicago rap	rap rock	1	320145.0
rap	rap rock	1	320145.0
dancehall	uk pop	1	333139.0
dancehall	uk dance	1	333139.0
dancehall	uk funky	1	333139.0
electro house	swedish pop	1	476941.0
dfw rap	indie pop rap	1	2338911.0
indie pop rap	melodic rap	1	2338911.0
cali rap	indie pop rap	1	2338911.0
gangster rap	indie pop rap	1	2338911.0
cali rap	dfw rap	1	2338911.0
dfw rap	gangster rap	1	2338911.0
cali rap	melodic rap	1	2338911.0
candy pop	viral pop	1	7365214.0
metropopolis	viral pop	1	7365214.0
bmore	hip hop	1	879527.0
bmore	pop rap	1	879527.0
bmore	southern hip hop	1	879527.0
hip hop	moombahton	1	879527.0
moombahton	southern hip hop	1	879527.0
hip hop	ninja	1	879527.0
ninja	pop rap	1	879527.0
ninja	southern hip hop	1	879527.0
bmore	emo rap	1	879527.0
bmore	miami hip hop	1	879527.0
edm	emo rap	1	879527.0
edm	miami hip hop	1	879527.0
electropop	emo rap	1	879527.0
electropop	miami hip hop	1	879527.0
emo rap	moombahton	1	879527.0
miami hip hop	moombahton	1	879527.0
emo rap	ninja	1	879527.0
miami hip hop	ninja	1	879527.0
emo rap	tropical house	1	879527.0
miami hip hop	tropical house	1	879527.0
atl hip hop	r&b	1	18050716.0
atl hip hop	trap soul	1	18050716.0
etherpop	tropical house	1	12920034.0
dance pop	new jersey rap	1	5837433.0
edm	new jersey rap	1	5837433.0
electro house	new jersey rap	1	5837433.0
electropop	new jersey rap	1	5837433.0
new jersey rap	pop	1	5837433.0
new jersey rap	pop rap	1	5837433.0
new jersey rap	post-teen pop	1	5837433.0
new jersey rap	tropical house	1	5837433.0
emo rap	toronto rap	1	1826239.0
emo rap	nyc rap	1	1337717.0
nyc rap	rap	1	1337717.0
nyc rap	trap	1	1337717.0
r&b	underground hip hop	1	330040.0
trap soul	underground hip hop	1	330040.0
dance pop	harlem hip hop	1	153083.0
harlem hip hop	hip pop	1	153083.0
hip pop	hip pop	1	153083.0
harlem hip hop	pop rap	1	153083.0
harlem hip hop	r&b	1	153083.0
east coast hip hop	east coast hip hop	1	153083.0
hardcore hip hop	hardcore hip hop	1	153083.0
gangster rap	harlem hip hop	1	153083.0
hardcore hip hop	harlem hip hop	1	153083.0
atl hip hop	east coast hip hop	1	493663.0
dirty south rap	east coast hip hop	1	493663.0
atl hip hop	downtempo	1	493663.0
dirty south rap	downtempo	1	493663.0
downtempo	gangster rap	1	493663.0
atl hip hop	electronica	1	493663.0
dance pop	electronica	1	493663.0
dirty south rap	electronica	1	493663.0
electronica	gangster rap	1	493663.0
emo rap	vapor trap	1	230468.0
miami hip hop	vapor trap	1	230468.0
complextro	viral pop	1	202869.0
german techno	viral pop	1	202869.0
electronic trap	hip hop	1	416168.0
electronic trap	southern hip hop	1	416168.0
electronic trap	trap soul	1	416168.0
southern hip hop	trap soul	1	416168.0
canadian hip hop	gangster rap	1	406696.0
canadian pop	gangster rap	1	406696.0
gangster rap	toronto rap	1	406696.0
brostep	deep pop r&b	1	2545927.0
complextro	deep pop r&b	1	2545927.0
deep pop r&b	electro	1	2545927.0
contemporary country	europop	1	327194.0
contemporary country	pop rock	1	327194.0
contemporary country	urban contemporary	1	327194.0
country	europop	1	327194.0
country	pop rock	1	327194.0
country	urban contemporary	1	327194.0
country road	europop	1	327194.0
country road	pop rock	1	327194.0
country road	urban contemporary	1	327194.0
dance pop	oklahoma country	1	327194.0
europop	oklahoma country	1	327194.0
hip pop	oklahoma country	1	327194.0
oklahoma country	pop	1	327194.0
oklahoma country	pop rock	1	327194.0
oklahoma country	post-teen pop	1	327194.0
oklahoma country	urban contemporary	1	327194.0
adult standards	deep adult standards	1	284107.0
adult standards	vocal harmony group	1	284107.0
brill building pop	deep adult standards	1	284107.0
brill building pop	vocal harmony group	1	284107.0
deep adult standards	easy listening	1	284107.0
easy listening	vocal harmony group	1	284107.0
deep adult standards	lounge	1	284107.0
lounge	vocal harmony group	1	284107.0
bmore	danish pop	1	155457.0
bmore	indie pop	1	155457.0
bmore	indie poptimism	1	155457.0
danish pop	electropop	1	155457.0
electropop	indie pop	1	155457.0
danish pop	ninja	1	155457.0
indie pop	ninja	1	155457.0
indie poptimism	ninja	1	155457.0
alternative r&b	metropopolis	1	8237569.0
alternative r&b	nz pop	1	8237569.0
alternative r&b	dfw rap	1	8237569.0
art pop	dfw rap	1	8237569.0
art pop	melodic rap	1	8237569.0
dfw rap	electropop	1	8237569.0
dfw rap	metropopolis	1	8237569.0
melodic rap	metropopolis	1	8237569.0
dfw rap	nz pop	1	8237569.0
melodic rap	nz pop	1	8237569.0
nz pop	pop rap	1	8237569.0
canadian pop	dfw rap	1	332145.0
alternative r&b	chillwave	1	3730450.0
chillwave	pop	1	3730450.0
alternative r&b	escape room	1	3730450.0
escape room	pop	1	3730450.0
alternative r&b	experimental pop	1	3730450.0
experimental pop	pop	1	3730450.0
alternative r&b	indie r&b	1	3730450.0
alternative r&b	indietronica	1	3730450.0
alternative r&b	shimmer pop	1	3730450.0
pop	shimmer pop	1	3730450.0
alternative r&b	shiver pop	1	3730450.0
alternative r&b	vapor soul	1	3730450.0
boston hip hop	detroit hip hop	1	10902561.0
boston hip hop	g funk	1	10902561.0
boston hip hop	hip hop	1	10902561.0
deep pop edm	electro house	1	922346.0
deep pop edm	norwegian pop	1	922346.0
canadian hip hop	indie r&b	1	926414.0
canadian pop	indie r&b	1	926414.0
indie r&b	toronto rap	1	926414.0
canadian hip hop	trap soul	1	926414.0
canadian pop	trap soul	1	926414.0
toronto rap	trap soul	1	926414.0
indie r&b	r&b	1	926414.0
indie r&b	trap soul	1	926414.0
aussietronica	candy pop	1	5292361.0
australian electropop	candy pop	1	5292361.0
australian indie	candy pop	1	5292361.0
candy pop	indietronica	1	5292361.0
aussietronica	dance pop	1	5292361.0
australian electropop	dance pop	1	5292361.0
dance pop	indietronica	1	5292361.0
aussietronica	metropopolis	1	5292361.0
australian electropop	metropopolis	1	5292361.0
australian indie	metropopolis	1	5292361.0
indietronica	metropopolis	1	5292361.0
aussietronica	swedish electropop	1	5292361.0
australian electropop	swedish electropop	1	5292361.0
indietronica	swedish electropop	1	5292361.0
aussietronica	swedish synthpop	1	5292361.0
australian electropop	swedish synthpop	1	5292361.0
edm	swedish synthpop	1	5292361.0
indietronica	swedish synthpop	1	5292361.0
brostep	emo rap	1	157482.0
emo rap	progressive electro house	1	157482.0
brostep	lgbtq+ hip hop	1	157482.0
lgbtq+ hip hop	progressive electro house	1	157482.0
canadian hip hop	vapor trap	1	19614369.0
canadian pop	vapor trap	1	19614369.0
toronto rap	vapor trap	1	19614369.0
adult standards	hip hop	1	1006831.0
hip hop	jump blues	1	1006831.0
hip hop	lounge	1	1006831.0
hip hop	swing	1	1006831.0
hip hop	vocal jazz	1	1006831.0
adult standards	rap	1	1006831.0
jump blues	rap	1	1006831.0
lounge	rap	1	1006831.0
rap	swing	1	1006831.0
rap	vocal jazz	1	1006831.0
adult standards	underground hip hop	1	1006831.0
jump blues	underground hip hop	1	1006831.0
lounge	underground hip hop	1	1006831.0
soul	underground hip hop	1	1006831.0
swing	underground hip hop	1	1006831.0
underground hip hop	vocal jazz	1	1006831.0
house	norwegian pop	1	1562011.0
norwegian pop	uk dance	1	1562011.0
canadian hip hop	east coast hip hop	1	944824.0
canadian pop	east coast hip hop	1	944824.0
east coast hip hop	toronto rap	1	944824.0
detroit hip hop	edm	1	2758207.0
detroit hip hop	electro house	1	2758207.0
detroit hip hop	house	1	2758207.0
detroit hip hop	progressive house	1	2758207.0
detroit hip hop	tropical house	1	2758207.0
detroit hip hop	uk dance	1	2758207.0
adult standards	canadian country	1	691577.0
adult standards	country	1	691577.0
adult standards	country dawn	1	691577.0
canadian country	canadian pop	1	691577.0
canadian pop	canadian pop	1	691577.0
canadian pop	country	1	691577.0
canadian pop	country dawn	1	691577.0
canadian country	lounge	1	691577.0
canadian pop	lounge	1	691577.0
country	lounge	1	691577.0
country dawn	lounge	1	691577.0
dance pop	lounge	1	691577.0
candy pop	uk pop	1	2423299.0
metropopolis	uk pop	1	2423299.0
conscious hip hop	deep pop r&b	1	176748.0
conscious hip hop	hip pop	1	176748.0
deep pop r&b	east coast hip hop	1	176748.0
deep pop r&b	gangster rap	1	176748.0
deep pop r&b	hardcore hip hop	1	176748.0
hardcore hip hop	pop	1	176748.0
hardcore hip hop	trap	1	176748.0
deep pop r&b	hip hop	1	176748.0
deep pop r&b	queens hip hop	1	176748.0
hip pop	queens hip hop	1	176748.0
deep pop r&b	rap	1	176748.0
australian dance	uk pop	1	6860695.0
australian pop	uk pop	1	6860695.0
dance pop	scandipop	1	3121487.0
dance pop	swedish electropop	1	3121487.0
edm	scandipop	1	3121487.0
pop	scandipop	1	3121487.0
pop	swedish electropop	1	3121487.0
post-teen pop	scandipop	1	3121487.0
post-teen pop	swedish electropop	1	3121487.0
scandipop	tropical house	1	3121487.0
swedish electropop	tropical house	1	3121487.0
scandipop	uk dance	1	3121487.0
swedish electropop	uk dance	1	3121487.0
scandipop	uk funky	1	3121487.0
swedish electropop	uk funky	1	3121487.0
swedish pop	uk funky	1	3121487.0
comedy rap	dance pop	1	17355574.0
comedy rap	pop	1	17355574.0
comedy rap	pop rap	1	17355574.0
comedy rap	r&b	1	17355574.0
comedy rap	rap	1	17355574.0
detroit hip hop	west coast rap	1	599944.0
g funk	g funk	1	599944.0
g funk	west coast rap	1	599944.0
australian electropop	gauze pop	1	160714.0
edm	gauze pop	1	160714.0
gauze pop	indietronica	1	160714.0
edm	hip pop	1	5738077.0
edm	queens hip hop	1	5738077.0
hip pop	tropical house	1	5738077.0
queens hip hop	tropical house	1	5738077.0
edm	francoton	1	5738077.0
francoton	tropical house	1	5738077.0
francoton	urban contemporary	1	5738077.0
francoton	hip pop	1	5738077.0
francoton	queens hip hop	1	5738077.0
underground hip hop	underground hip hop	1	643729.0
barbadian pop	conscious hip hop	1	161335.0
barbadian pop	west coast rap	1	161335.0
dance pop	west coast rap	1	161335.0
post-teen pop	west coast rap	1	161335.0
r&b	west coast rap	1	161335.0
urban contemporary	west coast rap	1	161335.0
alternative hip hop	escape room	1	401066.0
escape room	underground hip hop	1	401066.0
alternative hip hop	art pop	1	401066.0
alternative hip hop	indie r&b	1	401066.0
alternative hip hop	indietronica	1	401066.0
alternative hip hop	uk alternative pop	1	401066.0
art pop	escape room	1	401066.0
escape room	indie r&b	1	401066.0
escape room	indietronica	1	401066.0
escape room	uk alternative pop	1	401066.0
brostep	metropopolis	1	24219230.0
brostep	modern rock	1	24219230.0
modern rock	progressive electro house	1	24219230.0
brostep	pop rock	1	24219230.0
pop rock	progressive electro house	1	24219230.0
canadian electronic	dfw rap	1	20389391.0
canadian electronic	melodic rap	1	20389391.0
deep big room	dfw rap	1	20389391.0
deep big room	melodic rap	1	20389391.0
dfw rap	pop edm	1	20389391.0
melodic rap	pop edm	1	20389391.0
canadian electronic	canadian hip hop	1	20389391.0
canadian electronic	toronto rap	1	20389391.0
canadian electronic	trap	1	20389391.0
canadian electronic	trap soul	1	20389391.0
canadian hip hop	deep big room	1	20389391.0
deep big room	toronto rap	1	20389391.0
deep big room	trap soul	1	20389391.0
canadian hip hop	pop edm	1	20389391.0
pop edm	toronto rap	1	20389391.0
pop edm	trap soul	1	20389391.0
big room	brostep	1	20389391.0
big room	house	1	20389391.0
big room	trance	1	20389391.0
big room	canadian electronic	1	20389391.0
brostep	canadian electronic	1	20389391.0
canadian electronic	dance pop	1	20389391.0
canadian electronic	dutch edm	1	20389391.0
canadian electronic	edm	1	20389391.0
canadian electronic	electro house	1	20389391.0
canadian electronic	house	1	20389391.0
canadian electronic	trance	1	20389391.0
canadian electronic	tropical house	1	20389391.0
brostep	deep big room	1	20389391.0
deep big room	dutch edm	1	20389391.0
deep big room	house	1	20389391.0
deep big room	trance	1	20389391.0
brostep	electro house	1	20389391.0
electro house	house	1	20389391.0
electro house	trance	1	20389391.0
brostep	pop edm	1	20389391.0
dutch edm	pop edm	1	20389391.0
house	pop edm	1	20389391.0
pop edm	trance	1	20389391.0
canadian hip hop	dfw rap	1	20389391.0
dfw rap	toronto rap	1	20389391.0
brostep	dfw rap	1	20389391.0
dfw rap	dutch edm	1	20389391.0
dfw rap	edm	1	20389391.0
dfw rap	house	1	20389391.0
dfw rap	trance	1	20389391.0
dfw rap	tropical house	1	20389391.0
brostep	melodic rap	1	20389391.0
dutch edm	melodic rap	1	20389391.0
house	melodic rap	1	20389391.0
melodic rap	trance	1	20389391.0
brostep	canadian hip hop	1	20389391.0
canadian hip hop	dutch edm	1	20389391.0
canadian hip hop	house	1	20389391.0
canadian hip hop	trance	1	20389391.0
brostep	toronto rap	1	20389391.0
dutch edm	toronto rap	1	20389391.0
house	toronto rap	1	20389391.0
toronto rap	trance	1	20389391.0
brostep	trap	1	20389391.0
dutch edm	trap	1	20389391.0
trance	trap	1	20389391.0
brostep	trap soul	1	20389391.0
dutch edm	trap soul	1	20389391.0
house	trap soul	1	20389391.0
trance	trap soul	1	20389391.0
alternative dance	indie electropop	1	3649359.0
aussietronica	indie electropop	1	3649359.0
australian dance	indie electropop	1	3649359.0
australian indie	indie electropop	1	3649359.0
australian pop	indie electropop	1	3649359.0
indie electropop	indie soul	1	3649359.0
indie electropop	indietronica	1	3649359.0
indie electropop	nu disco	1	3649359.0
aussietronica	australian hip hop	1	169627.0
australian hip hop	brisbane indie	1	169627.0
australian pop	brisbane indie	1	169627.0
aussietronica	australian trap	1	169627.0
australian indie	australian trap	1	169627.0
australian pop	australian trap	1	169627.0
australian trap	brisbane indie	1	169627.0
conscious hip hop	neo mellow	1	2049859.0
conscious hip hop	piano rock	1	2049859.0
conscious hip hop	pop rock	1	2049859.0
dmv rap	neo mellow	1	2049859.0
dmv rap	piano rock	1	2049859.0
dmv rap	pop rock	1	2049859.0
hip hop	neo mellow	1	2049859.0
hip hop	piano rock	1	2049859.0
hip hop	pop rock	1	2049859.0
neo mellow	rap	1	2049859.0
piano rock	rap	1	2049859.0
australian dance	indie poptimism	1	727798.0
australian dance	swedish electropop	1	727798.0
australian dance	swedish pop	1	727798.0
australian dance	swedish synthpop	1	727798.0
australian hip hop	dance pop	1	727798.0
australian hip hop	swedish electropop	1	727798.0
australian hip hop	swedish pop	1	727798.0
australian hip hop	swedish synthpop	1	727798.0
australian indie	swedish pop	1	727798.0
australian pop	swedish pop	1	727798.0
dance pop	indie dream pop	1	727798.0
electropop	indie dream pop	1	727798.0
indie dream pop	indie poptimism	1	727798.0
indie dream pop	swedish electropop	1	727798.0
indie dream pop	swedish pop	1	727798.0
indie dream pop	swedish synthpop	1	727798.0
dance pop	indie soul	1	727798.0
electropop	indie soul	1	727798.0
indie poptimism	indie soul	1	727798.0
indie soul	swedish electropop	1	727798.0
indie soul	swedish pop	1	727798.0
indie soul	swedish synthpop	1	727798.0
electropop	vapor soul	1	727798.0
indie poptimism	vapor soul	1	727798.0
swedish electropop	vapor soul	1	727798.0
swedish pop	vapor soul	1	727798.0
swedish synthpop	vapor soul	1	727798.0
pop rap	puerto rican pop	1	9387810.0
puerto rican pop	rap	1	9387810.0
edm	puerto rican pop	1	9387810.0
edm	trap latino	1	9387810.0
electronic trap	latin	1	9387810.0
electronic trap	puerto rican pop	1	9387810.0
electronic trap	reggaeton	1	9387810.0
electronic trap	trap latino	1	9387810.0
post-teen pop	trap latino	1	9387810.0
australian pop	canadian pop	1	3242181.0
canadian pop	pop edm	1	3242181.0
canadian pop	sky room	1	3242181.0
