artist_1	artist_2	count	song_ids
Calvin Harris	Pharrell Williams	4	['6BaCraQ9xeLYg4Sb9TBT2X', '60APt5N2NRaKWf5xzJdzyC', '5bcTCxgc7xVfSaMV3RuVke', '1N90cV79gbBgO0bOs74Y0t']
Chance the Rapper	Lil Wayne	4	['0v9Wz8o0BT8DU38R4ddjeH', '1jYiIOC5d6soxkJP81fxq2', '72Q0FQQo32KJloivv5xge2', '3DXncPQOG4VBw3QHh3S817']
Metro Boomin	Offset	3	['7sO5G9EABYOXQKNPNiE9NR', '6kig1UFggPUyZBCvXD3Wod', '5u6vkDnOyaf8LsteDAj2ub']
Donae'o	Giggs	3	['6OJ5jV3ClJbMgyZj6H5hK0', '6dh1aHKIyvpcOHEPWokza3', '19e7nxjjaxsdxJpUe0LYQQ']
Demi Lovato	Jax Jones	3	['2ytH5wDuqhgLTiDVYioteq', '6yf3MxEOScNBTYCHOAIiNQ', '0XfOi87h82i09rQjWYG0Bm']
Demi Lovato	Stefflon Don	3	['2ytH5wDuqhgLTiDVYioteq', '6yf3MxEOScNBTYCHOAIiNQ', '0XfOi87h82i09rQjWYG0Bm']
Jax Jones	Stefflon Don	3	['2ytH5wDuqhgLTiDVYioteq', '6yf3MxEOScNBTYCHOAIiNQ', '0XfOi87h82i09rQjWYG0Bm']
Calvin Harris	Travis Scott	3	['4KaIJ1FWXUoAAnOts1YWjD', '4vv1KjUzPwrtDbozizSfQc', '6LOCAhFzZiavHcLJucLuDy']
DJ Khaled	Travis Scott	3	['4vv1KjUzPwrtDbozizSfQc', '7lxZbmtC6SkUc2yXBgDOdO', '6LOCAhFzZiavHcLJucLuDy']
Drake	WizKid	3	['1xznGGDReH1oQq0xzbwXa3', '2zYs4BonN2ydkbrRk333SN', '2f9LSU0aBW04w6KL26DW8r']
Kojo Funds	Mabel	3	['4QBoLRdwAL6jCh1G8WDuWt', '06BD7TeUR6mYbF6cWyzvZt', '6KfNna0zfHtWJJ803hFBWX']
MIMI	NEIKED	3	['4BATUkk8UMuiMb6lr5CH5G', '458ESscRcqCVX1xbllEmPn', '08QmhAybC6VHeG8gah84qA']
Jax Jones	RAYE	3	['7M16mAuWuFA5rC9HvkXaGx', '00lNx0OcTJrS3MKHcB80HY', '4WrS6vezaPwOafKJmHqMEU']
Matoma	The Vamps	3	['1yNyoWWWikbLhwIGWjZuDW', '4b4KcovePX8Ke2cLIQTLM0', '0dXNQ8dckG4eYfEtq9zcva']
Chance the Rapper	DJ Khaled	3	['1jYiIOC5d6soxkJP81fxq2', '72Q0FQQo32KJloivv5xge2', '3DXncPQOG4VBw3QHh3S817']
Chance the Rapper	Justin Bieber	3	['1jYiIOC5d6soxkJP81fxq2', '72Q0FQQo32KJloivv5xge2', '3DXncPQOG4VBw3QHh3S817']
Chance the Rapper	Quavo	3	['1jYiIOC5d6soxkJP81fxq2', '72Q0FQQo32KJloivv5xge2', '3DXncPQOG4VBw3QHh3S817']
DJ Khaled	Justin Bieber	3	['1jYiIOC5d6soxkJP81fxq2', '72Q0FQQo32KJloivv5xge2', '3DXncPQOG4VBw3QHh3S817']
DJ Khaled	Lil Wayne	3	['1jYiIOC5d6soxkJP81fxq2', '72Q0FQQo32KJloivv5xge2', '3DXncPQOG4VBw3QHh3S817']
DJ Khaled	Quavo	3	['1jYiIOC5d6soxkJP81fxq2', '72Q0FQQo32KJloivv5xge2', '3DXncPQOG4VBw3QHh3S817']
Justin Bieber	Lil Wayne	3	['1jYiIOC5d6soxkJP81fxq2', '72Q0FQQo32KJloivv5xge2', '3DXncPQOG4VBw3QHh3S817']
Justin Bieber	Quavo	3	['1jYiIOC5d6soxkJP81fxq2', '72Q0FQQo32KJloivv5xge2', '3DXncPQOG4VBw3QHh3S817']
Lil Wayne	Quavo	3	['1jYiIOC5d6soxkJP81fxq2', '72Q0FQQo32KJloivv5xge2', '3DXncPQOG4VBw3QHh3S817']
Camila Cabello	Quavo	2	['3Ytr1SUCUi6J3L9dRFx5iH', '4xBjsLUSjcx2h7PcRikpQp']
Drake	Young Thug	2	['7bJ4mu7MHa3rHiNyKjOoSl', '0xl1w2q4VLojeXp4JfazPL']
J Hus	MoStack	2	['6oJDn0g1qyoEozMqRLWZTq', '0RIMrAUyLGBF7zAPdvgE73']
Daft Punk	The Weeknd	2	['5aAx2yezTd8zXrkmtKl66Z', '5GXAXm5YOmYT0kL5jHvYBt']
J Balvin	Willy William	2	['7fwXWKdDNI5IutOMc5OKYw', '2rb5MvYT7ZIxbKW5hfcHx8']
Quavo	Travis Scott	2	['2bjwRfXMk4uRgOD9IBYl9h', '3Ytr1SUCUi6J3L9dRFx5iH']
A$AP Rocky	Cardi B	2	['2DQ1ITjI0YoLFzuADN1ZBW', '2Xqd0wUttjueBfdcltADOv']
A$AP Rocky	G-Eazy	2	['2DQ1ITjI0YoLFzuADN1ZBW', '2Xqd0wUttjueBfdcltADOv']
Cardi B	G-Eazy	2	['2DQ1ITjI0YoLFzuADN1ZBW', '2Xqd0wUttjueBfdcltADOv']
Beyoncé	DJ Khaled	2	['7Fa5UNizycSms5jP3SQD3F', '3OoZagIW3YK8vjt0ws6NOI']
Beyoncé	JAY-Z	2	['7Fa5UNizycSms5jP3SQD3F', '3OoZagIW3YK8vjt0ws6NOI']
DJ Khaled	JAY-Z	2	['7Fa5UNizycSms5jP3SQD3F', '3OoZagIW3YK8vjt0ws6NOI']
G-Eazy	Halsey	2	['5k38wzpLb15YgncyWdTZE4', '3YU6vJbjYUG0tiJyXf9x5V']
James Hype	Kelli-Leigh	2	['6YzvFfzQNxAUZWYjDOHo6H', '53SnCRcGrB2UCqNGyYZhJD']
Major Lazer	MØ	2	['4WjH9Bzt3kx7z8kl0awxh4', '6DNtNfH8hXkqOX1sjqmI7p']
CNCO	Little Mix	2	['3zoYkqS4y2BsGVShPL2nTE', '5PB8zB1MOZASboLquvinMF']
Khalid	Lorde	2	['69Naniu2KjKjaQOBUagE8U', '7rdUtXasA973gmrr2Xxh3E']
Khalid	Post Malone	2	['69Naniu2KjKjaQOBUagE8U', '7rdUtXasA973gmrr2Xxh3E']
Khalid	SZA	2	['69Naniu2KjKjaQOBUagE8U', '7rdUtXasA973gmrr2Xxh3E']
Lorde	Post Malone	2	['69Naniu2KjKjaQOBUagE8U', '7rdUtXasA973gmrr2Xxh3E']
Lorde	SZA	2	['69Naniu2KjKjaQOBUagE8U', '7rdUtXasA973gmrr2Xxh3E']
Post Malone	SZA	2	['69Naniu2KjKjaQOBUagE8U', '7rdUtXasA973gmrr2Xxh3E']
Ariana Grande	Future	2	['3FiE2d325mIOc4YjkSLVJR', '6yL2kTsdVwYnGwPkKGtMd5']
Big Sean	Calvin Harris	2	['6BaCraQ9xeLYg4Sb9TBT2X', '5bcTCxgc7xVfSaMV3RuVke']
Big Sean	Katy Perry	2	['6BaCraQ9xeLYg4Sb9TBT2X', '5bcTCxgc7xVfSaMV3RuVke']
Big Sean	Pharrell Williams	2	['6BaCraQ9xeLYg4Sb9TBT2X', '5bcTCxgc7xVfSaMV3RuVke']
Calvin Harris	Katy Perry	2	['6BaCraQ9xeLYg4Sb9TBT2X', '5bcTCxgc7xVfSaMV3RuVke']
Katy Perry	Pharrell Williams	2	['6BaCraQ9xeLYg4Sb9TBT2X', '5bcTCxgc7xVfSaMV3RuVke']
Calvin Harris	DJ Khaled	2	['4vv1KjUzPwrtDbozizSfQc', '6LOCAhFzZiavHcLJucLuDy']
Calvin Harris	Jeremih	2	['4vv1KjUzPwrtDbozizSfQc', '6LOCAhFzZiavHcLJucLuDy']
DJ Khaled	Jeremih	2	['4vv1KjUzPwrtDbozizSfQc', '6LOCAhFzZiavHcLJucLuDy']
Jeremih	Travis Scott	2	['4vv1KjUzPwrtDbozizSfQc', '6LOCAhFzZiavHcLJucLuDy']
Maroon 5	SZA	2	['4mxWSdf71VFO52qFeY0fZt', '3hBBKuWJfxlIlnd9QFoC8k']
Bugzy Malone	DJ Luck & MC Neat	2	['4uoi8whE6HMdnmwPMcb6Ql', '72kzJl586GwOQrOQ1doSH0']
Jahlani	Kojo Funds	2	['2LmdLCqkPrCB0iB4N2daN1', '2073iu7iptmvmGp6pQ7Uy4']
Jahlani	Wretch 32	2	['2LmdLCqkPrCB0iB4N2daN1', '2073iu7iptmvmGp6pQ7Uy4']
Kojo Funds	Wretch 32	2	['2LmdLCqkPrCB0iB4N2daN1', '2073iu7iptmvmGp6pQ7Uy4']
Ariana Grande	Calvin Harris	2	['60APt5N2NRaKWf5xzJdzyC', '1N90cV79gbBgO0bOs74Y0t']
Ariana Grande	Pharrell Williams	2	['60APt5N2NRaKWf5xzJdzyC', '1N90cV79gbBgO0bOs74Y0t']
Ariana Grande	Young Thug	2	['60APt5N2NRaKWf5xzJdzyC', '1N90cV79gbBgO0bOs74Y0t']
Calvin Harris	Young Thug	2	['60APt5N2NRaKWf5xzJdzyC', '1N90cV79gbBgO0bOs74Y0t']
Pharrell Williams	Young Thug	2	['60APt5N2NRaKWf5xzJdzyC', '1N90cV79gbBgO0bOs74Y0t']
Dua Lipa	Miguel	2	['1v3bR4v6SruaE8efrTUqqp', '2OWKDTonST8HNko3dBlPPp']
Macklemore	Skylar Grey	2	['3HVr6jTVwBHBa2flM0eURR', '0CokSRCu5hZgPxcZBaEzVE']
Little Mix	Stormzy	2	['4BJ5T8ZZZ3UrPG7k0OVQrp', '02gj0J38nzyO9lNi9mzi3A']
Jonas Blue	William Singe	2	['0NiXXAI876aGImAd6rTj8w', '4xlrALxuaCf9yZBHJeTSG6']
Fifth Harmony	Gucci Mane	2	['20H2Hd5AkUcRjB4yL3UQtJ', '7LEydI5NfjY6mZfKwYIptZ']
MIST	MoStack	2	['2COVGlcdLKhKVfzv3CKtfW', '0RIMrAUyLGBF7zAPdvgE73']
Beyoncé	Eminem	2	['5b2QnYcT9rQIkhRWt4HztQ', '5PIBgH1cUFwu5IiUk9tnN9']
A$AP Rocky	Tyler, The Creator	2	['1a0wEEHipnBR7WOHFA6ucQ', '21yRtB6B8EMounImAfHRCP']
Calvin Harris	Future	2	['3FDrI0FLKzrYQiWxPhqV2W', '0lMbuWUpfTWhEmOKxppEau']
Calvin Harris	Khalid	2	['3FDrI0FLKzrYQiWxPhqV2W', '0lMbuWUpfTWhEmOKxppEau']
Future	Khalid	2	['3FDrI0FLKzrYQiWxPhqV2W', '0lMbuWUpfTWhEmOKxppEau']
Kygo	The Night Game	2	['1Bxzw8ag71snOU9IbhXVD6', '2UxfcZJCphbEkfbZ6nLiDx']
Katy Perry	Migos	2	['61WbtB6ujkpNAsAf5LjF4b', '14oOKFGuXu8DqvOe1W8vao']
Grey	Hailee Steinfeld	2	['6875MeXyCW0wLyT72Eetmo', '1qOLh0tI7trd1zdDKxYZTe']
Grey	Zedd	2	['6875MeXyCW0wLyT72Eetmo', '1qOLh0tI7trd1zdDKxYZTe']
Hailee Steinfeld	Zedd	2	['6875MeXyCW0wLyT72Eetmo', '1qOLh0tI7trd1zdDKxYZTe']
A$AP Rocky	Lana Del Rey	2	['03hqMhmCZiNKMSPmVabPLP', '5QqyRUZeBE04yJxsD1OC0I']
ALMA	Charli XCX	2	['2khkbmL11VFqKGMrcGIJB3', '1So1tVk3gybvc2I0JY8K22']
ALMA	Tove Lo	2	['2khkbmL11VFqKGMrcGIJB3', '1So1tVk3gybvc2I0JY8K22']
Charli XCX	Tove Lo	2	['2khkbmL11VFqKGMrcGIJB3', '1So1tVk3gybvc2I0JY8K22']
Calvin Harris	Frank Ocean	2	['6gpcs5eMhJwax4mIfKDYQk', '7tr2za8SQg2CI8EDgrdtNl']
Calvin Harris	Migos	2	['6gpcs5eMhJwax4mIfKDYQk', '7tr2za8SQg2CI8EDgrdtNl']
Frank Ocean	Migos	2	['6gpcs5eMhJwax4mIfKDYQk', '7tr2za8SQg2CI8EDgrdtNl']
N.E.R.D	Rihanna	2	['6tUgfsOa8PLkoede5nOR7D', '4PpuH4mxL0rD35mOWaLoKS']
Drake	Rihanna	2	['14WWzenpaEgQZlqPq2nk4v', '11KJSRSgaDxqydKYiD2Jew']
Drake	Giggs	2	['2jTujnt0y344ai1rNOywgr', '6CfrYuD3YRDYdYvH9jNtXY']
French Montana	Swae Lee	2	['3B54sVLJ402zGa6Xm4YGNe', '1F2HXIJrE2Xn81OzT2zZvW']
Lana Del Rey	The Weeknd	2	['5LYQSNHZxEA880URXFHg6h', '4L7Y2OAPiY2I2GndZjAs5K']
Halsey	Lauren Jauregui	2	['11EDhDAVDtGPoSar6ootYA', '4C5ewaZ05vyXM23jFJdwd4']
21 Savage	Post Malone	2	['1OmcAT5Y8eg5bUPv9qJT4R', '7wGoVu4Dady5GV0Sv4UIsx']
Emma Stone	Ryan Gosling	2	['0LtVx5vsq9nfpGsWgjUin6', '2fXH2iei02pBaSIdn5X4zJ']
Alesso	Florida Georgia Line	2	['5AEtlRudpgdT5FtNiuly6Y', '5Gu0PDLN4YJeW75PpBSg9p']
Alesso	Hailee Steinfeld	2	['5AEtlRudpgdT5FtNiuly6Y', '5Gu0PDLN4YJeW75PpBSg9p']
Alesso	watt	2	['5AEtlRudpgdT5FtNiuly6Y', '5Gu0PDLN4YJeW75PpBSg9p']
Florida Georgia Line	Hailee Steinfeld	2	['5AEtlRudpgdT5FtNiuly6Y', '5Gu0PDLN4YJeW75PpBSg9p']
Florida Georgia Line	watt	2	['5AEtlRudpgdT5FtNiuly6Y', '5Gu0PDLN4YJeW75PpBSg9p']
Hailee Steinfeld	watt	2	['5AEtlRudpgdT5FtNiuly6Y', '5Gu0PDLN4YJeW75PpBSg9p']
Ina Wroldsen	Jax Jones	2	['2pBlHD6gNGdQnABWz4bhG2', '6tvQzeCPwOytDlBYCIOY0n']
Martin Jensen	The Vamps	2	['2qLUgEnhkYb6yBH0vaYg1y', '5dQJKDx0x73seZbwSORa1T']
Katy Perry	Skip Marley	2	['5ndfVSDyPq90jaIUhNPeby', '6520aj0B4FSKGVuKNsOCOi']
Emily Warren	The Chainsmokers	2	['1pJQAHpD51J7GYaFrrFO9S', '6V9kwssTrwkKT72imgowj9']
Frank Ocean	Steve Lacy	2	['1pGAvZo2axYXAXYiSeYEqY', '4bEcoz1OcfMgUbp2ft8ieQ']
Frank Ocean	Tyler, The Creator	2	['1pGAvZo2axYXAXYiSeYEqY', '4bEcoz1OcfMgUbp2ft8ieQ']
Steve Lacy	Tyler, The Creator	2	['1pGAvZo2axYXAXYiSeYEqY', '4bEcoz1OcfMgUbp2ft8ieQ']
Major Lazer	Nyla	2	['1KqvRRQd3lfM0pAlkGPrgD', '0L7loeTIg6akW84aEQZpCT']
Daddy Yankee	Luis Fonsi	2	['5CtI0qwDJkDQGwXD1H1cLb', '4aWmUDTfIPGksMNLV2rQP2']
Mr Eazi	Yungen	2	['5vySkXA0v40CDwofIvhc1Y', '4HKf0nduEf6X8tzZc8rj42']
Katy Perry	Nicki Minaj	2	['2kVHAQKVtczchKctctzbtK', '3VRk65lHSwqd90TAkQqhvB']
Boston Pops Orchestra	John Williams	1	['6FxCPvx8Ovm9y77DO6vuy5']
Birdy	Sigma	1	['2Wr970IfovsSGnfkE08iMF']
Kendrick Lamar	Maroon 5	1	['5MFzQMkrl1FOOng9tq6R9r']
MNEK	Zara Larsson	1	['6hmhG1b4LEyNuashVvuIAo']
Chris Brown	Gucci Mane	1	['05Z7jet4VDNVgNQWcYHnrk']
Chris Brown	Usher	1	['05Z7jet4VDNVgNQWcYHnrk']
Gucci Mane	Usher	1	['05Z7jet4VDNVgNQWcYHnrk']
Eartha Kitt	Henri Rene & His Orchestra	1	['1foCxQtxBweJtZmdxhEHVO']
Anne-Marie	Mike Posner	1	['42NpUvd0I2kdIuMXX4nobE']
Anne-Marie	Nick Jonas	1	['42NpUvd0I2kdIuMXX4nobE']
Mike Posner	Nick Jonas	1	['42NpUvd0I2kdIuMXX4nobE']
Danny Brown	Gorillaz	1	['2W4yTO3qHdqyvbz2UxfIPh']
Danny Brown	Kelela	1	['2W4yTO3qHdqyvbz2UxfIPh']
Gorillaz	Kelela	1	['2W4yTO3qHdqyvbz2UxfIPh']
The Chainsmokers	XYLØ	1	['0B8B8cVRFIG1yznoQe7c9s']
Calvin Harris	John Legend	1	['08Wc3X7XNSyF8WYBPt2L8E']
Calvin Harris	Snoop Dogg	1	['08Wc3X7XNSyF8WYBPt2L8E']
Calvin Harris	Takeoff	1	['08Wc3X7XNSyF8WYBPt2L8E']
John Legend	Snoop Dogg	1	['08Wc3X7XNSyF8WYBPt2L8E']
John Legend	Takeoff	1	['08Wc3X7XNSyF8WYBPt2L8E']
Snoop Dogg	Takeoff	1	['08Wc3X7XNSyF8WYBPt2L8E']
Drake	Metro Boomin	1	['6kig1UFggPUyZBCvXD3Wod']
Drake	Offset	1	['6kig1UFggPUyZBCvXD3Wod']
Lil Uzi Vert	Migos	1	['4Km5HrUvYTaSUfiSGPJeQR']
Ed Sheeran	Stormzy	1	['2NHSYwGkAvPHzCinY0KwXo']
Cheat Codes	Dante Klein	1	['0lmdsH1MIoLsMymnNpd6HU']
DJ Khaled	Drake	1	['3pC1ILr9KzmQLMe8Kn5QBG']
Kirsty MacColl	The Pogues	1	['3VTNVsTTu05dmTsVFrmGpK']
G-Eazy	Kehlani	1	['1Eck97uRMlprKOOJN9oO1E']
Beyoncé	J Balvin	1	['7fwXWKdDNI5IutOMc5OKYw']
Beyoncé	Willy William	1	['7fwXWKdDNI5IutOMc5OKYw']
Justin Jesso	Kygo	1	['0Zbbxnx4SGGHoIow4PpISP']
Alok	Bruno Martini	1	['1a5Yu5L18qNxVhXx38njON']
Alok	Zeeba	1	['1a5Yu5L18qNxVhXx38njON']
Bruno Martini	Zeeba	1	['1a5Yu5L18qNxVhXx38njON']
Burna Boy	J Hus	1	['3lUxLfIScfTUkkPqLfiZ5g']
Bob Marley & The Wailers	Bolier	1	['1w5sLDYzYAGI0AkLc6FPlO']
Bob Marley & The Wailers	LVNDSCAPE	1	['1w5sLDYzYAGI0AkLc6FPlO']
Bolier	LVNDSCAPE	1	['1w5sLDYzYAGI0AkLc6FPlO']
Drake	Quavo	1	['2bjwRfXMk4uRgOD9IBYl9h']
Drake	Travis Scott	1	['2bjwRfXMk4uRgOD9IBYl9h']
Calvin Harris	DRAM	1	['0Ws8D3EWUDgY962Xftb0h5']
Calvin Harris	PARTYNEXTDOOR	1	['0Ws8D3EWUDgY962Xftb0h5']
Calvin Harris	ScHoolboy Q	1	['0Ws8D3EWUDgY962Xftb0h5']
DRAM	PARTYNEXTDOOR	1	['0Ws8D3EWUDgY962Xftb0h5']
DRAM	ScHoolboy Q	1	['0Ws8D3EWUDgY962Xftb0h5']
PARTYNEXTDOOR	ScHoolboy Q	1	['0Ws8D3EWUDgY962Xftb0h5']
Marshmello	Selena Gomez	1	['7EmGUiUaOSGDnUUQUDrOXC']
DJ Snake	Major Lazer	1	['4WjH9Bzt3kx7z8kl0awxh4']
DJ Snake	MØ	1	['4WjH9Bzt3kx7z8kl0awxh4']
Descemer Bueno	Enrique Iglesias	1	['7nKBxz47S9SD79N086fuhn']
Descemer Bueno	Zion & Lennox	1	['7nKBxz47S9SD79N086fuhn']
Enrique Iglesias	Zion & Lennox	1	['7nKBxz47S9SD79N086fuhn']
Gorillaz	Peven Everett	1	['6XGddj522FQRHXEhBtjiJu']
Jorja Smith	Preditah	1	['1OxL1FWSEd7QmJoWLRP2NO']
CADE	Cheat Codes	1	['1NDxZ7cFAo481dtYWdrUnR']
CADE	Maggie Lindemann	1	['1NDxZ7cFAo481dtYWdrUnR']
Cheat Codes	Maggie Lindemann	1	['1NDxZ7cFAo481dtYWdrUnR']
Justin Bieber	Major Lazer	1	['6DNtNfH8hXkqOX1sjqmI7p']
Justin Bieber	MØ	1	['6DNtNfH8hXkqOX1sjqmI7p']
Khalid	Marshmello	1	['7vGuf3Y35N4wmASOKLUVVU']
Elvis Presley	Martina McBride	1	['7upOqYZUQvA0nyVroaHeSg']
Gorillaz	Mavis Staples	1	['44PelqgstAM0lb8rHPKfHq']
Gorillaz	Pusha T	1	['44PelqgstAM0lb8rHPKfHq']
Mavis Staples	Pusha T	1	['44PelqgstAM0lb8rHPKfHq']
DRAM	Lil Yachty	1	['7yyRTcZmCiyzzJlNzGC9Ol']
Kendrick Lamar	U2	1	['4iYRa2btalAzPZoSYfROqF']
Cash Cash	Conor Maynard	1	['1839RWzPRZCVgvamu4sHSN']
Galantis	Hook N Sling	1	['2MHCiOohBZEQuLgDTPvSzF']
Krept & Konan	Skepta	1	['5nr9MkHTdo1LreIBwoHULD']
Eminem	Kehlani	1	['6Ww0J5EFjiPxkgZpEkRQVN']
A-Trak	Calvin Harris	1	['4KaIJ1FWXUoAAnOts1YWjD']
A-Trak	Travis Scott	1	['4KaIJ1FWXUoAAnOts1YWjD']
2 Chainz	Chance the Rapper	1	['0v9Wz8o0BT8DU38R4ddjeH']
2 Chainz	Lil Wayne	1	['0v9Wz8o0BT8DU38R4ddjeH']
Sean Paul	Sia	1	['378iszndTZAR4dH8kwsLC6']
Ed Sheeran	Future	1	['2x0WlnmfG39ZuDmstl9xfX']
Ed Sheeran	Taylor Swift	1	['2x0WlnmfG39ZuDmstl9xfX']
Future	Taylor Swift	1	['2x0WlnmfG39ZuDmstl9xfX']
DJ Snake	Lauv	1	['0Wv5wuenRLI3BcwgT3HPIP']
ALMA	French Montana	1	['6ZX2qXkhaueabbzp6vfabS']
BloodPop®	Justin Bieber	1	['7nZmah2llfvLDiUjm0kiyz']
Ariana Grande	John Legend	1	['1KT0xdIjm7t053xByACrrg']
Afrojack	Charli XCX	1	['0tPQPaOKM32WgMSbPCYyRH']
Afrojack	David Guetta	1	['0tPQPaOKM32WgMSbPCYyRH']
Afrojack	French Montana	1	['0tPQPaOKM32WgMSbPCYyRH']
Charli XCX	David Guetta	1	['0tPQPaOKM32WgMSbPCYyRH']
Charli XCX	French Montana	1	['0tPQPaOKM32WgMSbPCYyRH']
David Guetta	French Montana	1	['0tPQPaOKM32WgMSbPCYyRH']
Felix Snow	Kiiara	1	['3QWjljChcOMkRDYSzF33Qr']
21 Savage	Metro Boomin	1	['5u6vkDnOyaf8LsteDAj2ub']
21 Savage	Offset	1	['5u6vkDnOyaf8LsteDAj2ub']
21 Savage	Travis Scott	1	['5u6vkDnOyaf8LsteDAj2ub']
Metro Boomin	Travis Scott	1	['5u6vkDnOyaf8LsteDAj2ub']
Offset	Travis Scott	1	['5u6vkDnOyaf8LsteDAj2ub']
Liam Payne	Zedd	1	['1CKd1PnqfYx0H12V9MSaIY']
Abra Cadabra	Krept & Konan	1	['7KTXnncK3McTbuC36gtTxR']
Bugzy Malone	Tom Grennan	1	['5b1b7JZWJj4Lg2PizgvbY0']
Elliot Crawford	Joe Weller	1	['4v2mN4LKR3YMBvp5dxywaA']
Drake	PARTYNEXTDOOR	1	['5JUu0unA8VwhTZ9LkMWUVI']
CamelPhat	Elderbrook	1	['1HrMWH5GUdK6Yi94rbANJA']
Gorillaz	Popcaan	1	['7l9CE3wmEGOUYw1j4ETjnL']
Kyla	Naughty Boy	1	['4aiLpwwZw5Ek9KkBMnt6Zu']
Kyla	Popcaan	1	['4aiLpwwZw5Ek9KkBMnt6Zu']
Naughty Boy	Popcaan	1	['4aiLpwwZw5Ek9KkBMnt6Zu']
Ariana Grande	Zedd	1	['1X2Zd5wKGbY1oKzb8dzJRy']
Labrinth	Noah Cyrus	1	['2BrzlUj1u1CtvaJDGIKpsP']
Bebe Rexha	Machine Gun Kelly	1	['0OI7AFifLSoGzpb8bdBLLV']
Bebe Rexha	X Ambassadors	1	['0OI7AFifLSoGzpb8bdBLLV']
Machine Gun Kelly	X Ambassadors	1	['0OI7AFifLSoGzpb8bdBLLV']
Ina Wroldsen	Martin Solveig	1	['6O85MfGECKBqAK2MgSbCaj']
Drake	Kanye West	1	['28irpKCCK9nn9DZSik2zEx']
Bonobo	Rhye	1	['2pYvd6cHcAIMAM6xMD6nok']
Bing Crosby	John Scott Trotter & His Orchestra	1	['4so0Wek9Ig1p6CRCHuINwW']
Bing Crosby	Ken Darby Singers	1	['4so0Wek9Ig1p6CRCHuINwW']
John Scott Trotter & His Orchestra	Ken Darby Singers	1	['4so0Wek9Ig1p6CRCHuINwW']
Raleigh Ritchie	Stormzy	1	['2IqJgAu14XDs35mW0j0WFK']
A$AP Rocky	Mura Masa	1	['5v9N8Rx3QsFvr50cxyQcA3']
Alicia Keys	Eminem	1	['2rozzUGTRWqhTa2NzJAl8I']
Shakira	Wyclef Jean	1	['3ZFTkvIE7kyPt6Nu3PEa7V']
Coldplay	The Chainsmokers	1	['6RUKPb4LETWmmr3iAEQktW']
Burna Boy	Don-E	1	['4QBoLRdwAL6jCh1G8WDuWt']
Burna Boy	Kojo Funds	1	['4QBoLRdwAL6jCh1G8WDuWt']
Burna Boy	Mabel	1	['4QBoLRdwAL6jCh1G8WDuWt']
Don-E	Kojo Funds	1	['4QBoLRdwAL6jCh1G8WDuWt']
Don-E	Mabel	1	['4QBoLRdwAL6jCh1G8WDuWt']
Jme	Skepta	1	['3loNCAyjqpgB9DvKhLMKi9']
21 Savage	Cardi B	1	['75FDPwaULRdYDn4StFN2rT']
J Hus	Nines	1	['5HSMY2507ameWGqEFhwVS3']
Liam Payne	Quavo	1	['6EpRaXYhGOB3fj4V2uDkMJ']
Bipolar Sunshine	DJ Snake	1	['4OZEu0Vwq0RB2LAq14v99n']
Gucci Mane	Selena Gomez	1	['0XLOf9LhyazPX9Ld8jPiUq']
Akala	Nines	1	['6pqwDzVocf27DbebP2w7eK']
Eminem	X Ambassadors	1	['5p9ufaI7TwrlXtmiKCz3q3']
Naughty Boy	Rak-Su	1	['6pWzEnoUsuiTcp6odVDovx']
Naughty Boy	Wyclef Jean	1	['6pWzEnoUsuiTcp6odVDovx']
Rak-Su	Wyclef Jean	1	['6pWzEnoUsuiTcp6odVDovx']
Krept & Konan	RA	1	['4uLAkoqXEG4OO5bbM7VAlq']
Drake	Future	1	['27GmP9AWRs744SzKcpJsTZ']
Ed Sheeran	Rudimental	1	['0vbbhcA6okLzvsy6WSTlLg']
ROZES	The Chainsmokers	1	['6O6M7pJLABmfBRoGZMu76Y']
Camila Cabello	Major Lazer	1	['3Ytr1SUCUi6J3L9dRFx5iH']
Camila Cabello	Travis Scott	1	['3Ytr1SUCUi6J3L9dRFx5iH']
Major Lazer	Quavo	1	['3Ytr1SUCUi6J3L9dRFx5iH']
Major Lazer	Travis Scott	1	['3Ytr1SUCUi6J3L9dRFx5iH']
Future	Kendrick Lamar	1	['6DB2KOEwHnjkgEnBt5SdeJ']
Post Malone	Quavo	1	['3a1lNhkSLSkpJE4MSHpDu9']
Ella Eyre	Sigala	1	['3kGfazcbVvVkuZunzlLgTD']
Kent Jones	M.O	1	['5Odgb6uCWnL8U3Eb3ijLZj']
Bebe Rexha	G-Eazy	1	['40YcuQysJ0KlGQTeGUosTC']
Sam Smith	Yebba	1	['5ZX1X9Rl4zbx1Wwyn3idVD']
Avicii	Rita Ora	1	['2OALaHcDdKkjYEpAr0Qzab']
MNEK	Stormzy	1	['0ihguwGVwKihJ1Nj8fGQlY']
Gorillaz	Vince Staples	1	['2bBMODHVTXGwE2aZYfbgCt']
Duke Dumont	Gorgon City	1	['04YFRczeeieYRlsrPJ8hjh']
Duke Dumont	NAATIONS	1	['04YFRczeeieYRlsrPJ8hjh']
Gorgon City	NAATIONS	1	['04YFRczeeieYRlsrPJ8hjh']
Kendrick Lamar	Zacari	1	['6PGoSes0D9eUDeeAafB2As']
Jasmine Thompson	Skizzy Mars	1	['40UroIGvsMPLPBYwH8rMNA']
Jasmine Thompson	Vice	1	['40UroIGvsMPLPBYwH8rMNA']
Skizzy Mars	Vice	1	['40UroIGvsMPLPBYwH8rMNA']
David Guetta	Jamie Scott	1	['0OlnLZY4cmQzT6ZGttvWBM']
David Guetta	Martin Garrix	1	['0OlnLZY4cmQzT6ZGttvWBM']
David Guetta	Romy Dya	1	['0OlnLZY4cmQzT6ZGttvWBM']
Jamie Scott	Martin Garrix	1	['0OlnLZY4cmQzT6ZGttvWBM']
Jamie Scott	Romy Dya	1	['0OlnLZY4cmQzT6ZGttvWBM']
Martin Garrix	Romy Dya	1	['0OlnLZY4cmQzT6ZGttvWBM']
Eminem	Pink	1	['4hGZxsGcFnuCJXn25EWj5j']
Hardy Caprio	One Acen	1	['09QDTOldsJkM9ykxdTtAlf']
Louisa	Olly Murs	1	['5Gz1PxujU62sfecQpB0Stm']
Becky Hill	MK	1	['1ZQnV7ePl8yXoLjPfhWE5L']
Stormzy	Wretch 32	1	['71GOBk9Dj0NEYNLzLCX4Sq']
2 Chainz	Giggs	1	['17jXCEmvvo2pRiQ8hETEAA']
ALMA	Martin Solveig	1	['3aLSrx8qhssXrh5yjB6oy9']
Sadie Ama	Tom Zanetti	1	['4xX7OsX8XTGWJgRxNNIaFT']
Zay Hilfigerrr	Zayion McCall	1	['1lItf5ZXJc1by9SbPeljFd']
Jonas Blue	RAYE	1	['1D3ODoXHBLpdxolZRHWV1j']
J Hus	MIST	1	['0RIMrAUyLGBF7zAPdvgE73']
Enrique Iglesias	Matt Terry	1	['140ZXTyy731tJdisnQ5ulm']
Enrique Iglesias	Sean Paul	1	['140ZXTyy731tJdisnQ5ulm']
Matt Terry	Sean Paul	1	['140ZXTyy731tJdisnQ5ulm']
Idina Menzel	Michael Bublé	1	['0Ie5uiv54KgCr7P4sYDTHl']
Fifth Harmony	Ty Dolla $ign	1	['4tCtwWceOPWzenK2HAIJSb']
Jason Derulo	Little Mix	1	['4JIo8RztBbELr2gWJ5OGK6']
French Montana	Stefflon Don	1	['2VoJe7vkKkigs7C3CGnSXL']
JAY-Z	Linkin Park	1	['5sNESr6pQfIhL3krM8CtZn']
Camila Cabello	Young Thug	1	['0ofbQMrRDsUaVKq2mGLEAb']
Beyoncé	Ed Sheeran	1	['1bhUWB0zJMIKr9yVPrkEuI']
Kendrick Lamar	The Weeknd	1	['4h90qkbnW1Qq6pBhoPvwko']
Jonas Blue	Moelogo	1	['2PJ55QsqjSVwN2esqfMDFu']
Digital Farm Animals	Sigala	1	['5ev0Z2lFzmhjlQCWpRAWiG']
Julia Michaels	Maroon 5	1	['2uSLx5uwRIhiA3sJJraNqX']
Kesha	Macklemore	1	['2Za1AlJNvksouPPWbXpR2X']
Louane	The Chainsmokers	1	['5xhJmd0I15jFcEdqxfCzKk']
Cardi B	Migos	1	['1YZfcVLbbJwfizR5cDOp3q']
Cardi B	Nicki Minaj	1	['1YZfcVLbbJwfizR5cDOp3q']
Migos	Nicki Minaj	1	['1YZfcVLbbJwfizR5cDOp3q']
Craig David	Sigala	1	['3mkJigBxWd5DJUsRuwHG3f']
Chase & Status	Tom Grennan	1	['3odht0E2TNbWDqypdbJVMZ']
Dyo	NEIKED	1	['3AsAuGTaDQzavZZThyYlop']
Cash Cash	Digital Farm Animals	1	['3UDXkdQquqCEAJdNAsA1wO']
Cash Cash	Nelly	1	['3UDXkdQquqCEAJdNAsA1wO']
Digital Farm Animals	Nelly	1	['3UDXkdQquqCEAJdNAsA1wO']
MØ	Snakehips	1	['0Zx8khUcEfCFK2AEoIhC92']
Lady Gaga	Tony Bennett	1	['4FEzG5IQh9vt6nPhXwwVmj']
Becky Hill	Matoma	1	['7gZQfdEQpmwAoPHSbEHzms']
B. Swanson Quartet	Frank Sinatra	1	['7inXu0Eaeg02VsM8kHNvzM']
Taylor Swift	ZAYN	1	['3NdDpSvN911VPGivFlV5d0']
Olivia O'Brien	gnash	1	['7vRriwrloYVaoAe3a9wJHe']
Ella Fitzgerald	Louis Jordan	1	['3Nx6iu7XpzWL1QMPRJKzqL']
Major Lazer	Nicki Minaj	1	['0fg8CqpjdojMyXLNzM2PaJ']
Major Lazer	PARTYNEXTDOOR	1	['0fg8CqpjdojMyXLNzM2PaJ']
Nicki Minaj	PARTYNEXTDOOR	1	['0fg8CqpjdojMyXLNzM2PaJ']
Fetty Wap	Mark Morrison	1	['7aV2mflaASUmGhCErm7kBO']
Fetty Wap	Nevada	1	['7aV2mflaASUmGhCErm7kBO']
Mark Morrison	Nevada	1	['7aV2mflaASUmGhCErm7kBO']
Camila Cabello	Machine Gun Kelly	1	['1PSBzsahR2AKwLJgx8ehBj']
JP Cooper	Jonas Blue	1	['1CUVN2kn7mW5FjkqXTR2W1']
Hudson East	Nines	1	['2m9MaN0JOdAlXdWVi8Wtcc']
Bastille	Craig David	1	['34t13rSSZtr22CjcmroMmh']
Bryson Tiller	DJ Khaled	1	['1OAh8uOEOvTDqkKFsKksCi']
Bryson Tiller	Rihanna	1	['1OAh8uOEOvTDqkKFsKksCi']
DJ Khaled	Rihanna	1	['1OAh8uOEOvTDqkKFsKksCi']
Dua Lipa	Martin Garrix	1	['3ebXMykcMXOcLeJ9xZ17XH']
Mitchell Ayres & His Orchestra	Perry Como	1	['6IeK3Ap5m3HabwJxgI6eSE']
Mitchell Ayres & His Orchestra	The Fontane Sisters	1	['6IeK3Ap5m3HabwJxgI6eSE']
Perry Como	The Fontane Sisters	1	['6IeK3Ap5m3HabwJxgI6eSE']
Daya	The Chainsmokers	1	['0QsvXIfqM0zZoerQfsI9lm']
PARTYNEXTDOOR	ZAYN	1	['000xQL6tZNLJzIrtIgxqSl']
Ryan Riback	Starley	1	['78rIJddV4X0HkNAInEcYde']
Eminem	Nate Dogg	1	['6yr8GiTHWvFfi4o6Q5ebdT']
Flume	Tove Lo	1	['4sQMalN597HdggTu196aL0']
Michael Bublé	The Puppini Sisters	1	['4qBejt9FeqLI9blHI1Nq1x']
BTS	Desiigner	1	['7Ed6BkggCS2KaKY5YlINaF']
BTS	Steve Aoki	1	['7Ed6BkggCS2KaKY5YlINaF']
Desiigner	Steve Aoki	1	['7Ed6BkggCS2KaKY5YlINaF']
Cashmere Cat	Selena Gomez	1	['2wDjpPW3HZdA9quPPmZAMu']
Cashmere Cat	Tory Lanez	1	['2wDjpPW3HZdA9quPPmZAMu']
Selena Gomez	Tory Lanez	1	['2wDjpPW3HZdA9quPPmZAMu']
N.E.R.D	Pharrell Williams	1	['4PpuH4mxL0rD35mOWaLoKS']
Pharrell Williams	Rihanna	1	['4PpuH4mxL0rD35mOWaLoKS']
Jamie Foxx	Kanye West	1	['5XJJdNPkwmbUwE79gv0NxK']
Gorillaz	Jehnny Beth	1	['7hQ0ojbeqicGhw0wdUVeaN']
Karen Harding	Tom Zanetti	1	['2h7YGpndYgDucun6CctvW1']
French Montana	Jason Derulo	1	['2z4pcBLQXF2BXKFvd0BuB6']
JAY-Z	Kanye West	1	['2KpCpk6HjXXLb7nnXoXA5O']
Gucci Mane	Migos	1	['1XRgIKC5TPwo7nWGyKqgG0']
Drake	Sampha	1	['2fkeWbM6iqTw7oGHTYm2lw']
Dua Lipa	Major Lazer	1	['7rfiXyFb5M9BqdkvKvVEiB']
Dua Lipa	Wale	1	['7rfiXyFb5M9BqdkvKvVEiB']
Dua Lipa	WizKid	1	['7rfiXyFb5M9BqdkvKvVEiB']
Major Lazer	Wale	1	['7rfiXyFb5M9BqdkvKvVEiB']
Major Lazer	WizKid	1	['7rfiXyFb5M9BqdkvKvVEiB']
Wale	WizKid	1	['7rfiXyFb5M9BqdkvKvVEiB']
Demi Lovato	Luis Fonsi	1	['1zsG4eaZmkA1dvjDDsAGLK']
Black Coffee	Drake	1	['7y6c07pgjZvtHI9kuMVqk1']
Black Coffee	Jorja Smith	1	['7y6c07pgjZvtHI9kuMVqk1']
Drake	Jorja Smith	1	['7y6c07pgjZvtHI9kuMVqk1']
Avicii	Sandro Cavazza	1	['6WbADFqMvR8N5u0BvtsWQE']
Dave	J Hus	1	['4YLzVD32aMH4qgSsSPtNbl']
Clean Bandit	Louisa	1	['7py16W5fWYLFFS6BElKAjn']
Eminem	Phresher	1	['2MdMjF20umbTe4y2FgdnG8']
Mabel	Not3s	1	['0A9y4c4dkI68IEnsRGtWil']
Future	Maroon 5	1	['5NNlUMcOEOdoOIwwaWXv0k']
P!nk	Sia	1	['7pYFPMeK0TnaTGdS6qOtEr']
P!nk	Stargate	1	['7pYFPMeK0TnaTGdS6qOtEr']
Sia	Stargate	1	['7pYFPMeK0TnaTGdS6qOtEr']
Kehlani	Lily Allen	1	['7MhomISA7KRK6U7KzeV06v']
Kehlani	Stormzy	1	['7MhomISA7KRK6U7KzeV06v']
Lily Allen	Stormzy	1	['7MhomISA7KRK6U7KzeV06v']
Jason Derulo	Nicki Minaj	1	['6kex4EBAj0WHXDKZMEJaaF']
Jason Derulo	Ty Dolla $ign	1	['6kex4EBAj0WHXDKZMEJaaF']
Nicki Minaj	Ty Dolla $ign	1	['6kex4EBAj0WHXDKZMEJaaF']
Drake	Lil Wayne	1	['7KcGEssn7BnJdTgildK5y0']
Drake	Nicki Minaj	1	['7KcGEssn7BnJdTgildK5y0']
Lil Wayne	Nicki Minaj	1	['7KcGEssn7BnJdTgildK5y0']
Martin Garrix	Troye Sivan	1	['6jA8HL9i4QGzsj6fjoxp8Y']
John Lennon	The Harlem Community Choir	1	['3zJw3rugfpVrmBeDDnUYzy']
John Lennon	The Plastic Ono Band	1	['3zJw3rugfpVrmBeDDnUYzy']
John Lennon	Yoko Ono	1	['3zJw3rugfpVrmBeDDnUYzy']
The Harlem Community Choir	The Plastic Ono Band	1	['3zJw3rugfpVrmBeDDnUYzy']
The Harlem Community Choir	Yoko Ono	1	['3zJw3rugfpVrmBeDDnUYzy']
The Plastic Ono Band	Yoko Ono	1	['3zJw3rugfpVrmBeDDnUYzy']
Tinashe	Tinie Tempah	1	['4CRk8QpQ2KNS7N5S2xjEjQ']
Bebe Rexha	Digital Farm Animals	1	['7F9vK8hNFMml4GtHsaXui6']
Bebe Rexha	Louis Tomlinson	1	['7F9vK8hNFMml4GtHsaXui6']
Digital Farm Animals	Louis Tomlinson	1	['7F9vK8hNFMml4GtHsaXui6']
Callie Hernandez	Emma Stone	1	['7xE4vKvjqUTtHyJ9zi0k1q']
Callie Hernandez	Jessica Rothe	1	['7xE4vKvjqUTtHyJ9zi0k1q']
Callie Hernandez	Sonoya Mizuno	1	['7xE4vKvjqUTtHyJ9zi0k1q']
Emma Stone	Jessica Rothe	1	['7xE4vKvjqUTtHyJ9zi0k1q']
Emma Stone	Sonoya Mizuno	1	['7xE4vKvjqUTtHyJ9zi0k1q']
Jessica Rothe	Sonoya Mizuno	1	['7xE4vKvjqUTtHyJ9zi0k1q']
Linkin Park	Pusha T	1	['650OeHTLxZAQmb4aEbGmaA']
Linkin Park	Stormzy	1	['650OeHTLxZAQmb4aEbGmaA']
Pusha T	Stormzy	1	['650OeHTLxZAQmb4aEbGmaA']
Alessia Cara	Khalid	1	['5tz69p7tJuGPeMGwNTxYuV']
Alessia Cara	Logic	1	['5tz69p7tJuGPeMGwNTxYuV']
Khalid	Logic	1	['5tz69p7tJuGPeMGwNTxYuV']
Charlie Puth	Little Mix	1	['37xcWhVKQ99uuiA5Y4yapi']
George Kwali	Kideko	1	['4PXVZqZdzzfqFX39LS52b3']
George Kwali	Nadia Rose	1	['4PXVZqZdzzfqFX39LS52b3']
George Kwali	Sweetie Irie	1	['4PXVZqZdzzfqFX39LS52b3']
Kideko	Nadia Rose	1	['4PXVZqZdzzfqFX39LS52b3']
Kideko	Sweetie Irie	1	['4PXVZqZdzzfqFX39LS52b3']
Nadia Rose	Sweetie Irie	1	['4PXVZqZdzzfqFX39LS52b3']
James Arthur	Rudimental	1	['6SUocL0caib4mLHe8ZrZzi']
Ty Dolla $ign	Zara Larsson	1	['54LGxQGf5LPXNGjtzDZ5IE']
Mike Posner	Seeb	1	['17Fd6Yb7mSbinKG8LoWfFl']
Anna of the North	Rex Orange County	1	['5WNYg3usc6H8N3MBEp4zVk']
Anna of the North	Tyler, The Creator	1	['5WNYg3usc6H8N3MBEp4zVk']
Rex Orange County	Tyler, The Creator	1	['5WNYg3usc6H8N3MBEp4zVk']
Anne-Marie	Joey Bada$$	1	['3nodtPfXcok53E8Uze8gvD']
Anne-Marie	Snakehips	1	['3nodtPfXcok53E8Uze8gvD']
Joey Bada$$	Snakehips	1	['3nodtPfXcok53E8Uze8gvD']
Charli XCX	Lil Yachty	1	['0y8Wf6ltWpGCpgqVa21QNX']
Clean Bandit	Julia Michaels	1	['2xmrfQpmS2iJExTlklLoAL']
J Hus	Krept & Konan	1	['1WWfNyGWcv8S7Tg0wKFszn']
Mr Eazi	RAYE	1	['5STWwZgJ5gHzXdOsZ1hTqH']
Kurt Nilsen	The Norwegian Radio Orchestra	1	['74yQRKUunP1sRjnnMks4SG']
Anne-Marie	Clean Bandit	1	['5knuzwU65gJK7IF5yJsuaW']
Anne-Marie	Sean Paul	1	['5knuzwU65gJK7IF5yJsuaW']
Clean Bandit	Sean Paul	1	['5knuzwU65gJK7IF5yJsuaW']
Alan Walker	Digital Farm Animals	1	['5yFSF6qQA1rcLsQRnBsZgb']
Alan Walker	Juliander	1	['5yFSF6qQA1rcLsQRnBsZgb']
Alan Walker	Noah Cyrus	1	['5yFSF6qQA1rcLsQRnBsZgb']
Digital Farm Animals	Juliander	1	['5yFSF6qQA1rcLsQRnBsZgb']
Digital Farm Animals	Noah Cyrus	1	['5yFSF6qQA1rcLsQRnBsZgb']
Juliander	Noah Cyrus	1	['5yFSF6qQA1rcLsQRnBsZgb']
Kendrick Lamar	Sia	1	['7xHWNBFm6ObGEQPaUxHuKO']
Alessia Cara	Zedd	1	['0dA2Mk56wEzDgegdC6R17g']
David Guetta	Justin Bieber	1	['3A7qX2QjDlPnazUsRk5y0M']
Ed Sheeran	Eminem	1	['5UEnHoDYpsxlfzWLZIc7LD']
Alex Ross	Dakota	1	['4BdIxxdtdpxaPk3vXYL47G']
Alex Ross	T-Pain	1	['4BdIxxdtdpxaPk3vXYL47G']
Dakota	T-Pain	1	['4BdIxxdtdpxaPk3vXYL47G']
Diplo	Sleepy Tom	1	['1Wuwsq0BK4Abd7gRitOhXl']
Anton Powers	Pixie Lott	1	['5PmlrsujvBZV4YWlJB4jRk']
Blake Shelton	Gwen Stefani	1	['6C81GGUCNbEmR8gMIi0CpH']
ALMA	Sub Focus	1	['0E7IEEODbRcopBn7sGJuor']
Halsey	The Chainsmokers	1	['7BKLCZ1jbUBVqRi2FVlTVw']
Chance the Rapper	Knox Fortune	1	['60xaS8mYBKUW4VQQ666N0T']
Conor Maynard	Kris Kross Amsterdam	1	['0fH86zQcE2CmATQju6WpXv']
Conor Maynard	Ty Dolla $ign	1	['0fH86zQcE2CmATQju6WpXv']
Kris Kross Amsterdam	Ty Dolla $ign	1	['0fH86zQcE2CmATQju6WpXv']
Felix Jaehn	OMI	1	['7vFoFDWqTX0mHzLfrF1Cfy']
Yungen	Yxng Bane	1	['638s8Qi75q1pXjuH86fJX7']
John Williams	Mykola Dmytrovych Leontovych	1	['4tHqQMWSqmL6YjXwsqthDI']
CVBZ	Cheat Codes	1	['5uu28fUesZMl89lf9CLrgN']
CVBZ	Fetty Wap	1	['5uu28fUesZMl89lf9CLrgN']
Cheat Codes	Fetty Wap	1	['5uu28fUesZMl89lf9CLrgN']
Gucci Mane	Rae Sremmurd	1	['6fujklziTHa8uoM5OQSfIo']
Kali Uchis	Tyler, The Creator	1	['7KA4W4McWYRpgf0fWsJZWB']
Ariana Grande	Nicki Minaj	1	['4pLwZjInHj3SimIyN9SnOz']
Bebe Rexha	Florida Georgia Line	1	['7iDa6hUg2VgEL1o1HjmfBn']
Travis Scott	Young Thug	1	['20dP2DaMHIAmwWAbp7peSr']
Migos	Sean Paul	1	['4EKKrClSZPPmm3RBwT34nz']
Calvin Harris	Rihanna	1	['0azC730Exh71aQlOt9Zj3y']
Calvin Harris	Kehlani	1	['0pJPdSVti6cTM1Q6xYGmcf']
Calvin Harris	Lil Yachty	1	['0pJPdSVti6cTM1Q6xYGmcf']
Kehlani	Lil Yachty	1	['0pJPdSVti6cTM1Q6xYGmcf']
2 Chainz	Drake	1	['0xl1w2q4VLojeXp4JfazPL']
2 Chainz	Young Thug	1	['0xl1w2q4VLojeXp4JfazPL']
Trippie Redd	XXXTENTACION	1	['7AQim7LbvFVZJE3O8TYgf2']
Gucci Mane	The Weeknd	1	['1tp1xMJ1uaOktksskS0Fzs']
Phoebe Ryan	The Chainsmokers	1	['2rizacJSyD9S1IQUxUxnsK']
Calvin Harris	Nicki Minaj	1	['7iDxZ5Cd0Yg08d4fI5WVtG']
Louis Tomlinson	Steve Aoki	1	['3EmmCZoqpWOTY1g2GBwJoR']
Poo Bear	Skrillex	1	['57p8CBvPOxrvyCbn6ttl5r']
Bebe Rexha	Ty Dolla $ign	1	['4ZJPwET9Jrgpkqi4Vo3Yg8']
Diplo	MØ	1	['68m6iwhKElLTBaGRG1LLwE']
Krept & Konan	Stormzy	1	['4I31cTuAHTf9aO7JkGW8PO']
Kiiara	Linkin Park	1	['104buTcnP2AsxqB7U1FIZ4']
Ghetts	J Hus	1	['48jPP29QyeTorwlkflGast']
Ghetts	Stormzy	1	['48jPP29QyeTorwlkflGast']
J Hus	Stormzy	1	['48jPP29QyeTorwlkflGast']
Eminem	Rihanna	1	['6UaRii9AH6Zss9xNMEQ2M9']
Future	The Weeknd	1	['3mRcWCyteY2133a7xVMrYw']
21 Savage	Drake	1	['4ckuS4Nj4FZ7i3Def3Br8W']
Big Sean	Coldplay	1	['6uJwPeBGb3swi85TSr9iIz']
Lana Del Rey	Stevie Nicks	1	['3O7p9Itz8PXUoAjD2vmuM6']
Big Sean	DJ Khaled	1	['7lxZbmtC6SkUc2yXBgDOdO']
Big Sean	Rick Ross	1	['7lxZbmtC6SkUc2yXBgDOdO']
Big Sean	Travis Scott	1	['7lxZbmtC6SkUc2yXBgDOdO']
DJ Khaled	Rick Ross	1	['7lxZbmtC6SkUc2yXBgDOdO']
Rick Ross	Travis Scott	1	['7lxZbmtC6SkUc2yXBgDOdO']
Dave	Drake	1	['7bPLo5Fv7h15E2fW3g1mVQ']
Eminem	P!nk	1	['3OEer2dQj1eWhSqxatGiru']
Fuse ODG	Major Lazer	1	['0L7loeTIg6akW84aEQZpCT']
Fuse ODG	Nyla	1	['0L7loeTIg6akW84aEQZpCT']
Hailee Steinfeld	Kato	1	['4tX7Nt68zEeb0Lt32ngQR0']
Hailee Steinfeld	Sigala	1	['4tX7Nt68zEeb0Lt32ngQR0']
Kato	Sigala	1	['4tX7Nt68zEeb0Lt32ngQR0']
Tinie Tempah	Zara Larsson	1	['5BOZ4skcMubA0R6RD4zf64']
Michael Bublé	Shania Twain	1	['2gbCG4Rt9984UZ7Tc0dIFd']
Daddy Yankee	Justin Bieber	1	['5CtI0qwDJkDQGwXD1H1cLb']
Justin Bieber	Luis Fonsi	1	['5CtI0qwDJkDQGwXD1H1cLb']
Ed Sheeran	Kranium	1	['1KqvRRQd3lfM0pAlkGPrgD']
Ed Sheeran	Major Lazer	1	['1KqvRRQd3lfM0pAlkGPrgD']
Ed Sheeran	Nyla	1	['1KqvRRQd3lfM0pAlkGPrgD']
Kranium	Major Lazer	1	['1KqvRRQd3lfM0pAlkGPrgD']
Kranium	Nyla	1	['1KqvRRQd3lfM0pAlkGPrgD']
Ed Sheeran	Fuse ODG	1	['03EcqaAMg58r10dgbl0o6y']
Ed Sheeran	Mugeez	1	['03EcqaAMg58r10dgbl0o6y']
Fuse ODG	Mugeez	1	['03EcqaAMg58r10dgbl0o6y']
Cheat Codes	Kris Kross Amsterdam	1	['5DA77EqppDmCTWGovd4oTP']
MoStack	Mr Eazi	1	['5vySkXA0v40CDwofIvhc1Y']
MoStack	Not3s	1	['5vySkXA0v40CDwofIvhc1Y']
MoStack	Steel Banglez	1	['5vySkXA0v40CDwofIvhc1Y']
MoStack	Yungen	1	['5vySkXA0v40CDwofIvhc1Y']
Mr Eazi	Not3s	1	['5vySkXA0v40CDwofIvhc1Y']
Mr Eazi	Steel Banglez	1	['5vySkXA0v40CDwofIvhc1Y']
Not3s	Steel Banglez	1	['5vySkXA0v40CDwofIvhc1Y']
Not3s	Yungen	1	['5vySkXA0v40CDwofIvhc1Y']
Steel Banglez	Yungen	1	['5vySkXA0v40CDwofIvhc1Y']
Dakota	Jonas Blue	1	['6OZh916QF8XNunWaP97WEZ']
Eminem	Skylar Grey	1	['107CfwBqfICzcKur8k7UCA']
Sia	ZAYN	1	['1j4kHkkpqZRBwE0A4CN4Yv']
Cookin' On 3 Burners	Kungs	1	['0tICYNayWWhH9GPeFrfjfD']
Lil Uzi Vert	Oh Wonder	1	['2eAZfqOm4EnOF9VvN50Tyc']
After 6	Malisha Bleau	1	['1mebe3JaPfy8SOTksMKEom']
After 6	Ryan Blyth	1	['1mebe3JaPfy8SOTksMKEom']
Malisha Bleau	Ryan Blyth	1	['1mebe3JaPfy8SOTksMKEom']
Clean Bandit	Zara Larsson	1	['1x5sYLZiu9r5E43kMlt9f8']
Imagine Dragons	Lil Wayne	1	['4dASQiO1Eoo3RJvt74FtXB']
Imagine Dragons	Logic	1	['4dASQiO1Eoo3RJvt74FtXB']
Imagine Dragons	Ty Dolla $ign	1	['4dASQiO1Eoo3RJvt74FtXB']
Imagine Dragons	Wiz Khalifa	1	['4dASQiO1Eoo3RJvt74FtXB']
Imagine Dragons	X Ambassadors	1	['4dASQiO1Eoo3RJvt74FtXB']
Lil Wayne	Logic	1	['4dASQiO1Eoo3RJvt74FtXB']
Lil Wayne	Ty Dolla $ign	1	['4dASQiO1Eoo3RJvt74FtXB']
Lil Wayne	Wiz Khalifa	1	['4dASQiO1Eoo3RJvt74FtXB']
Lil Wayne	X Ambassadors	1	['4dASQiO1Eoo3RJvt74FtXB']
Logic	Ty Dolla $ign	1	['4dASQiO1Eoo3RJvt74FtXB']
Logic	Wiz Khalifa	1	['4dASQiO1Eoo3RJvt74FtXB']
Logic	X Ambassadors	1	['4dASQiO1Eoo3RJvt74FtXB']
Ty Dolla $ign	Wiz Khalifa	1	['4dASQiO1Eoo3RJvt74FtXB']
Ty Dolla $ign	X Ambassadors	1	['4dASQiO1Eoo3RJvt74FtXB']
Wiz Khalifa	X Ambassadors	1	['4dASQiO1Eoo3RJvt74FtXB']
99 Percent	Flo Rida	1	['6t2ubAB4iSYOuIpRAOGd4t']
Dave	Giggs	1	['0gxfdKlRNsUhwb296HvUXA']
Future	Rihanna	1	['2Ce5IyMlVRVvN997ZJjJJA']
Little Mix	Machine Gun Kelly	1	['5ZnJsoJGkQ5K15W7Rcr5JO']
Larry Walsh	Mark Linett	1	['5xlS0QkVrSH7ssEbBgBzbM']
Larry Walsh	Sweet	1	['5xlS0QkVrSH7ssEbBgBzbM']
Larry Walsh	The Beach Boys	1	['5xlS0QkVrSH7ssEbBgBzbM']
Mark Linett	Sweet	1	['5xlS0QkVrSH7ssEbBgBzbM']
Mark Linett	The Beach Boys	1	['5xlS0QkVrSH7ssEbBgBzbM']
Sweet	The Beach Boys	1	['5xlS0QkVrSH7ssEbBgBzbM']
Dave	MoStack	1	['4USHZ3omhEBGjHLD9BIJYs']
Kendrick Lamar	Rihanna	1	['6SwRhMLwNqEi6alNPVG00n']
Cheat Codes	David Guetta	1	['1cG0umU5TKStygKsPFZ9pY']
Cheat Codes	Robin Schulz	1	['1cG0umU5TKStygKsPFZ9pY']
David Guetta	Robin Schulz	1	['1cG0umU5TKStygKsPFZ9pY']
DJ Snake	Justin Bieber	1	['4pdPtRcBmOSQDlJ3Fk945m']
Gorillaz	Grace Jones	1	['2CJ6CRzuRQd46asE1ucuVD']
KYLE	Lil Yachty	1	['2EEeOnHehOozLq4aS0n6SL']
A$AP Rocky	Playboi Carti	1	['5QqyRUZeBE04yJxsD1OC0I']
Lana Del Rey	Playboi Carti	1	['5QqyRUZeBE04yJxsD1OC0I']
Big Sean	Eminem	1	['1MksGqIztTT6M9R1ErKVs8']
Gorillaz	RAY BLK	1	['67fRHOlaYQQFG67D9DkdnW']
Gorillaz	Rag'n'Bone Man	1	['67fRHOlaYQQFG67D9DkdnW']
Gorillaz	Zebra Katz	1	['67fRHOlaYQQFG67D9DkdnW']
RAY BLK	Rag'n'Bone Man	1	['67fRHOlaYQQFG67D9DkdnW']
RAY BLK	Zebra Katz	1	['67fRHOlaYQQFG67D9DkdnW']
Rag'n'Bone Man	Zebra Katz	1	['67fRHOlaYQQFG67D9DkdnW']
Bebe Rexha	Martin Garrix	1	['04DwTuZ2VBdJCCC5TROn7L']
Maluma	Shakira	1	['6mICuAdrwEjh6Y6lroV2Kg']
Drake	Kyla	1	['1xznGGDReH1oQq0xzbwXa3']
Kyla	WizKid	1	['1xznGGDReH1oQq0xzbwXa3']
Andrea Bocelli	Ed Sheeran	1	['3zl7j5ua8mF4JDYuxrfo01']
De La Soul	Gorillaz	1	['2RCp9QBnFSxdKe8RD4xF8s']
Jax Jones	MNEK	1	['4Kln4sYiZzemzfdbLXW00G']
Jax Jones	Mike Dunn	1	['4Kln4sYiZzemzfdbLXW00G']
MNEK	Mike Dunn	1	['4Kln4sYiZzemzfdbLXW00G']
Ralph Felix	SDJM	1	['6kh2EgNMbO3P3HoxLEUSNX']
Bruno Mars	Mark Ronson	1	['32OlwWuMpZ6b0aN2RZOeMS']
Kygo	OneRepublic	1	['5gIRPQWULwrvIt0F6pY7ph']
French Montana	Max B	1	['1vVNlXi8gf8tZ7OhnEs4VE']
French Montana	The Weeknd	1	['1vVNlXi8gf8tZ7OhnEs4VE']
Max B	The Weeknd	1	['1vVNlXi8gf8tZ7OhnEs4VE']
Cheat Codes	Demi Lovato	1	['1louJpMmzEicAn7lzDalPW']
Giggs	Popcaan	1	['0ALIa3fNsBvodOAmekGrZ8']
Charlie Puth	Selena Gomez	1	['68EMU2RD1ECNeOeJ5qAXCV']
Blackstreet	Dr. Dre	1	['6MdqqkQ8sSC0WB4i8PyRuQ']
Blackstreet	Queen Pen	1	['6MdqqkQ8sSC0WB4i8PyRuQ']
Dr. Dre	Queen Pen	1	['6MdqqkQ8sSC0WB4i8PyRuQ']
OneRepublic	Seeb	1	['7aF09WaavZAmAWuUeYxlYD']
Ariana Grande	Cashmere Cat	1	['4Q5yMlwAfAoitqg4r9oZHN']
Giggs	Lil Duke	1	['0Y4RbufVwP3svcNeTdpoaN']
Giggs	Young Thug	1	['0Y4RbufVwP3svcNeTdpoaN']
Lil Duke	Young Thug	1	['0Y4RbufVwP3svcNeTdpoaN']
Maggie Lindemann	The Vamps	1	['5kflnIKOUU6aLXkVXmJ6iK']
Chris Brown	Future	1	['2XdgSB4TtzUHQYCMfSHbFI']
Chris Brown	Young Thug	1	['2XdgSB4TtzUHQYCMfSHbFI']
Future	Young Thug	1	['2XdgSB4TtzUHQYCMfSHbFI']
Kygo	Selena Gomez	1	['3eR23VReFzcdmS7TYCrhCe']
Dua Lipa	Sean Paul	1	['3cFsmM51N5zMAuu1nNY4Tw']
SZA	Travis Scott	1	['0q75NwOoFiARAVp4EXU4Bs']
Ellie Goulding	Kygo	1	['2Gl0FzuLxflY6nPifJp5Dr']
