source	target	weight	avg_streams
hip hop	rap	303	3298276.8673469387
pop	pop	223	5036200.656976745
rap	trap	223	3872728.1473684213
pop rap	rap	209	3139853.373737374
rap	rap	203	3272717.333333333
dance pop	pop	195	4683509.460869567
hip hop	trap	147	3075085.770491803
hip hop	pop rap	140	3370763.9718309864
pop	rap	139	3123506.2278481014
pop	pop rap	139	3397185.775280899
hip hop	hip hop	130	2991304.685185185
pop rap	trap	129	3302071.632352941
hip hop	pop	126	2926426.3698630137
pop	tropical house	105	3880480.289855072
electropop	pop	102	5017399.080645162
pop	trap	88	2932998.966101695
electro	pop	85	3305606.629629629
pop	r&b	67	5773198.770833332
pop rap	pop rap	67	4214240.18
dance pop	tropical house	62	3559964.7619047617
trap	trap	60	2702449.75
dance pop	pop rap	54	3868757.5853658537
dance pop	electro	49	3264992.151515152
dance pop	rap	47	2850229.575757576
dance pop	dance pop	46	3567056.578947368
dance pop	electropop	41	5336968.0625
house	pop	38	4187855.666666666
electro house	pop	36	4342488.866666666
r&b	rap	36	2996693.478260869
pop rap	r&b	35	3969466.0
electropop	tropical house	33	4384001.761904762
dance	pop	33	4505054.478260869
hip hop	r&b	33	2577342.5263157897
other	pop	32	5952230.142857143
dance pop	trap	30	2276100.333333333
dance pop	hip hop	30	2865187.695652174
electro	tropical house	29	3129387.6111111115
rap	soul	27	3424445.666666666
dance pop	house	26	3014206.5625
hip hop	soul	26	1842207.0
latin	pop	24	1703515.4285714286
dance	dance pop	24	2517121.2
electro	electropop	22	3743167.941176471
pop	soul	22	2446294.533333333
electropop	electropop	21	7604293.2
dance pop	r&b	21	5397524.333333333
pop	reggaeton	21	1752619.6923076925
r&b	trap	21	1810315.1538461538
pop rap	reggaeton	19	2277551.6923076925
rap	reggaeton	18	2588019.727272727
dance pop	electro house	18	1934168.8
tropical house	tropical house	17	3259051.1333333333
electro	pop rap	17	2029889.25
latin	pop rap	16	1885888.583333333
r&b	tropical house	16	5784992.846153846
dance	tropical house	16	3163460.1818181816
pop	rock	16	4909223.166666667
pop rap	tropical house	16	2151580.923076923
electropop	other	15	4127845.8
dubstep	pop	15	6185304.363636362
electro	house	15	1856186.3
country	pop	15	6599619.583333332
latin	rap	14	2269505.333333333
dance	electro	14	3461888.222222222
electro	rap	13	1750573.5
house	tropical house	13	3276675.5
electropop	hip hop	13	2901691.666666666
indie	pop	13	5329927.0
rap	urban contemporary	13	1026476.125
other	tropical house	12	3753965.0
reggaeton	trap	12	2701894.222222222
electro	r&b	12	3789895.3636363638
dance pop	latin	12	1531668.2
dance	house	12	2982259.125
electro	electro	12	2652472.6
soul	trap	12	1842207.0
dance pop	reggaeton	11	1583502.4444444443
pop	urban contemporary	11	3030552.272727273
pop rap	urban contemporary	11	1846393.625
indie pop	pop	11	8609554.555555556
electropop	rap	10	2846996.1428571427
electropop	r&b	10	9280891.25
pop rap	soul	10	2351702.285714286
dance pop	other	10	6031120.222222223
electro house	rap	10	2039746.833333333
house	r&b	9	7508451.0
electro house	tropical house	9	1874532.0
electro	electro house	9	2112648.8571428573
electro	soul	9	2837173.5
other	rap	9	2051679.2
dance pop	soul	9	3674379.2857142864
soul	tropical house	9	3343978.571428572
electropop	pop rap	9	6503134.25
r&b	r&b	9	3081948.1428571427
r&b	soul	9	1781262.4285714286
hip hop	urban contemporary	9	1598768.1428571432
pop	pop rock	9	7022191.666666668
latin	trap	8	2324911.285714286
dubstep	electropop	8	6660812.8
electro	trap	8	3856119.5714285714
electro	hip hop	8	3078574.2857142864
electro house	electropop	8	6763607.285714285
rap	rock	8	2089881.6
pop rap	rock	8	1537566.2857142857
hip hop	reggaeton	8	2984097.571428572
electropop	trap	8	4408666.833333333
electropop	indie	8	3463477.5
electro	other	8	4017293.0
moombahton	pop	8	7237080.25
dance pop	dubstep	7	2141678.166666666
grime	pop	7	1125033.4
country	hip hop	7	9471300.0
dance	electro house	7	1023273.0
hip hop	indie	7	5478027.142857143
other	pop rap	7	1476759.5
dancehall	pop	7	1111040.833333333
grime	hip hop	7	2346561.666666666
trap	urban contemporary	7	1773037.333333333
hip hop	other	7	1934801.4
indietronica	pop	7	6612111.666666668
hip hop	latin	7	2176479.5
pop	techno	7	3779208.2857142864
pop	tropical	7	2000244.75
rap	tropical house	7	2872503.333333333
dubstep	tropical house	6	2250967.0
country	pop rap	6	12505487.0
electro house	house	6	1988756.2
emo	pop	6	4302222.0
rock	tropical house	6	1457553.0
electro	rock	6	1457553.0
indie pop	pop rap	6	6952457.666666668
indie pop	rap	6	994255.0
electro house	pop rap	6	1579552.6
electro house	r&b	6	4308849.0
country	dance pop	6	6364730.8
ninja	pop	6	7237080.25
electro	latin	5	1455723.0
dance	pop house	5	12672977.666666664
house	house	5	1970174.2
disco house	pop	5	520756.66666666674
dance pop	disco house	5	520756.66666666674
dance	r&b	5	9332294.8
dance	soul	5	3002926.8
dance	hip hop	5	2566854.8
electropop	soul	5	1479770.75
other	r&b	5	2675505.25
dance pop	rock	5	4009492.6
house	pop rap	5	2266026.6
funk	pop	5	1299408.25
dance	pop rap	5	1222372.2
indie rock	pop	5	4434422.333333333
dubstep	pop rap	5	1107171.25
electropop	indie pop	5	10438320.4
dubstep	rap	5	1674522.666666667
latin	reggaeton	5	2732416.0
electro house	soul	5	4575344.0
electro	indie	5	4577494.4
dance pop	moombahton	5	7237080.25
dance pop	ninja	5	7237080.25
trap	tropical house	5	5621290.25
indie pop	tropical house	5	3721665.8
house	rap	5	2234947.5
electro	reggaeton	4	1553363.75
country	country rap	4	12505487.0
dance	disco house	4	650454.0
metal	rap	4	3083607.0
indie pop	trap	4	1172136.0
hip hop	indie pop	4	1172136.0
dance pop	pop rock	4	1514405.75
electropop	pop rock	4	2634256.0
country	tropical house	4	7044845.0
house	other	4	6269576.25
country	electropop	4	8597776.5
electro house	other	4	13129658.0
electro house	rock	4	8026804.0
grime	rap	4	3833264.0
grime	trap	4	3833264.0
electropop	house	4	5937796.0
electro house	trap	4	1939637.0
k-pop	pop	4	2610971.5
afropop	pop	4	741070.3333333335
afropop	pop rap	4	741070.3333333335
afropop	rap	4	741070.3333333335
indie rock	rap rock	3	3233092.0
rap rock	rock	3	3233092.0
dance	dance	3	3391831.0
disco house	electro	3	520756.66666666674
disco house	tropical house	3	520756.66666666674
pop	reggae	3	2898195.0
dancehall	hip hop	3	969433.3333333335
electropop	techno	3	5026674.333333333
dancehall	r&b	3	1252648.333333333
house	rock	3	2093762.666666667
dance pop	funk	3	1521839.0
funk	pop rap	3	1344270.333333333
r&b	urban contemporary	3	2777459.333333333
dance pop	indie	3	1557331.666666667
indie rock	pop rap	3	1295471.0
country	electro	3	6588285.333333332
moombahton	other	3	7845818.666666668
ninja	other	3	7845818.666666668
hip hop	indietronica	3	1791199.333333333
indie	other	3	3426649.666666666
indie pop rap	pop rap	3	786969.0
electro	europop	3	3912705.0
europop	tropical house	3	3912705.0
europop	pop	3	531822.5
country	electro house	3	13649030.0
soul	soul	3	199120.0
dance pop	indie rock	3	6403259.5
latin	latin	3	2732416.0
latin	tropical	3	1932150.0
grime	pop rap	3	3833264.0
dance pop	k-pop	3	2644051.0
house	soul	3	6918304.5
indie	indie	3	6361444.666666668
pop rap	tropical	3	3391213.0
other	other	3	569508.3333333335
rap	tropical	3	3130989.0
electro	urban contemporary	3	6137608.333333332
tropical house	urban contemporary	3	6137608.333333332
moombahton	tropical house	3	10190470.0
house	trap	3	10065174.5
electro	indie pop	3	1507008.333333333
electro	pop rock	3	2429884.333333333
electro house	pop rock	3	10536822.666666666
pop rock	tropical house	3	2429884.333333333
electro	moombahton	3	3422123.0
pop	video game music	3	3468578.0
hip hop	tropical house	3	2457856.333333333
electro house	hip hop	3	2833895.0
dance pop	techno	3	1903271.666666667
afropop	hip hop	3	907341.5
indie pop	r&b	3	13430462.666666664
adult standards	pop	3	1019451.3333333335
dubstep	electro	3	2129329.0
electro	trance	3	2129329.0
azonto	pop	3	520322.0
country pop	pop	3	9602771.0
county rock	pop	3	9602771.0
country pop	dance pop	3	9602771.0
county rock	dance pop	3	9602771.0
disco house	house	2	650454.0
indie	soul	2	497658.5
dancehall	grime	2	1138092.0
dance pop	emo	2	5819956.0
pop punk	pop rap	2	2784488.0
emo	pop rap	2	2784488.0
pop punk	tropical house	2	2784488.0
electro	pop punk	2	2784488.0
pop	pop punk	2	2784488.0
house	pop punk	2	2784488.0
emo	tropical house	2	2784488.0
electro	emo	2	2784488.0
emo	house	2	2784488.0
funk	r&b	2	1700347.5
funk	soul	2	1700347.5
funk	tropical house	2	1700347.5
soul	urban contemporary	2	3767300.0
rap	rap rock	2	1694832.5
pop rap	rap rock	2	1694832.5
indie rock	rap	2	1694832.5
country	house	2	3965144.5
indietronica	pop rap	2	953527.5
indietronica	trap	2	953527.5
indie r&b	rap	2	201276.0
indietronica	rap	2	201276.0
dance	other	2	2298157.5
new wave	rock	2	3968547.5
indie pop rap	rap	2	1361512.0
indie pop rap	trap	2	1361512.0
europop	house	2	531822.5
dance pop	europop	2	531822.5
electro house	indie pop	2	11047295.5
dubstep	other	2	24796077.5
country rap	rap	2	1247670.0
country rap	pop rap	2	1247670.0
electro house	indie rock	2	3496828.0
dubstep	rock	2	15004638.0
dubstep	r&b	2	2917860.0
k-pop	pop rap	2	353431.0
country rap	k-pop	2	353431.0
hip hop	k-pop	2	353431.0
r&b	techno	2	3447556.0
electropop	rock	2	3847619.5
reggaeton	tropical	2	1932150.0
hip hop	tropical	2	1671926.0
dubstep	trap	2	2406610.5
indie	indietronica	2	7343733.0
electro	indietronica	2	6324444.0
dance	indie	2	7808895.5
electropop	indietronica	2	6463351.0
reggaeton	reggaeton	2	3992192.5
dance pop	tropical	2	2328563.5
electropop	latin	2	3651437.0
electropop	reggaeton	2	3651437.0
pop rock	rap	2	7477081.5
pop rap	pop rock	2	7477081.5
electropop	moombahton	2	10190470.0
ninja	tropical house	2	10190470.0
other	trap	2	8899674.0
dance pop	indie pop	2	1546530.0
pagode baiano	pop	2	1065160.0
dance pop	pagode baiano	2	1065160.0
brazilian funk	pop	2	1065160.0
brazilian funk	dance pop	2	1065160.0
adult standards	other	2	916364.5
lounge	other	2	916364.5
house	indie	2	1901569.0
house	pop rock	2	2952012.5
escape room	pop	2	4269930.0
electropop	k-pop	2	3050053.5
house	moombahton	2	3422123.0
electro	ninja	2	3422123.0
indietronica	tropical house	2	1566872.0
electro	video game music	2	3468578.0
tropical house	video game music	2	3468578.0
moombahton	video game music	2	3468578.0
moombahton	r&b	2	3468578.0
deep pop r&b	pop	2	2636070.5
dance pop	deep pop r&b	2	2636070.5
rock	rock	2	4587240.5
classic rock	rock	2	4587240.5
afropop	r&b	2	795547.5
afropop	dance pop	2	795547.5
blues	pop rap	2	1182567.0
afrobeat	pop rap	2	1182567.0
pop rap	world	2	1182567.0
pop rap	wassoulou	2	1182567.0
blues	rap	2	1182567.0
afrobeat	rap	2	1182567.0
rap	world	2	1182567.0
rap	wassoulou	2	1182567.0
blues	hip hop	2	1182567.0
afrobeat	hip hop	2	1182567.0
hip hop	world	2	1182567.0
hip hop	wassoulou	2	1182567.0
indietronica	r&b	2	1738806.0
adult standards	adult standards	2	1085320.5
adult standards	easy listening	2	1085320.5
adult standards	lounge	2	1085320.5
trance	tropical house	2	1040671.0
pop	trance	2	1040671.0
dance pop	trance	2	1040671.0
dance	electropop	2	5499036.0
experimental	rock	2	2206561.0
indie r&b	pop	2	2297085.5
dancehall	rap	2	520322.0
azonto	rap	2	520322.0
dancehall	pop rap	2	520322.0
azonto	pop rap	2	520322.0
country	rap	2	552621.0
country	trap	2	552621.0
dance pop	urban contemporary	2	2155490.0
jazz	rap	2	886986.0
funk	hip hop	2	632116.0
blues rock	rap	2	892529.0
blues rock	trap	2	892529.0
blues rock	pop rap	2	892529.0
rock	trap	2	892529.0
classic rock	rap	2	892529.0
classic rock	trap	2	892529.0
classic rock	pop rap	2	892529.0
hip hop	house	2	3217987.0
rap	trance	2	3217987.0
country	moombahton	1	1433381.0
country	ninja	1	1433381.0
indie r&b	pop rap	1	201276.0
indie r&b	trap	1	201276.0
hip hop	indie r&b	1	201276.0
folk	new wave	1	969175.0
celtic	new wave	1	969175.0
new wave	punk	1	969175.0
hip hop	indie pop rap	1	1361512.0
indie	reggae	1	436456.0
electro house	europop	1	818478.0
pop	synthpop	1	20079627.0
electro house	synthpop	1	20079627.0
dubstep	synthpop	1	20079627.0
dubstep	indie pop	1	20079627.0
electro house	indietronica	1	20079627.0
dubstep	indietronica	1	20079627.0
country rap	pop	1	1942719.0
dubstep	indie rock	1	496748.0
country	dubstep	1	22615615.0
gospel	rap	1	496886.0
indie pop	indie pop rap	1	212426.0
indie pop rap	pop	1	212426.0
dance pop	indie pop rap	1	212426.0
k-hop	k-pop	1	353431.0
k-pop	k-pop	1	353431.0
k-hop	pop rap	1	353431.0
country rap	k-hop	1	353431.0
hip hop	k-hop	1	353431.0
indie pop	rap rock	1	6309611.0
pop	rap rock	1	6309611.0
dance pop	rap rock	1	6309611.0
electropop	rap rock	1	6309611.0
indie pop	indie rock	1	6309611.0
indie pop	rock	1	6309611.0
electropop	indie rock	1	6309611.0
tropical	tropical	1	212863.0
dance	indietronica	1	11220923.0
electropop	tropical	1	3651437.0
trap	tropical	1	3130989.0
country	techno	1	11834567.0
electropop	ninja	1	16912362.0
moombahton	trap	1	16912362.0
ninja	trap	1	16912362.0
indie	rap	1	989644.0
indie	trap	1	989644.0
indie	pop rap	1	989644.0
indie pop	techno	1	2014964.0
soul	techno	1	2014964.0
electro	pagode baiano	1	1065160.0
pagode baiano	tropical house	1	1065160.0
pagode baiano	pop rap	1	1065160.0
brazilian funk	electro	1	1065160.0
brazilian funk	tropical house	1	1065160.0
brazilian funk	pop rap	1	1065160.0
latin	pagode baiano	1	1065160.0
brazilian funk	latin	1	1065160.0
latin	tropical house	1	1065160.0
electro house	indie	1	712312.0
indie	tropical house	1	712312.0
dance pop	escape room	1	6768027.0
indie pop	k-pop	1	5841900.0
house	ninja	1	3375668.0
house	video game music	1	3468578.0
ninja	video game music	1	3468578.0
electropop	video game music	1	3468578.0
r&b	video game music	1	3468578.0
electro house	video game music	1	3468578.0
dance pop	video game music	1	3468578.0
pop rap	video game music	1	3468578.0
ninja	r&b	1	3468578.0
electro house	moombahton	1	3468578.0
moombahton	moombahton	1	3468578.0
moombahton	pop rap	1	3468578.0
electro house	ninja	1	3468578.0
moombahton	ninja	1	3468578.0
ninja	pop rap	1	3468578.0
deep pop r&b	electro	1	2449803.0
deep pop r&b	electro house	1	2449803.0
deep pop r&b	tropical house	1	2449803.0
punk	rock	1	6967920.0
k-pop	other	1	258207.0
k-pop	tropical house	1	258207.0
blues	pop	1	1182567.0
afrobeat	pop	1	1182567.0
pop	world	1	1182567.0
pop	wassoulou	1	1182567.0
blues	r&b	1	1182567.0
afrobeat	r&b	1	1182567.0
r&b	world	1	1182567.0
r&b	wassoulou	1	1182567.0
blues	dance pop	1	1182567.0
afrobeat	dance pop	1	1182567.0
dance pop	world	1	1182567.0
dance pop	wassoulou	1	1182567.0
indie pop	soul	1	1705779.0
indietronica	soul	1	1705779.0
pop house	pop house	1	8874585.0
pop house	tropical house	1	8874585.0
house	pop house	1	8874585.0
pop	pop house	1	8874585.0
dance pop	pop house	1	8874585.0
adult standards	swing	1	1873139.0
lounge	swing	1	1873139.0
easy listening	lounge	1	1873139.0
pop	swing	1	1873139.0
easy listening	pop	1	1873139.0
dance	dubstep	1	1040671.0
dance	trance	1	1040671.0
pop rap	trance	1	1040671.0
latin	r&b	1	1103155.0
r&b	reggaeton	1	1103155.0
folk rock	rock	1	2206561.0
psychedelic rock	rock	1	2206561.0
mellow gold	rock	1	2206561.0
folk rock	pop	1	2206561.0
experimental	folk rock	1	2206561.0
pop	psychedelic rock	1	2206561.0
experimental	psychedelic rock	1	2206561.0
mellow gold	pop	1	2206561.0
experimental	mellow gold	1	2206561.0
classic rock	pop	1	2206561.0
classic rock	experimental	1	2206561.0
dance pop	indie r&b	1	2822338.0
azonto	r&b	1	408528.0
dance pop	dancehall	1	408528.0
azonto	dance pop	1	408528.0
afropop	trap	1	408528.0
dancehall	trap	1	408528.0
azonto	trap	1	408528.0
country	country	1	552621.0
country rap	trap	1	552621.0
country rap	hip hop	1	552621.0
indie	r&b	1	7483698.0
pop rock	r&b	1	7483698.0
dance	rap	1	1251908.0
jazz	pop rap	1	886986.0
jazz	trap	1	886986.0
hip hop	jazz	1	886986.0
country	urban contemporary	1	368739.0
country	pop rock	1	368739.0
country	europop	1	368739.0
easy listening	other	1	297502.0
funk	rap	1	632116.0
azonto	hip hop	1	632116.0
afropop	funk	1	632116.0
dancehall	funk	1	632116.0
azonto	funk	1	632116.0
indie r&b	r&b	1	1771833.0
chillwave	r&b	1	1771833.0
chillwave	pop	1	1771833.0
escape room	r&b	1	1771833.0
adult standards	country	1	887713.0
adult standards	dance pop	1	887713.0
country	lounge	1	887713.0
lounge	pop	1	887713.0
dance pop	lounge	1	887713.0
gospel	indigenous	1	2009301.0
gospel	indie	1	2009301.0
gospel	rock	1	2009301.0
gospel	pop	1	2009301.0
electro house	latin	1	1005690.0
electro house	tropical	1	1005690.0
electro house	reggaeton	1	1005690.0
country pop	electro	1	6496908.0
county rock	electro	1	6496908.0
country pop	electro house	1	6496908.0
county rock	electro house	1	6496908.0
country pop	tropical house	1	6496908.0
county rock	tropical house	1	6496908.0
country pop	house	1	6496908.0
county rock	house	1	6496908.0
electro	indie rock	1	6496908.0
indie rock	tropical house	1	6496908.0
house	indie rock	1	6496908.0
country	indie rock	1	6496908.0
country pop	indie rock	1	6496908.0
county rock	indie rock	1	6496908.0
blues rock	hip hop	1	892529.0
hip hop	rock	1	892529.0
classic rock	hip hop	1	892529.0
dubstep	pop rock	1	29512528.0
dance	latin	1	418587.0
dance	reggaeton	1	418587.0
dance	trap	1	418587.0
electro house	urban contemporary	1	3513202.0
techno	urban contemporary	1	3513202.0
rap	techno	1	3513202.0
pop rap	techno	1	3513202.0
electro house	electro house	1	3217987.0
dubstep	electro house	1	3217987.0
electro house	trance	1	3217987.0
electropop	trance	1	3217987.0
dubstep	house	1	3217987.0
house	trance	1	3217987.0
dubstep	soul	1	3217987.0
soul	trance	1	3217987.0
trance	trap	1	3217987.0
dubstep	hip hop	1	3217987.0
hip hop	trance	1	3217987.0
moombahton	pop rock	1	5191713.0
ninja	pop rock	1	5191713.0
escape room	pop rap	1	1238787.0
escape room	rap	1	1238787.0
escape room	trap	1	1238787.0
escape room	hip hop	1	1238787.0
country pop	electropop	1	12708634.0
county rock	electropop	1	12708634.0
latin	reggae	1	1504996.0
reggae	tropical	1	1504996.0
reggae	reggaeton	1	1504996.0
hip hop	reggae	1	1504996.0
