artist_1	artist_2	count	song_ids
Ariana Grande	Nicki Minaj	7	['1ZEm9cJC05rawV2tptNfTS', '1pKeFVVUOPjFsOABub0OaV', '4pLwZjInHj3SimIyN9SnOz', '5iZ4hcpCgFVijq5OOjBTKZ', '3L4GsGLgxpHieVQH86H8bv', '3SaIsrEzrQGDcG1jCeaK8q', '0sdbFOyfgAhAhWq8DpzkaW']
Kendrick Lamar	SZA	4	['3GCdLUSnKSMJhs4Tj6CV3s', '12SJpYZEdj4kzWZ8FPFg4Y', '2Imq77E6CEJR5TPUxlJvTY', '66kQ7wr4d2LwwSjr7HXcyr']
Jonas Blue	William Singe	4	['761PG1zeRhlbO9fGJ2rraN', '0NiXXAI876aGImAd6rTj8w', '4UYYgQufzw5Ep8Vm4wMC61', '47OVNnZJzIkrsEiZ4n187p']
Kelsea Ballerini	The Chainsmokers	4	['4NBTZtAt1F13VvlSKe6KTl', '4edS9dC0JPBlSS4p4gMOT0', '15kQGEy89K8deJcZVFEn0N', '6LKYeyLt4G4SlZ6OJwFhVS']
BTS	Steve Aoki	4	['7Ed6BkggCS2KaKY5YlINaF', '2J0X46UkpfLlWbuCXFgDLr', '2r1T6xGTVaNAqBoPH4lZEE', '48XfojJC87VKLlUotYV0Gm']
21 Savage	Post Malone	4	['2U7Hu2RaNQNRi7izoJyZaX', '0e7ipj03S05BNilyu5bRzt', '1OmcAT5Y8eg5bUPv9qJT4R', '7wGoVu4Dady5GV0Sv4UIsx']
Ariana Grande	Zedd	3	['1X2Zd5wKGbY1oKzb8dzJRy', '1T7Htpf1kEvU9Adf8J0ekk', '3emCzvUm5FsQnofdNQL73a']
Maroon 5	SZA	3	['3hBBKuWJfxlIlnd9QFoC8k', '0WdGQhoAP2LBsqr5Jhit2g', '0GxQ1A5L9xnMOytbP6eKBG']
Hugh Jackman	The Greatest Showman Ensemble	3	['5xNUR50KxswPRAvx7S163g', '43ay9lQZ5rfNcOOHhRF2cM', '3IkWmgGsXbsafrunwPojXO']
Daddy Yankee	Luis Fonsi	3	['6rPO02ozF3bM7NnOV4h6s2', '5CtI0qwDJkDQGwXD1H1cLb', '4aWmUDTfIPGksMNLV2rQP2']
Keala Settle	The Greatest Showman Ensemble	3	['5xNUR50KxswPRAvx7S163g', '43ay9lQZ5rfNcOOHhRF2cM', '2xGjteMU3E1tkEPVFBO08U']
Grey	Zedd	3	['6875MeXyCW0wLyT72Eetmo', '09IStsImFySgyp0pIQdqAc', '2ARqIya5NAuvFVHSN3bL0m']
Post Malone	Ty Dolla $ign	3	['7wrDRQgHlvDnimrRHfQZxt', '65NwOZqoXny4JxqAPlfxRF', '3swc6WTsr7rl9DqQKQA55C']
Emily Warren	The Chainsmokers	3	['5yNEdBlZMxpcVtGKz5NFk5', '3OtQmFLS5b3pTgIf44GQFJ', '5hrXLJJrnKraxRQntH0Vv9']
Drake	Michael Jackson	2	['36ONiya0OANYknz0GgJmwB', '6G8kHiVZ1jW7vHMPVRNZU0']
Post Malone	Swae Lee	2	['1A6OTy97kk0mMdm78rHsm8', '3KkXRkHbMCARz0aVfEt68P']
Ryan Riback	Starley	2	['3R8lr1Y1kPgXEbnXkcMMlT', '78rIJddV4X0HkNAInEcYde']
EK	Hikaru Utada	2	['6IbL0KVU8N64iNWZ3ozRo9', '1j0gnUsr5Txd8Oq4wbzlRg']
EK	Suboi	2	['6IbL0KVU8N64iNWZ3ozRo9', '1j0gnUsr5Txd8Oq4wbzlRg']
EK	XZT	2	['6IbL0KVU8N64iNWZ3ozRo9', '1j0gnUsr5Txd8Oq4wbzlRg']
Hikaru Utada	Suboi	2	['6IbL0KVU8N64iNWZ3ozRo9', '1j0gnUsr5Txd8Oq4wbzlRg']
Hikaru Utada	XZT	2	['6IbL0KVU8N64iNWZ3ozRo9', '1j0gnUsr5Txd8Oq4wbzlRg']
Suboi	XZT	2	['6IbL0KVU8N64iNWZ3ozRo9', '1j0gnUsr5Txd8Oq4wbzlRg']
Charlie Puth	Kehlani	2	['76S09sHj7GGMJAtOLjmVQ2', '1lsBTdE6MGsKeZCD6llNu7']
Marshmello	Selena Gomez	2	['0tBbt8CrmxbjRP0pueQkyU', '7EmGUiUaOSGDnUUQUDrOXC']
5 Seconds of Summer	ONE OK ROCK	2	['1P3cdB5wydoRlTFRz0bNLO', '4u3qi4mgvCQzeTSIuUWHzl']
BloodPop®	Justin Bieber	2	['7iNIg7XDEaYECfWD5dJ9Va', '7nZmah2llfvLDiUjm0kiyz']
Bad Bunny	J Balvin	2	['58q2HKrzhC3ozto2nDdN4z', '5hcisvFMidkMJlElTO9Qmw']
Hikaru Utada	Sheena Ringo	2	['2HtLr6iZ9IhYH4sYGXShHU', '37s938bWAvlpXG4NGwgbhn']
David Guetta	Martin Garrix	2	['0OlnLZY4cmQzT6ZGttvWBM', '6RnkFd8Fqqgk1Uni8RgqCQ']
Chris Stapleton	Justin Timberlake	2	['1LhMopPAallLeaeNutqbgS', '09ts3GnICqYEU5PkQCpJK3']
Clean Bandit	Zara Larsson	2	['1x5sYLZiu9r5E43kMlt9f8', '72gv4zhNvRVdQA0eOenCal']
Daddy Yankee	Justin Bieber	2	['6rPO02ozF3bM7NnOV4h6s2', '5CtI0qwDJkDQGwXD1H1cLb']
Justin Bieber	Luis Fonsi	2	['6rPO02ozF3bM7NnOV4h6s2', '5CtI0qwDJkDQGwXD1H1cLb']
Clean Bandit	Luis Fonsi	2	['5XWCc9wQes7X5uyYH9h5JR', '1fLhGF1JfGQYj6EZLndD86']
Clean Bandit	MARINA	2	['5XWCc9wQes7X5uyYH9h5JR', '1fLhGF1JfGQYj6EZLndD86']
Luis Fonsi	MARINA	2	['5XWCc9wQes7X5uyYH9h5JR', '1fLhGF1JfGQYj6EZLndD86']
Hugh Jackman	Keala Settle	2	['5xNUR50KxswPRAvx7S163g', '43ay9lQZ5rfNcOOHhRF2cM']
Hugh Jackman	Zendaya	2	['5xNUR50KxswPRAvx7S163g', '43ay9lQZ5rfNcOOHhRF2cM']
Keala Settle	Zendaya	2	['5xNUR50KxswPRAvx7S163g', '43ay9lQZ5rfNcOOHhRF2cM']
The Greatest Showman Ensemble	Zendaya	2	['5xNUR50KxswPRAvx7S163g', '43ay9lQZ5rfNcOOHhRF2cM']
Cardi B	Maroon 5	2	['6FRLCMO5TUHTexlWo8ym1W', '7fa9MBXhVfQ8P8Df9OEbD8']
Grey	Maren Morris	2	['09IStsImFySgyp0pIQdqAc', '2ARqIya5NAuvFVHSN3bL0m']
Maren Morris	Zedd	2	['09IStsImFySgyp0pIQdqAc', '2ARqIya5NAuvFVHSN3bL0m']
Sheena Ringo	Tortoise Matsumoto	2	['1XXUT2iIeNrZBZSqza8viV', '0nf8MexP7oxLci3BvumOR5']
Kanye West	PARTYNEXTDOOR	2	['6Bg7MznA9X0dIhlAsLyBYj', '3dG6tjetoR4GMmUGZUprLt']
Brando	Loud Luxury	2	['7K7MUBCnzgBAvMVW2RTWNs', '43V1z6QToNNWNldV4FEG6r']
Charlie Puth	Wiz Khalifa	2	['2JzZzZUQj3Qff7wapcbKjc', '6IcrwGdIvRsrImOnoYfG9Z']
Camila Cabello	Young Thug	2	['1rfofaqEpACxVEHIZBJe6W', '0ofbQMrRDsUaVKq2mGLEAb']
Jack & Jack	Jonas Blue	2	['3KLygy1YWhmrQx0GRs7IOx', '3u1S1OmAUhx5DRlLrXqyp3']
Clean Bandit	Julia Michaels	2	['2xmrfQpmS2iJExTlklLoAL', '0Ult84lvFuqNvbyXwyRQ58']
Hikaru Utada	Nariaki Obukuro	2	['4jgmMySpab1UwgOga72w5q', '2AvKATGfAJdxDdFQSAIWHX']
KYLE	Kehlani	2	['4F1yvJfQ7gJkrcgFJQDjOr', '43cFjTTCD9Cni4aSL0sORz']
SoulJa	Thelma Aoyama	2	['3TTTu92boD1Tqa4cuH0Hxx', '1Rvh5RimhF3ndpclBmIdeJ']
Imagine Dragons	Kygo	2	['4M3FO0ji6Lc8vwD1sgf1nc', '0kHyKhJMukHEPfeh8s7rdM']
Gagle	Junichi Inagaki	2	['1VVZ8gfAlTAmPn8XIYLPuX', '1xq1PDlpWnO67nCLbnKRli']
Gagle	Monkey Majik	2	['1VVZ8gfAlTAmPn8XIYLPuX', '1xq1PDlpWnO67nCLbnKRli']
Junichi Inagaki	Monkey Majik	2	['1VVZ8gfAlTAmPn8XIYLPuX', '1xq1PDlpWnO67nCLbnKRli']
Kygo	Selena Gomez	2	['3eR23VReFzcdmS7TYCrhCe', '23i3AkDGUo6wZJP15V67kQ']
Hugh Jackman	Zac Efron	2	['43ay9lQZ5rfNcOOHhRF2cM', '2cKovq3l6OJjhVVDbVKOsr']
Jonas Blue	Lennon Stella	2	['6XqvFyJGdUD5IWee02ARKU', '1wsLHgXJ4SKIfd5ePSX1hD']
Jonas Blue	Liam Payne	2	['6XqvFyJGdUD5IWee02ARKU', '1wsLHgXJ4SKIfd5ePSX1hD']
Lennon Stella	Liam Payne	2	['6XqvFyJGdUD5IWee02ARKU', '1wsLHgXJ4SKIfd5ePSX1hD']
Chance the Rapper	DJ Khaled	2	['5WvAo7DNuPRmk4APhdPzi8', '3DXncPQOG4VBw3QHh3S817']
Chance the Rapper	Justin Bieber	2	['5WvAo7DNuPRmk4APhdPzi8', '3DXncPQOG4VBw3QHh3S817']
Chance the Rapper	Quavo	2	['5WvAo7DNuPRmk4APhdPzi8', '3DXncPQOG4VBw3QHh3S817']
DJ Khaled	Justin Bieber	2	['5WvAo7DNuPRmk4APhdPzi8', '3DXncPQOG4VBw3QHh3S817']
DJ Khaled	Quavo	2	['5WvAo7DNuPRmk4APhdPzi8', '3DXncPQOG4VBw3QHh3S817']
Justin Bieber	Quavo	2	['5WvAo7DNuPRmk4APhdPzi8', '3DXncPQOG4VBw3QHh3S817']
Avicii	Sandro Cavazza	2	['6Pgkp4qUoTmJIPn7ReaGxL', '6WbADFqMvR8N5u0BvtsWQE']
Anne-Marie	David Guetta	2	['2zy9TMoZlYGuCNY4TLqG24', '2lYTJK94hb0fd1LQtb6Dhk']
Anne-Marie	Clean Bandit	2	['2hrUO4drrO63i7FYbCLBl2', '5knuzwU65gJK7IF5yJsuaW']
Anne-Marie	Sean Paul	2	['2hrUO4drrO63i7FYbCLBl2', '5knuzwU65gJK7IF5yJsuaW']
Clean Bandit	Sean Paul	2	['2hrUO4drrO63i7FYbCLBl2', '5knuzwU65gJK7IF5yJsuaW']
David Guetta	Justin Bieber	2	['265zv3IDBskSIkvgPOSiGQ', '3A7qX2QjDlPnazUsRk5y0M']
Jason Derulo	Nicki Minaj	2	['6kex4EBAj0WHXDKZMEJaaF', '5Xn4IyTtW6FUGIUyWjbUHG']
Khalid	Shawn Mendes	2	['5SwEgzUFDHwpWHKrbnP32Z', '3Wf2YGdYT8xVdNsQSoRKk9']
Alesso	Florida Georgia Line	2	['5AEtlRudpgdT5FtNiuly6Y', '5Gu0PDLN4YJeW75PpBSg9p']
Alesso	Hailee Steinfeld	2	['5AEtlRudpgdT5FtNiuly6Y', '5Gu0PDLN4YJeW75PpBSg9p']
Alesso	watt	2	['5AEtlRudpgdT5FtNiuly6Y', '5Gu0PDLN4YJeW75PpBSg9p']
Florida Georgia Line	Hailee Steinfeld	2	['5AEtlRudpgdT5FtNiuly6Y', '5Gu0PDLN4YJeW75PpBSg9p']
Florida Georgia Line	watt	2	['5AEtlRudpgdT5FtNiuly6Y', '5Gu0PDLN4YJeW75PpBSg9p']
Hailee Steinfeld	watt	2	['5AEtlRudpgdT5FtNiuly6Y', '5Gu0PDLN4YJeW75PpBSg9p']
Daichi Miura	"Soil & ""Pimp"" Sessions"	2	['0EdTExSD3hku93Iee2UhKY', '5iqwtTuiHU2xVYq5RaVEdN']
Halsey	Khalid	2	['7FGq80cy8juXBCD2nrqdWU', '0d2iYfpKoM0QCKvcLCkBao']
Halsey	benny blanco	2	['7FGq80cy8juXBCD2nrqdWU', '0d2iYfpKoM0QCKvcLCkBao']
Khalid	benny blanco	2	['7FGq80cy8juXBCD2nrqdWU', '0d2iYfpKoM0QCKvcLCkBao']
Little Mix	Nicki Minaj	2	['222B3aljXx6fFwKmFjuBED', '6rrTr2HEAzlpC4KWZxF3S1']
DJ Snake	Justin Bieber	2	['4pdPtRcBmOSQDlJ3Fk945m', '0lYBSQXN6rCTvUZvg9S0lU']
Clean Bandit	Demi Lovato	2	['6kPJZM97LwdG9QIsT7khp6', '3NuK5xMlSlB6K2Qp16zf3h']
Bebe Rexha	Florida Georgia Line	2	['7iDa6hUg2VgEL1o1HjmfBn', '4e4fqjx0Izh4svvTef1z7e']
Zac Efron	Zendaya	2	['630sXRhIcfwr2e4RdNtjKN', '43ay9lQZ5rfNcOOHhRF2cM']
Logic	Marshmello	2	['6zOhgKfbMiQWToE6K13s2s', '4EAV2cKiqKP5UPZmY6dejk']
Drew Love	The Chainsmokers	1	['3pWcj8hxj3fsb9TDAcMpEl']
Khalid	Normani	1	['45Egmo7icyopuzJN0oMEdk']
Alessia Cara	Zedd	1	['0I20rLT2MJDhcF96AjbNYo']
G-Eazy	Kehlani	1	['1Eck97uRMlprKOOJN9oO1E']
Future	James Blake	1	['51rXHuKN8Loc4sUlKPODgH']
Future	Jay Rock	1	['51rXHuKN8Loc4sUlKPODgH']
Future	Kendrick Lamar	1	['51rXHuKN8Loc4sUlKPODgH']
James Blake	Jay Rock	1	['51rXHuKN8Loc4sUlKPODgH']
James Blake	Kendrick Lamar	1	['51rXHuKN8Loc4sUlKPODgH']
Jay Rock	Kendrick Lamar	1	['51rXHuKN8Loc4sUlKPODgH']
Justin Jesso	Kygo	1	['0Zbbxnx4SGGHoIow4PpISP']
A$AP Rocky	Cardi B	1	['2DQ1ITjI0YoLFzuADN1ZBW']
A$AP Rocky	G-Eazy	1	['2DQ1ITjI0YoLFzuADN1ZBW']
Cardi B	G-Eazy	1	['2DQ1ITjI0YoLFzuADN1ZBW']
G-Eazy	Halsey	1	['5k38wzpLb15YgncyWdTZE4']
CADE	Cheat Codes	1	['1NDxZ7cFAo481dtYWdrUnR']
CADE	Maggie Lindemann	1	['1NDxZ7cFAo481dtYWdrUnR']
Cheat Codes	Maggie Lindemann	1	['1NDxZ7cFAo481dtYWdrUnR']
Justin Bieber	Major Lazer	1	['6DNtNfH8hXkqOX1sjqmI7p']
Justin Bieber	MØ	1	['6DNtNfH8hXkqOX1sjqmI7p']
Major Lazer	MØ	1	['6DNtNfH8hXkqOX1sjqmI7p']
Khalid	Marshmello	1	['7vGuf3Y35N4wmASOKLUVVU']
HIDE (GReeeeN)	MISIA	1	['3YO08EfyAkr3WEba4xmWkS']
Khalid	Martin Garrix	1	['3nc420PXjTdBV5TN0gCFkS']
Bad Bunny	DJ Luian	1	['5hcisvFMidkMJlElTO9Qmw']
Bad Bunny	Mambo Kingz	1	['5hcisvFMidkMJlElTO9Qmw']
Bad Bunny	Prince Royce	1	['5hcisvFMidkMJlElTO9Qmw']
DJ Luian	J Balvin	1	['5hcisvFMidkMJlElTO9Qmw']
DJ Luian	Mambo Kingz	1	['5hcisvFMidkMJlElTO9Qmw']
DJ Luian	Prince Royce	1	['5hcisvFMidkMJlElTO9Qmw']
J Balvin	Mambo Kingz	1	['5hcisvFMidkMJlElTO9Qmw']
J Balvin	Prince Royce	1	['5hcisvFMidkMJlElTO9Qmw']
Mambo Kingz	Prince Royce	1	['5hcisvFMidkMJlElTO9Qmw']
Brooks	David Guetta	1	['6RnkFd8Fqqgk1Uni8RgqCQ']
Brooks	Martin Garrix	1	['6RnkFd8Fqqgk1Uni8RgqCQ']
Fifth Harmony	Gucci Mane	1	['7fSPXg9avmHAkLopHA7YFe']
Ed Sheeran	Future	1	['2x0WlnmfG39ZuDmstl9xfX']
Ed Sheeran	Taylor Swift	1	['2x0WlnmfG39ZuDmstl9xfX']
Future	Taylor Swift	1	['2x0WlnmfG39ZuDmstl9xfX']
Martin Garrix	Mike Shinoda	1	['5Gi8lLH3edcexP99srU1Nl']
Martin Garrix	Pierce Fulton	1	['5Gi8lLH3edcexP99srU1Nl']
Mike Shinoda	Pierce Fulton	1	['5Gi8lLH3edcexP99srU1Nl']
Ariana Grande	John Legend	1	['1KT0xdIjm7t053xByACrrg']
KICK THE CAN CREW	Yasuyuki Okamura	1	['4HWUNmXtf74s4MGNeuy1L4']
Bad Bunny	Drake	1	['116H0KvKr2Zl4RPuVBruDO']
AI	Kanna	1	['10Le5UMzkGs2vb7Dna5vev']
Emiko Suzuki	Seiji Kameda	1	['2f7E6saroy5ibvSRbStf1F']
Jon Bellion	Zedd	1	['7FJP35tUJ2121EJsFpU1Gh']
Liam Payne	Zedd	1	['1XlrBhlkPAVRficvsd5qQ4']
Hugh Jackman	Michelle Williams	1	['0RoA7ObU6phWpqhlC9zH4Z']
Hugh Jackman	Ziv Zaifman	1	['0RoA7ObU6phWpqhlC9zH4Z']
Michelle Williams	Ziv Zaifman	1	['0RoA7ObU6phWpqhlC9zH4Z']
Kanye West	Lil Pump	1	['4S8d14HvHb70ImctNgVzQQ']
Dynoro	Gigi D'Agostino	1	['0E9ZjEAyAwOXZ7wJC0PD33']
Bing Crosby	John Scott Trotter & His Orchestra	1	['4so0Wek9Ig1p6CRCHuINwW']
Bing Crosby	Ken Darby Singers	1	['4so0Wek9Ig1p6CRCHuINwW']
John Scott Trotter & His Orchestra	Ken Darby Singers	1	['4so0Wek9Ig1p6CRCHuINwW']
2 Chainz	Saudi	1	['4LmAnpjlhWTahvRkYR8xJa']
2 Chainz	ScHoolboy Q	1	['4LmAnpjlhWTahvRkYR8xJa']
Saudi	ScHoolboy Q	1	['4LmAnpjlhWTahvRkYR8xJa']
Coldplay	The Chainsmokers	1	['6RUKPb4LETWmmr3iAEQktW']
21 Savage	Cardi B	1	['75FDPwaULRdYDn4StFN2rT']
HYDE	Yoshiki	1	['0zvN9oq95bIEQjvfcdeZlX']
BLACKPINK	Dua Lipa	1	['13hvHEstJ4sNbzdroPrPI3']
Liam Payne	Quavo	1	['6EpRaXYhGOB3fj4V2uDkMJ']
Gucci Mane	Selena Gomez	1	['0XLOf9LhyazPX9Ld8jPiUq']
Daniel Everidge	Hugh Jackman	1	['5xNUR50KxswPRAvx7S163g']
Daniel Everidge	Keala Settle	1	['5xNUR50KxswPRAvx7S163g']
Daniel Everidge	The Greatest Showman Ensemble	1	['5xNUR50KxswPRAvx7S163g']
Daniel Everidge	Zendaya	1	['5xNUR50KxswPRAvx7S163g']
Future	Juice WRLD	1	['5274I4mUMnYczyeXkGDWZN']
Hiroji Miyamoto	Tokyo Ska Paradise Orchestra	1	['6iMhii6Uf7TO24LRIl6qxu']
Post Malone	Quavo	1	['3a1lNhkSLSkpJE4MSHpDu9']
J Soul Brothers III from EXILE TRIBE	Yellow Claw	1	['66PEbvbSd3ntcfKHaYdgWP']
Avicii	Rita Ora	1	['2OALaHcDdKkjYEpAr0Qzab']
Becky G	David Guetta	1	['3soOPBuMK8YMdWnV7xpEyf']
Becky G	Sean Paul	1	['3soOPBuMK8YMdWnV7xpEyf']
David Guetta	Sean Paul	1	['3soOPBuMK8YMdWnV7xpEyf']
Kygo	Miguel	1	['6xTU6B6nFwKKTSZ9ySXS80']
Diplo	Ellie Goulding	1	['5JEx7HbmvHQQswJCsoo9rA']
Diplo	Swae Lee	1	['5JEx7HbmvHQQswJCsoo9rA']
Ellie Goulding	Swae Lee	1	['5JEx7HbmvHQQswJCsoo9rA']
David Guetta	Jamie Scott	1	['0OlnLZY4cmQzT6ZGttvWBM']
David Guetta	Romy Dya	1	['0OlnLZY4cmQzT6ZGttvWBM']
Jamie Scott	Martin Garrix	1	['0OlnLZY4cmQzT6ZGttvWBM']
Jamie Scott	Romy Dya	1	['0OlnLZY4cmQzT6ZGttvWBM']
Martin Garrix	Romy Dya	1	['0OlnLZY4cmQzT6ZGttvWBM']
Elley Duhé	Zedd	1	['4keoy2fqgwGnbWlm3ZVZFa']
Camila Cabello	Pharrell Williams	1	['6XlSyYFTU1nodeWwwzVgTV']
Daichi Miura	ayaka	1	['7avonBlH46Wq0yUiekRINX']
Justin Bieber	Mariah Carey	1	['1IUtgwxLYzDVd41EgbKUjX']
Anitta	J Balvin	1	['3Ga6eKrUFf12ouh9Yw3v2D']
Fifth Harmony	Ty Dolla $ign	1	['4tCtwWceOPWzenK2HAIJSb']
Diplo	Dua Lipa	1	['5N4erncE7kuUccm7zEmwzk']
Diplo	Mark Ronson	1	['5N4erncE7kuUccm7zEmwzk']
Diplo	Silk City	1	['5N4erncE7kuUccm7zEmwzk']
Dua Lipa	Mark Ronson	1	['5N4erncE7kuUccm7zEmwzk']
Dua Lipa	Silk City	1	['5N4erncE7kuUccm7zEmwzk']
Mark Ronson	Silk City	1	['5N4erncE7kuUccm7zEmwzk']
(G)I-DLE	Jaira Burns	1	['5sbooPcNgIE22DwO0VNGUJ']
(G)I-DLE	K/DA	1	['5sbooPcNgIE22DwO0VNGUJ']
(G)I-DLE	League of Legends	1	['5sbooPcNgIE22DwO0VNGUJ']
(G)I-DLE	Madison Beer	1	['5sbooPcNgIE22DwO0VNGUJ']
Jaira Burns	K/DA	1	['5sbooPcNgIE22DwO0VNGUJ']
Jaira Burns	League of Legends	1	['5sbooPcNgIE22DwO0VNGUJ']
Jaira Burns	Madison Beer	1	['5sbooPcNgIE22DwO0VNGUJ']
K/DA	League of Legends	1	['5sbooPcNgIE22DwO0VNGUJ']
K/DA	Madison Beer	1	['5sbooPcNgIE22DwO0VNGUJ']
League of Legends	Madison Beer	1	['5sbooPcNgIE22DwO0VNGUJ']
Beyoncé	Ed Sheeran	1	['1bhUWB0zJMIKr9yVPrkEuI']
Bad Bunny	Cardi B	1	['58q2HKrzhC3ozto2nDdN4z']
Cardi B	J Balvin	1	['58q2HKrzhC3ozto2nDdN4z']
DJ 2High	Def Tech	1	['5FdGQ3eYwVLv4aDBoSHsIE']
Jonas Blue	Sabrina Carpenter	1	['0RUTnY2B3s05fZuCHsNaUP']
Kenshi Yonezu	Yasutaka Nakata	1	['5uodb4Kj8xSuxurunWcbPJ']
SALU	Shota Shimizu	1	['3sIVVUfkU2xJnyOOFaihZy']
Bonn	Martin Garrix	1	['4ut5G4rgB1ClpMTMfjoIuy']
B. Swanson Quartet	Frank Sinatra	1	['7inXu0Eaeg02VsM8kHNvzM']
J Balvin	Liam Payne	1	['0Y4hwUppbGc8aIBmiTz30A']
Grey	Hailee Steinfeld	1	['6875MeXyCW0wLyT72Eetmo']
Hailee Steinfeld	Zedd	1	['6875MeXyCW0wLyT72Eetmo']
Taylor Swift	ZAYN	1	['3NdDpSvN911VPGivFlV5d0']
David Bowie	Queen	1	['2fuCquhmrzHpu5xcA1ci9x']
Kendrick Lamar	Maroon 5	1	['2QbFClFyhMMtiurUjuQlAe']
Bryson Tiller	DJ Khaled	1	['1OAh8uOEOvTDqkKFsKksCi']
Bryson Tiller	Rihanna	1	['1OAh8uOEOvTDqkKFsKksCi']
DJ Khaled	Rihanna	1	['1OAh8uOEOvTDqkKFsKksCi']
Avicii	Billy Raffoul	1	['12ip0ceCeszDTDFxDY1AXJ']
Offset	Tyga	1	['5IaHrVsrferBYDm0bDyABy']
CrazyBoy	Hiroomi Tosaka	1	['2cYLtAVzzTAMf5QBQCeQPt']
Chara	LUCKY TAPES	1	['2OFmlbtOc2zdK93DP9gchd']
Avicii	Vargas & Lagola	1	['5WEqjIUHkwZ5h3DSE7F9bM']
Avicii	Tim Berg	1	['6J7ZSdEEYo3ns4gnHdwRL0']
BTS	Desiigner	1	['7Ed6BkggCS2KaKY5YlINaF']
Desiigner	Steve Aoki	1	['7Ed6BkggCS2KaKY5YlINaF']
Dan Caplen	Jess Glynne	1	['5CLGzJsGqhCEECcpnFQA8x']
Dan Caplen	Macklemore	1	['5CLGzJsGqhCEECcpnFQA8x']
Dan Caplen	Rudimental	1	['5CLGzJsGqhCEECcpnFQA8x']
Jess Glynne	Macklemore	1	['5CLGzJsGqhCEECcpnFQA8x']
Jess Glynne	Rudimental	1	['5CLGzJsGqhCEECcpnFQA8x']
Macklemore	Rudimental	1	['5CLGzJsGqhCEECcpnFQA8x']
Anne-Marie	Marshmello	1	['08bNPGLD8AhKpnnERrAc6G']
Anne-Marie	Major Lazer	1	['3D1rlKmZdpYUeMtRRLNawc']
Anne-Marie	Mr Eazi	1	['3D1rlKmZdpYUeMtRRLNawc']
Anne-Marie	Rudimental	1	['3D1rlKmZdpYUeMtRRLNawc']
Major Lazer	Mr Eazi	1	['3D1rlKmZdpYUeMtRRLNawc']
Major Lazer	Rudimental	1	['3D1rlKmZdpYUeMtRRLNawc']
Mr Eazi	Rudimental	1	['3D1rlKmZdpYUeMtRRLNawc']
Chance the Rapper	Lil Wayne	1	['3DXncPQOG4VBw3QHh3S817']
DJ Khaled	Lil Wayne	1	['3DXncPQOG4VBw3QHh3S817']
Justin Bieber	Lil Wayne	1	['3DXncPQOG4VBw3QHh3S817']
Lil Wayne	Quavo	1	['3DXncPQOG4VBw3QHh3S817']
Brett Eldredge	Meghan Trainor	1	['5Q2P43CJra0uRAogjHyJDK']
Calvin Harris	Jessie Reyez	1	['5N5k9nd479b1xpDZ4usjrg']
Calvin Harris	Sam Smith	1	['5N5k9nd479b1xpDZ4usjrg']
Jessie Reyez	Sam Smith	1	['5N5k9nd479b1xpDZ4usjrg']
Lil Peep	XXXTENTACION	1	['0Dn40gxVCMo5TkgS8Ik18Q']
J Balvin	Nicky Jam	1	['39N9RPD9MRb5WmoLzNzPeA']
The Chainsmokers	Winona Oak	1	['4BiiOzZCrXEzHRLYcYFiD5']
French Montana	Jason Derulo	1	['2z4pcBLQXF2BXKFvd0BuB6']
Ariana Grande	Jessie J	1	['3SaIsrEzrQGDcG1jCeaK8q']
Jessie J	Nicki Minaj	1	['3SaIsrEzrQGDcG1jCeaK8q']
Bradley Cooper	Lady Gaga	1	['2VxeLyX666F8uXCJ0dZF8B']
Demi Lovato	Luis Fonsi	1	['1zsG4eaZmkA1dvjDDsAGLK']
Kendrick Lamar	Lil Wayne	1	['0dbTQYW3Ad1FTzIA9t90E8']
Bazzi	Camila Cabello	1	['4VUwkH455At9kENOfzTqmF']
Ariana Grande	Troye Sivan	1	['1NbGcdgwRHZ5rbPIT9hdR3']
BTS	Nicki Minaj	1	['03iCbZaM4OkRR4We6wIzvx']
Jason Derulo	Ty Dolla $ign	1	['6kex4EBAj0WHXDKZMEJaaF']
Nicki Minaj	Ty Dolla $ign	1	['6kex4EBAj0WHXDKZMEJaaF']
Conor Maynard	Kris Kross Amsterdam	1	['3DGar7krWlmrXRFHBcQF6z']
Conor Maynard	The Boy Next Door	1	['3DGar7krWlmrXRFHBcQF6z']
Kris Kross Amsterdam	The Boy Next Door	1	['3DGar7krWlmrXRFHBcQF6z']
Martin Garrix	Troye Sivan	1	['6jA8HL9i4QGzsj6fjoxp8Y']
John Lennon	The Harlem Community Choir	1	['3zJw3rugfpVrmBeDDnUYzy']
John Lennon	The Plastic Ono Band	1	['3zJw3rugfpVrmBeDDnUYzy']
John Lennon	Yoko Ono	1	['3zJw3rugfpVrmBeDDnUYzy']
The Harlem Community Choir	The Plastic Ono Band	1	['3zJw3rugfpVrmBeDDnUYzy']
The Harlem Community Choir	Yoko Ono	1	['3zJw3rugfpVrmBeDDnUYzy']
The Plastic Ono Band	Yoko Ono	1	['3zJw3rugfpVrmBeDDnUYzy']
Calvin Harris	Frank Ocean	1	['7tr2za8SQg2CI8EDgrdtNl']
Calvin Harris	Migos	1	['7tr2za8SQg2CI8EDgrdtNl']
Frank Ocean	Migos	1	['7tr2za8SQg2CI8EDgrdtNl']
Alessia Cara	Khalid	1	['5tz69p7tJuGPeMGwNTxYuV']
Alessia Cara	Logic	1	['5tz69p7tJuGPeMGwNTxYuV']
Khalid	Logic	1	['5tz69p7tJuGPeMGwNTxYuV']
Cashmere Cat	Major Lazer	1	['0as7lPxkBPctZ7uVmchRNM']
Cashmere Cat	Tory Lanez	1	['0as7lPxkBPctZ7uVmchRNM']
Major Lazer	Tory Lanez	1	['0as7lPxkBPctZ7uVmchRNM']
Anderson .Paak	Kendrick Lamar	1	['1gnwGVoG7V08vMX3hyr90x']
J SOUL BROTHERS III	Yellow Claw	1	['1XJm40ma6nPodQkRNvTkir']
Carly Rae Jepsen	Owl City	1	['5w6TVvv71F8px5cObg2xnx']
Alan Walker	Digital Farm Animals	1	['5yFSF6qQA1rcLsQRnBsZgb']
Alan Walker	Juliander	1	['5yFSF6qQA1rcLsQRnBsZgb']
Alan Walker	Noah Cyrus	1	['5yFSF6qQA1rcLsQRnBsZgb']
Digital Farm Animals	Juliander	1	['5yFSF6qQA1rcLsQRnBsZgb']
Digital Farm Animals	Noah Cyrus	1	['5yFSF6qQA1rcLsQRnBsZgb']
Juliander	Noah Cyrus	1	['5yFSF6qQA1rcLsQRnBsZgb']
KREVA	Taichi Mukai	1	['1LmWHAYxzwCHBUeS7V33As']
David Guetta	Sia	1	['33IOhptvC2Qoy2UhjiHXLV']
DAOKO	Yasutaka Nakata	1	['7MIxSzF7aHMOp8uj2zZWX6']
Calvin Harris	PARTYNEXTDOOR	1	['2rYyq0b3XWwmWl0k727OVG']
Ed Sheeran	Eminem	1	['5UEnHoDYpsxlfzWLZIc7LD']
Banx & Ranx	Ella Eyre	1	['1HagMz5nWk1HmevNCBOxF3']
Banx & Ranx	Yxng Bane	1	['1HagMz5nWk1HmevNCBOxF3']
Ella Eyre	Yxng Bane	1	['1HagMz5nWk1HmevNCBOxF3']
6LACK	Khalid	1	['6Hgh47WXVKtXN5zGOu0hjI']
6LACK	Ty Dolla $ign	1	['6Hgh47WXVKtXN5zGOu0hjI']
Khalid	Ty Dolla $ign	1	['6Hgh47WXVKtXN5zGOu0hjI']
Halsey	The Chainsmokers	1	['7BKLCZ1jbUBVqRi2FVlTVw']
Bruno Mars	Gucci Mane	1	['0QIjsbm2fh1cJ45XO9eGqq']
Bruno Mars	Kodak Black	1	['0QIjsbm2fh1cJ45XO9eGqq']
Gucci Mane	Kodak Black	1	['0QIjsbm2fh1cJ45XO9eGqq']
Khalid	Swae Lee	1	['5jyyPsIGM2yqkZN9R3TmvN']
Kygo	Sandro Cavazza	1	['14sOS5L36385FJ3OL8hew4']
Ariana Grande	Liz Gillies	1	['6YJdPrH3i2POzu7hdHIRrb']
Liam Payne	Rita Ora	1	['5hM6sP0Gh1jD57drszNueC']
Tahi Saihate	[Alexandros]	1	['1zEwIq8oRilgqPUyjPiKcw']
AKKOGORILLA	Taichi Mukai	1	['6wVOY8vYQhBWcozuiUdzGG']
Shawn Mendes	Zedd	1	['575NJxNUVDqwJGdzBrlLbv']
Calvin Harris	SZA	1	['0P6AWOA4LG1XOctzaVu5tt']
Blake Shelton	Gwen Stefani	1	['2OQ6a4CfUeYskpTTgyawyJ']
Anne-Marie	James Arthur	1	['6mQLN3zRtAp6ovjusyYKrV']
ヒプノシスマイク(MAD TRIGGER CREW)	ヒプノシスマイク(麻天狼)	1	['0Lwrc1NXl4jf4ZGdpfDEd0']
EXILE SHOKICHI	JP THE WAVY	1	['3tlYsD5AYsZY0XPVJEfmXe']
EXILE SHOKICHI	SALU	1	['3tlYsD5AYsZY0XPVJEfmXe']
JP THE WAVY	SALU	1	['3tlYsD5AYsZY0XPVJEfmXe']
Empress Of	Khalid	1	['4AhSkRYioEIfGvCV19peYN']
Calvin Harris	benny blanco	1	['5sdb5pMhcK44SSLsj1moUh']
Eminem	Joyner Lucas	1	['60SdxE8apGAxMiRrpbmLY0']
Kodak Black	Offset	1	['7l3E7lcozEodtVsSTCkcaA']
Kodak Black	Travis Scott	1	['7l3E7lcozEodtVsSTCkcaA']
Offset	Travis Scott	1	['7l3E7lcozEodtVsSTCkcaA']
Alan Walker	Au/Ra	1	['1snWlbcbgQpJfknoI30DWG']
Alan Walker	Tomine Harket	1	['1snWlbcbgQpJfknoI30DWG']
Au/Ra	Tomine Harket	1	['1snWlbcbgQpJfknoI30DWG']
Calvin Harris	Dua Lipa	1	['7ef4DlsgrMEH11cDZd32M6']
Billie Eilish	Khalid	1	['0u2P5u6lvoDfwTYjAADbn4']
BlocBoy JB	Drake	1	['4qKcDkK6siZ7Jp1Jb4m0aL']
Austyn Johnson	Cameron Seely	1	['66y7x28jXOPrcmu3D5Zjh6']
Austyn Johnson	Hugh Jackman	1	['66y7x28jXOPrcmu3D5Zjh6']
Cameron Seely	Hugh Jackman	1	['66y7x28jXOPrcmu3D5Zjh6']
Drake	JAY-Z	1	['3Yw09dj3cTXsAzlLjgBfIP']
Big Sean	Calvin Harris	1	['5bcTCxgc7xVfSaMV3RuVke']
Big Sean	Katy Perry	1	['5bcTCxgc7xVfSaMV3RuVke']
Big Sean	Pharrell Williams	1	['5bcTCxgc7xVfSaMV3RuVke']
Calvin Harris	Katy Perry	1	['5bcTCxgc7xVfSaMV3RuVke']
Calvin Harris	Pharrell Williams	1	['5bcTCxgc7xVfSaMV3RuVke']
Katy Perry	Pharrell Williams	1	['5bcTCxgc7xVfSaMV3RuVke']
Bebe Rexha	Cardi B	1	['1YNQscOx6OqBQjxgJVhEeW']
Bebe Rexha	Charli XCX	1	['1YNQscOx6OqBQjxgJVhEeW']
Bebe Rexha	Rita Ora	1	['1YNQscOx6OqBQjxgJVhEeW']
Cardi B	Charli XCX	1	['1YNQscOx6OqBQjxgJVhEeW']
Cardi B	Rita Ora	1	['1YNQscOx6OqBQjxgJVhEeW']
Charli XCX	Rita Ora	1	['1YNQscOx6OqBQjxgJVhEeW']
Keala Settle	Zac Efron	1	['43ay9lQZ5rfNcOOHhRF2cM']
The Greatest Showman Ensemble	Zac Efron	1	['43ay9lQZ5rfNcOOHhRF2cM']
DAOKO	Kenshi Yonezu	1	['4IouQaO9GkaHC7AtMErdSa']
Avicii	Nicky Romero	1	['2bNrvWD9d5Zn9tS8XvcaMk']
Sia	ZAYN	1	['1j4kHkkpqZRBwE0A4CN4Yv']
French Montana	Swae Lee	1	['3B54sVLJ402zGa6Xm4YGNe']
Bruno Mars	Cardi B	1	['3Vo4wInECJQuz9BIBMOu8i']
Lil Pump	Maluma	1	['2LskIZrCeLxRvCiGP8gxlh']
Lil Pump	Swae Lee	1	['2LskIZrCeLxRvCiGP8gxlh']
Lil Pump	XXXTENTACION	1	['2LskIZrCeLxRvCiGP8gxlh']
Maluma	Swae Lee	1	['2LskIZrCeLxRvCiGP8gxlh']
Maluma	XXXTENTACION	1	['2LskIZrCeLxRvCiGP8gxlh']
Swae Lee	XXXTENTACION	1	['2LskIZrCeLxRvCiGP8gxlh']
Dewain Whitmore	Justin Mylo	1	['7IWTIkiWGWNQyYfOLdMrGD']
Dewain Whitmore	Martin Garrix	1	['7IWTIkiWGWNQyYfOLdMrGD']
Justin Mylo	Martin Garrix	1	['7IWTIkiWGWNQyYfOLdMrGD']
Mark Ronson	Miley Cyrus	1	['5KHzV8Gf3aweIMImliFAOs']
Mark Ronson	Sean Ono Lennon	1	['5KHzV8Gf3aweIMImliFAOs']
Miley Cyrus	Sean Ono Lennon	1	['5KHzV8Gf3aweIMImliFAOs']
6ix9ine	Murda Beatz	1	['2E124GmJRnBJuXbTb4cPUB']
6ix9ine	Nicki Minaj	1	['2E124GmJRnBJuXbTb4cPUB']
Murda Beatz	Nicki Minaj	1	['2E124GmJRnBJuXbTb4cPUB']
Chris Brown	Lil Dicky	1	['10Igtw8bSDyyFs7KIsKngZ']
Hiroji Miyamoto	Sheena Ringo	1	['3UJIq4L2TI6vdKyW0ed0e4']
David Guetta	Jason Derulo	1	['5Xn4IyTtW6FUGIUyWjbUHG']
David Guetta	Nicki Minaj	1	['5Xn4IyTtW6FUGIUyWjbUHG']
David Guetta	Willy William	1	['5Xn4IyTtW6FUGIUyWjbUHG']
Jason Derulo	Willy William	1	['5Xn4IyTtW6FUGIUyWjbUHG']
Nicki Minaj	Willy William	1	['5Xn4IyTtW6FUGIUyWjbUHG']
Ariana Grande	Pharrell Williams	1	['4mLkiFppf8Xvem6BSY34qw']
Bastille	Marshmello	1	['2dpaYNEQHiRxtZbfNsse99']
Dzeko	Post Malone	1	['4kWO6O1BUXcZmaxitpVUwp']
Dzeko	Preme	1	['4kWO6O1BUXcZmaxitpVUwp']
Dzeko	Tiësto	1	['4kWO6O1BUXcZmaxitpVUwp']
Post Malone	Preme	1	['4kWO6O1BUXcZmaxitpVUwp']
Post Malone	Tiësto	1	['4kWO6O1BUXcZmaxitpVUwp']
Preme	Tiësto	1	['4kWO6O1BUXcZmaxitpVUwp']
MAMIKO	Yasutaka Nakata	1	['4Pn1ztkwMZbzQOQxqRyqfZ']
Metro Boomin	Offset	1	['7sO5G9EABYOXQKNPNiE9NR']
J Balvin	Willy William	1	['2rb5MvYT7ZIxbKW5hfcHx8']
BloodPop®	Hailee Steinfeld	1	['3towKHKVOXCCcL1fHv6xFO']
Kendrick Lamar	The Weeknd	1	['4ofvoCdXq99vpMZO4Cfp8x']
Bruno Mars	Mark Ronson	1	['32OlwWuMpZ6b0aN2RZOeMS']
Cheat Codes	Demi Lovato	1	['1louJpMmzEicAn7lzDalPW']
AlunaGeorge	Avicii	1	['6mzTuMlbCgEtoCitsszlqP']
Charlie Puth	Selena Gomez	1	['68EMU2RD1ECNeOeJ5qAXCV']
Cardi B	DJ Snake	1	['4w8niZpiMy6qz1mntFA5uM']
Cardi B	Ozuna	1	['4w8niZpiMy6qz1mntFA5uM']
Cardi B	Selena Gomez	1	['4w8niZpiMy6qz1mntFA5uM']
DJ Snake	Ozuna	1	['4w8niZpiMy6qz1mntFA5uM']
DJ Snake	Selena Gomez	1	['4w8niZpiMy6qz1mntFA5uM']
Ozuna	Selena Gomez	1	['4w8niZpiMy6qz1mntFA5uM']
RIRI	Zedd	1	['3kzqaYC7Kdqiy2D0D3ry4o']
Maluma	Nego do Borel	1	['4lESS6vuruP6a79KWRaQou']
Ellie Goulding	Kygo	1	['2Gl0FzuLxflY6nPifJp5Dr']
