artist_1	artist_2	count	song_ids
Kendrick Lamar	Maroon 5	3	['5MFzQMkrl1FOOng9tq6R9r', '3PGdPUMdUg7a3Tgr5gkfKK', '2QbFClFyhMMtiurUjuQlAe']
Camila Cabello	Quavo	2	['3Ytr1SUCUi6J3L9dRFx5iH', '4xBjsLUSjcx2h7PcRikpQp']
J Balvin	Willy William	2	['7fwXWKdDNI5IutOMc5OKYw', '2rb5MvYT7ZIxbKW5hfcHx8']
A$AP Rocky	Cardi B	2	['2DQ1ITjI0YoLFzuADN1ZBW', '2Xqd0wUttjueBfdcltADOv']
A$AP Rocky	G-Eazy	2	['2DQ1ITjI0YoLFzuADN1ZBW', '2Xqd0wUttjueBfdcltADOv']
Cardi B	G-Eazy	2	['2DQ1ITjI0YoLFzuADN1ZBW', '2Xqd0wUttjueBfdcltADOv']
G-Eazy	Halsey	2	['5k38wzpLb15YgncyWdTZE4', '3YU6vJbjYUG0tiJyXf9x5V']
Khalid	Lorde	2	['69Naniu2KjKjaQOBUagE8U', '7rdUtXasA973gmrr2Xxh3E']
Khalid	Post Malone	2	['69Naniu2KjKjaQOBUagE8U', '7rdUtXasA973gmrr2Xxh3E']
Khalid	SZA	2	['69Naniu2KjKjaQOBUagE8U', '7rdUtXasA973gmrr2Xxh3E']
Lorde	Post Malone	2	['69Naniu2KjKjaQOBUagE8U', '7rdUtXasA973gmrr2Xxh3E']
Lorde	SZA	2	['69Naniu2KjKjaQOBUagE8U', '7rdUtXasA973gmrr2Xxh3E']
Post Malone	SZA	2	['69Naniu2KjKjaQOBUagE8U', '7rdUtXasA973gmrr2Xxh3E']
5 Seconds of Summer	ONE OK ROCK	2	['1P3cdB5wydoRlTFRz0bNLO', '4u3qi4mgvCQzeTSIuUWHzl']
AmPm	Michael Kaneko	2	['0R2sVKQiehRZIjT9cXuvub', '7JFyFGvIXZEKdfGUiRVBTY']
Maroon 5	SZA	2	['4mxWSdf71VFO52qFeY0fZt', '3hBBKuWJfxlIlnd9QFoC8k']
Fifth Harmony	Gucci Mane	2	['20H2Hd5AkUcRjB4yL3UQtJ', '7fSPXg9avmHAkLopHA7YFe']
Metro Boomin	Offset	2	['7sO5G9EABYOXQKNPNiE9NR', '5u6vkDnOyaf8LsteDAj2ub']
Macklemore	Skylar Grey	2	['3HVr6jTVwBHBa2flM0eURR', '0CokSRCu5hZgPxcZBaEzVE']
Ariana Grande	Nicki Minaj	2	['4pLwZjInHj3SimIyN9SnOz', '3oEekS4xhmFQ88ieCVTZ7H']
Natti Natasha	Ozuna	2	['6Za3190Sbw39BBC77WSS1C', '2SmgFAhQkQCQPyBiBxR6Te']
Beyoncé	Eminem	2	['5b2QnYcT9rQIkhRWt4HztQ', '5PIBgH1cUFwu5IiUk9tnN9']
Kygo	The Night Game	2	['1Bxzw8ag71snOU9IbhXVD6', '2UxfcZJCphbEkfbZ6nLiDx']
DAOKO	Kenshi Yonezu	2	['7pcTLUekZJQnzDOUDuExVJ', '4IouQaO9GkaHC7AtMErdSa']
21 Savage	Post Malone	2	['1OmcAT5Y8eg5bUPv9qJT4R', '7wGoVu4Dady5GV0Sv4UIsx']
Alesso	Florida Georgia Line	2	['5AEtlRudpgdT5FtNiuly6Y', '5Gu0PDLN4YJeW75PpBSg9p']
Alesso	Hailee Steinfeld	2	['5AEtlRudpgdT5FtNiuly6Y', '5Gu0PDLN4YJeW75PpBSg9p']
Alesso	watt	2	['5AEtlRudpgdT5FtNiuly6Y', '5Gu0PDLN4YJeW75PpBSg9p']
Florida Georgia Line	Hailee Steinfeld	2	['5AEtlRudpgdT5FtNiuly6Y', '5Gu0PDLN4YJeW75PpBSg9p']
Florida Georgia Line	watt	2	['5AEtlRudpgdT5FtNiuly6Y', '5Gu0PDLN4YJeW75PpBSg9p']
Hailee Steinfeld	watt	2	['5AEtlRudpgdT5FtNiuly6Y', '5Gu0PDLN4YJeW75PpBSg9p']
Daddy Yankee	Luis Fonsi	2	['5CtI0qwDJkDQGwXD1H1cLb', '4aWmUDTfIPGksMNLV2rQP2']
Pentatonix	Tori Kelly	1	['2kPpxNSgXRvu5yqkRLKJIu']
G-Eazy	Kehlani	1	['1Eck97uRMlprKOOJN9oO1E']
Ariana Grande	Iggy Azalea	1	['7fYbFYt7X4FZvuJJC90EX0']
Beyoncé	J Balvin	1	['7fwXWKdDNI5IutOMc5OKYw']
Beyoncé	Willy William	1	['7fwXWKdDNI5IutOMc5OKYw']
Awich	Young Juju	1	['22HV45yz3qAOXQLGRAkHYK']
Justin Jesso	Kygo	1	['0Zbbxnx4SGGHoIow4PpISP']
Marshmello	Selena Gomez	1	['7EmGUiUaOSGDnUUQUDrOXC']
Demi Lovato	Jax Jones	1	['0XfOi87h82i09rQjWYG0Bm']
Demi Lovato	Stefflon Don	1	['0XfOi87h82i09rQjWYG0Bm']
Jax Jones	Stefflon Don	1	['0XfOi87h82i09rQjWYG0Bm']
CNCO	Little Mix	1	['3zoYkqS4y2BsGVShPL2nTE']
Ariana Grande	Future	1	['3FiE2d325mIOc4YjkSLVJR']
CADE	Cheat Codes	1	['1NDxZ7cFAo481dtYWdrUnR']
CADE	Maggie Lindemann	1	['1NDxZ7cFAo481dtYWdrUnR']
Cheat Codes	Maggie Lindemann	1	['1NDxZ7cFAo481dtYWdrUnR']
Justin Bieber	Major Lazer	1	['6DNtNfH8hXkqOX1sjqmI7p']
Justin Bieber	MØ	1	['6DNtNfH8hXkqOX1sjqmI7p']
Major Lazer	MØ	1	['6DNtNfH8hXkqOX1sjqmI7p']
Khalid	Marshmello	1	['7vGuf3Y35N4wmASOKLUVVU']
Cash Cash	Conor Maynard	1	['1839RWzPRZCVgvamu4sHSN']
Bad Bunny	DJ Luian	1	['5hcisvFMidkMJlElTO9Qmw']
Bad Bunny	J Balvin	1	['5hcisvFMidkMJlElTO9Qmw']
Bad Bunny	Mambo Kingz	1	['5hcisvFMidkMJlElTO9Qmw']
Bad Bunny	Prince Royce	1	['5hcisvFMidkMJlElTO9Qmw']
DJ Luian	J Balvin	1	['5hcisvFMidkMJlElTO9Qmw']
DJ Luian	Mambo Kingz	1	['5hcisvFMidkMJlElTO9Qmw']
DJ Luian	Prince Royce	1	['5hcisvFMidkMJlElTO9Qmw']
J Balvin	Mambo Kingz	1	['5hcisvFMidkMJlElTO9Qmw']
J Balvin	Prince Royce	1	['5hcisvFMidkMJlElTO9Qmw']
Mambo Kingz	Prince Royce	1	['5hcisvFMidkMJlElTO9Qmw']
DJ Snake	Lauv	1	['0Wv5wuenRLI3BcwgT3HPIP']
BloodPop®	Justin Bieber	1	['7nZmah2llfvLDiUjm0kiyz']
Ariana Grande	John Legend	1	['1KT0xdIjm7t053xByACrrg']
Afrojack	Charli XCX	1	['0tPQPaOKM32WgMSbPCYyRH']
Afrojack	David Guetta	1	['0tPQPaOKM32WgMSbPCYyRH']
Afrojack	French Montana	1	['0tPQPaOKM32WgMSbPCYyRH']
Charli XCX	David Guetta	1	['0tPQPaOKM32WgMSbPCYyRH']
Charli XCX	French Montana	1	['0tPQPaOKM32WgMSbPCYyRH']
David Guetta	French Montana	1	['0tPQPaOKM32WgMSbPCYyRH']
21 Savage	Metro Boomin	1	['5u6vkDnOyaf8LsteDAj2ub']
21 Savage	Offset	1	['5u6vkDnOyaf8LsteDAj2ub']
21 Savage	Travis Scott	1	['5u6vkDnOyaf8LsteDAj2ub']
Metro Boomin	Travis Scott	1	['5u6vkDnOyaf8LsteDAj2ub']
Offset	Travis Scott	1	['5u6vkDnOyaf8LsteDAj2ub']
Liam Payne	Zedd	1	['1CKd1PnqfYx0H12V9MSaIY']
Jon Bellion	Zedd	1	['7FJP35tUJ2121EJsFpU1Gh']
Ariana Grande	Zedd	1	['1X2Zd5wKGbY1oKzb8dzJRy']
Ariana Grande	Jessie J	1	['3oEekS4xhmFQ88ieCVTZ7H']
Jessie J	Nicki Minaj	1	['3oEekS4xhmFQ88ieCVTZ7H']
Sunny Day Service	Yasuharu Konishi	1	['1pdPwEGe8y7GcqEqma8CR6']
Coldplay	The Chainsmokers	1	['6RUKPb4LETWmmr3iAEQktW']
Liam Payne	Quavo	1	['6EpRaXYhGOB3fj4V2uDkMJ']
Gucci Mane	Selena Gomez	1	['0XLOf9LhyazPX9Ld8jPiUq']
Khrebto	R3HAB	1	['1PM8OIREXRl5lFb06852rr']
Camila Cabello	Major Lazer	1	['3Ytr1SUCUi6J3L9dRFx5iH']
Camila Cabello	Travis Scott	1	['3Ytr1SUCUi6J3L9dRFx5iH']
Major Lazer	Quavo	1	['3Ytr1SUCUi6J3L9dRFx5iH']
Major Lazer	Travis Scott	1	['3Ytr1SUCUi6J3L9dRFx5iH']
Quavo	Travis Scott	1	['3Ytr1SUCUi6J3L9dRFx5iH']
Post Malone	Quavo	1	['3a1lNhkSLSkpJE4MSHpDu9']
Avicii	Rita Ora	1	['2OALaHcDdKkjYEpAr0Qzab']
Izumi Nakasone	Shota Shimizu	1	['3KOAjzxIJdreRSzffGLYoa']
David Guetta	Jamie Scott	1	['0OlnLZY4cmQzT6ZGttvWBM']
David Guetta	Martin Garrix	1	['0OlnLZY4cmQzT6ZGttvWBM']
David Guetta	Romy Dya	1	['0OlnLZY4cmQzT6ZGttvWBM']
Jamie Scott	Martin Garrix	1	['0OlnLZY4cmQzT6ZGttvWBM']
Jamie Scott	Romy Dya	1	['0OlnLZY4cmQzT6ZGttvWBM']
Martin Garrix	Romy Dya	1	['0OlnLZY4cmQzT6ZGttvWBM']
Charlie Puth	Wiz Khalifa	1	['6IcrwGdIvRsrImOnoYfG9Z']
Anitta	J Balvin	1	['3Ga6eKrUFf12ouh9Yw3v2D']
Fifth Harmony	Ty Dolla $ign	1	['4tCtwWceOPWzenK2HAIJSb']
J Balvin	Jowell & Randy	1	['693iqPOQvhI7PobtR8CC8v']
Camila Cabello	Young Thug	1	['0ofbQMrRDsUaVKq2mGLEAb']
Beyoncé	Ed Sheeran	1	['1bhUWB0zJMIKr9yVPrkEuI']
Jonas Blue	William Singe	1	['0NiXXAI876aGImAd6rTj8w']
Julia Michaels	Maroon 5	1	['2uSLx5uwRIhiA3sJJraNqX']
Motohiro Hata	Straightener	1	['4U3keeufqJjAX6YjtXvVkA']
Cardi B	Migos	1	['1YZfcVLbbJwfizR5cDOp3q']
Cardi B	Nicki Minaj	1	['1YZfcVLbbJwfizR5cDOp3q']
Migos	Nicki Minaj	1	['1YZfcVLbbJwfizR5cDOp3q']
B. Swanson Quartet	Frank Sinatra	1	['7inXu0Eaeg02VsM8kHNvzM']
Grey	Hailee Steinfeld	1	['6875MeXyCW0wLyT72Eetmo']
Grey	Zedd	1	['6875MeXyCW0wLyT72Eetmo']
Hailee Steinfeld	Zedd	1	['6875MeXyCW0wLyT72Eetmo']
Taylor Swift	ZAYN	1	['3NdDpSvN911VPGivFlV5d0']
AKLO	JAY'ED	1	['0XJMS3oV6rv69jZElWweA8']
Bryson Tiller	DJ Khaled	1	['1OAh8uOEOvTDqkKFsKksCi']
Bryson Tiller	Rihanna	1	['1OAh8uOEOvTDqkKFsKksCi']
DJ Khaled	Rihanna	1	['1OAh8uOEOvTDqkKFsKksCi']
DAOKO	Yasuyuki Okamura	1	['23nQaCPwwIT4AV9jn6kUbg']
Daya	The Chainsmokers	1	['0QsvXIfqM0zZoerQfsI9lm']
PARTYNEXTDOOR	ZAYN	1	['000xQL6tZNLJzIrtIgxqSl']
Ryan Riback	Starley	1	['78rIJddV4X0HkNAInEcYde']
SALU	Taichi Mukai	1	['4GuaN5aBRpCy2AV7SDoaA3']
Avicii	Vargas & Lagola	1	['5WEqjIUHkwZ5h3DSE7F9bM']
BTS	Desiigner	1	['7Ed6BkggCS2KaKY5YlINaF']
BTS	Steve Aoki	1	['7Ed6BkggCS2KaKY5YlINaF']
Desiigner	Steve Aoki	1	['7Ed6BkggCS2KaKY5YlINaF']
Chance the Rapper	DJ Khaled	1	['3DXncPQOG4VBw3QHh3S817']
Chance the Rapper	Justin Bieber	1	['3DXncPQOG4VBw3QHh3S817']
Chance the Rapper	Lil Wayne	1	['3DXncPQOG4VBw3QHh3S817']
Chance the Rapper	Quavo	1	['3DXncPQOG4VBw3QHh3S817']
DJ Khaled	Justin Bieber	1	['3DXncPQOG4VBw3QHh3S817']
DJ Khaled	Lil Wayne	1	['3DXncPQOG4VBw3QHh3S817']
DJ Khaled	Quavo	1	['3DXncPQOG4VBw3QHh3S817']
Justin Bieber	Lil Wayne	1	['3DXncPQOG4VBw3QHh3S817']
Justin Bieber	Quavo	1	['3DXncPQOG4VBw3QHh3S817']
Lil Wayne	Quavo	1	['3DXncPQOG4VBw3QHh3S817']
French Montana	Jason Derulo	1	['2z4pcBLQXF2BXKFvd0BuB6']
Gucci Mane	Migos	1	['1XRgIKC5TPwo7nWGyKqgG0']
Demi Lovato	Luis Fonsi	1	['1zsG4eaZmkA1dvjDDsAGLK']
Avicii	Sandro Cavazza	1	['6WbADFqMvR8N5u0BvtsWQE']
Bad Bunny	Becky G	1	['7JNh1cfm0eXjqFVOzKLyau']
Jason Derulo	Nicki Minaj	1	['6kex4EBAj0WHXDKZMEJaaF']
Jason Derulo	Ty Dolla $ign	1	['6kex4EBAj0WHXDKZMEJaaF']
Nicki Minaj	Ty Dolla $ign	1	['6kex4EBAj0WHXDKZMEJaaF']
Martin Garrix	Troye Sivan	1	['6jA8HL9i4QGzsj6fjoxp8Y']
John Lennon	The Harlem Community Choir	1	['3zJw3rugfpVrmBeDDnUYzy']
John Lennon	The Plastic Ono Band	1	['3zJw3rugfpVrmBeDDnUYzy']
John Lennon	Yoko Ono	1	['3zJw3rugfpVrmBeDDnUYzy']
The Harlem Community Choir	The Plastic Ono Band	1	['3zJw3rugfpVrmBeDDnUYzy']
The Harlem Community Choir	Yoko Ono	1	['3zJw3rugfpVrmBeDDnUYzy']
The Plastic Ono Band	Yoko Ono	1	['3zJw3rugfpVrmBeDDnUYzy']
Bebe Rexha	Digital Farm Animals	1	['7F9vK8hNFMml4GtHsaXui6']
Bebe Rexha	Louis Tomlinson	1	['7F9vK8hNFMml4GtHsaXui6']
Digital Farm Animals	Louis Tomlinson	1	['7F9vK8hNFMml4GtHsaXui6']
Calvin Harris	Frank Ocean	1	['7tr2za8SQg2CI8EDgrdtNl']
Calvin Harris	Migos	1	['7tr2za8SQg2CI8EDgrdtNl']
Frank Ocean	Migos	1	['7tr2za8SQg2CI8EDgrdtNl']
Alessia Cara	Khalid	1	['5tz69p7tJuGPeMGwNTxYuV']
Alessia Cara	Logic	1	['5tz69p7tJuGPeMGwNTxYuV']
Khalid	Logic	1	['5tz69p7tJuGPeMGwNTxYuV']
Nao Matsuzaki	Sheena Ringo	1	['1b005eRoP2UMjLud1FMzMG']
Carly Rae Jepsen	Owl City	1	['5w6TVvv71F8px5cObg2xnx']
Kris Wu	Travis Scott	1	['5075foWfaIxJZr3hGMopXO']
Clean Bandit	Julia Michaels	1	['2xmrfQpmS2iJExTlklLoAL']
Anne-Marie	Clean Bandit	1	['5knuzwU65gJK7IF5yJsuaW']
Anne-Marie	Sean Paul	1	['5knuzwU65gJK7IF5yJsuaW']
Clean Bandit	Sean Paul	1	['5knuzwU65gJK7IF5yJsuaW']
Alan Walker	Digital Farm Animals	1	['5yFSF6qQA1rcLsQRnBsZgb']
Alan Walker	Juliander	1	['5yFSF6qQA1rcLsQRnBsZgb']
Alan Walker	Noah Cyrus	1	['5yFSF6qQA1rcLsQRnBsZgb']
Digital Farm Animals	Juliander	1	['5yFSF6qQA1rcLsQRnBsZgb']
Digital Farm Animals	Noah Cyrus	1	['5yFSF6qQA1rcLsQRnBsZgb']
Juliander	Noah Cyrus	1	['5yFSF6qQA1rcLsQRnBsZgb']
Alessia Cara	Zedd	1	['0dA2Mk56wEzDgegdC6R17g']
David Guetta	Justin Bieber	1	['3A7qX2QjDlPnazUsRk5y0M']
Ed Sheeran	Eminem	1	['5UEnHoDYpsxlfzWLZIc7LD']
AI	Kanna	1	['2ISFfVz2EALjmUHfDxRnsB']
Halsey	The Chainsmokers	1	['7BKLCZ1jbUBVqRi2FVlTVw']
Bebe Rexha	Florida Georgia Line	1	['7iDa6hUg2VgEL1o1HjmfBn']
Ozuna	Wisin	1	['2cnKEkpVUSV4wnjQiTWfH6']
A$AP Rocky	Maroon 5	1	['4OEOEsOhlzDqQuewiuPJAc']
Trippie Redd	XXXTENTACION	1	['7AQim7LbvFVZJE3O8TYgf2']
Louis Tomlinson	Steve Aoki	1	['3EmmCZoqpWOTY1g2GBwJoR']
Poo Bear	Skrillex	1	['57p8CBvPOxrvyCbn6ttl5r']
Diplo	MØ	1	['68m6iwhKElLTBaGRG1LLwE']
Eminem	P!nk	1	['3OEer2dQj1eWhSqxatGiru']
Big Sean	Calvin Harris	1	['5bcTCxgc7xVfSaMV3RuVke']
Big Sean	Katy Perry	1	['5bcTCxgc7xVfSaMV3RuVke']
Big Sean	Pharrell Williams	1	['5bcTCxgc7xVfSaMV3RuVke']
Calvin Harris	Katy Perry	1	['5bcTCxgc7xVfSaMV3RuVke']
Calvin Harris	Pharrell Williams	1	['5bcTCxgc7xVfSaMV3RuVke']
Katy Perry	Pharrell Williams	1	['5bcTCxgc7xVfSaMV3RuVke']
Daddy Yankee	Justin Bieber	1	['5CtI0qwDJkDQGwXD1H1cLb']
Justin Bieber	Luis Fonsi	1	['5CtI0qwDJkDQGwXD1H1cLb']
Sia	ZAYN	1	['1j4kHkkpqZRBwE0A4CN4Yv']
French Montana	Swae Lee	1	['3B54sVLJ402zGa6Xm4YGNe']
Lil Uzi Vert	Oh Wonder	1	['2eAZfqOm4EnOF9VvN50Tyc']
Clean Bandit	Zara Larsson	1	['1x5sYLZiu9r5E43kMlt9f8']
DJ Snake	Justin Bieber	1	['4pdPtRcBmOSQDlJ3Fk945m']
Bruno Mars	Mark Ronson	1	['32OlwWuMpZ6b0aN2RZOeMS']
Cheat Codes	Demi Lovato	1	['1louJpMmzEicAn7lzDalPW']
N.E.R.D	Rihanna	1	['6tUgfsOa8PLkoede5nOR7D']
Charlie Puth	Selena Gomez	1	['68EMU2RD1ECNeOeJ5qAXCV']
OneRepublic	Seeb	1	['7aF09WaavZAmAWuUeYxlYD']
Kygo	Selena Gomez	1	['3eR23VReFzcdmS7TYCrhCe']
Ellie Goulding	Kygo	1	['2Gl0FzuLxflY6nPifJp5Dr']
