source	target	weight	avg_streams
deep german hip hop	german hip hop	466	2891016.691011236
german hip hop	german hip hop	459	3103924.932
german hip hop	hamburg hip hop	270	5085073.679487179
dance pop	pop	239	8855858.144067796
pop	pop rap	175	6883306.295454546
deep german hip hop	hamburg hip hop	168	4840483.568627452
pop	pop	164	9318822.225
pop	tropical house	156	9253524.590909092
pop rap	rap	150	4837612.808510638
pop	rap	142	5443511.712328767
edm	pop	132	8780064.197674418
deep german hip hop	deep german hip hop	126	2406537.411764706
pop	post-teen pop	125	9987083.258823527
dance pop	tropical house	120	8594575.783783784
dance pop	pop rap	118	7362856.347222223
hip hop	pop rap	111	5850177.317073171
hip hop	rap	109	5435787.0
german cloud rap	german hip hop	105	2034945.5909090908
hip hop	pop	104	5663832.666666668
pop rap	trap	103	6941614.025641026
rap	trap	99	7345679.181818183
dance pop	edm	98	8560462.985294119
dance pop	post-teen pop	93	10316172.462686567
pop	trap	88	7264517.6
dance pop	dance pop	86	8975782.69117647
dance pop	rap	86	5840493.519230769
pop rap	pop rap	79	6068452.894736842
rap	rap	78	5620035.615384615
pop rap	post-teen pop	77	8271112.527272727
hamburg hip hop	hamburg hip hop	74	4957492.0606060615
hip hop	trap	71	6406198.461538463
edm	tropical house	70	7822398.095238095
electro house	pop	68	6722882.352941178
edm	post-teen pop	65	10303128.55357143
electropop	pop	65	8884545.18367347
dance pop	hip hop	65	6558516.5
post-teen pop	tropical house	64	10845337.945454543
german hip hop	german pop	61	1684285.5454545454
post-teen pop	rap	59	6793026.6190476185
dance pop	trap	58	8105321.324324325
pop rap	southern hip hop	56	6113964.586206896
pop	southern hip hop	56	6065963.555555556
dance pop	electro house	52	6912527.386363638
rap	southern hip hop	50	5165449.19047619
atl hip hop	rap	46	6984807.238095238
tropical house	tropical house	46	7470398.684210528
hip hop	post-teen pop	45	7650621.44117647
german hip hop	german underground rap	44	1361842.4615384615
pop rap	tropical house	44	6917734.5
dance pop	electropop	43	8163723.75
edm	pop rap	42	7812475.29032258
hip hop	hip hop	42	4470137.05
atl hip hop	pop rap	42	3901849.666666666
electropop	tropical house	40	6907832.322580645
melodic rap	rap	38	7325478.75
pop	uk dance	38	8601114.48275862
dance pop	southern hip hop	36	6269464.28
deep german hip hop	german cloud rap	35	1778382.3846153843
post-teen pop	trap	35	10328071.538461538
southern hip hop	trap	35	8383606.352941178
atl hip hop	pop	35	7692380.130434782
melodic rap	pop rap	34	5203564.9523809515
edm	electropop	34	8325755.653846154
hip hop	southern hip hop	33	4508344.647058823
trap	trap	32	8383606.352941178
house	pop	31	5527744.869565218
deep german hip hop	german pop	29	1479307.76
electro house	post-teen pop	29	8456918.931034483
melodic rap	pop	28	9080848.6
pop	pop edm	28	6225221.7727272725
dance pop	uk dance	27	8846072.666666666
pop	uk pop	27	11857155.608695652
pop rap	urban contemporary	27	10005384.875
rap	urban contemporary	27	5949148.8125
electro house	tropical house	27	5489525.5
atl hip hop	hip hop	26	5354094.769230769
german underground rap	hamburg hip hop	25	2105064.461538461
deep german hip hop	german underground rap	25	1697957.5
electro house	pop rap	25	5232911.5
atl hip hop	trap	25	4641441.181818182
big room	pop	25	7452516.681818183
albanian hip hop	german hip hop	24	4632620.9375
pop	progressive house	24	6807173.166666668
dance pop	pop edm	24	6676095.105263158
hip hop	urban contemporary	24	8205790.117647057
canadian pop	pop rap	24	5074446.230769231
canadian pop	rap	24	4498922.923076923
atl hip hop	dance pop	23	8383489.105263158
edm	edm	23	8860194.11764706
dance pop	house	22	5909157.888888889
pop	urban contemporary	22	13655162.538461538
indie poptimism	pop	22	4498979.352941177
hip hop	tropical house	22	6790254.666666668
rap	tropical house	22	7205389.764705882
trap	tropical house	22	6844279.722222223
big room	dance pop	22	7617288.095238095
post-teen pop	uk dance	21	11309184.65
hip hop	melodic rap	21	6911790.2727272725
melodic rap	trap	21	8757263.076923076
edm	rap	21	7226380.176470588
edm	trap	21	6864104.0
dance pop	uk pop	20	11659116.05263158
edm	hip hop	20	7255447.071428573
r&b	rap	20	4729596.285714285
post-teen pop	post-teen pop	20	13324821.15
dance pop	progressive house	19	7309597.071428573
electropop	post-teen pop	19	11158347.631578946
canadian pop	trap	19	3567412.4545454546
indie poptimism	tropical house	19	4723210.4375
pop edm	tropical house	19	4200971.933333334
electropop	rap	18	2974632.2857142864
tropical house	uk pop	18	11056418.411764706
canadian pop	hip hop	18	6399467.0
post-teen pop	southern hip hop	18	9411838.588235294
german pop	german pop	18	4169306.333333334
electro house	rap	18	5806367.133333334
southern hip hop	tropical house	18	3782236.7142857136
house	pop rap	17	4536445.333333333
electropop	pop rap	17	3199185.7058823523
edm	uk pop	17	11735533.9375
canadian pop	pop	17	8389713.25
electro house	hip hop	17	5499214.5
electro house	trap	17	5822252.6
edm	electro house	17	7702452.923076922
pop rap	r&b	17	9065735.583333334
pop rap	uk dance	16	6885858.333333332
dance pop	melodic rap	16	9953575.76923077
pop	viral pop	16	6097499.6
canadian pop	dance pop	16	7891876.0
gangster rap	rap	16	1962486.666666667
edm	indie poptimism	16	3681152.6363636362
edm	southern hip hop	16	4051827.1538461535
big room	tropical house	16	6019010.066666666
dance pop	urban contemporary	16	14288543.5
hip hop	r&b	16	4774966.0
pop	r&b	16	8842736.545454545
pop rap	progressive house	15	4280800.6
dirty south rap	pop rap	15	8431356.333333334
atl hip hop	southern hip hop	15	4982438.6
gangster rap	pop rap	15	432253.16666666674
dancehall	pop	14	8586332.857142856
edm	viral pop	14	6770769.363636362
dirty south rap	rap	14	9456663.0
new orleans rap	pop rap	14	8189617.6
trap	urban contemporary	14	15337018.125
atl hip hop	post-teen pop	14	9914265.0
german cloud rap	hamburg hip hop	14	3621906.8461538474
dance pop	indie poptimism	14	3450330.083333333
electro house	electropop	14	6565101.071428573
electro house	southern hip hop	14	4350552.166666667
melodic rap	post-teen pop	13	10758721.666666666
pop edm	post-teen pop	13	7498747.333333332
tropical house	viral pop	13	7166279.916666668
conscious hip hop	pop	13	8933144.0
miami hip hop	rap	13	9436999.714285716
hip hop	new orleans rap	13	8189617.6
detroit hip hop	pop	13	3575392.5555555555
edm	pop edm	13	7025586.181818183
dance pop	r&b	13	8732386.6
alternative r&b	pop	12	8303358.555555556
alternative r&b	rap	12	5108619.0
chicago rap	rap	12	7031336.6
conscious hip hop	hip hop	12	10176796.5
conscious hip hop	pop rap	12	10176796.5
conscious hip hop	trap	12	10176796.5
dirty south rap	hip hop	12	7499355.666666668
miami hip hop	pop rap	12	10929043.0
new orleans rap	rap	12	8189617.6
gangster rap	hip hop	12	2296619.0
moombahton	pop	12	6519025.142857143
pop	progressive electro house	12	8946219.111111112
latin	pop	12	13603587.625
house	post-teen pop	11	6559032.909090909
dance pop	dancehall	11	8586332.857142856
house	tropical house	11	7439934.454545454
dance pop	viral pop	11	4969861.454545454
chicago rap	hip hop	11	7031336.6
chicago rap	pop rap	11	7031336.6
conscious hip hop	rap	11	10176796.5
melodic rap	southern hip hop	11	6720396.25
pop rap	toronto rap	11	3142150.1428571427
progressive house	trap	11	4280800.6
german cloud rap	german cloud rap	11	1968016.4444444443
atl hip hop	melodic rap	11	8664586.111111112
indietronica	pop	11	2072678.2727272727
indietronica	tropical house	11	2095039.4
big room	post-teen pop	11	6180223.545454546
pop	toronto rap	11	2772551.5555555555
tropical house	uk dance	10	13631273.5
chicago rap	trap	10	8722956.25
hip hop	miami hip hop	10	8729272.0
dirty south rap	pop	10	8837058.75
dirty south rap	trap	10	10766842.0
rap	toronto rap	10	630066.0
deep house	pop	10	10066220.125
progressive house	rap	10	4705468.666666667
progressive house	southern hip hop	10	4702519.555555556
house	trap	10	4550689.666666667
big room	electropop	10	6350183.5
german dance	pop	10	10837933.0
edm	indietronica	10	2089475.0
hip pop	pop	10	9999476.25
dance pop	latin	10	7899214.285714285
big room	edm	10	6525105.9
hip hop	rock	10	2474186.666666666
metropopolis	pop	9	4735771.4
alternative r&b	pop rap	9	5108619.0
dfw rap	pop	9	2068847.0
uk dance	uk pop	9	12579650.444444446
electro house	viral pop	9	7026417.111111111
electropop	viral pop	9	7205786.444444444
miami hip hop	trap	9	10962264.666666666
new orleans rap	pop	9	8189617.6
canadian hip hop	rap	9	630066.0
atl trap	pop rap	9	474602.6
electropop	hip hop	9	4194815.714285715
electro house	indie poptimism	9	3745994.75
dance pop	detroit hip hop	9	4957370.4
hip hop	progressive house	9	5584818.857142857
house	rap	9	5062177.375
rap	uk dance	9	5062177.375
house	southern hip hop	9	5058859.625
trap	uk dance	9	5062177.375
post-teen pop	progressive house	9	6339695.0
pop rock	rap	9	6727577.142857143
german dance	tropical house	9	7172166.166666668
gangster rap	trap	9	558572.0
christlicher rap	german hip hop	9	2029970.5
pop	queens hip hop	9	11396472.0
electropop	indie poptimism	9	5480614.625
rap	rock	9	2609019.0
dance pop	gangster rap	9	9001524.25
modern rock	rap	9	2503109.75
modern rock	pop rap	9	4544512.0
pop rap	rock	9	4544512.0
hip pop	pop rap	9	13648783.0
hip hop	modern rock	9	3372025.0
dancehall	tropical house	8	7131963.5
alternative r&b	dance pop	8	5672612.75
french hip hop	german hip hop	8	2451017.2
german hip hop	pop urbaine	8	2451017.2
miami hip hop	pop	8	11238171.166666666
chicago rap	pop	8	8722956.25
new orleans rap	trap	8	10176796.5
atl hip hop	canadian pop	8	5462912.857142857
canadian hip hop	pop rap	8	690934.0
atl trap	rap	8	471920.75
indie pop rap	pop	8	5204418.75
hip hop	house	8	6206988.833333332
southern hip hop	uk dance	8	5716012.714285715
pop rap	pop rock	8	7792439.0
edm	urban contemporary	8	8879511.714285715
tropical house	urban contemporary	8	8879511.714285715
g funk	pop	8	1605231.875
modern alternative rock	pop	8	2846957.166666666
canadian hip hop	pop	8	704529.0
dance pop	toronto rap	8	3313635.1428571427
dance pop	progressive electro house	8	5939958.857142857
latin	tropical	8	40745798.66666666
pop	reggaeton	8	14914112.57142857
german cloud rap	german pop	8	352873.4285714286
electronic trap	pop	8	3135413.333333333
edm	r&b	8	787289.8571428572
r&b	tropical house	8	787289.8571428572
r&b	trap	8	8225428.4
hip pop	rap	8	4170610.6
pop rap	queens hip hop	8	17005852.25
pop rap	uk pop	8	7339145.142857143
dancehall	edm	7	7131963.5
art pop	pop	7	1712785.25
metropopolis	rap	7	2014585.0
german hip hop	german trap	7	1864005.833333333
canadian pop	southern hip hop	7	5097643.285714285
canadian pop	urban contemporary	7	5306119.714285715
post-teen pop	urban contemporary	7	19029996.85714286
canadian hip hop	trap	7	690934.0
toronto rap	trap	7	690934.0
dance pop	deep house	7	6504786.4
deep house	edm	7	6387951.0
deep house	tropical house	7	7062810.2
dance pop	moombahton	7	8329998.833333332
danish pop	pop	7	4510691.25
hip hop	uk dance	7	7356629.0
southern hip hop	southern hip hop	7	2990625.4285714286
german hip hop	latin hip hop	7	1355051.6
german hip hop	reggaeton	7	1355051.6
pop rap	viral pop	7	11635399.0
deep euro house	pop	7	13639464.0
dance pop	indietronica	7	2563607.714285714
electro house	pop edm	7	3218438.1428571427
atl hip hop	edm	7	10370147.42857143
atl hip hop	tropical house	7	10370147.42857143
afro dancehall	pop	7	2614868.333333333
afropop	pop	7	2614868.333333333
azonto	pop	7	2614868.333333333
post-teen pop	toronto rap	7	3818339.333333334
german hip hop	indie deutschrap	7	662176.4
latin	latin	7	28184758.2
dance pop	hip pop	7	11174680.857142856
electropop	electropop	7	5999407.142857143
dance pop	reggaeton	7	8477431.166666666
latin	post-teen pop	7	13250249.4
electro house	r&b	7	840650.3333333335
norwegian pop	pop	7	5792255.666666668
gangster rap	pop	7	9001524.25
dance pop	norwegian pop	7	5754344.0
hip hop	hip pop	7	10232724.4
german hip hop	german reggae	7	2828255.6
pop	trap soul	7	11683447.4
dance pop	uk dancehall	6	4493712.333333333
dance pop	uk hip hop	6	4493712.333333333
pop	uk dancehall	6	4493712.333333333
pop	uk hip hop	6	4493712.333333333
dfw rap	rap	6	10807429.833333334
nz pop	pop	6	2068847.0
art pop	rap	6	2068847.0
nz pop	rap	6	2068847.0
belgian hip hop	german hip hop	6	1179815.666666667
german hip hop	rap francais	6	1179815.666666667
deep tropical house	pop	6	4250850.666666667
pop edm	viral pop	6	8467691.166666666
conscious hip hop	dance pop	6	9654556.833333334
dirty south rap	post-teen pop	6	11701236.666666664
canadian pop	melodic rap	6	6339782.5
german alternative rap	german pop	6	669854.3333333335
german alternative rap	german rock	6	565527.3333333335
german hip hop	german rock	6	565527.3333333335
indie pop rap	pop rap	6	4410231.25
indie pop rap	rap	6	4410231.25
dance pop	danish pop	6	4510691.25
indie pop	pop	6	4009651.0
detroit hip hop	post-teen pop	6	4220654.833333333
german pop	german reggae	6	2132226.5
pop	pop rock	6	13243257.5
dance pop	german dance	6	7281288.5
edm	german dance	6	8009254.5
deep euro house	tropical house	6	6338836.75
electropop	pop edm	6	2086102.5
big room	pop rap	6	4908086.0
atl hip hop	electro house	6	6245412.333333332
afro dancehall	pop rap	6	5803178.0
afropop	pop rap	6	5803178.0
azonto	pop rap	6	5803178.0
nigerian hip hop	pop	6	1419444.0
nigerian pop	pop	6	1419444.0
canadian pop	post-teen pop	6	5839951.333333332
barbadian pop	rap	6	7739338.4
contemporary country	dance pop	6	3209484.75
country	dance pop	6	3209484.75
country road	dance pop	6	3209484.75
contemporary country	pop	6	3209484.75
country	pop	6	3209484.75
country road	pop	6	3209484.75
latin	reggaeton	6	28184758.2
dance pop	queens hip hop	6	13000376.666666664
hip hop	pop rock	6	4735451.0
german pop	hamburg hip hop	6	4650332.5
edm	house	6	3582806.666666666
edm	progressive electro house	6	5165612.333333333
progressive electro house	tropical house	6	6152082.2
electro house	urban contemporary	6	4327613.6
southern hip hop	urban contemporary	6	17612893.4
pittsburgh rap	pop rap	6	3578619.5
pop	swedish pop	6	8893085.166666666
german alternative rap	german hip hop	6	999506.0
belgian edm	pop	6	6562249.666666668
post-teen pop	uk pop	6	17154582.166666668
pop rap	trap soul	6	18231437.33333333
modern rock	trap	6	6075508.0
rock	trap	6	6075508.0
dancehall	post-teen pop	5	10533220.25
electropop	melodic rap	5	1419162.4
deep german hip hop	french hip hop	5	2451017.2
deep german hip hop	pop urbaine	5	2451017.2
albanian hip hop	deep german hip hop	5	10446306.75
albanian hip hop	albanian hip hop	5	13736742.0
dance pop	uk contemporary r&b	5	9090856.0
edm	uk contemporary r&b	5	9090856.0
pop	uk contemporary r&b	5	9090856.0
tropical house	uk contemporary r&b	5	9090856.0
dance pop	deep tropical house	5	3227691.6
deep tropical house	post-teen pop	5	5060732.2
chicago rap	dance pop	5	8722956.25
conscious hip hop	southern hip hop	5	10176796.5
conscious hip hop	post-teen pop	5	11158967.2
miami hip hop	post-teen pop	5	13433776.0
new orleans rap	southern hip hop	5	10176796.5
atl trap	hip hop	5	531952.6666666665
german alternative rap	german indie	5	621295.4
german hip hop	german indie	5	621295.4
german indie	german pop	5	621295.4
german pop	german rock	5	586990.2
east coast hip hop	pop rap	5	1083463.666666667
east coast hip hop	rap	5	1083463.666666667
indie pop rap	post-teen pop	5	4529056.2
indie poptimism	pop rap	5	3134469.2
dance pop	indie pop	5	4009651.0
danish pop	edm	5	4510691.25
edm	indie pop	5	4009651.0
detroit hip hop	pop rap	5	6050705.2
deep german hip hop	latin hip hop	5	848501.6666666665
deep german hip hop	reggaeton	5	848501.6666666665
dance pop	deep euro house	5	7245578.0
uk dance	urban contemporary	5	10426632.25
atl hip hop	atl hip hop	5	765019.0
atl hip hop	gangster rap	5	558572.0
gangster rap	southern hip hop	5	558572.0
atl trap	trap	5	558572.0
electro house	indietronica	5	2601399.0
nyc pop	pop	5	764955.4
nyc pop	tropical house	5	764955.4
dance pop	g funk	5	1362543.5
g funk	r&b	5	1292275.2
atl hip hop	house	5	4136017.6
atl hip hop	progressive house	5	4136017.6
atl hip hop	uk dance	5	4136017.6
edm	modern alternative rock	5	1636646.6
modern alternative rock	tropical house	5	1636646.6
hip hop	neo soul	5	4488868.5
neo soul	rap	5	4488868.5
basshall	pop	5	329450.0
nigerian hip hop	pop rap	5	6068998.333333332
nigerian pop	pop rap	5	6068998.333333332
canadian hip hop	dance pop	5	634837.0
canadian hip hop	post-teen pop	5	722193.75
barbadian pop	hip hop	5	6969745.4
barbadian pop	pop rap	5	9128284.25
german pop	indie deutschrap	5	687080.75
country pop	dance pop	5	3594672.0
dance pop	modern country rock	5	3594672.0
country pop	pop	5	3594672.0
modern country rock	pop	5	3594672.0
dance pop	modern alternative rock	5	3382071.333333333
german pop	partyschlager	5	7662418.0
latin	latin pop	5	34695903.0
hip pop	post-teen pop	5	12030562.6
post-teen pop	queens hip hop	5	12030562.6
pop edm	pop rap	5	1874681.5
hip hop	toronto rap	5	786727.4
dance pop	electronic trap	5	920649.75
pop	tropical	5	21268676.0
edm	progressive house	5	2834020.6
progressive house	tropical house	5	3484210.0
dance pop	dirty south rap	5	8958972.25
r&b	southern hip hop	5	8225428.4
canadian pop	edm	5	15136445.2
canadian pop	tropical house	5	15932119.0
g funk	rap	5	2729212.0
electronic trap	post-teen pop	5	3721359.6
dance pop	deep big room	5	3469674.5
deep big room	tropical house	5	3469674.5
deep big room	pop	5	4199939.0
atl trap	dance pop	5	11928530.333333336
atl trap	pop	5	11928530.333333336
modern alternative rock	rap	5	3252522.0
rap	stomp pop	5	3252522.0
modern alternative rock	pop rap	5	4544512.0
pop rap	stomp pop	5	4544512.0
g funk	hip hop	5	3459923.666666666
hip hop	modern alternative rock	5	3372025.0
hip hop	stomp pop	5	3372025.0
pittsburgh rap	rap	5	3578619.5
pittsburgh rap	trap	5	3578619.5
dance pop	swedish pop	5	10578276.8
moombahton	pop rap	5	9370180.25
belgian edm	edm	5	6562249.666666668
belgian edm	tropical house	5	6562249.666666668
dance pop	trap soul	5	13085432.25
queens hip hop	rap	5	6621131.0
pop	uk funky	5	16886635.75
dancehall	house	4	3484981.25
dancehall	uk dance	4	10533220.25
alternative r&b	electropop	4	6296536.0
alternative r&b	post-teen pop	4	6296536.0
metropopolis	pop rap	4	2014585.0
dfw rap	pop rap	4	6362071.75
house	uk pop	4	10083378.75
uk contemporary r&b	uk dance	4	11206332.5
boy band	dance pop	4	4246172.75
deep tropical house	viral pop	4	4073760.25
boy band	pop	4	4246172.75
chicago rap	dirty south rap	4	8722956.25
chicago rap	miami hip hop	4	8722956.25
chicago rap	southern hip hop	4	8722956.25
chicago rap	urban contemporary	4	8722956.25
conscious hip hop	urban contemporary	4	9203808.25
canadian pop	chicago rap	4	8724134.0
canadian pop	conscious hip hop	4	13402820.25
conscious hip hop	new orleans rap	4	10176796.5
canadian pop	dirty south rap	4	8729272.0
canadian pop	miami hip hop	4	8729272.0
dance pop	new orleans rap	4	8718145.0
atl hip hop	dirty south rap	4	8949651.5
dirty south rap	melodic rap	4	10885949.0
melodic rap	miami hip hop	4	8779104.5
atl hip hop	urban contemporary	4	9683579.25
canadian pop	new orleans rap	4	8718145.0
new orleans rap	post-teen pop	4	8718145.0
german hip hop	turkish hip hop	4	939106.6666666664
german pop	turkish hip hop	4	939106.6666666664
electro house	nyc pop	4	10881167.0
atl hip hop	canadian hip hop	4	1135672.333333333
atl hip hop	toronto rap	4	1135672.333333333
filter house	pop	4	10023384.0
east coast hip hop	hip hop	4	1083463.666666667
moombahton	tropical house	4	4499516.5
danish pop	tropical house	4	4510691.25
hamburg hip hop	latin hip hop	4	1128490.5
hamburg hip hop	reggaeton	4	1128490.5
disco house	tropical house	4	8109951.75
deep euro house	electropop	4	7123723.5
deep house	electropop	4	7123723.5
electropop	german dance	4	7978818.25
german dance	post-teen pop	4	12372410.75
deep euro house	edm	4	10459647.0
albanian pop	german hip hop	4	11713553.666666664
atl trap	southern hip hop	4	558572.0
gangster rap	melodic rap	4	691945.5
pop rap	underground hip hop	4	2367272.25
dance pop	danish electronic	4	1444497.333333333
indie poptimism	pop edm	4	2571768.75
big room	indietronica	4	2922609.25
danish electronic	pop	4	1444497.333333333
big room	hip hop	4	2453609.25
big room	southern hip hop	4	2453609.25
big room	trap	4	2453609.25
g funk	post-teen pop	4	1441686.25
detroit hip hop	r&b	4	1560217.5
alternative r&b	edm	4	5048689.5
alternative r&b	electro house	4	5048689.5
alternative r&b	house	4	5048689.5
alternative r&b	progressive house	4	5048689.5
alternative r&b	tropical house	4	5048689.5
alternative r&b	uk dance	4	5048689.5
alternative r&b	atl hip hop	4	5048689.5
alternative r&b	southern hip hop	4	5048689.5
alternative r&b	trap	4	5048689.5
alternative r&b	hip hop	4	9135521.5
afro dancehall	dance pop	4	2614868.333333333
afropop	dance pop	4	2614868.333333333
azonto	dance pop	4	2614868.333333333
afro dancehall	edm	4	2614868.333333333
afropop	edm	4	2614868.333333333
azonto	edm	4	2614868.333333333
afro dancehall	electro house	4	2614868.333333333
afropop	electro house	4	2614868.333333333
azonto	electro house	4	2614868.333333333
afro dancehall	tropical house	4	2614868.333333333
afropop	tropical house	4	2614868.333333333
azonto	tropical house	4	2614868.333333333
canadian hip hop	urban contemporary	4	627790.0
toronto rap	urban contemporary	4	627790.0
deep german hip hop	german trap	4	1828351.25
german hip hop	phonk	4	5215066.333333333
post-teen pop	progressive electro house	4	5564508.75
contemporary country	post-teen pop	4	3209484.75
country	post-teen pop	4	3209484.75
country road	post-teen pop	4	3209484.75
latin pop	reggaeton	4	34695903.0
latin	latin hip hop	4	40745798.66666666
pop	west coast rap	4	2999717.25
dance pop	neo mellow	4	13290438.25
edm	neo mellow	4	13290438.25
neo mellow	pop	4	13290438.25
neo mellow	tropical house	4	13290438.25
canadian hip hop	hip hop	4	930340.5
post-teen pop	reggaeton	4	15455333.5
brazilian edm	pop nacional	4	11089452.0
christlicher rap	deep german hip hop	4	1873253.666666667
brostep	pop	4	14823976.666666664
post-teen pop	tropical	4	19744098.666666668
dance pop	miami hip hop	4	10932449.666666666
house	r&b	4	610824.0
moombahton	post-teen pop	4	11848552.75
detroit hip hop	rap	4	3565447.333333333
electropop	trap	4	1233893.0
deep big room	edm	4	3469674.5
edm	melodic rap	4	13257668.0
modern rock	pop	4	4544512.0
pop	rock	4	4544512.0
post-teen pop	swedish pop	4	9108056.5
hip hop	pop edm	4	339647.0
dance pop	west coast rap	4	1512188.666666667
german reggae	hamburg hip hop	4	5242273.5
hip hop	pittsburgh rap	4	3578619.5
swedish pop	tropical house	4	12671117.25
moombahton	trap	4	9370180.25
moombahton	rap	4	12340644.333333336
dutch pop	edm	4	10017015.0
dutch pop	pop	4	10017015.0
dutch pop	tropical house	4	10017015.0
post-teen pop	r&b	4	17294313.666666668
post-teen pop	trap soul	4	17294313.666666668
edm	uk dance	4	15315245.0
hip pop	trap	4	17005852.25
queens hip hop	trap	4	17005852.25
hip hop	queens hip hop	4	16724654.0
electro house	uk pop	4	3209103.0
pop rock	trap	4	8360994.5
dmv rap	pop	4	12527555.5
post-teen pop	uk funky	4	16886635.75
pop	swedish electropop	4	10527232.75
dance pop	uk funky	4	21679420.666666668
modern rock	southern hip hop	4	6075508.0
rock	southern hip hop	4	6075508.0
post-teen pop	uk dancehall	3	4493712.333333333
post-teen pop	uk hip hop	3	4493712.333333333
edm	uk dancehall	3	4493712.333333333
edm	uk hip hop	3	4493712.333333333
house	uk dancehall	3	4493712.333333333
house	uk hip hop	3	4493712.333333333
tropical house	uk dancehall	3	4493712.333333333
tropical house	uk hip hop	3	4493712.333333333
uk dance	uk dancehall	3	4493712.333333333
uk dance	uk hip hop	3	4493712.333333333
alternative r&b	art pop	3	2068847.0
alternative r&b	metropopolis	3	2068847.0
alternative r&b	nz pop	3	2068847.0
alternative r&b	dfw rap	3	2068847.0
alternative r&b	melodic rap	3	2068847.0
art pop	dfw rap	3	2068847.0
art pop	melodic rap	3	2068847.0
dance pop	dfw rap	3	2068847.0
dfw rap	electropop	3	2068847.0
dfw rap	metropopolis	3	2068847.0
melodic rap	metropopolis	3	2068847.0
dfw rap	nz pop	3	2068847.0
melodic rap	nz pop	3	2068847.0
dfw rap	post-teen pop	3	2068847.0
art pop	pop rap	3	2068847.0
nz pop	pop rap	3	2068847.0
belgian hip hop	deep german hip hop	3	1179815.666666667
deep german hip hop	rap francais	3	1179815.666666667
house	uk contemporary r&b	3	12373103.666666664
boy band	deep tropical house	3	5238836.333333333
boy band	edm	3	5238836.333333333
boy band	electro house	3	5238836.333333333
boy band	electropop	3	5238836.333333333
boy band	pop edm	3	5238836.333333333
boy band	tropical house	3	5238836.333333333
conscious hip hop	dirty south rap	3	11543892.666666664
conscious hip hop	miami hip hop	3	11543892.666666664
chicago rap	post-teen pop	3	11543892.666666664
chicago rap	new orleans rap	3	11543892.666666664
atl hip hop	chicago rap	3	11543892.666666664
chicago rap	melodic rap	3	11543892.666666664
atl hip hop	conscious hip hop	3	11543892.666666664
conscious hip hop	melodic rap	3	11543892.666666664
dirty south rap	new orleans rap	3	11543892.666666664
miami hip hop	new orleans rap	3	11543892.666666664
new orleans rap	urban contemporary	3	11543892.666666664
atl hip hop	miami hip hop	3	11543892.666666664
melodic rap	urban contemporary	3	11543892.666666664
atl hip hop	new orleans rap	3	11543892.666666664
melodic rap	new orleans rap	3	11543892.666666664
canadian hip hop	melodic rap	3	1135672.333333333
melodic rap	toronto rap	3	1135672.333333333
canadian hip hop	gangster rap	3	257063.5
canadian pop	gangster rap	3	257063.5
gangster rap	toronto rap	3	257063.5
east coast hip hop	pop	3	1083463.666666667
dance pop	indie pop rap	3	2678080.333333333
electropop	indie pop rap	3	2678080.333333333
indie poptimism	rap	3	2041936.333333333
electro house	indie pop	3	3267136.666666666
indie pop	pop rap	3	3267136.666666666
indie pop	tropical house	3	4729845.666666667
german pop	reggae fusion	3	3424083.333333333
dance pop	disco house	3	7417901.333333332
electropop	house	3	4490577.0
disco house	pop	3	7417901.333333332
filter house	tropical house	3	7818797.0
tropical house	vocal house	3	7818797.0
german cloud rap	german underground rap	3	279938.66666666674
electro house	german dance	3	10402841.333333334
deep euro house	pop edm	3	8295778.333333332
deep house	pop edm	3	8295778.333333332
german dance	pop edm	3	10402841.333333334
deep house	pop rap	3	7488179.0
albanian pop	deep german hip hop	3	11713553.666666664
pop rap	vapor soul	3	2579043.0
deep pop r&b	edm	3	14723410.666666664
atl hip hop	atl trap	3	558572.0
gangster rap	gangster rap	3	534799.0
big room	indie poptimism	3	3453245.666666666
indietronica	pop edm	3	426151.66666666674
nyc pop	pop edm	3	1114082.333333333
big room	pop edm	3	586381.6666666665
pop edm	pop edm	3	836883.6666666665
danish electronic	post-teen pop	3	1444497.333333333
danish electronic	tropical house	3	1444497.333333333
big room	rap	3	3118549.666666666
chicano rap	pop rap	3	5698274.0
dance pop	neo soul	3	5728773.333333332
edm	neo soul	3	5728773.333333332
electro house	neo soul	3	5728773.333333332
neo soul	pop	3	5728773.333333332
neo soul	tropical house	3	5728773.333333332
neo soul	pop rap	3	5728773.333333332
basshall	edm	3	329450.0
basshall	electro house	3	329450.0
basshall	pop rap	3	329450.0
basshall	tropical house	3	329450.0
dancehall	electro house	3	329450.0
dancehall	pop rap	3	329450.0
afro dancehall	moombahton	3	2614868.333333333
afropop	moombahton	3	2614868.333333333
azonto	moombahton	3	2614868.333333333
dance pop	nigerian hip hop	3	1419444.0
dance pop	nigerian pop	3	1419444.0
edm	nigerian hip hop	3	1419444.0
edm	nigerian pop	3	1419444.0
electro house	nigerian hip hop	3	1419444.0
electro house	nigerian pop	3	1419444.0
nigerian hip hop	tropical house	3	1419444.0
nigerian pop	tropical house	3	1419444.0
german indie	german rock	3	723522.6666666665
grime	hip hop	3	721128.0
hip hop	uk hip hop	3	721128.0
grime	pop rap	3	721128.0
pop rap	uk hip hop	3	721128.0
grime	rap	3	721128.0
rap	uk hip hop	3	721128.0
christlicher rap	hamburg hip hop	3	4071560.0
atl hip hop	dfw rap	3	19546012.666666668
dfw rap	trap	3	19546012.666666668
german cloud rap	phonk	3	5215066.333333333
country pop	post-teen pop	3	3594672.0
modern country rock	post-teen pop	3	3594672.0
modern alternative rock	post-teen pop	3	3382071.333333333
electropop	nyc pop	3	1114837.666666667
german dance	german pop	3	10061483.0
latin hip hop	latin pop	3	40745798.66666666
latin hip hop	tropical	3	40745798.66666666
reggaeton	tropical	3	40745798.66666666
latin pop	tropical	3	40745798.66666666
tropical	tropical	3	40745798.66666666
indie electropop	tropical house	3	1394092.0
philly rap	rap	3	4377701.5
brazilian edm	brazilian edm	3	11089452.0
edm	moombahton	3	3417135.0
electronic trap	pop rap	3	896382.3333333335
electronic trap	tropical house	3	1027374.5
electronic trap	indie poptimism	3	1027374.5
latin pop	pop	3	19744098.666666668
latin pop	post-teen pop	3	19744098.666666668
dance pop	tropical	3	10513501.0
progressive house	r&b	3	548934.3333333335
house	urban contemporary	3	594007.5
progressive house	urban contemporary	3	594007.5
dirty south rap	southern hip hop	3	3446397.666666666
r&b	urban contemporary	3	26272395.33333333
post-teen pop	viral pop	3	11937053.666666664
indie poptimism	post-teen pop	3	3502336.666666666
conscious hip hop	rock	3	3377009.0
big room	viral pop	3	7220690.333333332
australian dance	dance pop	3	11241338.666666666
big room	electro house	3	5782447.666666668
australian dance	pop	3	11241338.666666666
g funk	pop rap	3	3565447.333333333
g funk	urban contemporary	3	508912.33333333326
dance pop	dutch house	3	3621284.5
dutch house	pop	3	3621284.5
dutch house	tropical house	3	3621284.5
edm	metropopolis	3	8736158.0
electropop	progressive electro house	3	7106069.0
electropop	progressive house	3	9651391.666666666
metropopolis	tropical house	3	8736158.0
deep big room	pop rap	3	1155293.5
pop rap	progressive electro house	3	1155293.5
deep big room	electro house	3	4008966.333333334
electro house	house	3	3649820.333333334
melodic rap	melodic rap	3	6845074.0
complextro	dance pop	3	13370883.0
dance pop	german techno	3	13370883.0
complextro	pop	3	13370883.0
german techno	pop	3	13370883.0
complextro	post-teen pop	3	13370883.0
german techno	post-teen pop	3	13370883.0
funk	new french touch	3	2790572.0
funk	tropical house	3	2790572.0
edm	gangster rap	3	352918.0
electro house	gangster rap	3	352918.0
gangster rap	tropical house	3	352918.0
melodic rap	tropical house	3	17465424.666666668
dance pop	pop rock	3	18052449.0
edm	norwegian pop	3	6663738.666666668
electro house	norwegian pop	3	6663738.666666668
norwegian pop	tropical house	3	6663738.666666668
hip hop	west coast rap	3	4943618.5
new jack swing	rap	3	3686309.0
gangster rap	r&b	3	256165.5
deep tropical house	hip hop	3	220506.0
german hip hop	reggae fusion	3	5810084.5
edm	swedish pop	3	16831299.666666668
hip hop	moombahton	3	6543758.0
big room	uk pop	3	16766915.333333336
rap	viral pop	3	5606718.0
hip hop	viral pop	3	1371922.666666667
r&b	uk pop	3	2504816.0
electro house	uk dance	3	10150308.0
electropop	uk dance	3	4245884.333333333
barbadian pop	pop	3	15662445.5
barbadian pop	trap	3	17249831.0
rap	uk pop	3	3322940.666666666
trap	uk pop	3	1673013.666666667
detroit hip hop	hip hop	3	5079632.5
edm	trap soul	3	462957.5
trap soul	tropical house	3	462957.5
afro dancehall	hip hop	3	6068998.333333332
afropop	hip hop	3	6068998.333333332
azonto	hip hop	3	6068998.333333332
hip hop	nigerian hip hop	3	6068998.333333332
hip hop	nigerian pop	3	6068998.333333332
hip hop	uk pop	3	2754711.666666666
pop rock	southern hip hop	3	8360994.5
australian pop	pop	3	15765649.333333336
canadian contemporary r&b	pop	3	16490072.666666664
canadian contemporary r&b	pop rap	3	6481286.0
canadian contemporary r&b	rap	3	6481286.0
uk funky	uk pop	3	21200879.666666668
pop	scandipop	3	11033437.0
dancehall	uk pop	3	15388135.0
belgian dance	pop	3	9733204.0
belgian edm	electropop	3	9733204.0
antideutsche	german hip hop	3	1110904.0
bayerischer rap	german hip hop	3	1110904.0
canadian contemporary r&b	trap	3	232127.5
dance pop	swedish electropop	3	13880601.333333336
swedish electropop	tropical house	3	13880601.333333336
dmv rap	hip hop	3	6075508.0
dmv rap	pop rap	3	6075508.0
dmv rap	trap	3	6075508.0
hip hop	trap soul	3	6075508.0
rap	trap soul	3	6075508.0
modern alternative rock	trap	3	6075508.0
stomp pop	trap	3	6075508.0
atl hip hop	r&b	3	2197232.0
electro house	indie electropop	2	21522202.0
atl trap	canadian hip hop	2	257063.5
atl trap	canadian pop	2	257063.5
atl trap	toronto rap	2	257063.5
canadian contemporary r&b	electro	2	13411624.0
canadian pop	electro	2	13411624.0
electro	pop	2	13411624.0
canadian contemporary r&b	filter house	2	13411624.0
canadian pop	filter house	2	13411624.0
francoton	latin	2	20539359.0
francoton	reggaeton	2	20539359.0
deep euro house	deep house	2	5393599.0
deep house	deep house	2	5393599.0
deep house	german dance	2	5393599.0
east coast hip hop	indie pop rap	2	1514942.5
hip hop	indie pop rap	2	1514942.5
indie pop rap	southern hip hop	2	1514942.5
indie pop rap	trap	2	1514942.5
etherpop	hip hop	2	2935468.0
hip hop	indie poptimism	2	2935468.0
etherpop	indie pop rap	2	2935468.0
indie pop rap	indie poptimism	2	2935468.0
etherpop	pop rap	2	2935468.0
etherpop	rap	2	2935468.0
danish pop	electro house	2	3976171.5
danish pop	moombahton	2	3976171.5
electropop	moombahton	2	3976171.5
indie pop	moombahton	2	3976171.5
indie poptimism	moombahton	2	3976171.5
danish pop	pop rap	2	3976171.5
detroit hip hop	edm	2	9778592.0
detroit hip hop	electro house	2	9778592.0
detroit hip hop	house	2	9778592.0
detroit hip hop	progressive house	2	9778592.0
detroit hip hop	tropical house	2	9778592.0
detroit hip hop	uk dance	2	9778592.0
german cloud rap	latin hip hop	2	1128490.5
german cloud rap	reggaeton	2	1128490.5
dance pop	filter house	2	6635144.0
dance pop	vocal house	2	6635144.0
disco house	electropop	2	6635144.0
electropop	filter house	2	6635144.0
electropop	vocal house	2	6635144.0
pop	vocal house	2	6635144.0
piano rock	pop rap	2	13685400.5
deep euro house	electro house	2	10459647.0
deep house	electro house	2	10459647.0
deep euro house	pop rap	2	10459647.0
german dance	pop rap	2	10459647.0
deep euro house	post-teen pop	2	10459647.0
deep house	post-teen pop	2	10459647.0
albanian pop	german underground rap	2	942409.0
channel islands indie	east coast hip hop	2	2944031.0
east coast hip hop	vapor soul	2	2944031.0
channel islands indie	hip hop	2	2944031.0
hip hop	vapor soul	2	2944031.0
channel islands indie	pop rap	2	2944031.0
channel islands indie	rap	2	2944031.0
rap	vapor soul	2	2944031.0
channel islands indie	southern hip hop	2	2944031.0
southern hip hop	vapor soul	2	2944031.0
channel islands indie	trap	2	2944031.0
trap	vapor soul	2	2944031.0
dance pop	deep pop r&b	2	20259257.0
deep pop r&b	pop	2	20259257.0
deep pop r&b	tropical house	2	20259257.0
deep pop r&b	uk dance	2	20259257.0
dutch hip hop	german hip hop	2	1374192.5
atl trap	gangster rap	2	691945.5
danish electronic	electropop	2	240132.0
danish electronic	indie poptimism	2	240132.0
danish electronic	indietronica	2	240132.0
big room	nyc pop	2	240132.0
dance pop	nyc pop	2	240132.0
danish electronic	nyc pop	2	240132.0
edm	nyc pop	2	240132.0
danish electronic	pop edm	2	240132.0
deep german hip hop	rap algerien	2	4357819.5
deep german hip hop	rap tunisien	2	4357819.5
german hip hop	rap algerien	2	4357819.5
german hip hop	rap tunisien	2	4357819.5
dance pop	lgbtq+ hip hop	2	8482907.0
edm	lgbtq+ hip hop	2	8482907.0
electro house	lgbtq+ hip hop	2	8482907.0
house	lgbtq+ hip hop	2	8482907.0
house	neo soul	2	8482907.0
lgbtq+ hip hop	pop	2	8482907.0
lgbtq+ hip hop	progressive house	2	8482907.0
neo soul	progressive house	2	8482907.0
lgbtq+ hip hop	tropical house	2	8482907.0
lgbtq+ hip hop	uk dance	2	8482907.0
neo soul	uk dance	2	8482907.0
atl hip hop	lgbtq+ hip hop	2	8482907.0
hip hop	lgbtq+ hip hop	2	8482907.0
lgbtq+ hip hop	pop rap	2	8482907.0
lgbtq+ hip hop	rap	2	8482907.0
lgbtq+ hip hop	southern hip hop	2	8482907.0
lgbtq+ hip hop	trap	2	8482907.0
atl hip hop	neo soul	2	8482907.0
neo soul	southern hip hop	2	8482907.0
neo soul	trap	2	8482907.0
basshall	dance pop	2	329450.0
basshall	moombahton	2	329450.0
dancehall	moombahton	2	329450.0
moombahton	nigerian hip hop	2	1419444.0
moombahton	nigerian pop	2	1419444.0
barbadian pop	canadian hip hop	2	1006737.5
canadian hip hop	r&b	2	1006737.5
barbadian pop	canadian pop	2	1006737.5
canadian pop	r&b	2	1006737.5
barbadian pop	toronto rap	2	1006737.5
r&b	toronto rap	2	1006737.5
german rock	german rock	2	890341.5
canadian hip hop	grime	2	501867.0
canadian hip hop	london rap	2	501867.0
canadian hip hop	uk hip hop	2	501867.0
canadian pop	grime	2	501867.0
canadian pop	london rap	2	501867.0
canadian pop	uk hip hop	2	501867.0
hip hop	london rap	2	501867.0
london rap	pop rap	2	501867.0
london rap	rap	2	501867.0
grime	toronto rap	2	501867.0
london rap	toronto rap	2	501867.0
toronto rap	uk hip hop	2	501867.0
canadian pop	hollywood	2	1469658.0
canadian pop	viral pop	2	1469658.0
deep german hip hop	indie deutschrap	2	1055874.0
indie deutschrap	turkish hip hop	2	1055874.0
big room	contemporary country	2	3566349.0
big room	country	2	3566349.0
big room	country pop	2	3566349.0
big room	country road	2	3566349.0
big room	modern country rock	2	3566349.0
contemporary country	edm	2	3566349.0
country	edm	2	3566349.0
country pop	edm	2	3566349.0
country road	edm	2	3566349.0
edm	modern country rock	2	3566349.0
contemporary country	electro house	2	3566349.0
country	electro house	2	3566349.0
country pop	electro house	2	3566349.0
country road	electro house	2	3566349.0
electro house	modern country rock	2	3566349.0
contemporary country	progressive electro house	2	3566349.0
country	progressive electro house	2	3566349.0
country pop	progressive electro house	2	3566349.0
country road	progressive electro house	2	3566349.0
modern country rock	progressive electro house	2	3566349.0
contemporary country	progressive house	2	3566349.0
country	progressive house	2	3566349.0
country pop	progressive house	2	3566349.0
country road	progressive house	2	3566349.0
modern country rock	progressive house	2	3566349.0
contemporary country	tropical house	2	3566349.0
country	tropical house	2	3566349.0
country pop	tropical house	2	3566349.0
country road	tropical house	2	3566349.0
modern country rock	tropical house	2	3566349.0
big room	modern alternative rock	2	3566349.0
electro house	modern alternative rock	2	3566349.0
modern alternative rock	progressive electro house	2	3566349.0
modern alternative rock	progressive house	2	3566349.0
contemporary country	modern alternative rock	2	3566349.0
country	modern alternative rock	2	3566349.0
country pop	modern alternative rock	2	3566349.0
country road	modern alternative rock	2	3566349.0
modern alternative rock	modern country rock	2	3566349.0
dance pop	modern reggae	2	7233189.5
modern reggae	pop	2	7233189.5
modern reggae	post-teen pop	2	7233189.5
latin	puerto rican pop	2	48197494.0
latin hip hop	puerto rican pop	2	48197494.0
puerto rican pop	reggaeton	2	48197494.0
puerto rican pop	tropical	2	48197494.0
conscious hip hop	pop rock	2	6768905.5
canadian hip hop	deep german hip hop	2	648986.0
deep german hip hop	melodic rap	2	648986.0
deep german hip hop	pop rap	2	648986.0
deep german hip hop	rap	2	648986.0
deep german hip hop	toronto rap	2	648986.0
deep german hip hop	trap	2	648986.0
canadian hip hop	german hip hop	2	648986.0
german hip hop	melodic rap	2	648986.0
german hip hop	pop rap	2	648986.0
german hip hop	rap	2	648986.0
german hip hop	toronto rap	2	648986.0
german hip hop	trap	2	648986.0
electropop	indie electropop	2	1997093.0
electropop	indietronica	2	1997093.0
indie electropop	pop	2	1997093.0
pop	vapor soul	2	1276077.0
atl hip hop	philly rap	2	4377701.5
hip hop	philly rap	2	4377701.5
philly rap	pop rap	2	4377701.5
philly rap	trap	2	4377701.5
neo mellow	uk dance	2	1008961.0
canadian hip hop	southern hip hop	2	293785.0
southern hip hop	toronto rap	2	293785.0
francoton	pop	2	2566288.0
edm	indie cafe pop	2	7756728.0
indie cafe pop	pop	2	7756728.0
indie cafe pop	tropical house	2	7756728.0
brazilian edm	electro house	2	11089452.0
brostep	dance pop	2	7561302.5
brostep	post-teen pop	2	7561302.5
edm	electronic trap	2	1027374.5
electronic trap	electropop	2	1027374.5
electronic trap	indie pop	2	1027374.5
dance pop	latin pop	2	2849047.5
latin hip hop	pop	2	39688304.5
cubaton	latin	2	25842408.0
cubaton	tropical	2	25842408.0
latin	mexican pop	2	25842408.0
latin	reggaeton flow	2	25842408.0
r&b	uk dance	2	594007.5
dirty south rap	r&b	2	15328585.0
dirty south rap	urban contemporary	2	15328585.0
miami hip hop	r&b	2	15328585.0
miami hip hop	urban contemporary	2	15328585.0
urban contemporary	urban contemporary	2	15328585.0
edm	social media pop	2	33599824.0
canadian pop	electro house	2	18796338.0
canadian pop	electropop	2	14821451.5
danish pop	post-teen pop	2	5799944.5
indie pop	post-teen pop	2	4797864.0
dance pop	melodic dubstep	2	679968.0
edm	melodic dubstep	2	679968.0
melodic dubstep	pop	2	679968.0
melodic dubstep	tropical house	2	679968.0
rap	underground hip hop	2	3896419.0
indie poptimism	viral pop	2	1380174.5
australian dance	electro house	2	4308448.0
detroit hip hop	urban contemporary	2	653115.5
electropop	southern hip hop	2	1064680.0
dutch house	electropop	2	3621284.5
dutch house	post-teen pop	2	3621284.5
dutch house	edm	2	3621284.5
deep big room	hip hop	2	1155293.5
deep big room	southern hip hop	2	1155293.5
deep big room	trap	2	1155293.5
dutch house	pop rap	2	3621284.5
hip hop	progressive electro house	2	1155293.5
progressive electro house	southern hip hop	2	1155293.5
progressive electro house	trap	2	1155293.5
candy pop	dance pop	2	1851799.0
dance pop	metropopolis	2	1851799.0
candy pop	edm	2	1851799.0
candy pop	pop	2	1851799.0
candy pop	tropical house	2	1851799.0
permanent wave	pop	2	23110873.5
permanent wave	tropical house	2	23110873.5
electro house	electro house	2	5374009.0
atl trap	post-teen pop	2	17746883.0
gangster rap	post-teen pop	2	17746883.0
electro house	melodic rap	2	8638858.0
dance pop	escape room	2	529533.5
escape room	pop	2	529533.5
latin	pop rap	2	1164504.5
pop rap	reggaeton	2	1164504.5
pop	stomp pop	2	4544512.0
albanian hip hop	albanian pop	2	33255843.0
big room	norwegian pop	2	5491298.0
house	norwegian pop	2	5491298.0
g funk	hip pop	2	494830.0
g funk	neo soul	2	494830.0
edm	hip pop	2	9034976.5
electro house	hip pop	2	9034976.5
hip pop	tropical house	2	9034976.5
pop edm	r&b	2	339647.0
electropop	urban contemporary	2	1196160.0
new jack swing	pop rap	2	3686309.0
r&b	west coast rap	2	1202030.5
urban contemporary	west coast rap	2	1202030.5
g funk	gangster rap	2	4943618.5
rap	west coast rap	2	4943618.5
gangster rap	hip pop	2	220506.0
gangster rap	neo soul	2	220506.0
gangster rap	new jack swing	2	220506.0
hip hop	new jack swing	2	220506.0
gangster rap	quiet storm	2	220506.0
hip hop	quiet storm	2	220506.0
quiet storm	rap	2	220506.0
gangster rap	urban contemporary	2	220506.0
dance pop	east coast hip hop	2	220506.0
dance pop	hardcore hip hop	2	220506.0
hardcore hip hop	hip hop	2	220506.0
deep tropical house	gangster rap	2	220506.0
deep tropical house	rap	2	220506.0
electropop	gangster rap	2	220506.0
gangster rap	pop edm	2	220506.0
pop edm	rap	2	220506.0
hamburg hip hop	reggae fusion	2	8544535.0
deep german hip hop	german reggae	2	8544535.0
pittsburgh rap	southern hip hop	2	3578619.5
atl hip hop	pittsburgh rap	2	1081731.0
gangster rap	pittsburgh rap	2	1081731.0
melodic rap	pittsburgh rap	2	1081731.0
big room	swedish pop	2	9025642.5
electro house	swedish pop	2	1392723.5
canadian pop	deep house	2	871634.5
german cloud rap	indie deutschrap	2	562559.0
pop	underground hip hop	2	11260777.5
edm	vapor twitch	2	1563974.0
electro house	vapor twitch	2	1563974.0
dance pop	vapor twitch	2	1563974.0
indie pop	indie poptimism	2	4043130.5
indie poptimism	indie poptimism	2	4043130.5
bass trap	indie poptimism	2	1849067.0
bass trap	pop	2	1849067.0
brostep	indie poptimism	2	1849067.0
dubstep	indie poptimism	2	1849067.0
dubstep	pop	2	1849067.0
dance pop	dutch pop	2	4016803.5
progressive house	uk pop	2	17787376.5
belgian edm	belgian edm	2	5049907.0
liquid funk	pop	2	1364311.0
girl group	hip hop	2	1759361.5
girl group	pop rap	2	1759361.5
girl group	southern hip hop	2	1759361.5
girl group	trap	2	1759361.5
hip hop	talent show	2	1759361.5
pop	talent show	2	2882039.5
pop rap	talent show	2	1759361.5
southern hip hop	talent show	2	1759361.5
talent show	trap	2	1759361.5
southern hip hop	viral pop	2	1759361.5
trap	viral pop	2	1759361.5
alternative metal	hip hop	2	1480151.5
hip hop	nu metal	2	1480151.5
hip hop	post-grunge	2	1480151.5
hip hop	rap metal	2	1480151.5
alternative metal	pop rap	2	1480151.5
nu metal	pop rap	2	1480151.5
pop rap	post-grunge	2	1480151.5
pop rap	rap metal	2	1480151.5
alternative metal	rap	2	1480151.5
nu metal	rap	2	1480151.5
post-grunge	rap	2	1480151.5
rap	rap metal	2	1480151.5
hip pop	southern hip hop	2	24966530.0
queens hip hop	southern hip hop	2	24966530.0
dance pop	indie anthem-folk	2	2771038.5
edm	indie anthem-folk	2	2771038.5
indie anthem-folk	pop	2	2771038.5
indie anthem-folk	tropical house	2	2771038.5
deep tropical house	tropical house	2	4605031.5
edm	toronto rap	2	9241922.5
moombahton	urban contemporary	2	10114773.5
hip pop	toronto rap	2	9045174.5
hip pop	urban contemporary	2	33004731.5
queens hip hop	toronto rap	2	9045174.5
queens hip hop	urban contemporary	2	33004731.5
barbadian pop	dance pop	2	15662445.5
barbadian pop	southern hip hop	2	17249831.0
electropop	toronto rap	2	1403106.0
uk pop	urban contemporary	2	2275957.0
detroit hip hop	g funk	2	5079632.5
big room	r&b	2	627640.5
dance pop	downtempo	2	813925.0
downtempo	pop	2	813925.0
downtempo	post-teen pop	2	813925.0
dance pop	shiver pop	2	813925.0
pop	shiver pop	2	813925.0
post-teen pop	shiver pop	2	813925.0
big room	moombahton	2	5022861.5
electro house	moombahton	2	5022861.5
moombahton	progressive electro house	2	5022861.5
moombahton	r&b	2	1419444.0
moombahton	southern hip hop	2	1419444.0
afro dancehall	r&b	2	1419444.0
afropop	r&b	2	1419444.0
azonto	r&b	2	1419444.0
nigerian hip hop	r&b	2	1419444.0
nigerian pop	r&b	2	1419444.0
afro dancehall	southern hip hop	2	1419444.0
afropop	southern hip hop	2	1419444.0
azonto	southern hip hop	2	1419444.0
nigerian hip hop	southern hip hop	2	1419444.0
nigerian pop	southern hip hop	2	1419444.0
afro dancehall	trap	2	1419444.0
afropop	trap	2	1419444.0
azonto	trap	2	1419444.0
nigerian hip hop	trap	2	1419444.0
nigerian pop	trap	2	1419444.0
electro house	trap soul	2	458788.0
alternative r&b	canadian pop	2	9788136.0
moombahton	uk pop	2	1290106.0
southern hip hop	uk pop	2	1423613.5
afro dancehall	rap	2	8874103.5
afropop	rap	2	8874103.5
azonto	rap	2	8874103.5
nigerian hip hop	rap	2	8874103.5
nigerian pop	rap	2	8874103.5
pop	puerto rican pop	2	28982057.0
post-teen pop	puerto rican pop	2	28982057.0
dutch hip hop	dutch pop	2	3132906.0
australian pop	dance pop	2	13562345.5
australian dance	post-teen pop	2	13562345.5
australian pop	post-teen pop	2	13562345.5
deep tropical house	funk	2	2431709.5
edm	funk	2	2431709.5
canadian contemporary r&b	hip hop	2	9621081.5
pop rap	scandipop	2	328848.5
pop rap	swedish electropop	2	328848.5
pop rap	swedish pop	2	328848.5
german pop	schlager	2	456948.0
partyschlager	schlager	2	456948.0
tropical house	uk funky	2	30547179.0
pop rap	uk funky	2	22009925.5
swedish pop	uk dance	2	17324764.5
german alternative rap	german reggae	2	1079185.5
belgian dance	edm	2	9733204.0
belgian dance	electropop	2	9733204.0
belgian dance	tropical house	2	9733204.0
belgian edm	dance pop	2	9879473.0
belgian edm	indie poptimism	2	9879473.0
belgian edm	indietronica	2	9879473.0
german hip hop	schweizer rap	2	542884.0
beach music	brill building pop	2	485183.0
beach music	rock-and-roll	2	485183.0
beach music	rockabilly	2	485183.0
brill building pop	rock-and-roll	2	485183.0
brill building pop	rockabilly	2	485183.0
rock-and-roll	rockabilly	2	485183.0
antideutsche	deep german hip hop	2	1110904.0
bayerischer rap	deep german hip hop	2	1110904.0
canadian contemporary r&b	southern hip hop	2	232127.5
dance pop	danish hip hop	2	3853228.0
danish hip hop	pop	2	3853228.0
dance pop	scandipop	2	16316592.0
post-teen pop	scandipop	2	16316592.0
post-teen pop	swedish electropop	2	16316592.0
scandipop	tropical house	2	16316592.0
canadian pop	latin	2	53534201.0
canadian pop	tropical	2	53534201.0
edm	pop rock	2	25571915.5
pop rock	tropical house	2	25571915.5
edm	swedish electropop	2	20725617.0
conscious hip hop	r&b	2	4129531.5
modern rock	new orleans rap	2	6075508.0
new orleans rap	rock	2	6075508.0
conscious hip hop	modern rock	2	6075508.0
dmv rap	modern rock	2	6075508.0
dmv rap	rock	2	6075508.0
modern rock	r&b	2	6075508.0
modern rock	trap soul	2	6075508.0
r&b	rock	2	6075508.0
rock	trap soul	2	6075508.0
modern rock	pittsburgh rap	2	6075508.0
pittsburgh rap	rock	2	6075508.0
modern rock	rock	2	6075508.0
dmv rap	rap	2	6075508.0
trap	trap soul	2	6075508.0
dmv rap	southern hip hop	2	6075508.0
pittsburgh rap	pop	2	6075508.0
modern alternative rock	southern hip hop	2	6075508.0
southern hip hop	stomp pop	2	6075508.0
electro house	neo mellow	2	9172780.5
electro house	pop rock	2	9172780.5
deep tropical house	electropop	2	6488330.5
german alternative rap	indie pop	2	458213.0
german alternative rap	indie rock	2	458213.0
german alternative rap	indietronica	2	458213.0
german alternative rap	modern alternative rock	2	458213.0
german alternative rap	modern rock	2	458213.0
german alternative rap	rock	2	458213.0
german hip hop	indie pop	2	458213.0
german hip hop	indie rock	2	458213.0
german hip hop	indietronica	2	458213.0
german hip hop	modern alternative rock	2	458213.0
german hip hop	modern rock	2	458213.0
german hip hop	rock	2	458213.0
pop rock	west coast rap	1	7462303.0
canadian hip hop	hamburg hip hop	1	648986.0
hamburg hip hop	melodic rap	1	648986.0
hamburg hip hop	pop rap	1	648986.0
hamburg hip hop	rap	1	648986.0
hamburg hip hop	toronto rap	1	648986.0
hamburg hip hop	trap	1	648986.0
german hip hop	kosovan pop	1	292925.0
german hip hop	turbo folk	1	292925.0
electropop	la pop	1	703087.0
electropop	vapor soul	1	703087.0
la pop	pop	1	703087.0
la pop	tropical house	1	703087.0
tropical house	vapor soul	1	703087.0
german underground rap	latin hip hop	1	288524.0
german underground rap	reggaeton	1	288524.0
german dance	viral pop	1	527783.0
philly rap	southern hip hop	1	8543658.0
uk dance	viral pop	1	443241.0
canadian hip hop	dirty south rap	1	285410.0
dirty south rap	toronto rap	1	285410.0
canadian hip hop	miami hip hop	1	285410.0
miami hip hop	toronto rap	1	285410.0
indie pop rap	r&b	1	14428800.0
indie pop rap	urban contemporary	1	14428800.0
groove room	turkish modern jazz	1	3990943.0
groove room	turkish pop	1	3990943.0
groove room	turkish rock	1	3990943.0
turkish edm	turkish modern jazz	1	3990943.0
turkish edm	turkish pop	1	3990943.0
turkish edm	turkish rock	1	3990943.0
latin	r&b	1	4878772.0
r&b	reggaeton	1	4878772.0
dance pop	francoton	1	4878772.0
francoton	post-teen pop	1	4878772.0
francoton	r&b	1	4878772.0
electro house	pop nacional	1	11089452.0
pop nacional	pop nacional	1	11089452.0
christlicher rap	german cloud rap	1	463757.0
deep groove house	uk pop	1	3214204.0
electro house	electronic trap	1	205682.0
electronic trap	moombahton	1	205682.0
danish pop	electronic trap	1	205682.0
boy band	girl group	1	1268182.0
boy band	post-teen pop	1	1268182.0
boy band	talent show	1	1268182.0
boy band	uk pop	1	1268182.0
girl group	latin	1	1268182.0
latin	talent show	1	1268182.0
latin	uk pop	1	1268182.0
girl group	latin pop	1	1268182.0
latin pop	talent show	1	1268182.0
latin pop	uk pop	1	1268182.0
girl group	reggaeton	1	1268182.0
reggaeton	talent show	1	1268182.0
reggaeton	uk pop	1	1268182.0
girl group	tropical	1	1268182.0
talent show	tropical	1	1268182.0
tropical	uk pop	1	1268182.0
cubaton	dance pop	1	25842408.0
cubaton	latin pop	1	25842408.0
cubaton	mexican pop	1	25842408.0
cubaton	pop	1	25842408.0
cubaton	latin hip hop	1	25842408.0
cubaton	reggaeton	1	25842408.0
cubaton	reggaeton flow	1	25842408.0
dance pop	latin hip hop	1	25842408.0
dance pop	reggaeton flow	1	25842408.0
latin pop	reggaeton flow	1	25842408.0
latin hip hop	mexican pop	1	25842408.0
mexican pop	reggaeton	1	25842408.0
mexican pop	reggaeton flow	1	25842408.0
mexican pop	tropical	1	25842408.0
pop	reggaeton flow	1	25842408.0
reggaeton flow	tropical	1	25842408.0
albanian hip hop	german cloud rap	1	575001.0
albanian hip hop	german underground rap	1	575001.0
disco house	edm	1	8983416.0
dirty south rap	edm	1	260147.0
edm	miami hip hop	1	260147.0
dirty south rap	electro house	1	260147.0
electro house	miami hip hop	1	260147.0
dirty south rap	house	1	260147.0
house	miami hip hop	1	260147.0
dirty south rap	progressive house	1	260147.0
miami hip hop	progressive house	1	260147.0
dirty south rap	tropical house	1	260147.0
miami hip hop	tropical house	1	260147.0
dirty south rap	uk dance	1	260147.0
miami hip hop	uk dance	1	260147.0
chicago rap	edm	1	260147.0
chicago rap	electro house	1	260147.0
chicago rap	house	1	260147.0
chicago rap	progressive house	1	260147.0
chicago rap	tropical house	1	260147.0
chicago rap	uk dance	1	260147.0
miami hip hop	southern hip hop	1	260147.0
dance pop	social media pop	1	33599824.0
electro house	social media pop	1	33599824.0
electropop	social media pop	1	33599824.0
pop	social media pop	1	33599824.0
pop edm	social media pop	1	33599824.0
pop rap	social media pop	1	33599824.0
post-teen pop	social media pop	1	33599824.0
social media pop	tropical house	1	33599824.0
canadian pop	moombahton	1	7746661.0
canadian pop	danish pop	1	7746661.0
canadian pop	indie pop	1	7746661.0
canadian pop	indie poptimism	1	7746661.0
alternative r&b	brostep	1	29349325.0
alternative r&b	progressive electro house	1	29349325.0
electropop	melodic dubstep	1	679968.0
indie poptimism	melodic dubstep	1	679968.0
melodic dubstep	post-teen pop	1	679968.0
melodic dubstep	viral pop	1	679968.0
albanian hip hop	german pop	1	256283.0
trap	underground hip hop	1	1231467.0
conscious hip hop	irish rock	1	678510.0
conscious hip hop	permanent wave	1	678510.0
hip hop	irish rock	1	678510.0
hip hop	permanent wave	1	678510.0
irish rock	rap	1	678510.0
permanent wave	rap	1	678510.0
irish rock	west coast rap	1	678510.0
permanent wave	west coast rap	1	678510.0
rock	west coast rap	1	678510.0
dance pop	electropowerpop	1	911282.0
electropowerpop	pop	1	911282.0
electropowerpop	post-teen pop	1	911282.0
electropowerpop	viral pop	1	911282.0
australian dance	big room	1	6599325.0
big room	big room	1	6599325.0
australian dance	edm	1	6599325.0
australian dance	tropical house	1	6599325.0
big room	candy pop	1	1851799.0
big room	metropopolis	1	1851799.0
candy pop	deep big room	1	1851799.0
deep big room	electropop	1	1851799.0
deep big room	metropopolis	1	1851799.0
deep big room	post-teen pop	1	1851799.0
candy pop	dutch house	1	1851799.0
dutch house	metropopolis	1	1851799.0
candy pop	electro house	1	1851799.0
electro house	metropopolis	1	1851799.0
candy pop	progressive electro house	1	1851799.0
metropopolis	progressive electro house	1	1851799.0
candy pop	progressive house	1	1851799.0
metropopolis	progressive house	1	1851799.0
deep big room	rap	1	1851799.0
dutch house	hip hop	1	1851799.0
dutch house	rap	1	1851799.0
dutch house	southern hip hop	1	1851799.0
dutch house	trap	1	1851799.0
progressive electro house	rap	1	1851799.0
candy pop	hip hop	1	1851799.0
candy pop	pop rap	1	1851799.0
candy pop	rap	1	1851799.0
candy pop	southern hip hop	1	1851799.0
candy pop	trap	1	1851799.0
hip hop	metropopolis	1	1851799.0
metropopolis	southern hip hop	1	1851799.0
metropopolis	trap	1	1851799.0
dance pop	permanent wave	1	1023963.0
edm	permanent wave	1	1023963.0
electro house	permanent wave	1	1023963.0
norwegian pop	permanent wave	1	1023963.0
permanent wave	pop edm	1	1023963.0
dance pop	future house	1	10289230.0
edm	future house	1	10289230.0
electro house	future house	1	10289230.0
big room	german dance	1	10289230.0
deep big room	german dance	1	10289230.0
future house	german dance	1	10289230.0
german dance	house	1	10289230.0
future house	pop	1	10289230.0
future house	tropical house	1	10289230.0
melodic rap	philly rap	1	211745.0
complextro	edm	1	2275117.0
edm	german techno	1	2275117.0
complextro	tropical house	1	2275117.0
german techno	tropical house	1	2275117.0
chicago indie	new french touch	1	3508297.0
chicago indie	tropical house	1	3508297.0
new french touch	soul	1	3508297.0
soul	tropical house	1	3508297.0
canadian hip hop	toronto rap	1	212275.0
canadian pop	toronto rap	1	212275.0
toronto rap	toronto rap	1	212275.0
atl trap	edm	1	485330.0
atl trap	electro house	1	485330.0
atl trap	house	1	485330.0
gangster rap	house	1	485330.0
house	melodic rap	1	485330.0
atl trap	progressive house	1	485330.0
gangster rap	progressive house	1	485330.0
melodic rap	progressive house	1	485330.0
atl trap	tropical house	1	485330.0
atl trap	uk dance	1	485330.0
gangster rap	uk dance	1	485330.0
melodic rap	uk dance	1	485330.0
escape room	latin	1	188830.0
escape room	reggaeton	1	188830.0
latin	rap latina	1	188830.0
rap latina	reggaeton	1	188830.0
latin	trap queen	1	188830.0
reggaeton	trap queen	1	188830.0
escape room	pop rap	1	188830.0
dance pop	rap latina	1	188830.0
pop	rap latina	1	188830.0
pop rap	rap latina	1	188830.0
dance pop	trap queen	1	188830.0
pop	trap queen	1	188830.0
pop rap	trap queen	1	188830.0
latin	miami hip hop	1	2140179.0
miami hip hop	reggaeton	1	2140179.0
dance pop	modern rock	1	3013516.0
dance pop	rock	1	3013516.0
dance pop	stomp pop	1	3013516.0
electropop	modern alternative rock	1	3013516.0
electropop	modern rock	1	3013516.0
electropop	pop rock	1	3013516.0
electropop	rock	1	3013516.0
electropop	stomp pop	1	3013516.0
modern rock	post-teen pop	1	3013516.0
pop rock	post-teen pop	1	3013516.0
post-teen pop	rock	1	3013516.0
post-teen pop	stomp pop	1	3013516.0
disco house	norwegian pop	1	10186103.0
filter house	norwegian pop	1	10186103.0
norwegian pop	vocal house	1	10186103.0
canadian hip hop	chicago rap	1	264858.0
chicago rap	toronto rap	1	264858.0
swedish pop	viral pop	1	1592127.0
detroit hip hop	hip pop	1	769154.0
detroit hip hop	neo soul	1	769154.0
electropop	permanent wave	1	45197784.0
german alternative rap	industrial	1	389885.0
german hip hop	industrial	1	389885.0
german pop	industrial	1	389885.0
german rock	industrial	1	389885.0
german indie	industrial	1	389885.0
christlicher rap	german pop	1	250726.0
deep tropical house	hip pop	1	220506.0
electropop	hip pop	1	220506.0
hip pop	pop edm	1	220506.0
deep tropical house	neo soul	1	220506.0
electropop	neo soul	1	220506.0
neo soul	pop edm	1	220506.0
dance pop	new jack swing	1	220506.0
deep tropical house	new jack swing	1	220506.0
edm	new jack swing	1	220506.0
electro house	new jack swing	1	220506.0
electropop	new jack swing	1	220506.0
new jack swing	pop	1	220506.0
new jack swing	pop edm	1	220506.0
new jack swing	tropical house	1	220506.0
dance pop	quiet storm	1	220506.0
deep tropical house	quiet storm	1	220506.0
edm	quiet storm	1	220506.0
electro house	quiet storm	1	220506.0
electropop	quiet storm	1	220506.0
pop	quiet storm	1	220506.0
pop edm	quiet storm	1	220506.0
quiet storm	tropical house	1	220506.0
deep tropical house	r&b	1	220506.0
electropop	r&b	1	220506.0
deep tropical house	urban contemporary	1	220506.0
pop edm	urban contemporary	1	220506.0
hip pop	west coast rap	1	220506.0
neo soul	west coast rap	1	220506.0
g funk	new jack swing	1	220506.0
new jack swing	west coast rap	1	220506.0
g funk	quiet storm	1	220506.0
pop rap	quiet storm	1	220506.0
quiet storm	west coast rap	1	220506.0
east coast hip hop	hip pop	1	220506.0
hardcore hip hop	hip pop	1	220506.0
east coast hip hop	neo soul	1	220506.0
hardcore hip hop	neo soul	1	220506.0
east coast hip hop	new jack swing	1	220506.0
hardcore hip hop	new jack swing	1	220506.0
east coast hip hop	quiet storm	1	220506.0
hardcore hip hop	quiet storm	1	220506.0
east coast hip hop	r&b	1	220506.0
hardcore hip hop	r&b	1	220506.0
east coast hip hop	urban contemporary	1	220506.0
hardcore hip hop	urban contemporary	1	220506.0
deep tropical house	g funk	1	220506.0
deep tropical house	pop rap	1	220506.0
deep tropical house	west coast rap	1	220506.0
edm	g funk	1	220506.0
edm	west coast rap	1	220506.0
electro house	g funk	1	220506.0
electro house	west coast rap	1	220506.0
electropop	g funk	1	220506.0
electropop	west coast rap	1	220506.0
g funk	pop edm	1	220506.0
pop edm	west coast rap	1	220506.0
g funk	tropical house	1	220506.0
tropical house	west coast rap	1	220506.0
deep tropical house	east coast hip hop	1	220506.0
deep tropical house	hardcore hip hop	1	220506.0
east coast hip hop	edm	1	220506.0
edm	hardcore hip hop	1	220506.0
east coast hip hop	electro house	1	220506.0
electro house	hardcore hip hop	1	220506.0
east coast hip hop	electropop	1	220506.0
electropop	hardcore hip hop	1	220506.0
hardcore hip hop	pop	1	220506.0
east coast hip hop	pop edm	1	220506.0
hardcore hip hop	pop edm	1	220506.0
east coast hip hop	tropical house	1	220506.0
hardcore hip hop	tropical house	1	220506.0
east coast hip hop	g funk	1	220506.0
g funk	hardcore hip hop	1	220506.0
east coast hip hop	gangster rap	1	220506.0
gangster rap	hardcore hip hop	1	220506.0
hardcore hip hop	pop rap	1	220506.0
hardcore hip hop	rap	1	220506.0
east coast hip hop	west coast rap	1	220506.0
gangster rap	west coast rap	1	220506.0
hardcore hip hop	west coast rap	1	220506.0
detroit hip hop	modern alternative rock	1	668542.0
detroit hip hop	modern rock	1	668542.0
detroit hip hop	pop rock	1	668542.0
detroit hip hop	rock	1	668542.0
detroit hip hop	stomp pop	1	668542.0
g funk	modern alternative rock	1	668542.0
g funk	modern rock	1	668542.0
g funk	pop rock	1	668542.0
g funk	rock	1	668542.0
g funk	stomp pop	1	668542.0
german reggae	german reggae	1	8544535.0
german reggae	reggae fusion	1	8544535.0
deep german hip hop	reggae fusion	1	8544535.0
atl trap	melodic rap	1	1081731.0
atl trap	pittsburgh rap	1	1081731.0
big room	indie cafe pop	1	578532.0
dance pop	indie cafe pop	1	578532.0
deep tropical house	indie cafe pop	1	578532.0
electro house	indie cafe pop	1	578532.0
electropop	indie cafe pop	1	578532.0
house	indie cafe pop	1	578532.0
indie cafe pop	pop edm	1	578532.0
deep tropical house	swedish pop	1	578532.0
electropop	swedish pop	1	578532.0
house	swedish pop	1	578532.0
pop edm	swedish pop	1	578532.0
house	viral pop	1	578532.0
atl hip hop	moombahton	1	16792386.0
melodic rap	moombahton	1	16792386.0
dfw rap	hip hop	1	19241746.0
dfw rap	melodic rap	1	19241746.0
canadian pop	deep euro house	1	198026.0
canadian pop	german dance	1	198026.0
conscious hip hop	gqom	1	1540145.0
gqom	hip hop	1	1540145.0
gqom	rap	1	1540145.0
gqom	west coast rap	1	1540145.0
deep underground hip hop	neo mellow	1	15960184.0
indie pop rap	neo mellow	1	15960184.0
neo mellow	pop rap	1	15960184.0
neo mellow	rap	1	15960184.0
neo mellow	underground hip hop	1	15960184.0
deep underground hip hop	pop	1	15960184.0
deep underground hip hop	viral pop	1	15960184.0
indie pop rap	viral pop	1	15960184.0
underground hip hop	viral pop	1	15960184.0
chicano rap	neo mellow	1	15960184.0
chicano rap	pop	1	15960184.0
chicano rap	viral pop	1	15960184.0
chicano rap	deep underground hip hop	1	15960184.0
chicano rap	indie pop rap	1	15960184.0
chicano rap	rap	1	15960184.0
chicano rap	underground hip hop	1	15960184.0
bass trap	dance pop	1	1849067.0
bass trap	pop rap	1	1849067.0
bass trap	post-teen pop	1	1849067.0
bass trap	viral pop	1	1849067.0
brostep	pop rap	1	1849067.0
brostep	viral pop	1	1849067.0
dance pop	dubstep	1	1849067.0
dubstep	pop rap	1	1849067.0
dubstep	post-teen pop	1	1849067.0
dubstep	viral pop	1	1849067.0
electronic trap	viral pop	1	1849067.0
bass trap	edm	1	1849067.0
bass trap	electropop	1	1849067.0
bass trap	indie pop	1	1849067.0
bass trap	indietronica	1	1849067.0
bass trap	tropical house	1	1849067.0
bass trap	vapor soul	1	1849067.0
bass trap	vapor twitch	1	1849067.0
brostep	edm	1	1849067.0
brostep	electropop	1	1849067.0
brostep	indie pop	1	1849067.0
brostep	indietronica	1	1849067.0
brostep	tropical house	1	1849067.0
brostep	vapor soul	1	1849067.0
brostep	vapor twitch	1	1849067.0
dubstep	edm	1	1849067.0
dubstep	electropop	1	1849067.0
dubstep	indie pop	1	1849067.0
dubstep	indietronica	1	1849067.0
dubstep	tropical house	1	1849067.0
dubstep	vapor soul	1	1849067.0
dubstep	vapor twitch	1	1849067.0
edm	vapor soul	1	1849067.0
electro house	vapor soul	1	1849067.0
electronic trap	indietronica	1	1849067.0
electronic trap	vapor soul	1	1849067.0
electronic trap	vapor twitch	1	1849067.0
dance pop	vapor soul	1	1849067.0
indie poptimism	indietronica	1	1849067.0
indie poptimism	vapor soul	1	1849067.0
indie poptimism	vapor twitch	1	1849067.0
pop	vapor twitch	1	1849067.0
indietronica	pop rap	1	1849067.0
pop rap	vapor twitch	1	1849067.0
indietronica	post-teen pop	1	1849067.0
post-teen pop	vapor soul	1	1849067.0
post-teen pop	vapor twitch	1	1849067.0
indie pop	viral pop	1	1849067.0
indietronica	viral pop	1	1849067.0
vapor soul	viral pop	1	1849067.0
vapor twitch	viral pop	1	1849067.0
german cloud rap	german trap	1	318701.0
dutch pop	uk pop	1	2642837.0
big room	dutch pop	1	2642837.0
dutch pop	progressive house	1	2642837.0
belgian edm	drum and bass	1	220341.0
belgian edm	liquid funk	1	220341.0
drum and bass	edm	1	220341.0
edm	liquid funk	1	220341.0
drum and bass	pop	1	220341.0
drum and bass	tropical house	1	220341.0
liquid funk	tropical house	1	220341.0
baile pop	latin	1	267896.0
baile pop	reggaeton	1	267896.0
funk carioca	latin	1	267896.0
funk carioca	reggaeton	1	267896.0
funk das antigas	latin	1	267896.0
funk das antigas	reggaeton	1	267896.0
latin	pagode baiano	1	267896.0
pagode baiano	reggaeton	1	267896.0
australian pop	electro house	1	2017571.0
french reggae	german hip hop	1	362738.0
french reggae	german pop	1	362738.0
girl group	pop	1	3255798.0
girl group	r&b	1	3255798.0
girl group	trap soul	1	3255798.0
r&b	talent show	1	3255798.0
talent show	trap soul	1	3255798.0
r&b	viral pop	1	3255798.0
trap soul	viral pop	1	3255798.0
atl hip hop	girl group	1	262925.0
dirty south rap	girl group	1	262925.0
girl group	rap	1	262925.0
atl hip hop	talent show	1	262925.0
dirty south rap	talent show	1	262925.0
rap	talent show	1	262925.0
atl hip hop	viral pop	1	262925.0
dirty south rap	viral pop	1	262925.0
alternative metal	east coast hip hop	1	1800653.0
east coast hip hop	nu metal	1	1800653.0
east coast hip hop	post-grunge	1	1800653.0
east coast hip hop	rap metal	1	1800653.0
electropop	francoton	1	253804.0
francoton	tropical house	1	253804.0
electropop	french pop	1	253804.0
french pop	pop	1	253804.0
french pop	tropical house	1	253804.0
atl hip hop	hip pop	1	1773044.0
atl hip hop	queens hip hop	1	1773044.0
electro house	indie anthem-folk	1	4388875.0
german dance	indie anthem-folk	1	4388875.0
danish pop	electropop	1	6237194.0
danish pop	indie poptimism	1	6237194.0
electropop	indie pop	1	6237194.0
deep tropical house	house	1	201443.0
house	pop edm	1	201443.0
dance pop	pop house	1	201443.0
deep tropical house	pop house	1	201443.0
edm	pop house	1	201443.0
electro house	pop house	1	201443.0
electropop	pop house	1	201443.0
pop	pop house	1	201443.0
pop edm	pop house	1	201443.0
pop house	tropical house	1	201443.0
deep tropical house	uk dance	1	201443.0
pop edm	uk dance	1	201443.0
deep tropical house	uk pop	1	201443.0
electropop	uk pop	1	201443.0
pop edm	uk pop	1	201443.0
edm	queens hip hop	1	17849447.0
electro house	queens hip hop	1	17849447.0
hip pop	moombahton	1	17849447.0
moombahton	queens hip hop	1	17849447.0
queens hip hop	tropical house	1	17849447.0
electro house	toronto rap	1	17849447.0
moombahton	toronto rap	1	17849447.0
toronto rap	tropical house	1	17849447.0
british soul	new jersey rap	1	7152112.0
new jack swing	new jersey rap	1	7152112.0
british soul	pop rap	1	7152112.0
british soul	rap	1	7152112.0
british soul	southern hip hop	1	7152112.0
new jack swing	southern hip hop	1	7152112.0
british soul	trap	1	7152112.0
new jack swing	trap	1	7152112.0
deep euro house	german dance	1	828494.0
german dance	german dance	1	828494.0
hip pop	viral pop	1	998261.0
queens hip hop	viral pop	1	998261.0
barbadian pop	dirty south rap	1	30397023.0
barbadian pop	miami hip hop	1	30397023.0
barbadian pop	urban contemporary	1	30397023.0
irish pop	neo mellow	1	194094.0
irish pop	pop	1	194094.0
irish pop	pop rock	1	194094.0
irish pop	uk pop	1	194094.0
irish pop	viral pop	1	194094.0
big room	deep big room	1	1278881.0
canadian electronic	deep big room	1	1278881.0
deep big room	deep big room	1	1278881.0
canadian electronic	pop edm	1	1278881.0
deep big room	pop edm	1	1278881.0
big room	vapor twitch	1	1278881.0
canadian electronic	vapor twitch	1	1278881.0
deep big room	vapor twitch	1	1278881.0
tropical house	vapor twitch	1	1278881.0
dance pop	german pop	1	3130581.0
edm	german pop	1	3130581.0
german pop	nordic house	1	3130581.0
german pop	norwegian pop	1	3130581.0
german pop	tropical house	1	3130581.0
adult standards	deep adult standards	1	521387.0
adult standards	vocal harmony group	1	521387.0
brill building pop	deep adult standards	1	521387.0
brill building pop	vocal harmony group	1	521387.0
deep adult standards	easy listening	1	521387.0
easy listening	vocal harmony group	1	521387.0
deep adult standards	lounge	1	521387.0
lounge	vocal harmony group	1	521387.0
big room	indie anthem-folk	1	1153202.0
toronto rap	uk pop	1	2171814.0
aussietronica	melbourne bounce	1	34849756.0
melbourne bounce	tropical house	1	34849756.0
detroit hip hop	gangster rap	1	9666731.0
detroit hip hop	west coast rap	1	9666731.0
g funk	g funk	1	9666731.0
g funk	west coast rap	1	9666731.0
norwegian pop	r&b	1	796493.0
brostep	r&b	1	796493.0
dutch edm	r&b	1	796493.0
r&b	trance	1	796493.0
brostep	norwegian pop	1	796493.0
dutch edm	norwegian pop	1	796493.0
norwegian pop	trance	1	796493.0
deep euro house	indie poptimism	1	3607559.0
deep house	indie poptimism	1	3607559.0
german dance	indie poptimism	1	3607559.0
deep euro house	indietronica	1	3607559.0
deep house	indietronica	1	3607559.0
german dance	indietronica	1	3607559.0
canadian hip hop	downtempo	1	634398.0
downtempo	melodic rap	1	634398.0
downtempo	pop rap	1	634398.0
downtempo	rap	1	634398.0
downtempo	toronto rap	1	634398.0
downtempo	trap	1	634398.0
canadian hip hop	edm	1	634398.0
canadian hip hop	electronic trap	1	634398.0
electronic trap	melodic rap	1	634398.0
electronic trap	rap	1	634398.0
electronic trap	toronto rap	1	634398.0
electronic trap	trap	1	634398.0
canadian hip hop	electropop	1	634398.0
canadian hip hop	shiver pop	1	634398.0
melodic rap	shiver pop	1	634398.0
pop rap	shiver pop	1	634398.0
rap	shiver pop	1	634398.0
shiver pop	toronto rap	1	634398.0
shiver pop	trap	1	634398.0
dance pop	german reggae	1	5151977.0
dancehall	german reggae	1	5151977.0
german reggae	pop	1	5151977.0
german reggae	pop rap	1	5151977.0
dance pop	reggae fusion	1	5151977.0
dancehall	reggae fusion	1	5151977.0
pop	reggae fusion	1	5151977.0
pop rap	reggae fusion	1	5151977.0
basshall	big room	1	458788.0
basshall	deep big room	1	458788.0
basshall	house	1	458788.0
basshall	pop edm	1	458788.0
basshall	progressive electro house	1	458788.0
basshall	progressive house	1	458788.0
big room	dancehall	1	458788.0
dancehall	deep big room	1	458788.0
dancehall	pop edm	1	458788.0
dancehall	progressive electro house	1	458788.0
dancehall	progressive house	1	458788.0
basshall	hip hop	1	458788.0
basshall	r&b	1	458788.0
basshall	southern hip hop	1	458788.0
basshall	trap	1	458788.0
basshall	trap soul	1	458788.0
dancehall	hip hop	1	458788.0
dancehall	r&b	1	458788.0
dancehall	southern hip hop	1	458788.0
dancehall	trap	1	458788.0
dancehall	trap soul	1	458788.0
afro dancehall	basshall	1	458788.0
afropop	basshall	1	458788.0
azonto	basshall	1	458788.0
basshall	nigerian hip hop	1	458788.0
basshall	nigerian pop	1	458788.0
afro dancehall	dancehall	1	458788.0
afropop	dancehall	1	458788.0
azonto	dancehall	1	458788.0
dancehall	nigerian hip hop	1	458788.0
dancehall	nigerian pop	1	458788.0
deep big room	moombahton	1	458788.0
house	moombahton	1	458788.0
moombahton	pop edm	1	458788.0
electro house	progressive electro house	1	458788.0
electro house	progressive house	1	458788.0
moombahton	progressive house	1	458788.0
big room	trap soul	1	458788.0
deep big room	r&b	1	458788.0
deep big room	trap soul	1	458788.0
house	trap soul	1	458788.0
pop edm	southern hip hop	1	458788.0
pop edm	trap	1	458788.0
pop edm	trap soul	1	458788.0
progressive electro house	r&b	1	458788.0
progressive electro house	trap soul	1	458788.0
progressive house	trap soul	1	458788.0
afro dancehall	big room	1	458788.0
afropop	big room	1	458788.0
azonto	big room	1	458788.0
big room	nigerian hip hop	1	458788.0
big room	nigerian pop	1	458788.0
afro dancehall	deep big room	1	458788.0
afropop	deep big room	1	458788.0
azonto	deep big room	1	458788.0
deep big room	nigerian hip hop	1	458788.0
deep big room	nigerian pop	1	458788.0
afro dancehall	house	1	458788.0
afropop	house	1	458788.0
azonto	house	1	458788.0
house	nigerian hip hop	1	458788.0
house	nigerian pop	1	458788.0
afro dancehall	pop edm	1	458788.0
afropop	pop edm	1	458788.0
azonto	pop edm	1	458788.0
nigerian hip hop	pop edm	1	458788.0
nigerian pop	pop edm	1	458788.0
afro dancehall	progressive electro house	1	458788.0
afropop	progressive electro house	1	458788.0
azonto	progressive electro house	1	458788.0
nigerian hip hop	progressive electro house	1	458788.0
nigerian pop	progressive electro house	1	458788.0
afro dancehall	progressive house	1	458788.0
afropop	progressive house	1	458788.0
azonto	progressive house	1	458788.0
nigerian hip hop	progressive house	1	458788.0
nigerian pop	progressive house	1	458788.0
moombahton	trap soul	1	458788.0
afro dancehall	trap soul	1	458788.0
afropop	trap soul	1	458788.0
azonto	trap soul	1	458788.0
nigerian hip hop	trap soul	1	458788.0
nigerian pop	trap soul	1	458788.0
europop	russian dance	1	1357826.0
europop	russian pop	1	1357826.0
russian dance	swedish pop	1	1357826.0
russian pop	swedish pop	1	1357826.0
alternative r&b	canadian hip hop	1	596669.0
canadian hip hop	indie r&b	1	596669.0
canadian hip hop	indie soul	1	596669.0
canadian pop	indie r&b	1	596669.0
canadian pop	indie soul	1	596669.0
hip hop	indie r&b	1	596669.0
hip hop	indie soul	1	596669.0
indie r&b	pop rap	1	596669.0
indie soul	pop rap	1	596669.0
indie r&b	rap	1	596669.0
indie soul	rap	1	596669.0
alternative r&b	toronto rap	1	596669.0
indie r&b	toronto rap	1	596669.0
indie soul	toronto rap	1	596669.0
afro dancehall	uk pop	1	2380100.0
afropop	uk pop	1	2380100.0
azonto	uk pop	1	2380100.0
nigerian hip hop	uk pop	1	2380100.0
nigerian pop	uk pop	1	2380100.0
afro dancehall	urban contemporary	1	2380100.0
afropop	urban contemporary	1	2380100.0
azonto	urban contemporary	1	2380100.0
nigerian hip hop	urban contemporary	1	2380100.0
nigerian pop	urban contemporary	1	2380100.0
dance pop	puerto rican pop	1	4429913.0
afro house	canadian hip hop	1	1545243.0
afro house	canadian pop	1	1545243.0
afro house	hip hop	1	1545243.0
afro house	pop rap	1	1545243.0
afro house	rap	1	1545243.0
afro house	toronto rap	1	1545243.0
canadian hip hop	deep house	1	1545243.0
deep house	hip hop	1	1545243.0
deep house	rap	1	1545243.0
deep house	toronto rap	1	1545243.0
canadian hip hop	kwaito house	1	1545243.0
canadian pop	kwaito house	1	1545243.0
hip hop	kwaito house	1	1545243.0
kwaito house	pop rap	1	1545243.0
kwaito house	rap	1	1545243.0
kwaito house	toronto rap	1	1545243.0
afro house	pop	1	1545243.0
afro house	uk contemporary r&b	1	1545243.0
deep house	uk contemporary r&b	1	1545243.0
kwaito house	pop	1	1545243.0
kwaito house	uk contemporary r&b	1	1545243.0
canadian hip hop	uk contemporary r&b	1	1545243.0
canadian pop	uk contemporary r&b	1	1545243.0
hip hop	uk contemporary r&b	1	1545243.0
pop rap	uk contemporary r&b	1	1545243.0
rap	uk contemporary r&b	1	1545243.0
toronto rap	uk contemporary r&b	1	1545243.0
deep house	indie electropop	1	188090.0
deep tropical house	indie electropop	1	188090.0
indie electropop	indie poptimism	1	188090.0
dance pop	teen pop	1	28042566.0
edm	teen pop	1	28042566.0
electro house	teen pop	1	28042566.0
german dance	teen pop	1	28042566.0
pop	teen pop	1	28042566.0
teen pop	tropical house	1	28042566.0
teen pop	uk dance	1	28042566.0
german dance	uk dance	1	28042566.0
detroit hip hop	nyc rap	1	565470.0
g funk	nyc rap	1	565470.0
hip hop	nyc rap	1	565470.0
nyc rap	rap	1	565470.0
deep german hip hop	german alternative rap	1	524382.0
dutch hip hop	dutch hip hop	1	3132906.0
dutch hip hop	dutch urban	1	3132906.0
dutch pop	dutch pop	1	3132906.0
dutch pop	dutch urban	1	3132906.0
atl hip hop	pop rock	1	10646481.0
norwegian pop	post-teen pop	1	1454999.0
australian dance	norwegian pop	1	1454999.0
australian pop	norwegian pop	1	1454999.0
australian hip hop	big room	1	870237.0
big room	escape room	1	870237.0
australian hip hop	dance pop	1	870237.0
australian hip hop	disco house	1	870237.0
disco house	escape room	1	870237.0
australian hip hop	edm	1	870237.0
edm	escape room	1	870237.0
australian hip hop	electro house	1	870237.0
electro house	escape room	1	870237.0
australian hip hop	filter house	1	870237.0
escape room	filter house	1	870237.0
australian hip hop	house	1	870237.0
escape room	house	1	870237.0
australian hip hop	pop	1	870237.0
australian hip hop	tropical house	1	870237.0
escape room	tropical house	1	870237.0
australian hip hop	vocal house	1	870237.0
escape room	vocal house	1	870237.0
trap soul	urban contemporary	1	48160016.0
hip pop	r&b	1	48160016.0
hip pop	trap soul	1	48160016.0
queens hip hop	r&b	1	48160016.0
queens hip hop	trap soul	1	48160016.0
canadian hip hop	new orleans rap	1	240902.0
new orleans rap	toronto rap	1	240902.0
canadian hip hop	hip pop	1	240902.0
canadian hip hop	queens hip hop	1	240902.0
canadian pop	hip pop	1	240902.0
canadian pop	queens hip hop	1	240902.0
hip pop	new orleans rap	1	240902.0
new orleans rap	queens hip hop	1	240902.0
australian pop	big room	1	20172257.0
australian pop	edm	1	20172257.0
australian pop	progressive house	1	20172257.0
progressive house	viral pop	1	20172257.0
australian pop	tropical house	1	20172257.0
complextro	pop edm	1	7991517.0
german techno	pop edm	1	7991517.0
album rock	experimental rock	1	4537738.0
art rock	experimental rock	1	4537738.0
classic rock	experimental rock	1	4537738.0
experimental rock	folk rock	1	4537738.0
experimental rock	mellow gold	1	4537738.0
experimental rock	psychedelic rock	1	4537738.0
experimental rock	rock	1	4537738.0
album rock	experimental	1	4537738.0
album rock	experimental pop	1	4537738.0
art rock	experimental	1	4537738.0
art rock	experimental pop	1	4537738.0
classic rock	experimental	1	4537738.0
classic rock	experimental pop	1	4537738.0
experimental	folk rock	1	4537738.0
experimental pop	folk rock	1	4537738.0
experimental	mellow gold	1	4537738.0
experimental pop	mellow gold	1	4537738.0
experimental	psychedelic rock	1	4537738.0
experimental pop	psychedelic rock	1	4537738.0
experimental	rock	1	4537738.0
experimental pop	rock	1	4537738.0
experimental	experimental rock	1	4537738.0
experimental pop	experimental rock	1	4537738.0
indie electropop	nyc pop	1	2861983.0
indie pop	nyc pop	1	2861983.0
indie poptimism	nyc pop	1	2861983.0
indietronica	nyc pop	1	2861983.0
la pop	nyc pop	1	2861983.0
alternative metal	gangster rap	1	1159650.0
alternative metal	southern hip hop	1	1159650.0
alternative metal	trap	1	1159650.0
alternative metal	underground hip hop	1	1159650.0
gangster rap	nu metal	1	1159650.0
nu metal	southern hip hop	1	1159650.0
nu metal	trap	1	1159650.0
nu metal	underground hip hop	1	1159650.0
gangster rap	post-grunge	1	1159650.0
post-grunge	southern hip hop	1	1159650.0
post-grunge	trap	1	1159650.0
post-grunge	underground hip hop	1	1159650.0
gangster rap	rap metal	1	1159650.0
rap metal	southern hip hop	1	1159650.0
rap metal	trap	1	1159650.0
rap metal	underground hip hop	1	1159650.0
alternative metal	grime	1	1159650.0
alternative metal	uk hip hop	1	1159650.0
grime	nu metal	1	1159650.0
nu metal	uk hip hop	1	1159650.0
grime	post-grunge	1	1159650.0
post-grunge	uk hip hop	1	1159650.0
grime	rap metal	1	1159650.0
rap metal	uk hip hop	1	1159650.0
gangster rap	grime	1	1159650.0
gangster rap	uk hip hop	1	1159650.0
grime	southern hip hop	1	1159650.0
southern hip hop	uk hip hop	1	1159650.0
grime	trap	1	1159650.0
trap	uk hip hop	1	1159650.0
grime	underground hip hop	1	1159650.0
uk hip hop	underground hip hop	1	1159650.0
german hip hop	rap kreyol	1	1104523.0
german pop	rap kreyol	1	1104523.0
alternative r&b	canadian contemporary r&b	1	18979603.0
canadian contemporary r&b	conscious hip hop	1	18979603.0
canadian contemporary r&b	dmv rap	1	18979603.0
canadian pop	dmv rap	1	18979603.0
dance pop	dmv rap	1	18979603.0
conscious hip hop	electropop	1	18979603.0
dmv rap	electropop	1	18979603.0
dmv rap	post-teen pop	1	18979603.0
alternative r&b	conscious hip hop	1	18979603.0
alternative r&b	dmv rap	1	18979603.0
liquid funk	post-teen pop	1	2508281.0
dance pop	talent show	1	2508281.0
edm	talent show	1	2508281.0
liquid funk	talent show	1	2508281.0
talent show	tropical house	1	2508281.0
talent show	uk dance	1	2508281.0
talent show	uk funky	1	2508281.0
talent show	uk pop	1	2508281.0
liquid funk	uk pop	1	2508281.0
uk pop	uk pop	1	2508281.0
hip hop	scandipop	1	467127.0
hip hop	swedish electropop	1	467127.0
hip hop	swedish pop	1	467127.0
r&b	scandipop	1	467127.0
r&b	swedish electropop	1	467127.0
r&b	swedish pop	1	467127.0
scandipop	southern hip hop	1	467127.0
southern hip hop	swedish electropop	1	467127.0
southern hip hop	swedish pop	1	467127.0
scandipop	trap	1	467127.0
swedish electropop	trap	1	467127.0
swedish pop	trap	1	467127.0
scandipop	trap soul	1	467127.0
swedish electropop	trap soul	1	467127.0
swedish pop	trap soul	1	467127.0
trap soul	uk pop	1	467127.0
norwegian pop	pop rap	1	4789045.0
art pop	canadian contemporary r&b	1	644600.0
art pop	canadian pop	1	644600.0
german dance	partyschlager	1	456948.0
partyschlager	partyschlager	1	456948.0
german dance	schlager	1	456948.0
schlager	schlager	1	456948.0
electropop	uk funky	1	3943904.0
dancehall	uk funky	1	28651744.0
australian dance	conscious hip hop	1	2132505.0
australian pop	conscious hip hop	1	2132505.0
australian dance	hip hop	1	2132505.0
australian pop	hip hop	1	2132505.0
australian dance	rap	1	2132505.0
australian pop	rap	1	2132505.0
australian dance	west coast rap	1	2132505.0
australian pop	west coast rap	1	2132505.0
canadian contemporary r&b	complextro	1	29846015.0
canadian contemporary r&b	dance pop	1	29846015.0
canadian contemporary r&b	edm	1	29846015.0
canadian contemporary r&b	electro house	1	29846015.0
canadian contemporary r&b	german techno	1	29846015.0
canadian contemporary r&b	post-teen pop	1	29846015.0
canadian contemporary r&b	tropical house	1	29846015.0
canadian pop	complextro	1	29846015.0
canadian pop	german techno	1	29846015.0
complextro	electropop	1	29846015.0
electropop	german techno	1	29846015.0
detroit hip hop	uk pop	1	5416908.0
g funk	uk pop	1	5416908.0
contemporary country	europop	1	2053923.0
contemporary country	hip pop	1	2053923.0
contemporary country	pop rock	1	2053923.0
contemporary country	urban contemporary	1	2053923.0
country	europop	1	2053923.0
country	hip pop	1	2053923.0
country	pop rock	1	2053923.0
country	urban contemporary	1	2053923.0
country road	europop	1	2053923.0
country road	hip pop	1	2053923.0
country road	pop rock	1	2053923.0
country road	urban contemporary	1	2053923.0
dance pop	oklahoma country	1	2053923.0
europop	oklahoma country	1	2053923.0
hip pop	oklahoma country	1	2053923.0
oklahoma country	pop	1	2053923.0
oklahoma country	pop rock	1	2053923.0
oklahoma country	post-teen pop	1	2053923.0
oklahoma country	urban contemporary	1	2053923.0
electropop	etherpop	1	19368453.0
etherpop	pop	1	19368453.0
etherpop	tropical house	1	19368453.0
belgian dance	bmore	1	9586935.0
belgian dance	moombahton	1	9586935.0
belgian dance	ninja	1	9586935.0
belgian edm	bmore	1	9586935.0
belgian edm	moombahton	1	9586935.0
belgian edm	ninja	1	9586935.0
big room	bmore	1	9586935.0
big room	ninja	1	9586935.0
bmore	edm	1	9586935.0
edm	ninja	1	9586935.0
bmore	electro house	1	9586935.0
electro house	ninja	1	9586935.0
bmore	progressive electro house	1	9586935.0
ninja	progressive electro house	1	9586935.0
bmore	tropical house	1	9586935.0
ninja	tropical house	1	9586935.0
post-romantic era	soundtrack	1	516591.0
soundtrack	ukrainian classical	1	516591.0
adult standards	hollywood	1	411405.0
australian dance	hollywood	1	411405.0
bubblegum pop	hollywood	1	411405.0
disco	hollywood	1	411405.0
hollywood	mellow gold	1	411405.0
hollywood	new wave pop	1	411405.0
hollywood	soft rock	1	411405.0
contemporary country	electropop	1	3651318.0
country	electropop	1	3651318.0
country pop	electropop	1	3651318.0
country road	electropop	1	3651318.0
electropop	modern country rock	1	3651318.0
deep euro house	dutch pop	1	22017438.0
dutch pop	german dance	1	22017438.0
barbadian pop	edm	1	927868.0
barbadian pop	electro house	1	927868.0
barbadian pop	house	1	927868.0
barbadian pop	progressive house	1	927868.0
barbadian pop	tropical house	1	927868.0
barbadian pop	uk dance	1	927868.0
emo rap	melodic rap	1	484740.0
emo rap	rap	1	484740.0
emo rap	trap	1	484740.0
belgian dance	dance pop	1	9879473.0
belgian dance	belgian edm	1	9879473.0
belgian edm	big room	1	9879473.0
belgian edm	electro house	1	9879473.0
belgian edm	progressive electro house	1	9879473.0
belgian dance	indie poptimism	1	9879473.0
belgian dance	indietronica	1	9879473.0
indie poptimism	progressive electro house	1	9879473.0
indietronica	progressive electro house	1	9879473.0
hamburg hip hop	schweizer rap	1	542884.0
beach music	doo-wop	1	485183.0
beach music	rhythm and blues	1	485183.0
adult standards	beach music	1	485183.0
beach music	bubblegum pop	1	485183.0
beach music	folk rock	1	485183.0
beach music	lounge	1	485183.0
beach music	motown	1	485183.0
beach music	soul	1	485183.0
adult standards	brill building pop	1	485183.0
brill building pop	brill building pop	1	485183.0
brill building pop	bubblegum pop	1	485183.0
brill building pop	folk rock	1	485183.0
brill building pop	lounge	1	485183.0
brill building pop	motown	1	485183.0
brill building pop	soul	1	485183.0
adult standards	doo-wop	1	485183.0
brill building pop	doo-wop	1	485183.0
bubblegum pop	doo-wop	1	485183.0
doo-wop	folk rock	1	485183.0
doo-wop	lounge	1	485183.0
doo-wop	motown	1	485183.0
doo-wop	rock-and-roll	1	485183.0
doo-wop	rockabilly	1	485183.0
doo-wop	soul	1	485183.0
adult standards	rhythm and blues	1	485183.0
brill building pop	rhythm and blues	1	485183.0
bubblegum pop	rhythm and blues	1	485183.0
folk rock	rhythm and blues	1	485183.0
lounge	rhythm and blues	1	485183.0
motown	rhythm and blues	1	485183.0
rhythm and blues	rock-and-roll	1	485183.0
rhythm and blues	rockabilly	1	485183.0
rhythm and blues	soul	1	485183.0
adult standards	rock-and-roll	1	485183.0
bubblegum pop	rock-and-roll	1	485183.0
folk rock	rock-and-roll	1	485183.0
lounge	rock-and-roll	1	485183.0
motown	rock-and-roll	1	485183.0
rock-and-roll	rock-and-roll	1	485183.0
rock-and-roll	soul	1	485183.0
adult standards	rockabilly	1	485183.0
bubblegum pop	rockabilly	1	485183.0
folk rock	rockabilly	1	485183.0
lounge	rockabilly	1	485183.0
motown	rockabilly	1	485183.0
rockabilly	rockabilly	1	485183.0
rockabilly	soul	1	485183.0
brostep	deep pop r&b	1	3651718.0
complextro	deep pop r&b	1	3651718.0
deep pop r&b	electro	1	3651718.0
deep pop r&b	electro house	1	3651718.0
alternative metal	electropop	1	13120587.0
electropop	nu metal	1	13120587.0
electropop	post-grunge	1	13120587.0
electropop	rap metal	1	13120587.0
alternative metal	indie poptimism	1	13120587.0
indie poptimism	nu metal	1	13120587.0
indie poptimism	post-grunge	1	13120587.0
indie poptimism	rap metal	1	13120587.0
alternative metal	indietronica	1	13120587.0
indietronica	nu metal	1	13120587.0
indietronica	post-grunge	1	13120587.0
indietronica	rap metal	1	13120587.0
alternative metal	pop	1	13120587.0
nu metal	pop	1	13120587.0
pop	post-grunge	1	13120587.0
pop	rap metal	1	13120587.0
dance pop	indie r&b	1	628950.0
edm	indie r&b	1	628950.0
electro house	indie r&b	1	628950.0
indie r&b	norwegian pop	1	628950.0
indie r&b	pop	1	628950.0
indie r&b	pop edm	1	628950.0
indie r&b	tropical house	1	628950.0
electro house	uk contemporary r&b	1	628950.0
norwegian pop	uk contemporary r&b	1	628950.0
pop edm	uk contemporary r&b	1	628950.0
atl hip hop	canadian contemporary r&b	1	201695.0
edm	la pop	1	3395164.0
la pop	progressive electro house	1	3395164.0
la pop	swedish pop	1	3395164.0
danish hip hop	post-teen pop	1	3853228.0
danish electronic	edm	1	3853228.0
danish hip hop	edm	1	3853228.0
danish hip hop	tropical house	1	3853228.0
dance pop	grime	1	190570.0
edm	grime	1	190570.0
grime	pop	1	190570.0
grime	post-teen pop	1	190570.0
grime	scandipop	1	190570.0
grime	swedish electropop	1	190570.0
grime	swedish pop	1	190570.0
grime	tropical house	1	190570.0
grime	uk pop	1	190570.0
adult standards	canadian country	1	2585133.0
adult standards	canadian pop	1	2585133.0
adult standards	country	1	2585133.0
adult standards	country dawn	1	2585133.0
adult standards	dance pop	1	2585133.0
canadian country	canadian pop	1	2585133.0
canadian pop	canadian pop	1	2585133.0
canadian pop	country	1	2585133.0
canadian pop	country dawn	1	2585133.0
canadian country	lounge	1	2585133.0
canadian pop	lounge	1	2585133.0
country	lounge	1	2585133.0
country dawn	lounge	1	2585133.0
dance pop	lounge	1	2585133.0
canadian pop	latin hip hop	1	53534201.0
latin hip hop	post-teen pop	1	53534201.0
canadian pop	reggaeton	1	53534201.0
canadian pop	latin pop	1	53534201.0
canadian pop	puerto rican pop	1	53534201.0
basshall	uk pop	1	200112.0
dutch house	electro house	1	5390770.0
dutch pop	electro house	1	5390770.0
dutch pop	electropop	1	5390770.0
dutch house	pop edm	1	5390770.0
dutch pop	pop edm	1	5390770.0
dutch pop	pop rap	1	5390770.0
dutch pop	post-teen pop	1	5390770.0
detroit hip hop	piano rock	1	597045.0
detroit hip hop	viral pop	1	597045.0
g funk	piano rock	1	597045.0
g funk	viral pop	1	597045.0
hip hop	piano rock	1	597045.0
piano rock	rap	1	597045.0
australian dance	electropop	1	25669692.0
australian dance	uk pop	1	25669692.0
australian pop	electropop	1	25669692.0
australian pop	uk pop	1	25669692.0
bboy	deep tropical house	1	4664827.0
bboy	edm	1	4664827.0
bboy	new french touch	1	4664827.0
bboy	tropical house	1	4664827.0
deep tropical house	instrumental funk	1	4664827.0
edm	instrumental funk	1	4664827.0
instrumental funk	new french touch	1	4664827.0
instrumental funk	tropical house	1	4664827.0
deep tropical house	modern funk	1	4664827.0
edm	modern funk	1	4664827.0
modern funk	new french touch	1	4664827.0
modern funk	tropical house	1	4664827.0
deep euro house	neo mellow	1	42853027.0
deep house	neo mellow	1	42853027.0
german dance	neo mellow	1	42853027.0
deep euro house	pop rock	1	42853027.0
deep house	pop rock	1	42853027.0
german dance	pop rock	1	42853027.0
indie pop	melodic rap	1	254873.0
indie poptimism	melodic rap	1	254873.0
indietronica	melodic rap	1	254873.0
melodic rap	modern rock	1	254873.0
electropop	philly rap	1	254873.0
indie pop	philly rap	1	254873.0
indie poptimism	philly rap	1	254873.0
indietronica	philly rap	1	254873.0
modern rock	philly rap	1	254873.0
philly rap	pop	1	254873.0
indie pop	rap	1	254873.0
indietronica	rap	1	254873.0
edm	scandipop	1	32442614.0
scandipop	uk dance	1	32442614.0
swedish electropop	uk dance	1	32442614.0
edm	uk funky	1	32442614.0
scandipop	uk funky	1	32442614.0
swedish electropop	uk funky	1	32442614.0
swedish pop	uk funky	1	32442614.0
modern alternative rock	modern rock	1	6075508.0
modern rock	modern rock	1	6075508.0
modern rock	pop rock	1	6075508.0
modern rock	stomp pop	1	6075508.0
modern alternative rock	rock	1	6075508.0
pop rock	rock	1	6075508.0
rock	rock	1	6075508.0
rock	stomp pop	1	6075508.0
dmv rap	new orleans rap	1	6075508.0
new orleans rap	r&b	1	6075508.0
new orleans rap	trap soul	1	6075508.0
new orleans rap	pittsburgh rap	1	6075508.0
modern alternative rock	new orleans rap	1	6075508.0
new orleans rap	pop rock	1	6075508.0
new orleans rap	stomp pop	1	6075508.0
conscious hip hop	trap soul	1	6075508.0
dmv rap	r&b	1	6075508.0
dmv rap	trap soul	1	6075508.0
conscious hip hop	pittsburgh rap	1	6075508.0
dmv rap	pittsburgh rap	1	6075508.0
conscious hip hop	modern alternative rock	1	6075508.0
conscious hip hop	stomp pop	1	6075508.0
dmv rap	modern alternative rock	1	6075508.0
dmv rap	pop rock	1	6075508.0
dmv rap	stomp pop	1	6075508.0
pittsburgh rap	r&b	1	6075508.0
pittsburgh rap	trap soul	1	6075508.0
southern hip hop	trap soul	1	6075508.0
modern alternative rock	r&b	1	6075508.0
pop rock	r&b	1	6075508.0
r&b	stomp pop	1	6075508.0
modern alternative rock	trap soul	1	6075508.0
pop rock	trap soul	1	6075508.0
stomp pop	trap soul	1	6075508.0
modern alternative rock	pittsburgh rap	1	6075508.0
pittsburgh rap	pop rock	1	6075508.0
pittsburgh rap	stomp pop	1	6075508.0
atl hip hop	barbadian pop	1	4102639.0
french indie pop	russian dance	1	3424229.0
french indie pop	russian pop	1	3424229.0
barbadian pop	conscious hip hop	1	2183555.0
barbadian pop	west coast rap	1	2183555.0
post-teen pop	west coast rap	1	2183555.0
deep pop edm	electropop	1	9008620.0
deep pop edm	indie poptimism	1	9008620.0
deep pop edm	norwegian pop	1	9008620.0
deep pop edm	pop	1	9008620.0
deep pop edm	post-teen pop	1	9008620.0
deep pop edm	swedish electropop	1	9008620.0
deep pop edm	tropical house	1	9008620.0
deep tropical house	indie poptimism	1	9008620.0
deep tropical house	norwegian pop	1	9008620.0
deep tropical house	swedish electropop	1	9008620.0
electro house	swedish electropop	1	9008620.0
norwegian pop	pop edm	1	9008620.0
pop edm	swedish electropop	1	9008620.0
electropop	swedish tropical house	1	9008620.0
indie poptimism	swedish tropical house	1	9008620.0
norwegian pop	swedish tropical house	1	9008620.0
pop	swedish tropical house	1	9008620.0
post-teen pop	swedish tropical house	1	9008620.0
swedish electropop	swedish tropical house	1	9008620.0
swedish tropical house	tropical house	1	9008620.0
canadian pop	electronic trap	1	11953750.0
canadian electronic	edm	1	233263.0
deep tropical house	edm	1	233263.0
big room	vocal trance	1	233263.0
canadian electronic	vocal trance	1	233263.0
deep house	vocal trance	1	233263.0
deep tropical house	vocal trance	1	233263.0
edm	vocal trance	1	233263.0
electro house	vocal trance	1	233263.0
house	vocal trance	1	233263.0
pop edm	vocal trance	1	233263.0
progressive electro house	vocal trance	1	233263.0
progressive house	vocal trance	1	233263.0
tropical house	vocal trance	1	233263.0
german alternative rap	hamburg hip hop	1	1940012.0
detroit hip hop	detroit hip hop	1	492534.0
detroit hip hop	southern hip hop	1	492534.0
g funk	southern hip hop	1	492534.0
detroit hip hop	trap	1	492534.0
g funk	trap	1	492534.0
german alternative rap	german alternative rap	1	458213.0
german alternative rap	german cloud rap	1	458213.0
german cloud rap	german rock	1	458213.0
german alternative rap	indie deutschrap	1	458213.0
german rock	indie deutschrap	1	458213.0
german cloud rap	indie pop	1	458213.0
german cloud rap	indie rock	1	458213.0
german cloud rap	indietronica	1	458213.0
german cloud rap	modern alternative rock	1	458213.0
german cloud rap	modern rock	1	458213.0
german cloud rap	rock	1	458213.0
indie deutschrap	indie pop	1	458213.0
indie deutschrap	indie rock	1	458213.0
indie deutschrap	indietronica	1	458213.0
indie deutschrap	modern alternative rock	1	458213.0
indie deutschrap	modern rock	1	458213.0
indie deutschrap	rock	1	458213.0
german pop	indie pop	1	458213.0
german pop	indie rock	1	458213.0
german pop	indietronica	1	458213.0
german pop	modern alternative rock	1	458213.0
german pop	modern rock	1	458213.0
german pop	rock	1	458213.0
german rock	indie pop	1	458213.0
german rock	indie rock	1	458213.0
german rock	indietronica	1	458213.0
german rock	modern alternative rock	1	458213.0
german rock	modern rock	1	458213.0
german rock	rock	1	458213.0
colombian pop	latin	1	16546216.0
colombian pop	reggaeton	1	16546216.0
canadian hip hop	uk funky	1	15368107.0
canadian pop	uk funky	1	15368107.0
hip hop	uk funky	1	15368107.0
rap	uk funky	1	15368107.0
toronto rap	uk funky	1	15368107.0
afro dancehall	canadian hip hop	1	15368107.0
afropop	canadian hip hop	1	15368107.0
azonto	canadian hip hop	1	15368107.0
canadian hip hop	nigerian hip hop	1	15368107.0
canadian hip hop	nigerian pop	1	15368107.0
afro dancehall	canadian pop	1	15368107.0
afropop	canadian pop	1	15368107.0
azonto	canadian pop	1	15368107.0
canadian pop	nigerian hip hop	1	15368107.0
canadian pop	nigerian pop	1	15368107.0
afro dancehall	toronto rap	1	15368107.0
afropop	toronto rap	1	15368107.0
azonto	toronto rap	1	15368107.0
nigerian hip hop	toronto rap	1	15368107.0
nigerian pop	toronto rap	1	15368107.0
afro dancehall	uk funky	1	15368107.0
afropop	uk funky	1	15368107.0
azonto	uk funky	1	15368107.0
nigerian hip hop	uk funky	1	15368107.0
nigerian pop	uk funky	1	15368107.0
deep tropical house	modern alternative rock	1	190514.0
modern alternative rock	new french touch	1	190514.0
deep tropical house	modern blues rock	1	190514.0
edm	modern blues rock	1	190514.0
modern blues rock	new french touch	1	190514.0
modern blues rock	tropical house	1	190514.0
big room	house	1	1330700.0
neo mellow	norwegian pop	1	8290804.0
neo mellow	pop edm	1	8290804.0
dance pop	piano rock	1	8290804.0
edm	piano rock	1	8290804.0
electro house	piano rock	1	8290804.0
norwegian pop	piano rock	1	8290804.0
piano rock	pop	1	8290804.0
piano rock	pop edm	1	8290804.0
piano rock	tropical house	1	8290804.0
norwegian pop	pop rock	1	8290804.0
pop edm	pop rock	1	8290804.0
german indie	pop edm	1	2539050.0
german indie	tropical house	1	2539050.0
deep tropical house	pop edm	1	3968041.0
electropop	minimal tech house	1	3968041.0
minimal tech house	pop edm	1	3968041.0
electropop	new french touch	1	3968041.0
new french touch	pop edm	1	3968041.0
atl trap	r&b	1	291825.0
melodic rap	r&b	1	291825.0
