source	target	weight	avg_streams
german hip hop	german hip hop	436	5070276.315789473
deep german hip hop	german hip hop	244	5091224.793103448
dance pop	pop	208	7221757.462962963
pop	pop	179	7492954.766129033
pop	post-teen pop	151	6467377.989247313
pop	pop rap	145	6769015.608108108
pop rap	rap	142	4683150.452054795
german cloud rap	german hip hop	141	4600956.662162161
pop	tropical house	137	7913404.08045977
german hip hop	hamburg hip hop	129	7824134.070175437
rap	trap	125	5245865.878787879
pop	rap	125	5949964.366197183
edm	pop	121	7945602.16
hip hop	rap	109	4250070.444444444
pop rap	trap	98	4561163.730769231
dance pop	post-teen pop	97	6066049.463768116
dance pop	pop rap	94	6650474.719298245
rap	rap	90	5078984.089552239
dance pop	tropical house	89	7466086.746031746
hip hop	pop rap	89	4511694.279069767
german hip hop	german pop	85	4986448.017857143
dance pop	edm	77	7985351.52631579
hip hop	pop	76	4540516.906976745
hip hop	trap	73	4356487.205882353
electropop	pop	71	3848891.5777777773
pop	trap	71	4397885.027027027
pop rap	post-teen pop	70	6577019.87755102
dance pop	rap	66	6330218.731707318
rap	southern hip hop	66	4969101.763157895
latin	reggaeton	65	9191680.1
dance pop	dance pop	64	7388871.62962963
post-teen pop	tropical house	62	5883955.407407408
edm	tropical house	61	6233719.916666668
albanian hip hop	german hip hop	60	5328402.179487179
pop rap	pop rap	60	5403303.780487805
edm	post-teen pop	57	6669693.895833332
pop rap	southern hip hop	56	5558204.090909091
post-teen pop	rap	55	5616740.5
trap	trap	50	4403408.866666666
southern hip hop	trap	50	4450467.708333333
deep german hip hop	hamburg hip hop	47	8188799.666666668
dance pop	trap	44	5384671.46875
pop	southern hip hop	44	3640712.08
electro house	pop	43	6475973.454545454
deep german hip hop	deep german hip hop	40	4059953.4375
atl hip hop	rap	40	5412237.333333333
hip hop	southern hip hop	40	4214395.571428572
melodic rap	trap	37	5508544.931034483
dance pop	electropop	36	3834713.333333334
hip hop	hip hop	36	3398101.1481481483
tropical house	tropical house	35	6902983.677419355
dance pop	hip hop	35	4421088.0
post-teen pop	trap	34	5146580.740740742
edm	pop rap	34	7373132.44
latin	latin	34	9191680.1
pop	uk pop	34	11285753.576923074
deep german hip hop	german cloud rap	33	4692939.391304348
pop rap	tropical house	33	7134183.7272727275
hip hop	post-teen pop	33	4259309.416666667
latin	latin hip hop	33	6393893.0
electropop	post-teen pop	32	4312819.923076923
atl hip hop	pop rap	32	4835698.6
latin	tropical	32	6673176.333333332
atl hip hop	pop	31	4662989.55
reggaeton	reggaeton	31	11510254.0
melodic rap	rap	30	5446876.727272728
latin hip hop	reggaeton	30	8353057.0
reggaeton	tropical	29	6657430.875
post-teen pop	post-teen pop	28	7399761.692307693
german pop	german pop	26	3961573.458333334
edm	edm	26	5466213.681818182
big room	pop	26	6011228.368421053
pop	uk dance	26	10903917.954545457
dance pop	southern hip hop	26	3573712.333333333
pop	progressive house	25	9926013.94117647
dance pop	uk pop	25	10142555.045454543
big room	edm	24	6841983.235294118
house	pop	24	7165438.94117647
tropical house	uk pop	24	11387537.578947367
german alternative rap	german hip hop	23	1883936.4285714286
latin	trap latino	23	8969280.4
latin	pop	23	11820838.307692308
electropop	tropical house	23	2522321.1764705884
latin	reggaeton flow	23	4011563.333333334
big room	tropical house	22	6866110.294117647
dance pop	electro house	22	6952904.684210528
edm	electro house	22	5450408.5
electro house	tropical house	22	5232792.8125
pop	pop edm	22	5887757.75
edm	rap	22	5127214.533333333
rap	tropical house	22	4130618.1538461535
melodic rap	pop rap	22	4223100.722222222
reggaeton	trap latino	22	9511815.5
edm	uk pop	22	11743454.888888888
atl hip hop	hip hop	22	3372262.8125
reggaeton	reggaeton flow	22	2617775.0
german cloud rap	hamburg hip hop	21	6960670.125
post-teen pop	southern hip hop	21	3899023.611111112
melodic rap	pop	21	6785922.0
edm	electropop	21	2852717.611111112
hamburg hip hop	hamburg hip hop	20	9769660.461538462
big room	dance pop	20	6523488.4375
electro house	post-teen pop	20	3476403.578947368
post-teen pop	uk dance	20	9853143.789473685
r&b	rap	20	4867788.666666667
german hip hop	german underground rap	20	1829608.636363636
atl hip hop	trap	20	5487489.125
albanian hip hop	deep german hip hop	19	6225504.3125
german hip hop	german trap	19	3200872.1818181816
german cloud rap	german pop	19	1416413.8823529412
australian pop	pop	19	5478797.5
dance pop	uk dance	19	11505822.5
alternative r&b	pop	19	8048502.461538463
pop	reggaeton	19	11492856.727272727
pop	urban contemporary	19	5920357.571428573
deep german hip hop	german pop	18	1636543.4
australian dance	pop	18	5772697.222222223
edm	pop edm	18	8248785.857142857
edm	trap	18	3801750.7142857136
trap	tropical house	18	4046244.7692307686
hip hop	melodic rap	18	4957661.928571428
miami hip hop	rap	18	5755750.833333332
canadian pop	hip hop	18	3524900.230769232
canadian pop	rap	18	4731529.0
moombahton	pop	17	2927498.125
dance pop	pop edm	17	6551156.2
pop edm	tropical house	17	8560334.307692308
atl hip hop	dance pop	17	5660842.466666668
pop rap	r&b	17	4274567.5
dance pop	latin	17	10922376.272727273
pop	progressive electro house	17	14060809.583333336
pop rap	urban contemporary	17	6947667.0
german pop	german rock	16	2290307.2
dance pop	progressive house	16	9853330.727272727
edm	progressive house	16	6880966.6
bmore	pop	16	3272891.4285714286
ninja	pop	16	3272891.4285714286
rap	urban contemporary	16	5457195.7
german hip hop	german rock	15	2290307.2
albanian hip hop	albanian hip hop	15	7098697.333333332
progressive house	tropical house	15	7565536.555555556
conscious hip hop	pop	15	4628849.416666667
conscious hip hop	rap	15	3680518.222222222
dance pop	house	15	6226185.833333332
house	tropical house	15	5313511.75
electro house	rap	15	4458030.0
atl hip hop	post-teen pop	15	5127447.733333333
electropop	pop rap	15	7257666.7272727275
german alternative rap	german pop	14	1112806.2307692308
christlicher rap	german hip hop	14	3740461.0
german cloud rap	german cloud rap	14	4606499.714285715
dfw rap	trap	14	8240533.714285715
deep big room	tropical house	14	7328754.090909091
deep big room	pop	14	5677628.3
dirty south rap	pop rap	14	3606281.3
dirty south rap	rap	14	3606281.3
melodic rap	southern hip hop	14	4672350.142857143
latin hip hop	trap latino	14	2063016.0
dance pop	reggaeton	14	10321851.666666666
pop	r&b	14	6593984.0
miami hip hop	trap	14	4322944.545454546
atl hip hop	southern hip hop	14	3484041.6923076925
conscious hip hop	pop rap	13	4106779.0
deep big room	edm	13	7328754.090909091
electro house	pop rap	13	1850641.666666667
contemporary country	pop	13	6964407.75
canadian pop	pop	13	4830476.75
chicago rap	rap	13	4686872.111111111
german hip hop	rap	13	3926984.272727273
gangster rap	rap	13	1774278.2222222222
german hip hop	latin hip hop	13	5961819.285714285
german hip hop	reggaeton	13	5961819.285714285
miami hip hop	pop rap	13	3555788.888888888
canadian pop	pop rap	13	4211360.125
post-teen pop	uk pop	13	9045512.0
latin hip hop	tropical	13	2445358.25
rap	west coast rap	12	2351832.2
dirty south rap	pop	12	4050738.375
hip hop	r&b	12	1697789.333333333
trap latino	tropical	12	2063016.0
latin	pop rap	12	15231358.285714285
dirty south rap	trap	12	3099639.571428572
southern hip hop	southern hip hop	12	3021477.3
indie poptimism	pop	12	4361482.9
latin hip hop	reggaeton flow	12	2617775.0
electropop	rap	12	5472656.888888889
atl hip hop	melodic rap	11	6133675.7272727275
german dance	pop	11	4206345.090909091
hip pop	rap	11	3698896.0
queens hip hop	rap	11	3698896.0
german dance	post-teen pop	11	2048804.0
tropical house	uk dance	11	7447887.4
hip hop	tropical house	11	2978764.25
southern hip hop	tropical house	11	2510930.25
pop	viral pop	11	1344544.9090909092
chicago rap	trap	11	5177376.625
progressive electro house	tropical house	11	12155617.375
pop rap	reggaeton	11	15231358.285714285
german hip hop	pop rap	11	2438628.333333333
pop	pop rock	11	10077584.909090908
gangster rap	hip hop	11	1774278.2222222222
dance pop	melodic rap	11	8689383.1
metropopolis	pop	11	6113442.0
hip hop	miami hip hop	11	3886773.125
hip hop	urban contemporary	11	6699840.0
canadian pop	trap	11	5989846.125
dfw rap	rap	10	8863654.555555556
dance pop	deep big room	10	7524515.75
big room	electro house	10	6749673.0
albanian pop	german hip hop	10	10903255.142857144
edm	hip hop	10	2717049.111111111
edm	southern hip hop	10	2301196.666666666
electro house	trap	10	4458030.0
rap	trap soul	10	6882793.5
latin	puerto rican pop	10	2620375.5
puerto rican pop	reggaeton	10	2620375.5
emo rap	rap	10	5053972.9
latin	post-teen pop	10	9652917.375
dance pop	progressive electro house	10	12859490.125
edm	progressive electro house	10	5960722.125
contemporary country	dance pop	10	8692052.666666666
german hip hop	trap	10	4477113.444444444
canadian hip hop	rap	10	8169681.3
rap	toronto rap	10	6403707.3
melodic rap	post-teen pop	10	6510925.6
hip pop	pop	10	3813924.375
pop	queens hip hop	10	3813924.375
emo rap	trap	10	3671604.875
reggaeton flow	trap latino	10	2617775.0
reggaeton flow	tropical	10	2617775.0
australian dance	edm	9	4975803.5
australian pop	edm	9	5291431.125
australian dance	tropical house	9	4975803.5
australian pop	tropical house	9	5291431.125
edm	house	9	4999200.285714285
electro house	pop edm	9	8165304.75
dfw rap	pop rap	9	4847370.75
house	post-teen pop	9	4837602.125
hip pop	pop rap	9	3537460.333333333
pop rap	queens hip hop	9	3537460.333333333
alternative r&b	electropop	9	6690803.714285715
french hip hop	german hip hop	9	5312722.142857143
german hip hop	pop urbaine	9	5312722.142857143
canadian hip hop	trap	9	6394397.222222223
dirty south rap	hip hop	9	3464927.0
gangster rap	trap	9	1727181.25
latin	rap	9	13579370.0
chicago rap	pop rap	9	3241513.5
conscious hip hop	trap	9	4459361.25
trap	urban contemporary	9	7772391.166666668
dance pop	urban contemporary	9	4352499.0
detroit hip hop	pop	9	5344264.571428572
alternative r&b	post-teen pop	9	8176191.0
pop rap	west coast rap	8	2667255.714285714
moombahton	post-teen pop	8	2808014.5
dance pop	moombahton	8	3136338.7142857136
german dance	tropical house	8	4381111.166666667
albanian hip hop	albanian pop	8	6240099.8
hip pop	trap	8	3955631.0
queens hip hop	trap	8	3955631.0
dirty south rap	post-teen pop	8	4050738.375
canadian hip hop	pop	8	4133570.7142857136
dance pop	viral pop	8	1120436.125
tropical house	viral pop	8	2817040.5
latin pop	pop	8	8639772.285714285
pop rap	uk dance	8	6341068.428571427
german hip hop	kosovan pop	8	7004655.875
german hip hop	turbo folk	8	1664003.7142857143
german hip hop	hip hop	8	1732559.25
canadian hip hop	pop rap	8	4697553.875
g funk	hip hop	8	3595108.4
g funk	rap	8	3595108.4
conscious hip hop	hip hop	8	4459361.25
miami hip hop	pop	8	3252408.166666666
canadian pop	southern hip hop	8	5825385.5
alternative r&b	dance pop	8	7507146.375
latin	latin pop	8	4483298.0
latin pop	reggaeton	8	4483298.0
electro house	electropop	8	1582866.75
rap	reggaeton	8	17251764.166666668
antideutsche	german hip hop	7	736351.4
bayerischer rap	german hip hop	7	736351.4
bmore	dance pop	7	3572727.0
dance pop	ninja	7	3572727.0
edm	future house	7	7098160.6
future house	pop	7	7098160.6
future house	tropical house	7	7098160.6
emo rap	pop rap	7	4159445.2857142864
dfw rap	hip hop	7	5599966.333333333
dfw rap	pop	7	6285502.4
pop	toronto rap	7	1658280.5
edm	viral pop	7	1387820.833333333
latin hip hop	puerto rican pop	7	2620375.5
pop	tropical	7	9154303.4
dance pop	dancehall	7	6915094.8
house	pop rap	7	862320.1666666665
pop rap	pop rock	7	9109261.0
gangster rap	pop rap	7	1502689.666666667
pop edm	post-teen pop	7	5187934.285714285
contemporary country	post-teen pop	7	8318573.714285715
chicago rap	pop	7	3705889.6
detroit hip hop	pop rap	7	3042053.333333333
detroit hip hop	hip hop	7	3596875.4
detroit hip hop	rap	7	3596875.4
canadian pop	dance pop	7	6454050.571428573
dance pop	hip pop	7	4876873.5
dance pop	queens hip hop	7	4876873.5
electropop	electropop	7	5775336.571428573
alternative r&b	pop rap	7	7540871.6
pop rap	uk pop	7	9056003.166666666
latin hip hop	latin hip hop	7	2617775.0
uk dance	uk pop	7	19841175.71428572
toronto rap	trap	7	5472129.285714285
electropop	trap	7	1364059.4
indie poptimism	tropical house	7	1828729.166666667
pop rap	trap soul	7	2028801.0
r&b	trap	7	1363958.75
deep german hip hop	german alternative rap	6	599162.5
bmore	post-teen pop	6	3572727.0
ninja	post-teen pop	6	3572727.0
australian pop	electropop	6	4649284.833333333
australian pop	post-teen pop	6	4231859.5
atl hip hop	dfw rap	6	8671376.833333334
edm	german dance	6	4381111.166666667
emo rap	pop	6	5206007.4
electro house	southern hip hop	6	2585525.833333333
atl hip hop	tropical house	6	4297239.6
german dance	pop rap	6	4788445.333333333
german dance	rap	6	4788445.333333333
contemporary country	tropical house	6	7167566.833333332
australian dance	dance pop	6	7803928.8
australian pop	dance pop	6	7808022.6
christlicher rap	deep german hip hop	6	1744692.25
puerto rican pop	tropical	6	2620375.5
dance pop	latin pop	6	9751100.6
pop	puerto rican pop	6	12875718.25
dance pop	uk dancehall	6	4281328.0
dance pop	uk hip hop	6	4281328.0
dancehall	pop	6	6129779.0
edm	latin	6	12599920.166666664
latin	tropical house	6	8942673.833333334
edm	reggaeton	6	12599920.166666664
reggaeton	tropical house	6	8942673.833333334
crunk	trap	6	1828453.0
memphis hip hop	trap	6	1828453.0
latin	trap	6	7159500.5
basshall	german hip hop	6	2670858.0
metropopolis	pop rap	6	2094880.8
metropopolis	tropical house	6	2459108.2
dance pop	metropopolis	6	2102842.25
modern rock	pop	6	11106598.666666666
german underground rap	hamburg hip hop	6	3006005.6
hip hop	west coast rap	6	1646220.6
post-teen pop	urban contemporary	6	5412462.833333333
atl hip hop	miami hip hop	6	4855533.666666667
pop	swedish pop	6	4313843.5
hip pop	post-teen pop	6	4876873.5
post-teen pop	queens hip hop	6	4876873.5
etherpop	pop	6	8429611.25
country	dance pop	6	5488172.6
country road	dance pop	6	5488172.6
country	pop	6	5488172.6
country road	pop	6	5488172.6
tropical	tropical	6	2445358.25
deep german hip hop	latin hip hop	6	7865825.0
deep german hip hop	reggaeton	6	7865825.0
post-teen pop	reggaeton	6	8328977.5
art pop	rap	6	1583657.333333333
east coast hip hop	rap	6	5295862.5
house	uk pop	6	16959309.166666668
post-teen pop	progressive house	6	6976081.8
big room	rap	6	8239962.666666668
edm	indie poptimism	6	2158105.4
pop	trap latino	6	20414736.0
canadian hip hop	hip hop	6	3015091.5
hip hop	toronto rap	6	3015091.5
pop rap	toronto rap	6	3055960.166666666
pop	west coast rap	5	4860785.6
antideutsche	german pop	5	736351.4
bayerischer rap	german pop	5	736351.4
german alternative rap	german cloud rap	5	562910.6
australian dance	electropop	5	5016495.6
australian dance	post-teen pop	5	5016495.6
dance pop	future house	5	7098160.6
electro house	electro house	5	6832940.4
german dance	house	5	2669127.75
german dance	pop edm	5	2571269.5
german pop	turkish hip hop	5	3294420.6
dance pop	teen pop	5	8657563.2
edm	teen pop	5	8657563.2
pop	teen pop	5	8657563.2
teen pop	tropical house	5	8657563.2
teen pop	uk dance	5	8657563.2
edm	uk dance	5	1463186.4
dance pop	dirty south rap	5	3180239.6
atl hip hop	edm	5	4297239.6
electro house	hip hop	5	3047074.8
contemporary country	electropop	5	4431453.6
dfw rap	southern hip hop	5	5737160.0
melodic rap	trap soul	5	10746732.8
dutch pop	pop	5	11707802.333333336
progressive house	uk pop	5	20162451.2
post-teen pop	tropical	5	8928789.75
pop	uk dancehall	5	2356318.0
pop	uk hip hop	5	2356318.0
norwegian pop	pop	5	5552736.4
big room	big room	5	10084473.4
big room	progressive house	5	8764715.0
dance pop	dutch house	5	4932952.0
dutch house	pop	5	4932952.0
german hip hop	southern hip hop	5	1322677.0
belgian edm	edm	5	6945987.666666668
belgian edm	tropical house	5	6945987.666666668
canadian hip hop	dance pop	5	8771792.0
pop rock	rap	5	12187315.8
dirty south rap	melodic rap	5	4032323.0
gangster rap	southern hip hop	5	1727181.25
rap	trap latino	5	14407262.6
german hip hop	german indie	5	5232086.5
dance pop	pop rock	5	4804315.4
pop rock	tropical house	5	4792350.0
g funk	pop rap	5	3595108.4
g funk	gangster rap	5	1804549.0
conscious hip hop	southern hip hop	5	5595600.666666667
canadian pop	conscious hip hop	5	5162154.8
miami hip hop	post-teen pop	5	3608114.2
chicago rap	hip hop	5	7224636.0
edm	swedish pop	5	4410005.6
swedish pop	tropical house	5	4410005.6
g funk	pop	5	7373448.8
rap	uk pop	5	8588626.2
electropop	indie poptimism	5	6312431.6
indie poptimism	post-teen pop	5	8173498.8
dance pop	uk funky	5	20124427.0
pop	uk funky	5	20124427.0
post-teen pop	uk funky	5	20124427.0
country	post-teen pop	5	5488172.6
country road	post-teen pop	5	5488172.6
dance pop	modern country rock	5	6214577.75
modern country rock	pop	5	6214577.75
dmv rap	pop	5	4033556.25
german hip hop	turkish hip hop	5	1316409.333333333
miami hip hop	southern hip hop	5	3231561.6
florida rap	rap	5	4685327.666666667
latin pop	pop rap	5	6791940.666666668
deep german hip hop	german underground rap	5	1727193.0
indie r&b	pop rap	5	1039542.6666666664
indie r&b	rap	5	1039542.6666666664
hip hop	indie r&b	5	1039542.6666666664
east coast hip hop	pop rap	5	1948975.0
electropop	hip hop	5	5635369.4
electropop	viral pop	5	1090882.2
candy pop	pop	5	2791560.5
pop rap	progressive house	5	375728.25
edm	melodic rap	5	7867654.75
house	rap	5	6866930.5
melodic rap	tropical house	5	7867654.75
k-pop girl group	pop	5	4626265.5
electropop	uk pop	5	3462835.0
belgian edm	pop	5	7300531.5
dance pop	indie poptimism	5	2360065.8
hip hop	trap soul	5	1243498.0
r&b	southern hip hop	5	603509.0
reggaeton	trap	5	12364332.333333336
new orleans rap	rap	5	591842.3333333335
pop	trap soul	5	3146216.333333333
canadian hip hop	southern hip hop	5	6299008.8
southern hip hop	toronto rap	5	6299008.8
electronic trap	pop rap	5	7906642.333333332
antideutsche	deep german hip hop	4	583000.75
antideutsche	german alternative rap	4	583000.75
antideutsche	german cloud rap	4	583000.75
bayerischer rap	deep german hip hop	4	583000.75
bayerischer rap	german alternative rap	4	583000.75
bayerischer rap	german cloud rap	4	583000.75
australian dance	bmore	4	3233657.75
australian pop	bmore	4	3233657.75
australian dance	moombahton	4	3233657.75
australian pop	moombahton	4	3233657.75
australian dance	ninja	4	3233657.75
australian pop	ninja	4	3233657.75
deep big room	electro house	4	8439126.75
electro house	house	4	8439126.75
electro house	uk dance	4	1963143.25
german dance	uk dance	4	1194889.0
german pop	german trap	4	931664.5
dfw rap	trap soul	4	12522089.0
melodic rap	r&b	4	7473413.0
canadian hip hop	r&b	4	2295145.0
canadian pop	r&b	4	2295145.0
r&b	toronto rap	4	2295145.0
electro house	viral pop	4	1889253.25
deep house	house	4	15504019.0
big room	uk pop	4	8765916.0
dutch pop	edm	4	10594931.0
dutch pop	tropical house	4	10594931.0
dance pop	puerto rican pop	4	16612109.333333336
latin pop	post-teen pop	4	8928789.75
dance pop	tropical	4	11349538.0
post-teen pop	puerto rican pop	4	12875718.25
basshall	kosovan pop	4	4411587.75
dancehall	edm	4	6129779.0
dancehall	tropical house	4	6129779.0
dance pop	norwegian pop	4	6199635.75
norwegian pop	tropical house	4	7606977.0
german hip hop	partyschlager	4	3538509.0
big room	deep big room	4	12533539.25
big room	pop edm	4	12533539.25
albanian hip hop	german cloud rap	4	1037247.5
dancehall	latin	4	11134260.0
dancehall	reggaeton	4	11134260.0
dance pop	latin viral pop	4	11673211.0
latin viral pop	pop	4	11673211.0
dance pop	rap latina	4	11673211.0
pop	rap latina	4	11673211.0
atl hip hop	german cloud rap	4	2518777.25
atl hip hop	german hip hop	4	2518777.25
german cloud rap	hip hop	4	2518777.25
german cloud rap	melodic rap	4	2518777.25
german hip hop	melodic rap	4	2518777.25
german cloud rap	pop rap	4	2518777.25
german cloud rap	rap	4	2518777.25
german cloud rap	trap	4	2518777.25
canadian hip hop	post-teen pop	4	5004737.0
deep german hip hop	german trap	4	2943261.333333333
german cloud rap	german trap	4	2943261.333333333
deep german hip hop	kosovan pop	4	5126657.0
dirty south rap	southern hip hop	4	1585072.5
emo rap	latin	4	6193881.333333332
chicago rap	urban contemporary	4	4008550.5
gangster rap	german hip hop	4	946341.25
german indie	german pop	4	6815265.333333332
edm	social media pop	4	14478121.0
modern rock	tropical house	4	6170203.75
g funk	west coast rap	4	1614310.0
conscious hip hop	dance pop	4	4747328.25
conscious hip hop	post-teen pop	4	4130908.25
atl hip hop	conscious hip hop	4	5595600.666666667
atl hip hop	canadian pop	4	5661594.75
emo rap	miami hip hop	4	9915680.666666666
dance pop	swedish pop	4	3891626.25
modern country rock	post-teen pop	4	6214577.75
country pop	dance pop	4	7894892.666666668
country pop	pop	4	7894892.666666668
detroit hip hop	post-teen pop	4	708503.0
canadian contemporary r&b	hip hop	4	3156278.5
canadian contemporary r&b	rap	4	3156278.5
belgian edm	electropop	4	1672473.333333333
german hip hop	indie deutschrap	4	522352.0
brostep	rap	4	11811398.666666664
latin hip hop	latin pop	4	2899613.0
latin pop	tropical	4	2899613.0
reggaeton flow	reggaeton flow	4	2617775.0
dance pop	german pop	4	2295580.333333333
dance pop	german dance	4	424327.5
dance pop	francoton	4	5880638.0
francoton	pop	4	5880638.0
art pop	pop rap	4	1583657.333333333
indie r&b	southern hip hop	4	1039542.6666666664
indie r&b	trap	4	1039542.6666666664
rap	underground hip hop	4	1875695.0
indie pop rap	rap	4	3161322.0
brostep	pop	4	28645076.0
post-teen pop	progressive electro house	4	18975191.5
post-teen pop	viral pop	4	1298586.0
edm	metropopolis	4	3155764.333333333
big room	trap	4	8239962.666666668
metropopolis	rap	4	2548718.666666666
candy pop	dance pop	4	2791560.5
pop rap	trap latino	4	18304182.0
house	trap	4	6866930.5
dance pop	k-pop	4	2450032.5
k-pop	pop	4	3174116.333333333
edm	urban contemporary	4	10211077.75
tropical house	urban contemporary	4	10211077.75
moombahton	trap	4	1955931.666666667
neo mellow	pop	4	5444384.25
electro house	indie poptimism	4	2599708.5
funk carioca	latin	4	3524145.0
funk carioca	reggaeton	4	3524145.0
k-pop girl group	post-teen pop	4	1417997.0
dance pop	detroit hip hop	4	455816.0
trap	trap soul	4	1514433.666666667
southern hip hop	urban contemporary	4	8046268.75
dance pop	r&b	4	2235291.666666666
hip hop	new orleans rap	4	696592.5
dance pop	toronto rap	4	6218412.0
dance pop	trap soul	4	9877784.333333334
alternative r&b	rap	4	2374645.333333333
alternative r&b	hip hop	4	2530450.5
edm	toronto rap	4	8203038.333333332
electro house	toronto rap	4	8203038.333333332
alternative r&b	trap	4	2111837.0
dance pop	trap latino	4	14692997.0
francoton	latin	3	2500963.666666666
francoton	reggaeton	3	2500963.666666666
electro house	future house	3	3305498.333333333
big room	german dance	3	3305498.333333333
deep big room	german dance	3	3305498.333333333
electro house	german dance	3	3305498.333333333
future house	german dance	3	3305498.333333333
albanian pop	deep german hip hop	3	7239934.0
dance pop	emo rap	3	7246638.666666668
emo rap	hip pop	3	7246638.666666668
emo rap	post-teen pop	3	7246638.666666668
emo rap	queens hip hop	3	7246638.666666668
electro house	teen pop	3	1339846.666666667
german dance	teen pop	3	1339846.666666667
dirty south rap	edm	3	4788445.333333333
atl hip hop	electro house	3	4788445.333333333
dirty south rap	electro house	3	4788445.333333333
atl hip hop	german dance	3	4788445.333333333
dirty south rap	german dance	3	4788445.333333333
german dance	hip hop	3	4788445.333333333
german dance	southern hip hop	3	4788445.333333333
german dance	trap	3	4788445.333333333
dirty south rap	tropical house	3	4788445.333333333
dfw rap	r&b	3	8749448.0
german dance	viral pop	3	1158751.0
chicago rap	emo rap	3	8155059.333333332
dance pop	dutch pop	3	11707802.333333336
deep german hip hop	dutch hip hop	3	1400307.666666667
dutch hip hop	german hip hop	3	1400307.666666667
deep german hip hop	dutch pop	3	1400307.666666667
dutch pop	german hip hop	3	1400307.666666667
deep german hip hop	dutch urban	3	1400307.666666667
dutch urban	german hip hop	3	1400307.666666667
tropical house	uk dancehall	3	2356318.0
tropical house	uk hip hop	3	2356318.0
edm	norwegian pop	3	7606977.0
deep big room	progressive house	3	8764715.0
electro house	progressive house	3	8764715.0
pop edm	progressive house	3	8764715.0
dutch house	tropical house	3	432655.5
belgian edm	big room	3	6945987.666666668
belgian edm	electro house	3	6945987.666666668
belgian edm	progressive electro house	3	6945987.666666668
canadian hip hop	emo rap	3	8026692.666666668
deep german hip hop	turbo folk	3	1052551.666666667
gangster rap	melodic rap	3	1832829.666666667
contemporary country	edm	3	12553660.666666664
contemporary country	electro house	3	12553660.666666664
complextro	pop	3	13088845.0
german techno	pop	3	13088845.0
german cloud rap	latin hip hop	3	15097235.0
german cloud rap	reggaeton	3	15097235.0
german indie	german rock	3	6815265.333333332
canadian contemporary r&b	electro house	3	9266719.0
canadian pop	electro house	3	9266719.0
dance pop	social media pop	3	14478121.0
pop	social media pop	3	14478121.0
social media pop	tropical house	3	14478121.0
hip hop	hip pop	3	2140055.666666666
hip hop	queens hip hop	3	2140055.666666666
hip pop	southern hip hop	3	2140055.666666666
queens hip hop	southern hip hop	3	2140055.666666666
dance pop	modern rock	3	5450502.333333333
modern rock	pop rap	3	5450502.333333333
british soul	pop	3	1254612.0
pop	rock	3	11791942.0
detroit hip hop	g funk	3	2317455.333333333
detroit hip hop	gangster rap	3	2317455.333333333
g funk	g funk	3	1614310.0
chicago rap	dance pop	3	5648172.666666668
chicago rap	miami hip hop	3	11988630.666666664
chicago rap	southern hip hop	3	5122968.333333333
chicago rap	post-teen pop	3	5648172.666666668
atl hip hop	chicago rap	3	5122968.333333333
chicago rap	melodic rap	3	5070702.666666667
canadian pop	urban contemporary	3	4904601.666666667
atl hip hop	dirty south rap	3	5025739.666666667
melodic rap	miami hip hop	3	5678881.0
atl hip hop	urban contemporary	3	5025739.666666667
emo rap	emo rap	3	9915680.666666666
christlicher rap	hamburg hip hop	3	2840648.666666666
big room	swedish pop	3	4800097.666666667
hip hop	uk pop	3	12467194.666666664
alternative r&b	canadian pop	3	2322081.333333333
alternative r&b	etherpop	3	11134752.0
electropop	etherpop	3	10298203.666666666
etherpop	pop rap	3	18305098.666666668
indie poptimism	pop rap	3	18305098.666666668
dance pop	talent show	3	2290732.666666666
pop	talent show	3	2290732.666666666
post-teen pop	talent show	3	2290732.666666666
german hip hop	phonk	3	5307490.0
country pop	post-teen pop	3	7894892.666666668
g funk	post-teen pop	3	855356.3333333335
hip hop	progressive electro house	3	4065426.333333334
pop rap	progressive electro house	3	4065426.333333334
progressive electro house	rap	3	4065426.333333334
atl hip hop	florida rap	3	4685327.666666667
florida rap	hip hop	3	4685327.666666667
florida rap	pop rap	3	4685327.666666667
florida rap	southern hip hop	3	4685327.666666667
florida rap	trap	3	4685327.666666667
emo rap	melodic rap	3	2667529.666666666
alternative r&b	r&b	3	10634472.0
trap latino	trap latino	3	4982121.0
puerto rican pop	reggaeton flow	3	4982121.0
german pop	reggaeton	3	809745.0
edm	latin pop	3	7353444.5
francoton	post-teen pop	3	5880638.0
art pop	southern hip hop	3	1343968.5
art pop	trap	3	1343968.5
trap	west coast rap	3	1694086.5
art pop	hip hop	3	1343968.5
gangster rap	west coast rap	3	1301680.0
hip hop	underground hip hop	3	1875695.0
indietronica	rap	3	2337530.0
rap	uk alternative pop	3	2337530.0
east coast hip hop	hip hop	3	1948975.0
east coast hip hop	pop	3	2554504.0
indie pop rap	pop rap	3	3161322.0
deep house	pop	3	4495217.666666667
deep house	tropical house	3	4087496.0
dance pop	german hip hop	3	3261878.0
pop edm	viral pop	3	1616890.666666667
latin pop	reggaeton flow	3	3526284.5
bachata	latin	3	253429.0
bachata	reggaeton	3	253429.0
atl trap	rap	3	1822912.666666667
trap	uk pop	3	2515034.0
big room	electropop	3	852693.6666666665
big room	post-teen pop	3	6715815.333333332
candy pop	edm	3	2791560.5
candy pop	tropical house	3	2791560.5
big room	pop rap	3	4517799.333333333
deep big room	rap	3	12221053.5
progressive house	rap	3	376465.33333333326
progressive house	trap	3	376465.33333333326
candy pop	pop rap	3	2791560.5
electropop	southern hip hop	3	808793.3333333335
canadian pop	latin	3	6819532.5
dance pop	dfw rap	3	9673060.0
detroit hip hop	southern hip hop	3	1324965.5
dance pop	modern alternative rock	3	10197544.0
modern alternative rock	pop	3	10197544.0
dance pop	east coast hip hop	3	489177.0
rap	uk dance	3	1209236.666666667
trap	uk dance	3	1209236.666666667
canadian pop	post-teen pop	3	9119147.666666666
dance pop	k-pop girl group	3	4626265.5
francoton	german hip hop	3	6109459.0
german hip hop	rap francais	3	6109459.0
german dance	uk pop	3	7805078.0
deep euro house	tropical house	3	8000794.5
german hip hop	pop	3	1557200.0
bmore	trap	3	2679025.0
ninja	trap	3	2679025.0
edm	neo mellow	3	7044500.666666668
neo mellow	tropical house	3	7044500.666666668
edm	pop rock	3	7044500.666666668
pop	vapor soul	3	4020410.666666666
edm	vapor soul	3	4618699.0
tropical house	vapor soul	3	4618699.0
electropop	house	3	1936477.0
disco house	tropical house	3	789185.5
dance pop	uk contemporary r&b	3	20808614.0
pop	uk contemporary r&b	3	20808614.0
tropical house	uk contemporary r&b	3	20808614.0
k-pop	post-teen pop	3	843907.5
southern hip hop	trap soul	3	448996.5
atl hip hop	r&b	3	1515973.333333333
emo rap	german hip hop	3	13404738.0
emo rap	reggaeton	3	13518319.5
philly rap	rap	3	1403304.5
barbadian pop	pop rap	3	586224.0
barbadian pop	rap	3	586224.0
barbadian pop	hip hop	3	586224.0
r&b	urban contemporary	3	2235291.666666666
electropop	pop edm	3	378634.0
neo soul	pop	3	19845847.0
new orleans rap	pop rap	3	342542.0
canadian contemporary r&b	pop	3	14090309.0
electro house	uk pop	3	26263565.66666667
downtempo	pop rap	3	918975.0
electronic trap	pop	3	11548299.5
canadian hip hop	edm	3	12174878.5
electronic trap	rap	3	7906642.333333332
electronic trap	trap	3	566536.5
canadian hip hop	electro house	3	12174878.5
electro house	melodic rap	3	12174878.5
moombahton	rap	3	991811.5
toronto rap	tropical house	3	8203038.333333332
pop rap	tropical	3	8427749.0
art pop	pop	3	2443434.5
latin hip hop	pop	3	4232842.5
canadian hip hop	soul	2	4242678.0
canadian pop	soul	2	4242678.0
hip hop	soul	2	4242678.0
pop rap	soul	2	4242678.0
rap	soul	2	4242678.0
soul	toronto rap	2	4242678.0
dutch pop	uk pop	2	10594931.0
big room	dutch pop	2	10594931.0
dutch pop	progressive house	2	10594931.0
german hip hop	metropopolis	2	1514612.5
albanian hip hop	hamburg hip hop	2	11538194.0
dancehall	post-teen pop	2	586347.0
post-teen pop	uk dancehall	2	586347.0
post-teen pop	uk hip hop	2	586347.0
edm	uk dancehall	2	586347.0
edm	uk hip hop	2	586347.0
dancehall	house	2	586347.0
house	uk dancehall	2	586347.0
house	uk hip hop	2	586347.0
dancehall	uk dance	2	586347.0
uk dance	uk dancehall	2	586347.0
uk dance	uk hip hop	2	586347.0
house	norwegian pop	2	11222652.5
norwegian pop	uk dance	2	11222652.5
german hip hop	schlager	2	2339647.0
big room	future house	2	12787154.0
future house	progressive house	2	12787154.0
big room	progressive electro house	2	12787154.0
progressive electro house	progressive house	2	12787154.0
progressive house	progressive house	2	12787154.0
dance pop	outlaw country	2	9999229.0
outlaw country	pop	2	9999229.0
dutch house	edm	2	432655.5
edm	latin viral pop	2	11673211.0
latin viral pop	tropical house	2	11673211.0
edm	rap latina	2	11673211.0
rap latina	tropical house	2	11673211.0
dancehall	latin viral pop	2	11673211.0
latin viral pop	pop rap	2	11673211.0
dancehall	rap latina	2	11673211.0
pop rap	rap latina	2	11673211.0
german cloud rap	southern hip hop	2	1601974.5
belgian edm	deep big room	2	9850166.0
belgian edm	house	2	9850166.0
belgian edm	pop edm	2	9850166.0
belgian edm	progressive house	2	9850166.0
canadian hip hop	hip pop	2	9622335.0
canadian hip hop	queens hip hop	2	9622335.0
german cloud rap	kosovan pop	2	1410258.0
german cloud rap	turbo folk	2	1410258.0
crunk	hip hop	2	1828453.0
crunk	melodic rap	2	1828453.0
crunk	pop rap	2	1828453.0
crunk	rap	2	1828453.0
crunk	southern hip hop	2	1828453.0
hip hop	memphis hip hop	2	1828453.0
melodic rap	memphis hip hop	2	1828453.0
memphis hip hop	pop rap	2	1828453.0
memphis hip hop	rap	2	1828453.0
memphis hip hop	southern hip hop	2	1828453.0
emo rap	reggaeton flow	2	2809362.5
emo rap	trap latino	2	2809362.5
rap	reggaeton flow	2	2809362.5
reggaeton flow	trap	2	2809362.5
trap	trap latino	2	2809362.5
contemporary country	pop edm	2	15394576.5
pop edm	texas country	2	15394576.5
complextro	pop edm	2	15394576.5
german techno	pop edm	2	15394576.5
complextro	contemporary country	2	15394576.5
contemporary country	german techno	2	15394576.5
complextro	texas country	2	15394576.5
dance pop	texas country	2	15394576.5
edm	texas country	2	15394576.5
electro house	texas country	2	15394576.5
german techno	texas country	2	15394576.5
pop	texas country	2	15394576.5
post-teen pop	texas country	2	15394576.5
texas country	tropical house	2	15394576.5
chicago rap	toronto rap	2	792465.0
dirty south rap	german hip hop	2	540035.5
albanian hip hop	basshall	2	4740348.5
basshall	turbo folk	2	4740348.5
albanian pop	kosovan pop	2	4740348.5
albanian pop	turbo folk	2	4740348.5
albanian pop	basshall	2	4740348.5
german hip hop	german singer-songwriter	2	9944063.5
german pop	german singer-songwriter	2	9944063.5
german rock	german singer-songwriter	2	9944063.5
canadian contemporary r&b	destroy techno	2	517566.0
canadian pop	destroy techno	2	517566.0
destroy techno	pop	2	517566.0
basshall	deep german hip hop	2	889466.0
atl trap	dance pop	2	17897386.0
dance pop	gangster rap	2	17897386.0
atl trap	pop	2	17897386.0
gangster rap	pop	2	17897386.0
atl trap	post-teen pop	2	17897386.0
gangster rap	post-teen pop	2	17897386.0
social media pop	uk dance	2	19634138.0
atl hip hop	hip pop	2	625077.0
atl hip hop	queens hip hop	2	625077.0
british soul	metropopolis	2	1414124.0
metropopolis	r&b	2	1414124.0
metropopolis	urban contemporary	2	1414124.0
british soul	modern rock	2	1414124.0
modern rock	r&b	2	1414124.0
modern rock	urban contemporary	2	1414124.0
british soul	pop rock	2	1414124.0
pop rock	r&b	2	1414124.0
pop rock	urban contemporary	2	1414124.0
edm	modern rock	2	10926283.5
edm	rock	2	10926283.5
rock	tropical house	2	10926283.5
detroit hip hop	west coast rap	2	2288550.0
chicago rap	dirty south rap	2	7224636.0
conscious hip hop	dirty south rap	2	7224636.0
conscious hip hop	miami hip hop	2	7224636.0
conscious hip hop	urban contemporary	2	7224636.0
canadian pop	chicago rap	2	7224636.0
conscious hip hop	melodic rap	2	7224636.0
canadian pop	dirty south rap	2	7224636.0
canadian pop	miami hip hop	2	7224636.0
melodic rap	urban contemporary	2	7224636.0
canadian pop	melodic rap	2	7224636.0
emo rap	lgbtq+ hip hop	2	8392061.5
lgbtq+ hip hop	miami hip hop	2	8392061.5
hip pop	urban contemporary	2	8244821.5
queens hip hop	urban contemporary	2	8244821.5
detroit hip hop	uk pop	2	17150587.5
g funk	uk pop	2	17150587.5
alternative r&b	viral pop	2	2775325.5
alternative r&b	indie poptimism	2	15290211.0
etherpop	post-teen pop	2	15290211.0
dance pop	girl group	2	3240252.5
girl group	hip pop	2	3240252.5
girl group	pop	2	3240252.5
girl group	pop rap	2	3240252.5
girl group	post-teen pop	2	3240252.5
girl group	queens hip hop	2	3240252.5
hip pop	talent show	2	3240252.5
pop rap	talent show	2	3240252.5
queens hip hop	talent show	2	3240252.5
hip pop	uk pop	2	3240252.5
queens hip hop	uk pop	2	3240252.5
german cloud rap	phonk	2	5307490.0
electropop	nyc pop	2	446469.5
nyc pop	pop	2	446469.5
nyc pop	tropical house	2	446469.5
country	electropop	2	8406424.5
country pop	electropop	2	8406424.5
country road	electropop	2	8406424.5
electropop	modern country rock	2	8406424.5
canadian contemporary r&b	detroit hip hop	2	961190.0
canadian pop	detroit hip hop	2	961190.0
canadian contemporary r&b	g funk	2	961190.0
canadian pop	g funk	2	961190.0
belgian edm	la pop	2	1939894.5
edm	la pop	2	1939894.5
la pop	pop	2	1939894.5
la pop	tropical house	2	1939894.5
deep german hip hop	indie deutschrap	2	592265.0
brostep	conscious hip hop	2	5797092.0
conscious hip hop	progressive electro house	2	5797092.0
brostep	dmv rap	2	5797092.0
dmv rap	progressive electro house	2	5797092.0
brostep	hip hop	2	5797092.0
brostep	pop rap	2	5797092.0
deep german hip hop	turkish hip hop	2	1673600.0
german cloud rap	turkish hip hop	2	1673600.0
dance pop	reggae fusion	2	13015623.0
dance pop	virgin islands reggae	2	13015623.0
edm	reggae fusion	2	13015623.0
edm	virgin islands reggae	2	13015623.0
electro house	reggae fusion	2	13015623.0
electro house	virgin islands reggae	2	13015623.0
german dance	reggae fusion	2	13015623.0
german dance	virgin islands reggae	2	13015623.0
pop	reggae fusion	2	13015623.0
pop	virgin islands reggae	2	13015623.0
reggae fusion	tropical house	2	13015623.0
tropical house	virgin islands reggae	2	13015623.0
latin	rap latina	2	5244978.0
rap latina	reggaeton	2	5244978.0
puerto rican pop	trap latino	2	4982121.0
german dance	latin	2	5914970.5
german dance	latin pop	2	5914970.5
latin pop	tropical house	2	5914970.5
german dance	reggaeton	2	5914970.5
german dance	german pop	2	6801550.0
german pop	tropical house	2	3289804.5
electro latino	german pop	2	643376.0
german pop	latin	2	643376.0
german pop	latin pop	2	643376.0
german pop	spanish pop	2	643376.0
german pop	tropical	2	643376.0
latin pop	miami hip hop	2	3520324.0
albanian hip hop	latin hip hop	2	4681775.5
albanian hip hop	reggaeton	2	4681775.5
atl hip hop	gangster rap	2	1625909.5
atl hip hop	underground hip hop	2	1625909.5
pop rap	underground hip hop	2	1625909.5
southern hip hop	underground hip hop	2	1625909.5
trap	underground hip hop	2	1625909.5
indietronica	pop rap	2	2337530.0
pop rap	uk alternative pop	2	2337530.0
indietronica	southern hip hop	2	2337530.0
southern hip hop	uk alternative pop	2	2337530.0
indietronica	trap	2	2337530.0
trap	uk alternative pop	2	2337530.0
southern hip hop	west coast rap	2	2337530.0
art pop	conscious hip hop	2	2337530.0
conscious hip hop	indie r&b	2	2337530.0
conscious hip hop	indietronica	2	2337530.0
hip hop	indietronica	2	2337530.0
conscious hip hop	uk alternative pop	2	2337530.0
hip hop	uk alternative pop	2	2337530.0
hip hop	indie pop rap	2	3161322.0
indie pop rap	southern hip hop	2	3161322.0
indie pop rap	trap	2	3161322.0
indie pop rap	pop	2	14407967.5
dance pop	deep house	2	3896597.5
deep house	edm	2	4087496.0
german pop	partyschlager	2	9447978.5
edm	german hip hop	2	5936233.0
german hip hop	tropical house	2	5936233.0
brostep	dance pop	2	34213421.0
brostep	post-teen pop	2	34213421.0
pop rap	viral pop	2	4933355.0
post-teen pop	social media pop	2	3910372.0
deep pop r&b	pop	2	3021129.0
edm	indie anthem-folk	2	7161053.5
indie anthem-folk	pop	2	7161053.5
indie anthem-folk	tropical house	2	7161053.5
latin pop	trap latino	2	3526284.5
bachata	reggaeton flow	2	253429.0
atl hip hop	canadian hip hop	2	4098553.5
atl trap	hip hop	2	1160339.0
atl trap	pop rap	2	1160339.0
atl hip hop	toronto rap	2	4098553.5
atl hip hop	uk pop	2	1830465.0
southern hip hop	uk pop	2	1830465.0
canadian pop	electropop	2	5967526.0
dutch house	post-teen pop	2	7267820.0
electropop	progressive electro house	2	869863.0
metropopolis	progressive electro house	2	14518806.5
electropop	progressive house	2	487806.0
big room	southern hip hop	2	439938.0
deep big room	trap	2	12221053.5
hip hop	progressive house	2	435019.0
progressive house	southern hip hop	2	435019.0
candy pop	rap	2	2791560.5
metropopolis	trap	2	2243133.5
emo rap	hip hop	2	980491.5
miami hip hop	new orleans rap	2	414823.5
hip hop	latin	2	10000416.5
canadian pop	reggaeton	2	6819532.5
hip hop	reggaeton	2	10000416.5
dfw rap	post-teen pop	2	2589584.0
modern alternative rock	post-teen pop	2	10197544.0
piano rock	pop rap	2	4412535.5
edm	europop	2	36921156.0
europop	tropical house	2	36921156.0
gangster rap	gangster rap	2	590059.5
gangster rap	south african hip hop	2	914289.0
hip hop	south african hip hop	2	914289.0
pop rap	south african hip hop	2	914289.0
rap	south african hip hop	2	914289.0
south african hip hop	southern hip hop	2	914289.0
south african hip hop	trap	2	914289.0
hip hop	house	2	1684176.0
house	melodic rap	2	13470210.5
house	southern hip hop	2	1684176.0
hip hop	uk dance	2	1684176.0
southern hip hop	uk dance	2	1684176.0
french pop	german hip hop	2	10744971.0
german hip hop	rap conscient	2	10744971.0
deep german hip hop	pop	2	1557200.0
bmore	uk pop	2	4250865.5
electropop	metropopolis	2	4432599.0
electropop	moombahton	2	2196958.5
moombahton	uk pop	2	4250865.5
ninja	uk pop	2	4250865.5
dance pop	indie electropop	2	4947689.5
electro house	indie electropop	2	5374335.5
indie electropop	pop	2	4947689.5
indie electropop	post-teen pop	2	4947689.5
dance pop	vapor soul	2	4618699.0
dance pop	disco house	2	789185.5
disco house	pop	2	789185.5
edm	uk contemporary r&b	2	20808614.0
uk contemporary r&b	uk dance	2	20808614.0
baile pop	latin	2	258038.5
baile pop	reggaeton	2	258038.5
funk das antigas	latin	2	258038.5
funk das antigas	reggaeton	2	258038.5
hip hop	vapor trap	2	7376585.0
pop rap	vapor trap	2	7376585.0
rap	vapor trap	2	7376585.0
atl trap	trap	2	1747142.5
atl hip hop	atl hip hop	2	379994.0
edm	moombahton	2	2563652.0
indie poptimism	video game music	2	913096.0
electropop	k-pop girl group	2	1417997.0
indie electropop	k-pop girl group	2	1417997.0
indie poptimism	k-pop girl group	2	1417997.0
k-pop girl group	video game music	2	1417997.0
pop	video game music	2	1417997.0
post-teen pop	video game music	2	1417997.0
uk dance	urban contemporary	2	2821424.0
detroit hip hop	r&b	2	459177.0
albanian hip hop	kosovan pop	2	23140338.5
atl hip hop	trap soul	2	1959986.5
detroit hip hop	trap	2	274665.0
emo rap	french hip hop	2	6525769.5
french hip hop	rap	2	6525769.5
french hip hop	trap	2	6525769.5
dirty south rap	r&b	2	767931.0
dance pop	miami hip hop	2	767931.0
miami hip hop	r&b	2	767931.0
barbadian pop	pop	2	907915.0
barbadian pop	trap	2	907915.0
german hip hop	rap marseille	2	12735756.0
indie poptimism	pop edm	2	383659.5
k-pop	pop rap	2	273799.5
k-pop boy group	pop rap	2	273799.5
dance pop	k-pop boy group	2	273799.5
neo soul	pop rap	2	19730802.5
tropical house	uk funky	2	20874967.0
uk funky	uk pop	2	20874967.0
pop rap	uk funky	2	21418164.5
dance pop	neo soul	2	39213558.0
neo soul	tropical house	2	39213558.0
neo soul	uk pop	2	39213558.0
uk contemporary r&b	uk pop	2	39213558.0
conscious hip hop	new orleans rap	2	696592.5
new orleans rap	pop	2	342542.0
new orleans rap	trap	2	342542.0
adult standards	dance pop	2	2134278.5
contemporary country	hip pop	2	1878092.5
country	hip pop	2	1878092.5
country road	hip pop	2	1878092.5
canadian pop	edm	2	13520870.0
canadian pop	tropical house	2	13520870.0
deep euro house	pop	2	3035338.5
dance pop	hollywood	2	7170996.5
hollywood	post-teen pop	2	7170996.5
post-teen pop	toronto rap	2	387139.0
pop edm	uk pop	2	368583.0
post-teen pop	r&b	2	5170013.0
post-teen pop	trap soul	2	5170013.0
electro house	norwegian pop	2	1670382.5
basshall	dance pop	2	9914902.5
basshall	pop	2	9914902.5
basshall	tropical house	2	9914902.5
downtempo	rap	2	918975.0
downtempo	trap	2	918975.0
canadian contemporary r&b	conscious hip hop	2	5351367.0
dance pop	dmv rap	2	2270020.5
dance pop	electronic trap	2	11548299.5
pop	shiver pop	2	1666789.5
electropop	melodic rap	2	1286390.0
moombahton	pop rap	2	991811.5
canadian hip hop	tropical house	2	12174878.5
pop rap	shiver pop	2	509745.0
electropop	uk dance	2	6178668.0
swedish pop	uk dance	2	3184704.5
post-teen pop	swedish pop	2	3184704.5
cali rap	rap	2	1841583.0
adult standards	vocal harmony group	2	986710.0
easy listening	vocal harmony group	2	986710.0
lounge	vocal harmony group	2	986710.0
adult standards	lounge	2	494313.0
house	toronto rap	2	12049685.0
bmore	rap	2	1473878.0
ninja	rap	2	1473878.0
alternative r&b	alternative r&b	2	3234571.0
alternative r&b	melodic rap	2	2854171.5
alternative r&b	southern hip hop	2	3645308.0
alternative r&b	trap soul	2	3645308.0
indietronica	pop	2	1980732.5
belgian edm	dance pop	2	1137631.0
belgian dance	pop	2	1137631.0
edm	indietronica	2	1137631.0
indietronica	tropical house	2	1137631.0
belgian edm	indie poptimism	2	1137631.0
belgian edm	indietronica	2	1137631.0
edm	trap soul	2	12231670.0
beach music	brill building pop	2	688848.0
beach music	rock-and-roll	2	688848.0
beach music	rockabilly	2	688848.0
brill building pop	rock-and-roll	2	688848.0
brill building pop	rockabilly	2	688848.0
rock-and-roll	rockabilly	2	688848.0
deep tech house	tropical house	2	760016.0
edm	indie soul	2	760016.0
edm	new french touch	2	760016.0
indie soul	tropical house	2	760016.0
new french touch	tropical house	2	760016.0
deep euro house	house	2	760016.0
indiecoustica	pop	2	7828160.0
atl hip hop	latin	2	10056358.0
atl hip hop	reggaeton	2	10056358.0
latin	southern hip hop	2	10056358.0
reggaeton	southern hip hop	2	10056358.0
electro latino	pop rap	2	10056358.0
pop rap	spanish pop	2	10056358.0
funk carioca	pop rap	2	10056358.0
latin	uk dancehall	2	10056358.0
latin	uk hip hop	2	10056358.0
reggaeton	uk dancehall	2	10056358.0
reggaeton	uk hip hop	2	10056358.0
alternative r&b	art pop	2	2443434.5
nz pop	pop	2	2063035.0
nz pop	rap	2	2063035.0
east coast hip hop	southern hip hop	2	627947.0
east coast hip hop	trap	2	627947.0
indie r&b	pop	2	1627262.5
australian dance	big room	2	275713.0
australian dance	electro house	2	275713.0
afro dancehall	pop rap	2	2070390.0
afropop	pop rap	2	2070390.0
azonto	pop rap	2	2070390.0
latin hip hop	post-teen pop	2	4232842.5
canadian pop	tropical	2	1666545.0
candy pop	post-teen pop	2	4981026.0
metropopolis	post-teen pop	2	4981026.0
dance pop	neo mellow	2	3835035.0
latin	miami hip hop	2	12962919.0
miami hip hop	reggaeton	2	12962919.0
post-teen pop	trap latino	2	14692997.0
latin	urban contemporary	2	6799140.0
dance pop	latin hip hop	2	6799140.0
dance pop	reggaeton flow	2	6799140.0
pop	reggaeton flow	2	6799140.0
edm	video game music	2	408195.0
electro house	video game music	2	408195.0
edm	melodic metalcore	2	408195.0
edm	metalcore	2	408195.0
edm	post-screamo	2	408195.0
edm	screamo	2	408195.0
edm	trancecore	2	408195.0
electro house	melodic metalcore	2	408195.0
electro house	metalcore	2	408195.0
electro house	post-screamo	2	408195.0
electro house	screamo	2	408195.0
electro house	trancecore	2	408195.0
francoton	pop rap	2	11319630.0
big room	dfw rap	2	23840012.0
big room	melodic rap	2	23840012.0
canadian electronic	rap	2	23840012.0
dfw rap	electro house	2	23840012.0
pop edm	rap	2	23840012.0
big room	canadian hip hop	2	23840012.0
big room	toronto rap	2	23840012.0
big room	trap soul	2	23840012.0
electro house	trap soul	2	23840012.0
dutch edm	rap	2	23840012.0
rap	trance	2	23840012.0
dance pop	finnish pop	1	4124476.0
deep euro house	finnish pop	1	4124476.0
deep house	finnish pop	1	4124476.0
edm	finnish pop	1	4124476.0
finnish pop	german dance	1	4124476.0
finnish pop	pop	1	4124476.0
finnish pop	tropical house	1	4124476.0
albanian hip hop	french hip hop	1	1613660.0
deep german hip hop	french hip hop	1	1613660.0
albanian hip hop	pop urbaine	1	1613660.0
deep german hip hop	pop urbaine	1	1613660.0
albanian hip hop	rap algerien	1	1613660.0
deep german hip hop	rap algerien	1	1613660.0
german hip hop	rap algerien	1	1613660.0
albanian hip hop	rap tunisien	1	1613660.0
deep german hip hop	rap tunisien	1	1613660.0
german hip hop	rap tunisien	1	1613660.0
latin	latin viral pop	1	5244978.0
latin pop	latin viral pop	1	5244978.0
latin viral pop	rap latina	1	5244978.0
latin viral pop	reggaeton	1	5244978.0
latin viral pop	tropical	1	5244978.0
latin pop	rap latina	1	5244978.0
rap latina	rap latina	1	5244978.0
rap latina	tropical	1	5244978.0
dance pop	eurovision	1	643376.0
electro latino	eurovision	1	643376.0
eurovision	latin	1	643376.0
eurovision	latin pop	1	643376.0
eurovision	reggaeton	1	643376.0
eurovision	spanish pop	1	643376.0
eurovision	tropical	1	643376.0
electro latino	german dance	1	643376.0
electro latino	pop edm	1	643376.0
electro latino	tropical house	1	643376.0
latin	pop edm	1	643376.0
latin pop	pop edm	1	643376.0
pop edm	reggaeton	1	643376.0
german dance	spanish pop	1	643376.0
pop edm	spanish pop	1	643376.0
spanish pop	tropical house	1	643376.0
german dance	tropical	1	643376.0
pop edm	tropical	1	643376.0
tropical	tropical house	1	643376.0
eurovision	german dance	1	643376.0
eurovision	german pop	1	643376.0
eurovision	pop edm	1	643376.0
eurovision	tropical house	1	643376.0
german pop	pop edm	1	643376.0
latin pop	latin pop	1	3520324.0
latin pop	pop argentino	1	3520324.0
dance pop	pop argentino	1	3520324.0
edm	pop argentino	1	3520324.0
miami hip hop	pop argentino	1	3520324.0
pop	pop argentino	1	3520324.0
pop argentino	pop rap	1	3520324.0
latin	r&b	1	441646.0
r&b	reggaeton	1	441646.0
francoton	r&b	1	441646.0
art pop	atl hip hop	1	2337530.0
atl hip hop	indie r&b	1	2337530.0
atl hip hop	indietronica	1	2337530.0
atl hip hop	uk alternative pop	1	2337530.0
atl hip hop	west coast rap	1	2337530.0
art pop	gangster rap	1	2337530.0
art pop	underground hip hop	1	2337530.0
gangster rap	indie r&b	1	2337530.0
indie r&b	underground hip hop	1	2337530.0
gangster rap	indietronica	1	2337530.0
indietronica	underground hip hop	1	2337530.0
gangster rap	uk alternative pop	1	2337530.0
uk alternative pop	underground hip hop	1	2337530.0
art pop	west coast rap	1	2337530.0
indie r&b	west coast rap	1	2337530.0
indietronica	west coast rap	1	2337530.0
uk alternative pop	west coast rap	1	2337530.0
conscious hip hop	conscious hip hop	1	2337530.0
conscious hip hop	west coast rap	1	2337530.0
conscious hip hop	gangster rap	1	2337530.0
conscious hip hop	underground hip hop	1	2337530.0
underground hip hop	west coast rap	1	2337530.0
edm	indie cafe pop	1	12583217.0
indie cafe pop	pop	1	12583217.0
indie cafe pop	tropical house	1	12583217.0
east coast hip hop	indie pop rap	1	4481061.0
deep euro house	deep house	1	7414976.0
deep house	deep house	1	7414976.0
deep house	german dance	1	7414976.0
edm	german pop	1	5936233.0
german pop	pop rap	1	5936233.0
german cloud rap	german indie	1	482550.0
german cloud rap	german reggae	1	482550.0
german hip hop	german reggae	1	482550.0
german cloud rap	indie deutschrap	1	482550.0
etherpop	hip hop	1	24334874.0
hip hop	indie poptimism	1	24334874.0
dance pop	indie pop rap	1	24334874.0
electropop	indie pop rap	1	24334874.0
etherpop	indie pop rap	1	24334874.0
indie pop rap	indie poptimism	1	24334874.0
indie pop rap	post-teen pop	1	24334874.0
etherpop	rap	1	24334874.0
indie poptimism	rap	1	24334874.0
deep groove house	uk pop	1	13212103.0
electro house	social media pop	1	4166087.0
electropop	social media pop	1	4166087.0
pop edm	social media pop	1	4166087.0
pop rap	social media pop	1	4166087.0
alternative r&b	brostep	1	17717944.0
alternative r&b	progressive electro house	1	17717944.0
alternative hip hop	canadian pop	1	658768.0
alternative hip hop	pop	1	658768.0
alternative hip hop	post-teen pop	1	658768.0
canadian pop	underground hip hop	1	658768.0
pop	underground hip hop	1	658768.0
post-teen pop	underground hip hop	1	658768.0
alternative hip hop	deep pop r&b	1	658768.0
conscious hip hop	deep pop r&b	1	658768.0
deep pop r&b	hip hop	1	658768.0
deep pop r&b	rap	1	658768.0
deep pop r&b	southern hip hop	1	658768.0
deep pop r&b	underground hip hop	1	658768.0
canadian pop	deep pop r&b	1	658768.0
deep pop r&b	post-teen pop	1	658768.0
deep euro house	indie anthem-folk	1	13938418.0
german dance	indie anthem-folk	1	13938418.0
alternative r&b	big room	1	13257367.0
alternative r&b	edm	1	13257367.0
alternative r&b	progressive house	1	13257367.0
alternative r&b	tropical house	1	13257367.0
bachata	trap latino	1	253429.0
bachata	latin hip hop	1	253429.0
bachata	tropical	1	253429.0
atl trap	canadian hip hop	1	1974453.0
atl trap	canadian pop	1	1974453.0
atl trap	toronto rap	1	1974453.0
big room	candy pop	1	602095.0
big room	metropopolis	1	602095.0
candy pop	deep big room	1	602095.0
deep big room	electropop	1	602095.0
deep big room	metropopolis	1	602095.0
deep big room	post-teen pop	1	602095.0
candy pop	dutch house	1	602095.0
dutch house	electropop	1	602095.0
dutch house	metropopolis	1	602095.0
candy pop	electro house	1	602095.0
electro house	metropopolis	1	602095.0
candy pop	progressive electro house	1	602095.0
candy pop	progressive house	1	602095.0
metropopolis	progressive house	1	602095.0
big room	hip hop	1	602095.0
deep big room	hip hop	1	602095.0
deep big room	pop rap	1	602095.0
deep big room	southern hip hop	1	602095.0
dutch house	hip hop	1	602095.0
dutch house	pop rap	1	602095.0
dutch house	rap	1	602095.0
dutch house	southern hip hop	1	602095.0
dutch house	trap	1	602095.0
progressive electro house	southern hip hop	1	602095.0
progressive electro house	trap	1	602095.0
candy pop	hip hop	1	602095.0
candy pop	southern hip hop	1	602095.0
candy pop	trap	1	602095.0
hip hop	metropopolis	1	602095.0
metropopolis	southern hip hop	1	602095.0
emo rap	new orleans rap	1	487105.0
canadian hip hop	latin	1	11972520.0
latin	toronto rap	1	11972520.0
canadian hip hop	reggaeton	1	11972520.0
reggaeton	toronto rap	1	11972520.0
canadian hip hop	trap latino	1	11972520.0
canadian pop	trap latino	1	11972520.0
hip hop	trap latino	1	11972520.0
toronto rap	trap latino	1	11972520.0
albanian hip hop	latin	1	8028313.0
albanian hip hop	tropical	1	8028313.0
kosovan pop	latin	1	8028313.0
kosovan pop	latin hip hop	1	8028313.0
kosovan pop	reggaeton	1	8028313.0
kosovan pop	tropical	1	8028313.0
albanian hip hop	hip hop	1	8028313.0
hip hop	kosovan pop	1	8028313.0
hip hop	latin hip hop	1	8028313.0
hip hop	tropical	1	8028313.0
dfw rap	hip pop	1	3116133.0
hip pop	melodic rap	1	3116133.0
dfw rap	queens hip hop	1	3116133.0
melodic rap	queens hip hop	1	3116133.0
chicago indie	new french touch	1	13444682.0
chicago indie	tropical house	1	13444682.0
funk	new french touch	1	13444682.0
funk	tropical house	1	13444682.0
new french touch	soul	1	13444682.0
soul	tropical house	1	13444682.0
alternative hip hop	detroit hip hop	1	2375266.0
detroit hip hop	detroit hip hop	1	2375266.0
detroit hip hop	hardcore hip hop	1	2375266.0
detroit hip hop	underground hip hop	1	2375266.0
alternative hip hop	g funk	1	2375266.0
g funk	hardcore hip hop	1	2375266.0
g funk	southern hip hop	1	2375266.0
g funk	underground hip hop	1	2375266.0
alternative hip hop	hip hop	1	2375266.0
hardcore hip hop	hip hop	1	2375266.0
alternative hip hop	rap	1	2375266.0
hardcore hip hop	rap	1	2375266.0
dance pop	rock	1	13523259.0
dance pop	stomp pop	1	13523259.0
electropop	modern alternative rock	1	13523259.0
electropop	modern rock	1	13523259.0
electropop	pop rock	1	13523259.0
electropop	rock	1	13523259.0
electropop	stomp pop	1	13523259.0
pop	stomp pop	1	13523259.0
modern rock	post-teen pop	1	13523259.0
pop rock	post-teen pop	1	13523259.0
post-teen pop	rock	1	13523259.0
post-teen pop	stomp pop	1	13523259.0
modern alternative rock	pop rap	1	13523259.0
pop rap	rock	1	13523259.0
pop rap	stomp pop	1	13523259.0
modern alternative rock	rap	1	13523259.0
modern rock	rap	1	13523259.0
rap	rock	1	13523259.0
rap	stomp pop	1	13523259.0
birmingham grime	east coast hip hop	1	15336525.0
east coast hip hop	grime	1	15336525.0
east coast hip hop	instrumental grime	1	15336525.0
birmingham grime	hip hop	1	15336525.0
grime	hip hop	1	15336525.0
hip hop	instrumental grime	1	15336525.0
birmingham grime	pop rap	1	15336525.0
grime	pop rap	1	15336525.0
instrumental grime	pop rap	1	15336525.0
birmingham grime	rap	1	15336525.0
grime	rap	1	15336525.0
instrumental grime	rap	1	15336525.0
birmingham grime	southern hip hop	1	15336525.0
grime	southern hip hop	1	15336525.0
instrumental grime	southern hip hop	1	15336525.0
birmingham grime	trap	1	15336525.0
grime	trap	1	15336525.0
instrumental grime	trap	1	15336525.0
edm	eurodance	1	72906724.0
edm	italo dance	1	72906724.0
eurodance	tropical house	1	72906724.0
italo dance	tropical house	1	72906724.0
afrofuturism	east coast hip hop	1	350407.0
art pop	east coast hip hop	1	350407.0
east coast hip hop	electropop	1	350407.0
east coast hip hop	escape room	1	350407.0
east coast hip hop	indie r&b	1	350407.0
east coast hip hop	trip hop	1	350407.0
afrofuturism	hip hop	1	350407.0
escape room	hip hop	1	350407.0
hip hop	trip hop	1	350407.0
afrofuturism	pop rap	1	350407.0
escape room	pop rap	1	350407.0
pop rap	trip hop	1	350407.0
afrofuturism	rap	1	350407.0
escape room	rap	1	350407.0
rap	trip hop	1	350407.0
afrofuturism	southern hip hop	1	350407.0
escape room	southern hip hop	1	350407.0
southern hip hop	trip hop	1	350407.0
afrofuturism	trap	1	350407.0
escape room	trap	1	350407.0
trap	trip hop	1	350407.0
atl hip hop	south african hip hop	1	914289.0
gangster rap	underground hip hop	1	914289.0
south african hip hop	underground hip hop	1	914289.0
electropop	permanent wave	1	5095290.0
permanent wave	pop	1	5095290.0
permanent wave	tropical house	1	5095290.0
alternative rock	modern rock	1	4320101.0
atl hip hop	house	1	3100409.0
atl hip hop	uk dance	1	3100409.0
melodic rap	uk dance	1	3100409.0
melodic rap	uk pop	1	3100409.0
k-pop	uk pop	1	7834534.0
k-pop girl group	uk pop	1	7834534.0
broadway	movie tunes	1	5310561.0
hollywood	movie tunes	1	5310561.0
movie tunes	show tunes	1	5310561.0
dfw rap	melodic rap	1	4913998.0
melodic rap	melodic rap	1	4913998.0
deep euro house	uk pop	1	15241573.0
deep euro house	german dance	1	15241573.0
german dance	german dance	1	15241573.0
hamburg hip hop	latin hip hop	1	28766974.0
hamburg hip hop	reggaeton	1	28766974.0
christlicher rap	german pop	1	459598.0
australian hip hop	edm	1	2813231.0
australian indie	edm	1	2813231.0
australian hip hop	electropop	1	2813231.0
australian indie	electropop	1	2813231.0
australian hip hop	indie poptimism	1	2813231.0
australian indie	indie poptimism	1	2813231.0
australian pop	indie poptimism	1	2813231.0
australian hip hop	pop	1	2813231.0
australian indie	pop	1	2813231.0
australian hip hop	tropical house	1	2813231.0
australian indie	tropical house	1	2813231.0
edm	r&b	1	23881833.0
r&b	tropical house	1	23881833.0
dance pop	deep german hip hop	1	587523.0
bmore	electropop	1	3884172.0
bmore	metropopolis	1	3884172.0
bmore	tropical house	1	3884172.0
metropopolis	moombahton	1	3884172.0
moombahton	tropical house	1	3884172.0
electropop	ninja	1	3884172.0
metropopolis	ninja	1	3884172.0
ninja	tropical house	1	3884172.0
belgian edm	neo mellow	1	13463432.0
belgian edm	pop rock	1	13463432.0
complextro	electropop	1	8477382.0
electropop	german techno	1	8477382.0
complextro	indie electropop	1	8477382.0
edm	indie electropop	1	8477382.0
german techno	indie electropop	1	8477382.0
indie electropop	tropical house	1	8477382.0
complextro	indie poptimism	1	8477382.0
german techno	indie poptimism	1	8477382.0
complextro	vapor soul	1	8477382.0
electro house	vapor soul	1	8477382.0
german techno	vapor soul	1	8477382.0
post-teen pop	vapor soul	1	8477382.0
dance pop	filter house	1	818355.0
dance pop	vocal house	1	818355.0
disco house	electropop	1	818355.0
electropop	filter house	1	818355.0
electropop	vocal house	1	818355.0
filter house	pop	1	818355.0
pop	vocal house	1	818355.0
filter house	tropical house	1	818355.0
tropical house	vocal house	1	818355.0
house	uk contemporary r&b	1	2403670.0
german underground rap	latin hip hop	1	2106320.0
german underground rap	reggaeton	1	2106320.0
latin	pagode baiano	1	247226.0
pagode baiano	reggaeton	1	247226.0
hip hop	houston rap	1	346225.0
atl trap	new orleans rap	1	346225.0
houston rap	new orleans rap	1	346225.0
new orleans rap	vapor trap	1	346225.0
houston rap	pop rap	1	346225.0
houston rap	rap	1	346225.0
houston rap	trap	1	346225.0
trap	vapor trap	1	346225.0
bmore	edm	1	4617559.0
bmore	house	1	4617559.0
house	moombahton	1	4617559.0
edm	ninja	1	4617559.0
house	ninja	1	4617559.0
electropop	k-pop	1	1417997.0
indie electropop	k-pop	1	1417997.0
indie poptimism	k-pop	1	1417997.0
k-pop	k-pop girl group	1	1417997.0
k-pop girl group	k-pop girl group	1	1417997.0
k-pop	video game music	1	1417997.0
electropop	video game music	1	1417997.0
indie electropop	video game music	1	1417997.0
dance pop	video game music	1	1417997.0
r&b	uk pop	1	6590764.0
dance pop	deep pop r&b	1	5383490.0
deep pop r&b	edm	1	5383490.0
deep pop r&b	tropical house	1	5383490.0
deep pop r&b	uk dance	1	5383490.0
dance pop	g funk	1	643689.0
g funk	r&b	1	643689.0
german hip hop	rap ivoire	1	1473947.0
atl hip hop	detroit hip hop	1	274665.0
detroit hip hop	trap soul	1	274665.0
progressive house	swedish pop	1	5203197.0
emo rap	latin hip hop	1	14073720.0
latin hip hop	rap	1	14073720.0
latin hip hop	trap	1	14073720.0
chicago rap	philly rap	1	762836.0
basshall	german pop	1	2094661.0
emo rap	russian hip hop	1	315783.0
rap	russian hip hop	1	315783.0
russian hip hop	trap	1	315783.0
barbadian pop	dance pop	1	907915.0
barbadian pop	dirty south rap	1	907915.0
dirty south rap	urban contemporary	1	907915.0
barbadian pop	miami hip hop	1	907915.0
miami hip hop	urban contemporary	1	907915.0
barbadian pop	southern hip hop	1	907915.0
barbadian pop	urban contemporary	1	907915.0
urban contemporary	urban contemporary	1	907915.0
big room	indie anthem-folk	1	383689.0
dance pop	indie anthem-folk	1	383689.0
emo rap	pop urbaine	1	12735756.0
emo rap	rap marseille	1	12735756.0
pop urbaine	rap	1	12735756.0
rap	rap marseille	1	12735756.0
pop urbaine	trap	1	12735756.0
rap marseille	trap	1	12735756.0
aussietronica	melbourne bounce	1	2623883.0
melbourne bounce	tropical house	1	2623883.0
edm	talent show	1	391693.0
electropop	talent show	1	391693.0
pop edm	talent show	1	391693.0
talent show	tropical house	1	391693.0
balkan hip hop	turbo folk	1	1891456.0
turbo folk	turbo folk	1	1891456.0
balkan hip hop	german hip hop	1	1891456.0
kosovan pop	kosovan pop	1	28931704.0
k-pop	rap	1	277781.0
k-pop	southern hip hop	1	277781.0
k-pop	trap	1	277781.0
k-pop	viral trap	1	277781.0
k-pop boy group	rap	1	277781.0
k-pop boy group	southern hip hop	1	277781.0
k-pop boy group	trap	1	277781.0
k-pop boy group	viral trap	1	277781.0
big room	k-pop	1	277781.0
edm	k-pop	1	277781.0
electro house	k-pop	1	277781.0
k-pop	tropical house	1	277781.0
big room	k-pop boy group	1	277781.0
edm	k-pop boy group	1	277781.0
electro house	k-pop boy group	1	277781.0
k-pop boy group	tropical house	1	277781.0
big room	viral trap	1	277781.0
dance pop	viral trap	1	277781.0
edm	viral trap	1	277781.0
electro house	viral trap	1	277781.0
tropical house	viral trap	1	277781.0
neo soul	post-teen pop	1	39213558.0
post-teen pop	uk contemporary r&b	1	39213558.0
pop rap	uk contemporary r&b	1	39213558.0
edm	neo soul	1	39213558.0
liquid funk	neo soul	1	39213558.0
neo soul	uk dance	1	39213558.0
neo soul	uk funky	1	39213558.0
liquid funk	uk contemporary r&b	1	39213558.0
uk contemporary r&b	uk funky	1	39213558.0
dance pop	liquid funk	1	39213558.0
liquid funk	pop	1	39213558.0
liquid funk	post-teen pop	1	39213558.0
liquid funk	tropical house	1	39213558.0
liquid funk	uk pop	1	39213558.0
uk pop	uk pop	1	39213558.0
liquid funk	pop rap	1	39213558.0
brostep	tropical house	1	49967357.0
brostep	uk pop	1	49967357.0
progressive electro house	uk pop	1	49967357.0
chicago rap	new orleans rap	1	342542.0
dance pop	new orleans rap	1	342542.0
dirty south rap	new orleans rap	1	342542.0
new orleans rap	southern hip hop	1	342542.0
new orleans rap	urban contemporary	1	342542.0
canadian pop	new orleans rap	1	342542.0
new orleans rap	post-teen pop	1	342542.0
atl hip hop	new orleans rap	1	342542.0
melodic rap	new orleans rap	1	342542.0
german hip hop	jump up	1	2097526.0
adult standards	hip pop	1	1173633.0
adult standards	pop	1	1173633.0
adult standards	post-teen pop	1	1173633.0
hip pop	modern country rock	1	1173633.0
canadian contemporary r&b	dance pop	1	26765025.0
canadian contemporary r&b	edm	1	26765025.0
canadian contemporary r&b	house	1	26765025.0
canadian pop	house	1	26765025.0
canadian contemporary r&b	progressive house	1	26765025.0
canadian pop	progressive house	1	26765025.0
canadian contemporary r&b	tropical house	1	26765025.0
canadian contemporary r&b	uk dance	1	26765025.0
canadian pop	uk dance	1	26765025.0
canadian contemporary r&b	post-teen pop	1	26765025.0
canadian contemporary r&b	uk pop	1	26765025.0
canadian pop	uk pop	1	26765025.0
dance pop	deep euro house	1	378219.0
deep euro house	post-teen pop	1	378219.0
deep house	post-teen pop	1	378219.0
deep euro house	viral pop	1	378219.0
deep house	viral pop	1	378219.0
hollywood	pop	1	10687336.0
electropop	latin	1	4505984.0
electropop	reggaeton	1	4505984.0
new orleans rap	west coast rap	1	1050643.0
electro house	nyc pop	1	2271289.0
barbadian pop	canadian hip hop	1	264533.0
canadian hip hop	urban contemporary	1	264533.0
barbadian pop	canadian pop	1	264533.0
barbadian pop	toronto rap	1	264533.0
toronto rap	urban contemporary	1	264533.0
chicago rap	hip pop	1	2495246.0
chicago rap	queens hip hop	1	2495246.0
pop edm	pop edm	1	368583.0
electropop	german dance	1	368583.0
german pop	german reggae	1	1456488.0
german pop	reggae fusion	1	1456488.0
hip pop	k-pop	1	269818.0
k-pop	queens hip hop	1	269818.0
hip pop	k-pop boy group	1	269818.0
k-pop boy group	pop	1	269818.0
k-pop boy group	post-teen pop	1	269818.0
k-pop boy group	queens hip hop	1	269818.0
trap soul	urban contemporary	1	5170013.0
hip pop	r&b	1	5170013.0
hip pop	trap soul	1	5170013.0
queens hip hop	r&b	1	5170013.0
queens hip hop	trap soul	1	5170013.0
electropop	norwegian pop	1	375626.0
indie poptimism	norwegian pop	1	375626.0
dance pop	norwegian indie	1	375626.0
edm	norwegian indie	1	375626.0
electro house	norwegian indie	1	375626.0
norwegian indie	norwegian pop	1	375626.0
norwegian indie	pop	1	375626.0
norwegian indie	pop edm	1	375626.0
norwegian indie	tropical house	1	375626.0
norwegian pop	norwegian pop	1	375626.0
norwegian pop	pop edm	1	375626.0
dutch pop	post-teen pop	1	13933545.0
dutch house	viral pop	1	13933545.0
dutch pop	viral pop	1	13933545.0
basshall	post-teen pop	1	13933545.0
basshall	viral pop	1	13933545.0
basshall	dutch house	1	13933545.0
basshall	dutch pop	1	13933545.0
canadian hip hop	philly rap	1	2043773.0
canadian pop	philly rap	1	2043773.0
hip hop	philly rap	1	2043773.0
philly rap	pop rap	1	2043773.0
philly rap	toronto rap	1	2043773.0
album rock	experimental rock	1	6642737.0
art rock	experimental rock	1	6642737.0
classic rock	experimental rock	1	6642737.0
experimental rock	folk rock	1	6642737.0
experimental rock	mellow gold	1	6642737.0
experimental rock	psychedelic rock	1	6642737.0
experimental rock	rock	1	6642737.0
album rock	experimental	1	6642737.0
album rock	experimental pop	1	6642737.0
art rock	experimental	1	6642737.0
art rock	experimental pop	1	6642737.0
classic rock	experimental	1	6642737.0
classic rock	experimental pop	1	6642737.0
experimental	folk rock	1	6642737.0
experimental pop	folk rock	1	6642737.0
experimental	mellow gold	1	6642737.0
experimental pop	mellow gold	1	6642737.0
experimental	psychedelic rock	1	6642737.0
experimental pop	psychedelic rock	1	6642737.0
experimental	rock	1	6642737.0
experimental pop	rock	1	6642737.0
experimental	experimental rock	1	6642737.0
experimental pop	experimental rock	1	6642737.0
german pop	latin hip hop	1	976114.0
downtempo	east coast hip hop	1	1328205.0
east coast hip hop	electronica	1	1328205.0
downtempo	hip hop	1	1328205.0
electronica	hip hop	1	1328205.0
electronica	pop rap	1	1328205.0
electronica	rap	1	1328205.0
downtempo	southern hip hop	1	1328205.0
electronica	southern hip hop	1	1328205.0
electronica	trap	1	1328205.0
alternative r&b	canadian contemporary r&b	1	1415593.0
canadian contemporary r&b	dmv rap	1	1415593.0
canadian contemporary r&b	pop rap	1	1415593.0
canadian pop	dmv rap	1	1415593.0
conscious hip hop	electropop	1	1415593.0
dmv rap	electropop	1	1415593.0
dmv rap	post-teen pop	1	1415593.0
alternative r&b	conscious hip hop	1	1415593.0
alternative r&b	dmv rap	1	1415593.0
dance pop	downtempo	1	509745.0
downtempo	edm	1	509745.0
downtempo	electro house	1	509745.0
downtempo	moombahton	1	509745.0
downtempo	pop	1	509745.0
downtempo	tropical house	1	509745.0
edm	electronic trap	1	509745.0
electro house	electronic trap	1	509745.0
electronic trap	moombahton	1	509745.0
electronic trap	tropical house	1	509745.0
dance pop	shiver pop	1	509745.0
edm	shiver pop	1	509745.0
electro house	shiver pop	1	509745.0
moombahton	shiver pop	1	509745.0
shiver pop	tropical house	1	509745.0
canadian hip hop	downtempo	1	509745.0
downtempo	melodic rap	1	509745.0
downtempo	toronto rap	1	509745.0
canadian hip hop	electronic trap	1	509745.0
electronic trap	melodic rap	1	509745.0
electronic trap	toronto rap	1	509745.0
canadian hip hop	electropop	1	509745.0
electropop	toronto rap	1	509745.0
canadian hip hop	shiver pop	1	509745.0
melodic rap	shiver pop	1	509745.0
rap	shiver pop	1	509745.0
shiver pop	toronto rap	1	509745.0
shiver pop	trap	1	509745.0
canadian hip hop	moombahton	1	509745.0
melodic rap	moombahton	1	509745.0
moombahton	toronto rap	1	509745.0
german alternative rap	german indie	1	557669.0
atl hip hop	emo rap	1	3148060.0
atl trap	emo rap	1	3148060.0
electropop	uk funky	1	11983819.0
electro house	swedish pop	1	3833033.0
dfw rap	indie pop rap	1	1841583.0
indie pop rap	melodic rap	1	1841583.0
cali rap	hip hop	1	1841583.0
cali rap	indie pop rap	1	1841583.0
gangster rap	indie pop rap	1	1841583.0
cali rap	pop rap	1	1841583.0
cali rap	dfw rap	1	1841583.0
dfw rap	gangster rap	1	1841583.0
cali rap	melodic rap	1	1841583.0
adult standards	adult standards	1	494313.0
adult standards	swing	1	494313.0
adult standards	torch song	1	494313.0
adult standards	vocal jazz	1	494313.0
adult standards	easy listening	1	494313.0
easy listening	lounge	1	494313.0
easy listening	swing	1	494313.0
easy listening	torch song	1	494313.0
easy listening	vocal jazz	1	494313.0
lounge	lounge	1	494313.0
lounge	swing	1	494313.0
lounge	torch song	1	494313.0
lounge	vocal jazz	1	494313.0
electro house	urban contemporary	1	259358.0
house	urban contemporary	1	259358.0
progressive house	toronto rap	1	259358.0
progressive house	urban contemporary	1	259358.0
toronto rap	uk dance	1	259358.0
basshall	uk pop	1	5896260.0
basshall	uk dancehall	1	5896260.0
basshall	uk drill	1	5896260.0
basshall	uk hip hop	1	5896260.0
dance pop	uk drill	1	5896260.0
pop	uk drill	1	5896260.0
tropical house	uk drill	1	5896260.0
uk dancehall	uk pop	1	5896260.0
uk drill	uk pop	1	5896260.0
uk hip hop	uk pop	1	5896260.0
bmore	hip hop	1	1473878.0
bmore	pop rap	1	1473878.0
bmore	southern hip hop	1	1473878.0
hip hop	moombahton	1	1473878.0
moombahton	southern hip hop	1	1473878.0
hip hop	ninja	1	1473878.0
ninja	pop rap	1	1473878.0
ninja	southern hip hop	1	1473878.0
bmore	emo rap	1	1473878.0
bmore	miami hip hop	1	1473878.0
edm	emo rap	1	1473878.0
edm	miami hip hop	1	1473878.0
electropop	emo rap	1	1473878.0
electropop	miami hip hop	1	1473878.0
emo rap	moombahton	1	1473878.0
miami hip hop	moombahton	1	1473878.0
emo rap	ninja	1	1473878.0
miami hip hop	ninja	1	1473878.0
emo rap	tropical house	1	1473878.0
miami hip hop	tropical house	1	1473878.0
emo rap	southern hip hop	1	1473878.0
big room	contemporary country	1	6871829.0
big room	country	1	6871829.0
big room	country pop	1	6871829.0
big room	country road	1	6871829.0
big room	modern country rock	1	6871829.0
country	edm	1	6871829.0
country pop	edm	1	6871829.0
country road	edm	1	6871829.0
edm	modern country rock	1	6871829.0
country	electro house	1	6871829.0
country pop	electro house	1	6871829.0
country road	electro house	1	6871829.0
electro house	modern country rock	1	6871829.0
contemporary country	progressive electro house	1	6871829.0
country	progressive electro house	1	6871829.0
country pop	progressive electro house	1	6871829.0
country road	progressive electro house	1	6871829.0
modern country rock	progressive electro house	1	6871829.0
contemporary country	progressive house	1	6871829.0
country	progressive house	1	6871829.0
country pop	progressive house	1	6871829.0
country road	progressive house	1	6871829.0
modern country rock	progressive house	1	6871829.0
country	tropical house	1	6871829.0
country pop	tropical house	1	6871829.0
country road	tropical house	1	6871829.0
modern country rock	tropical house	1	6871829.0
big room	modern alternative rock	1	6871829.0
edm	modern alternative rock	1	6871829.0
electro house	modern alternative rock	1	6871829.0
modern alternative rock	progressive electro house	1	6871829.0
modern alternative rock	progressive house	1	6871829.0
modern alternative rock	tropical house	1	6871829.0
contemporary country	modern alternative rock	1	6871829.0
country	modern alternative rock	1	6871829.0
country pop	modern alternative rock	1	6871829.0
country road	modern alternative rock	1	6871829.0
modern alternative rock	modern country rock	1	6871829.0
alternative r&b	atl hip hop	1	3645308.0
christlicher rap	german underground rap	1	382867.0
deep german hip hop	pop rap	1	2526877.0
deep german hip hop	rap	1	2526877.0
christlicher rap	pop	1	2526877.0
christlicher rap	pop rap	1	2526877.0
christlicher rap	rap	1	2526877.0
albanian hip hop	arabic hip hop	1	383185.0
arabic hip hop	deep german hip hop	1	383185.0
arabic hip hop	german hip hop	1	383185.0
albanian hip hop	rap maroc	1	383185.0
deep german hip hop	rap maroc	1	383185.0
german hip hop	rap maroc	1	383185.0
conscious hip hop	german hip hop	1	375929.0
east coast hip hop	german hip hop	1	375929.0
german hip hop	hardcore hip hop	1	375929.0
german hip hop	queens hip hop	1	375929.0
etherpop	tropical house	1	314189.0
florida rap	pop	1	2055437.0
florida rap	post-teen pop	1	2055437.0
dirty south rap	florida rap	1	2055437.0
dirty south rap	miami hip hop	1	2055437.0
boy band	dance pop	1	292892.0
boy band	deep tropical house	1	292892.0
dance pop	deep tropical house	1	292892.0
deep tropical house	pop	1	292892.0
deep tropical house	post-teen pop	1	292892.0
deep tropical house	viral pop	1	292892.0
boy band	edm	1	292892.0
boy band	electro house	1	292892.0
boy band	electropop	1	292892.0
boy band	pop	1	292892.0
boy band	pop edm	1	292892.0
boy band	tropical house	1	292892.0
post-romantic era	soundtrack	1	590619.0
soundtrack	ukrainian classical	1	590619.0
emo rap	toronto rap	1	4835408.0
emo rap	nyc rap	1	3298288.0
nyc rap	rap	1	3298288.0
nyc rap	trap	1	3298288.0
german trap	german trap	1	3428291.0
chanson	german pop	1	1475609.0
french indie pop	german pop	1	1475609.0
french pop	german pop	1	1475609.0
french rock	german pop	1	1475609.0
german pop	nouvelle chanson francaise	1	1475609.0
pittsburgh rap	trap	1	335230.0
belgian dance	dance pop	1	1137631.0
belgian dance	edm	1	1137631.0
belgian dance	tropical house	1	1137631.0
dance pop	indietronica	1	1137631.0
belgian dance	belgian edm	1	1137631.0
belgian edm	belgian edm	1	1137631.0
belgian dance	electropop	1	1137631.0
belgian dance	indie poptimism	1	1137631.0
belgian dance	indietronica	1	1137631.0
big room	indie poptimism	1	1137631.0
big room	indietronica	1	1137631.0
electro house	indietronica	1	1137631.0
indie poptimism	progressive electro house	1	1137631.0
indietronica	progressive electro house	1	1137631.0
electronic trap	hip hop	1	623328.0
electronic trap	southern hip hop	1	623328.0
electronic trap	trap soul	1	623328.0
beach music	doo-wop	1	688848.0
beach music	rhythm and blues	1	688848.0
adult standards	beach music	1	688848.0
beach music	bubblegum pop	1	688848.0
beach music	folk rock	1	688848.0
beach music	lounge	1	688848.0
beach music	motown	1	688848.0
beach music	soul	1	688848.0
adult standards	brill building pop	1	688848.0
brill building pop	brill building pop	1	688848.0
brill building pop	bubblegum pop	1	688848.0
brill building pop	folk rock	1	688848.0
brill building pop	lounge	1	688848.0
brill building pop	motown	1	688848.0
brill building pop	soul	1	688848.0
adult standards	doo-wop	1	688848.0
brill building pop	doo-wop	1	688848.0
bubblegum pop	doo-wop	1	688848.0
doo-wop	folk rock	1	688848.0
doo-wop	lounge	1	688848.0
doo-wop	motown	1	688848.0
doo-wop	rock-and-roll	1	688848.0
doo-wop	rockabilly	1	688848.0
doo-wop	soul	1	688848.0
adult standards	rhythm and blues	1	688848.0
brill building pop	rhythm and blues	1	688848.0
bubblegum pop	rhythm and blues	1	688848.0
folk rock	rhythm and blues	1	688848.0
lounge	rhythm and blues	1	688848.0
motown	rhythm and blues	1	688848.0
rhythm and blues	rock-and-roll	1	688848.0
rhythm and blues	rockabilly	1	688848.0
rhythm and blues	soul	1	688848.0
adult standards	rock-and-roll	1	688848.0
bubblegum pop	rock-and-roll	1	688848.0
folk rock	rock-and-roll	1	688848.0
lounge	rock-and-roll	1	688848.0
motown	rock-and-roll	1	688848.0
rock-and-roll	rock-and-roll	1	688848.0
rock-and-roll	soul	1	688848.0
adult standards	rockabilly	1	688848.0
bubblegum pop	rockabilly	1	688848.0
folk rock	rockabilly	1	688848.0
lounge	rockabilly	1	688848.0
motown	rockabilly	1	688848.0
rockabilly	rockabilly	1	688848.0
rockabilly	soul	1	688848.0
albanian pop	deep euro house	1	3254829.0
albanian pop	edm	1	3254829.0
albanian pop	german dance	1	3254829.0
albanian pop	pop	1	3254829.0
albanian pop	tropical house	1	3254829.0
deep tech house	house	1	760016.0
deep tech house	indie soul	1	760016.0
deep tech house	new french touch	1	760016.0
deep tech house	vapor soul	1	760016.0
disco house	house	1	760016.0
disco house	indie soul	1	760016.0
disco house	new french touch	1	760016.0
disco house	vapor soul	1	760016.0
house	house	1	760016.0
house	indie soul	1	760016.0
house	new french touch	1	760016.0
house	vapor soul	1	760016.0
house	progressive house	1	760016.0
indie soul	progressive house	1	760016.0
new french touch	progressive house	1	760016.0
progressive house	vapor soul	1	760016.0
house	uk dance	1	760016.0
indie soul	uk dance	1	760016.0
new french touch	uk dance	1	760016.0
uk dance	vapor soul	1	760016.0
dance pop	deep tech house	1	760016.0
deep euro house	deep tech house	1	760016.0
deep house	deep tech house	1	760016.0
deep tech house	edm	1	760016.0
deep tech house	german dance	1	760016.0
deep tech house	pop	1	760016.0
deep euro house	disco house	1	760016.0
deep house	disco house	1	760016.0
disco house	edm	1	760016.0
disco house	german dance	1	760016.0
deep euro house	edm	1	760016.0
deep euro house	progressive house	1	760016.0
deep house	progressive house	1	760016.0
german dance	progressive house	1	760016.0
deep euro house	uk dance	1	760016.0
deep house	uk dance	1	760016.0
dance pop	indie soul	1	760016.0
deep euro house	indie soul	1	760016.0
deep house	indie soul	1	760016.0
german dance	indie soul	1	760016.0
indie soul	pop	1	760016.0
dance pop	new french touch	1	760016.0
deep euro house	new french touch	1	760016.0
deep house	new french touch	1	760016.0
german dance	new french touch	1	760016.0
new french touch	pop	1	760016.0
deep euro house	vapor soul	1	760016.0
deep house	vapor soul	1	760016.0
german dance	vapor soul	1	760016.0
hollywood	social media pop	1	3654657.0
dance pop	show tunes	1	3654657.0
post-teen pop	show tunes	1	3654657.0
show tunes	social media pop	1	3654657.0
contemporary country	europop	1	2582552.0
contemporary country	pop rock	1	2582552.0
contemporary country	urban contemporary	1	2582552.0
country	europop	1	2582552.0
country	pop rock	1	2582552.0
country	urban contemporary	1	2582552.0
country road	europop	1	2582552.0
country road	pop rock	1	2582552.0
country road	urban contemporary	1	2582552.0
dance pop	oklahoma country	1	2582552.0
europop	oklahoma country	1	2582552.0
hip pop	oklahoma country	1	2582552.0
oklahoma country	pop	1	2582552.0
oklahoma country	pop rock	1	2582552.0
oklahoma country	post-teen pop	1	2582552.0
oklahoma country	urban contemporary	1	2582552.0
adult standards	deep adult standards	1	1479107.0
brill building pop	deep adult standards	1	1479107.0
brill building pop	vocal harmony group	1	1479107.0
deep adult standards	easy listening	1	1479107.0
deep adult standards	lounge	1	1479107.0
dance pop	indiecoustica	1	15012285.0
deep euro house	indiecoustica	1	15012285.0
deep house	indiecoustica	1	15012285.0
edm	indiecoustica	1	15012285.0
german dance	indiecoustica	1	15012285.0
indiecoustica	tropical house	1	15012285.0
atl hip hop	electro latino	1	10056358.0
atl hip hop	latin pop	1	10056358.0
atl hip hop	spanish pop	1	10056358.0
atl hip hop	tropical	1	10056358.0
electro latino	rap	1	10056358.0
latin pop	rap	1	10056358.0
rap	spanish pop	1	10056358.0
rap	tropical	1	10056358.0
electro latino	southern hip hop	1	10056358.0
latin pop	southern hip hop	1	10056358.0
southern hip hop	spanish pop	1	10056358.0
southern hip hop	tropical	1	10056358.0
electro latino	trap	1	10056358.0
latin pop	trap	1	10056358.0
spanish pop	trap	1	10056358.0
trap	tropical	1	10056358.0
atl hip hop	funk carioca	1	10056358.0
funk carioca	rap	1	10056358.0
funk carioca	southern hip hop	1	10056358.0
funk carioca	trap	1	10056358.0
atl hip hop	dancehall	1	10056358.0
atl hip hop	uk dancehall	1	10056358.0
atl hip hop	uk hip hop	1	10056358.0
dancehall	pop rap	1	10056358.0
pop rap	uk dancehall	1	10056358.0
pop rap	uk hip hop	1	10056358.0
dancehall	rap	1	10056358.0
rap	uk dancehall	1	10056358.0
rap	uk hip hop	1	10056358.0
dancehall	southern hip hop	1	10056358.0
southern hip hop	uk dancehall	1	10056358.0
southern hip hop	uk hip hop	1	10056358.0
dancehall	trap	1	10056358.0
trap	uk dancehall	1	10056358.0
trap	uk hip hop	1	10056358.0
electro latino	latin	1	10056358.0
latin	spanish pop	1	10056358.0
electro latino	reggaeton	1	10056358.0
reggaeton	spanish pop	1	10056358.0
dance pop	funk carioca	1	10056358.0
electro latino	funk carioca	1	10056358.0
funk carioca	latin pop	1	10056358.0
funk carioca	spanish pop	1	10056358.0
funk carioca	tropical	1	10056358.0
dancehall	electro latino	1	10056358.0
electro latino	pop	1	10056358.0
electro latino	uk dancehall	1	10056358.0
electro latino	uk hip hop	1	10056358.0
dancehall	latin pop	1	10056358.0
latin pop	uk dancehall	1	10056358.0
latin pop	uk hip hop	1	10056358.0
dancehall	spanish pop	1	10056358.0
pop	spanish pop	1	10056358.0
spanish pop	uk dancehall	1	10056358.0
spanish pop	uk hip hop	1	10056358.0
dancehall	tropical	1	10056358.0
tropical	uk dancehall	1	10056358.0
tropical	uk hip hop	1	10056358.0
dancehall	funk carioca	1	10056358.0
funk carioca	pop	1	10056358.0
funk carioca	uk dancehall	1	10056358.0
funk carioca	uk hip hop	1	10056358.0
alternative r&b	metropopolis	1	2063035.0
alternative r&b	nz pop	1	2063035.0
alternative r&b	dfw rap	1	2063035.0
art pop	dfw rap	1	2063035.0
art pop	melodic rap	1	2063035.0
dfw rap	electropop	1	2063035.0
dfw rap	metropopolis	1	2063035.0
melodic rap	metropopolis	1	2063035.0
dfw rap	nz pop	1	2063035.0
melodic rap	nz pop	1	2063035.0
nz pop	pop rap	1	2063035.0
east coast hip hop	post-teen pop	1	627947.0
east coast hip hop	r&b	1	627947.0
dirty south rap	east coast hip hop	1	627947.0
east coast hip hop	miami hip hop	1	627947.0
east coast hip hop	urban contemporary	1	627947.0
atl hip hop	east coast hip hop	1	627947.0
alternative r&b	chillwave	1	2823834.0
chillwave	pop	1	2823834.0
alternative r&b	escape room	1	2823834.0
escape room	pop	1	2823834.0
alternative r&b	experimental pop	1	2823834.0
experimental pop	pop	1	2823834.0
alternative r&b	indie r&b	1	2823834.0
alternative r&b	indietronica	1	2823834.0
alternative r&b	shimmer pop	1	2823834.0
pop	shimmer pop	1	2823834.0
alternative r&b	shiver pop	1	2823834.0
alternative r&b	vapor soul	1	2823834.0
boston hip hop	detroit hip hop	1	10757346.0
boston hip hop	g funk	1	10757346.0
boston hip hop	hip hop	1	10757346.0
boston hip hop	rap	1	10757346.0
australian pop	big room	1	263216.0
australian dance	deep big room	1	263216.0
australian pop	deep big room	1	263216.0
australian dance	dutch house	1	263216.0
australian pop	dutch house	1	263216.0
australian pop	electro house	1	263216.0
australian dance	progressive electro house	1	263216.0
australian pop	progressive electro house	1	263216.0
australian dance	progressive house	1	263216.0
australian pop	progressive house	1	263216.0
deep pop edm	electro house	1	2965139.0
deep pop edm	norwegian pop	1	2965139.0
canadian hip hop	indie r&b	1	430691.0
canadian pop	indie r&b	1	430691.0
indie r&b	toronto rap	1	430691.0
canadian hip hop	trap soul	1	430691.0
canadian pop	trap soul	1	430691.0
toronto rap	trap soul	1	430691.0
indie r&b	r&b	1	430691.0
indie r&b	trap soul	1	430691.0
brostep	emo rap	1	2816243.0
emo rap	progressive electro house	1	2816243.0
brostep	lgbtq+ hip hop	1	2816243.0
lgbtq+ hip hop	pop	1	2816243.0
lgbtq+ hip hop	progressive electro house	1	2816243.0
canadian hip hop	vapor trap	1	14406945.0
canadian pop	vapor trap	1	14406945.0
toronto rap	vapor trap	1	14406945.0
electric bass	neo mellow	1	478136.0
electric bass	neo soul	1	478136.0
electric bass	pop	1	478136.0
electric bass	r&b	1	478136.0
electric bass	urban contemporary	1	478136.0
jazz fusion	neo mellow	1	478136.0
jazz fusion	neo soul	1	478136.0
jazz fusion	pop	1	478136.0
jazz fusion	r&b	1	478136.0
jazz fusion	urban contemporary	1	478136.0
neo mellow	neo soul	1	478136.0
neo soul	neo soul	1	478136.0
neo soul	r&b	1	478136.0
neo soul	urban contemporary	1	478136.0
neo mellow	vocal jazz	1	478136.0
neo soul	vocal jazz	1	478136.0
pop	vocal jazz	1	478136.0
r&b	vocal jazz	1	478136.0
urban contemporary	vocal jazz	1	478136.0
canadian hip hop	east coast hip hop	1	737917.0
canadian pop	east coast hip hop	1	737917.0
east coast hip hop	toronto rap	1	737917.0
detroit hip hop	edm	1	267943.0
detroit hip hop	electro house	1	267943.0
detroit hip hop	house	1	267943.0
detroit hip hop	progressive house	1	267943.0
detroit hip hop	tropical house	1	267943.0
detroit hip hop	uk dance	1	267943.0
afro dancehall	dance pop	1	518009.0
afro dancehall	edm	1	518009.0
afro dancehall	electro house	1	518009.0
afro dancehall	moombahton	1	518009.0
afro dancehall	pop	1	518009.0
afro dancehall	tropical house	1	518009.0
afropop	dance pop	1	518009.0
afropop	edm	1	518009.0
afropop	electro house	1	518009.0
afropop	moombahton	1	518009.0
afropop	pop	1	518009.0
afropop	tropical house	1	518009.0
azonto	dance pop	1	518009.0
azonto	edm	1	518009.0
azonto	electro house	1	518009.0
azonto	moombahton	1	518009.0
azonto	pop	1	518009.0
azonto	tropical house	1	518009.0
german pop	pop	1	307132.0
german pop	post-teen pop	1	307132.0
west coast rap	west coast rap	1	265830.0
adult standards	canadian country	1	3094924.0
adult standards	canadian pop	1	3094924.0
adult standards	country	1	3094924.0
adult standards	country dawn	1	3094924.0
canadian country	canadian pop	1	3094924.0
canadian pop	canadian pop	1	3094924.0
canadian pop	country	1	3094924.0
canadian pop	country dawn	1	3094924.0
canadian country	lounge	1	3094924.0
canadian pop	lounge	1	3094924.0
country	lounge	1	3094924.0
country dawn	lounge	1	3094924.0
dance pop	lounge	1	3094924.0
canadian pop	latin hip hop	1	1666545.0
canadian pop	latin pop	1	1666545.0
canadian pop	puerto rican pop	1	1666545.0
candy pop	electropop	1	4981026.0
candy pop	uk pop	1	4981026.0
metropopolis	uk pop	1	4981026.0
australian dance	uk pop	1	12147847.0
australian pop	uk pop	1	12147847.0
discofox	partyschlager	1	1552342.0
oktoberfest	partyschlager	1	1552342.0
partyschlager	partyschlager	1	1552342.0
partyschlager	schlager	1	1552342.0
deep euro house	neo mellow	1	5692458.0
deep house	neo mellow	1	5692458.0
german dance	neo mellow	1	5692458.0
deep euro house	pop rock	1	5692458.0
deep house	pop rock	1	5692458.0
german dance	pop rock	1	5692458.0
miami hip hop	miami hip hop	1	12962919.0
hamburg hip hop	indie deutschrap	1	422328.0
dance pop	scandipop	1	2536376.0
dance pop	swedish electropop	1	2536376.0
edm	scandipop	1	2536376.0
edm	swedish electropop	1	2536376.0
pop	scandipop	1	2536376.0
pop	swedish electropop	1	2536376.0
post-teen pop	scandipop	1	2536376.0
post-teen pop	swedish electropop	1	2536376.0
scandipop	tropical house	1	2536376.0
swedish electropop	tropical house	1	2536376.0
scandipop	uk dance	1	2536376.0
swedish electropop	uk dance	1	2536376.0
edm	uk funky	1	2536376.0
scandipop	uk funky	1	2536376.0
swedish electropop	uk funky	1	2536376.0
swedish pop	uk funky	1	2536376.0
big room	sky room	1	719837.0
edm	sky room	1	719837.0
pop	sky room	1	719837.0
progressive house	sky room	1	719837.0
sky room	tropical house	1	719837.0
electro house	romanian pop	1	389521.0
comedy rap	dance pop	1	20230222.0
comedy rap	pop	1	20230222.0
comedy rap	pop rap	1	20230222.0
comedy rap	r&b	1	20230222.0
comedy rap	rap	1	20230222.0
latin hip hop	pop rap	1	6799140.0
latin hip hop	urban contemporary	1	6799140.0
reggaeton	urban contemporary	1	6799140.0
pop rap	reggaeton flow	1	6799140.0
post-teen pop	reggaeton flow	1	6799140.0
reggaeton flow	urban contemporary	1	6799140.0
trap latino	urban contemporary	1	6799140.0
tropical	urban contemporary	1	6799140.0
latin	mexican pop	1	6799140.0
latin hip hop	mexican pop	1	6799140.0
mexican pop	reggaeton	1	6799140.0
mexican pop	reggaeton flow	1	6799140.0
mexican pop	trap latino	1	6799140.0
mexican pop	tropical	1	6799140.0
dance pop	mexican pop	1	6799140.0
mexican pop	pop	1	6799140.0
mexican pop	pop rap	1	6799140.0
mexican pop	post-teen pop	1	6799140.0
latin pop	urban contemporary	1	6799140.0
mexican pop	urban contemporary	1	6799140.0
british soul	dance pop	1	935588.0
british soul	edm	1	935588.0
british soul	tropical house	1	935588.0
dance pop	europop	1	935588.0
europop	pop	1	935588.0
big room	video game music	1	408195.0
deep tropical house	video game music	1	408195.0
pop edm	video game music	1	408195.0
progressive electro house	video game music	1	408195.0
tropical house	video game music	1	408195.0
glitch	video game music	1	408195.0
glitch hop	video game music	1	408195.0
melodic metalcore	video game music	1	408195.0
metalcore	video game music	1	408195.0
post-screamo	video game music	1	408195.0
screamo	video game music	1	408195.0
trancecore	video game music	1	408195.0
big room	glitch	1	408195.0
big room	glitch hop	1	408195.0
deep tropical house	edm	1	408195.0
deep tropical house	electro house	1	408195.0
deep tropical house	glitch	1	408195.0
deep tropical house	glitch hop	1	408195.0
edm	glitch	1	408195.0
edm	glitch hop	1	408195.0
electro house	glitch	1	408195.0
electro house	glitch hop	1	408195.0
glitch	indie poptimism	1	408195.0
glitch hop	indie poptimism	1	408195.0
glitch	pop edm	1	408195.0
glitch hop	pop edm	1	408195.0
electro house	progressive electro house	1	408195.0
glitch	progressive electro house	1	408195.0
glitch hop	progressive electro house	1	408195.0
glitch	tropical house	1	408195.0
glitch hop	tropical house	1	408195.0
big room	melodic metalcore	1	408195.0
big room	metalcore	1	408195.0
big room	post-screamo	1	408195.0
big room	screamo	1	408195.0
big room	trancecore	1	408195.0
deep tropical house	melodic metalcore	1	408195.0
deep tropical house	metalcore	1	408195.0
deep tropical house	post-screamo	1	408195.0
deep tropical house	screamo	1	408195.0
deep tropical house	trancecore	1	408195.0
indie poptimism	melodic metalcore	1	408195.0
indie poptimism	metalcore	1	408195.0
indie poptimism	post-screamo	1	408195.0
indie poptimism	screamo	1	408195.0
indie poptimism	trancecore	1	408195.0
melodic metalcore	pop edm	1	408195.0
metalcore	pop edm	1	408195.0
pop edm	post-screamo	1	408195.0
pop edm	screamo	1	408195.0
pop edm	trancecore	1	408195.0
melodic metalcore	progressive electro house	1	408195.0
metalcore	progressive electro house	1	408195.0
post-screamo	progressive electro house	1	408195.0
progressive electro house	screamo	1	408195.0
progressive electro house	trancecore	1	408195.0
melodic metalcore	tropical house	1	408195.0
metalcore	tropical house	1	408195.0
post-screamo	tropical house	1	408195.0
screamo	tropical house	1	408195.0
trancecore	tropical house	1	408195.0
glitch	melodic metalcore	1	408195.0
glitch	metalcore	1	408195.0
glitch	post-screamo	1	408195.0
glitch	screamo	1	408195.0
glitch	trancecore	1	408195.0
glitch hop	melodic metalcore	1	408195.0
glitch hop	metalcore	1	408195.0
glitch hop	post-screamo	1	408195.0
glitch hop	screamo	1	408195.0
glitch hop	trancecore	1	408195.0
edm	hip pop	1	11319630.0
edm	queens hip hop	1	11319630.0
hip pop	tropical house	1	11319630.0
queens hip hop	tropical house	1	11319630.0
edm	francoton	1	11319630.0
francoton	tropical house	1	11319630.0
francoton	urban contemporary	1	11319630.0
francoton	hip pop	1	11319630.0
francoton	queens hip hop	1	11319630.0
brostep	metropopolis	1	28435518.0
brostep	modern rock	1	28435518.0
modern rock	progressive electro house	1	28435518.0
brostep	pop rock	1	28435518.0
pop rock	progressive electro house	1	28435518.0
canadian electronic	dfw rap	1	23840012.0
canadian electronic	melodic rap	1	23840012.0
deep big room	dfw rap	1	23840012.0
deep big room	melodic rap	1	23840012.0
dfw rap	pop edm	1	23840012.0
melodic rap	pop edm	1	23840012.0
canadian electronic	canadian hip hop	1	23840012.0
canadian electronic	toronto rap	1	23840012.0
canadian electronic	trap	1	23840012.0
canadian electronic	trap soul	1	23840012.0
canadian hip hop	deep big room	1	23840012.0
deep big room	toronto rap	1	23840012.0
deep big room	trap soul	1	23840012.0
canadian hip hop	pop edm	1	23840012.0
pop edm	toronto rap	1	23840012.0
pop edm	trap	1	23840012.0
pop edm	trap soul	1	23840012.0
big room	brostep	1	23840012.0
big room	dutch edm	1	23840012.0
big room	house	1	23840012.0
big room	trance	1	23840012.0
big room	canadian electronic	1	23840012.0
brostep	canadian electronic	1	23840012.0
canadian electronic	dance pop	1	23840012.0
canadian electronic	dutch edm	1	23840012.0
canadian electronic	edm	1	23840012.0
canadian electronic	electro house	1	23840012.0
canadian electronic	house	1	23840012.0
canadian electronic	trance	1	23840012.0
canadian electronic	tropical house	1	23840012.0
brostep	deep big room	1	23840012.0
deep big room	dutch edm	1	23840012.0
deep big room	house	1	23840012.0
deep big room	trance	1	23840012.0
brostep	electro house	1	23840012.0
dutch edm	electro house	1	23840012.0
electro house	trance	1	23840012.0
brostep	pop edm	1	23840012.0
dutch edm	pop edm	1	23840012.0
house	pop edm	1	23840012.0
pop edm	trance	1	23840012.0
canadian hip hop	dfw rap	1	23840012.0
dfw rap	toronto rap	1	23840012.0
canadian hip hop	melodic rap	1	23840012.0
melodic rap	toronto rap	1	23840012.0
brostep	dfw rap	1	23840012.0
dfw rap	dutch edm	1	23840012.0
dfw rap	edm	1	23840012.0
dfw rap	house	1	23840012.0
dfw rap	trance	1	23840012.0
dfw rap	tropical house	1	23840012.0
brostep	melodic rap	1	23840012.0
dutch edm	melodic rap	1	23840012.0
melodic rap	trance	1	23840012.0
brostep	canadian hip hop	1	23840012.0
canadian hip hop	dutch edm	1	23840012.0
canadian hip hop	house	1	23840012.0
canadian hip hop	trance	1	23840012.0
brostep	toronto rap	1	23840012.0
dutch edm	toronto rap	1	23840012.0
toronto rap	trance	1	23840012.0
brostep	trap	1	23840012.0
dutch edm	trap	1	23840012.0
trance	trap	1	23840012.0
brostep	trap soul	1	23840012.0
dutch edm	trap soul	1	23840012.0
house	trap soul	1	23840012.0
trance	trap soul	1	23840012.0
trap soul	tropical house	1	23840012.0
canadian hip hop	uk funky	1	3622771.0
canadian pop	uk funky	1	3622771.0
hip hop	uk funky	1	3622771.0
rap	uk funky	1	3622771.0
toronto rap	uk funky	1	3622771.0
afro dancehall	canadian hip hop	1	3622771.0
afropop	canadian hip hop	1	3622771.0
azonto	canadian hip hop	1	3622771.0
canadian hip hop	nigerian hip hop	1	3622771.0
canadian hip hop	nigerian pop	1	3622771.0
afro dancehall	canadian pop	1	3622771.0
afropop	canadian pop	1	3622771.0
azonto	canadian pop	1	3622771.0
canadian pop	nigerian hip hop	1	3622771.0
canadian pop	nigerian pop	1	3622771.0
afro dancehall	hip hop	1	3622771.0
afropop	hip hop	1	3622771.0
azonto	hip hop	1	3622771.0
hip hop	nigerian hip hop	1	3622771.0
hip hop	nigerian pop	1	3622771.0
nigerian hip hop	pop rap	1	3622771.0
nigerian pop	pop rap	1	3622771.0
afro dancehall	rap	1	3622771.0
afropop	rap	1	3622771.0
azonto	rap	1	3622771.0
nigerian hip hop	rap	1	3622771.0
nigerian pop	rap	1	3622771.0
afro dancehall	toronto rap	1	3622771.0
afropop	toronto rap	1	3622771.0
azonto	toronto rap	1	3622771.0
nigerian hip hop	toronto rap	1	3622771.0
nigerian pop	toronto rap	1	3622771.0
afro dancehall	uk funky	1	3622771.0
afropop	uk funky	1	3622771.0
azonto	uk funky	1	3622771.0
nigerian hip hop	uk funky	1	3622771.0
nigerian pop	uk funky	1	3622771.0
canadian contemporary r&b	west coast rap	1	9287141.0
canadian pop	west coast rap	1	9287141.0
german hip hop	turkish trap	1	602028.0
german hip hop	turkish trap pop	1	602028.0
latin hip hop	turkish hip hop	1	602028.0
latin hip hop	turkish trap	1	602028.0
latin hip hop	turkish trap pop	1	602028.0
reggaeton	turkish hip hop	1	602028.0
reggaeton	turkish trap	1	602028.0
reggaeton	turkish trap pop	1	602028.0
conscious hip hop	neo mellow	1	3124448.0
conscious hip hop	piano rock	1	3124448.0
conscious hip hop	pop rock	1	3124448.0
dmv rap	neo mellow	1	3124448.0
dmv rap	piano rock	1	3124448.0
dmv rap	pop rock	1	3124448.0
hip hop	neo mellow	1	3124448.0
hip hop	piano rock	1	3124448.0
hip hop	pop rock	1	3124448.0
neo mellow	pop rap	1	3124448.0
neo mellow	rap	1	3124448.0
piano rock	rap	1	3124448.0
colombian pop	dance pop	1	11186565.0
colombian pop	deep euro house	1	11186565.0
colombian pop	deep house	1	11186565.0
colombian pop	edm	1	11186565.0
colombian pop	german dance	1	11186565.0
colombian pop	pop	1	11186565.0
colombian pop	tropical house	1	11186565.0
deep euro house	latin	1	11186565.0
deep house	latin	1	11186565.0
deep euro house	latin pop	1	11186565.0
deep house	latin pop	1	11186565.0
deep euro house	reggaeton	1	11186565.0
deep house	reggaeton	1	11186565.0
acoustic pop	pop	1	644035.0
ectofolk	pop	1	644035.0
lilith	pop	1	644035.0
pop rap	puerto rican pop	1	22586854.0
puerto rican pop	rap	1	22586854.0
edm	puerto rican pop	1	22586854.0
edm	trap latino	1	22586854.0
electronic trap	latin	1	22586854.0
electronic trap	puerto rican pop	1	22586854.0
electronic trap	reggaeton	1	22586854.0
electronic trap	trap latino	1	22586854.0
electronic trap	post-teen pop	1	22586854.0
electro house	neo mellow	1	1977612.0
neo mellow	norwegian pop	1	1977612.0
neo mellow	pop edm	1	1977612.0
dance pop	piano rock	1	1977612.0
edm	piano rock	1	1977612.0
electro house	piano rock	1	1977612.0
norwegian pop	piano rock	1	1977612.0
piano rock	pop	1	1977612.0
piano rock	pop edm	1	1977612.0
piano rock	tropical house	1	1977612.0
electro house	pop rock	1	1977612.0
norwegian pop	pop rock	1	1977612.0
pop edm	pop rock	1	1977612.0
conscious hip hop	neo soul	1	248047.0
dmv rap	neo soul	1	248047.0
hip hop	neo soul	1	248047.0
neo soul	rap	1	248047.0
german cloud rap	german underground rap	1	4166931.0
