source	target	weight	avg_streams
german hip hop	german hip hop	497	6107195.782874618
deep german hip hop	german hip hop	352	4501188.176470588
german cloud rap	german hip hop	168	3430421.13
dance pop	pop	148	5846855.315068494
pop	pop	136	6406831.166666668
german hip hop	hamburg hip hop	129	6425450.711538463
pop	post-teen pop	118	6446742.112676056
pop rap	rap	99	3412277.5660377364
pop	tropical house	95	4876638.132075472
deep german hip hop	deep german hip hop	87	2899450.9215686275
rap	trap	84	4418879.346938776
deep german hip hop	hamburg hip hop	82	3967397.878787879
german hip hop	german pop	78	7627405.269230769
edm	pop	78	5286506.488372093
albanian hip hop	german hip hop	75	5192205.456521738
pop	pop rap	75	4196299.018181819
rap	rap	73	3724299.754716981
dance pop	tropical house	72	4745458.454545454
german hip hop	german trap	69	2441294.6285714284
dance pop	post-teen pop	69	6462699.348837209
dance pop	edm	63	5064492.024390244
deep german hip hop	german cloud rap	58	4017529.8
german cloud rap	german trap	56	2864171.588235294
electropop	pop	56	6717130.448275862
hip hop	rap	56	3457985.885714285
pop	rap	54	3788270.081081081
dance pop	dance pop	52	5469996.710526316
pop rap	trap	48	3924863.5
post-teen pop	tropical house	47	4780395.083333333
german hip hop	german underground rap	42	3141004.277777778
edm	tropical house	41	4733872.434782608
dance pop	pop rap	40	4780609.0
edm	post-teen pop	39	5252756.433333334
german cloud rap	german cloud rap	37	4960449.5
melodic rap	rap	37	4405468.28
hip hop	pop rap	37	4141737.0357142864
pop rap	pop rap	37	4377802.545454546
rap	southern hip hop	37	3147645.576923077
pop	uk pop	35	7637476.620689655
electro house	pop	34	4567357.045454546
deep german hip hop	german trap	33	1641330.5
deep german hip hop	german underground rap	28	3672386.4
pop	uk dance	28	5171460.285714285
atl hip hop	rap	28	4962601.611111111
electropop	tropical house	27	6060604.5625
melodic rap	trap	26	5235841.590909091
dance pop	uk dance	26	4862850.916666667
dance pop	electro house	26	4273212.882352942
latin	reggaeton	26	8781145.0
pop rap	post-teen pop	26	4044020.0
dance pop	electropop	25	5662177.285714285
tropical house	tropical house	25	4733872.434782608
latin	pop	25	8629876.375
hip hop	trap	25	4597488.0
pop	reggaeton	24	9013163.2
dance pop	rap	24	5078168.52631579
post-teen pop	post-teen pop	24	8372256.0
albanian hip hop	deep german hip hop	23	5032939.043478262
canadian pop	pop	23	10429186.166666666
german hip hop	turkish hip hop	22	1715843.0
german trap	german trap	22	2164733.5
pop	trap	22	4380322.0
melodic rap	pop rap	22	4227085.222222222
german pop	german pop	22	4195447.5
albanian hip hop	albanian hip hop	21	5303637.285714285
pop rap	southern hip hop	21	4373229.05882353
german underground rap	hamburg hip hop	20	3570123.272727273
edm	electropop	20	5854412.6
electropop	post-teen pop	20	6550212.5
house	pop	20	4242982.777777778
big room	dance pop	20	3568952.5
trap	trap	20	4025993.833333334
dance pop	uk pop	20	4803393.9375
tropical house	uk pop	20	4531860.466666667
hamburg hip hop	hamburg hip hop	19	5582419.0
dance pop	latin	19	9555369.142857144
dance pop	reggaeton	18	10068814.923076924
latin	pop rap	17	7586528.846153846
dance pop	house	17	3448658.8571428573
big room	pop	17	4709869.5
electro house	tropical house	17	4257175.642857143
german hip hop	pop urbaine	17	2956157.727272727
dfw rap	rap	17	4022914.230769232
german hip hop	latin hip hop	17	7559747.0
german hip hop	reggaeton	17	7559747.0
german cloud rap	german pop	17	6064174.625
edm	uk pop	17	4443467.866666666
dfw rap	trap	16	5428592.428571428
pop rap	reggaeton	16	7978691.75
tropical house	uk dance	16	4095620.777777778
electro house	post-teen pop	16	3985469.307692308
edm	pop rap	16	7773010.571428573
german cloud rap	hamburg hip hop	15	5202408.785714285
pop	r&b	15	4675523.25
post-teen pop	uk dance	15	4633329.2
edm	edm	15	6255122.545454546
christlicher rap	german hip hop	15	4120488.7692307686
southern hip hop	trap	15	3665627.166666666
hip hop	pop	15	2441517.714285714
latin	latin	15	10107689.333333334
pop rap	uk pop	15	3808954.1
post-teen pop	uk pop	15	9011356.92857143
german hip hop	kosovan pop	14	10420428.857142856
deep german hip hop	german pop	14	6083522.181818183
edm	electro house	14	4888099.916666667
alternative r&b	pop	14	8051491.0
french hip hop	german hip hop	14	3574910.125
pop rap	tropical house	14	4706027.1
latin	rap	13	9998489.111111112
rap	reggaeton	13	9998489.111111112
electropop	electropop	13	8811040.57142857
edm	uk dance	13	3640375.166666666
big room	tropical house	13	4709839.111111111
atl hip hop	pop rap	13	4090776.1818181816
german alternative rap	german hip hop	13	777329.5555555555
house	uk dance	12	5098390.666666667
big room	edm	12	5242736.125
swedish pop	tropical house	12	1988841.875
dance pop	trap	12	5296195.833333333
atl hip hop	trap	12	3394496.8
hip hop	melodic rap	12	3624121.25
rap	uk pop	12	4652126.875
post-teen pop	rap	12	4310182.2
atl trap	rap	11	5919580.571428573
gangster rap	rap	11	7227900.666666668
pop	swedish pop	11	1988841.875
edm	latin	11	13072518.875
canadian pop	rap	11	4378398.111111111
reggaeton	reggaeton	11	7114729.833333332
latin	trap latino	11	8429911.25
pop	progressive electro house	11	6760486.777777777
modern rock	pop	11	6781089.0
melodic rap	pop	11	3294456.545454545
moombahton	pop	11	3754235.5
german hip hop	turkish trap	10	1711107.111111111
house	post-teen pop	10	3826242.666666666
house	tropical house	10	3366540.666666666
edm	swedish pop	10	1792487.7142857143
dance pop	swedish pop	10	754203.25
edm	reggaeton	10	14528511.0
dfw rap	pop rap	10	3733136.555555557
german hip hop	german rock	10	3797808.222222222
pop rap	r&b	10	2237801.375
german hip hop	trap	10	5491297.0
reggaeton	trap latino	10	3940472.0
edm	pop edm	10	4567282.4
pop edm	tropical house	10	4567282.4
pop	pop edm	10	5622497.0
canadian pop	tropical house	9	6972355.4
edm	house	9	3950516.2
melodic rap	southern hip hop	9	1908652.4444444443
christlicher rap	deep german hip hop	9	5088519.25
hip hop	hip hop	9	5063993.333333333
conscious hip hop	rap	9	4149576.5714285714
canadian pop	dance pop	9	11669082.875
canadian pop	pop rap	9	4378398.111111111
canadian hip hop	rap	9	4708216.888888889
rap	toronto rap	9	5170544.875
german hip hop	rap	9	5812381.875
dance pop	pop edm	9	4567282.4
bmore	pop	9	3754235.5
ninja	pop	9	3754235.5
latin	post-teen pop	9	9629716.666666666
brostep	pop	9	4177561.625
albanian pop	german hip hop	9	1653371.666666667
albanian hip hop	kosovan pop	8	10859556.75
german pop	turkish hip hop	8	5031032.714285715
big room	uk dance	8	3950516.2
electro house	uk dance	8	3950516.2
big room	swedish pop	8	939158.0
atl hip hop	melodic rap	8	6704004.5
canadian hip hop	pop rap	8	7373555.0
r&b	rap	8	2233106.375
pop	viral pop	8	12743601.875
german hip hop	rap francais	8	5444950.75
pop	progressive house	8	6266737.75
pop	southern hip hop	8	1022089.625
post-teen pop	trap	8	2376730.5
pop	urban contemporary	8	3828176.2857142864
australian pop	pop	8	5531151.25
post-teen pop	reggaeton	8	10979545.2
electro house	uk pop	8	4800618.25
german alternative rap	german cloud rap	8	461403.5
miami hip hop	rap	8	4043554.0
latin	tropical	8	14395067.5
rap	trap latino	8	8500692.0
german cloud rap	turkish hip hop	7	1699898.4285714286
latin	trap	7	9704985.0
reggaeton	trap	7	9704985.0
canadian pop	electropop	7	7040712.25
big room	post-teen pop	7	2749232.1428571427
german hip hop	rap marseille	7	1437081.2
atl hip hop	hip hop	7	3598980.2857142864
pop rap	toronto rap	7	5970022.0
francoton	german hip hop	7	7133530.0
dance pop	progressive electro house	7	6166263.833333332
rap	rock	7	1815495.75
german pop	german rock	7	652127.4285714285
uk dance	uk pop	7	4712261.285714285
australian dance	pop	7	556622.0
pop	tropical	7	7617746.2
hip hop	southern hip hop	7	7598608.666666668
contemporary country	pop	7	3908388.0
pop rap	trap latino	7	8500692.0
emo rap	trap	7	5104122.6
latin	tropical house	7	10704568.5
pop	trap latino	7	6378342.8
german cloud rap	turkish trap	6	1832856.333333333
kosovan pop	kosovan pop	6	12639525.333333336
canadian pop	edm	6	6972355.4
electropop	melodic dubstep	6	7154587.666666668
melodic dubstep	pop	6	7154587.666666668
disco house	uk dance	6	2938893.666666666
filter house	uk dance	6	2938893.666666666
uk dance	vocal house	6	2938893.666666666
dance pop	disco house	6	2938893.666666666
dance pop	filter house	6	2938893.666666666
dance pop	vocal house	6	2938893.666666666
disco house	pop	6	2938893.666666666
filter house	pop	6	2938893.666666666
pop	vocal house	6	2938893.666666666
edm	europop	6	12992835.833333336
europop	tropical house	6	12992835.833333336
edm	rap	6	12421660.2
pop	uk hip hop	6	916770.5
uk hip hop	uk pop	6	916770.5
philly rap	rap	6	2878515.5
atl hip hop	dfw rap	6	7167543.166666668
dfw rap	southern hip hop	6	1004551.5
nc hip hop	rap	6	3490743.75
electro house	viral pop	6	4407921.0
dance pop	viral pop	6	13514990.166666664
german dance	pop	6	4032206.666666666
german hip hop	turbo folk	6	5080617.5
german hip hop	pop rap	6	4854243.0
progressive electro house	tropical house	6	8741251.75
emo	pop	6	7296597.75
chicago rap	trap	6	4353265.833333333
trap	uk pop	6	5196666.8
pop	uk contemporary r&b	6	1289790.75
electropop	pop rap	6	3287366.5
dance pop	melodic rap	6	3162155.166666666
post-teen pop	r&b	6	3626519.6
pop rap	urban contemporary	6	985060.3333333336
indie poptimism	pop	6	7455533.0
latin hip hop	reggaeton	6	9905628.25
latin	latin hip hop	6	12933544.666666664
reggaeton	reggaeton flow	6	6348912.0
reggaeton	tropical	6	12933544.666666664
emo rap	rap	6	4805074.333333333
german hip hop	german indie	6	4881378.75
reggaeton	tropical house	6	13312566.666666664
pop	queens hip hop	6	2045289.5
canadian hip hop	trap	6	5528037.666666667
belgian edm	latin	6	20575777.0
belgian edm	reggaeton	6	20575777.0
belgian edm	tropical	6	20575777.0
dance pop	r&b	5	8695671.25
big room	house	5	3542647.4
electro house	house	5	3542647.4
big room	electropop	5	2023145.8
europop	pop	5	7506340.2
edm	trap	5	10492157.4
pop house	uk dance	5	21451266.33333333
atl hip hop	southern hip hop	5	3536599.2
german hip hop	german reggae	5	6327223.6
conscious hip hop	pop rap	5	5143409.0
gangster rap	pop rap	5	6630218.6
alternative r&b	electropop	5	9846088.25
french pop	german hip hop	5	9548484.5
german hip hop	rap conscient	5	9548484.5
deep big room	tropical house	5	3387887.666666666
dance pop	progressive house	5	4586202.333333333
edm	progressive house	5	4908619.5
progressive house	tropical house	5	4908619.5
hip hop	uk pop	5	4393086.5
melodic rap	uk pop	5	5834724.2
canadian pop	post-teen pop	5	16623950.2
dance pop	neo soul	5	9659946.0
neo soul	pop	5	9659946.0
neo soul	tropical house	5	9659946.0
dance pop	uk contemporary r&b	5	1530830.333333333
tropical house	uk contemporary r&b	5	1530830.333333333
uk contemporary r&b	uk pop	5	1582415.0
indie poptimism	pop rap	5	3430168.4
electropop	rap	5	822067.3333333335
etherpop	rap	5	822067.3333333335
indie poptimism	rap	5	822067.3333333335
post-teen pop	southern hip hop	5	1004246.4
dfw rap	pop	5	1037198.6
latin hip hop	pop	5	7956312.75
dance pop	tropical	5	8968181.75
house	uk pop	5	3682831.2
brostep	dance pop	5	2259784.25
brostep	pop rap	5	1598016.25
german alternative rap	german trap	5	409494.5
rap	urban contemporary	5	423320.5
latin	reggaeton flow	5	9112428.5
latin	puerto rican pop	5	15326889.5
miami hip hop	trap	5	6716668.0
german alternative rap	german pop	5	669234.0
german hip hop	indie deutschrap	5	549923.3333333335
brostep	rap	5	1100560.666666667
pop rap	reggaeton flow	5	5699227.333333332
dance pop	hip pop	5	1636165.0
dance pop	queens hip hop	5	1636165.0
hip pop	pop	5	1636165.0
rap	reggaeton flow	5	5373484.0
pop	pop rock	5	7093557.8
german dance	tropical house	5	4275012.0
electro house	pop edm	5	5054206.25
albanian pop	deep german hip hop	5	1369580.5
neo mellow	pop	5	3239690.2
belgian edm	edm	5	20575777.0
belgian edm	tropical house	5	20575777.0
toronto rap	trap	5	6431726.6
edm	r&b	4	8829282.0
r&b	tropical house	4	8829282.0
uk dance	uk dance	4	4913611.0
house	house	4	4341703.25
big room	europop	4	8239680.0
dance pop	europop	4	8239680.0
electropop	swedish pop	4	1470884.25
electronic trap	latin	4	15440469.25
electronic trap	reggaeton	4	15440469.25
electronic trap	pop rap	4	15440469.25
electronic trap	rap	4	15440469.25
grime	pop	4	1143710.75
grime	uk pop	4	1143710.75
atl trap	hip hop	4	3206097.25
atl trap	pop rap	4	3206097.25
dfw rap	hip hop	4	989975.0
canadian hip hop	dance pop	4	2553829.75
dance pop	hip hop	4	2426287.0
canadian hip hop	pop	4	2578409.25
hip hop	r&b	4	2841518.0
conscious hip hop	melodic rap	4	6310545.5
conscious hip hop	trap	4	6310545.5
gangster rap	hip hop	4	6623067.25
melodic rap	nc hip hop	4	3490743.75
dance pop	german dance	4	3659637.5
tropical house	viral pop	4	4910004.0
brazilian edm	dance pop	4	1310987.5
brazilian edm	pop	4	1310987.5
dance pop	pop nacional	4	1310987.5
pop	pop nacional	4	1310987.5
boy band	electro house	4	1310987.5
alternative r&b	tropical house	4	4620459.333333333
german hip hop	melodic rap	4	2337473.75
r&b	trap	4	2049217.5
canadian contemporary r&b	pop	4	4506728.333333333
pop	soundtrack	4	1105920.5
rap	soundtrack	4	1105920.5
canadian contemporary r&b	rap	4	1105920.5
dance pop	deep big room	4	3387887.666666666
deep big room	edm	4	3387887.666666666
edm	progressive electro house	4	10131005.333333334
deep big room	pop	4	4908619.5
future house	pop	4	4908619.5
future house	tropical house	4	4908619.5
album rock	rap	4	2713674.0
birmingham metal	rap	4	2713674.0
hard rock	rap	4	2713674.0
metal	rap	4	2713674.0
baroque pop	pop	4	2971434.5
chicago rap	pop	4	7134647.75
chicago rap	pop rap	4	3668020.75
chicago rap	rap	4	4378280.0
post-teen pop	viral pop	4	22544119.0
modern rock	pop rap	4	6182168.25
neo soul	uk pop	4	2090286.5
atl hip hop	pop	4	1131714.25
etherpop	pop rap	4	4186676.75
electropop	trap	4	4390340.0
dance pop	dfw rap	4	699906.25
melodic rap	post-teen pop	4	4560178.75
hip hop	post-teen pop	4	838154.0
rap	trap soul	4	830497.5
hip hop	urban contemporary	4	849641.25
bmore	dance pop	4	3754235.5
dance pop	moombahton	4	3754235.5
dance pop	ninja	4	3754235.5
albanian hip hop	german pop	4	2975247.25
post-teen pop	tropical	4	5098983.333333333
german dance	german pop	4	5179861.5
deep german hip hop	latin hip hop	4	14610992.75
deep german hip hop	reggaeton	4	14610992.75
brostep	uk pop	4	1984745.0
brostep	tropical house	4	2468140.666666666
pop	rock	4	875759.3333333335
pop rap	progressive electro house	4	1335432.333333333
pop rap	rock	4	961891.3333333336
dirty south rap	rap	4	4184936.0
puerto rican pop	reggaeton	4	15326889.5
electro house	electropop	4	5422212.0
emo rap	pop rap	4	3792430.5
contemporary country	post-teen pop	4	2314201.25
latin pop	pop	4	9935688.333333334
hip pop	post-teen pop	4	1636165.0
post-teen pop	queens hip hop	4	1636165.0
basshall	tropical house	4	9733038.0
edm	tropical	4	20575777.0
tropical	tropical house	4	20575777.0
canadian pop	trap	4	6740207.5
hip hop	toronto rap	4	6740207.5
german hip hop	rap algerien	4	1912063.666666667
albanian pop	german cloud rap	4	1202392.0
albanian pop	german trap	4	1202392.0
big room	rap	4	346424.0
electro house	rap	4	346424.0
big room	r&b	3	11425443.0
canadian pop	melodic dubstep	3	7154587.666666668
dance pop	melodic dubstep	3	7154587.666666668
melodic dubstep	post-teen pop	3	7154587.666666668
melodic dubstep	tropical house	3	7154587.666666668
disco house	edm	3	2938893.666666666
edm	filter house	3	2938893.666666666
edm	vocal house	3	2938893.666666666
disco house	house	3	2938893.666666666
filter house	house	3	2938893.666666666
house	vocal house	3	2938893.666666666
disco house	tropical house	3	2938893.666666666
filter house	tropical house	3	2938893.666666666
tropical house	vocal house	3	2938893.666666666
disco house	post-teen pop	3	2938893.666666666
filter house	post-teen pop	3	2938893.666666666
post-teen pop	vocal house	3	2938893.666666666
big room	swedish electropop	3	840072.0
dance pop	swedish electropop	3	840072.0
edm	swedish electropop	3	840072.0
pop	swedish electropop	3	840072.0
swedish electropop	tropical house	3	840072.0
europop	swedish pop	3	840072.0
swedish electropop	swedish pop	3	840072.0
swedish pop	swedish pop	3	840072.0
electronic trap	trap	3	13670250.666666664
atl trap	trap	3	590273.0
philly rap	trap	3	627296.6666666665
atl trap	dfw rap	3	9337322.0
atl trap	melodic rap	3	9337322.0
melodic rap	philly rap	3	627296.6666666665
detroit hip hop	hip hop	3	2200884.666666666
detroit hip hop	pop rap	3	2200884.666666666
detroit hip hop	rap	3	2200884.666666666
g funk	hip hop	3	2200884.666666666
g funk	pop rap	3	2200884.666666666
g funk	rap	3	2200884.666666666
conscious hip hop	hip hop	3	1268284.666666667
dmv rap	hip hop	3	1268284.666666667
dmv rap	rap	3	1268284.666666667
christlicher rap	german cloud rap	3	658528.0
dance pop	toronto rap	3	3068575.333333333
pop	toronto rap	3	3101348.0
canadian pop	r&b	3	3410970.666666666
electro house	electro house	3	989466.3333333336
electro house	german dance	3	1039524.0
edm	viral pop	3	3789401.333333334
german dance	post-teen pop	3	4713984.333333333
german dance	viral pop	3	3789401.333333334
boy band	pop	3	2202402.0
boy band	tropical house	3	2202402.0
german cloud rap	phonk	3	1567956.333333333
german hip hop	phonk	3	1567956.333333333
dancehall	pop	3	1052517.666666667
dance pop	future house	3	4908619.5
edm	future house	3	4908619.5
german pop	german pop rock	3	4226748.333333333
dance pop	modern rock	3	2273170.333333333
modern rock	post-teen pop	3	2273170.333333333
chicago rap	uk pop	3	9356598.333333334
conscious hip hop	pop	3	5032146.666666667
edm	modern rock	3	7981039.666666668
modern rock	tropical house	3	7981039.666666668
big room	pop rap	3	8543096.666666666
cali rap	pop rap	3	5674905.333333332
cali rap	rap	3	5674905.333333332
cali rap	trap	3	5674905.333333332
german reggae	german rock	3	384010.33333333326
edm	neo soul	3	9659946.0
neo soul	uk dance	3	9659946.0
edm	uk contemporary r&b	3	1530830.333333333
dance pop	uk funky	3	3971674.333333334
pop	uk funky	3	3971674.333333334
post-teen pop	uk funky	3	3971674.333333334
uk pop	uk pop	3	2013673.333333333
pop rap	uk dance	3	2188780.333333333
atl hip hop	dance pop	3	1315605.666666667
atl hip hop	post-teen pop	3	1315605.666666667
dance pop	southern hip hop	3	838154.0
electropop	melodic rap	3	5453769.0
southern hip hop	urban contemporary	3	984607.6666666664
trap	urban contemporary	3	984607.6666666664
canadian pop	uk pop	3	22792009.0
bmore	post-teen pop	3	4147861.666666666
moombahton	post-teen pop	3	4147861.666666666
ninja	post-teen pop	3	4147861.666666666
australian dance	edm	3	556622.0
australian pop	edm	3	556622.0
australian dance	tropical house	3	556622.0
australian pop	tropical house	3	556622.0
australian pop	post-teen pop	3	7264904.333333332
dance pop	latin hip hop	3	9869749.0
latin hip hop	post-teen pop	3	4516735.0
german hip hop	partyschlager	3	1612509.5
german pop	german reggae	3	784830.3333333335
austrian pop	german hip hop	3	767877.5
indie pop rap	pop rap	3	1770472.5
pop edm	uk pop	3	9695192.0
german pop	tropical house	3	8318340.666666668
electropop	progressive electro house	3	7299753.333333332
indietronica	pop	3	7318439.666666668
metropopolis	pop	3	15947467.0
brostep	post-teen pop	3	2468140.666666666
big room	uk pop	3	1076764.0
dance pop	dutch edm	3	1416215.5
dance pop	trance	3	1416215.5
dutch edm	pop	3	1416215.5
pop	trance	3	1416215.5
dutch edm	tropical house	3	1416215.5
trance	tropical house	3	1416215.5
british indie rock	pop	3	963840.5
modern alternative rock	pop	3	963840.5
miami hip hop	pop rap	3	3205976.666666666
german pop	pop	3	3917715.333333334
dance pop	dutch house	3	9748483.333333334
dutch house	pop	3	9748483.333333334
post-teen pop	progressive electro house	3	4055834.666666666
hip hop	trap latino	3	6555161.666666668
dance pop	rap latina	3	10544024.5
edm	rap latina	3	10544024.5
pop	rap latina	3	10544024.5
rap latina	tropical house	3	10544024.5
progressive electro house	rap	3	1477629.0
k-pop	pop	3	3566712.0
latin	latin pop	3	15235375.666666664
latin pop	reggaeton	3	15235375.666666664
electropop	latin	3	12600182.5
electropop	reggaeton	3	12600182.5
dance pop	latin pop	3	9935688.333333334
pop	reggaeton flow	3	4283359.0
latin pop	post-teen pop	3	4615644.0
latin hip hop	pop rap	3	4283359.0
pop rap	tropical	3	4283359.0
reggaeton flow	trap	3	5373484.0
trap	trap latino	3	5373484.0
latin hip hop	rap	3	2216004.0
perreo	rap	3	2216004.0
rap	tropical	3	2216004.0
edm	german dance	3	4275012.0
german dance	uk pop	3	6164219.5
big room	pop edm	3	3387887.666666666
edm	indietronica	3	3825786.0
pop edm	post-teen pop	3	6623467.0
post-teen pop	progressive house	3	9252998.0
complextro	pop	3	846676.0
german cloud rap	latin hip hop	3	22068283.0
german cloud rap	reggaeton	3	22068283.0
edm	urban contemporary	3	7769365.666666668
tropical house	urban contemporary	3	7769365.666666668
electropop	uk pop	3	9433170.0
moombahton	tropical house	3	6838484.0
trap	tropical house	3	5725017.5
edm	latin pop	3	11728175.5
latin pop	tropical house	3	11728175.5
deep german hip hop	turkish hip hop	3	1345167.666666667
alternative r&b	dance pop	3	5983068.0
alternative r&b	pop rap	3	5774219.333333332
pop	video game music	3	2573357.0
r&b	uk pop	3	4922566.666666667
basshall	dance pop	3	9733038.0
basshall	pop	3	9733038.0
electro house	latin	3	13419628.5
electro house	reggaeton	3	13419628.5
electro house	tropical	3	13419628.5
basshall	belgian edm	3	20575777.0
belgian edm	dutch hip hop	3	20575777.0
belgian edm	dutch house	3	20575777.0
belgian edm	dutch urban	3	20575777.0
belgian edm	latin hip hop	3	20575777.0
belgian edm	dance pop	3	20575777.0
belgian edm	pop	3	20575777.0
belgian edm	belgian edm	3	20575777.0
belgian edm	latin pop	3	20575777.0
belgian edm	rap latina	3	20575777.0
canadian hip hop	hip hop	3	8838696.0
canadian hip hop	southern hip hop	3	8838696.0
canadian pop	hip hop	3	8838696.0
canadian pop	southern hip hop	3	8838696.0
southern hip hop	toronto rap	3	8838696.0
big room	electro house	3	1483005.5
alternative r&b	post-teen pop	3	7687923.5
german cloud rap	german underground rap	3	1567542.5
dutch hip hop	german hip hop	3	1653591.0
dutch urban	german hip hop	3	1653591.0
gangster rap	pop	3	1910703.666666667
cologne indie	german hip hop	3	11247111.0
german hip hop	german singer-songwriter	3	11247111.0
la pop	pop	3	10045560.333333334
albanian hip hop	french hip hop	3	1908663.333333333
albanian hip hop	pop urbaine	3	1908663.333333333
emo rap	miami hip hop	3	7256596.5
dance pop	trap latino	3	13507302.5
dance pop	francoton	3	2096102.0
francoton	pop	3	2096102.0
pop	puerto rican pop	3	20751125.0
atl hip hop	philly rap	2	679052.0
atl trap	philly rap	2	679052.0
atl trap	southern hip hop	2	679052.0
dfw rap	philly rap	2	679052.0
latin	reggae fusion	2	23667533.0
latin hip hop	reggae fusion	2	23667533.0
reggae fusion	reggaeton	2	23667533.0
reggae fusion	tropical	2	23667533.0
albanian hip hop	christlicher rap	2	17766113.5
conscious hip hop	detroit hip hop	2	1664995.5
detroit hip hop	dmv rap	2	1664995.5
conscious hip hop	g funk	2	1664995.5
dmv rap	g funk	2	1664995.5
alternative r&b	uk pop	2	21541135.5
canadian hip hop	r&b	2	4429651.0
r&b	toronto rap	2	4429651.0
atl hip hop	conscious hip hop	2	5733142.5
atl trap	conscious hip hop	2	5733142.5
conscious hip hop	gangster rap	2	5733142.5
atl hip hop	nc hip hop	2	5733142.5
atl trap	nc hip hop	2	5733142.5
gangster rap	nc hip hop	2	5733142.5
nc hip hop	pop rap	2	5733142.5
nc hip hop	trap	2	5733142.5
eurovision	german pop	2	11094448.0
brazilian edm	edm	2	1310987.5
brazilian edm	electro house	2	1310987.5
brazilian edm	german dance	2	1310987.5
brazilian edm	tropical house	2	1310987.5
edm	pop nacional	2	1310987.5
electro house	pop nacional	2	1310987.5
german dance	pop nacional	2	1310987.5
pop nacional	tropical house	2	1310987.5
boy band	brazilian edm	2	1310987.5
brazilian edm	post-teen pop	2	1310987.5
brazilian edm	viral pop	2	1310987.5
boy band	pop nacional	2	1310987.5
pop nacional	post-teen pop	2	1310987.5
pop nacional	viral pop	2	1310987.5
boy band	dance pop	2	1310987.5
boy band	edm	2	1310987.5
boy band	german dance	2	1310987.5
german trap	phonk	2	447885.0
alternative r&b	house	2	5644010.5
alternative r&b	uk dance	2	5644010.5
british indie rock	rap rock	2	655377.0
modern alternative rock	rap rock	2	655377.0
modern rock	rap rock	2	655377.0
rap rock	rock	2	655377.0
christlicher rap	latin hip hop	2	1092624.0
christlicher rap	reggaeton	2	1092624.0
pop rap	soundtrack	2	1105920.5
canadian contemporary r&b	soundtrack	2	1105920.5
canadian pop	soundtrack	2	1105920.5
canadian contemporary r&b	pop rap	2	1105920.5
afro dancehall	pop	2	1322640.5
afro dancehall	uk pop	2	1322640.5
dancehall	uk pop	2	1322640.5
nigerian hip hop	pop	2	1322640.5
nigerian hip hop	uk pop	2	1322640.5
nigerian pop	pop	2	1322640.5
nigerian pop	uk pop	2	1322640.5
afro dancehall	grime	2	1322640.5
afro dancehall	uk hip hop	2	1322640.5
dancehall	grime	2	1322640.5
dancehall	uk hip hop	2	1322640.5
grime	nigerian hip hop	2	1322640.5
nigerian hip hop	uk hip hop	2	1322640.5
grime	nigerian pop	2	1322640.5
nigerian pop	uk hip hop	2	1322640.5
album rock	dfw rap	2	2713674.0
album rock	melodic rap	2	2713674.0
birmingham metal	dfw rap	2	2713674.0
birmingham metal	melodic rap	2	2713674.0
dfw rap	hard rock	2	2713674.0
hard rock	melodic rap	2	2713674.0
dfw rap	metal	2	2713674.0
melodic rap	metal	2	2713674.0
dfw rap	rock	2	2713674.0
melodic rap	rock	2	2713674.0
german hip hop	german pop rock	2	4825033.0
baroque pop	dance pop	2	2971434.5
baroque pop	post-teen pop	2	2971434.5
dance pop	emo	2	2971434.5
emo	post-teen pop	2	2971434.5
conscious hip hop	uk pop	2	6887948.5
chicago rap	melodic rap	2	6887948.5
progressive house	swedish pop	2	1087787.0
emo	pop rap	2	11621761.0
pop punk	pop rap	2	11621761.0
big room	emo	2	11621761.0
edm	emo	2	11621761.0
emo	progressive house	2	11621761.0
emo	tropical house	2	11621761.0
big room	modern rock	2	11621761.0
modern rock	progressive house	2	11621761.0
big room	pop punk	2	11621761.0
edm	pop punk	2	11621761.0
pop	pop punk	2	11621761.0
pop punk	progressive house	2	11621761.0
pop punk	tropical house	2	11621761.0
pop rap	progressive house	2	11621761.0
gangster rap	trap	2	4965743.5
german rock	german rock	2	359176.0
neo soul	post-teen pop	2	2090286.5
post-teen pop	uk contemporary r&b	2	2090286.5
neo soul	pop rap	2	2090286.5
pop rap	uk contemporary r&b	2	2090286.5
liquid funk	neo soul	2	2090286.5
neo soul	uk funky	2	2090286.5
liquid funk	uk contemporary r&b	2	2090286.5
uk contemporary r&b	uk dance	2	2090286.5
uk contemporary r&b	uk funky	2	2090286.5
dance pop	liquid funk	2	2090286.5
liquid funk	pop	2	2090286.5
liquid funk	post-teen pop	2	2090286.5
liquid funk	tropical house	2	2090286.5
tropical house	uk funky	2	2090286.5
liquid funk	uk pop	2	2090286.5
uk funky	uk pop	2	2090286.5
liquid funk	pop rap	2	2090286.5
pop rap	uk funky	2	2090286.5
atl hip hop	electropop	2	1033704.5
atl hip hop	etherpop	2	1033704.5
atl hip hop	indie poptimism	2	1033704.5
electropop	southern hip hop	2	1033704.5
etherpop	southern hip hop	2	1033704.5
indie poptimism	southern hip hop	2	1033704.5
etherpop	trap	2	1033704.5
indie poptimism	trap	2	1033704.5
dfw rap	electropop	2	1033704.5
dfw rap	etherpop	2	1033704.5
etherpop	melodic rap	2	1033704.5
dfw rap	indie poptimism	2	1033704.5
indie poptimism	melodic rap	2	1033704.5
dfw rap	post-teen pop	2	1033704.5
country	country rap	2	28645518.5
country	lgbtq+ hip hop	2	28645518.5
country	pop rap	2	28645518.5
country rap	country road	2	28645518.5
country road	lgbtq+ hip hop	2	28645518.5
country road	pop rap	2	28645518.5
pop	trap soul	2	1253385.0
pop rap	trap soul	2	1253385.0
post-teen pop	trap soul	2	1253385.0
r&b	r&b	2	1253385.0
r&b	southern hip hop	2	1253385.0
r&b	trap soul	2	1253385.0
r&b	urban contemporary	2	1253385.0
trap soul	urban contemporary	2	1253385.0
dfw rap	nc hip hop	2	1248345.0
german hip hop	hip hop	2	9887781.5
german hip hop	southern hip hop	2	9887781.5
classic arab pop	german hip hop	2	9887781.5
german hip hop	rai	2	9887781.5
classic arab pop	hip hop	2	9887781.5
hip hop	rai	2	9887781.5
classic arab pop	pop rap	2	9887781.5
pop rap	rai	2	9887781.5
classic arab pop	rap	2	9887781.5
rai	rap	2	9887781.5
classic arab pop	southern hip hop	2	9887781.5
rai	southern hip hop	2	9887781.5
classic arab pop	trap	2	9887781.5
rai	trap	2	9887781.5
australian dance	bmore	2	669987.0
australian pop	bmore	2	669987.0
australian dance	electropop	2	669987.0
australian pop	electropop	2	669987.0
australian dance	moombahton	2	669987.0
australian pop	moombahton	2	669987.0
australian dance	ninja	2	669987.0
australian pop	ninja	2	669987.0
australian dance	post-teen pop	2	669987.0
german pop	german trap	2	1128998.0
christlicher rap	kazakh pop	2	2770754.5
german hip hop	kazakh pop	2	2770754.5
christlicher rap	russian gangster rap	2	2770754.5
german hip hop	russian gangster rap	2	2770754.5
christlicher rap	russian hip hop	2	2770754.5
german hip hop	russian hip hop	2	2770754.5
french hip hop	german pop	2	14538831.5
german pop	rap conscient	2	14538831.5
dfw rap	melodic rap	2	13527066.0
melodic rap	melodic rap	2	13527066.0
dance pop	reggae fusion	2	3354785.5
pop	reggae fusion	2	3354785.5
german pop	partyschlager	2	971671.5
german dance	german hip hop	2	1240752.0
austrian pop	german cloud rap	2	767877.5
southern hip hop	southern hip hop	2	7969377.0
indie pop rap	rap	2	3136810.0
indie pop rap	trap	2	3136810.0
edm	eurodance	2	35431909.0
eurodance	tropical house	2	35431909.0
dance pop	indie pop rap	2	401464.0
indie pop rap	indie poptimism	2	401464.0
indie pop rap	pop	2	401464.0
indie pop rap	post-teen pop	2	401464.0
indie pop	pop	2	7378833.5
indie poptimism	progressive electro house	2	10750699.5
indietronica	progressive electro house	2	10750699.5
brostep	metropopolis	2	18369395.0
metropopolis	progressive electro house	2	18369395.0
dutch edm	post-teen pop	2	1416215.5
post-teen pop	trance	2	1416215.5
dutch edm	uk pop	2	1416215.5
trance	uk pop	2	1416215.5
brostep	modern rock	2	11743041.0
modern rock	progressive electro house	2	11743041.0
british indie rock	pop rap	2	742575.5
modern alternative rock	pop rap	2	742575.5
german hip hop	polish hip hop	2	550384.0
german hip hop	polish trap	2	550384.0
dirty south rap	pop rap	2	6084508.0
country road	pop	2	6739501.5
puerto rican pop	trap latino	2	15326889.5
puerto rican pop	tropical	2	15326889.5
latin hip hop	trap latino	2	11874143.0
trap latino	tropical	2	11874143.0
edm	german pop	2	5375950.0
dutch house	post-teen pop	2	4334836.5
progressive electro house	uk pop	2	2484926.0
electropop	indie poptimism	2	7342320.0
hip hop	latin	2	5567260.5
hip hop	reggaeton	2	5567260.5
hip hop	miami hip hop	2	4601117.5
country rap	k-pop	2	506472.0
k-pop	lgbtq+ hip hop	2	506472.0
k-pop	pop rap	2	506472.0
canadian contemporary r&b	electro house	2	7588372.5
canadian pop	electro house	2	7588372.5
german alternative rap	german indie	2	733824.5
german indie	german pop	2	733824.5
german alternative rap	german rock	2	733824.5
dancehall	latin	2	445331.0
dancehall	reggaeton	2	445331.0
dance pop	latin viral pop	2	512272.0
latin viral pop	pop	2	512272.0
east coast hip hop	rap	2	2698827.5
grime	pop rap	2	1352516.0
grime	rap	2	1352516.0
grime	trap	2	1352516.0
outlaw country	pop	2	530414.0
brostep	trap	2	990569.5
dance pop	k-pop	2	4906257.0
latin pop	pop rap	2	4615644.0
pop	pop reggaeton	2	6350714.0
pop reggaeton	post-teen pop	2	6350714.0
post-teen pop	reggaeton flow	2	6350714.0
canadian hip hop	emo rap	2	3103698.0
hip pop	rap	2	718491.5
queens hip hop	rap	2	2141128.0
hip hop	reggaeton flow	2	5373484.0
reggaeton flow	southern hip hop	2	5373484.0
southern hip hop	trap latino	2	5373484.0
perreo	pop rap	2	2216004.0
german dance	german dance	2	652529.0
electropop	pop edm	2	9358815.0
pop edm	pop edm	2	9358815.0
pop edm	progressive house	2	4908619.5
indietronica	tropical house	2	3825786.0
edm	indie poptimism	2	7197652.0
edm	nyc pop	2	7197652.0
contemporary country	dance pop	2	1120409.0
contemporary country	tropical house	2	1477669.0
german techno	pop	2	1002735.0
hamburg hip hop	latin hip hop	2	23827592.5
hamburg hip hop	reggaeton	2	23827592.5
bmore	tropical house	2	6838484.0
electropop	moombahton	2	6838484.0
ninja	tropical house	2	6838484.0
albanian pop	kosovan pop	2	788768.0
baile pop	dance pop	2	2880574.0
baile pop	pop	2	2880574.0
dance pop	funk carioca	2	2880574.0
funk carioca	pop	2	2880574.0
dance pop	funk das antigas	2	2880574.0
funk das antigas	pop	2	2880574.0
dance pop	pagode baiano	2	2880574.0
pagode baiano	pop	2	2880574.0
dance pop	neo mellow	2	6702467.5
edm	neo mellow	2	6702467.5
electro house	neo mellow	2	6702467.5
neo mellow	tropical house	2	6702467.5
k-pop	post-teen pop	2	2745350.0
k-pop boy group	pop	2	2745350.0
k-pop boy group	post-teen pop	2	2745350.0
deep german hip hop	trap	2	3418754.0
partyschlager	partyschlager	2	1171341.5
deep german hip hop	german alternative rap	2	459055.0
german cloud rap	german indie	2	9028933.0
german hip hop	hamburg indie	2	17526140.0
edm	video game music	2	2573357.0
moombahton	video game music	2	2573357.0
tropical house	video game music	2	2573357.0
alternative r&b	edm	2	2573357.0
alternative r&b	moombahton	2	2573357.0
edm	moombahton	2	2573357.0
french hip hop	rap	2	791228.0
pop urbaine	rap	2	791228.0
french hip hop	trap	2	791228.0
pop urbaine	trap	2	791228.0
emo rap	german hip hop	2	1083287.0
german underground rap	german underground rap	2	765849.0
brostep	edm	2	2385768.0
dutch edm	edm	2	2385768.0
edm	trance	2	2385768.0
canadian pop	uk dance	2	6699007.0
progressive house	uk pop	2	7624856.0
latin pop	tropical	2	19677706.5
basshall	latin	2	20575777.0
basshall	reggaeton	2	20575777.0
basshall	tropical	2	20575777.0
dutch hip hop	latin	2	20575777.0
dutch hip hop	reggaeton	2	20575777.0
dutch hip hop	tropical	2	20575777.0
dutch house	latin	2	20575777.0
dutch house	reggaeton	2	20575777.0
dutch house	tropical	2	20575777.0
dutch urban	latin	2	20575777.0
dutch urban	reggaeton	2	20575777.0
dutch urban	tropical	2	20575777.0
basshall	edm	2	20575777.0
dutch hip hop	edm	2	20575777.0
dutch hip hop	tropical house	2	20575777.0
dutch house	edm	2	20575777.0
dutch house	tropical house	2	20575777.0
dutch urban	edm	2	20575777.0
dutch urban	tropical house	2	20575777.0
edm	latin hip hop	2	20575777.0
latin hip hop	tropical house	2	20575777.0
belgian dance	latin	2	20575777.0
big room	latin	2	20575777.0
latin	progressive electro house	2	20575777.0
belgian dance	reggaeton	2	20575777.0
big room	reggaeton	2	20575777.0
progressive electro house	reggaeton	2	20575777.0
belgian dance	tropical	2	20575777.0
big room	tropical	2	20575777.0
progressive electro house	tropical	2	20575777.0
belgian dance	belgian edm	2	20575777.0
belgian edm	big room	2	20575777.0
belgian edm	electro house	2	20575777.0
belgian edm	progressive electro house	2	20575777.0
chicago rap	hip hop	2	448093.0
chicago rap	southern hip hop	2	448093.0
german dance	pop edm	2	11519978.0
philly rap	pop rap	2	5077979.0
big room	big room	2	1483005.5
big room	deep big room	2	1483005.5
big room	progressive house	2	2619587.0
deep german hip hop	indie deutschrap	2	455356.0
adult standards	vocal harmony group	2	887280.5
easy listening	vocal harmony group	2	887280.5
lounge	vocal harmony group	2	887280.5
adult standards	lounge	2	649855.0
etherpop	pop	2	14280505.0
dance pop	talent show	2	2083242.0
pop	talent show	2	2083242.0
post-teen pop	talent show	2	2083242.0
queens hip hop	uk pop	2	2789350.0
gangster rap	uk pop	2	1926351.5
emo rap	melodic rap	2	6901709.5
arabic hip hop	german hip hop	2	2303621.0
german dance	swedish pop	2	496597.0
edm	la pop	2	14563359.5
la pop	tropical house	2	14563359.5
beach music	brill building pop	2	649620.0
beach music	rock-and-roll	2	649620.0
beach music	rockabilly	2	649620.0
brill building pop	rock-and-roll	2	649620.0
brill building pop	rockabilly	2	649620.0
rock-and-roll	rockabilly	2	649620.0
rap	smooth jazz	2	427390.0
rap	smooth saxophone	2	427390.0
albanian hip hop	rap algerien	2	1716285.0
albanian hip hop	rap tunisien	2	1716285.0
german hip hop	rap tunisien	2	1716285.0
florida rap	rap	2	8845525.0
emo rap	emo rap	2	7256596.5
emo rap	latin	2	10947769.0
emo rap	reggaeton	2	10947769.0
latin	miami hip hop	2	10947769.0
miami hip hop	reggaeton	2	10947769.0
post-teen pop	trap latino	2	13507302.5
art pop	dance pop	2	6606338.0
art pop	pop	2	6606338.0
art pop	post-teen pop	2	6606338.0
dance pop	urban contemporary	2	2096102.0
francoton	pop rap	2	2096102.0
francoton	post-teen pop	2	2096102.0
melodic rap	tropical house	2	7320161.0
blues rock	pop rap	2	1400523.0
blues rock	rap	2	1400523.0
blues rock	trap	2	1400523.0
classic rock	pop rap	2	1400523.0
classic rock	rap	2	1400523.0
classic rock	trap	2	1400523.0
mexican classic rock	pop rap	2	1400523.0
mexican classic rock	rap	2	1400523.0
mexican classic rock	trap	2	1400523.0
rock	trap	2	1400523.0
atl trap	pop	2	1229724.0
big room	dfw rap	2	346424.0
big room	melodic rap	2	346424.0
canadian electronic	rap	2	346424.0
deep big room	rap	2	346424.0
dfw rap	electro house	2	346424.0
electro house	melodic rap	2	346424.0
pop edm	rap	2	346424.0
big room	canadian hip hop	2	346424.0
big room	toronto rap	2	346424.0
big room	trap	2	346424.0
big room	trap soul	2	346424.0
canadian hip hop	electro house	2	346424.0
electro house	toronto rap	2	346424.0
electro house	trap	2	346424.0
electro house	trap soul	2	346424.0
dutch edm	rap	2	346424.0
house	rap	2	346424.0
rap	trance	2	346424.0
rap	tropical house	2	346424.0
electronic trap	pop	2	20751125.0
dance pop	puerto rican pop	2	20751125.0
dance pop	finnish pop	1	34018328.0
deep euro house	finnish pop	1	34018328.0
deep house	finnish pop	1	34018328.0
edm	finnish pop	1	34018328.0
finnish pop	german dance	1	34018328.0
finnish pop	pop	1	34018328.0
finnish pop	tropical house	1	34018328.0
dfw rap	gangster rap	1	26653862.0
gangster rap	melodic rap	1	26653862.0
post-teen pop	reggae fusion	1	2682756.0
german dance	german reggae	1	1240752.0
german dance	german rock	1	1240752.0
german reggae	partyschlager	1	1240752.0
german rock	partyschlager	1	1240752.0
german cloud rap	german rock	1	775020.0
german cloud rap	vienna indie	1	775020.0
german hip hop	vienna indie	1	775020.0
atl hip hop	cali rap	1	7093229.0
cali rap	hip hop	1	7093229.0
cali rap	southern hip hop	1	7093229.0
albanian hip hop	latin hip hop	1	1054148.0
albanian hip hop	reggaeton	1	1054148.0
atl hip hop	indie pop rap	1	3136810.0
hip hop	indie pop rap	1	3136810.0
indie pop rap	melodic rap	1	3136810.0
indie pop rap	southern hip hop	1	3136810.0
basshall	kosovan pop	1	3338524.0
christlicher rap	german pop	1	504261.0
big room	bubblegum dance	1	30438504.0
bubblegum dance	dance pop	1	30438504.0
bubblegum dance	dutch house	1	30438504.0
bubblegum dance	edm	1	30438504.0
bubblegum dance	electro house	1	30438504.0
bubblegum dance	pop	1	30438504.0
bubblegum dance	progressive electro house	1	30438504.0
bubblegum dance	tropical house	1	30438504.0
big room	eurodance	1	30438504.0
dance pop	eurodance	1	30438504.0
dutch house	eurodance	1	30438504.0
electro house	eurodance	1	30438504.0
eurodance	pop	1	30438504.0
eurodance	progressive electro house	1	30438504.0
dutch house	europop	1	30438504.0
electro house	europop	1	30438504.0
europop	progressive electro house	1	30438504.0
deep house	german pop	1	14203122.0
deep tropical house	german pop	1	14203122.0
german pop	new french touch	1	14203122.0
electropop	hip hop	1	398793.0
etherpop	hip hop	1	398793.0
hip hop	indie poptimism	1	398793.0
electropop	indie pop rap	1	398793.0
etherpop	indie pop rap	1	398793.0
deep groove house	uk pop	1	332013.0
brostep	electropop	1	14303747.0
brostep	indie pop	1	14303747.0
indie pop	progressive electro house	1	14303747.0
brostep	indie poptimism	1	14303747.0
brostep	indietronica	1	14303747.0
brostep	neo-synthpop	1	14303747.0
neo-synthpop	pop	1	14303747.0
neo-synthpop	progressive electro house	1	14303747.0
brostep	shimmer pop	1	14303747.0
pop	shimmer pop	1	14303747.0
progressive electro house	shimmer pop	1	14303747.0
country rap	pop	1	1452816.0
lgbtq+ hip hop	pop	1	1452816.0
country rap	pop rap	1	1452816.0
lgbtq+ hip hop	pop rap	1	1452816.0
country rap	rap	1	1452816.0
lgbtq+ hip hop	rap	1	1452816.0
british indie rock	brostep	1	1051039.0
brostep	modern alternative rock	1	1051039.0
brostep	rock	1	1051039.0
british indie rock	progressive electro house	1	1051039.0
modern alternative rock	progressive electro house	1	1051039.0
progressive electro house	rock	1	1051039.0
alternative r&b	brostep	1	360716.0
alternative r&b	progressive electro house	1	360716.0
boy band	pop rap	1	1174046.0
hamburg hip hop	polish hip hop	1	550384.0
hamburg hip hop	polish trap	1	550384.0
deep german hip hop	polish hip hop	1	550384.0
german cloud rap	polish hip hop	1	550384.0
german underground rap	polish hip hop	1	550384.0
deep german hip hop	polish trap	1	550384.0
german cloud rap	polish trap	1	550384.0
german underground rap	polish trap	1	550384.0
dutch pop	german dance	1	24736559.0
dutch pop	tropical house	1	24736559.0
dirty south rap	pop	1	415695.0
miami hip hop	pop	1	415695.0
brostep	contemporary country	1	12390956.0
contemporary country	progressive electro house	1	12390956.0
brostep	country road	1	12390956.0
country road	progressive electro house	1	12390956.0
latin hip hop	reggaeton flow	1	11874143.0
reggaeton flow	tropical	1	11874143.0
puerto rican pop	reggaeton flow	1	11874143.0
reggaeton flow	trap latino	1	11874143.0
trap latino	trap latino	1	11874143.0
latin hip hop	puerto rican pop	1	11874143.0
deep euro house	europop	1	4572981.0
deep euro house	german pop	1	4572981.0
europop	german dance	1	4572981.0
dutch house	electropop	1	397861.0
dutch house	uk pop	1	397861.0
electropop	viral pop	1	404135.0
indie pop rap	viral pop	1	404135.0
pop rap	viral pop	1	404135.0
canadian hip hop	latin	1	8918517.0
canadian pop	latin	1	8918517.0
latin	toronto rap	1	8918517.0
canadian hip hop	reggaeton	1	8918517.0
canadian pop	reggaeton	1	8918517.0
reggaeton	toronto rap	1	8918517.0
canadian hip hop	trap latino	1	8918517.0
canadian pop	trap latino	1	8918517.0
toronto rap	trap latino	1	8918517.0
emo rap	hip hop	1	356710.0
emo rap	new orleans rap	1	356710.0
miami hip hop	new orleans rap	1	356710.0
new orleans rap	rap	1	356710.0
new orleans rap	trap	1	356710.0
chicago rap	emo rap	1	3309833.0
chicago rap	miami hip hop	1	3309833.0
country rap	k-pop boy group	1	506472.0
k-pop boy group	lgbtq+ hip hop	1	506472.0
k-pop boy group	pop rap	1	506472.0
k-hop	k-pop	1	506472.0
k-pop	k-pop	1	506472.0
k-hop	k-pop boy group	1	506472.0
k-pop	k-pop boy group	1	506472.0
country rap	k-hop	1	506472.0
k-hop	lgbtq+ hip hop	1	506472.0
k-hop	pop rap	1	506472.0
canadian contemporary r&b	destroy techno	1	3868401.0
canadian pop	destroy techno	1	3868401.0
destroy techno	pop	1	3868401.0
german alternative rap	german alternative rap	1	433679.0
german alternative rap	german reggae	1	433679.0
german alternative rap	hamburg hip hop	1	433679.0
german alternative rap	indie deutschrap	1	433679.0
german pop	hamburg hip hop	1	433679.0
german pop	indie deutschrap	1	433679.0
german indie	german rock	1	433679.0
german rock	hamburg hip hop	1	433679.0
german rock	indie deutschrap	1	433679.0
dance pop	nc hip hop	1	1964068.0
nc hip hop	pop	1	1964068.0
nc hip hop	post-teen pop	1	1964068.0
dance pop	rap rock	1	876642.0
electropop	rap rock	1	876642.0
etherpop	rap rock	1	876642.0
indie poptimism	rap rock	1	876642.0
pop	rap rock	1	876642.0
post-teen pop	rap rock	1	876642.0
british indie rock	dance pop	1	876642.0
dance pop	modern alternative rock	1	876642.0
dance pop	rock	1	876642.0
british indie rock	electropop	1	876642.0
electropop	modern alternative rock	1	876642.0
electropop	modern rock	1	876642.0
electropop	rock	1	876642.0
british indie rock	etherpop	1	876642.0
etherpop	modern alternative rock	1	876642.0
etherpop	modern rock	1	876642.0
etherpop	rock	1	876642.0
british indie rock	indie poptimism	1	876642.0
indie poptimism	modern alternative rock	1	876642.0
indie poptimism	modern rock	1	876642.0
indie poptimism	rock	1	876642.0
british indie rock	post-teen pop	1	876642.0
modern alternative rock	post-teen pop	1	876642.0
post-teen pop	rock	1	876642.0
edm	latin viral pop	1	512272.0
latin viral pop	tropical house	1	512272.0
dancehall	latin viral pop	1	512272.0
latin viral pop	pop rap	1	512272.0
dancehall	rap latina	1	512272.0
pop rap	rap latina	1	512272.0
dance pop	dancehall	1	512272.0
dancehall	edm	1	512272.0
dancehall	tropical house	1	512272.0
birmingham grime	east coast hip hop	1	2124992.0
east coast hip hop	grime	1	2124992.0
east coast hip hop	instrumental grime	1	2124992.0
birmingham grime	hip hop	1	2124992.0
grime	hip hop	1	2124992.0
hip hop	instrumental grime	1	2124992.0
birmingham grime	pop rap	1	2124992.0
instrumental grime	pop rap	1	2124992.0
birmingham grime	rap	1	2124992.0
instrumental grime	rap	1	2124992.0
birmingham grime	southern hip hop	1	2124992.0
grime	southern hip hop	1	2124992.0
instrumental grime	southern hip hop	1	2124992.0
birmingham grime	trap	1	2124992.0
instrumental grime	trap	1	2124992.0
edm	italo dance	1	40425314.0
italo dance	tropical house	1	40425314.0
outlaw country	post-teen pop	1	530414.0
contemporary country	uk pop	1	530414.0
outlaw country	uk pop	1	530414.0
boy band	electropop	1	3985231.0
brostep	r&b	1	1634715.0
progressive electro house	r&b	1	1634715.0
progressive electro house	trap	1	1634715.0
k-pop	uk pop	1	5209436.0
dance pop	k-pop girl group	1	5209436.0
k-pop girl group	pop	1	5209436.0
k-pop girl group	uk pop	1	5209436.0
electro house	neo soul	1	24799265.0
house	neo soul	1	24799265.0
neo soul	progressive house	1	24799265.0
latin	pop reggaeton	1	6350714.0
pop reggaeton	reggaeton	1	6350714.0
dance pop	pop reggaeton	1	6350714.0
dance pop	reggaeton flow	1	6350714.0
electropop	latin hip hop	1	6350714.0
electropop	latin pop	1	6350714.0
electropop	pop reggaeton	1	6350714.0
pop rap	pop reggaeton	1	6350714.0
electropop	reggaeton flow	1	6350714.0
electropop	tropical	1	6350714.0
hip pop	r&b	1	506356.0
queens hip hop	r&b	1	506356.0
dance pop	emo rap	1	1009593.0
emo rap	hip pop	1	1009593.0
emo rap	pop	1	1009593.0
emo rap	post-teen pop	1	1009593.0
emo rap	queens hip hop	1	1009593.0
hip pop	trap	1	1009593.0
queens hip hop	trap	1	1009593.0
canadian hip hop	hip pop	1	1009593.0
canadian hip hop	post-teen pop	1	1009593.0
canadian hip hop	queens hip hop	1	1009593.0
latin	panamanian pop	1	821879.0
latin hip hop	panamanian pop	1	821879.0
panamanian pop	reggaeton	1	821879.0
panamanian pop	reggaeton flow	1	821879.0
panamanian pop	trap latino	1	821879.0
german cloud rap	german reggae	1	680060.0
perreo	pop	1	2216004.0
hip hop	latin hip hop	1	2216004.0
hip hop	perreo	1	2216004.0
hip hop	tropical	1	2216004.0
latin	southern hip hop	1	2216004.0
latin hip hop	southern hip hop	1	2216004.0
perreo	southern hip hop	1	2216004.0
reggaeton	southern hip hop	1	2216004.0
southern hip hop	tropical	1	2216004.0
latin hip hop	trap	1	2216004.0
perreo	trap	1	2216004.0
trap	tropical	1	2216004.0
dfw rap	latin	1	2216004.0
dfw rap	latin hip hop	1	2216004.0
dfw rap	perreo	1	2216004.0
dfw rap	reggaeton	1	2216004.0
dfw rap	reggaeton flow	1	2216004.0
dfw rap	trap latino	1	2216004.0
dfw rap	tropical	1	2216004.0
latin	melodic rap	1	2216004.0
latin hip hop	melodic rap	1	2216004.0
melodic rap	perreo	1	2216004.0
melodic rap	reggaeton	1	2216004.0
melodic rap	reggaeton flow	1	2216004.0
melodic rap	trap latino	1	2216004.0
melodic rap	tropical	1	2216004.0
pop rap	pop rock	1	6344021.0
pop rock	rap	1	6344021.0
deep euro house	uk pop	1	808461.0
deep euro house	german dance	1	808461.0
deep euro house	tropical house	1	808461.0
big room	indie poptimism	1	7197652.0
big room	indietronica	1	7197652.0
big room	nyc pop	1	7197652.0
deep big room	electropop	1	7197652.0
deep big room	indie poptimism	1	7197652.0
deep big room	indietronica	1	7197652.0
deep big room	nyc pop	1	7197652.0
deep big room	pop edm	1	7197652.0
deep big room	post-teen pop	1	7197652.0
electro house	indie poptimism	1	7197652.0
electro house	indietronica	1	7197652.0
electro house	nyc pop	1	7197652.0
electropop	future house	1	7197652.0
future house	indie poptimism	1	7197652.0
future house	indietronica	1	7197652.0
future house	nyc pop	1	7197652.0
future house	pop edm	1	7197652.0
future house	post-teen pop	1	7197652.0
indie poptimism	pop edm	1	7197652.0
indietronica	pop edm	1	7197652.0
nyc pop	pop edm	1	7197652.0
nyc pop	progressive electro house	1	7197652.0
pop edm	progressive electro house	1	7197652.0
electropop	progressive house	1	7197652.0
indie poptimism	progressive house	1	7197652.0
indietronica	progressive house	1	7197652.0
nyc pop	progressive house	1	7197652.0
dance pop	indie poptimism	1	7197652.0
dance pop	indietronica	1	7197652.0
dance pop	nyc pop	1	7197652.0
nyc pop	pop	1	7197652.0
indie poptimism	tropical house	1	7197652.0
nyc pop	tropical house	1	7197652.0
contemporary country	pop edm	1	1152771.0
pop edm	texas country	1	1152771.0
complextro	pop edm	1	1152771.0
german techno	pop edm	1	1152771.0
complextro	contemporary country	1	1152771.0
contemporary country	edm	1	1152771.0
contemporary country	electro house	1	1152771.0
contemporary country	german techno	1	1152771.0
complextro	texas country	1	1152771.0
dance pop	texas country	1	1152771.0
edm	texas country	1	1152771.0
electro house	texas country	1	1152771.0
german techno	texas country	1	1152771.0
pop	texas country	1	1152771.0
post-teen pop	texas country	1	1152771.0
texas country	tropical house	1	1152771.0
bmore	electropop	1	11103611.0
bmore	metropopolis	1	11103611.0
bmore	uk pop	1	11103611.0
edm	metropopolis	1	11103611.0
electropop	metropopolis	1	11103611.0
metropopolis	moombahton	1	11103611.0
moombahton	uk pop	1	11103611.0
electropop	ninja	1	11103611.0
metropopolis	ninja	1	11103611.0
ninja	uk pop	1	11103611.0
metropopolis	tropical house	1	11103611.0
bmore	trap	1	11103611.0
moombahton	trap	1	11103611.0
ninja	trap	1	11103611.0
metropopolis	trap	1	11103611.0
albanian hip hop	albanian pop	1	994685.0
albanian pop	turbo folk	1	994685.0
deep house	uk pop	1	16878208.0
atl hip hop	german cloud rap	1	16290310.0
atl hip hop	german hip hop	1	16290310.0
atl trap	german cloud rap	1	16290310.0
atl trap	german hip hop	1	16290310.0
german cloud rap	rap	1	16290310.0
german cloud rap	trap	1	16290310.0
baile pop	edm	1	2880574.0
baile pop	pop rap	1	2880574.0
baile pop	post-teen pop	1	2880574.0
baile pop	tropical house	1	2880574.0
baile pop	uk pop	1	2880574.0
edm	funk carioca	1	2880574.0
funk carioca	pop rap	1	2880574.0
funk carioca	post-teen pop	1	2880574.0
funk carioca	tropical house	1	2880574.0
funk carioca	uk pop	1	2880574.0
edm	funk das antigas	1	2880574.0
funk das antigas	pop rap	1	2880574.0
funk das antigas	post-teen pop	1	2880574.0
funk das antigas	tropical house	1	2880574.0
funk das antigas	uk pop	1	2880574.0
edm	pagode baiano	1	2880574.0
pagode baiano	pop rap	1	2880574.0
pagode baiano	post-teen pop	1	2880574.0
pagode baiano	tropical house	1	2880574.0
pagode baiano	uk pop	1	2880574.0
baile pop	latin	1	2880574.0
baile pop	latin pop	1	2880574.0
baile pop	mexican pop	1	2880574.0
funk carioca	latin	1	2880574.0
funk carioca	latin pop	1	2880574.0
funk carioca	mexican pop	1	2880574.0
funk das antigas	latin	1	2880574.0
funk das antigas	latin pop	1	2880574.0
funk das antigas	mexican pop	1	2880574.0
latin	pagode baiano	1	2880574.0
latin pop	pagode baiano	1	2880574.0
mexican pop	pagode baiano	1	2880574.0
dance pop	mexican pop	1	2880574.0
edm	mexican pop	1	2880574.0
mexican pop	pop	1	2880574.0
mexican pop	pop rap	1	2880574.0
mexican pop	post-teen pop	1	2880574.0
mexican pop	tropical house	1	2880574.0
latin	uk pop	1	2880574.0
latin pop	uk pop	1	2880574.0
mexican pop	uk pop	1	2880574.0
albanian hip hop	hamburg hip hop	1	12696555.0
big room	neo mellow	1	4658706.0
big room	piano rock	1	4658706.0
big room	pop rock	1	4658706.0
dance pop	piano rock	1	4658706.0
dance pop	pop rock	1	4658706.0
edm	piano rock	1	4658706.0
edm	pop rock	1	4658706.0
electro house	piano rock	1	4658706.0
electro house	pop rock	1	4658706.0
piano rock	pop	1	4658706.0
piano rock	tropical house	1	4658706.0
pop rock	tropical house	1	4658706.0
dance pop	escape room	1	2430010.0
dance pop	minnesota hip hop	1	2430010.0
dance pop	trap queen	1	2430010.0
escape room	pop	1	2430010.0
minnesota hip hop	pop	1	2430010.0
pop	trap queen	1	2430010.0
escape room	post-teen pop	1	2430010.0
minnesota hip hop	post-teen pop	1	2430010.0
post-teen pop	trap queen	1	2430010.0
electropop	k-pop	1	4603078.0
etherpop	k-pop	1	4603078.0
indie poptimism	k-pop	1	4603078.0
dance pop	k-pop boy group	1	4603078.0
electropop	k-pop boy group	1	4603078.0
etherpop	k-pop boy group	1	4603078.0
indie poptimism	k-pop boy group	1	4603078.0
eurodance	melbourne bounce international	1	26436302.0
italo dance	melbourne bounce international	1	26436302.0
cali rap	german hip hop	1	2922618.0
cali rap	deep german hip hop	1	2922618.0
indie deutschrap	partyschlager	1	1984267.0
edm	indie pop	1	453920.0
indie pop	tropical house	1	453920.0
german alternative rap	turkish hip hop	1	459055.0
christlicher rap	german alternative rap	1	459055.0
christlicher rap	turkish hip hop	1	459055.0
german cloud rap	hamburg indie	1	17526140.0
bmore	video game music	1	2573357.0
electropop	video game music	1	2573357.0
ninja	video game music	1	2573357.0
alternative r&b	video game music	1	2573357.0
dance pop	video game music	1	2573357.0
electro house	video game music	1	2573357.0
pop rap	video game music	1	2573357.0
alternative r&b	bmore	1	2573357.0
alternative r&b	ninja	1	2573357.0
bmore	edm	1	2573357.0
bmore	electro house	1	2573357.0
bmore	moombahton	1	2573357.0
bmore	pop rap	1	2573357.0
electro house	moombahton	1	2573357.0
moombahton	moombahton	1	2573357.0
moombahton	pop rap	1	2573357.0
edm	ninja	1	2573357.0
electro house	ninja	1	2573357.0
moombahton	ninja	1	2573357.0
ninja	pop rap	1	2573357.0
alternative r&b	electro house	1	2573357.0
uk pop	urban contemporary	1	566672.0
house	talent show	1	758902.0
dance pop	pop house	1	10837763.0
house	pop house	1	10837763.0
pop	pop house	1	10837763.0
pop house	pop house	1	10837763.0
pop house	tropical house	1	10837763.0
pop house	uk pop	1	10837763.0
edm	rock	1	699597.0
rock	tropical house	1	699597.0
emo rap	french hip hop	1	1083287.0
emo rap	pop urbaine	1	1083287.0
emo rap	rap marseille	1	1083287.0
rap	rap marseille	1	1083287.0
rap marseille	trap	1	1083287.0
cali rap	reggaeton flow	1	8530964.0
gangster rap	reggaeton flow	1	8530964.0
cali rap	trap latino	1	8530964.0
gangster rap	trap latino	1	8530964.0
edm	norwegian pop	1	446501.0
norwegian pop	tropical house	1	446501.0
german trap	hamburg hip hop	1	729879.0
brostep	uk dance	1	2385768.0
dutch edm	uk dance	1	2385768.0
trance	uk dance	1	2385768.0
dutch edm	pop rap	1	2385768.0
electro house	pop rap	1	2385768.0
house	pop rap	1	2385768.0
pop rap	trance	1	2385768.0
adult standards	europop	1	763497.0
adult standards	pop	1	763497.0
contemporary vocal jazz	europop	1	763497.0
contemporary vocal jazz	pop	1	763497.0
europop	neo mellow	1	763497.0
europop	vocal jazz	1	763497.0
pop	vocal jazz	1	763497.0
german pop	liedermacher	1	441265.0
australian dance	dance pop	1	329892.0
australian pop	dance pop	1	329892.0
electropop	uk dance	1	2089670.0
latin	r&b	1	4055385.0
r&b	reggaeton	1	4055385.0
canadian pop	contemporary country	1	6485573.0
canadian contemporary r&b	dance pop	1	11308344.0
canadian contemporary r&b	edm	1	11308344.0
canadian contemporary r&b	house	1	11308344.0
canadian pop	house	1	11308344.0
canadian contemporary r&b	progressive house	1	11308344.0
canadian pop	progressive house	1	11308344.0
canadian contemporary r&b	tropical house	1	11308344.0
canadian contemporary r&b	uk dance	1	11308344.0
canadian contemporary r&b	post-teen pop	1	11308344.0
canadian contemporary r&b	uk pop	1	11308344.0
dance pop	hollywood	1	32986178.0
hollywood	pop	1	32986178.0
hollywood	post-teen pop	1	32986178.0
basshall	latin hip hop	1	20575777.0
dutch hip hop	latin hip hop	1	20575777.0
dutch house	latin hip hop	1	20575777.0
dutch urban	latin hip hop	1	20575777.0
dance pop	dutch hip hop	1	20575777.0
dutch hip hop	pop	1	20575777.0
dance pop	dutch urban	1	20575777.0
dutch urban	pop	1	20575777.0
basshall	belgian dance	1	20575777.0
basshall	big room	1	20575777.0
basshall	electro house	1	20575777.0
basshall	progressive electro house	1	20575777.0
belgian dance	dutch hip hop	1	20575777.0
big room	dutch hip hop	1	20575777.0
dutch hip hop	electro house	1	20575777.0
dutch hip hop	progressive electro house	1	20575777.0
belgian dance	dutch house	1	20575777.0
big room	dutch house	1	20575777.0
dutch house	electro house	1	20575777.0
dutch house	progressive electro house	1	20575777.0
belgian dance	dutch urban	1	20575777.0
big room	dutch urban	1	20575777.0
dutch urban	electro house	1	20575777.0
dutch urban	progressive electro house	1	20575777.0
basshall	latin pop	1	20575777.0
basshall	rap latina	1	20575777.0
dutch hip hop	latin pop	1	20575777.0
dutch hip hop	rap latina	1	20575777.0
dutch house	latin pop	1	20575777.0
dutch house	rap latina	1	20575777.0
dutch urban	latin pop	1	20575777.0
dutch urban	rap latina	1	20575777.0
belgian dance	latin hip hop	1	20575777.0
big room	latin hip hop	1	20575777.0
electro house	latin hip hop	1	20575777.0
latin hip hop	progressive electro house	1	20575777.0
latin	rap latina	1	20575777.0
latin hip hop	latin pop	1	20575777.0
latin hip hop	rap latina	1	20575777.0
latin hip hop	tropical	1	20575777.0
rap latina	reggaeton	1	20575777.0
rap latina	tropical	1	20575777.0
tropical	tropical	1	20575777.0
belgian dance	dance pop	1	20575777.0
belgian dance	edm	1	20575777.0
belgian dance	pop	1	20575777.0
belgian dance	tropical house	1	20575777.0
belgian dance	latin pop	1	20575777.0
belgian dance	rap latina	1	20575777.0
big room	latin pop	1	20575777.0
big room	rap latina	1	20575777.0
electro house	latin pop	1	20575777.0
electro house	rap latina	1	20575777.0
latin pop	progressive electro house	1	20575777.0
progressive electro house	rap latina	1	20575777.0
german trap	german underground rap	1	469495.0
classic schlager	europop	1	1001246.0
classic schlager	pop	1	1001246.0
europop	german pop	1	1001246.0
europop	partyschlager	1	1001246.0
partyschlager	pop	1	1001246.0
europop	schlager	1	1001246.0
pop	schlager	1	1001246.0
alternative r&b	chicago rap	1	468796.0
alternative r&b	rap	1	468796.0
alternative r&b	hip hop	1	468796.0
alternative r&b	r&b	1	468796.0
alternative r&b	southern hip hop	1	468796.0
alternative r&b	trap	1	468796.0
alternative r&b	trap soul	1	468796.0
chicago rap	r&b	1	468796.0
chicago rap	trap soul	1	468796.0
german hip hop	meme rap	1	749568.0
german hip hop	miami hip hop	1	749568.0
german hip hop	underground hip hop	1	749568.0
german hip hop	vapor trap	1	749568.0
electropop	german dance	1	11519978.0
german dance	neo mellow	1	8746229.0
atl hip hop	atl hip hop	1	386138.0
dance pop	scandipop	1	11424701.0
edm	scandipop	1	11424701.0
pop	scandipop	1	11424701.0
scandipop	tropical house	1	11424701.0
scandipop	uk dance	1	11424701.0
dance pop	dutch pop	1	8271812.0
dutch pop	pop	1	8271812.0
dutch pop	post-teen pop	1	8271812.0
dutch house	viral pop	1	8271812.0
dutch pop	viral pop	1	8271812.0
basshall	post-teen pop	1	8271812.0
basshall	viral pop	1	8271812.0
basshall	dutch house	1	8271812.0
basshall	dutch pop	1	8271812.0
boston hip hop	conscious hip hop	1	474863.0
boston hip hop	dmv rap	1	474863.0
boston hip hop	hip hop	1	474863.0
boston hip hop	pop rap	1	474863.0
boston hip hop	rap	1	474863.0
dmv rap	pop rap	1	474863.0
baton rouge rap	chicago rap	1	8137679.0
baton rouge rap	melodic rap	1	8137679.0
canadian hip hop	philly rap	1	9632172.0
canadian pop	philly rap	1	9632172.0
hip hop	philly rap	1	9632172.0
philly rap	toronto rap	1	9632172.0
album rock	experimental rock	1	7099572.0
art rock	experimental rock	1	7099572.0
classic rock	experimental rock	1	7099572.0
experimental rock	folk rock	1	7099572.0
experimental rock	mellow gold	1	7099572.0
experimental rock	psychedelic rock	1	7099572.0
experimental rock	rock	1	7099572.0
album rock	experimental	1	7099572.0
album rock	experimental pop	1	7099572.0
art rock	experimental	1	7099572.0
art rock	experimental pop	1	7099572.0
classic rock	experimental	1	7099572.0
classic rock	experimental pop	1	7099572.0
experimental	folk rock	1	7099572.0
experimental pop	folk rock	1	7099572.0
experimental	mellow gold	1	7099572.0
experimental pop	mellow gold	1	7099572.0
experimental	psychedelic rock	1	7099572.0
experimental pop	psychedelic rock	1	7099572.0
experimental	rock	1	7099572.0
experimental pop	rock	1	7099572.0
experimental	experimental rock	1	7099572.0
experimental pop	experimental rock	1	7099572.0
canadian hip hop	dirty south rap	1	11753321.0
canadian hip hop	gangster rap	1	11753321.0
canadian pop	dirty south rap	1	11753321.0
canadian pop	gangster rap	1	11753321.0
dirty south rap	hip hop	1	11753321.0
dirty south rap	toronto rap	1	11753321.0
gangster rap	toronto rap	1	11753321.0
deep big room	progressive house	1	2619587.0
electro house	progressive house	1	2619587.0
big room	future house	1	2619587.0
future house	progressive house	1	2619587.0
big room	progressive electro house	1	2619587.0
progressive electro house	progressive house	1	2619587.0
progressive house	progressive house	1	2619587.0
dance pop	deep pop r&b	1	1095342.0
dance pop	indie r&b	1	1095342.0
deep pop r&b	pop	1	1095342.0
indie r&b	pop	1	1095342.0
deep pop r&b	post-teen pop	1	1095342.0
indie r&b	post-teen pop	1	1095342.0
hamburg hip hop	indie deutschrap	1	455356.0
atl hip hop	emo rap	1	412715.0
atl trap	emo rap	1	412715.0
adult standards	adult standards	1	649855.0
adult standards	swing	1	649855.0
adult standards	torch song	1	649855.0
adult standards	vocal jazz	1	649855.0
adult standards	easy listening	1	649855.0
easy listening	lounge	1	649855.0
easy listening	swing	1	649855.0
easy listening	torch song	1	649855.0
easy listening	vocal jazz	1	649855.0
lounge	lounge	1	649855.0
lounge	swing	1	649855.0
lounge	torch song	1	649855.0
lounge	vocal jazz	1	649855.0
philly rap	pop	1	523786.0
philly rap	uk pop	1	523786.0
southern hip hop	uk pop	1	523786.0
basshall	uk pop	1	351525.0
basshall	uk dancehall	1	351525.0
basshall	uk drill	1	351525.0
basshall	uk hip hop	1	351525.0
dance pop	uk dancehall	1	351525.0
dance pop	uk drill	1	351525.0
dance pop	uk hip hop	1	351525.0
pop	uk dancehall	1	351525.0
pop	uk drill	1	351525.0
tropical house	uk dancehall	1	351525.0
tropical house	uk drill	1	351525.0
tropical house	uk hip hop	1	351525.0
uk dancehall	uk pop	1	351525.0
uk drill	uk pop	1	351525.0
alternative r&b	etherpop	1	14280505.0
alternative r&b	indie poptimism	1	14280505.0
electropop	etherpop	1	14280505.0
etherpop	post-teen pop	1	14280505.0
indie poptimism	post-teen pop	1	14280505.0
belgian hip hop	german hip hop	1	499169.0
belgian hip hop	hip hop	1	499169.0
french hip hop	hip hop	1	499169.0
hip hop	pop urbaine	1	499169.0
hip hop	rap francais	1	499169.0
belgian hip hop	pop rap	1	499169.0
french hip hop	pop rap	1	499169.0
pop rap	pop urbaine	1	499169.0
pop rap	rap francais	1	499169.0
belgian hip hop	rap	1	499169.0
rap	rap francais	1	499169.0
belgian hip hop	southern hip hop	1	499169.0
french hip hop	southern hip hop	1	499169.0
pop urbaine	southern hip hop	1	499169.0
rap francais	southern hip hop	1	499169.0
belgian hip hop	trap	1	499169.0
rap francais	trap	1	499169.0
belgian hip hop	classic arab pop	1	499169.0
belgian hip hop	rai	1	499169.0
classic arab pop	french hip hop	1	499169.0
french hip hop	rai	1	499169.0
classic arab pop	pop urbaine	1	499169.0
pop urbaine	rai	1	499169.0
classic arab pop	rap francais	1	499169.0
rai	rap francais	1	499169.0
dance pop	girl group	1	2306037.0
girl group	hip pop	1	2306037.0
girl group	pop	1	2306037.0
girl group	pop rap	1	2306037.0
girl group	post-teen pop	1	2306037.0
girl group	queens hip hop	1	2306037.0
hip pop	talent show	1	2306037.0
pop rap	talent show	1	2306037.0
queens hip hop	talent show	1	2306037.0
hip pop	uk pop	1	2306037.0
alternative r&b	neo mellow	1	938393.0
alternative r&b	pop rock	1	938393.0
alternative r&b	singer-songwriter	1	938393.0
pop	singer-songwriter	1	938393.0
dutch trap	german hip hop	1	2043418.0
east coast hip hop	pop	1	3272663.0
east coast hip hop	uk pop	1	3272663.0
detroit hip hop	east coast hip hop	1	3272663.0
east coast hip hop	g funk	1	3272663.0
east coast hip hop	hip hop	1	3272663.0
detroit hip hop	gangster rap	1	3272663.0
g funk	gangster rap	1	3272663.0
detroit hip hop	queens hip hop	1	3272663.0
g funk	queens hip hop	1	3272663.0
hip hop	queens hip hop	1	3272663.0
detroit hip hop	pop	1	3272663.0
g funk	pop	1	3272663.0
detroit hip hop	uk pop	1	3272663.0
g funk	uk pop	1	3272663.0
albanian hip hop	melodic rap	1	3914890.0
deep german hip hop	melodic rap	1	3914890.0
albanian hip hop	pop rap	1	3914890.0
deep german hip hop	pop rap	1	3914890.0
albanian hip hop	rap	1	3914890.0
deep german hip hop	rap	1	3914890.0
albanian hip hop	trap	1	3914890.0
post-romantic era	soundtrack	1	802918.0
soundtrack	ukrainian classical	1	802918.0
complextro	dance pop	1	852699.0
dance pop	german techno	1	852699.0
complextro	post-teen pop	1	852699.0
german techno	post-teen pop	1	852699.0
emo rap	toronto rap	1	5197803.0
chanson	german pop	1	2835158.0
french indie pop	german pop	1	2835158.0
french pop	german pop	1	2835158.0
french rock	german pop	1	2835158.0
german pop	nouvelle chanson francaise	1	2835158.0
cologne indie	german pop	1	11247111.0
german pop	german singer-songwriter	1	11247111.0
cologne indie	german cloud rap	1	11247111.0
german cloud rap	german singer-songwriter	1	11247111.0
electro house	swedish pop	1	496597.0
argentine hip hop	uk hip hop	1	574255.0
trap argentino	uk hip hop	1	574255.0
trap latino	uk hip hop	1	574255.0
argentine hip hop	pop	1	574255.0
pop	trap argentino	1	574255.0
argentine hip hop	uk pop	1	574255.0
trap argentino	uk pop	1	574255.0
trap latino	uk pop	1	574255.0
belgian edm	electropop	1	9646510.0
belgian edm	la pop	1	9646510.0
beach music	doo-wop	1	649620.0
beach music	rhythm and blues	1	649620.0
adult standards	beach music	1	649620.0
beach music	bubblegum pop	1	649620.0
beach music	folk rock	1	649620.0
beach music	lounge	1	649620.0
beach music	motown	1	649620.0
beach music	soul	1	649620.0
adult standards	brill building pop	1	649620.0
brill building pop	brill building pop	1	649620.0
brill building pop	bubblegum pop	1	649620.0
brill building pop	folk rock	1	649620.0
brill building pop	lounge	1	649620.0
brill building pop	motown	1	649620.0
brill building pop	soul	1	649620.0
adult standards	doo-wop	1	649620.0
brill building pop	doo-wop	1	649620.0
bubblegum pop	doo-wop	1	649620.0
doo-wop	folk rock	1	649620.0
doo-wop	lounge	1	649620.0
doo-wop	motown	1	649620.0
doo-wop	rock-and-roll	1	649620.0
doo-wop	rockabilly	1	649620.0
doo-wop	soul	1	649620.0
adult standards	rhythm and blues	1	649620.0
brill building pop	rhythm and blues	1	649620.0
bubblegum pop	rhythm and blues	1	649620.0
folk rock	rhythm and blues	1	649620.0
lounge	rhythm and blues	1	649620.0
motown	rhythm and blues	1	649620.0
rhythm and blues	rock-and-roll	1	649620.0
rhythm and blues	rockabilly	1	649620.0
rhythm and blues	soul	1	649620.0
adult standards	rock-and-roll	1	649620.0
bubblegum pop	rock-and-roll	1	649620.0
folk rock	rock-and-roll	1	649620.0
lounge	rock-and-roll	1	649620.0
motown	rock-and-roll	1	649620.0
rock-and-roll	rock-and-roll	1	649620.0
rock-and-roll	soul	1	649620.0
adult standards	rockabilly	1	649620.0
bubblegum pop	rockabilly	1	649620.0
folk rock	rockabilly	1	649620.0
lounge	rockabilly	1	649620.0
motown	rockabilly	1	649620.0
rockabilly	rockabilly	1	649620.0
rockabilly	soul	1	649620.0
alternative hip hop	chicago rap	1	427390.0
alternative hip hop	rap	1	427390.0
chicago rap	gangster rap	1	427390.0
chicago rap	hardcore hip hop	1	427390.0
hardcore hip hop	rap	1	427390.0
chicago rap	hip pop	1	427390.0
alternative hip hop	smooth jazz	1	427390.0
alternative hip hop	smooth saxophone	1	427390.0
gangster rap	smooth jazz	1	427390.0
gangster rap	smooth saxophone	1	427390.0
hardcore hip hop	smooth jazz	1	427390.0
hardcore hip hop	smooth saxophone	1	427390.0
hip hop	smooth jazz	1	427390.0
hip hop	smooth saxophone	1	427390.0
hip pop	smooth jazz	1	427390.0
hip pop	smooth saxophone	1	427390.0
pop rap	smooth jazz	1	427390.0
pop rap	smooth saxophone	1	427390.0
smooth jazz	southern hip hop	1	427390.0
smooth saxophone	southern hip hop	1	427390.0
smooth jazz	trap	1	427390.0
smooth saxophone	trap	1	427390.0
chicago rap	smooth jazz	1	427390.0
chicago rap	smooth saxophone	1	427390.0
albanian pop	deep euro house	1	19851369.0
albanian pop	edm	1	19851369.0
albanian pop	german dance	1	19851369.0
albanian pop	pop	1	19851369.0
albanian pop	tropical house	1	19851369.0
balkan hip hop	german hip hop	1	4416020.0
german hip hop	slovenian pop	1	4416020.0
contemporary country	europop	1	1088047.0
contemporary country	hip pop	1	1088047.0
contemporary country	pop rock	1	1088047.0
contemporary country	urban contemporary	1	1088047.0
country	dance pop	1	1088047.0
country	europop	1	1088047.0
country	hip pop	1	1088047.0
country	pop	1	1088047.0
country	pop rock	1	1088047.0
country	post-teen pop	1	1088047.0
country	urban contemporary	1	1088047.0
country road	dance pop	1	1088047.0
country road	europop	1	1088047.0
country road	hip pop	1	1088047.0
country road	pop rock	1	1088047.0
country road	post-teen pop	1	1088047.0
country road	urban contemporary	1	1088047.0
dance pop	oklahoma country	1	1088047.0
europop	oklahoma country	1	1088047.0
hip pop	oklahoma country	1	1088047.0
oklahoma country	pop	1	1088047.0
oklahoma country	pop rock	1	1088047.0
oklahoma country	post-teen pop	1	1088047.0
oklahoma country	urban contemporary	1	1088047.0
adult standards	deep adult standards	1	1124706.0
brill building pop	deep adult standards	1	1124706.0
brill building pop	vocal harmony group	1	1124706.0
deep adult standards	easy listening	1	1124706.0
deep adult standards	lounge	1	1124706.0
talent show	tropical house	1	1860447.0
talent show	uk pop	1	1860447.0
latin pop	trap latino	1	18779636.0
dance pop	virgin islands reggae	1	4026815.0
edm	reggae fusion	1	4026815.0
edm	virgin islands reggae	1	4026815.0
electro house	reggae fusion	1	4026815.0
electro house	virgin islands reggae	1	4026815.0
german dance	reggae fusion	1	4026815.0
german dance	virgin islands reggae	1	4026815.0
pop	virgin islands reggae	1	4026815.0
reggae fusion	tropical house	1	4026815.0
tropical house	virgin islands reggae	1	4026815.0
latin hip hop	turkish hip hop	1	656015.0
reggaeton	turkish hip hop	1	656015.0
latin hip hop	turkish trap	1	656015.0
reggaeton	turkish trap	1	656015.0
german trap	turkish hip hop	1	656015.0
german trap	turkish trap	1	656015.0
german trap	latin hip hop	1	656015.0
german trap	reggaeton	1	656015.0
albanian hip hop	kurdish pop	1	1422101.0
german hip hop	kurdish pop	1	1422101.0
kosovan pop	kurdish pop	1	1422101.0
kurdish pop	turbo folk	1	1422101.0
deep german hip hop	french hip hop	1	1229232.0
deep german hip hop	pop urbaine	1	1229232.0
deep german hip hop	rap algerien	1	1229232.0
deep german hip hop	rap tunisien	1	1229232.0
atl hip hop	florida rap	1	8845525.0
florida rap	hip hop	1	8845525.0
florida rap	pop rap	1	8845525.0
florida rap	southern hip hop	1	8845525.0
florida rap	trap	1	8845525.0
atl hip hop	miami hip hop	1	8845525.0
miami hip hop	southern hip hop	1	8845525.0
deep german hip hop	turkish trap	1	2674297.0
deep german hip hop	turkish trap pop	1	2674297.0
german hip hop	turkish trap pop	1	2674297.0
discofox	partyschlager	1	358416.0
oktoberfest	partyschlager	1	358416.0
partyschlager	schlager	1	358416.0
miami hip hop	miami hip hop	1	10947769.0
electro house	trap latino	1	6263480.0
latin	viral pop	1	6263480.0
reggaeton	viral pop	1	6263480.0
trap latino	viral pop	1	6263480.0
tropical	viral pop	1	6263480.0
comedy rap	dance pop	1	339883.0
comedy rap	pop	1	339883.0
comedy rap	pop rap	1	339883.0
comedy rap	r&b	1	339883.0
comedy rap	rap	1	339883.0
emo rap	lgbtq+ hip hop	1	3565424.0
lgbtq+ hip hop	miami hip hop	1	3565424.0
art pop	pop rap	1	6606338.0
edm	hip pop	1	2096102.0
edm	queens hip hop	1	2096102.0
hip pop	tropical house	1	2096102.0
queens hip hop	tropical house	1	2096102.0
edm	francoton	1	2096102.0
francoton	tropical house	1	2096102.0
hip pop	pop rap	1	2096102.0
pop rap	queens hip hop	1	2096102.0
hip pop	urban contemporary	1	2096102.0
post-teen pop	urban contemporary	1	2096102.0
queens hip hop	urban contemporary	1	2096102.0
francoton	urban contemporary	1	2096102.0
francoton	hip pop	1	2096102.0
francoton	queens hip hop	1	2096102.0
canadian hip hop	toronto rap	1	444742.0
canadian hip hop	urban contemporary	1	444742.0
canadian pop	toronto rap	1	444742.0
canadian pop	urban contemporary	1	444742.0
toronto rap	toronto rap	1	444742.0
toronto rap	urban contemporary	1	444742.0
dark trap	pop rap	1	22158715.0
pop rap	vapor trap	1	22158715.0
chicago rap	dance pop	1	14293898.0
chicago rap	electropop	1	14293898.0
chicago rap	metropopolis	1	14293898.0
melodic rap	metropopolis	1	14293898.0
chicago rap	post-teen pop	1	14293898.0
chicago rap	tropical house	1	14293898.0
blues rock	cali rap	1	1400523.0
blues rock	gangster rap	1	1400523.0
blues rock	hip hop	1	1400523.0
blues rock	southern hip hop	1	1400523.0
cali rap	classic rock	1	1400523.0
classic rock	gangster rap	1	1400523.0
classic rock	hip hop	1	1400523.0
classic rock	southern hip hop	1	1400523.0
cali rap	mexican classic rock	1	1400523.0
gangster rap	mexican classic rock	1	1400523.0
hip hop	mexican classic rock	1	1400523.0
mexican classic rock	southern hip hop	1	1400523.0
cali rap	rock	1	1400523.0
gangster rap	rock	1	1400523.0
hip hop	rock	1	1400523.0
rock	southern hip hop	1	1400523.0
brostep	pop rock	1	22435043.0
pop rock	progressive electro house	1	22435043.0
atl hip hop	uk pop	1	580040.0
atl trap	uk pop	1	580040.0
atl hip hop	grime	1	580040.0
atl trap	grime	1	580040.0
gangster rap	grime	1	580040.0
grime	melodic rap	1	580040.0
atl hip hop	uk hip hop	1	580040.0
atl trap	uk hip hop	1	580040.0
gangster rap	uk hip hop	1	580040.0
melodic rap	uk hip hop	1	580040.0
pop rap	uk hip hop	1	580040.0
rap	uk hip hop	1	580040.0
trap	uk hip hop	1	580040.0
canadian electronic	dfw rap	1	346424.0
canadian electronic	melodic rap	1	346424.0
deep big room	dfw rap	1	346424.0
deep big room	melodic rap	1	346424.0
dfw rap	pop edm	1	346424.0
melodic rap	pop edm	1	346424.0
canadian electronic	canadian hip hop	1	346424.0
canadian electronic	toronto rap	1	346424.0
canadian electronic	trap	1	346424.0
canadian electronic	trap soul	1	346424.0
canadian hip hop	deep big room	1	346424.0
deep big room	toronto rap	1	346424.0
deep big room	trap	1	346424.0
deep big room	trap soul	1	346424.0
canadian hip hop	pop edm	1	346424.0
pop edm	toronto rap	1	346424.0
pop edm	trap	1	346424.0
pop edm	trap soul	1	346424.0
big room	brostep	1	346424.0
big room	dutch edm	1	346424.0
big room	trance	1	346424.0
big room	canadian electronic	1	346424.0
brostep	canadian electronic	1	346424.0
canadian electronic	dance pop	1	346424.0
canadian electronic	dutch edm	1	346424.0
canadian electronic	edm	1	346424.0
canadian electronic	electro house	1	346424.0
canadian electronic	house	1	346424.0
canadian electronic	trance	1	346424.0
canadian electronic	tropical house	1	346424.0
brostep	deep big room	1	346424.0
deep big room	dutch edm	1	346424.0
deep big room	electro house	1	346424.0
deep big room	house	1	346424.0
deep big room	trance	1	346424.0
brostep	electro house	1	346424.0
dutch edm	electro house	1	346424.0
electro house	trance	1	346424.0
brostep	pop edm	1	346424.0
dutch edm	pop edm	1	346424.0
house	pop edm	1	346424.0
pop edm	trance	1	346424.0
canadian hip hop	dfw rap	1	346424.0
dfw rap	toronto rap	1	346424.0
dfw rap	trap soul	1	346424.0
canadian hip hop	melodic rap	1	346424.0
melodic rap	toronto rap	1	346424.0
melodic rap	trap soul	1	346424.0
brostep	dfw rap	1	346424.0
dfw rap	dutch edm	1	346424.0
dfw rap	edm	1	346424.0
dfw rap	house	1	346424.0
dfw rap	trance	1	346424.0
dfw rap	tropical house	1	346424.0
brostep	melodic rap	1	346424.0
dutch edm	melodic rap	1	346424.0
edm	melodic rap	1	346424.0
house	melodic rap	1	346424.0
melodic rap	trance	1	346424.0
brostep	canadian hip hop	1	346424.0
canadian hip hop	dutch edm	1	346424.0
canadian hip hop	edm	1	346424.0
canadian hip hop	house	1	346424.0
canadian hip hop	trance	1	346424.0
canadian hip hop	tropical house	1	346424.0
brostep	toronto rap	1	346424.0
dutch edm	toronto rap	1	346424.0
edm	toronto rap	1	346424.0
house	toronto rap	1	346424.0
toronto rap	trance	1	346424.0
toronto rap	tropical house	1	346424.0
dutch edm	trap	1	346424.0
house	trap	1	346424.0
trance	trap	1	346424.0
brostep	trap soul	1	346424.0
dance pop	trap soul	1	346424.0
dutch edm	trap soul	1	346424.0
edm	trap soul	1	346424.0
house	trap soul	1	346424.0
trance	trap soul	1	346424.0
trap soul	tropical house	1	346424.0
albanian hip hop	german cloud rap	1	1760887.0
albanian hip hop	german trap	1	1760887.0
dance pop	indie electropop	1	19480209.0
deep euro house	indie electropop	1	19480209.0
deep house	indie electropop	1	19480209.0
edm	indie electropop	1	19480209.0
german dance	indie electropop	1	19480209.0
indie electropop	pop	1	19480209.0
indie electropop	tropical house	1	19480209.0
dance pop	la pop	1	19480209.0
deep euro house	la pop	1	19480209.0
deep house	la pop	1	19480209.0
german dance	la pop	1	19480209.0
german cloud rap	indie deutschrap	1	760735.0
albanian hip hop	francoton	1	2293420.0
albanian hip hop	french pop	1	2293420.0
albanian hip hop	rap conscient	1	2293420.0
albanian hip hop	rap francais	1	2293420.0
brostep	conscious hip hop	1	1320543.0
conscious hip hop	progressive electro house	1	1320543.0
brostep	dmv rap	1	1320543.0
dmv rap	pop	1	1320543.0
dmv rap	progressive electro house	1	1320543.0
brostep	hip hop	1	1320543.0
hip hop	progressive electro house	1	1320543.0
deep house	house	1	4827340.0
dfw rap	dirty south rap	1	385792.0
dirty south rap	melodic rap	1	385792.0
dfw rap	miami hip hop	1	385792.0
melodic rap	miami hip hop	1	385792.0
dfw rap	urban contemporary	1	385792.0
melodic rap	urban contemporary	1	385792.0
atl trap	dance pop	1	1879408.0
dance pop	gangster rap	1	1879408.0
atl trap	post-teen pop	1	1879408.0
gangster rap	post-teen pop	1	1879408.0
deep german hip hop	german reggae	1	398794.0
deep german hip hop	german rock	1	398794.0
german reggae	turkish hip hop	1	398794.0
german rock	turkish hip hop	1	398794.0
electro	pop	1	534558.0
complextro	uk pop	1	534558.0
electro	uk pop	1	534558.0
acoustic pop	pop	1	1091626.0
ectofolk	pop	1	1091626.0
indiecoustica	pop	1	1091626.0
lilith	pop	1	1091626.0
pop rap	puerto rican pop	1	20751125.0
puerto rican pop	rap	1	20751125.0
edm	puerto rican pop	1	20751125.0
edm	trap latino	1	20751125.0
electronic trap	puerto rican pop	1	20751125.0
electronic trap	trap latino	1	20751125.0
dance pop	electronic trap	1	20751125.0
electronic trap	post-teen pop	1	20751125.0
post-teen pop	puerto rican pop	1	20751125.0
future house	house	1	8550132.0
future house	uk dance	1	8550132.0
house	progressive electro house	1	8550132.0
progressive electro house	uk dance	1	8550132.0
house	progressive house	1	8550132.0
progressive house	uk dance	1	8550132.0
albanian hip hop	dutch hip hop	1	1263764.0
deep german hip hop	dutch hip hop	1	1263764.0
albanian hip hop	dutch urban	1	1263764.0
deep german hip hop	dutch urban	1	1263764.0
bmore	german hip hop	1	6178919.0
edm	german hip hop	1	6178919.0
electropop	german hip hop	1	6178919.0
german hip hop	moombahton	1	6178919.0
german hip hop	ninja	1	6178919.0
german hip hop	pop	1	6178919.0
german hip hop	tropical house	1	6178919.0
bmore	german pop	1	6178919.0
electropop	german pop	1	6178919.0
german pop	moombahton	1	6178919.0
german pop	ninja	1	6178919.0
la pop	post-teen pop	1	1009962.0
dance pop	social media pop	1	9817806.0
edm	social media pop	1	9817806.0
pop	social media pop	1	9817806.0
social media pop	tropical house	1	9817806.0
social media pop	uk dance	1	9817806.0
dance pop	teen pop	1	9817806.0
edm	teen pop	1	9817806.0
pop	teen pop	1	9817806.0
teen pop	tropical house	1	9817806.0
teen pop	uk dance	1	9817806.0
contemporary country	electropop	1	1802567.0
pop rap	rap rock	1	434112.0
rap	rap rock	1	434112.0
british indie rock	rap	1	434112.0
modern alternative rock	rap	1	434112.0
modern rock	rap	1	434112.0
french hip hop	latin	1	1316154.0
latin	rap conscient	1	1316154.0
french hip hop	reggaeton	1	1316154.0
rap conscient	reggaeton	1	1316154.0
