artist_1	artist_2	count	song_ids
Kendrick Lamar	SZA	4	['3GCdLUSnKSMJhs4Tj6CV3s', '12SJpYZEdj4kzWZ8FPFg4Y', '2Imq77E6CEJR5TPUxlJvTY', '66kQ7wr4d2LwwSjr7HXcyr']
Kelsea Ballerini	The Chainsmokers	4	['4NBTZtAt1F13VvlSKe6KTl', '4edS9dC0JPBlSS4p4gMOT0', '15kQGEy89K8deJcZVFEn0N', '6LKYeyLt4G4SlZ6OJwFhVS']
Ariana Grande	Nicki Minaj	4	['0sdbFOyfgAhAhWq8DpzkaW', '1ZEm9cJC05rawV2tptNfTS', '5iZ4hcpCgFVijq5OOjBTKZ', '3L4GsGLgxpHieVQH86H8bv']
BTS	Steve Aoki	4	['7Ed6BkggCS2KaKY5YlINaF', '2J0X46UkpfLlWbuCXFgDLr', '2r1T6xGTVaNAqBoPH4lZEE', '48XfojJC87VKLlUotYV0Gm']
21 Savage	Post Malone	4	['2U7Hu2RaNQNRi7izoJyZaX', '0e7ipj03S05BNilyu5bRzt', '1OmcAT5Y8eg5bUPv9qJT4R', '7wGoVu4Dady5GV0Sv4UIsx']
Post Malone	Swae Lee	3	['1A6OTy97kk0mMdm78rHsm8', '5VuxWXbt7XENQCtE9TzpTv', '3KkXRkHbMCARz0aVfEt68P']
Daft Punk	The Weeknd	3	['7MXVkk9YMctZqd1Srtv4MB', '5aAx2yezTd8zXrkmtKl66Z', '5GXAXm5YOmYT0kL5jHvYBt']
Julia Michaels	Noah Kahan	3	['026IC4Vj88QjLlnIPDExhz', '7vA2Y79Q4bBqdzBCfHeGEe', '7apizLyhMRutg3ccXvr2qv']
Maroon 5	SZA	3	['3hBBKuWJfxlIlnd9QFoC8k', '0WdGQhoAP2LBsqr5Jhit2g', '0GxQ1A5L9xnMOytbP6eKBG']
Hugh Jackman	The Greatest Showman Ensemble	3	['5xNUR50KxswPRAvx7S163g', '43ay9lQZ5rfNcOOHhRF2cM', '3IkWmgGsXbsafrunwPojXO']
Bradley Cooper	Lady Gaga	3	['2VxeLyX666F8uXCJ0dZF8B', '3DKpA54hrFIdPN6AtL9HXa', '5IXk9TVBuxG87sFrwclBJw']
Keala Settle	The Greatest Showman Ensemble	3	['5xNUR50KxswPRAvx7S163g', '43ay9lQZ5rfNcOOHhRF2cM', '2xGjteMU3E1tkEPVFBO08U']
6ix9ine	Nicki Minaj	3	['1oJ8EDr2pv94IvSd6ZmDgo', '4QIyEq7TcTdAcxjI2AFlAK', '2E124GmJRnBJuXbTb4cPUB']
Cardi B	Migos	3	['1YZfcVLbbJwfizR5cDOp3q', '2qcG0nZ6S3zZV0UrkY5nFo', '4wFjTWCunQFKtukqrNijEt']
Diplo	LSD	3	['7boPPE857KEqCIHNwFkDop', '73F87Sqh6jQWucOOvz1WFx', '5a8RPWgKSmcGBGcffmIrUi']
Diplo	Labrinth	3	['7boPPE857KEqCIHNwFkDop', '73F87Sqh6jQWucOOvz1WFx', '5a8RPWgKSmcGBGcffmIrUi']
Diplo	Sia	3	['7boPPE857KEqCIHNwFkDop', '73F87Sqh6jQWucOOvz1WFx', '5a8RPWgKSmcGBGcffmIrUi']
LSD	Labrinth	3	['7boPPE857KEqCIHNwFkDop', '73F87Sqh6jQWucOOvz1WFx', '5a8RPWgKSmcGBGcffmIrUi']
LSD	Sia	3	['7boPPE857KEqCIHNwFkDop', '73F87Sqh6jQWucOOvz1WFx', '5a8RPWgKSmcGBGcffmIrUi']
Labrinth	Sia	3	['7boPPE857KEqCIHNwFkDop', '73F87Sqh6jQWucOOvz1WFx', '5a8RPWgKSmcGBGcffmIrUi']
Post Malone	Ty Dolla $ign	3	['7wrDRQgHlvDnimrRHfQZxt', '65NwOZqoXny4JxqAPlfxRF', '3swc6WTsr7rl9DqQKQA55C']
21 Savage	Metro Boomin	3	['0AluA5RNsa4Cx6XRhf2hWZ', '1m6lqaLvUTxPjOo98fJH8U', '43lYaovU2FoeuBMNusVVVW']
Gunna	Lil Baby	3	['1BxkZE73h9BN3qwuA15TA3', '78QR3Wp35dqAhFEc2qAGjE', '6wWaVoUOzLQJHd3bWAUpdZ']
Khalid	Shawn Mendes	3	['5SwEgzUFDHwpWHKrbnP32Z', '3Wf2YGdYT8xVdNsQSoRKk9', '1h0yImRPIVAjhhHeNVlTuC']
Drake	Michael Jackson	2	['36ONiya0OANYknz0GgJmwB', '6G8kHiVZ1jW7vHMPVRNZU0']
6ix9ine	Kanye West	2	['0EwS8XJQspgrj1zSUXhFkl', '1oJ8EDr2pv94IvSd6ZmDgo']
Jesse	Swae Lee	2	['6fq5GyXeT7kfzkK97b9rGC', '61sqsOPon94ecMskeEXwev']
Jesse	benny blanco	2	['6fq5GyXeT7kfzkK97b9rGC', '61sqsOPon94ecMskeEXwev']
Swae Lee	benny blanco	2	['6fq5GyXeT7kfzkK97b9rGC', '61sqsOPon94ecMskeEXwev']
J Balvin	Willy William	2	['7fwXWKdDNI5IutOMc5OKYw', '2rb5MvYT7ZIxbKW5hfcHx8']
Marshmello	Selena Gomez	2	['0tBbt8CrmxbjRP0pueQkyU', '7EmGUiUaOSGDnUUQUDrOXC']
Travis Barker	XXXTENTACION	2	['4zI04ezdmrN0lT2pHykYrd', '0T6RSXxFhW8dRTWHI604ld']
Chris Brown	Joyner Lucas	2	['34I0nBvoE0ZXmqbKiJ5BWS', '3NSmC1EQKOdUe6KhMrDDk5']
Rik Rok	Shaggy	2	['2mSc8PnYodyYi3SkdfU4jT', '1lzr43nnXAijIGYnCT8M8H']
Bea Miller	NOTD	2	['2og9I9rQwr2XdTLJUupfT1', '18W92Zm1KjLCbUIszOhpkD']
David Guetta	Martin Garrix	2	['0OlnLZY4cmQzT6ZGttvWBM', '6RnkFd8Fqqgk1Uni8RgqCQ']
Boy Matthews	Hayden James	2	['6tB4XVKceo2307SSWXaO0y', '1quuqraz6z6RusyJZtyDcm']
Drake	Lil Baby	2	['6vN77lE9LK6HP2DewaN6HZ', '6wWaVoUOzLQJHd3bWAUpdZ']
Chris Stapleton	Justin Timberlake	2	['1LhMopPAallLeaeNutqbgS', '09ts3GnICqYEU5PkQCpJK3']
Nicki Minaj	Tyga	2	['4hXDobvUaXyDFLnmecoY0z', '2qfR91VvO7hRp4IajDT08h']
21 Savage	Cardi B	2	['75FDPwaULRdYDn4StFN2rT', '0dIoGTQXDh1wVnhIiSyYEa']
Jamie Foxx	Kanye West	2	['5XJJdNPkwmbUwE79gv0NxK', '3QHPHLAkYV5cQBUYs6rowx']
Billie Eilish	Khalid	2	['1NJcg626wLln4pGHpiV7mf', '0u2P5u6lvoDfwTYjAADbn4']
Daddy Yankee	Justin Bieber	2	['6rPO02ozF3bM7NnOV4h6s2', '5CtI0qwDJkDQGwXD1H1cLb']
Daddy Yankee	Luis Fonsi	2	['6rPO02ozF3bM7NnOV4h6s2', '5CtI0qwDJkDQGwXD1H1cLb']
Justin Bieber	Luis Fonsi	2	['6rPO02ozF3bM7NnOV4h6s2', '5CtI0qwDJkDQGwXD1H1cLb']
Julia Michaels	Shawn Mendes	2	['2IssBpPtHcViZL5vYQNHhA', '5QskYLFPX9y7pLU0VEMNbr']
Hugh Jackman	Keala Settle	2	['5xNUR50KxswPRAvx7S163g', '43ay9lQZ5rfNcOOHhRF2cM']
Hugh Jackman	Zendaya	2	['5xNUR50KxswPRAvx7S163g', '43ay9lQZ5rfNcOOHhRF2cM']
Keala Settle	Zendaya	2	['5xNUR50KxswPRAvx7S163g', '43ay9lQZ5rfNcOOHhRF2cM']
The Greatest Showman Ensemble	Zendaya	2	['5xNUR50KxswPRAvx7S163g', '43ay9lQZ5rfNcOOHhRF2cM']
6ix9ine	Murda Beatz	2	['2E124GmJRnBJuXbTb4cPUB', '4QIyEq7TcTdAcxjI2AFlAK']
Murda Beatz	Nicki Minaj	2	['2E124GmJRnBJuXbTb4cPUB', '4QIyEq7TcTdAcxjI2AFlAK']
Cardi B	Maroon 5	2	['6FRLCMO5TUHTexlWo8ym1W', '7fa9MBXhVfQ8P8Df9OEbD8']
Juicy J	Rae Sremmurd	2	['2yUbCEiaolfSMluDo9RMmG', '1BuZAIO8WZpavWVbbq3Lci']
Juicy J	Slim Jxmmi	2	['2yUbCEiaolfSMluDo9RMmG', '1BuZAIO8WZpavWVbbq3Lci']
Juicy J	Swae Lee	2	['2yUbCEiaolfSMluDo9RMmG', '1BuZAIO8WZpavWVbbq3Lci']
Rae Sremmurd	Slim Jxmmi	2	['2yUbCEiaolfSMluDo9RMmG', '1BuZAIO8WZpavWVbbq3Lci']
Rae Sremmurd	Swae Lee	2	['2yUbCEiaolfSMluDo9RMmG', '1BuZAIO8WZpavWVbbq3Lci']
Slim Jxmmi	Swae Lee	2	['2yUbCEiaolfSMluDo9RMmG', '1BuZAIO8WZpavWVbbq3Lci']
Grey	Maren Morris	2	['09IStsImFySgyp0pIQdqAc', '2ARqIya5NAuvFVHSN3bL0m']
Grey	Zedd	2	['09IStsImFySgyp0pIQdqAc', '2ARqIya5NAuvFVHSN3bL0m']
Maren Morris	Zedd	2	['09IStsImFySgyp0pIQdqAc', '2ARqIya5NAuvFVHSN3bL0m']
Kanye West	PARTYNEXTDOOR	2	['6Bg7MznA9X0dIhlAsLyBYj', '3dG6tjetoR4GMmUGZUprLt']
Brando	Loud Luxury	2	['7K7MUBCnzgBAvMVW2RTWNs', '43V1z6QToNNWNldV4FEG6r']
Gesaffelstein	The Weeknd	2	['13wNEvWmBsWaWVtiLPRIW5', '56d6kYZhfhzpoC3s1dRU2V']
A$AP Rocky	Famous Dex	2	['3ncgNpxLoBQ65ABk4djDyd', '0dSIrRkA4PadGll16TgbnV']
Calvin Harris	benny blanco	2	['5sdb5pMhcK44SSLsj1moUh', '1kQhi22kyluRCnIPAXtxEZ']
Chris Brown	Ella Mai	2	['508xT3vRnRqSPeazyzd1j3', '1YLfaRr3QIW1fF3nvDO0gX']
Camila Cabello	Young Thug	2	['1rfofaqEpACxVEHIZBJe6W', '0ofbQMrRDsUaVKq2mGLEAb']
Jack & Jack	Jonas Blue	2	['3KLygy1YWhmrQx0GRs7IOx', '3u1S1OmAUhx5DRlLrXqyp3']
Cardi B	Nicki Minaj	2	['1YZfcVLbbJwfizR5cDOp3q', '4wFjTWCunQFKtukqrNijEt']
Migos	Nicki Minaj	2	['1YZfcVLbbJwfizR5cDOp3q', '4wFjTWCunQFKtukqrNijEt']
KYLE	Kehlani	2	['4F1yvJfQ7gJkrcgFJQDjOr', '43cFjTTCD9Cni4aSL0sORz']
Cashmere Cat	Major Lazer	2	['7HdZY9UJTylIiNcSDFyUDc', '0as7lPxkBPctZ7uVmchRNM']
Cashmere Cat	Tory Lanez	2	['7HdZY9UJTylIiNcSDFyUDc', '0as7lPxkBPctZ7uVmchRNM']
Major Lazer	Tory Lanez	2	['7HdZY9UJTylIiNcSDFyUDc', '0as7lPxkBPctZ7uVmchRNM']
Imagine Dragons	Kygo	2	['4M3FO0ji6Lc8vwD1sgf1nc', '0kHyKhJMukHEPfeh8s7rdM']
Kendrick Lamar	The Weeknd	2	['4ofvoCdXq99vpMZO4Cfp8x', '77UjLW8j5UAGAGVGhR5oUK']
J. Cole	kiLL edward	2	['6onwlDmIVKE8bBgyBRSuS0', '3rFF7kSm5qBOOPs6ljFgPp']
Hugh Jackman	Zac Efron	2	['43ay9lQZ5rfNcOOHhRF2cM', '2cKovq3l6OJjhVVDbVKOsr']
N.E.R.D	Rihanna	2	['739vCwA3EpBSkk3uDsI2wB', '4PpuH4mxL0rD35mOWaLoKS']
Chance the Rapper	DJ Khaled	2	['5WvAo7DNuPRmk4APhdPzi8', '3DXncPQOG4VBw3QHh3S817']
Chance the Rapper	Justin Bieber	2	['5WvAo7DNuPRmk4APhdPzi8', '3DXncPQOG4VBw3QHh3S817']
Chance the Rapper	Quavo	2	['5WvAo7DNuPRmk4APhdPzi8', '3DXncPQOG4VBw3QHh3S817']
DJ Khaled	Justin Bieber	2	['5WvAo7DNuPRmk4APhdPzi8', '3DXncPQOG4VBw3QHh3S817']
DJ Khaled	Quavo	2	['5WvAo7DNuPRmk4APhdPzi8', '3DXncPQOG4VBw3QHh3S817']
Justin Bieber	Quavo	2	['5WvAo7DNuPRmk4APhdPzi8', '3DXncPQOG4VBw3QHh3S817']
Lil Peep	XXXTENTACION	2	['4jvjzW7Hm0yK4LvvE0Paz9', '0Dn40gxVCMo5TkgS8Ik18Q']
Anne-Marie	David Guetta	2	['2zy9TMoZlYGuCNY4TLqG24', '2lYTJK94hb0fd1LQtb6Dhk']
2 Chainz	Big Sean	2	['0ZNrc4kNeQYD9koZ3KvCsy', '2RM4jf1Xa9zPgMGRDiht8O']
2 Chainz	Nicki Minaj	2	['0ZNrc4kNeQYD9koZ3KvCsy', '2RM4jf1Xa9zPgMGRDiht8O']
2 Chainz	YG	2	['0ZNrc4kNeQYD9koZ3KvCsy', '2RM4jf1Xa9zPgMGRDiht8O']
Big Sean	Nicki Minaj	2	['0ZNrc4kNeQYD9koZ3KvCsy', '2RM4jf1Xa9zPgMGRDiht8O']
Big Sean	YG	2	['0ZNrc4kNeQYD9koZ3KvCsy', '2RM4jf1Xa9zPgMGRDiht8O']
Nicki Minaj	YG	2	['0ZNrc4kNeQYD9koZ3KvCsy', '2RM4jf1Xa9zPgMGRDiht8O']
Ariana Grande	Troye Sivan	2	['17JYzDCW1UTndfURuTydF2', '1NbGcdgwRHZ5rbPIT9hdR3']
Jason Derulo	Nicki Minaj	2	['6kex4EBAj0WHXDKZMEJaaF', '5Xn4IyTtW6FUGIUyWjbUHG']
GRAACE	Hayden James	2	['4bJzIbze97tZwCxxMw4hx9', '1jJtDLctkzilPae8saJe37']
Ed Sheeran	Eminem	2	['1cS0TgbR263ey9jn0MwD2s', '5UEnHoDYpsxlfzWLZIc7LD']
A$AP Rocky	Moby	2	['1YmF9PvLhIISIANoMLIYGq', '3oHkMCVJyOcjg5FhfLc2Rq']
Alesso	Florida Georgia Line	2	['5AEtlRudpgdT5FtNiuly6Y', '5Gu0PDLN4YJeW75PpBSg9p']
Alesso	Hailee Steinfeld	2	['5AEtlRudpgdT5FtNiuly6Y', '5Gu0PDLN4YJeW75PpBSg9p']
Alesso	watt	2	['5AEtlRudpgdT5FtNiuly6Y', '5Gu0PDLN4YJeW75PpBSg9p']
Florida Georgia Line	Hailee Steinfeld	2	['5AEtlRudpgdT5FtNiuly6Y', '5Gu0PDLN4YJeW75PpBSg9p']
Florida Georgia Line	watt	2	['5AEtlRudpgdT5FtNiuly6Y', '5Gu0PDLN4YJeW75PpBSg9p']
Hailee Steinfeld	watt	2	['5AEtlRudpgdT5FtNiuly6Y', '5Gu0PDLN4YJeW75PpBSg9p']
Halsey	Khalid	2	['7FGq80cy8juXBCD2nrqdWU', '0d2iYfpKoM0QCKvcLCkBao']
Halsey	benny blanco	2	['7FGq80cy8juXBCD2nrqdWU', '0d2iYfpKoM0QCKvcLCkBao']
Khalid	benny blanco	2	['7FGq80cy8juXBCD2nrqdWU', '0d2iYfpKoM0QCKvcLCkBao']
Little Mix	Nicki Minaj	2	['222B3aljXx6fFwKmFjuBED', '6rrTr2HEAzlpC4KWZxF3S1']
Bruno Mars	Gucci Mane	2	['2G1tXoGBaEMJ7FKGnkf6ud', '0QIjsbm2fh1cJ45XO9eGqq']
Bruno Mars	Kodak Black	2	['2G1tXoGBaEMJ7FKGnkf6ud', '0QIjsbm2fh1cJ45XO9eGqq']
Gucci Mane	Kodak Black	2	['2G1tXoGBaEMJ7FKGnkf6ud', '0QIjsbm2fh1cJ45XO9eGqq']
Clean Bandit	Demi Lovato	2	['6kPJZM97LwdG9QIsT7khp6', '3NuK5xMlSlB6K2Qp16zf3h']
Emily Warren	The Chainsmokers	2	['5yNEdBlZMxpcVtGKz5NFk5', '3OtQmFLS5b3pTgIf44GQFJ']
Bebe Rexha	Florida Georgia Line	2	['7iDa6hUg2VgEL1o1HjmfBn', '4e4fqjx0Izh4svvTef1z7e']
Eminem	Jessie Reyez	2	['4g32MdRoqwGKQd3NXIRhpU', '09FfQO3PqHO4HIJL511Ksi']
Zac Efron	Zendaya	2	['630sXRhIcfwr2e4RdNtjKN', '43ay9lQZ5rfNcOOHhRF2cM']
Drake	Quavo	2	['5S1IUPueD0xE0vj4zU3nSf', '1rlIrbWboTRGeKfHhgbJRZ']
Logic	Marshmello	2	['6zOhgKfbMiQWToE6K13s2s', '4EAV2cKiqKP5UPZmY6dejk']
Drake	Kyla	2	['1xznGGDReH1oQq0xzbwXa3', '1zi7xx7UVEFkmKfv06H8x0']
Drake	WizKid	2	['1xznGGDReH1oQq0xzbwXa3', '1zi7xx7UVEFkmKfv06H8x0']
Kyla	WizKid	2	['1xznGGDReH1oQq0xzbwXa3', '1zi7xx7UVEFkmKfv06H8x0']
Kodak Black	Offset	2	['0FZ4Dmg8jJJAPJnvBIzD9z', '7l3E7lcozEodtVsSTCkcaA']
Kodak Black	Travis Scott	2	['0FZ4Dmg8jJJAPJnvBIzD9z', '7l3E7lcozEodtVsSTCkcaA']
Offset	Travis Scott	2	['0FZ4Dmg8jJJAPJnvBIzD9z', '7l3E7lcozEodtVsSTCkcaA']
Erika Sirola	Robin Schulz	1	['1rCcsYnmqbMYdkG7kS9GC5']
Drew Love	The Chainsmokers	1	['3pWcj8hxj3fsb9TDAcMpEl']
6ix9ine	A Boogie Wit da Hoodie	1	['6o79O9qBP3OAkWOXajAQIS']
Khalid	Normani	1	['45Egmo7icyopuzJN0oMEdk']
Alessia Cara	Zedd	1	['0I20rLT2MJDhcF96AjbNYo']
Cardi B	Kehlani	1	['5DfWF0jqMgZDCiu9zJENTA']
A$AP Rocky	Mura Masa	1	['7Kq16WtEJzdRSNQgdXsn7Y']
6ix9ine	DJ SpinKing	1	['6kp0inxIexxSiDJfWqq0ZL']
Kirsty MacColl	The Pogues	1	['3VTNVsTTu05dmTsVFrmGpK']
Charlie Puth	Kehlani	1	['1lsBTdE6MGsKeZCD6llNu7']
Beyoncé	J Balvin	1	['7fwXWKdDNI5IutOMc5OKYw']
Beyoncé	Willy William	1	['7fwXWKdDNI5IutOMc5OKYw']
Future	James Blake	1	['51rXHuKN8Loc4sUlKPODgH']
Future	Jay Rock	1	['51rXHuKN8Loc4sUlKPODgH']
Future	Kendrick Lamar	1	['51rXHuKN8Loc4sUlKPODgH']
James Blake	Jay Rock	1	['51rXHuKN8Loc4sUlKPODgH']
James Blake	Kendrick Lamar	1	['51rXHuKN8Loc4sUlKPODgH']
Jay Rock	Kendrick Lamar	1	['51rXHuKN8Loc4sUlKPODgH']
Justin Jesso	Kygo	1	['0Zbbxnx4SGGHoIow4PpISP']
A$AP Rocky	Cardi B	1	['2DQ1ITjI0YoLFzuADN1ZBW']
A$AP Rocky	G-Eazy	1	['2DQ1ITjI0YoLFzuADN1ZBW']
Cardi B	G-Eazy	1	['2DQ1ITjI0YoLFzuADN1ZBW']
G-Eazy	Halsey	1	['5k38wzpLb15YgncyWdTZE4']
CADE	Cheat Codes	1	['1NDxZ7cFAo481dtYWdrUnR']
CADE	Maggie Lindemann	1	['1NDxZ7cFAo481dtYWdrUnR']
Cheat Codes	Maggie Lindemann	1	['1NDxZ7cFAo481dtYWdrUnR']
Justin Bieber	Major Lazer	1	['6DNtNfH8hXkqOX1sjqmI7p']
Justin Bieber	MØ	1	['6DNtNfH8hXkqOX1sjqmI7p']
Major Lazer	MØ	1	['6DNtNfH8hXkqOX1sjqmI7p']
Khalid	Marshmello	1	['7vGuf3Y35N4wmASOKLUVVU']
Flume	Kai	1	['12REd1n8PeiHHWOh066tpr']
Khalid	Martin Garrix	1	['3nc420PXjTdBV5TN0gCFkS']
Charlie Puth	G-Eazy	1	['3qk4wRMDlaeagZGjSYbsOV']
Brooks	David Guetta	1	['6RnkFd8Fqqgk1Uni8RgqCQ']
Brooks	Martin Garrix	1	['6RnkFd8Fqqgk1Uni8RgqCQ']
Brendon Urie	Juice WRLD	1	['1KVczjazCcCCgM3gXXUl47']
Brendon Urie	benny blanco	1	['1KVczjazCcCCgM3gXXUl47']
Juice WRLD	benny blanco	1	['1KVczjazCcCCgM3gXXUl47']
Ed Sheeran	Future	1	['2x0WlnmfG39ZuDmstl9xfX']
Ed Sheeran	Taylor Swift	1	['2x0WlnmfG39ZuDmstl9xfX']
Future	Taylor Swift	1	['2x0WlnmfG39ZuDmstl9xfX']
DJ Snake	Lauv	1	['0Wv5wuenRLI3BcwgT3HPIP']
BloodPop®	Justin Bieber	1	['7nZmah2llfvLDiUjm0kiyz']
Afrojack	Charli XCX	1	['0tPQPaOKM32WgMSbPCYyRH']
Afrojack	David Guetta	1	['0tPQPaOKM32WgMSbPCYyRH']
Afrojack	French Montana	1	['0tPQPaOKM32WgMSbPCYyRH']
Charli XCX	David Guetta	1	['0tPQPaOKM32WgMSbPCYyRH']
Charli XCX	French Montana	1	['0tPQPaOKM32WgMSbPCYyRH']
David Guetta	French Montana	1	['0tPQPaOKM32WgMSbPCYyRH']
Hilltop Hoods	Montaigne	1	['6oSmp7qnvAxUXeUKhl67a6']
Hilltop Hoods	Tom Thum	1	['6oSmp7qnvAxUXeUKhl67a6']
Montaigne	Tom Thum	1	['6oSmp7qnvAxUXeUKhl67a6']
Lil Wayne	XXXTENTACION	1	['5BQrp63SHCVf4bzCzJePne']
Bad Bunny	Drake	1	['116H0KvKr2Zl4RPuVBruDO']
Liam Ferrari	Tyron Hapi	1	['1Bx3Xf9CLq1gmK9KRPTEsU']
Nicki Minaj	Post Malone	1	['6IaieqiCVvsNvEt6Y7yOFa']
CamelPhat	Elderbrook	1	['1HrMWH5GUdK6Yi94rbANJA']
Hugh Jackman	Michelle Williams	1	['0RoA7ObU6phWpqhlC9zH4Z']
Hugh Jackman	Ziv Zaifman	1	['0RoA7ObU6phWpqhlC9zH4Z']
Michelle Williams	Ziv Zaifman	1	['0RoA7ObU6phWpqhlC9zH4Z']
Skrillex	Travis Scott	1	['0u695M7KyzXaPIjpEbxOkB']
Eminem	"Royce Da 5'9"""	1	['28FGV3ORH14MYORd7s5dlU']
Bebe Rexha	Machine Gun Kelly	1	['0OI7AFifLSoGzpb8bdBLLV']
Bebe Rexha	X Ambassadors	1	['0OI7AFifLSoGzpb8bdBLLV']
Machine Gun Kelly	X Ambassadors	1	['0OI7AFifLSoGzpb8bdBLLV']
Kanye West	Lil Pump	1	['4S8d14HvHb70ImctNgVzQQ']
Macklemore	Skylar Grey	1	['0CokSRCu5hZgPxcZBaEzVE']
MØ	Noah Cyrus	1	['7LpFbKbjfB2vuKx59Lgtdq']
Hayley Kiyoko	Kehlani	1	['5nFyaoBWwwMJ9fv33tZ2MB']
A$AP Rocky	Skepta	1	['7ycWLEP1GsNjVvcjawXz3z']
Dynoro	Gigi D'Agostino	1	['0E9ZjEAyAwOXZ7wJC0PD33']
A$AP Rocky	FKA twigs	1	['1AqemxWsT0iGg5Lvkm16Bt']
Bing Crosby	John Scott Trotter & His Orchestra	1	['4so0Wek9Ig1p6CRCHuINwW']
Bing Crosby	Ken Darby Singers	1	['4so0Wek9Ig1p6CRCHuINwW']
John Scott Trotter & His Orchestra	Ken Darby Singers	1	['4so0Wek9Ig1p6CRCHuINwW']
Vince Staples	Yugen Blakrok	1	['7bUcBztfGqO7cSI2gMZeCI']
2 Chainz	Saudi	1	['4LmAnpjlhWTahvRkYR8xJa']
2 Chainz	ScHoolboy Q	1	['4LmAnpjlhWTahvRkYR8xJa']
Saudi	ScHoolboy Q	1	['4LmAnpjlhWTahvRkYR8xJa']
Coldplay	The Chainsmokers	1	['6RUKPb4LETWmmr3iAEQktW']
Mataya	Thundamentals	1	['1eeABeQvOpPcygpjWE9LSI']
Miguel	Travis Scott	1	['5WoaF1B5XIEnWfmb5NZikf']
KIDS SEE GHOSTS	Yasiin Bey	1	['2I3dW2dCBZAJGj5X21E53k']
BLACKPINK	Dua Lipa	1	['13hvHEstJ4sNbzdroPrPI3']
Liam Payne	Quavo	1	['6EpRaXYhGOB3fj4V2uDkMJ']
Daniel Everidge	Hugh Jackman	1	['5xNUR50KxswPRAvx7S163g']
Daniel Everidge	Keala Settle	1	['5xNUR50KxswPRAvx7S163g']
Daniel Everidge	The Greatest Showman Ensemble	1	['5xNUR50KxswPRAvx7S163g']
Daniel Everidge	Zendaya	1	['5xNUR50KxswPRAvx7S163g']
Future	Juice WRLD	1	['5274I4mUMnYczyeXkGDWZN']
Juice WRLD	Lil Uzi Vert	1	['3obgSF06ki98lYNLNq5vCB']
Post Malone	Quavo	1	['3a1lNhkSLSkpJE4MSHpDu9']
Ella Eyre	Sigala	1	['3kGfazcbVvVkuZunzlLgTD']
Avicii	Rita Ora	1	['2OALaHcDdKkjYEpAr0Qzab']
Becky G	David Guetta	1	['3soOPBuMK8YMdWnV7xpEyf']
Becky G	Sean Paul	1	['3soOPBuMK8YMdWnV7xpEyf']
David Guetta	Sean Paul	1	['3soOPBuMK8YMdWnV7xpEyf']
Kendrick Lamar	Zacari	1	['6PGoSes0D9eUDeeAafB2As']
Landon Cube	Lil Skies	1	['2u7mxWSeoqTXndK5e08jMp']
Louis The Child	Wafia	1	['447yWcDPg1ddgcHBLGpJC0']
Ariana Grande	Missy Elliott	1	['4b7mLZQWsy0rLnrMtPA9fQ']
Kygo	Miguel	1	['6xTU6B6nFwKKTSZ9ySXS80']
Diplo	Ellie Goulding	1	['5JEx7HbmvHQQswJCsoo9rA']
Diplo	Swae Lee	1	['5JEx7HbmvHQQswJCsoo9rA']
Ellie Goulding	Swae Lee	1	['5JEx7HbmvHQQswJCsoo9rA']
Quintino	R3HAB	1	['3gfmFoJgmn9LiIj5mV8oSS']
David Guetta	Jamie Scott	1	['0OlnLZY4cmQzT6ZGttvWBM']
David Guetta	Romy Dya	1	['0OlnLZY4cmQzT6ZGttvWBM']
Jamie Scott	Martin Garrix	1	['0OlnLZY4cmQzT6ZGttvWBM']
Jamie Scott	Romy Dya	1	['0OlnLZY4cmQzT6ZGttvWBM']
Martin Garrix	Romy Dya	1	['0OlnLZY4cmQzT6ZGttvWBM']
Elley Duhé	Zedd	1	['4keoy2fqgwGnbWlm3ZVZFa']
Camila Cabello	Pharrell Williams	1	['6XlSyYFTU1nodeWwwzVgTV']
Logic	Wiz Khalifa	1	['0jqBo5RYn008f4ZY8kPewW']
Jax Jones	RAYE	1	['00lNx0OcTJrS3MKHcB80HY']
Adrian Eagle	Hilltop Hoods	1	['5dtqtvjmFlj3ZQ477OjifI']
Lil Wayne	Sosamann	1	['3JX0dOCIAiaR8MP3ryXWuM']
Andrez Babii	Judah	1	['14boA065HMHWvqyPPEeN4y']
Andrez Babii	Rio Santana	1	['14boA065HMHWvqyPPEeN4y']
Andrez Babii	XXXTENTACION	1	['14boA065HMHWvqyPPEeN4y']
Judah	Rio Santana	1	['14boA065HMHWvqyPPEeN4y']
Judah	XXXTENTACION	1	['14boA065HMHWvqyPPEeN4y']
Rio Santana	XXXTENTACION	1	['14boA065HMHWvqyPPEeN4y']
Idina Menzel	Michael Bublé	1	['0Ie5uiv54KgCr7P4sYDTHl']
PnB Rock	XXXTENTACION	1	['6rAGFgcGtlIdYxlhDizXNo']
Kendrick Lamar	Rich The Kid	1	['4pYZLpX23Vx8rwDpJCpPTA']
Lil Wayne	Swizz Beatz	1	['3wScL5W8H40zzCKN0atfBk']
Amy Shark	Mark Hoppus	1	['0Fx1QKuK69vmaQgdwoNsJw']
Diplo	Dua Lipa	1	['5N4erncE7kuUccm7zEmwzk']
Diplo	Mark Ronson	1	['5N4erncE7kuUccm7zEmwzk']
Diplo	Silk City	1	['5N4erncE7kuUccm7zEmwzk']
Dua Lipa	Mark Ronson	1	['5N4erncE7kuUccm7zEmwzk']
Dua Lipa	Silk City	1	['5N4erncE7kuUccm7zEmwzk']
Mark Ronson	Silk City	1	['5N4erncE7kuUccm7zEmwzk']
(G)I-DLE	Jaira Burns	1	['5sbooPcNgIE22DwO0VNGUJ']
(G)I-DLE	K/DA	1	['5sbooPcNgIE22DwO0VNGUJ']
(G)I-DLE	League of Legends	1	['5sbooPcNgIE22DwO0VNGUJ']
(G)I-DLE	Madison Beer	1	['5sbooPcNgIE22DwO0VNGUJ']
Jaira Burns	K/DA	1	['5sbooPcNgIE22DwO0VNGUJ']
Jaira Burns	League of Legends	1	['5sbooPcNgIE22DwO0VNGUJ']
Jaira Burns	Madison Beer	1	['5sbooPcNgIE22DwO0VNGUJ']
K/DA	League of Legends	1	['5sbooPcNgIE22DwO0VNGUJ']
K/DA	Madison Beer	1	['5sbooPcNgIE22DwO0VNGUJ']
League of Legends	Madison Beer	1	['5sbooPcNgIE22DwO0VNGUJ']
Beyoncé	Ed Sheeran	1	['1bhUWB0zJMIKr9yVPrkEuI']
Jonas Blue	William Singe	1	['0NiXXAI876aGImAd6rTj8w']
Beyoncé	Eminem	1	['5PIBgH1cUFwu5IiUk9tnN9']
Julia Michaels	Lauv	1	['2hnxrRNzF74mdDzpQZQukQ']
Joey Bada$$	XXXTENTACION	1	['7J2gyNghNTzl4EsLhXp01Q']
Bad Bunny	Cardi B	1	['58q2HKrzhC3ozto2nDdN4z']
Bad Bunny	J Balvin	1	['58q2HKrzhC3ozto2nDdN4z']
Cardi B	J Balvin	1	['58q2HKrzhC3ozto2nDdN4z']
A$AP Rocky	BlocBoy JB	1	['3ZYwSDF9knZI0RVlKR4PHC']
Jonas Blue	Sabrina Carpenter	1	['0RUTnY2B3s05fZuCHsNaUP']
Kesha	Macklemore	1	['2Za1AlJNvksouPPWbXpR2X']
Bonn	Martin Garrix	1	['4ut5G4rgB1ClpMTMfjoIuy']
Loud Luxury	anders	1	['15fZrZhdK0g1BS9sDeW6sD']
Kanye West	Lil Uzi Vert	1	['3DoBTwfr8yi2LN08SBpFkN']
Kanye West	Travis Scott	1	['3DoBTwfr8yi2LN08SBpFkN']
Lil Uzi Vert	Travis Scott	1	['3DoBTwfr8yi2LN08SBpFkN']
B. Swanson Quartet	Frank Sinatra	1	['7inXu0Eaeg02VsM8kHNvzM']
J Balvin	Liam Payne	1	['0Y4hwUppbGc8aIBmiTz30A']
Juice WRLD	Ski Mask The Slump God	1	['74lnM5V6ecvoTPV0fvptx9']
Taylor Swift	ZAYN	1	['3NdDpSvN911VPGivFlV5d0']
David Bowie	Queen	1	['2fuCquhmrzHpu5xcA1ci9x']
Olivia O'Brien	gnash	1	['7vRriwrloYVaoAe3a9wJHe']
Cardi B	SZA	1	['1f5PNhkNgUpvDEeZfcIlO1']
John Williams	Traditional	1	['7FOJKfiyl1tegmYRqs7AuZ']
Bryson Tiller	DJ Khaled	1	['1OAh8uOEOvTDqkKFsKksCi']
Bryson Tiller	Rihanna	1	['1OAh8uOEOvTDqkKFsKksCi']
DJ Khaled	Rihanna	1	['1OAh8uOEOvTDqkKFsKksCi']
Kodak Black	Lil Wayne	1	['4DTpngLjoHj5gFxEZFeD3J']
Cheat Codes	Little Mix	1	['54l9GJGQ1UCFKe2tzt1Vxt']
Ryan Riback	Starley	1	['78rIJddV4X0HkNAInEcYde']
Eminem	Labrinth	1	['38TgLPNHsPzgqri5G4SPun']
Eminem	Nicki Minaj	1	['38TgLPNHsPzgqri5G4SPun']
Labrinth	Nicki Minaj	1	['38TgLPNHsPzgqri5G4SPun']
Michael Bublé	The Puppini Sisters	1	['4qBejt9FeqLI9blHI1Nq1x']
Offset	Tyga	1	['5IaHrVsrferBYDm0bDyABy']
BTS	Desiigner	1	['7Ed6BkggCS2KaKY5YlINaF']
Desiigner	Steve Aoki	1	['7Ed6BkggCS2KaKY5YlINaF']
Dan Caplen	Jess Glynne	1	['5CLGzJsGqhCEECcpnFQA8x']
Dan Caplen	Macklemore	1	['5CLGzJsGqhCEECcpnFQA8x']
Dan Caplen	Rudimental	1	['5CLGzJsGqhCEECcpnFQA8x']
Jess Glynne	Macklemore	1	['5CLGzJsGqhCEECcpnFQA8x']
Jess Glynne	Rudimental	1	['5CLGzJsGqhCEECcpnFQA8x']
Macklemore	Rudimental	1	['5CLGzJsGqhCEECcpnFQA8x']
N.E.R.D	Pharrell Williams	1	['4PpuH4mxL0rD35mOWaLoKS']
Pharrell Williams	Rihanna	1	['4PpuH4mxL0rD35mOWaLoKS']
Anne-Marie	Marshmello	1	['08bNPGLD8AhKpnnERrAc6G']
Anne-Marie	Major Lazer	1	['3D1rlKmZdpYUeMtRRLNawc']
Anne-Marie	Mr Eazi	1	['3D1rlKmZdpYUeMtRRLNawc']
Anne-Marie	Rudimental	1	['3D1rlKmZdpYUeMtRRLNawc']
Major Lazer	Mr Eazi	1	['3D1rlKmZdpYUeMtRRLNawc']
Major Lazer	Rudimental	1	['3D1rlKmZdpYUeMtRRLNawc']
Mr Eazi	Rudimental	1	['3D1rlKmZdpYUeMtRRLNawc']
Chance the Rapper	Lil Wayne	1	['3DXncPQOG4VBw3QHh3S817']
DJ Khaled	Lil Wayne	1	['3DXncPQOG4VBw3QHh3S817']
Justin Bieber	Lil Wayne	1	['3DXncPQOG4VBw3QHh3S817']
Lil Wayne	Quavo	1	['3DXncPQOG4VBw3QHh3S817']
Brett Eldredge	Meghan Trainor	1	['5Q2P43CJra0uRAogjHyJDK']
Calvin Harris	Jessie Reyez	1	['5N5k9nd479b1xpDZ4usjrg']
Calvin Harris	Sam Smith	1	['5N5k9nd479b1xpDZ4usjrg']
Jessie Reyez	Sam Smith	1	['5N5k9nd479b1xpDZ4usjrg']
J Balvin	Nicky Jam	1	['39N9RPD9MRb5WmoLzNzPeA']
The Chainsmokers	Winona Oak	1	['4BiiOzZCrXEzHRLYcYFiD5']
French Montana	Jason Derulo	1	['2z4pcBLQXF2BXKFvd0BuB6']
21 Savage	Quavo	1	['3edzl4zvKFi0D3iuF6cs2f']
Bebe Rexha	David Guetta	1	['0YammaEkYSeo9vQYZ1OwS6']
Bebe Rexha	J Balvin	1	['0YammaEkYSeo9vQYZ1OwS6']
David Guetta	J Balvin	1	['0YammaEkYSeo9vQYZ1OwS6']
A$AP Rocky	Frank Ocean	1	['2MF4HtZHBoUliOi9nOAbS0']
Kodak Black	XXXTENTACION	1	['40oKW22ZNNkEdZLJTScaQI']
Demi Lovato	Luis Fonsi	1	['1zsG4eaZmkA1dvjDDsAGLK']
Avicii	Sandro Cavazza	1	['6WbADFqMvR8N5u0BvtsWQE']
Kendrick Lamar	Lil Wayne	1	['0dbTQYW3Ad1FTzIA9t90E8']
Bazzi	Camila Cabello	1	['4VUwkH455At9kENOfzTqmF']
Drake	N.E.R.D	1	['739vCwA3EpBSkk3uDsI2wB']
Drake	Rihanna	1	['739vCwA3EpBSkk3uDsI2wB']
Kanye West	Nicki Minaj	1	['1oJ8EDr2pv94IvSd6ZmDgo']
JAY-Z	Rihanna	1	['5i66xrvSh1MjjyDd6zcwgj']
Captain Cuts	Felix Jaehn	1	['7FjZU7XFs7P9jHI9Z0yRhK']
Captain Cuts	Georgia Ku	1	['7FjZU7XFs7P9jHI9Z0yRhK']
Captain Cuts	NOTD	1	['7FjZU7XFs7P9jHI9Z0yRhK']
Felix Jaehn	Georgia Ku	1	['7FjZU7XFs7P9jHI9Z0yRhK']
Felix Jaehn	NOTD	1	['7FjZU7XFs7P9jHI9Z0yRhK']
Georgia Ku	NOTD	1	['7FjZU7XFs7P9jHI9Z0yRhK']
6LACK	J. Cole	1	['4at3d5QWnlibMVN75ECDrp']
BTS	Nicki Minaj	1	['03iCbZaM4OkRR4We6wIzvx']
Babes Wodumo	Zacari	1	['76iVOVsliCHlWqKuDnCfhE']
Jason Derulo	Ty Dolla $ign	1	['6kex4EBAj0WHXDKZMEJaaF']
Nicki Minaj	Ty Dolla $ign	1	['6kex4EBAj0WHXDKZMEJaaF']
Dagny	Seeb	1	['2GGGm4MLQynB3I4E4ycIYC']
Conor Maynard	Kris Kross Amsterdam	1	['3DGar7krWlmrXRFHBcQF6z']
Conor Maynard	The Boy Next Door	1	['3DGar7krWlmrXRFHBcQF6z']
Kris Kross Amsterdam	The Boy Next Door	1	['3DGar7krWlmrXRFHBcQF6z']
Martin Garrix	Troye Sivan	1	['6jA8HL9i4QGzsj6fjoxp8Y']
Drake	Meek Mill	1	['2IRZnDFmlqMuOrYOLnZZyc']
Madison Beer	Offset	1	['3WefHNGtjexZvi66ZEx9u4']
John Lennon	The Harlem Community Choir	1	['3zJw3rugfpVrmBeDDnUYzy']
John Lennon	The Plastic Ono Band	1	['3zJw3rugfpVrmBeDDnUYzy']
John Lennon	Yoko Ono	1	['3zJw3rugfpVrmBeDDnUYzy']
The Harlem Community Choir	The Plastic Ono Band	1	['3zJw3rugfpVrmBeDDnUYzy']
The Harlem Community Choir	Yoko Ono	1	['3zJw3rugfpVrmBeDDnUYzy']
The Plastic Ono Band	Yoko Ono	1	['3zJw3rugfpVrmBeDDnUYzy']
Bebe Rexha	Digital Farm Animals	1	['7F9vK8hNFMml4GtHsaXui6']
Bebe Rexha	Louis Tomlinson	1	['7F9vK8hNFMml4GtHsaXui6']
Digital Farm Animals	Louis Tomlinson	1	['7F9vK8hNFMml4GtHsaXui6']
AlunaGeorge	Peking Duk	1	['0lvXfUug5YmOHOyHgXufqF']
Calvin Harris	Frank Ocean	1	['7tr2za8SQg2CI8EDgrdtNl']
Calvin Harris	Migos	1	['7tr2za8SQg2CI8EDgrdtNl']
Frank Ocean	Migos	1	['7tr2za8SQg2CI8EDgrdtNl']
Drake	Gunna	1	['6wWaVoUOzLQJHd3bWAUpdZ']
Alessia Cara	Khalid	1	['5tz69p7tJuGPeMGwNTxYuV']
Alessia Cara	Logic	1	['5tz69p7tJuGPeMGwNTxYuV']
Khalid	Logic	1	['5tz69p7tJuGPeMGwNTxYuV']
Anderson .Paak	Kendrick Lamar	1	['1gnwGVoG7V08vMX3hyr90x']
James Arthur	Rudimental	1	['6SUocL0caib4mLHe8ZrZzi']
Hayden James	Running Touch	1	['6VHLa2Ov2NnnekRjLpAgdv']
6ix9ine	Lil Baby	1	['4m5Cd9kAbIxg6t9sMrQWtk']
Bliss n Eso	Gavin James	1	['6SlJooJullmwjBsrnRNROA']
Clean Bandit	Julia Michaels	1	['2xmrfQpmS2iJExTlklLoAL']
Bhad Bhabie	Lil Yachty	1	['042nVrQvpEVrsrW6yeeHB2']
Kanye West	Travis Barker	1	['0T6RSXxFhW8dRTWHI604ld']
Kanye West	XXXTENTACION	1	['0T6RSXxFhW8dRTWHI604ld']
Anne-Marie	Clean Bandit	1	['5knuzwU65gJK7IF5yJsuaW']
Anne-Marie	Sean Paul	1	['5knuzwU65gJK7IF5yJsuaW']
Clean Bandit	Sean Paul	1	['5knuzwU65gJK7IF5yJsuaW']
Alan Walker	Digital Farm Animals	1	['5yFSF6qQA1rcLsQRnBsZgb']
Alan Walker	Juliander	1	['5yFSF6qQA1rcLsQRnBsZgb']
Alan Walker	Noah Cyrus	1	['5yFSF6qQA1rcLsQRnBsZgb']
Digital Farm Animals	Juliander	1	['5yFSF6qQA1rcLsQRnBsZgb']
Digital Farm Animals	Noah Cyrus	1	['5yFSF6qQA1rcLsQRnBsZgb']
Juliander	Noah Cyrus	1	['5yFSF6qQA1rcLsQRnBsZgb']
David Guetta	Sia	1	['33IOhptvC2Qoy2UhjiHXLV']
G-Eazy	Post Malone	1	['688QpQAwqsLdBR6lr13wK1']
G-Eazy	YG	1	['688QpQAwqsLdBR6lr13wK1']
Post Malone	YG	1	['688QpQAwqsLdBR6lr13wK1']
Charli XCX	Troye Sivan	1	['05mAIVLkIWc2d1UBYZBCp8']
David Guetta	Justin Bieber	1	['3A7qX2QjDlPnazUsRk5y0M']
Diplo	French Montana	1	['5mqzhMuUpvnMfwNz6iepmO']
Diplo	Lil Pump	1	['5mqzhMuUpvnMfwNz6iepmO']
Diplo	Zhavia Ward	1	['5mqzhMuUpvnMfwNz6iepmO']
French Montana	Lil Pump	1	['5mqzhMuUpvnMfwNz6iepmO']
French Montana	Zhavia Ward	1	['5mqzhMuUpvnMfwNz6iepmO']
Lil Pump	Zhavia Ward	1	['5mqzhMuUpvnMfwNz6iepmO']
Mark Ronson	Miley Cyrus	1	['27rdGxbavYJeBphck5MZAF']
6LACK	Khalid	1	['6Hgh47WXVKtXN5zGOu0hjI']
6LACK	Ty Dolla $ign	1	['6Hgh47WXVKtXN5zGOu0hjI']
Khalid	Ty Dolla $ign	1	['6Hgh47WXVKtXN5zGOu0hjI']
Halsey	The Chainsmokers	1	['7BKLCZ1jbUBVqRi2FVlTVw']
Khalid	Swae Lee	1	['5jyyPsIGM2yqkZN9R3TmvN']
Kygo	Sandro Cavazza	1	['14sOS5L36385FJ3OL8hew4']
Ariana Grande	Liz Gillies	1	['6YJdPrH3i2POzu7hdHIRrb']
Liam Payne	Rita Ora	1	['5hM6sP0Gh1jD57drszNueC']
CVBZ	Cheat Codes	1	['5uu28fUesZMl89lf9CLrgN']
CVBZ	Fetty Wap	1	['5uu28fUesZMl89lf9CLrgN']
Cheat Codes	Fetty Wap	1	['5uu28fUesZMl89lf9CLrgN']
6ix9ine	Tory Lanez	1	['6Gy7rXB6Ku5vIWC7WGWsl3']
6ix9ine	Bobby Shmurda	1	['1jQvUmf16VE9WQCPuK2e8K']
Sarah	The Rubens	1	['4E2s2lCNKxbWJMwHPMzOfq']
KIDS SEE GHOSTS	Ty Dolla $ign	1	['7GRTrWsP3yo2Fx8umJfA1X']
Diddy	Mase	1	['4INDiWSKvqSKDEu7mh8HFz']
Diddy	The Notorious B.I.G.	1	['4INDiWSKvqSKDEu7mh8HFz']
Mase	The Notorious B.I.G.	1	['4INDiWSKvqSKDEu7mh8HFz']
A$AP Rocky	Kid Cudi	1	['3oHkMCVJyOcjg5FhfLc2Rq']
A$AP Rocky	T.I.	1	['3oHkMCVJyOcjg5FhfLc2Rq']
Kid Cudi	Moby	1	['3oHkMCVJyOcjg5FhfLc2Rq']
Kid Cudi	T.I.	1	['3oHkMCVJyOcjg5FhfLc2Rq']
Moby	T.I.	1	['3oHkMCVJyOcjg5FhfLc2Rq']
Matt Ox	XXXTENTACION	1	['65u1dHQyQyE4y4aN2eDmMF']
Shawn Mendes	Zedd	1	['575NJxNUVDqwJGdzBrlLbv']
Trippie Redd	XXXTENTACION	1	['7AQim7LbvFVZJE3O8TYgf2']
Calvin Harris	SZA	1	['0P6AWOA4LG1XOctzaVu5tt']
Drake	Migos	1	['6n4U3TlzUGhdSFbUUhTvLP']
DJ Snake	French Montana	1	['1MUL6DO2gVimj2YrVedubd']
DJ Snake	GASHI	1	['1MUL6DO2gVimj2YrVedubd']
French Montana	GASHI	1	['1MUL6DO2gVimj2YrVedubd']
Julia Michaels	Trippie Redd	1	['2OvV4NjEBRE9v8Oo7QeUCq']
Kendrick Lamar	Travis Scott	1	['5cXg9IQS34FzLVdHhp7hu7']
2 Chainz	Drake	1	['5S1IUPueD0xE0vj4zU3nSf']
2 Chainz	Quavo	1	['5S1IUPueD0xE0vj4zU3nSf']
Poo Bear	Skrillex	1	['57p8CBvPOxrvyCbn6ttl5r']
Blake Shelton	Gwen Stefani	1	['2OQ6a4CfUeYskpTTgyawyJ']
Mitchell Ayres & His Orchestra	Perry Como	1	['2pXpURmn6zC5ZYDMms6fwa']
Mitchell Ayres & His Orchestra	The Fontane Sisters	1	['2pXpURmn6zC5ZYDMms6fwa']
Perry Como	The Fontane Sisters	1	['2pXpURmn6zC5ZYDMms6fwa']
Anne-Marie	James Arthur	1	['6mQLN3zRtAp6ovjusyYKrV']
Diplo	MØ	1	['68m6iwhKElLTBaGRG1LLwE']
Khalid	Lorde	1	['2rE9TX3VQ0WNt7kziFhKep']
Khalid	Post Malone	1	['2rE9TX3VQ0WNt7kziFhKep']
Khalid	SZA	1	['2rE9TX3VQ0WNt7kziFhKep']
Lorde	Post Malone	1	['2rE9TX3VQ0WNt7kziFhKep']
Lorde	SZA	1	['2rE9TX3VQ0WNt7kziFhKep']
Post Malone	SZA	1	['2rE9TX3VQ0WNt7kziFhKep']
Justin Bieber	Post Malone	1	['0H8XeaJunhvpBdBFIYi6Sh']
Empress Of	Khalid	1	['4AhSkRYioEIfGvCV19peYN']
Eminem	Joyner Lucas	1	['60SdxE8apGAxMiRrpbmLY0']
Logic	Ryan Tedder	1	['6e2PtJYcltVk76nLwxBzRn']
Alan Walker	Au/Ra	1	['1snWlbcbgQpJfknoI30DWG']
Alan Walker	Tomine Harket	1	['1snWlbcbgQpJfknoI30DWG']
Au/Ra	Tomine Harket	1	['1snWlbcbgQpJfknoI30DWG']
Calvin Harris	Dua Lipa	1	['7ef4DlsgrMEH11cDZd32M6']
Drake	Static Major	1	['4IvenHmD0spfFDOKphoUDp']
Drake	Ty Dolla $ign	1	['4IvenHmD0spfFDOKphoUDp']
Static Major	Ty Dolla $ign	1	['4IvenHmD0spfFDOKphoUDp']
Icona Pop	Peking Duk	1	['2MK8xQVIFA81r32V4E1MkT']
Mimoza	Tyron Hapi	1	['77ngtwBosDuAwiQu8afOOQ']
Lil Peep	Marshmello	1	['6VrCmhRBFnuGKmtNfk4jDs']
BlocBoy JB	Drake	1	['4qKcDkK6siZ7Jp1Jb4m0aL']
KIDS SEE GHOSTS	Louis Prima	1	['6JyEh4kl9DLwmSAoNDRn5b']
Austyn Johnson	Cameron Seely	1	['66y7x28jXOPrcmu3D5Zjh6']
Austyn Johnson	Hugh Jackman	1	['66y7x28jXOPrcmu3D5Zjh6']
Cameron Seely	Hugh Jackman	1	['66y7x28jXOPrcmu3D5Zjh6']
Ina Wroldsen	Jax Jones	1	['6tvQzeCPwOytDlBYCIOY0n']
Drake	JAY-Z	1	['3Yw09dj3cTXsAzlLjgBfIP']
Big Sean	Calvin Harris	1	['5bcTCxgc7xVfSaMV3RuVke']
Big Sean	Katy Perry	1	['5bcTCxgc7xVfSaMV3RuVke']
Big Sean	Pharrell Williams	1	['5bcTCxgc7xVfSaMV3RuVke']
Calvin Harris	Katy Perry	1	['5bcTCxgc7xVfSaMV3RuVke']
Calvin Harris	Pharrell Williams	1	['5bcTCxgc7xVfSaMV3RuVke']
Katy Perry	Pharrell Williams	1	['5bcTCxgc7xVfSaMV3RuVke']
Michael Bublé	Shania Twain	1	['2gbCG4Rt9984UZ7Tc0dIFd']
Bebe Rexha	Cardi B	1	['1YNQscOx6OqBQjxgJVhEeW']
Bebe Rexha	Charli XCX	1	['1YNQscOx6OqBQjxgJVhEeW']
Bebe Rexha	Rita Ora	1	['1YNQscOx6OqBQjxgJVhEeW']
Cardi B	Charli XCX	1	['1YNQscOx6OqBQjxgJVhEeW']
Cardi B	Rita Ora	1	['1YNQscOx6OqBQjxgJVhEeW']
Charli XCX	Rita Ora	1	['1YNQscOx6OqBQjxgJVhEeW']
Keala Settle	Zac Efron	1	['43ay9lQZ5rfNcOOHhRF2cM']
The Greatest Showman Ensemble	Zac Efron	1	['43ay9lQZ5rfNcOOHhRF2cM']
Elley Duhé	Gryffin	1	['4QVS8YCpK71R4FsxSMCjhP']
Nas	The-Dream	1	['0BSPhsCKfwENstErymcD80']
Sia	ZAYN	1	['1j4kHkkpqZRBwE0A4CN4Yv']
French Montana	Swae Lee	1	['3B54sVLJ402zGa6Xm4YGNe']
Bruno Mars	Cardi B	1	['3Vo4wInECJQuz9BIBMOu8i']
Lil Pump	Maluma	1	['2LskIZrCeLxRvCiGP8gxlh']
Lil Pump	Swae Lee	1	['2LskIZrCeLxRvCiGP8gxlh']
Lil Pump	XXXTENTACION	1	['2LskIZrCeLxRvCiGP8gxlh']
Maluma	Swae Lee	1	['2LskIZrCeLxRvCiGP8gxlh']
Maluma	XXXTENTACION	1	['2LskIZrCeLxRvCiGP8gxlh']
Swae Lee	XXXTENTACION	1	['2LskIZrCeLxRvCiGP8gxlh']
Clean Bandit	Zara Larsson	1	['1x5sYLZiu9r5E43kMlt9f8']
Chris Brown	Lil Dicky	1	['10Igtw8bSDyyFs7KIsKngZ']
Eminem	Nate Dogg	1	['4xkOaSrkexMciUUogZKVTS']
Nicole Millar	Peking Duk	1	['48ByhmhBjgyWIRzdHDuQMD']
David Guetta	Jason Derulo	1	['5Xn4IyTtW6FUGIUyWjbUHG']
David Guetta	Nicki Minaj	1	['5Xn4IyTtW6FUGIUyWjbUHG']
David Guetta	Willy William	1	['5Xn4IyTtW6FUGIUyWjbUHG']
Jason Derulo	Willy William	1	['5Xn4IyTtW6FUGIUyWjbUHG']
Nicki Minaj	Willy William	1	['5Xn4IyTtW6FUGIUyWjbUHG']
KIDS SEE GHOSTS	Pusha T	1	['3aUFrxO1B8EW63QchEl3wX']
Larry Walsh	Mark Linett	1	['5xlS0QkVrSH7ssEbBgBzbM']
Larry Walsh	Sweet	1	['5xlS0QkVrSH7ssEbBgBzbM']
Larry Walsh	The Beach Boys	1	['5xlS0QkVrSH7ssEbBgBzbM']
Mark Linett	Sweet	1	['5xlS0QkVrSH7ssEbBgBzbM']
Mark Linett	The Beach Boys	1	['5xlS0QkVrSH7ssEbBgBzbM']
Sweet	The Beach Boys	1	['5xlS0QkVrSH7ssEbBgBzbM']
Kendrick Lamar	Rihanna	1	['6SwRhMLwNqEi6alNPVG00n']
Ab-Soul	Anderson .Paak	1	['4KXwFI9pgJLpUIAc9oSL8j']
Ab-Soul	James Blake	1	['4KXwFI9pgJLpUIAc9oSL8j']
Anderson .Paak	James Blake	1	['4KXwFI9pgJLpUIAc9oSL8j']
Ariana Grande	Pharrell Williams	1	['4mLkiFppf8Xvem6BSY34qw']
Bastille	Marshmello	1	['2dpaYNEQHiRxtZbfNsse99']
Cardi B	Chance the Rapper	1	['00B7TZ0Xawar6NZ00JFomN']
Dzeko	Post Malone	1	['4kWO6O1BUXcZmaxitpVUwp']
Dzeko	Preme	1	['4kWO6O1BUXcZmaxitpVUwp']
Dzeko	Tiësto	1	['4kWO6O1BUXcZmaxitpVUwp']
Post Malone	Preme	1	['4kWO6O1BUXcZmaxitpVUwp']
Post Malone	Tiësto	1	['4kWO6O1BUXcZmaxitpVUwp']
Preme	Tiësto	1	['4kWO6O1BUXcZmaxitpVUwp']
Flight Facilities	NÏKA	1	['0L0VMu7ovN7rmTtC8QQrqj']
Metro Boomin	Offset	1	['7sO5G9EABYOXQKNPNiE9NR']
BloodPop®	Hailee Steinfeld	1	['3towKHKVOXCCcL1fHv6xFO']
Lil Wayne	Travis Scott	1	['0CBQ0m3mufWH75LTYB3s6h']
Bruno Mars	Mark Ronson	1	['32OlwWuMpZ6b0aN2RZOeMS']
Allday	Mallrat	1	['7MwIU0huJG9ml5oNEWLxUH']
Logic	OneRepublic	1	['1Nj2oBISdFDSF8eDuXcALz']
Cheat Codes	Demi Lovato	1	['1louJpMmzEicAn7lzDalPW']
Cosmo's Midnight	Tove Styrke	1	['4rjV9NFV51DrGXC2jbK2EN']
Cardi B	DJ Snake	1	['4w8niZpiMy6qz1mntFA5uM']
Cardi B	Ozuna	1	['4w8niZpiMy6qz1mntFA5uM']
Cardi B	Selena Gomez	1	['4w8niZpiMy6qz1mntFA5uM']
DJ Snake	Ozuna	1	['4w8niZpiMy6qz1mntFA5uM']
DJ Snake	Selena Gomez	1	['4w8niZpiMy6qz1mntFA5uM']
Ozuna	Selena Gomez	1	['4w8niZpiMy6qz1mntFA5uM']
Laurell	Tyron Hapi	1	['1gy8SNsZ7ceHqV2mFF3m0G']
Migos	Post Malone	1	['3OnOomd79OjqSYHchCQ6ht']
Drake	French Montana	1	['04MLEeAMuV9IlHEsD8vF6A']
Kygo	Selena Gomez	1	['3eR23VReFzcdmS7TYCrhCe']
SZA	Travis Scott	1	['0q75NwOoFiARAVp4EXU4Bs']
