artist_1	artist_2	count	song_ids
A$AP Rocky	Mura Masa	5	['23e6ly5nFanMQOk4cAwJj2', '7Kq16WtEJzdRSNQgdXsn7Y', '3sTN90bIP2cJ1783ctHykO', '5v9N8Rx3QsFvr50cxyQcA3', '0t2myRMEMCi2SRyg5TEFLp']
Calvin Harris	Pharrell Williams	4	['6BaCraQ9xeLYg4Sb9TBT2X', '60APt5N2NRaKWf5xzJdzyC', '5bcTCxgc7xVfSaMV3RuVke', '1N90cV79gbBgO0bOs74Y0t']
Chance the Rapper	Lil Wayne	4	['0v9Wz8o0BT8DU38R4ddjeH', '1jYiIOC5d6soxkJP81fxq2', '72Q0FQQo32KJloivv5xge2', '3DXncPQOG4VBw3QHh3S817']
Khalid	Lorde	3	['69Naniu2KjKjaQOBUagE8U', '7rdUtXasA973gmrr2Xxh3E', '2rE9TX3VQ0WNt7kziFhKep']
Khalid	Post Malone	3	['69Naniu2KjKjaQOBUagE8U', '7rdUtXasA973gmrr2Xxh3E', '2rE9TX3VQ0WNt7kziFhKep']
Khalid	SZA	3	['69Naniu2KjKjaQOBUagE8U', '7rdUtXasA973gmrr2Xxh3E', '2rE9TX3VQ0WNt7kziFhKep']
Lorde	Post Malone	3	['69Naniu2KjKjaQOBUagE8U', '7rdUtXasA973gmrr2Xxh3E', '2rE9TX3VQ0WNt7kziFhKep']
Lorde	SZA	3	['69Naniu2KjKjaQOBUagE8U', '7rdUtXasA973gmrr2Xxh3E', '2rE9TX3VQ0WNt7kziFhKep']
Post Malone	SZA	3	['69Naniu2KjKjaQOBUagE8U', '7rdUtXasA973gmrr2Xxh3E', '2rE9TX3VQ0WNt7kziFhKep']
Gucci Mane	Migos	3	['1HTtUBEY3tuw2btgwwI2Ja', '1XRgIKC5TPwo7nWGyKqgG0', '6p8NuHm8uCGnn2Dtbtf7zE']
Lil Wayne	Ty Dolla $ign	3	['4dASQiO1Eoo3RJvt74FtXB', '0rlFL6bxIWcCn9gk9GExFA', '270aLuFCbX32hhBr8MQyPM']
Jax Jones	RAYE	3	['7M16mAuWuFA5rC9HvkXaGx', '00lNx0OcTJrS3MKHcB80HY', '4WrS6vezaPwOafKJmHqMEU']
Matoma	The Vamps	3	['1yNyoWWWikbLhwIGWjZuDW', '4b4KcovePX8Ke2cLIQTLM0', '0dXNQ8dckG4eYfEtq9zcva']
Chance the Rapper	DJ Khaled	3	['1jYiIOC5d6soxkJP81fxq2', '72Q0FQQo32KJloivv5xge2', '3DXncPQOG4VBw3QHh3S817']
Chance the Rapper	Justin Bieber	3	['1jYiIOC5d6soxkJP81fxq2', '72Q0FQQo32KJloivv5xge2', '3DXncPQOG4VBw3QHh3S817']
Chance the Rapper	Quavo	3	['1jYiIOC5d6soxkJP81fxq2', '72Q0FQQo32KJloivv5xge2', '3DXncPQOG4VBw3QHh3S817']
DJ Khaled	Justin Bieber	3	['1jYiIOC5d6soxkJP81fxq2', '72Q0FQQo32KJloivv5xge2', '3DXncPQOG4VBw3QHh3S817']
DJ Khaled	Lil Wayne	3	['1jYiIOC5d6soxkJP81fxq2', '72Q0FQQo32KJloivv5xge2', '3DXncPQOG4VBw3QHh3S817']
DJ Khaled	Quavo	3	['1jYiIOC5d6soxkJP81fxq2', '72Q0FQQo32KJloivv5xge2', '3DXncPQOG4VBw3QHh3S817']
Justin Bieber	Lil Wayne	3	['1jYiIOC5d6soxkJP81fxq2', '72Q0FQQo32KJloivv5xge2', '3DXncPQOG4VBw3QHh3S817']
Justin Bieber	Quavo	3	['1jYiIOC5d6soxkJP81fxq2', '72Q0FQQo32KJloivv5xge2', '3DXncPQOG4VBw3QHh3S817']
Lil Wayne	Quavo	3	['1jYiIOC5d6soxkJP81fxq2', '72Q0FQQo32KJloivv5xge2', '3DXncPQOG4VBw3QHh3S817']
Camila Cabello	Quavo	2	['3Ytr1SUCUi6J3L9dRFx5iH', '4xBjsLUSjcx2h7PcRikpQp']
Flume	KUČKA	2	['5JpvSu9jWCsHiOFGSJJH2u', '4lxy9f7o28AEttUFHXwe9P']
Drake	Young Thug	2	['7bJ4mu7MHa3rHiNyKjOoSl', '0xl1w2q4VLojeXp4JfazPL']
Daft Punk	The Weeknd	2	['5aAx2yezTd8zXrkmtKl66Z', '5GXAXm5YOmYT0kL5jHvYBt']
J Balvin	Willy William	2	['7fwXWKdDNI5IutOMc5OKYw', '2rb5MvYT7ZIxbKW5hfcHx8']
Quavo	Travis Scott	2	['2bjwRfXMk4uRgOD9IBYl9h', '3Ytr1SUCUi6J3L9dRFx5iH']
A$AP Rocky	Cardi B	2	['2DQ1ITjI0YoLFzuADN1ZBW', '2Xqd0wUttjueBfdcltADOv']
A$AP Rocky	G-Eazy	2	['2DQ1ITjI0YoLFzuADN1ZBW', '2Xqd0wUttjueBfdcltADOv']
Cardi B	G-Eazy	2	['2DQ1ITjI0YoLFzuADN1ZBW', '2Xqd0wUttjueBfdcltADOv']
Beyoncé	JAY-Z	2	['3OoZagIW3YK8vjt0ws6NOI', '0WqIKmW4BTrj3eJFmnCKMv']
G-Eazy	Halsey	2	['5k38wzpLb15YgncyWdTZE4', '3YU6vJbjYUG0tiJyXf9x5V']
Major Lazer	MØ	2	['4WjH9Bzt3kx7z8kl0awxh4', '6DNtNfH8hXkqOX1sjqmI7p']
Demi Lovato	Jax Jones	2	['6yf3MxEOScNBTYCHOAIiNQ', '0XfOi87h82i09rQjWYG0Bm']
Demi Lovato	Stefflon Don	2	['6yf3MxEOScNBTYCHOAIiNQ', '0XfOi87h82i09rQjWYG0Bm']
Jax Jones	Stefflon Don	2	['6yf3MxEOScNBTYCHOAIiNQ', '0XfOi87h82i09rQjWYG0Bm']
CNCO	Little Mix	2	['3zoYkqS4y2BsGVShPL2nTE', '5PB8zB1MOZASboLquvinMF']
Big Sean	Calvin Harris	2	['6BaCraQ9xeLYg4Sb9TBT2X', '5bcTCxgc7xVfSaMV3RuVke']
Big Sean	Katy Perry	2	['6BaCraQ9xeLYg4Sb9TBT2X', '5bcTCxgc7xVfSaMV3RuVke']
Big Sean	Pharrell Williams	2	['6BaCraQ9xeLYg4Sb9TBT2X', '5bcTCxgc7xVfSaMV3RuVke']
Calvin Harris	Katy Perry	2	['6BaCraQ9xeLYg4Sb9TBT2X', '5bcTCxgc7xVfSaMV3RuVke']
Katy Perry	Pharrell Williams	2	['6BaCraQ9xeLYg4Sb9TBT2X', '5bcTCxgc7xVfSaMV3RuVke']
Calvin Harris	DJ Khaled	2	['4vv1KjUzPwrtDbozizSfQc', '6LOCAhFzZiavHcLJucLuDy']
Calvin Harris	Jeremih	2	['4vv1KjUzPwrtDbozizSfQc', '6LOCAhFzZiavHcLJucLuDy']
Calvin Harris	Travis Scott	2	['4vv1KjUzPwrtDbozizSfQc', '6LOCAhFzZiavHcLJucLuDy']
DJ Khaled	Jeremih	2	['4vv1KjUzPwrtDbozizSfQc', '6LOCAhFzZiavHcLJucLuDy']
DJ Khaled	Travis Scott	2	['4vv1KjUzPwrtDbozizSfQc', '6LOCAhFzZiavHcLJucLuDy']
Jeremih	Travis Scott	2	['4vv1KjUzPwrtDbozizSfQc', '6LOCAhFzZiavHcLJucLuDy']
Blackstreet	Dr. Dre	2	['7ygfhHBOf63eYK0WSEzOP9', '6MdqqkQ8sSC0WB4i8PyRuQ']
Maroon 5	SZA	2	['4mxWSdf71VFO52qFeY0fZt', '3hBBKuWJfxlIlnd9QFoC8k']
Nicki Minaj	Yo Gotti	2	['6c7D34787LOtPm8tzhsLgH', '4knL4iPxPOZjQzTUlELGSY']
Metro Boomin	Offset	2	['7sO5G9EABYOXQKNPNiE9NR', '5u6vkDnOyaf8LsteDAj2ub']
Ariana Grande	Calvin Harris	2	['60APt5N2NRaKWf5xzJdzyC', '1N90cV79gbBgO0bOs74Y0t']
Ariana Grande	Pharrell Williams	2	['60APt5N2NRaKWf5xzJdzyC', '1N90cV79gbBgO0bOs74Y0t']
Ariana Grande	Young Thug	2	['60APt5N2NRaKWf5xzJdzyC', '1N90cV79gbBgO0bOs74Y0t']
Calvin Harris	Young Thug	2	['60APt5N2NRaKWf5xzJdzyC', '1N90cV79gbBgO0bOs74Y0t']
Pharrell Williams	Young Thug	2	['60APt5N2NRaKWf5xzJdzyC', '1N90cV79gbBgO0bOs74Y0t']
Macklemore	Skylar Grey	2	['3HVr6jTVwBHBa2flM0eURR', '0CokSRCu5hZgPxcZBaEzVE']
Miguel	Travis Scott	2	['5WoaF1B5XIEnWfmb5NZikf', '1DRW9bQzt2SE8f7H4KJZyL']
Lil Wayne	The-Dream	2	['0rlFL6bxIWcCn9gk9GExFA', '270aLuFCbX32hhBr8MQyPM']
The-Dream	Ty Dolla $ign	2	['0rlFL6bxIWcCn9gk9GExFA', '270aLuFCbX32hhBr8MQyPM']
Jonas Blue	William Singe	2	['0NiXXAI876aGImAd6rTj8w', '4xlrALxuaCf9yZBHJeTSG6']
Future	Kendrick Lamar	2	['6DB2KOEwHnjkgEnBt5SdeJ', '6dVZCbi9CYtD9LjAHXRjIG']
Lil Yachty	Macklemore	2	['7bsnTsbiwOymZWjPF9v6Di', '0RYXEibxMami3QuT8kn4Iz']
Fifth Harmony	Gucci Mane	2	['20H2Hd5AkUcRjB4yL3UQtJ', '7LEydI5NfjY6mZfKwYIptZ']
Gucci Mane	The Weeknd	2	['1tp1xMJ1uaOktksskS0Fzs', '2yuyaYAELoMG4ApV5wJsWR']
Beyoncé	Eminem	2	['5b2QnYcT9rQIkhRWt4HztQ', '5PIBgH1cUFwu5IiUk9tnN9']
A$AP Rocky	Tyler, The Creator	2	['1a0wEEHipnBR7WOHFA6ucQ', '21yRtB6B8EMounImAfHRCP']
Calvin Harris	Future	2	['3FDrI0FLKzrYQiWxPhqV2W', '0lMbuWUpfTWhEmOKxppEau']
Calvin Harris	Khalid	2	['3FDrI0FLKzrYQiWxPhqV2W', '0lMbuWUpfTWhEmOKxppEau']
Future	Khalid	2	['3FDrI0FLKzrYQiWxPhqV2W', '0lMbuWUpfTWhEmOKxppEau']
Katy Perry	Migos	2	['61WbtB6ujkpNAsAf5LjF4b', '14oOKFGuXu8DqvOe1W8vao']
Grey	Hailee Steinfeld	2	['6875MeXyCW0wLyT72Eetmo', '1qOLh0tI7trd1zdDKxYZTe']
Grey	Zedd	2	['6875MeXyCW0wLyT72Eetmo', '1qOLh0tI7trd1zdDKxYZTe']
Hailee Steinfeld	Zedd	2	['6875MeXyCW0wLyT72Eetmo', '1qOLh0tI7trd1zdDKxYZTe']
Flume	Tove Lo	2	['3sBfXJVKKUWyKqEUsrYiNO', '4sQMalN597HdggTu196aL0']
Calvin Harris	Frank Ocean	2	['6gpcs5eMhJwax4mIfKDYQk', '7tr2za8SQg2CI8EDgrdtNl']
Calvin Harris	Migos	2	['6gpcs5eMhJwax4mIfKDYQk', '7tr2za8SQg2CI8EDgrdtNl']
Frank Ocean	Migos	2	['6gpcs5eMhJwax4mIfKDYQk', '7tr2za8SQg2CI8EDgrdtNl']
N.E.R.D	Rihanna	2	['6tUgfsOa8PLkoede5nOR7D', '4PpuH4mxL0rD35mOWaLoKS']
Drake	Rihanna	2	['14WWzenpaEgQZlqPq2nk4v', '11KJSRSgaDxqydKYiD2Jew']
Drake	Giggs	2	['2jTujnt0y344ai1rNOywgr', '6CfrYuD3YRDYdYvH9jNtXY']
GRAACE	Hayden James	2	['4bJzIbze97tZwCxxMw4hx9', '1jJtDLctkzilPae8saJe37']
French Montana	Swae Lee	2	['3B54sVLJ402zGa6Xm4YGNe', '1F2HXIJrE2Xn81OzT2zZvW']
Lana Del Rey	The Weeknd	2	['5LYQSNHZxEA880URXFHg6h', '4L7Y2OAPiY2I2GndZjAs5K']
Halsey	Lauren Jauregui	2	['11EDhDAVDtGPoSar6ootYA', '4C5ewaZ05vyXM23jFJdwd4']
Lil Uzi Vert	Oh Wonder	2	['2eAZfqOm4EnOF9VvN50Tyc', '6GNifiuBPrKFpwNBYnooFm']
21 Savage	Post Malone	2	['1OmcAT5Y8eg5bUPv9qJT4R', '7wGoVu4Dady5GV0Sv4UIsx']
Alesso	Florida Georgia Line	2	['5AEtlRudpgdT5FtNiuly6Y', '5Gu0PDLN4YJeW75PpBSg9p']
Alesso	Hailee Steinfeld	2	['5AEtlRudpgdT5FtNiuly6Y', '5Gu0PDLN4YJeW75PpBSg9p']
Alesso	watt	2	['5AEtlRudpgdT5FtNiuly6Y', '5Gu0PDLN4YJeW75PpBSg9p']
Florida Georgia Line	Hailee Steinfeld	2	['5AEtlRudpgdT5FtNiuly6Y', '5Gu0PDLN4YJeW75PpBSg9p']
Florida Georgia Line	watt	2	['5AEtlRudpgdT5FtNiuly6Y', '5Gu0PDLN4YJeW75PpBSg9p']
Hailee Steinfeld	watt	2	['5AEtlRudpgdT5FtNiuly6Y', '5Gu0PDLN4YJeW75PpBSg9p']
Katy Perry	Skip Marley	2	['5ndfVSDyPq90jaIUhNPeby', '6520aj0B4FSKGVuKNsOCOi']
Frank Ocean	Steve Lacy	2	['1pGAvZo2axYXAXYiSeYEqY', '4bEcoz1OcfMgUbp2ft8ieQ']
Frank Ocean	Tyler, The Creator	2	['1pGAvZo2axYXAXYiSeYEqY', '4bEcoz1OcfMgUbp2ft8ieQ']
Steve Lacy	Tyler, The Creator	2	['1pGAvZo2axYXAXYiSeYEqY', '4bEcoz1OcfMgUbp2ft8ieQ']
Daddy Yankee	Luis Fonsi	2	['5CtI0qwDJkDQGwXD1H1cLb', '4aWmUDTfIPGksMNLV2rQP2']
Katy Perry	Nicki Minaj	2	['2kVHAQKVtczchKctctzbtK', '3VRk65lHSwqd90TAkQqhvB']
Kendrick Lamar	Maroon 5	1	['5MFzQMkrl1FOOng9tq6R9r']
Hailee Steinfeld	Machine Gun Kelly	1	['77lGafvlU68CeHgB2pkHC9']
Joe Moses	Ty Dolla $ign	1	['70mIuBKGTPrWMwWq9D4F56']
Chris Brown	Gucci Mane	1	['05Z7jet4VDNVgNQWcYHnrk']
Chris Brown	Usher	1	['05Z7jet4VDNVgNQWcYHnrk']
Gucci Mane	Usher	1	['05Z7jet4VDNVgNQWcYHnrk']
Anne-Marie	Mike Posner	1	['42NpUvd0I2kdIuMXX4nobE']
Anne-Marie	Nick Jonas	1	['42NpUvd0I2kdIuMXX4nobE']
Mike Posner	Nick Jonas	1	['42NpUvd0I2kdIuMXX4nobE']
Camila Cabello	Daddy Yankee	1	['3whrwq4DtvucphBPUogRuJ']
The Chainsmokers	XYLØ	1	['0B8B8cVRFIG1yznoQe7c9s']
Lil Uzi Vert	Migos	1	['4Km5HrUvYTaSUfiSGPJeQR']
Cheat Codes	Dante Klein	1	['0lmdsH1MIoLsMymnNpd6HU']
DJ Khaled	Drake	1	['3pC1ILr9KzmQLMe8Kn5QBG']
Kirsty MacColl	The Pogues	1	['3VTNVsTTu05dmTsVFrmGpK']
Illy	Marko Penn	1	['2NjgNtG2oTS3RJsrWxlgnG']
G-Eazy	Kehlani	1	['1Eck97uRMlprKOOJN9oO1E']
Beyoncé	J Balvin	1	['7fwXWKdDNI5IutOMc5OKYw']
Beyoncé	Willy William	1	['7fwXWKdDNI5IutOMc5OKYw']
Justin Jesso	Kygo	1	['0Zbbxnx4SGGHoIow4PpISP']
Alok	Bruno Martini	1	['1a5Yu5L18qNxVhXx38njON']
Alok	Zeeba	1	['1a5Yu5L18qNxVhXx38njON']
Bruno Martini	Zeeba	1	['1a5Yu5L18qNxVhXx38njON']
Drake	Quavo	1	['2bjwRfXMk4uRgOD9IBYl9h']
Drake	Travis Scott	1	['2bjwRfXMk4uRgOD9IBYl9h']
Calvin Harris	DRAM	1	['0Ws8D3EWUDgY962Xftb0h5']
Calvin Harris	PARTYNEXTDOOR	1	['0Ws8D3EWUDgY962Xftb0h5']
Calvin Harris	ScHoolboy Q	1	['0Ws8D3EWUDgY962Xftb0h5']
DRAM	PARTYNEXTDOOR	1	['0Ws8D3EWUDgY962Xftb0h5']
DRAM	ScHoolboy Q	1	['0Ws8D3EWUDgY962Xftb0h5']
PARTYNEXTDOOR	ScHoolboy Q	1	['0Ws8D3EWUDgY962Xftb0h5']
Beyoncé	DJ Khaled	1	['3OoZagIW3YK8vjt0ws6NOI']
DJ Khaled	JAY-Z	1	['3OoZagIW3YK8vjt0ws6NOI']
Marshmello	Selena Gomez	1	['7EmGUiUaOSGDnUUQUDrOXC']
DJ Snake	Major Lazer	1	['4WjH9Bzt3kx7z8kl0awxh4']
DJ Snake	MØ	1	['4WjH9Bzt3kx7z8kl0awxh4']
PON CHO	Paige IV	1	['2TdJsyNijI5jUvMnsjQcb3']
Ariana Grande	Future	1	['3FiE2d325mIOc4YjkSLVJR']
Elliphant	Peking Duk	1	['0jVPEBd4wyHupkTHwzQRyc']
CADE	Cheat Codes	1	['1NDxZ7cFAo481dtYWdrUnR']
CADE	Maggie Lindemann	1	['1NDxZ7cFAo481dtYWdrUnR']
Cheat Codes	Maggie Lindemann	1	['1NDxZ7cFAo481dtYWdrUnR']
Justin Bieber	Major Lazer	1	['6DNtNfH8hXkqOX1sjqmI7p']
Justin Bieber	MØ	1	['6DNtNfH8hXkqOX1sjqmI7p']
Khalid	Marshmello	1	['7vGuf3Y35N4wmASOKLUVVU']
Flume	Kai	1	['12REd1n8PeiHHWOh066tpr']
Daya	Gryffin	1	['0NyOeqzqjVM9j7IuWp2oJ6']
Daya	ILLENIUM	1	['0NyOeqzqjVM9j7IuWp2oJ6']
Gryffin	ILLENIUM	1	['0NyOeqzqjVM9j7IuWp2oJ6']
DRAM	Lil Yachty	1	['7yyRTcZmCiyzzJlNzGC9Ol']
Kendrick Lamar	U2	1	['4iYRa2btalAzPZoSYfROqF']
Bebe Rexha	Lil Wayne	1	['6Pw3Gvw4wNMZfTYZa6IQal']
Cash Cash	Conor Maynard	1	['1839RWzPRZCVgvamu4sHSN']
Charlie Puth	G-Eazy	1	['3qk4wRMDlaeagZGjSYbsOV']
Galantis	Hook N Sling	1	['2MHCiOohBZEQuLgDTPvSzF']
Eminem	Kehlani	1	['6Ww0J5EFjiPxkgZpEkRQVN']
2 Chainz	Chance the Rapper	1	['0v9Wz8o0BT8DU38R4ddjeH']
2 Chainz	Lil Wayne	1	['0v9Wz8o0BT8DU38R4ddjeH']
Alison Wonderland	M-Phazes	1	['5yRDS8rO2nWrNxcVcsCPl4']
Ed Sheeran	Future	1	['2x0WlnmfG39ZuDmstl9xfX']
Ed Sheeran	Taylor Swift	1	['2x0WlnmfG39ZuDmstl9xfX']
Future	Taylor Swift	1	['2x0WlnmfG39ZuDmstl9xfX']
DJ Snake	Lauv	1	['0Wv5wuenRLI3BcwgT3HPIP']
BloodPop®	Justin Bieber	1	['7nZmah2llfvLDiUjm0kiyz']
Ariana Grande	John Legend	1	['1KT0xdIjm7t053xByACrrg']
Afrojack	Charli XCX	1	['0tPQPaOKM32WgMSbPCYyRH']
Afrojack	David Guetta	1	['0tPQPaOKM32WgMSbPCYyRH']
Afrojack	French Montana	1	['0tPQPaOKM32WgMSbPCYyRH']
Charli XCX	David Guetta	1	['0tPQPaOKM32WgMSbPCYyRH']
Charli XCX	French Montana	1	['0tPQPaOKM32WgMSbPCYyRH']
David Guetta	French Montana	1	['0tPQPaOKM32WgMSbPCYyRH']
Hilltop Hoods	Montaigne	1	['6oSmp7qnvAxUXeUKhl67a6']
Hilltop Hoods	Tom Thum	1	['6oSmp7qnvAxUXeUKhl67a6']
Montaigne	Tom Thum	1	['6oSmp7qnvAxUXeUKhl67a6']
Felix Snow	Kiiara	1	['3QWjljChcOMkRDYSzF33Qr']
A Boogie Wit da Hoodie	Chris Brown	1	['5gx2E5aIXMRBellPZW1up5']
A Boogie Wit da Hoodie	Kodak Black	1	['5gx2E5aIXMRBellPZW1up5']
A Boogie Wit da Hoodie	Yo Gotti	1	['5gx2E5aIXMRBellPZW1up5']
Chris Brown	Kodak Black	1	['5gx2E5aIXMRBellPZW1up5']
Chris Brown	Yo Gotti	1	['5gx2E5aIXMRBellPZW1up5']
Kodak Black	Yo Gotti	1	['5gx2E5aIXMRBellPZW1up5']
Coldplay	Seeb	1	['1OAiWI2oPmglaOiv9fdioU']
21 Savage	Metro Boomin	1	['5u6vkDnOyaf8LsteDAj2ub']
21 Savage	Offset	1	['5u6vkDnOyaf8LsteDAj2ub']
21 Savage	Travis Scott	1	['5u6vkDnOyaf8LsteDAj2ub']
Metro Boomin	Travis Scott	1	['5u6vkDnOyaf8LsteDAj2ub']
Offset	Travis Scott	1	['5u6vkDnOyaf8LsteDAj2ub']
Liam Payne	Zedd	1	['1CKd1PnqfYx0H12V9MSaIY']
Drake	PARTYNEXTDOOR	1	['5JUu0unA8VwhTZ9LkMWUVI']
CamelPhat	Elderbrook	1	['1HrMWH5GUdK6Yi94rbANJA']
Gorillaz	Popcaan	1	['7l9CE3wmEGOUYw1j4ETjnL']
Jillian Edwards	Thomas Gold	1	['5abwHwUhywLGNli5NDcEN7']
Kyla	Naughty Boy	1	['4aiLpwwZw5Ek9KkBMnt6Zu']
Kyla	Popcaan	1	['4aiLpwwZw5Ek9KkBMnt6Zu']
Naughty Boy	Popcaan	1	['4aiLpwwZw5Ek9KkBMnt6Zu']
Labrinth	Noah Cyrus	1	['2BrzlUj1u1CtvaJDGIKpsP']
Bebe Rexha	Machine Gun Kelly	1	['0OI7AFifLSoGzpb8bdBLLV']
Bebe Rexha	X Ambassadors	1	['0OI7AFifLSoGzpb8bdBLLV']
Machine Gun Kelly	X Ambassadors	1	['0OI7AFifLSoGzpb8bdBLLV']
Ina Wroldsen	Martin Solveig	1	['6O85MfGECKBqAK2MgSbCaj']
Drake	Kanye West	1	['28irpKCCK9nn9DZSik2zEx']
Madelyn Grant	ODESZA	1	['7avUYFehb1GscgCncPdBDK']
Bing Crosby	John Scott Trotter & His Orchestra	1	['4so0Wek9Ig1p6CRCHuINwW']
Bing Crosby	Ken Darby Singers	1	['4so0Wek9Ig1p6CRCHuINwW']
John Scott Trotter & His Orchestra	Ken Darby Singers	1	['4so0Wek9Ig1p6CRCHuINwW']
Andrelli	Hearts & Colors	1	['04CttTezSnv71USiiG9mIo']
Alicia Keys	Eminem	1	['2rozzUGTRWqhTa2NzJAl8I']
Coldplay	The Chainsmokers	1	['6RUKPb4LETWmmr3iAEQktW']
21 Savage	Cardi B	1	['75FDPwaULRdYDn4StFN2rT']
Liam Payne	Quavo	1	['6EpRaXYhGOB3fj4V2uDkMJ']
Bipolar Sunshine	DJ Snake	1	['4OZEu0Vwq0RB2LAq14v99n']
Gucci Mane	Selena Gomez	1	['0XLOf9LhyazPX9Ld8jPiUq']
Illy	Vera Blue	1	['6vXHaWpqkbuvzIDvR3LnKd']
Eminem	X Ambassadors	1	['5p9ufaI7TwrlXtmiKCz3q3']
Ed Sheeran	Rudimental	1	['0vbbhcA6okLzvsy6WSTlLg']
ROZES	The Chainsmokers	1	['6O6M7pJLABmfBRoGZMu76Y']
Clara Mae	KREAM	1	['26hcyzSE154xMZCbFdtInA']
Camila Cabello	Major Lazer	1	['3Ytr1SUCUi6J3L9dRFx5iH']
Camila Cabello	Travis Scott	1	['3Ytr1SUCUi6J3L9dRFx5iH']
Major Lazer	Quavo	1	['3Ytr1SUCUi6J3L9dRFx5iH']
Major Lazer	Travis Scott	1	['3Ytr1SUCUi6J3L9dRFx5iH']
KAYTRANADA	Nick Murphy	1	['7JzXmXuqPRJNClCdOAE1Ah']
Post Malone	Quavo	1	['3a1lNhkSLSkpJE4MSHpDu9']
Ella Eyre	Sigala	1	['3kGfazcbVvVkuZunzlLgTD']
Bebe Rexha	G-Eazy	1	['40YcuQysJ0KlGQTeGUosTC']
Sam Smith	Yebba	1	['5ZX1X9Rl4zbx1Wwyn3idVD']
Avicii	Rita Ora	1	['2OALaHcDdKkjYEpAr0Qzab']
Kendrick Lamar	Zacari	1	['6PGoSes0D9eUDeeAafB2As']
Lil Wayne	Nathaniel Alford	1	['270aLuFCbX32hhBr8MQyPM']
Lil Wayne	Twice As Nice	1	['270aLuFCbX32hhBr8MQyPM']
Nathaniel Alford	The-Dream	1	['270aLuFCbX32hhBr8MQyPM']
Nathaniel Alford	Twice As Nice	1	['270aLuFCbX32hhBr8MQyPM']
Nathaniel Alford	Ty Dolla $ign	1	['270aLuFCbX32hhBr8MQyPM']
The-Dream	Twice As Nice	1	['270aLuFCbX32hhBr8MQyPM']
Twice As Nice	Ty Dolla $ign	1	['270aLuFCbX32hhBr8MQyPM']
Jasmine Thompson	Skizzy Mars	1	['40UroIGvsMPLPBYwH8rMNA']
Jasmine Thompson	Vice	1	['40UroIGvsMPLPBYwH8rMNA']
Skizzy Mars	Vice	1	['40UroIGvsMPLPBYwH8rMNA']
Quintino	R3HAB	1	['3gfmFoJgmn9LiIj5mV8oSS']
David Guetta	Jamie Scott	1	['0OlnLZY4cmQzT6ZGttvWBM']
David Guetta	Martin Garrix	1	['0OlnLZY4cmQzT6ZGttvWBM']
David Guetta	Romy Dya	1	['0OlnLZY4cmQzT6ZGttvWBM']
Jamie Scott	Martin Garrix	1	['0OlnLZY4cmQzT6ZGttvWBM']
Jamie Scott	Romy Dya	1	['0OlnLZY4cmQzT6ZGttvWBM']
Martin Garrix	Romy Dya	1	['0OlnLZY4cmQzT6ZGttvWBM']
Eminem	Pink	1	['4hGZxsGcFnuCJXn25EWj5j']
Logan Paul	Why Don't We	1	['51w95jAPQDOWN3M7xopWWh']
Zay Hilfigerrr	Zayion McCall	1	['1lItf5ZXJc1by9SbPeljFd']
Jonas Blue	RAYE	1	['1D3ODoXHBLpdxolZRHWV1j']
Naomi Wild	ODESZA	1	['7KT7VGnPU5QVXN3q1BOeqb']
J. Davi$	Rob $tone	1	['5uDASfU19gDxSjW8cnCaBp']
J. Davi$	Spooks	1	['5uDASfU19gDxSjW8cnCaBp']
Rob $tone	Spooks	1	['5uDASfU19gDxSjW8cnCaBp']
Idina Menzel	Michael Bublé	1	['0Ie5uiv54KgCr7P4sYDTHl']
Fifth Harmony	Ty Dolla $ign	1	['4tCtwWceOPWzenK2HAIJSb']
Flume	Vince Staples	1	['4lxy9f7o28AEttUFHXwe9P']
KUČKA	Vince Staples	1	['4lxy9f7o28AEttUFHXwe9P']
JAY-Z	Linkin Park	1	['5sNESr6pQfIhL3krM8CtZn']
Camila Cabello	Young Thug	1	['0ofbQMrRDsUaVKq2mGLEAb']
Beyoncé	Ed Sheeran	1	['1bhUWB0zJMIKr9yVPrkEuI']
Kendrick Lamar	The Weeknd	1	['4h90qkbnW1Qq6pBhoPvwko']
Golden Features	Julia Stone	1	['6rKmnzp0nUpHvjLK7FXSnP']
Antony & Cleopatra	Motez	1	['5NQBZ9RAdV5Q6N7ORTI3RX']
Kygo	The Night Game	1	['2UxfcZJCphbEkfbZ6nLiDx']
Julia Michaels	Maroon 5	1	['2uSLx5uwRIhiA3sJJraNqX']
Macklemore & Ryan Lewis	Mary Lambert	1	['01uqI4H13Gsd8Lyl1EYd8H']
Kesha	Macklemore	1	['2Za1AlJNvksouPPWbXpR2X']
Cardi B	Migos	1	['1YZfcVLbbJwfizR5cDOp3q']
Cardi B	Nicki Minaj	1	['1YZfcVLbbJwfizR5cDOp3q']
Migos	Nicki Minaj	1	['1YZfcVLbbJwfizR5cDOp3q']
Dyo	NEIKED	1	['3AsAuGTaDQzavZZThyYlop']
Cash Cash	Digital Farm Animals	1	['3UDXkdQquqCEAJdNAsA1wO']
Cash Cash	Nelly	1	['3UDXkdQquqCEAJdNAsA1wO']
Digital Farm Animals	Nelly	1	['3UDXkdQquqCEAJdNAsA1wO']
MØ	Snakehips	1	['0Zx8khUcEfCFK2AEoIhC92']
Illy	Jenna McDougall	1	['7y9tY47ksjYD5jqffGahf7']
Becky Hill	Matoma	1	['7gZQfdEQpmwAoPHSbEHzms']
B. Swanson Quartet	Frank Sinatra	1	['7inXu0Eaeg02VsM8kHNvzM']
Taylor Swift	ZAYN	1	['3NdDpSvN911VPGivFlV5d0']
Olivia O'Brien	gnash	1	['7vRriwrloYVaoAe3a9wJHe']
Major Lazer	Nicki Minaj	1	['0fg8CqpjdojMyXLNzM2PaJ']
Major Lazer	PARTYNEXTDOOR	1	['0fg8CqpjdojMyXLNzM2PaJ']
Nicki Minaj	PARTYNEXTDOOR	1	['0fg8CqpjdojMyXLNzM2PaJ']
Fetty Wap	Mark Morrison	1	['7aV2mflaASUmGhCErm7kBO']
Fetty Wap	Nevada	1	['7aV2mflaASUmGhCErm7kBO']
Mark Morrison	Nevada	1	['7aV2mflaASUmGhCErm7kBO']
Camila Cabello	Machine Gun Kelly	1	['1PSBzsahR2AKwLJgx8ehBj']
JP Cooper	Jonas Blue	1	['1CUVN2kn7mW5FjkqXTR2W1']
John Williams	Traditional	1	['7FOJKfiyl1tegmYRqs7AuZ']
Bryson Tiller	DJ Khaled	1	['1OAh8uOEOvTDqkKFsKksCi']
Bryson Tiller	Rihanna	1	['1OAh8uOEOvTDqkKFsKksCi']
DJ Khaled	Rihanna	1	['1OAh8uOEOvTDqkKFsKksCi']
CMC$	DVBBS	1	['042x9bsUBWW2fJgJ6fUh61']
CMC$	Gia Koka	1	['042x9bsUBWW2fJgJ6fUh61']
DVBBS	Gia Koka	1	['042x9bsUBWW2fJgJ6fUh61']
Dua Lipa	Martin Garrix	1	['3ebXMykcMXOcLeJ9xZ17XH']
Daya	The Chainsmokers	1	['0QsvXIfqM0zZoerQfsI9lm']
Allday	Japanese Wallpaper	1	['3E1qdST8ADUCxOrodCeOWF']
PARTYNEXTDOOR	ZAYN	1	['000xQL6tZNLJzIrtIgxqSl']
Ryan Riback	Starley	1	['78rIJddV4X0HkNAInEcYde']
Jon Bellion	Vice	1	['5pvVAwQbuFoR7LkcicrKnk']
Eminem	Nate Dogg	1	['6yr8GiTHWvFfi4o6Q5ebdT']
Michael Bublé	The Puppini Sisters	1	['4qBejt9FeqLI9blHI1Nq1x']
BTS	Desiigner	1	['7Ed6BkggCS2KaKY5YlINaF']
BTS	Steve Aoki	1	['7Ed6BkggCS2KaKY5YlINaF']
Desiigner	Steve Aoki	1	['7Ed6BkggCS2KaKY5YlINaF']
Cashmere Cat	Selena Gomez	1	['2wDjpPW3HZdA9quPPmZAMu']
Cashmere Cat	Tory Lanez	1	['2wDjpPW3HZdA9quPPmZAMu']
Selena Gomez	Tory Lanez	1	['2wDjpPW3HZdA9quPPmZAMu']
N.E.R.D	Pharrell Williams	1	['4PpuH4mxL0rD35mOWaLoKS']
Pharrell Williams	Rihanna	1	['4PpuH4mxL0rD35mOWaLoKS']
Jamie Foxx	Kanye West	1	['5XJJdNPkwmbUwE79gv0NxK']
French Montana	Jason Derulo	1	['2z4pcBLQXF2BXKFvd0BuB6']
JAY-Z	Kanye West	1	['2KpCpk6HjXXLb7nnXoXA5O']
Ne-Yo	Pitbull	1	['2bJvI42r8EF3wxjOuDav4r']
Drake	Sampha	1	['2fkeWbM6iqTw7oGHTYm2lw']
NOTD	Stanaj	1	['3SGWp9fJCzgK0WcpcKSQdy']
Demi Lovato	Luis Fonsi	1	['1zsG4eaZmkA1dvjDDsAGLK']
Black Coffee	Drake	1	['7y6c07pgjZvtHI9kuMVqk1']
Black Coffee	Jorja Smith	1	['7y6c07pgjZvtHI9kuMVqk1']
Drake	Jorja Smith	1	['7y6c07pgjZvtHI9kuMVqk1']
Avicii	Sandro Cavazza	1	['6WbADFqMvR8N5u0BvtsWQE']
A$AP Rocky	Famous Dex	1	['3ncgNpxLoBQ65ABk4djDyd']
Clean Bandit	Jess Glynne	1	['6o4BYWzrQvfaFmQhm8Zq2v']
Eminem	Phresher	1	['2MdMjF20umbTe4y2FgdnG8']
Future	Maroon 5	1	['5NNlUMcOEOdoOIwwaWXv0k']
P!nk	Sia	1	['7pYFPMeK0TnaTGdS6qOtEr']
P!nk	Stargate	1	['7pYFPMeK0TnaTGdS6qOtEr']
Sia	Stargate	1	['7pYFPMeK0TnaTGdS6qOtEr']
Jason Derulo	Nicki Minaj	1	['6kex4EBAj0WHXDKZMEJaaF']
Jason Derulo	Ty Dolla $ign	1	['6kex4EBAj0WHXDKZMEJaaF']
Nicki Minaj	Ty Dolla $ign	1	['6kex4EBAj0WHXDKZMEJaaF']
Drake	Lil Wayne	1	['7KcGEssn7BnJdTgildK5y0']
Drake	Nicki Minaj	1	['7KcGEssn7BnJdTgildK5y0']
Lil Wayne	Nicki Minaj	1	['7KcGEssn7BnJdTgildK5y0']
Gucci Mane	blackbear	1	['53mrVsi49rLHIaKBiSvElG']
Lil Jon	Ludacris	1	['0XUfyU2QviPAs6bxSpXYG4']
Lil Jon	Usher	1	['0XUfyU2QviPAs6bxSpXYG4']
Ludacris	Usher	1	['0XUfyU2QviPAs6bxSpXYG4']
Martin Garrix	Troye Sivan	1	['6jA8HL9i4QGzsj6fjoxp8Y']
John Lennon	The Harlem Community Choir	1	['3zJw3rugfpVrmBeDDnUYzy']
John Lennon	The Plastic Ono Band	1	['3zJw3rugfpVrmBeDDnUYzy']
John Lennon	Yoko Ono	1	['3zJw3rugfpVrmBeDDnUYzy']
The Harlem Community Choir	The Plastic Ono Band	1	['3zJw3rugfpVrmBeDDnUYzy']
The Harlem Community Choir	Yoko Ono	1	['3zJw3rugfpVrmBeDDnUYzy']
The Plastic Ono Band	Yoko Ono	1	['3zJw3rugfpVrmBeDDnUYzy']
Bebe Rexha	Digital Farm Animals	1	['7F9vK8hNFMml4GtHsaXui6']
Bebe Rexha	Louis Tomlinson	1	['7F9vK8hNFMml4GtHsaXui6']
Digital Farm Animals	Louis Tomlinson	1	['7F9vK8hNFMml4GtHsaXui6']
AlunaGeorge	Peking Duk	1	['0lvXfUug5YmOHOyHgXufqF']
Emily Warren	FRENSHIP	1	['2XMTqoHHSH0lvuXrvIEdco']
Linkin Park	Pusha T	1	['650OeHTLxZAQmb4aEbGmaA']
Linkin Park	Stormzy	1	['650OeHTLxZAQmb4aEbGmaA']
Pusha T	Stormzy	1	['650OeHTLxZAQmb4aEbGmaA']
Alessia Cara	Khalid	1	['5tz69p7tJuGPeMGwNTxYuV']
Alessia Cara	Logic	1	['5tz69p7tJuGPeMGwNTxYuV']
Khalid	Logic	1	['5tz69p7tJuGPeMGwNTxYuV']
Rik Rok	Shaggy	1	['1lzr43nnXAijIGYnCT8M8H']
James Arthur	Rudimental	1	['6SUocL0caib4mLHe8ZrZzi']
Ty Dolla $ign	Zara Larsson	1	['54LGxQGf5LPXNGjtzDZ5IE']
Mike Posner	Seeb	1	['17Fd6Yb7mSbinKG8LoWfFl']
Anna of the North	Rex Orange County	1	['5WNYg3usc6H8N3MBEp4zVk']
Anna of the North	Tyler, The Creator	1	['5WNYg3usc6H8N3MBEp4zVk']
Rex Orange County	Tyler, The Creator	1	['5WNYg3usc6H8N3MBEp4zVk']
Anne-Marie	Joey Bada$$	1	['3nodtPfXcok53E8Uze8gvD']
Anne-Marie	Snakehips	1	['3nodtPfXcok53E8Uze8gvD']
Joey Bada$$	Snakehips	1	['3nodtPfXcok53E8Uze8gvD']
Bliss n Eso	Gavin James	1	['6SlJooJullmwjBsrnRNROA']
Charli XCX	Lil Yachty	1	['0y8Wf6ltWpGCpgqVa21QNX']
Clean Bandit	Julia Michaels	1	['2xmrfQpmS2iJExTlklLoAL']
Lil Uzi Vert	Nicki Minaj	1	['6GNifiuBPrKFpwNBYnooFm']
Nicki Minaj	Oh Wonder	1	['6GNifiuBPrKFpwNBYnooFm']
Anne-Marie	Clean Bandit	1	['5knuzwU65gJK7IF5yJsuaW']
Anne-Marie	Sean Paul	1	['5knuzwU65gJK7IF5yJsuaW']
Clean Bandit	Sean Paul	1	['5knuzwU65gJK7IF5yJsuaW']
Alan Walker	Digital Farm Animals	1	['5yFSF6qQA1rcLsQRnBsZgb']
Alan Walker	Juliander	1	['5yFSF6qQA1rcLsQRnBsZgb']
Alan Walker	Noah Cyrus	1	['5yFSF6qQA1rcLsQRnBsZgb']
Digital Farm Animals	Juliander	1	['5yFSF6qQA1rcLsQRnBsZgb']
Digital Farm Animals	Noah Cyrus	1	['5yFSF6qQA1rcLsQRnBsZgb']
Juliander	Noah Cyrus	1	['5yFSF6qQA1rcLsQRnBsZgb']
Kendrick Lamar	Sia	1	['7xHWNBFm6ObGEQPaUxHuKO']
Alessia Cara	Zedd	1	['0dA2Mk56wEzDgegdC6R17g']
David Guetta	Justin Bieber	1	['3A7qX2QjDlPnazUsRk5y0M']
Ed Sheeran	Eminem	1	['5UEnHoDYpsxlfzWLZIc7LD']
Diplo	Sleepy Tom	1	['1Wuwsq0BK4Abd7gRitOhXl']
Halsey	The Chainsmokers	1	['7BKLCZ1jbUBVqRi2FVlTVw']
Chance the Rapper	Knox Fortune	1	['60xaS8mYBKUW4VQQ666N0T']
Felix Jaehn	OMI	1	['7vFoFDWqTX0mHzLfrF1Cfy']
Chris Crone	SJUR	1	['2jfCy43LsFbCQoB6HyetlY']
CVBZ	Cheat Codes	1	['5uu28fUesZMl89lf9CLrgN']
CVBZ	Fetty Wap	1	['5uu28fUesZMl89lf9CLrgN']
Cheat Codes	Fetty Wap	1	['5uu28fUesZMl89lf9CLrgN']
Gucci Mane	Rae Sremmurd	1	['6fujklziTHa8uoM5OQSfIo']
Kali Uchis	Tyler, The Creator	1	['7KA4W4McWYRpgf0fWsJZWB']
Ariana Grande	Nicki Minaj	1	['4pLwZjInHj3SimIyN9SnOz']
Bebe Rexha	Florida Georgia Line	1	['7iDa6hUg2VgEL1o1HjmfBn']
CADE	Dastic	1	['4XDpZleldkujOhnwNvgoMX']
Travis Scott	Young Thug	1	['20dP2DaMHIAmwWAbp7peSr']
Calvin Harris	Rihanna	1	['0azC730Exh71aQlOt9Zj3y']
2 Chainz	Drake	1	['0xl1w2q4VLojeXp4JfazPL']
2 Chainz	Young Thug	1	['0xl1w2q4VLojeXp4JfazPL']
Trippie Redd	XXXTENTACION	1	['7AQim7LbvFVZJE3O8TYgf2']
Calvin Harris	SZA	1	['0P6AWOA4LG1XOctzaVu5tt']
Phoebe Ryan	The Chainsmokers	1	['2rizacJSyD9S1IQUxUxnsK']
Calvin Harris	Nicki Minaj	1	['7iDxZ5Cd0Yg08d4fI5WVtG']
Louis Tomlinson	Steve Aoki	1	['3EmmCZoqpWOTY1g2GBwJoR']
Poo Bear	Skrillex	1	['57p8CBvPOxrvyCbn6ttl5r']
Bebe Rexha	Ty Dolla $ign	1	['4ZJPwET9Jrgpkqi4Vo3Yg8']
Diplo	MØ	1	['68m6iwhKElLTBaGRG1LLwE']
Kiiara	Linkin Park	1	['104buTcnP2AsxqB7U1FIZ4']
Justin Bieber	Post Malone	1	['0H8XeaJunhvpBdBFIYi6Sh']
G-Eazy	Marc E. Bassy	1	['1Bqxj0aH5KewYHKUg1IdrF']
Icona Pop	Peking Duk	1	['2MK8xQVIFA81r32V4E1MkT']
Mimoza	Tyron Hapi	1	['77ngtwBosDuAwiQu8afOOQ']
A$AP Rocky	The Weeknd	1	['7F1LWA9sIlTorHUo4amGqk']
A$AP Rocky	Young Thug	1	['7F1LWA9sIlTorHUo4amGqk']
The Weeknd	Young Thug	1	['7F1LWA9sIlTorHUo4amGqk']
Eminem	P!nk	1	['3OEer2dQj1eWhSqxatGiru']
Skrillex	THEY.	1	['2HJQcyUpmUuvzS5vBAICIc']
Skrillex	ZHU	1	['2HJQcyUpmUuvzS5vBAICIc']
THEY.	ZHU	1	['2HJQcyUpmUuvzS5vBAICIc']
Fuse ODG	Major Lazer	1	['0L7loeTIg6akW84aEQZpCT']
Fuse ODG	Nyla	1	['0L7loeTIg6akW84aEQZpCT']
Major Lazer	Nyla	1	['0L7loeTIg6akW84aEQZpCT']
Nause	Pretty Sister	1	['2Ae5awwKvQpTBKQHr1TYCg']
Michael Bublé	Shania Twain	1	['2gbCG4Rt9984UZ7Tc0dIFd']
Daddy Yankee	Justin Bieber	1	['5CtI0qwDJkDQGwXD1H1cLb']
Justin Bieber	Luis Fonsi	1	['5CtI0qwDJkDQGwXD1H1cLb']
Cheat Codes	Kris Kross Amsterdam	1	['5DA77EqppDmCTWGovd4oTP']
Dakota	Jonas Blue	1	['6OZh916QF8XNunWaP97WEZ']
Eminem	Skylar Grey	1	['107CfwBqfICzcKur8k7UCA']
Sia	ZAYN	1	['1j4kHkkpqZRBwE0A4CN4Yv']
Cookin' On 3 Burners	Kungs	1	['0tICYNayWWhH9GPeFrfjfD']
Mike WiLL Made-It	Nicki Minaj	1	['3y9cCbnBn0zjkJa2YkOj70']
Clean Bandit	Zara Larsson	1	['1x5sYLZiu9r5E43kMlt9f8']
Imagine Dragons	Lil Wayne	1	['4dASQiO1Eoo3RJvt74FtXB']
Imagine Dragons	Logic	1	['4dASQiO1Eoo3RJvt74FtXB']
Imagine Dragons	Ty Dolla $ign	1	['4dASQiO1Eoo3RJvt74FtXB']
Imagine Dragons	Wiz Khalifa	1	['4dASQiO1Eoo3RJvt74FtXB']
Imagine Dragons	X Ambassadors	1	['4dASQiO1Eoo3RJvt74FtXB']
Lil Wayne	Logic	1	['4dASQiO1Eoo3RJvt74FtXB']
Lil Wayne	Wiz Khalifa	1	['4dASQiO1Eoo3RJvt74FtXB']
Lil Wayne	X Ambassadors	1	['4dASQiO1Eoo3RJvt74FtXB']
Logic	Ty Dolla $ign	1	['4dASQiO1Eoo3RJvt74FtXB']
Logic	Wiz Khalifa	1	['4dASQiO1Eoo3RJvt74FtXB']
Logic	X Ambassadors	1	['4dASQiO1Eoo3RJvt74FtXB']
Ty Dolla $ign	Wiz Khalifa	1	['4dASQiO1Eoo3RJvt74FtXB']
Ty Dolla $ign	X Ambassadors	1	['4dASQiO1Eoo3RJvt74FtXB']
Wiz Khalifa	X Ambassadors	1	['4dASQiO1Eoo3RJvt74FtXB']
99 Percent	Flo Rida	1	['6t2ubAB4iSYOuIpRAOGd4t']
Future	Rihanna	1	['2Ce5IyMlVRVvN997ZJjJJA']
Nicole Millar	Peking Duk	1	['48ByhmhBjgyWIRzdHDuQMD']
Larry Walsh	Mark Linett	1	['5xlS0QkVrSH7ssEbBgBzbM']
Larry Walsh	Sweet	1	['5xlS0QkVrSH7ssEbBgBzbM']
Larry Walsh	The Beach Boys	1	['5xlS0QkVrSH7ssEbBgBzbM']
Mark Linett	Sweet	1	['5xlS0QkVrSH7ssEbBgBzbM']
Mark Linett	The Beach Boys	1	['5xlS0QkVrSH7ssEbBgBzbM']
Sweet	The Beach Boys	1	['5xlS0QkVrSH7ssEbBgBzbM']
Chance the Rapper	Snakehips	1	['6TaqooOXAEcijL6G1AWS2K']
Chance the Rapper	Tinashe	1	['6TaqooOXAEcijL6G1AWS2K']
Snakehips	Tinashe	1	['6TaqooOXAEcijL6G1AWS2K']
Bahari	Grey	1	['1sl5tSzfK1JrcQIcA8rYDy']
Kendrick Lamar	Rihanna	1	['6SwRhMLwNqEi6alNPVG00n']
Mike Perry	SHY Martin	1	['2CPqh63wRVscbceKcPxwvv']
Cheat Codes	David Guetta	1	['1cG0umU5TKStygKsPFZ9pY']
Cheat Codes	Robin Schulz	1	['1cG0umU5TKStygKsPFZ9pY']
David Guetta	Robin Schulz	1	['1cG0umU5TKStygKsPFZ9pY']
Bliss n Eso	Lee Fields	1	['3jLJRMmwwAJCgx4XoIH4LN']
DJ Snake	Justin Bieber	1	['4pdPtRcBmOSQDlJ3Fk945m']
2 Chainz	Jhené Aiko	1	['6H0AwSQ20mo62jGlPGB8S6']
2 Chainz	Trey Songz	1	['6H0AwSQ20mo62jGlPGB8S6']
2 Chainz	Ty Dolla $ign	1	['6H0AwSQ20mo62jGlPGB8S6']
Jhené Aiko	Trey Songz	1	['6H0AwSQ20mo62jGlPGB8S6']
Jhené Aiko	Ty Dolla $ign	1	['6H0AwSQ20mo62jGlPGB8S6']
Trey Songz	Ty Dolla $ign	1	['6H0AwSQ20mo62jGlPGB8S6']
KYLE	Lil Yachty	1	['2EEeOnHehOozLq4aS0n6SL']
A$AP Rocky	Lana Del Rey	1	['5QqyRUZeBE04yJxsD1OC0I']
A$AP Rocky	Playboi Carti	1	['5QqyRUZeBE04yJxsD1OC0I']
Lana Del Rey	Playboi Carti	1	['5QqyRUZeBE04yJxsD1OC0I']
Diplo	Jack Ü	1	['66hayvUbTotekKU3H4ta1f']
Diplo	Justin Bieber	1	['66hayvUbTotekKU3H4ta1f']
Diplo	Skrillex	1	['66hayvUbTotekKU3H4ta1f']
Jack Ü	Justin Bieber	1	['66hayvUbTotekKU3H4ta1f']
Jack Ü	Skrillex	1	['66hayvUbTotekKU3H4ta1f']
Justin Bieber	Skrillex	1	['66hayvUbTotekKU3H4ta1f']
Anne-Marie	Illy	1	['2bWrml86uwGVvznX8KKtwx']
Big Sean	Eminem	1	['1MksGqIztTT6M9R1ErKVs8']
Bebe Rexha	Martin Garrix	1	['04DwTuZ2VBdJCCC5TROn7L']
Maluma	Shakira	1	['6mICuAdrwEjh6Y6lroV2Kg']
Drake	Kyla	1	['1xznGGDReH1oQq0xzbwXa3']
Drake	WizKid	1	['1xznGGDReH1oQq0xzbwXa3']
Kyla	WizKid	1	['1xznGGDReH1oQq0xzbwXa3']
SLUMBERJACK	Vera Blue	1	['2Y0W9OqExrVea1xEcCgYcS']
Bruno Mars	Mark Ronson	1	['32OlwWuMpZ6b0aN2RZOeMS']
French Montana	Max B	1	['1vVNlXi8gf8tZ7OhnEs4VE']
French Montana	The Weeknd	1	['1vVNlXi8gf8tZ7OhnEs4VE']
Max B	The Weeknd	1	['1vVNlXi8gf8tZ7OhnEs4VE']
Cheat Codes	Demi Lovato	1	['1louJpMmzEicAn7lzDalPW']
Charlie Puth	Selena Gomez	1	['68EMU2RD1ECNeOeJ5qAXCV']
Blackstreet	Queen Pen	1	['6MdqqkQ8sSC0WB4i8PyRuQ']
Dr. Dre	Queen Pen	1	['6MdqqkQ8sSC0WB4i8PyRuQ']
OneRepublic	Seeb	1	['7aF09WaavZAmAWuUeYxlYD']
Ariana Grande	Cashmere Cat	1	['4Q5yMlwAfAoitqg4r9oZHN']
Flume	ILLENIUM	1	['3sBfXJVKKUWyKqEUsrYiNO']
ILLENIUM	Tove Lo	1	['3sBfXJVKKUWyKqEUsrYiNO']
Kygo	Selena Gomez	1	['3eR23VReFzcdmS7TYCrhCe']
SZA	Travis Scott	1	['0q75NwOoFiARAVp4EXU4Bs']
Kendrick Lamar	MC Eiht	1	['439TlnnznSiBbQbgXiBqAd']
Ellie Goulding	Kygo	1	['2Gl0FzuLxflY6nPifJp5Dr']
