position	song_id	song_name	artist	streams	last_week_position	weeks_on_chart	peak_position	position_status
1	6uFsE1JgZ20EXyU0JQZbUR	Look What You Made Me Do	Taylor Swift	35206453	1	2	1	0
2	2rb5MvYT7ZIxbKW5hfcHx8	Mi Gente	J Balvin	30264888	2	10	1	0
3	2ekn2ttSfGqwhhate0LSR0	New Rules	Dua Lipa	24864297	4	9	3	1
4	7nZmah2llfvLDiUjm0kiyz	Friends (with BloodPop®)	Justin Bieber	23215552	3	3	2	-1
5	5bcTCxgc7xVfSaMV3RuVke	Feels (feat. Pharrell Williams, Katy Perry & Big Sean)	Calvin Harris	21468609	6	11	5	1
6	3B54sVLJ402zGa6Xm4YGNe	Unforgettable	French Montana	21214189	5	9	3	-1
7	25C5CowdsfXld2jJanbiex	Sorry Not Sorry	Demi Lovato	19545702	9	9	7	2
8	0ofbQMrRDsUaVKq2mGLEAb	Havana	Camila Cabello	19138667	13	5	8	5
9	1OAh8uOEOvTDqkKFsKksCi	Wild Thoughts (feat. Rihanna & Bryson Tiller)	DJ Khaled	18911540	7	12	2	-2
10	5tz69p7tJuGPeMGwNTxYuV	1-800-273-8255	Logic	18729025	30	17	10	20
11	7vGuf3Y35N4wmASOKLUVVU	Silence	Marshmello	18035809	19	4	11	8
12	5CtI0qwDJkDQGwXD1H1cLb	Despacito - Remix	Luis Fonsi	17917160	8	19	1	-4
13	7zgqtptZvhf8GEmdsM2vp2	...Ready For It?	Taylor Swift	17583532	nan	1	13	new
14	7GX5flRQZVHRAGd6B4TmDO	XO Tour Llif3	Lil Uzi Vert	17581085	10	2	10	-4
15	4iLqG9SeJSnt0cSPICSjxv	Attention	Charlie Puth	17435402	11	18	6	-4
16	7qiZfU4dY1lWllzX7mPBI3	Shape of You	Ed Sheeran	17124264	12	33	1	-4
17	7F9vK8hNFMml4GtHsaXui6	Back to You (feat. Bebe Rexha & Digital Farm Animals)	Louis Tomlinson	16363008	15	7	15	-2
18	0tKcYR2II1VCQWT79i5NrW	Thunder	Imagine Dragons	16269574	17	16	8	-1
19	3PEgB3fkiojxms35ntsTgs	More Than You Know	Axwell /\ Ingrosso	16053633	18	6	15	-1
20	3A7qX2QjDlPnazUsRk5y0M	2U (feat. Justin Bieber)	David Guetta	15954728	14	12	3	-6
21	6EpRaXYhGOB3fj4V2uDkMJ	Strip That Down	Liam Payne	15718898	16	14	9	-5
22	0NiXXAI876aGImAd6rTj8w	Mama	Jonas Blue	15188739	20	9	12	-2
23	3HVr6jTVwBHBa2flM0eURR	Glorious (feat. Skylar Grey)	Macklemore	14872065	21	9	19	-2
24	79cuOz3SPQTuFrp8WgftAu	There's Nothing Holdin' Me Back	Shawn Mendes	14272314	23	18	5	-1
25	6WbADFqMvR8N5u0BvtsWQE	Without You (feat. Sandro Cavazza)	Avicii	14265876	24	4	21	-1
26	7m9OqQk4RVRkw9JJdeAw96	Jocelyn Flores	XXXTENTACION	14256608	25	2	25	-1
27	5Z3GHaZ6ec9bsiI5BenrbY	Young Dumb & Broke	Khalid	14239169	29	11	27	2
28	5eqK0tbzUPo2SoeZsov04s	Bank Account	21 Savage	13736196	26	9	22	-2
29	4mxWSdf71VFO52qFeY0fZt	What Lovers Do (feat. SZA)	Maroon 5	13652351	nan	1	29	new
30	3DXncPQOG4VBw3QHh3S817	I'm the One (feat. Justin Bieber, Quavo, Chance the Rapper & Lil Wayne)	DJ Khaled	13231298	22	15	2	-8
31	6De0lHrwBfPfrhorm9q1Xl	Me Rehúso	Danny Ocean	13207961	27	27	20	-4
32	1wjzFQodRWrPcQ0AnYnvQ9	I Like Me Better	Lauv	12611724	31	13	29	-1
33	7KXjTSCq5nL1LoYtL7XAwS	HUMBLE.	Kendrick Lamar	12491111	28	21	1	-5
34	2771LMNxwf62FTAdpJMQfM	Bodak Yellow	Cardi B	12451687	35	6	34	1
35	31MkGwj0SWgZaTvEt5Hgxv	What About Us	P!nk	11996582	45	4	35	10
36	0qYTZCo5Bwh1nsUFGZP3zn	Felices los 4	Maluma	11213382	32	18	17	-4
37	3a1lNhkSLSkpJE4MSHpDu9	Congratulations	Post Malone	10830374	33	31	20	-4
38	4c2W3VKsOFoIg2SFaO6DY5	Your Song	Rita Ora	10735670	36	13	29	-2
39	2OALaHcDdKkjYEpAr0Qzab	Lonely Together (feat. Rita Ora)	Avicii	10705326	34	4	34	-5
40	6RUKPb4LETWmmr3iAEQktW	Something Just Like This	The Chainsmokers	10386601	38	27	2	-2
41	6kex4EBAj0WHXDKZMEJaaF	Swalla (feat. Nicki Minaj & Ty Dolla $ign)	Jason Derulo	10295813	37	26	8	-4
42	7AQim7LbvFVZJE3O8TYgf2	Fuck Love (feat. Trippie Redd)	XXXTENTACION	10173349	41	2	41	-1
43	167NczpNbRF7oWakJaY3Hh	Slow Hands	Niall Horan	9986537	42	16	29	-1
44	4aWmUDTfIPGksMNLV2rQP2	Despacito (Featuring Daddy Yankee)	Luis Fonsi	9835914	39	32	4	-5
45	0CcQNd8CINkwQfe1RDtGV6	Believer	Imagine Dragons	9764448	43	28	16	-2
46	1yxgsra98r3qAtxqiGZPiX	BUTTERFLY EFFECT	Travis Scott	9689762	46	14	40	0
47	693iqPOQvhI7PobtR8CC8v	Bonita	J Balvin	9542575	48	13	42	1
48	7MHN1aCFtLXjownGhvEQlF	Una Lady Como Tú	Manuel Turizo	9507534	47	13	38	-1
49	6jA8HL9i4QGzsj6fjoxp8Y	There for You	Martin Garrix	9444875	44	13	18	-5
50	7aF09WaavZAmAWuUeYxlYD	Rich Love (with Seeb)	OneRepublic	9182028	49	8	49	-1
51	2cnKEkpVUSV4wnjQiTWfH6	Escápate Conmigo	Wisin	8695873	51	20	38	0
52	0XLOf9LhyazPX9Ld8jPiUq	Fetish (feat. Gucci Mane)	Selena Gomez	8656706	40	7	16	-12
53	6QgjcU0zLnzq5OrUoSZ3OK	Feel It Still	Portugal. The Man	8450531	55	8	53	2
54	7JNh1cfm0eXjqFVOzKLyau	Mayores	Becky G	7983127	66	6	54	12
55	1NDxZ7cFAo481dtYWdrUnR	Pretty Girl - Cheat Codes X CADE Remix	Maggie Lindemann	7891546	50	21	25	-5
56	152lZdxL1OR0ZMW6KquMif	Location	Khalid	7862008	58	29	34	2
57	1x5sYLZiu9r5E43kMlt9f8	Symphony (feat. Zara Larsson)	Clean Bandit	7492906	56	23	11	-1
58	5XQMr19TL7Mfksq9zihbOu	Questions	Chris Brown	7471959	65	3	58	7
59	3Ytr1SUCUi6J3L9dRFx5iH	Know No Better (feat. Travis Scott, Camila Cabello & Quavo)	Major Lazer	7383655	54	13	31	-5
60	0jdny0dhgjUwoIp5GkqEaA	Praying	Kesha	7196382	57	4	37	-3
61	3GVkPk8mqxz0itaAriG1L7	Everybody Dies In Their Nightmares	XXXTENTACION	7167018	52	2	52	-9
62	57p8CBvPOxrvyCbn6ttl5r	Would You Ever	Skrillex	7066537	61	6	57	-1
63	22eADXu8DfOAUEDw4vU8qy	Ahora Dice	Chris Jeday	7041209	64	20	46	1
64	2eAZfqOm4EnOF9VvN50Tyc	The Way Life Goes (feat. Oh Wonder)	Lil Uzi Vert	6940416	53	2	53	-11
65	0KKkJNfGyhkQ5aFogxQAPU	That's What I Like	Bruno Mars	6939741	59	34	6	-6
66	1louJpMmzEicAn7lzDalPW	No Promises (feat. Demi Lovato)	Cheat Codes	6937445	60	21	24	-6
67	0dA2Mk56wEzDgegdC6R17g	Stay (with Alessia Cara)	Zedd	6861384	62	26	7	-5
68	4z3GJkrtH97Bj6fRta983T	Robarte un Beso	Carlos Vives	6803032	71	5	68	3
69	3zoYkqS4y2BsGVShPL2nTE	Reggaetón Lento (Remix)	CNCO	6602123	87	3	69	18
70	3eR23VReFzcdmS7TYCrhCe	It Ain't Me (with Selena Gomez)	Kygo	6527957	69	26	2	-1
71	3kxfsdsCpFgN412fpnW85Y	Redbone	Childish Gambino	6504426	67	34	35	-4
72	6gBFPUFcJLzWGx4lenP6h2	goosebumps	Travis Scott	6441038	74	34	61	2
73	0q75NwOoFiARAVp4EXU4Bs	Love Galore (feat. Travis Scott)	SZA	6402678	78	12	73	5
74	3rOSwuTsUlJp0Pu0MkN8r8	Mask Off	Future	6338481	70	27	5	-4
75	0XfOi87h82i09rQjWYG0Bm	Instruction (feat. Demi Lovato & Stefflon Don)	Jax Jones	6330917	77	7	75	2
76	5zSOVwaY3sVjnmLhuEfsuf	Tú Foto	Ozuna	6323933	73	2	73	-3
77	1HTtUBEY3tuw2btgwwI2Ja	I Get The Bag (feat. Migos)	Gucci Mane	6298698	89	3	77	12
78	0afhq8XCExXpqazXczTSve	Galway Girl	Ed Sheeran	6257432	72	25	2	-6
79	3rgjBiAMVGnxmsTDmUy8vb	Krippy Kush	Farruko	6214391	79	4	79	0
80	5uCax9HTNlzGybIStD3vDh	Say You Won't Let Go	James Arthur	6213887	81	34	7	1
81	209gZgcfLq2aUuu51vOWBl	Hey DJ	CNCO	5997823	76	18	52	-5
82	6eUncuJutsFi9BGO1JaBHh	If I'm Lucky	Jason Derulo	5984377	nan	1	82	new
83	4xBjsLUSjcx2h7PcRikpQp	OMG	Camila Cabello	5983334	90	5	83	7
84	3VClLWqNn80Llv0PJOsKgr	Báilame - Remix	Nacho	5941527	107	3	84	23
85	6HZILIRieu8S0iqY8kIKhj	DNA.	Kendrick Lamar	5932890	85	19	3	0
86	1e1JKLEDKP7hEQzJfNAgPl	Magnolia	Playboi Carti	5829618	84	16	59	-2
87	3bWAqKDWg6u1davspr5IkS	OK	Robin Schulz	5772913	80	14	55	-7
88	1CKd1PnqfYx0H12V9MSaIY	Get Low (with Liam Payne)	Zedd	5728177	82	9	51	-6
89	5EnYT6F7wEcdege6mDHEfO	Signs	Drake	5702344	86	9	24	-3
90	6SwRhMLwNqEi6alNPVG00n	LOYALTY. FEAT. RIHANNA.	Kendrick Lamar	5683921	91	19	8	1
91	0xG0SHshCStMEyNbNC5d4k	Issues	Julia Michaels	5584613	100	5	81	9
92	3NdDpSvN911VPGivFlV5d0	"I Don’t Wanna Live Forever (Fifty Shades Darker) - From ""Fifty Shades Darker (Original Motion Picture Soundtrack)"""	ZAYN	5570290	101	34	2	9
93	7BKLCZ1jbUBVqRi2FVlTVw	Closer	The Chainsmokers	5558826	96	34	2	3
94	7tr2za8SQg2CI8EDgrdtNl	Slide (feat. Frank Ocean & Migos)	Calvin Harris	5420463	95	24	13	1
95	40oKW22ZNNkEdZLJTScaQI	Roll In Peace (feat. XXXTENTACION)	Kodak Black	5399787	114	3	95	19
96	1SJtlNRJDeYHioymcvsqev	Crying in the Club	Camila Cabello	5327006	93	14	33	-3
97	2kVHAQKVtczchKctctzbtK	Swish Swish	Katy Perry	5264884	102	14	41	5
98	6c7D34787LOtPm8tzhsLgH	Rake It Up	Yo Gotti	5207912	116	6	98	18
99	5TXDeTFVRVY7Cvt0Dw4vWW	Revenge	XXXTENTACION	5172888	63	2	63	-36
100	1sCxVKWImDZSZKvG0U9B23	Bad Liar	Selena Gomez	5160121	97	14	6	-3
101	2mfUa8bLs2s5N4VaqJZ4lZ	Most Girls	Hailee Steinfeld	5093642	99	17	54	-2
102	20H2Hd5AkUcRjB4yL3UQtJ	Down	Fifth Harmony	5086767	68	2	68	-34
103	7hDc8b7IXETo14hHIHdnhd	Passionfruit	Drake	5079626	105	23	2	2
104	0tgVpDi06FyKpA1z0VMD4v	Perfect	Ed Sheeran	5043152	106	25	7	2
105	2habSXqcJGExM6JJyskY7O	Malibu	Miley Cyrus	5042470	98	15	7	-7
106	0ERbK7qVqveCaBWIiYCrl3	Bella y Sensual	Romeo Santos	4985674	117	6	106	11
107	5aAx2yezTd8zXrkmtKl66Z	Starboy	The Weeknd	4940105	112	34	1	5
108	6p8NuHm8uCGnn2Dtbtf7zE	Slippery (feat. Gucci Mane)	Migos	4915963	109	21	71	1
109	4okba5wu9mMLXx79DXLKi3	La Rompe Corazones	Daddy Yankee	4862841	108	29	73	-1
110	6H0AwSQ20mo62jGlPGB8S6	It's A Vibe	2 Chainz	4846845	110	12	106	0
111	6fxVffaTuwjgEk5h9QyRjy	Photograph	Ed Sheeran	4819058	118	34	41	7
112	1xznGGDReH1oQq0xzbwXa3	One Dance	Drake	4757646	115	34	12	3
113	5EId1m4DNwTf3at31w8bPJ	El Farsante	Ozuna	4696873	141	2	113	28
114	4qknM1pQz53QOyfDVTjcM9	Me Enamoré	Shakira	4660153	111	19	71	-3
115	1m69ELEgE6k5ZWsap40ozt	Se Preparó	Ozuna	4630735	150	2	115	35
116	5GXAXm5YOmYT0kL5jHvYBt	I Feel It Coming	The Weeknd	4601226	123	34	9	7
117	7mldq42yDuxiUNn08nvzHO	Body Like A Back Road	Sam Hunt	4582367	119	29	62	2
118	3ebXMykcMXOcLeJ9xZ17XH	Scared to Be Lonely	Martin Garrix	4562548	122	30	5	4
119	5knuzwU65gJK7IF5yJsuaW	Rockabye (feat. Sean Paul & Anne-Marie)	Clean Bandit	4531559	120	34	3	1
120	7nKBxz47S9SD79N086fuhn	SUBEME LA RADIO	Enrique Iglesias	4451074	104	26	28	-16
121	7ofxPmTNMj2GP07g1VZa0O	Que Va	Alex Sensation	4437415	183	2	121	62
122	3kGfazcbVvVkuZunzlLgTD	Came Here for Love	Sigala	4421974	113	13	78	-9
123	74ODGXs4byLTRdnKGM4s6E	Super Far	LANY	4397867	139	8	115	16
124	5Ohxk2dO5COHF1krpoPigN	Sign of the Times	Harry Styles	4392903	130	20	14	6
125	3umS4y3uQDkqekNjVpiRUs	El Amante	Nicky Jam	4376760	124	31	32	-1
126	3QwBODjSEzelZyVjxPOHdq	Otra vez (feat. J Balvin)	Zion & Lennox	4322950	136	34	50	10
127	6qDF4wWL49CAVbgT7yuHl8	Sigo Extrañándote	J Balvin	4306169	134	25	72	7
128	6HUnnBwYZqcED1eQztxMBN	Solo Dance	Martin Jensen	4297799	128	34	25	0
129	1uL78kFWxhz3umTMWJu8n5	Sauce It Up	Lil Uzi Vert	4267903	83	2	83	-46
130	7i2DJ88J7jQ8K7zqFX2fW8	Now Or Never	Halsey	4266895	127	10	34	-3
131	6PGoSes0D9eUDeeAafB2As	LOVE. FEAT. ZACARI.	Kendrick Lamar	4245373	138	19	14	7
132	3ibRxEv4KkcU9e259eyNJA	Sua cara (feat. Anitta & Pabllo Vittar)	Major Lazer	4221121	135	6	104	3
133	6PCUP3dWmTjcTtXY02oFdT	Castle on the Hill	Ed Sheeran	4207295	131	33	2	-2
134	2H3wWrnO758y0fPH7Ilerg	Depression & Obsession	XXXTENTACION	4188233	75	2	75	-59
135	5tRmoZRoupvMYPV1oezFrH	X	Lil Uzi Vert	4178369	103	2	103	-32
136	5q2JbCNi4FcnglgPfxcV65	Sola (Remix) [feat. Daddy Yankee, Wisin, Farruko, Zion & Lennox]	Anuel AA	4155934	145	30	91	9
137	2EEeOnHehOozLq4aS0n6SL	iSpy (feat. Lil Yachty)	KYLE	4152701	140	34	21	3
138	4ARPvK8DHLwt4oX65ZAFMw	Look At Me!	XXXTENTACION	4139852	151	25	70	13
139	3GPI7hYiqD6enLRobhkBm8	Summer Air	ItaloBrothers	4112222	132	13	99	-7
140	4N1c5rmWOzRmB9SMacr5wB	Loco Enamorado	Abraham Mateo	4101269	161	5	140	21
141	4yN6xPLopmTLvc27pO9LIE	Si Tú La Ves (feat. Wisin)	Nicky Jam	4100970	148	17	117	7
142	1Slwb6dOYkBlWal1PGtnNg	Thinking out Loud	Ed Sheeran	4090618	156	34	58	14
143	53mrVsi49rLHIaKBiSvElG	do re mi (feat. Gucci Mane)	blackbear	4080708	143	5	139	0
144	61HHDBLqF3AmSvLfHKNGd2	Ahora Me Llama	KAROL G	4018696	165	5	144	21
145	2Gl0FzuLxflY6nPifJp5Dr	First Time	Kygo	4011232	125	17	19	-20
146	72jbDTw1piOOj770jWNeaG	Paris	The Chainsmokers	3989577	152	32	2	6
147	2yZax79pOrYuyIFVW2cZY2	Carry On	XXXTENTACION	3972666	92	2	92	-55
148	2nYwV62UABTH0NanrwVIdQ	Perplexing Pegasus	Rae Sremmurd	3971215	144	5	84	-4
149	6mICuAdrwEjh6Y6lroV2Kg	Chantaje (feat. Maluma)	Shakira	3971057	149	34	13	0
150	4Km5HrUvYTaSUfiSGPJeQR	Bad and Boujee (feat. Lil Uzi Vert)	Migos	3926386	147	34	9	-3
151	68EMU2RD1ECNeOeJ5qAXCV	We Don't Talk Anymore	Charlie Puth	3913621	153	34	41	2
152	4pdPtRcBmOSQDlJ3Fk945m	Let Me Love You	DJ Snake	3876817	157	34	4	5
153	0QsvXIfqM0zZoerQfsI9lm	Don't Let Me Down	The Chainsmokers	3875468	159	34	25	6
154	13X0XdLMOdtbXVtAj2ox4h	Besándote	Piso 21	3872988	163	14	126	9
155	4Hf7WnR761jpxPr5D46Bcd	Treat You Better	Shawn Mendes	3849270	154	34	26	-1
156	1Sl3njkhhz8nrSPZroDQ82	Complicated (feat. Kiiara)	Dimitri Vegas & Like Mike	3827822	166	6	134	10
157	5hEM0JchdVzQ5PwvSfITeX	Me Llamas (feat. Maluma) - Remix	Piso 21	3820782	167	34	87	10
158	6Q2FftbUG530lCtBI74bMH	Drowning (feat. Kodak Black)	A Boogie Wit da Hoodie	3809155	162	18	94	4
159	2QWP8NYYplOqEFBYGCcq0S	Rain	The Script	3801890	nan	1	159	new
160	6875MeXyCW0wLyT72Eetmo	Starving	Hailee Steinfeld	3765932	169	2	160	9
161	2UwbhMie1EAYuTZ0QXeMwl	Save Me	XXXTENTACION	3702129	94	2	94	-67
162	2Vdub5mY4lad7w64bFPUez	Hey Ma (with Pitbull & J Balvin feat. Camila Cabello) - Spanish Version	Pitbull	3683581	168	24	62	6
163	1QgTBfRN5m81a5K01qens6	444+222	Lil Uzi Vert	3679297	88	2	88	-75
164	2jYmK1cb3Uya6FFsocdpzO	Why	Sabrina Carpenter	3636653	171	6	150	7
165	6b8Be6ljOzmkOmFslEb23P	24K Magic	Bruno Mars	3583707	164	34	9	-1
166	0RYXEibxMami3QuT8kn4Iz	Marmalade (feat. Lil Yachty)	Macklemore	3581680	158	5	120	-8
167	78rIJddV4X0HkNAInEcYde	Call On Me - Ryan Riback Extended Remix	Starley	3570931	179	34	13	12
168	6JV2JOEocMgcZxYSZelKcc	"CAN'T STOP THE FEELING! (Original Song from DreamWorks Animation's ""TROLLS"")"	Justin Timberlake	3535369	182	34	28	14
169	0ZiRSqlSsDlY0UyDYU9CTE	Unforgettable	Thomas Rhett	3504100	174	3	159	5
170	5yuShbu70mtHXY0yLzCQLQ	Go Flex	Post Malone	3482706	192	9	170	22
171	343YBumqHu19cGoGARUTsd	Fake Love	Drake	3476836	185	34	7	14
172	4pLwZjInHj3SimIyN9SnOz	Side To Side	Ariana Grande	3466313	175	34	18	3
173	0SGkqnVQo9KPytSri1H6cF	Bounce Back	Big Sean	3459882	181	34	21	8
174	7lRsNbdOGykkMAgsqs4R1C	Báilame	Nacho	3450337	172	15	95	-2
175	5RCfvwDewu6p2x1mEI6smX	The Race	Tay-K	3434002	nan	1	175	new
176	3hB5DgAiMAQ4DzYbsMq1IT	Love Yourself	Justin Bieber	3429163	184	34	62	8
177	2RttW7RAu5nOAfq6YFvApB	Happier	Ed Sheeran	3405679	191	25	10	14
178	0Clb9aiXWa0dvVff5aN4VN	Think Before I Talk	Astrid S	3403038	190	2	178	12
179	5Z01UMMf7V1o0MzF86s6WJ	"Lose Yourself - From ""8 Mile"" Soundtrack"	Eminem	3400030	188	25	150	9
180	04DwTuZ2VBdJCCC5TROn7L	In the Name of Love	Martin Garrix	3387701	187	34	16	7
181	3AEZUABDXNtecAOSC1qTfo	Reggaetón Lento (Bailemos)	CNCO	3353781	170	34	33	-11
182	0lMbuWUpfTWhEmOKxppEau	Rollin (feat. Future & Khalid)	Calvin Harris	3353542	177	13	38	-5
183	6eT7xZZlB2mwyzJ2sUKG6w	White Iverson	Post Malone	3292535	nan	27	163	re-enter
184	4TZy1wLyHec06pwgFYDh1a	Mercy	Shawn Mendes	3273453	194	34	22	10
185	00lNx0OcTJrS3MKHcB80HY	You Don't Know Me - Radio Edit	Jax Jones	3264703	186	29	17	1
186	6kig1UFggPUyZBCvXD3Wod	No Complaints	Metro Boomin	3260284	197	11	91	11
187	7KOlJ92bu51cltsD9KU5I7	T-Shirt	Migos	3229755	196	32	38	9
188	6DNtNfH8hXkqOX1sjqmI7p	Cold Water (feat. Justin Bieber & MØ)	Major Lazer	3193225	198	34	14	10
189	6mORGLOz79w6VsCRLWYYuK	The Night We Met	Lord Huron	3190717	nan	19	55	re-enter
190	7gHs73wELdeycvS48JfIos	Faded	Alan Walker	3173668	nan	33	64	re-enter
191	3Q3myFA7q4Op95DOpHplaY	do re mi	blackbear	3170807	193	17	77	2
192	17Fd6Yb7mSbinKG8LoWfFl	I Took A Pill In Ibiza - Seeb Remix	Mike Posner	3160615	nan	33	40	re-enter
193	7abpmGpF7PGep2rDU68GBR	Tuesday	Burak Yeter	3156548	189	28	58	-4
194	4Q3N4Ct4zCuIHuZ65E3BD4	Tunnel Vision	Kodak Black	3117376	nan	26	39	re-enter
195	6SIrNxmmdbv1KUbFBu1PaN	Bebe (feat. Anuel AA)	Ozuna	3107849	nan	3	180	re-enter
196	25oOaleife6E2MIKmFkPvg	Relationship (feat. Future)	Young Thug	3104172	nan	2	196	re-enter
197	48yAM9xWBwT4Ac9G1y20rw	Explícale	Yandel	3100361	nan	1	197	new
198	6yr8GiTHWvFfi4o6Q5ebdT	'Till I Collapse	Eminem	3093633	nan	11	177	re-enter
199	75JFxkI2RXiU7L9VXzMkle	The Scientist	Coldplay	3088731	nan	12	168	re-enter
200	05ZXXyeZFhZtA6DAP3Aw7x	Loca (feat. Cali y El Dandee)	Maite Perroni	3079372	nan	4	186	re-enter
