position	song_id	song_name	artist	streams	last_week_position	weeks_on_chart	peak_position	position_status
1	7wGoVu4Dady5GV0Sv4UIsx	rockstar	Post Malone	29659184	1	12	1	0
2	0bYg9bo50gSsH3LtXe2SQn	All I Want for Christmas Is You	Mariah Carey	27628914	4	7	2	2
3	0ofbQMrRDsUaVKq2mGLEAb	Havana	Camila Cabello	24839450	3	21	2	0
4	5UEnHoDYpsxlfzWLZIc7LD	River (feat. Ed Sheeran)	Eminem	23850884	2	2	2	-2
5	2FRnf9qhLbvw8fu4IBXx78	Last Christmas	Wham!	21543828	15	6	5	10
6	2ekn2ttSfGqwhhate0LSR0	New Rules	Dua Lipa	19656786	5	25	2	-1
7	7EmGUiUaOSGDnUUQUDrOXC	Wolves	Selena Gomez	18456533	6	10	3	-1
8	0tgVpDi06FyKpA1z0VMD4v	Perfect	Ed Sheeran	18362884	8	41	4	0
9	1zsG4eaZmkA1dvjDDsAGLK	Échame La Culpa	Luis Fonsi	16875609	14	6	9	5
10	43ZyHQITOjhciSUUNPVRHc	Gucci Gang	Lil Pump	16536376	11	12	6	1
11	6mrKP2jyIQmM0rw6fQryjr	Let You Down	NF	16380743	9	11	9	-2
12	5k38wzpLb15YgncyWdTZE4	Him & I (with Halsey)	G-Eazy	15532262	10	2	10	-2
13	1bhUWB0zJMIKr9yVPrkEuI	Perfect Duet (Ed Sheeran & Beyoncé)	Ed Sheeran	15476998	7	4	3	-6
14	1mXVgsBdtIVeCLJnSnmtdV	Too Good At Goodbyes	Sam Smith	15301201	12	8	3	-2
15	3hBBKuWJfxlIlnd9QFoC8k	What Lovers Do (feat. SZA)	Maroon 5	15208103	13	8	5	-2
16	7qiZfU4dY1lWllzX7mPBI3	Shape of You	Ed Sheeran	14822548	17	49	1	1
17	7vGuf3Y35N4wmASOKLUVVU	Silence	Marshmello	13966393	16	20	8	-1
18	1hvpDAxZPKjKztOc72sv06	Do They Know It's Christmas? - 1984 Version	Band Aid	13440188	45	5	18	27
19	0lLdorYw7lVrJydTINhWdI	It's Beginning to Look a Lot like Christmas	Michael Bublé	13357262	40	5	19	21
20	75ZvA4QfFiZvzhj2xkaWAh	I Fall Apart	Post Malone	13207933	18	14	10	-2
21	4lESS6vuruP6a79KWRaQou	Corazón	Maluma	13097969	24	8	21	3
22	3Ga6eKrUFf12ouh9Yw3v2D	Downtown	Anitta	12301047	25	6	22	3
23	1j4kHkkpqZRBwE0A4CN4Yv	Dusk Till Dawn - Radio Edit	ZAYN	12166743	19	16	4	-4
24	1ADjWm8QNhgNV8yCNNgQ1T	Santa Tell Me	Ariana Grande	11977857	51	5	24	27
25	3T7dNA7O8c3Axj5WyDNcH3	Rockin' Around The Christmas Tree - Single Version	Brenda Lee	11900150	50	5	25	25
26	5hcisvFMidkMJlElTO9Qmw	Sensualidad	Bad Bunny	11773720	21	8	21	-5
27	6Za3190Sbw39BBC77WSS1C	Criminal	Natti Natasha	11718073	27	7	21	0
28	3zJw3rugfpVrmBeDDnUYzy	Happy Xmas (War Is Over) - Remastered	John Lennon	11683575	63	4	28	35
29	5hslUAKq9I9CG2bAulFkHN	It's the Most Wonderful Time of the Year	Andy Williams	11647031	56	5	29	27
30	6u0EAxf1OJTLS7CvInuNd7	Vai malandra (feat. Tropkillaz & DJ Yuri Martins)	Anitta	11436693	54	2	30	24
31	5AEtlRudpgdT5FtNiuly6Y	Let Me Go (with Alesso, Florida Georgia Line & watt)	Hailee Steinfeld	10989139	20	15	16	-11
32	0ZoHHROTzwIYeNAHRPedTY	Driving Home for Christmas	Chris Rea	10676312	67	4	32	35
33	7GX5flRQZVHRAGd6B4TmDO	XO Tour Llif3	Lil Uzi Vert	10439204	31	18	10	-2
34	0tKcYR2II1VCQWT79i5NrW	Thunder	Imagine Dragons	10364281	28	32	8	-6
35	5Z3GHaZ6ec9bsiI5BenrbY	Young Dumb & Broke	Khalid	10155244	26	27	12	-9
36	42CeaId2XNlxugDvyqHfDf	Candy Paint	Post Malone	10151426	22	10	17	-14
37	32DGGj6KlNuBr6WaqRxpxi	How Long	Charlie Puth	10150215	29	12	15	-8
38	4so0Wek9Ig1p6CRCHuINwW	White Christmas	Bing Crosby	10127508	81	4	38	43
39	2DQ1ITjI0YoLFzuADN1ZBW	No Limit	G-Eazy	10127160	23	2	23	-16
40	1m69ELEgE6k5ZWsap40ozt	Se Preparó	Ozuna	10073765	41	17	30	1
41	2rb5MvYT7ZIxbKW5hfcHx8	Mi Gente	J Balvin	9917438	38	26	1	-3
42	1cImYkHOQMFE7AZC9aOk4y	Jingle Bell Rock	Bobby Helms	9781597	89	2	42	47
43	2xmrfQpmS2iJExTlklLoAL	I Miss You (feat. Julia Michaels)	Clean Bandit	9735500	30	9	23	-13
44	3a1lNhkSLSkpJE4MSHpDu9	Congratulations	Post Malone	9573559	34	47	20	-10
45	7iDa6hUg2VgEL1o1HjmfBn	Meant to Be (feat. Florida Georgia Line)	Bebe Rexha	9557969	33	15	28	-12
46	7taXf5odg9xCAZERYfyOkS	Feliz Navidad	José Feliciano	9296091	106	4	46	60
47	7inXu0Eaeg02VsM8kHNvzM	Let It Snow! Let It Snow! Let It Snow! (with The B. Swanson Quartet)	Frank Sinatra	9261489	90	5	47	43
48	2nUJvBO87SkxCViQsLc9Zr	Man's Not Hot	Big Shaq	9225531	39	12	36	-9
49	7JNh1cfm0eXjqFVOzKLyau	Mayores	Becky G	9158897	48	22	33	-1
50	5tz69p7tJuGPeMGwNTxYuV	1-800-273-8255	Logic	9079745	35	33	5	-15
51	7sO5G9EABYOXQKNPNiE9NR	Ric Flair Drip (& Metro Boomin)	Offset	9079540	32	9	32	-19
52	6De0lHrwBfPfrhorm9q1Xl	Me Rehúso	Danny Ocean	8973005	43	43	20	-9
53	33bnxcjePIkcmNjEFTJX0l	Déjala Que Vuelva (feat. Manuel Turizo)	Piso 21	8958891	58	8	53	5
54	75FDPwaULRdYDn4StFN2rT	Bartier Cardi (feat. 21 Savage)	Cardi B	8885727	nan	1	54	new
55	32OWobmyAz8J2qA8iWekyS	Mistletoe	Justin Bieber	8811411	68	5	55	13
56	4gavOCQdZ2g86gkvi17FM7	Wonderful Christmastime - Remastered 2011 / Edited Version	Paul McCartney	8669526	107	4	56	51
57	3B54sVLJ402zGa6Xm4YGNe	Unforgettable	French Montana	8590106	42	25	3	-15
58	2fQrGHiQOvpL9UgPvtYy6G	Bank Account	21 Savage	8588334	44	14	23	-14
59	7KXjTSCq5nL1LoYtL7XAwS	HUMBLE.	Kendrick Lamar	8484233	46	37	1	-13
60	3VTNVsTTu05dmTsVFrmGpK	Fairytale of New York (feat. Kirsty MacColl)	The Pogues	8445362	101	4	60	41
61	6QgjcU0zLnzq5OrUoSZ3OK	Feel It Still	Portugal. The Man	8131835	49	24	18	-12
62	0Zbbxnx4SGGHoIow4PpISP	Stargazing	Kygo	8062507	47	14	15	-15
63	5humEOJehpAwMJEJmb0JJ2	The Christmas Song (Merry Christmas To You)	Nat King Cole	8016984	125	4	63	62
64	4iLqG9SeJSnt0cSPICSjxv	Attention	Charlie Puth	7651199	57	34	6	-7
65	70lnL3QaSOIIyMa2X9aVRL	Perro Fiel (feat. Nicky Jam)	Shakira	7622580	65	12	46	0
66	6VpQdig9pdpTSIFItgkJV5	Never Be the Same	Camila Cabello	7514538	53	3	45	-13
67	0OlnLZY4cmQzT6ZGttvWBM	So Far Away (feat. Jamie Scott & Romy Dya)	Martin Garrix	7370470	62	4	62	-5
68	7Hz6LLOVxrojLPIHJJ1S0E	Have Yourself A Merry Little Christmas	Sam Smith	7331382	127	4	68	59
69	6RUKPb4LETWmmr3iAEQktW	Something Just Like This	The Chainsmokers	7310160	64	43	2	-5
70	7EI6Iki24tBHAMxtb4xQN2	Anywhere	Rita Ora	7280002	55	10	45	-15
71	3QiAAp20rPC3dcAtKtMaqQ	Blue Christmas	Elvis Presley	7276585	151	4	71	80
72	5CtI0qwDJkDQGwXD1H1cLb	Despacito - Remix	Luis Fonsi	7195635	75	35	1	3
73	3m660poUr1chesgkkjQM7P	Sorry Not Sorry	Demi Lovato	7177701	59	13	10	-14
74	7ofxPmTNMj2GP07g1VZa0O	Que Va	Alex Sensation	7091258	79	18	54	5
75	6tjituizSxwSmBB5vtgHZE	Holly Jolly Christmas	Michael Bublé	7079753	135	4	75	60
76	1YZfcVLbbJwfizR5cDOp3q	MotorSport	Migos	7033974	66	9	34	-10
77	2ISl1zekPsc26sUQpVt8UB	Merry Christmas Everyone - Remastered	Shakin' Stevens	7007370	145	4	77	68
78	0CcQNd8CINkwQfe1RDtGV6	Believer	Imagine Dragons	6988038	71	44	16	-7
79	3whrwq4DtvucphBPUogRuJ	Havana - Remix	Camila Cabello	6912106	78	6	50	-1
80	3AlpkljBS1AU7HFVPms8K6	Santa's Coming For Us	Sia	6901946	159	3	80	79
81	65Q2mv3UlVi9eO70OpsmSe	A Holly Jolly Christmas - Single Version	Burl Ives	6853734	148	4	81	67
82	0OI7AFifLSoGzpb8bdBLLV	Home (with Machine Gun Kelly, X Ambassadors & Bebe Rexha)	Machine Gun Kelly	6749417	80	5	70	-2
83	3VClLWqNn80Llv0PJOsKgr	Báilame - Remix	Nacho	6702127	84	19	58	1
84	2OALaHcDdKkjYEpAr0Qzab	Lonely Together (feat. Rita Ora)	Avicii	6695675	52	20	19	-32
85	1wjzFQodRWrPcQ0AnYnvQ9	I Like Me Better	Lauv	6634163	70	29	29	-15
86	4fzyvSu73BhGvi96p2zwjL	Christmas Lights	Coldplay	6619880	144	3	86	58
87	2771LMNxwf62FTAdpJMQfM	Bodak Yellow	Cardi B	6576083	85	22	21	-2
88	2z4pcBLQXF2BXKFvd0BuB6	Tip Toe (feat. French Montana)	Jason Derulo	6529789	69	7	60	-19
89	0qYTZCo5Bwh1nsUFGZP3zn	Felices los 4	Maluma	6475393	94	34	17	5
90	5yFSF6qQA1rcLsQRnBsZgb	All Falls Down (feat. Juliander)	Alan Walker	6397635	72	9	52	-18
91	7m9OqQk4RVRkw9JJdeAw96	Jocelyn Flores	XXXTENTACION	6356626	77	18	15	-14
92	7nZmah2llfvLDiUjm0kiyz	Friends (with BloodPop®)	Justin Bieber	6350027	82	19	2	-10
93	5TysCiZtv1HnSWcTcUFusI	Suena El Dembow	Joey Montana	6308240	93	15	66	0
94	3YQUpKTmtgPJf8u6ooi9KA	Step Into Christmas	Elton John	6308167	nan	1	94	new
95	1KSqYYJFyfTecXFk9M0prc	Escápate Conmigo (feat. Ozuna)	Wisin	6291960	91	4	81	-4
96	3ncgNpxLoBQ65ABk4djDyd	PICK IT UP (feat. A$AP Rocky)	Famous Dex	6269010	73	7	61	-23
97	7J6bnDDitOwfelaJNixHhL	Modern Slavery	Huncho Jack	6243472	nan	1	97	new
98	1foCxQtxBweJtZmdxhEHVO	Santa Baby (with Henri René & His Orchestra)	Eartha Kitt	6181308	188	3	98	90
99	4zWO4gvuFtw6EJZC5FFGlr	Bum Bum Tam Tam	MC Fioti	6126454	168	2	99	69
100	71bBFbfn2OBK5QwUJSLS44	More Than You Know	Axwell /\ Ingrosso	6116136	83	2	83	-17
101	79cuOz3SPQTuFrp8WgftAu	There's Nothing Holdin' Me Back	Shawn Mendes	6071957	97	34	5	-4
102	0JcNysfWVWaMS7R6vzGB2k	Robarte un Beso	Carlos Vives	6036778	110	7	74	8
103	4dVpf9jZjcORqGTLUaeYj9	Plain Jane	A$AP Ferg	6003703	76	15	37	-27
104	4tHqQMWSqmL6YjXwsqthDI	Carol of the Bells	Mykola Dmytrovych Leontovych	5979609	197	3	104	93
105	6urLjX35oXXRYtcH1b3dCh	Dubai Shit	Huncho Jack	5923537	nan	1	105	new
106	628Ueb4sRiXApObhcU9iPU	Black & Chinese	Huncho Jack	5850227	nan	1	106	new
107	693iqPOQvhI7PobtR8CC8v	Bonita	J Balvin	5820695	96	29	42	-11
108	4DTpngLjoHj5gFxEZFeD3J	Codeine Dreaming (feat. Lil Wayne)	Kodak Black	5817224	103	5	103	-5
109	2x0WlnmfG39ZuDmstl9xfX	End Game	Taylor Swift	5796032	86	4	86	-23
110	6NWl2m8asvH83xjuXVNsuG	Betrayed	Lil Xan	5735183	87	8	55	-23
111	5uCax9HTNlzGybIStD3vDh	Say You Won't Let Go	James Arthur	5699452	102	50	7	-9
112	6PGoSes0D9eUDeeAafB2As	LOVE. FEAT. ZACARI.	Kendrick Lamar	5672375	136	35	14	24
113	2gbCG4Rt9984UZ7Tc0dIFd	White Christmas (with Shania Twain)	Michael Bublé	5630552	195	2	113	82
114	6IeK3Ap5m3HabwJxgI6eSE	It's Beginning to Look a Lot Like Christmas (with Mitchell Ayres & His Orchestra)	Perry Como	5630404	nan	2	114	re-enter
115	4aWmUDTfIPGksMNLV2rQP2	Despacito (Featuring Daddy Yankee)	Luis Fonsi	5612702	123	48	4	8
116	3nAp4IvdMPPWEH9uuXFFV5	Underneath the Tree	Kelly Clarkson	5609910	nan	1	116	new
117	7foypmc7KZyU716Yv63BPe	Saint	Huncho Jack	5591945	nan	1	117	new
118	0lJCqIx5BhZtf6QtYI2fbv	Vuelve	Daddy Yankee	5554258	121	12	71	3
119	550rQQCGkrTzvp4SfpOPzx	Hallelujah	Pentatonix	5545703	172	3	119	53
120	4vwfOiyWxXeEdx4ejAJgdx	Eye 2 Eye	Huncho Jack	5542140	nan	1	120	new
121	0afhq8XCExXpqazXczTSve	Galway Girl	Ed Sheeran	5539994	118	41	2	-3
122	5WoaF1B5XIEnWfmb5NZikf	Sky Walker (feat. Travis Scott)	Miguel	5521074	104	4	101	-18
123	1yxgsra98r3qAtxqiGZPiX	BUTTERFLY EFFECT	Travis Scott	5508092	108	30	40	-15
124	7Ed6BkggCS2KaKY5YlINaF	MIC Drop (feat. Desiigner) [Steve Aoki Remix]	BTS	5479811	95	5	71	-29
125	3DXncPQOG4VBw3QHh3S817	I'm the One (feat. Justin Bieber, Quavo, Chance the Rapper & Lil Wayne)	DJ Khaled	5466842	117	31	2	-8
126	7aiVBCp1ibIWE5GeHkbtxr	My Only Wish (This Year)	Britney Spears	5461804	194	2	126	68
127	299lFlaAsNQdgbIZNPmIA0	Christmas Time Is Here - Vocal	Vince Guaraldi Trio	5457722	nan	1	127	new
128	5Htb1uFQ1KrkFXlefS8oGj	Tell Me You Love Me	Demi Lovato	5455602	134	4	128	6
129	5TmZYdHW6HJ9gt7Aokuql5	SUTRA	Sebastian Yatra	5405383	128	9	105	-1
130	6gBFPUFcJLzWGx4lenP6h2	goosebumps	Travis Scott	5381572	113	50	61	-17
131	5VEuraNSVxMTzDTtrmL3lQ	Winter Wonderland	Bing Crosby	5380466	nan	1	131	new
132	1P17dC1amhFzptugyAO7Il	Look What You Made Me Do	Taylor Swift	5367547	105	4	59	-27
133	0ERbK7qVqveCaBWIiYCrl3	Bella y Sensual	Romeo Santos	5348617	131	22	106	-2
134	0CokSRCu5hZgPxcZBaEzVE	Glorious (feat. Skylar Grey)	Macklemore	5346992	114	14	14	-20
135	6EpRaXYhGOB3fj4V2uDkMJ	Strip That Down	Liam Payne	5344759	119	30	9	-16
136	7y9iMe8SOB6z3NoHE2OfXl	Bad At Love	Halsey	5327201	99	17	68	-37
137	152lZdxL1OR0ZMW6KquMif	Location	Khalid	5315462	112	45	34	-25
138	5bcTCxgc7xVfSaMV3RuVke	Feels (feat. Pharrell Williams, Katy Perry & Big Sean)	Calvin Harris	5306038	120	27	5	-18
139	2pnPe4pJtq7689i5ydzvJJ	Run Rudolph Run - Single Version	Chuck Berry	5291075	nan	1	139	new
140	1XRgIKC5TPwo7nWGyKqgG0	I Get the Bag (feat. Migos)	Gucci Mane	5226273	116	11	45	-24
141	0KKkJNfGyhkQ5aFogxQAPU	That's What I Like	Bruno Mars	5221431	126	50	6	-15
142	5PIBgH1cUFwu5IiUk9tnN9	Walk On Water (feat. Beyoncé)	Eminem	5144166	36	2	36	-106
143	1OAh8uOEOvTDqkKFsKksCi	Wild Thoughts (feat. Rihanna & Bryson Tiller)	DJ Khaled	5143658	129	28	2	-14
144	7krbSH3rd8lhIZvuzTV3Bl	Naked	James Arthur	5085295	122	5	89	-22
145	6pVW5LRWgeLaHudxauOTJU	Jingle Bell Rock - Daryl's Version	Daryl Hall & John Oates	5082246	nan	1	145	new
146	790MhTXPFrYkrqCKvpg4t1	Wanted You (feat. Lil Uzi Vert)	NAV	5078308	115	7	99	-31
147	1x5sYLZiu9r5E43kMlt9f8	Symphony (feat. Zara Larsson)	Clean Bandit	5060852	132	39	11	-15
148	7MHN1aCFtLXjownGhvEQlF	Una Lady Como Tú	Manuel Turizo	5027231	147	29	38	-1
149	4V6MRo0CEAC9MwAm7dkPuL	Real Friends	Camila Cabello	5000370	149	3	116	0
150	7g7raxdQpiLZT7aOlib4S1	Motorcycle Patches	Huncho Jack	4954148	nan	1	150	new
151	0VgkVdmE4gld66l8iyGjgx	Mask Off	Future	4888700	143	8	115	-8
152	7BKLCZ1jbUBVqRi2FVlTVw	Closer	The Chainsmokers	4878097	142	50	2	-10
153	0NiXXAI876aGImAd6rTj8w	Mama	Jonas Blue	4862377	139	25	12	-14
154	2SBr3MK1sdMs8IxdRcN6qz	Santa Baby	Kylie Minogue	4855076	nan	1	154	new
155	3eR23VReFzcdmS7TYCrhCe	It Ain't Me (with Selena Gomez)	Kygo	4844953	152	42	2	-3
156	5yuShbu70mtHXY0yLzCQLQ	Go Flex	Post Malone	4842621	133	25	52	-23
157	0Qh38w01QRXK6KHIv0e3hb	What About Us	P!nk	4825017	124	11	18	-33
158	6fxVffaTuwjgEk5h9QyRjy	Photograph	Ed Sheeran	4789562	140	50	41	-18
159	4qBejt9FeqLI9blHI1Nq1x	Jingle Bells (feat. The Puppini Sisters)	Michael Bublé	4780338	nan	1	159	new
160	5xlS0QkVrSH7ssEbBgBzbM	Little Saint Nick - 1991 Remix	The Beach Boys	4771292	nan	1	160	new
161	1hy6kKvsPbv7VTcllCuATC	I'll Be Home	Meghan Trainor	4725864	nan	1	161	new
162	5ASM6Qjiav2xPe7gRkQMsQ	Sleigh Ride	The Ronettes	4712421	nan	1	162	new
163	6kex4EBAj0WHXDKZMEJaaF	Swalla (feat. Nicki Minaj & Ty Dolla $ign)	Jason Derulo	4657699	156	42	8	-7
164	0tPQPaOKM32WgMSbPCYyRH	Dirty Sexy Money (feat. Charli XCX & French Montana)	David Guetta	4631692	153	8	100	-11
165	0yyZN5ASdrYu0XYWFzfxUu	3 A.M.	Jesse & Joy	4617456	167	15	112	2
166	3qk4wRMDlaeagZGjSYbsOV	Sober	G-Eazy	4603047	111	2	111	-55
167	5vuiHi3QYbwcm1OKJOYnrf	Huncho Jack	Huncho Jack	4597569	nan	1	167	new
168	22eADXu8DfOAUEDw4vU8qy	Ahora Dice	Chris Jeday	4574465	162	36	46	-6
169	4IWAyPf1KMq7JCyGeCjTeH	Whatever It Takes	Imagine Dragons	4567374	164	17	51	-5
170	7AQim7LbvFVZJE3O8TYgf2	Fuck Love (feat. Trippie Redd)	XXXTENTACION	4500524	146	18	41	-24
171	3NdDpSvN911VPGivFlV5d0	"I Don’t Wanna Live Forever (Fifty Shades Darker) - From ""Fifty Shades Darker (Original Motion Picture Soundtrack)"""	ZAYN	4496893	161	50	2	-10
172	1Qg9jWGDkKAGZXj5v2OG59	Wait	Maroon 5	4485319	100	7	86	-72
173	5aAx2yezTd8zXrkmtKl66Z	Starboy	The Weeknd	4457192	165	50	1	-8
174	1Ft13La2daEGqz5yWJC7lx	Bella	Wolfine	4429263	nan	1	174	new
175	1Slwb6dOYkBlWal1PGtnNg	Thinking out Loud	Ed Sheeran	4400262	166	50	58	-9
176	5Ber68jZ7ytegr2UISEdb7	Santa Claus Is Coming to Town	Michael Bublé	4350370	nan	1	176	new
177	6a1hzBiTkgqTsDA0Xgfh9z	Santa Claus Is Coming To Town	The Jackson 5	4346028	nan	1	177	new
178	05X6aMCQR09E6smUmw9qms	Thank God It's Christmas - Non-Album Single	Queen	4345690	nan	1	178	new
179	5zSOVwaY3sVjnmLhuEfsuf	Tú Foto	Ozuna	4340964	181	18	73	2
180	1LszjjoVwDDZcWUQbzeDLG	Explícale (feat. Bad Bunny)	Yandel	4332006	180	16	101	0
181	6PCUP3dWmTjcTtXY02oFdT	Castle on the Hill	Ed Sheeran	4283003	182	49	2	1
182	0dA2Mk56wEzDgegdC6R17g	Stay (with Alessia Cara)	Zedd	4253518	178	42	7	-4
183	6s2wpWPFPAgKg2LXxi1Oee	Santa Claus Is Comin' to Town - Live at C.W. Post College, Greenvale, NY - December 1975	Bruce Springsteen	4234647	nan	1	183	new
184	6eT7xZZlB2mwyzJ2sUKG6w	White Iverson	Post Malone	4225316	176	43	100	-8
185	40oKW22ZNNkEdZLJTScaQI	Roll In Peace (feat. XXXTENTACION)	Kodak Black	4223091	160	19	79	-25
186	6WbADFqMvR8N5u0BvtsWQE	Without You (feat. Sandro Cavazza)	Avicii	4219626	158	20	21	-28
187	6p8NuHm8uCGnn2Dtbtf7zE	Slippery (feat. Gucci Mane)	Migos	4204991	170	37	71	-17
188	5u6vkDnOyaf8LsteDAj2ub	Ghostface Killers	21 Savage	4191528	130	9	36	-58
189	7F9vK8hNFMml4GtHsaXui6	Back to You (feat. Bebe Rexha & Digital Farm Animals)	Louis Tomlinson	4146517	174	23	15	-15
190	4FPrAERfkPKOBKrRoyuxLu	Cold December Night	Michael Bublé	4140063	nan	1	190	new
191	6ElmxV9B2mSNscEjP27M7i	Chambea	Bad Bunny	4116612	163	4	142	-28
192	1xznGGDReH1oQq0xzbwXa3	One Dance	Drake	4096911	192	50	12	0
193	7vu0JkJh0ldukEYbTVcqd0	Issues	Julia Michaels	4094134	186	2	186	-7
194	3kxfsdsCpFgN412fpnW85Y	Redbone	Childish Gambino	4082509	177	50	35	-17
195	2qqZ5fOGuNvYVzgPFDLQ4l	Mary's Boy Child / Oh My Lord	Boney M.	4032624	nan	1	195	new
196	3A7qX2QjDlPnazUsRk5y0M	2U (feat. Justin Bieber)	David Guetta	4024884	190	28	3	-6
197	2RttW7RAu5nOAfq6YFvApB	Happier	Ed Sheeran	4018449	184	41	10	-13
198	5EId1m4DNwTf3at31w8bPJ	El Farsante	Ozuna	4016492	185	18	105	-13
199	38yBBH2jacvDxrznF7h08J	Slow Hands	Niall Horan	4013987	179	10	50	-20
200	15coTBAzEN1bOeipoNDZAR	Merry Christmas, Happy Holidays	*NSYNC	4012601	nan	1	200	new
