artist_1	artist_2	count	song_ids
Bonez MC	RAF Camora	33	['7gdu5DTokNs8X7YvD62oIy', '05Mp2UJulSttxQ4E6hQPH3', '0mjbIwkdLPK5g2nGzhacjU', '4HIv1dRF270YMyfvuxnF0d', '3AOVbKm3vZl17WfEhILSw6', '2x2rt9LTpn2ofDPWnzRmgV', '4FwwXRuwzJcpmfCR8ltO9b', '3uMpllxUKlpuXHczoHJ0U5', '7istTRCq9OK5cEC8sPAc50', '6AeDcN4Qqe71Jp4p46uyID', '5gGy6V9LSvMWjYECDTcvxf', '6Cy4jkukjKnIqGYkU7xCeF', '6pLKMPAUlBCjHjylj2Nbd9', '1uGERQ2DVv7j9WSsWzOHVp', '6wHRm1KR8pzVDPdmR6Qovj', '2ScbGzrUTiywyaUS1MRUTJ', '2HZDTyDJw4bFK9VQd75m9B', '610WYIsrvfJyEXTbtz45Mm', '27CUvggbN4O6ASZEsExeAi', '2SRVj6ceeIffVEm9NFyRHI', '641R77CBy4bOLGRcA9sgHy', '18Zpt1MlMp5PgRfMd8YQ9Z', '4Bj3usjRTckEJARO0dLbDf', '4laEZVWxnUoejYvxlLscPN', '4JxvECbZ3Oes1eUrmhQNSH', '4NrwzWgZfNHb7dpNrEEQqX', '2GZclC05PpJPT3JZbFgywD', '1H3oIeKUEHpBhXUiso0IMH', '4XHP5B63UsW0GniEx7oMHu', '4UOXo3xWnxYdTf3sFyRaUG', '6hjck7ERXicpsW51UkdHCA', '6WgfIzuv2fdPatsdx6e1jW', '3ZSBSPyxGEHQkaoVgF2nMI']
Farid Bang	Kollegah	22	['1xu3hOvbB9k2T4iYYlXd1Z', '7hYRZQdCFwLjb3xCPzw0lr', '1NMlIuNSa0bYubSP5gj42g', '18Uay1003reV0z2KaK97NY', '0W2XzooEtlywvK93oFrLgB', '5lIWCyAsVuAqugo4AWIdth', '2dNJAeT897gmlIIzLBOanb', '5zSjvI2dRCXENacMKKu0eU', '3cS07LwCUTkNXJ3jHsYcam', '4iqFmFJYEwKUlQVbdbJwDC', '3KltQSuFrzVTWDBiJx0JaZ', '6F0fXw4G0dqRWJnvWPZM67', '6BN2pBGrlTkRDVU73Rvivz', '4xMwg5vubV5TxpWMFwTEvm', '4KQ6s5ub3TfFbID6TVsRhW', '3cGtyUeJwEHyBufXQkF0S8', '49qz2ADX5LuXaAcjDQSpLU', '6Kga4XCHx46ynEtZBI12OA', '6wGhLzq97DAzDrgOLit3kD', '4Wt0Gv5sRMX9sCCT3jjkVk', '5jTucmT3laryNOicpIK9qx', '79dhp6g8Lm1AzkWTOv3L31']
Casper	Marteria	13	['0y24DoHidmvf1LxVIx045R', '4znBzeGeuIAxllDaNdT5gz', '7CNOytXNUs2R1PGux7kpPr', '74b2K7bBkccYxuYyQnKRS6', '58pfccNIRzIHDZVrHMOq3q', '4jT1jt9doFkHioj1Gr9qZ7', '0CbmM8sKLUr2BV3xULRn6R', '3W7NVI1Weq2N2rRH1nbHCj', '1hhhJKOi5amv2eKGNbSgrn', '57huO7bLedlrVdKGNwuZAW', '2PogneD4c7isUlvNo2k2XM', '0rdre1ZKpF897sqtwSYit6', '1PGzrNB3G5roihz0KiYPcE']
Bonez MC	Gzuz	10	['4Bj3usjRTckEJARO0dLbDf', '1uGERQ2DVv7j9WSsWzOHVp', '7g7aSJiEcQP8s3PTzqM4Fj', '6ciUAqm3B0sJU57CJIAOby', '1Jnl8QKwc6NBLNbYahGExG', '6mw02h3qbWmuq2bJCRjRAe', '1H3oIeKUEHpBhXUiso0IMH', '27CUvggbN4O6ASZEsExeAi', '2bCZyD1ObacfnBhYi4t37d', '3aDYo34VzVf2i8aJyJk0ca']
		8	['5cjecvX0CmC9gK0Laf5EMQ', '5fBLHMccZTRyCxFI17YjQB', '0ocIyziRJhnicqGm1u0m1X', '1xSTaiXN33Y5chE2bFixVo', '3ireeOPKD5i6wN6CBp5koM', '1Rn0dmvcmrkM16ImY8TObH', '34IY2117PizF4NoRPoMth6', '5rbXOUQCaYcSnW5EOgfVaD']
Azet	Zuna	8	['3RyEm3E4HOrqU9J7j46oIA', '3sgGmPQD2J6aQduN36RDBO', '31Zs71Yb7YoPlFx2p1uKRX', '3Cw0IAdjDgjyD4AEY4o2ZW', '1cDlVA17fnLm50ssTlS1ZQ', '1wtKmJbFITh1WRz70QWksh', '6BPbNmOnVGHxVWRqeWvJaJ', '10dN5H1COWZ6rT6P5j7HdB']
Bonez MC	Maxwell	7	['1uGERQ2DVv7j9WSsWzOHVp', '5G1Iib7IiGeXu9Ar5EItsx', '6ciUAqm3B0sJU57CJIAOby', '1Jnl8QKwc6NBLNbYahGExG', '3AOVbKm3vZl17WfEhILSw6', '6hjck7ERXicpsW51UkdHCA', '05Mp2UJulSttxQ4E6hQPH3']
Capital Bra	Samra	6	['2qtugq9ERONyBQzkODaA5q', '78CLZUWhsxIDwObCKOh1fh', '3eMwf7uAEn1VJcmd12gMmi', '0eKKoqxVuKTQAfzNXlCeCD', '30SRaBBNE1hF4vPRUVI6hY', '3lr7xUKPIBRmOWwGY2JNSH']
Capital Bra	Ufo361	5	['638rZDq4P6MpTF3iQe8EDI', '3xZAsF5FS5WgT4UDFXYJxx', '0d0d2CuQSQDF7Q7vNhwA3i', '7ecGSqT8Ulbzhs5QwgWGVN', '4xAWQ2iRnQy35YRKgwBjES']
KitschKrieg	Trettmann	5	['4Nip6oiJU24LqcUEi7u19S', '3irKuchN2iCEcFQKPGOBNx', '610WYIsrvfJyEXTbtz45Mm', '5gGy6V9LSvMWjYECDTcvxf', '7AwPgamlOy97TfTIXDvb4S']
Gzuz	Ufo361	5	['4Nip6oiJU24LqcUEi7u19S', '6ciUAqm3B0sJU57CJIAOby', '1Jnl8QKwc6NBLNbYahGExG', '27CUvggbN4O6ASZEsExeAi', '5wH9FqlypGQJnKx1iy3huA']
Rae Sremmurd	Slim Jxmmi	5	['1oUudyBYVGMIC8JXeIsFzq', '2yUbCEiaolfSMluDo9RMmG', '0TCnOEVeLQMXOUrpPlM7uY', '1BuZAIO8WZpavWVbbq3Lci', '6sTDhYVVXU3HSDuG7mBLRU']
Rae Sremmurd	Swae Lee	5	['1oUudyBYVGMIC8JXeIsFzq', '2yUbCEiaolfSMluDo9RMmG', '0TCnOEVeLQMXOUrpPlM7uY', '1BuZAIO8WZpavWVbbq3Lci', '6sTDhYVVXU3HSDuG7mBLRU']
Slim Jxmmi	Swae Lee	5	['1oUudyBYVGMIC8JXeIsFzq', '2yUbCEiaolfSMluDo9RMmG', '0TCnOEVeLQMXOUrpPlM7uY', '1BuZAIO8WZpavWVbbq3Lci', '6sTDhYVVXU3HSDuG7mBLRU']
Gzuz	RAF Camora	5	['1uGERQ2DVv7j9WSsWzOHVp', '27CUvggbN4O6ASZEsExeAi', '1H3oIeKUEHpBhXUiso0IMH', '4Bj3usjRTckEJARO0dLbDf', '5wH9FqlypGQJnKx1iy3huA']
Kontra K	RAF Camora	4	['1imtCbjVIxYIkurjkye7Dg', '3hLflN1PldKrGtmT46Ub6O', '2ScbGzrUTiywyaUS1MRUTJ', '5KSNUteuNykJDjYiqguIzk']
Eno	Luciano	4	['4lRuHiE5knmoHcMaNhW0me', '6Yocr5JJOjupv71R5uhye5', '5P8EPCYTLW2bR4PanlvEpI', '6OutGOBdLTH3ih0tAWfrdb']
RAF Camora	Ufo361	4	['2kx7rcukcL50UysnBiWJxf', '1H2dpkHrEBDkSOcgmwiHD8', '27CUvggbN4O6ASZEsExeAi', '5wH9FqlypGQJnKx1iy3huA']
David Guetta	Martin Garrix	4	['0OlnLZY4cmQzT6ZGttvWBM', '6RnkFd8Fqqgk1Uni8RgqCQ', '1jLlIo8HA1KdhGiaYaC4j9', '4aBYzs8RxZMuqyOanNlf8I']
Dardan	Nimo	4	['1SkeK7yhwSkCUkbAG9604j', '1kLM6iByOIGuisx9jE8YvX', '3Iksy9wPB0Pqazx0WnxBp7', '4yKAd5BMmXtFvQ1gDo0I3b']
Kendrick Lamar	SZA	4	['3GCdLUSnKSMJhs4Tj6CV3s', '12SJpYZEdj4kzWZ8FPFg4Y', '2Imq77E6CEJR5TPUxlJvTY', '66kQ7wr4d2LwwSjr7HXcyr']
Capital Bra	King Khalil	4	['5lIWCyAsVuAqugo4AWIdth', '4kAIdBQEmb1M9ryd9tNSCD', '5sP6sOHAF7iP0eAiPe3hqr', '2oA3HW3HECk8zpTlF5Q6mY']
Maxwell	RAF Camora	4	['3AOVbKm3vZl17WfEhILSw6', '6hjck7ERXicpsW51UkdHCA', '1uGERQ2DVv7j9WSsWzOHVp', '05Mp2UJulSttxQ4E6hQPH3']
Gzuz	Trettmann	4	['4Nip6oiJU24LqcUEi7u19S', '1qfM92o8OuFfWouqqfUBF8', '7AwPgamlOy97TfTIXDvb4S', '5IvYcDXtovuyl1LsHuNYKS']
Bushido	Samra	4	['4tN3rGNIY2BVUFYt5eIVWb', '4DL2hq2mG4U8F4Fz8YF9RM', '78CLZUWhsxIDwObCKOh1fh', '0eKKoqxVuKTQAfzNXlCeCD']
Ali As	MoTrip	4	['0G5e5RKaBIT2s6I4yd3UK0', '44YIa0dpadoKLg9Rkoy2Wl', '5qyIn5d9N8OG1elDK0Vf74', '3Gh5UAnpwnfKE6wP9TMypH']
Farid Bang	Summer Cem	4	['245j08WcZwjWwXywXv6D5e', '5WGwGAoDvMpPYYiUxKB229', '5lIWCyAsVuAqugo4AWIdth', '18Uay1003reV0z2KaK97NY']
Summer Cem	Veysel	4	['5pvXlVpIH6iMRlBMVCve5q', '1SDWa2NAPvVjLhIXDM9Zgi', '06omSpahBsBYZxnzieTMI0', '1ZQhnmtZ2tq1t3TzguTciR']
Bonez MC	Ufo361	4	['6ciUAqm3B0sJU57CJIAOby', '27CUvggbN4O6ASZEsExeAi', '2O2WokTrPztBCAuuJKyCA2', '1Jnl8QKwc6NBLNbYahGExG']
18 Karat	Kollegah	4	['5lIWCyAsVuAqugo4AWIdth', '3q1TGy0QaYllb7kwEgsgNa', '18Uay1003reV0z2KaK97NY', '2oodTJBiwgY3lrZV5W3P1N']
18 Karat	Farid Bang	4	['5daPTPtcS7LZMDRVPbOZwo', '5lIWCyAsVuAqugo4AWIdth', '18Uay1003reV0z2KaK97NY', '3x4w4q2rm6InAGyJDwrCxV']
Diplo	LSD	4	['7boPPE857KEqCIHNwFkDop', '73F87Sqh6jQWucOOvz1WFx', '2c7GlMNmF7pbohjykutmLP', '5a8RPWgKSmcGBGcffmIrUi']
Diplo	Labrinth	4	['7boPPE857KEqCIHNwFkDop', '73F87Sqh6jQWucOOvz1WFx', '2c7GlMNmF7pbohjykutmLP', '5a8RPWgKSmcGBGcffmIrUi']
Diplo	Sia	4	['7boPPE857KEqCIHNwFkDop', '73F87Sqh6jQWucOOvz1WFx', '2c7GlMNmF7pbohjykutmLP', '5a8RPWgKSmcGBGcffmIrUi']
LSD	Labrinth	4	['7boPPE857KEqCIHNwFkDop', '73F87Sqh6jQWucOOvz1WFx', '2c7GlMNmF7pbohjykutmLP', '5a8RPWgKSmcGBGcffmIrUi']
LSD	Sia	4	['7boPPE857KEqCIHNwFkDop', '73F87Sqh6jQWucOOvz1WFx', '2c7GlMNmF7pbohjykutmLP', '5a8RPWgKSmcGBGcffmIrUi']
Labrinth	Sia	4	['7boPPE857KEqCIHNwFkDop', '73F87Sqh6jQWucOOvz1WFx', '2c7GlMNmF7pbohjykutmLP', '5a8RPWgKSmcGBGcffmIrUi']
Capo	Nimo	4	['0pepy7gdvtiNBlsT9t4OmT', '0dGSOCj6hdV5Nr0V8FjONc', '6HxFJbQahRd5rWQ752D710', '4vN2F1v7WphIUva3S6hwaT']
Bushido	Capital Bra	4	['3nwG4L1J4a8MXq4R01Hilb', '4gS5rKGbcgXsSMXGmwzBl6', '78CLZUWhsxIDwObCKOh1fh', '0eKKoqxVuKTQAfzNXlCeCD']
21 Savage	Post Malone	4	['2U7Hu2RaNQNRi7izoJyZaX', '0e7ipj03S05BNilyu5bRzt', '1OmcAT5Y8eg5bUPv9qJT4R', '7wGoVu4Dady5GV0Sv4UIsx']
KC Rebell	Summer Cem	3	['39qlqpwVzRkQP6WsILfIB5', '1A5nTDzLS8ckYOLiQMgtmG', '3a5qsP4xawpweFRXgzG6VP']
Post Malone	Swae Lee	3	['1A6OTy97kk0mMdm78rHsm8', '5VuxWXbt7XENQCtE9TzpTv', '3KkXRkHbMCARz0aVfEt68P']
J Balvin	Willy William	3	['2rb5MvYT7ZIxbKW5hfcHx8', '7fwXWKdDNI5IutOMc5OKYw', '7COfe3P7KgfwDwIRB8LIDw']
Capital Bra	XATAR	3	['71XGMPKmWtVxO7bGcGZhbn', '1mxJFXWfAUl2vfOAk86rPf', '3nOapu3bCsgKa3WKLwjF9n']
Bausa	Capital Bra	3	['2lhMEIVhUOhgrN5eydoq9n', '00iyWekl1wcaHCAqPhZLzO', '29MUMRgt5eJa5YdZj4s7vT']
Capital Bra	KC Rebell	3	['1A5nTDzLS8ckYOLiQMgtmG', '3a5qsP4xawpweFRXgzG6VP', '6gXPVXUTCVbY0uF8rs2SZL']
Capital Bra	Summer Cem	3	['5lIWCyAsVuAqugo4AWIdth', '1A5nTDzLS8ckYOLiQMgtmG', '3a5qsP4xawpweFRXgzG6VP']
Gzuz	LX	3	['3aDYo34VzVf2i8aJyJk0ca', '3PnK3iUPKPFWiEkQ0E5s7S', '0M6hFbc4iDPLh66BAVtP4N']
Felix Jaehn	Mike Williams	3	['6a9vKVMFfNBi741DVSit3H', '6ULQ6ZRc7JuVutRMy6gfgc', '3889rglwfTAt9Wufp0DlXI']
Azet	Noizy	3	['3sgGmPQD2J6aQduN36RDBO', '6BPbNmOnVGHxVWRqeWvJaJ', '1cDlVA17fnLm50ssTlS1ZQ']
Noizy	Zuna	3	['3sgGmPQD2J6aQduN36RDBO', '6BPbNmOnVGHxVWRqeWvJaJ', '1cDlVA17fnLm50ssTlS1ZQ']
18 Karat	Jigzaw	3	['7CUXPOT0dJfNHq3YrEJj4V', '1L0u1L98eJ8NtnjMy9to2l', '18Uay1003reV0z2KaK97NY']
Kianush	PA Sports	3	['0bhJP2c24CR3GChna0zqbi', '69SRVgWYoBKFG0dlP2g8eb', '7IwKLDtA1iSbMeMH5lVXTv']
Bonez MC	Trettmann	3	['4FwwXRuwzJcpmfCR8ltO9b', '610WYIsrvfJyEXTbtz45Mm', '5gGy6V9LSvMWjYECDTcvxf']
RAF Camora	Trettmann	3	['4FwwXRuwzJcpmfCR8ltO9b', '610WYIsrvfJyEXTbtz45Mm', '5gGy6V9LSvMWjYECDTcvxf']
6ix9ine	Nicki Minaj	3	['1oJ8EDr2pv94IvSd6ZmDgo', '4QIyEq7TcTdAcxjI2AFlAK', '2E124GmJRnBJuXbTb4cPUB']
Gzuz	Maxwell	3	['6ciUAqm3B0sJU57CJIAOby', '1uGERQ2DVv7j9WSsWzOHVp', '1Jnl8QKwc6NBLNbYahGExG']
18 Karat	Summer Cem	3	['3EVvVsLzXbW9VUAxbS70yX', '5lIWCyAsVuAqugo4AWIdth', '18Uay1003reV0z2KaK97NY']
AK Ausserkontrolle	Capital Bra	3	['5MXSHFzhc0BPaKW0gTbuyq', '3eMwf7uAEn1VJcmd12gMmi', '3lr7xUKPIBRmOWwGY2JNSH']
Kool Savas	Rea Garvey	3	['422iWQb30fYWnizucb5Tf2', '2LwTLppGvaQUiTs28Yq4H3', '4jtosytumOBbxHuZwlIgcC']
Luciano	Nimo	3	['4lRuHiE5knmoHcMaNhW0me', '0RMrNZG8THmtHXU90tfsQY', '5phG3pqcfpBIKE63vpheYb']
Capital Bra	Luciano	3	['6Yocr5JJOjupv71R5uhye5', '6WkbQW89dlU7z6Tr99P0nl', '5P8EPCYTLW2bR4PanlvEpI']
Fler	Jalil	3	['3VhZbQN6WpqZnfiKSEPORv', '3t00XDnfUPfrXGfiAgUymW', '6WIFBakiq26ei0qauhF2qn']
Alex Aiono	Felix Jaehn	3	['2Q5210PdRBUYKfC52EkHrP', '0m6M0TRGs7dOqZAryYcwiH', '1sBhJGPUKrdRycgKxve70v']
Alex Aiono	Hight	3	['2Q5210PdRBUYKfC52EkHrP', '0m6M0TRGs7dOqZAryYcwiH', '1sBhJGPUKrdRycgKxve70v']
Felix Jaehn	Hight	3	['2Q5210PdRBUYKfC52EkHrP', '0m6M0TRGs7dOqZAryYcwiH', '1sBhJGPUKrdRycgKxve70v']
Felix Jaehn	Gucci Mane	3	['3vwVxnq3vQ6NxGVxaiuteR', '3Ij7tqW9jVJ41dG06MZkFU', '5BpYTQDrNSDdzWHk8LdDV2']
Felix Jaehn	Marc E. Bassy	3	['3vwVxnq3vQ6NxGVxaiuteR', '3Ij7tqW9jVJ41dG06MZkFU', '5BpYTQDrNSDdzWHk8LdDV2']
Gucci Mane	Marc E. Bassy	3	['3vwVxnq3vQ6NxGVxaiuteR', '3Ij7tqW9jVJ41dG06MZkFU', '5BpYTQDrNSDdzWHk8LdDV2']
Capital Bra	Olexesh	3	['5SA05x1pEztZar5ChG5dxD', '0kl0GEa8WfkY65OBzlqHDL', '3PeZbfNvwlByMZjZGjKKRq']
Bausa	reezy	3	['5RB1IjXb7Exn3beDmgcsmC', '2xMf0g4abBoxbCoca5z941', '4ZYGWjyAsl5TqyaQVNjF4e']
Kelsea Ballerini	The Chainsmokers	3	['4edS9dC0JPBlSS4p4gMOT0', '15kQGEy89K8deJcZVFEn0N', '6LKYeyLt4G4SlZ6OJwFhVS']
Cardi B	Migos	3	['1YZfcVLbbJwfizR5cDOp3q', '2qcG0nZ6S3zZV0UrkY5nFo', '4wFjTWCunQFKtukqrNijEt']
Edin	Olexesh	3	['5hqelGWfhBo8On7e7Kk5HD', '1zt0pQ4YjYP3nD75zIx291', '4gnuy9VBU2GGrN60UMB79t']
Post Malone	Ty Dolla $ign	3	['7wrDRQgHlvDnimrRHfQZxt', '65NwOZqoXny4JxqAPlfxRF', '3swc6WTsr7rl9DqQKQA55C']
David Guetta	Sia	3	['66BjcDhhwWCcQIBxHMpKXh', '33IOhptvC2Qoy2UhjiHXLV', '2ludbmtPoyCPe2K08fAlFl']
AK Ausserkontrolle	Kontra K	3	['3FM6XiW9zwexQppdAxgWyw', '6ejutdxQVGPCNpFys7TLAn', '2QUzpzwnNChjaaOlaVSqCH']
Katja Krasavice	Stard Ova	3	['6pTd6XYMZjNRe9MjEVg9T9', '1zOMSnF631rlPHlS4hH9rV', '7wUCRyFNDf7ZemLGzQ7Km0']
JURI	Sun Diego	3	['4HbWRdtVmSUPywDxXrwdrj', '3hdudpgzKUKxep3FSFNyKz', '3Qkf7X9xbQMXKi9xjMSVzc']
Drew Love	The Chainsmokers	2	['6mWDwN58PgiPiDXkfSfB4J', '3pWcj8hxj3fsb9TDAcMpEl']
Kay One	Mike Singer	2	['0OG1CWjb4Y00fETLDSquVt', '7n3TVLhIYltUm7uzzy6xFK']
Drake	Michael Jackson	2	['36ONiya0OANYknz0GgJmwB', '6G8kHiVZ1jW7vHMPVRNZU0']
Elias	Summer Cem	2	['2kDcTaadTLPSXeVD7YXHTO', '42KbmH5H47WGQH6dBaCLsq']
Adam Trigger	Felix Jaehn	2	['5dX8ECwIk0dgBTkqwPVZhc', '6nvpJPsnsLSuJM10wg0qJ1']
Adam Trigger	Hearts & Colors	2	['5dX8ECwIk0dgBTkqwPVZhc', '6nvpJPsnsLSuJM10wg0qJ1']
Felix Jaehn	Hearts & Colors	2	['5dX8ECwIk0dgBTkqwPVZhc', '6nvpJPsnsLSuJM10wg0qJ1']
Nicky Jam	Ozuna	2	['3V8UKqhEK5zBkBb6d6ub8i', '6JjPBQfI2Y8nIjnm65X6Pw']
El Profesor	HUGEL	2	['1MFSD0AkPk8Yq7TDEhrHcb', '2dQzfKRaMKUCQgMpOtpLTh']
6ix9ine	Kanye West	2	['0EwS8XJQspgrj1zSUXhFkl', '1oJ8EDr2pv94IvSd6ZmDgo']
David Guetta	Jamie Scott	2	['0OlnLZY4cmQzT6ZGttvWBM', '1jLlIo8HA1KdhGiaYaC4j9']
David Guetta	Romy Dya	2	['0OlnLZY4cmQzT6ZGttvWBM', '1jLlIo8HA1KdhGiaYaC4j9']
Jamie Scott	Martin Garrix	2	['0OlnLZY4cmQzT6ZGttvWBM', '1jLlIo8HA1KdhGiaYaC4j9']
Jamie Scott	Romy Dya	2	['0OlnLZY4cmQzT6ZGttvWBM', '1jLlIo8HA1KdhGiaYaC4j9']
Martin Garrix	Romy Dya	2	['0OlnLZY4cmQzT6ZGttvWBM', '1jLlIo8HA1KdhGiaYaC4j9']
AK Ausserkontrolle	Veysel	2	['723V3qJYk6RNNZwN1sET6b', '7k6sTmc6wuOnvelPcOMyf1']
Dardan	Luciano	2	['0Y1pARz0uImuvm5ICtnPV8', '4vOVlcGbOLDYlYIpZkU6VU']
Demi Lovato	Luis Fonsi	2	['1zsG4eaZmkA1dvjDDsAGLK', '2hl6q70unbviGo3g1R7uFx']
Aya Nakamura	Loredana	2	['5PBNu79LTOfx1vM1MdxHxP', '2ksv4nKtoxr0mSR0sHdn1y']
Glasperlenspiel	Summer Cem	2	['5BEGYrmNkuC6WYpKexwREx', '72B0REZOK7Xd2KE5aS08NN']
187 Strassenbande	Bonez MC	2	['6mw02h3qbWmuq2bJCRjRAe', '3aDYo34VzVf2i8aJyJk0ca']
187 Strassenbande	Gzuz	2	['6mw02h3qbWmuq2bJCRjRAe', '3aDYo34VzVf2i8aJyJk0ca']
Dopebwoy	Mert	2	['3n1kbZq98S3QdTOqz6YPFF', '6ImRu2ibgHCw8NFnLeeZCl']
Capital Bra	Massiv	2	['68wn1NLEopjHZaXY3yVRL5', '5JmBRZy6cXuqJntsAjcGhC']
Gzuz	Veysel	2	['3Rq0ElVcisouAl71RtnTUS', '6XjEOPgbgHKcaHcunEHSJJ']
Demi Lovato	Jax Jones	2	['2ytH5wDuqhgLTiDVYioteq', '0XfOi87h82i09rQjWYG0Bm']
Demi Lovato	Stefflon Don	2	['2ytH5wDuqhgLTiDVYioteq', '0XfOi87h82i09rQjWYG0Bm']
Jax Jones	Stefflon Don	2	['2ytH5wDuqhgLTiDVYioteq', '0XfOi87h82i09rQjWYG0Bm']
Ina Wroldsen	Jax Jones	2	['0KsB4TwgATg88aXCMBoO3Y', '6tvQzeCPwOytDlBYCIOY0n']
Nimo	Reda Rwena	2	['0l9QYQ887XEQtRhrurvY8v', '0kTMnfHRexJJ9Mz8eycmQt']
Nimo	YONII	2	['0l9QYQ887XEQtRhrurvY8v', '0kTMnfHRexJJ9Mz8eycmQt']
Reda Rwena	YONII	2	['0l9QYQ887XEQtRhrurvY8v', '0kTMnfHRexJJ9Mz8eycmQt']
Gzuz	KitschKrieg	2	['4Nip6oiJU24LqcUEi7u19S', '7AwPgamlOy97TfTIXDvb4S']
Capital Bra	Joshi Mizu	2	['4v4ZuW2tjSyyci2BcE5bTp', '4VPoDlvmMuV3ZSd5DPzMQI']
Ardian Bujupi	Payy	2	['23x5T12BAOGcV6qBlAfWcK', '4dL59MdDzLINk1Sq04y9Cf']
Bad Bunny	J Balvin	2	['58q2HKrzhC3ozto2nDdN4z', '5hcisvFMidkMJlElTO9Qmw']
Olexesh	Vanessa Mai	2	['683Qz6LnrvcpaNoBiOzFYi', '1R8XRj4pv0Ps1IYGXWJlbP']
Brooks	David Guetta	2	['6RnkFd8Fqqgk1Uni8RgqCQ', '4aBYzs8RxZMuqyOanNlf8I']
Brooks	Martin Garrix	2	['6RnkFd8Fqqgk1Uni8RgqCQ', '4aBYzs8RxZMuqyOanNlf8I']
Chris Stapleton	Justin Timberlake	2	['1LhMopPAallLeaeNutqbgS', '09ts3GnICqYEU5PkQCpJK3']
Nicki Minaj	Tyga	2	['4hXDobvUaXyDFLnmecoY0z', '2qfR91VvO7hRp4IajDT08h']
Afrojack	David Guetta	2	['2ludbmtPoyCPe2K08fAlFl', '0tPQPaOKM32WgMSbPCYyRH']
Billie Eilish	Khalid	2	['1NJcg626wLln4pGHpiV7mf', '0u2P5u6lvoDfwTYjAADbn4']
Dardan	Ufo361	2	['2Yx4wfjgzVH0zXdO8dChCm', '27yfGoOGT5CJtKdm25VY3R']
Becky G	David Guetta	2	['3soOPBuMK8YMdWnV7xpEyf', '4dSoDnmR9opAQ8KxUc9SbC']
Becky G	Sean Paul	2	['3soOPBuMK8YMdWnV7xpEyf', '4dSoDnmR9opAQ8KxUc9SbC']
David Guetta	Sean Paul	2	['3soOPBuMK8YMdWnV7xpEyf', '4dSoDnmR9opAQ8KxUc9SbC']
Azzi Memo	Capo	2	['6LfTpwqGGa7xJ81yqqy12W', '2Th7xjHwXwT07el10FcwMk']
Bonez MC	KitschKrieg	2	['610WYIsrvfJyEXTbtz45Mm', '5gGy6V9LSvMWjYECDTcvxf']
KitschKrieg	RAF Camora	2	['610WYIsrvfJyEXTbtz45Mm', '5gGy6V9LSvMWjYECDTcvxf']
Nimo	Niska	2	['1rqXVWjUh6eun8J7CDnrpv', '3BORnh3lPd7UbhdFh9Bcsf']
Rich The Kid	Ufo361	2	['2LrvymM7z6iZnvEecx5ZIA', '68GbOpTYyu7VAPKszMdB3A']
Animus	MoTrip	2	['6VkV6PFrmTTLakUaf6iWMM', '7a37wmlnE2tRs446fR5bOV']
Azzi Memo	Nimo	2	['4mGxpq4nAOz9ZHe7GmPcgO', '4ZkM6R7P3vGJ3O4ezCGnpy']
Lost Frequencies	Zonderling	2	['1ZtEZjYb4e0V0gqwRYeeAY', '2hqy4QmpvMeVz6zeolDeLQ']
6ix9ine	Murda Beatz	2	['2E124GmJRnBJuXbTb4cPUB', '4QIyEq7TcTdAcxjI2AFlAK']
Murda Beatz	Nicki Minaj	2	['2E124GmJRnBJuXbTb4cPUB', '4QIyEq7TcTdAcxjI2AFlAK']
Maxwell	Ufo361	2	['6ciUAqm3B0sJU57CJIAOby', '1Jnl8QKwc6NBLNbYahGExG']
18 Karat	King Khalil	2	['5lIWCyAsVuAqugo4AWIdth', '18Uay1003reV0z2KaK97NY']
Capital Bra	Farid Bang	2	['0IbCCL0xQJ0xGq3TPHS6aW', '5lIWCyAsVuAqugo4AWIdth']
Farid Bang	King Khalil	2	['5lIWCyAsVuAqugo4AWIdth', '18Uay1003reV0z2KaK97NY']
King Khalil	Kollegah	2	['5lIWCyAsVuAqugo4AWIdth', '18Uay1003reV0z2KaK97NY']
King Khalil	Summer Cem	2	['5lIWCyAsVuAqugo4AWIdth', '18Uay1003reV0z2KaK97NY']
Kollegah	Summer Cem	2	['5lIWCyAsVuAqugo4AWIdth', '18Uay1003reV0z2KaK97NY']
Ardian Bujupi	Fard	2	['4mKyVDOyrxMDlw78jKNmVK', '3y9kOAQhEGrL2rpGFoPtox']
Cardi B	Maroon 5	2	['6FRLCMO5TUHTexlWo8ym1W', '7fa9MBXhVfQ8P8Df9OEbD8']
AK Ausserkontrolle	Samra	2	['3eMwf7uAEn1VJcmd12gMmi', '3lr7xUKPIBRmOWwGY2JNSH']
Juicy J	Rae Sremmurd	2	['2yUbCEiaolfSMluDo9RMmG', '1BuZAIO8WZpavWVbbq3Lci']
Juicy J	Slim Jxmmi	2	['2yUbCEiaolfSMluDo9RMmG', '1BuZAIO8WZpavWVbbq3Lci']
Juicy J	Swae Lee	2	['2yUbCEiaolfSMluDo9RMmG', '1BuZAIO8WZpavWVbbq3Lci']
6ix9ine	Anuel AA	2	['0LQ1J0BCzA2qnAgp9MkkNE', '7ATATJztoWLcqDAcVVof0C']
Grey	Maren Morris	2	['09IStsImFySgyp0pIQdqAc', '2ARqIya5NAuvFVHSN3bL0m']
Grey	Zedd	2	['09IStsImFySgyp0pIQdqAc', '2ARqIya5NAuvFVHSN3bL0m']
Maren Morris	Zedd	2	['09IStsImFySgyp0pIQdqAc', '2ARqIya5NAuvFVHSN3bL0m']
Gringo	Trettmann	2	['4Nip6oiJU24LqcUEi7u19S', '7bty5wdK2LYmNxXk4N1lOM']
Trettmann	Ufo361	2	['4Nip6oiJU24LqcUEi7u19S', '4c3MGOBl71NguTFUxfpJR0']
Capital Bra	Eno	2	['6Yocr5JJOjupv71R5uhye5', '5P8EPCYTLW2bR4PanlvEpI']
Farid Bang	Fler	2	['5F0mKB9UfUT6J0ECCclriL', '67m9pQTDkmKFdmqgi1E6YO']
Kanye West	PARTYNEXTDOOR	2	['6Bg7MznA9X0dIhlAsLyBYj', '3dG6tjetoR4GMmUGZUprLt']
Fler	Rick Ross	2	['6wVN8Gw8liS7Quu48pXLHS', '1YpkU1bGyWpSWhwKmk0l20']
Nimo	Olexesh	2	['0fbUK9Clvvx53FkLn8Wssn', '5M9hgyDRcMzotYHEXvqhtC']
Brando	Loud Luxury	2	['7K7MUBCnzgBAvMVW2RTWNs', '43V1z6QToNNWNldV4FEG6r']
Ardian Bujupi	Master HP	2	['5S1a6dGOE1z2zGGDyCdQd7', '59sD9VrnVLXSCC2iK0a8PN']
Ardian Bujupi	Xhensila	2	['5S1a6dGOE1z2zGGDyCdQd7', '59sD9VrnVLXSCC2iK0a8PN']
Master HP	Xhensila	2	['5S1a6dGOE1z2zGGDyCdQd7', '59sD9VrnVLXSCC2iK0a8PN']
Azet	Nash	2	['6T9n0Xkcz0LWxGmcsrkYw7', '3Cw0IAdjDgjyD4AEY4o2ZW']
Clueso	Die Fantastischen Vier	2	['35Ma4j9sPWhUAJ471naHV3', '2qlTyN8Ou086f0HTtZtGoA']
Quavo	Ufo361	2	['1BIz5sdpxais2KjO6KiWqI', '3Dz60wNYgx77kkCPlTR6AM']
Kay One	Pietro Lombardi	2	['5mkBSuxDpC0m5tudoaIbVR', '5OHOykHs3Ct2pgbqod8uMD']
DJ Arow	Kollegah	2	['5g2vQdNgzQBD68Nmh6hR7C', '6ifD2oPhWBf2Uzrclvod3B']
Gesaffelstein	The Weeknd	2	['13wNEvWmBsWaWVtiLPRIW5', '56d6kYZhfhzpoC3s1dRU2V']
Mert	Puri	2	['0kBKGczYtpwhXs2FUy6XC1', '5n53jVHZbwehX7Kxt8jkAm']
Camila Cabello	Young Thug	2	['1rfofaqEpACxVEHIZBJe6W', '0ofbQMrRDsUaVKq2mGLEAb']
Jigzaw	Kollegah	2	['1htDr3ACVmEcCCpiCDs1hh', '18Uay1003reV0z2KaK97NY']
Jack & Jack	Jonas Blue	2	['3KLygy1YWhmrQx0GRs7IOx', '3u1S1OmAUhx5DRlLrXqyp3']
Cardi B	Nicki Minaj	2	['1YZfcVLbbJwfizR5cDOp3q', '4wFjTWCunQFKtukqrNijEt']
Migos	Nicki Minaj	2	['1YZfcVLbbJwfizR5cDOp3q', '4wFjTWCunQFKtukqrNijEt']
KYLE	Kehlani	2	['4F1yvJfQ7gJkrcgFJQDjOr', '43cFjTTCD9Cni4aSL0sORz']
Bastille	Craig David	2	['5lRzEC0Hyj92nEr9JkDxM2', '34t13rSSZtr22CjcmroMmh']
Imagine Dragons	Kygo	2	['4M3FO0ji6Lc8vwD1sgf1nc', '0kHyKhJMukHEPfeh8s7rdM']
Bonez MC	Sa4	2	['18Zpt1MlMp5PgRfMd8YQ9Z', '5G1Iib7IiGeXu9Ar5EItsx']
Eminem	Nate Dogg	2	['6yr8GiTHWvFfi4o6Q5ebdT', '4xkOaSrkexMciUUogZKVTS']
Chance the Rapper	DJ Khaled	2	['5WvAo7DNuPRmk4APhdPzi8', '3DXncPQOG4VBw3QHh3S817']
Chance the Rapper	Justin Bieber	2	['5WvAo7DNuPRmk4APhdPzi8', '3DXncPQOG4VBw3QHh3S817']
Chance the Rapper	Quavo	2	['5WvAo7DNuPRmk4APhdPzi8', '3DXncPQOG4VBw3QHh3S817']
DJ Khaled	Justin Bieber	2	['5WvAo7DNuPRmk4APhdPzi8', '3DXncPQOG4VBw3QHh3S817']
DJ Khaled	Quavo	2	['5WvAo7DNuPRmk4APhdPzi8', '3DXncPQOG4VBw3QHh3S817']
Justin Bieber	Quavo	2	['5WvAo7DNuPRmk4APhdPzi8', '3DXncPQOG4VBw3QHh3S817']
Lil Peep	XXXTENTACION	2	['4jvjzW7Hm0yK4LvvE0Paz9', '0Dn40gxVCMo5TkgS8Ik18Q']
J Balvin	Nicky Jam	2	['39N9RPD9MRb5WmoLzNzPeA', '6JjPBQfI2Y8nIjnm65X6Pw']
AK Ausserkontrolle	Gzuz	2	['3FM6XiW9zwexQppdAxgWyw', '2QUzpzwnNChjaaOlaVSqCH']
Gzuz	Kontra K	2	['3FM6XiW9zwexQppdAxgWyw', '2QUzpzwnNChjaaOlaVSqCH']
Avicii	Sandro Cavazza	2	['6Pgkp4qUoTmJIPn7ReaGxL', '6WbADFqMvR8N5u0BvtsWQE']
Anne-Marie	David Guetta	2	['2zy9TMoZlYGuCNY4TLqG24', '2lYTJK94hb0fd1LQtb6Dhk']
Jason Derulo	Nicki Minaj	2	['6kex4EBAj0WHXDKZMEJaaF', '5Xn4IyTtW6FUGIUyWjbUHG']
Azet	RAF Camora	2	['6X0pg9AHaLYLq8Cy5j8Suz', '5mqjWAb4xWdoIr6IZdHpqS']
Capital Bra	SAMY	2	['71XGMPKmWtVxO7bGcGZhbn', '3nOapu3bCsgKa3WKLwjF9n']
SAMY	XATAR	2	['71XGMPKmWtVxO7bGcGZhbn', '3nOapu3bCsgKa3WKLwjF9n']
Ed Sheeran	Eminem	2	['1cS0TgbR263ey9jn0MwD2s', '5UEnHoDYpsxlfzWLZIc7LD']
Eno	XATAR	2	['3rIIJAFI3fn3HhofbszCJ7', '4PMkSxnB7s6930ScKATKLa']
Khalid	Shawn Mendes	2	['5SwEgzUFDHwpWHKrbnP32Z', '3Wf2YGdYT8xVdNsQSoRKk9']
Mark Ronson	Miley Cyrus	2	['27rdGxbavYJeBphck5MZAF', '5KHzV8Gf3aweIMImliFAOs']
Ariana Grande	Nicki Minaj	2	['1ZEm9cJC05rawV2tptNfTS', '3L4GsGLgxpHieVQH86H8bv']
Halsey	Khalid	2	['7FGq80cy8juXBCD2nrqdWU', '0d2iYfpKoM0QCKvcLCkBao']
Halsey	benny blanco	2	['7FGq80cy8juXBCD2nrqdWU', '0d2iYfpKoM0QCKvcLCkBao']
Khalid	benny blanco	2	['7FGq80cy8juXBCD2nrqdWU', '0d2iYfpKoM0QCKvcLCkBao']
Little Mix	Nicki Minaj	2	['222B3aljXx6fFwKmFjuBED', '6rrTr2HEAzlpC4KWZxF3S1']
Bausa	Joshi Mizu	2	['4zT5LN5Aqzgs19DMRRNPI8', '49y9Jh6uPCc4DrhmL6yavX']
Ufo361	Yung Hurn	2	['4RNVu6nVWfHD8eeCcfmQ9t', '6ZyLo7sln0QFP7YXqgXCU8']
Clean Bandit	Demi Lovato	2	['6kPJZM97LwdG9QIsT7khp6', '3NuK5xMlSlB6K2Qp16zf3h']
Emily Warren	The Chainsmokers	2	['5yNEdBlZMxpcVtGKz5NFk5', '3OtQmFLS5b3pTgIf44GQFJ']
Azzi Memo	Luciano	2	['0DhRFJSeCojgMAkHjHvES2', '1eia3gI1BlQpEdwPVTDhW6']
Bebe Rexha	Florida Georgia Line	2	['7iDa6hUg2VgEL1o1HjmfBn', '4e4fqjx0Izh4svvTef1z7e']
Bonez MC	LX	2	['3aDYo34VzVf2i8aJyJk0ca', '5G1Iib7IiGeXu9Ar5EItsx']
Eminem	Jessie Reyez	2	['4g32MdRoqwGKQd3NXIRhpU', '09FfQO3PqHO4HIJL511Ksi']
Bausa	Nura	2	['36jLyaYGwrlOz0fpQzQzIm', '49y9Jh6uPCc4DrhmL6yavX']
Lost Frequencies	The NGHBRS	2	['5CvezlLZQpHWHeODmDqv0p', '30K9xVNSog0DVr5ey5yVoY']
SXTN	Schwesta Ewa	2	['1kR97e0H08UKbp2kftDf7E', '6jOpB4tYT28gIsWQmSpua0']
JURI	Scenzah	2	['4HbWRdtVmSUPywDxXrwdrj', '3Qkf7X9xbQMXKi9xjMSVzc']
Scenzah	Sun Diego	2	['4HbWRdtVmSUPywDxXrwdrj', '3Qkf7X9xbQMXKi9xjMSVzc']
Logic	Marshmello	2	['6zOhgKfbMiQWToE6K13s2s', '4EAV2cKiqKP5UPZmY6dejk']
Bausa	Summer Cem	2	['35lIK2q78MSgv3Abb4qAjk', '0jB0RNZIfaihaDKNmdrI40']
Haftbefehl	Kool Savas	2	['2xGfRJWGojhSv9VKAfjKh1', '3WtVfsf6ASh1Eaib3bzPeX']
Haftbefehl	Sido	2	['2xGfRJWGojhSv9VKAfjKh1', '3WtVfsf6ASh1Eaib3bzPeX']
Kool Savas	Sido	2	['2xGfRJWGojhSv9VKAfjKh1', '3WtVfsf6ASh1Eaib3bzPeX']
Kodak Black	Offset	2	['0FZ4Dmg8jJJAPJnvBIzD9z', '7l3E7lcozEodtVsSTCkcaA']
Kodak Black	Travis Scott	2	['0FZ4Dmg8jJJAPJnvBIzD9z', '7l3E7lcozEodtVsSTCkcaA']
Offset	Travis Scott	2	['0FZ4Dmg8jJJAPJnvBIzD9z', '7l3E7lcozEodtVsSTCkcaA']
Bori	Felix Jaehn	2	['7uM7YZwNZqdDMG0NfGhmux', '1iBOPEE6fIMsl7GMMcEyCF']
Bori	R. City	2	['7uM7YZwNZqdDMG0NfGhmux', '1iBOPEE6fIMsl7GMMcEyCF']
Felix Jaehn	R. City	2	['7uM7YZwNZqdDMG0NfGhmux', '1iBOPEE6fIMsl7GMMcEyCF']
Azet	Miami Yacine	2	['3Cw0IAdjDgjyD4AEY4o2ZW', '0kwfo96MgdyJGy8kkWUueU']
Daddy Yankee	Luis Fonsi	2	['5CtI0qwDJkDQGwXD1H1cLb', '4aWmUDTfIPGksMNLV2rQP2']
Falco	Sun Diego	1	['5SBFZEipvLrddLiaDrZp2c']
Bonez MC	Kontra K	1	['2ScbGzrUTiywyaUS1MRUTJ']
Erika Sirola	Robin Schulz	1	['1rCcsYnmqbMYdkG7kS9GC5']
Soolking	Veysel	1	['5R1Tv8SO02AEUhpNCSK3TO']
6ix9ine	A Boogie Wit da Hoodie	1	['6o79O9qBP3OAkWOXajAQIS']
Eartha Kitt	Henri Rene & His Orchestra	1	['1foCxQtxBweJtZmdxhEHVO']
Moe Phoenix	PA Sports	1	['1bAz8BCBuY5peGKEPw8QOG']
Khalid	Normani	1	['45Egmo7icyopuzJN0oMEdk']
Becky G	Natti Natasha	1	['2ijef6ni2amuunRoKTlgww']
Dopebwoy	Majoe	1	['3HSFw0MFTq8Jy9cDkmYwfw']
Bad Bunny	Casper Magico	1	['3V8UKqhEK5zBkBb6d6ub8i']
Bad Bunny	Darell	1	['3V8UKqhEK5zBkBb6d6ub8i']
Bad Bunny	Nicky Jam	1	['3V8UKqhEK5zBkBb6d6ub8i']
Bad Bunny	Nio Garcia	1	['3V8UKqhEK5zBkBb6d6ub8i']
Bad Bunny	Ozuna	1	['3V8UKqhEK5zBkBb6d6ub8i']
Casper Magico	Darell	1	['3V8UKqhEK5zBkBb6d6ub8i']
Casper Magico	Nicky Jam	1	['3V8UKqhEK5zBkBb6d6ub8i']
Casper Magico	Nio Garcia	1	['3V8UKqhEK5zBkBb6d6ub8i']
Casper Magico	Ozuna	1	['3V8UKqhEK5zBkBb6d6ub8i']
Darell	Nicky Jam	1	['3V8UKqhEK5zBkBb6d6ub8i']
Darell	Nio Garcia	1	['3V8UKqhEK5zBkBb6d6ub8i']
Darell	Ozuna	1	['3V8UKqhEK5zBkBb6d6ub8i']
Nicky Jam	Nio Garcia	1	['3V8UKqhEK5zBkBb6d6ub8i']
Nio Garcia	Ozuna	1	['3V8UKqhEK5zBkBb6d6ub8i']
Juan Magán	Lena	1	['68JBwSwbwqcxuvh2CYesTh']
Juan Magán	Topic	1	['68JBwSwbwqcxuvh2CYesTh']
Lena	Topic	1	['68JBwSwbwqcxuvh2CYesTh']
Alvaro Soler	Flo Rida	1	['56gH0zGe3SP9SGNoQ2pWwn']
Alvaro Soler	TINI	1	['56gH0zGe3SP9SGNoQ2pWwn']
Flo Rida	TINI	1	['56gH0zGe3SP9SGNoQ2pWwn']
AK Ausserkontrolle	Sa4	1	['7yU2q4lzZpnMSJZJ34uv64']
Genetikk	Kollegah	1	['3u2N4otx22kohvfkpCWEVM']
6ix9ine	DJ SpinKing	1	['6kp0inxIexxSiDJfWqq0ZL']
Gringo	Veysel	1	['1AjebVX4K3KLY8Shz2gQ5A']
Beyoncé	J Balvin	1	['7fwXWKdDNI5IutOMc5OKYw']
Beyoncé	Willy William	1	['7fwXWKdDNI5IutOMc5OKYw']
Future	James Blake	1	['51rXHuKN8Loc4sUlKPODgH']
Future	Jay Rock	1	['51rXHuKN8Loc4sUlKPODgH']
Future	Kendrick Lamar	1	['51rXHuKN8Loc4sUlKPODgH']
James Blake	Jay Rock	1	['51rXHuKN8Loc4sUlKPODgH']
James Blake	Kendrick Lamar	1	['51rXHuKN8Loc4sUlKPODgH']
Jay Rock	Kendrick Lamar	1	['51rXHuKN8Loc4sUlKPODgH']
Justin Jesso	Kygo	1	['0Zbbxnx4SGGHoIow4PpISP']
A$AP Rocky	Cardi B	1	['2DQ1ITjI0YoLFzuADN1ZBW']
A$AP Rocky	G-Eazy	1	['2DQ1ITjI0YoLFzuADN1ZBW']
Cardi B	G-Eazy	1	['2DQ1ITjI0YoLFzuADN1ZBW']
HUGEL	Robin Schulz	1	['2i3WO0WkrlnrA1I4GdUmxh']
DJ Antoine	Moe Phoenix	1	['5xXhbG39hXYag3yXAjutpg']
DJ Antoine	Sido	1	['5xXhbG39hXYag3yXAjutpg']
Moe Phoenix	Sido	1	['5xXhbG39hXYag3yXAjutpg']
Marshmello	Selena Gomez	1	['7EmGUiUaOSGDnUUQUDrOXC']
Dendemann	Trettmann	1	['7CNlGUOnrvXoluTbTc1DjU']
G-Eazy	Halsey	1	['5k38wzpLb15YgncyWdTZE4']
James Hype	Kelli-Leigh	1	['53SnCRcGrB2UCqNGyYZhJD']
Dardan	Jayem	1	['3DCPcT6lwFmyWuSmqvj1ke']
Dardan	Rooz	1	['3DCPcT6lwFmyWuSmqvj1ke']
Jayem	Rooz	1	['3DCPcT6lwFmyWuSmqvj1ke']
CADE	Cheat Codes	1	['1NDxZ7cFAo481dtYWdrUnR']
CADE	Maggie Lindemann	1	['1NDxZ7cFAo481dtYWdrUnR']
Cheat Codes	Maggie Lindemann	1	['1NDxZ7cFAo481dtYWdrUnR']
Khalid	Marshmello	1	['7vGuf3Y35N4wmASOKLUVVU']
Jay Electronica	Justin Bieber	1	['0sPJELXHyWpFgkxlzvvRFI']
Jay Electronica	Poo Bear	1	['0sPJELXHyWpFgkxlzvvRFI']
Justin Bieber	Poo Bear	1	['0sPJELXHyWpFgkxlzvvRFI']
Alle Farben	RHODES	1	['625SfHM2FVyyUj3cT8108G']
Khalid	Martin Garrix	1	['3nc420PXjTdBV5TN0gCFkS']
Capital Bra	RAF Camora	1	['4v4ZuW2tjSyyci2BcE5bTp']
Joshi Mizu	RAF Camora	1	['4v4ZuW2tjSyyci2BcE5bTp']
Moe Phoenix	Mosh36	1	['46qCFvbRmCK5QPpMNM8Alo']
Maroon 5	SZA	1	['3hBBKuWJfxlIlnd9QFoC8k']
Bad Bunny	DJ Luian	1	['5hcisvFMidkMJlElTO9Qmw']
Bad Bunny	Mambo Kingz	1	['5hcisvFMidkMJlElTO9Qmw']
Bad Bunny	Prince Royce	1	['5hcisvFMidkMJlElTO9Qmw']
DJ Luian	J Balvin	1	['5hcisvFMidkMJlElTO9Qmw']
DJ Luian	Mambo Kingz	1	['5hcisvFMidkMJlElTO9Qmw']
DJ Luian	Prince Royce	1	['5hcisvFMidkMJlElTO9Qmw']
J Balvin	Mambo Kingz	1	['5hcisvFMidkMJlElTO9Qmw']
J Balvin	Prince Royce	1	['5hcisvFMidkMJlElTO9Qmw']
Mambo Kingz	Prince Royce	1	['5hcisvFMidkMJlElTO9Qmw']
Drake	Lil Baby	1	['6vN77lE9LK6HP2DewaN6HZ']
Filmový symfonický orchestr	Stepan Konicek	1	['7qRBiX2P5wDMD5wkXEsRMD']
Nura	Remoe	1	['72wxy5ABDkBUdUCack1qBw']
Ed Sheeran	Future	1	['2x0WlnmfG39ZuDmstl9xfX']
Ed Sheeran	Taylor Swift	1	['2x0WlnmfG39ZuDmstl9xfX']
Future	Taylor Swift	1	['2x0WlnmfG39ZuDmstl9xfX']
Paula Douglas	Sero	1	['6sSth5QUjNYCQU54y7jnGp']
BloodPop®	Justin Bieber	1	['7nZmah2llfvLDiUjm0kiyz']
Afrojack	Charli XCX	1	['0tPQPaOKM32WgMSbPCYyRH']
Afrojack	French Montana	1	['0tPQPaOKM32WgMSbPCYyRH']
Charli XCX	David Guetta	1	['0tPQPaOKM32WgMSbPCYyRH']
Charli XCX	French Montana	1	['0tPQPaOKM32WgMSbPCYyRH']
David Guetta	French Montana	1	['0tPQPaOKM32WgMSbPCYyRH']
Lil Wayne	XXXTENTACION	1	['5BQrp63SHCVf4bzCzJePne']
Bad Bunny	Drake	1	['116H0KvKr2Zl4RPuVBruDO']
Beatgees	Namika	1	['0LH2h4pwiX1iY3KDuONOb6']
Capital Bra	KAY AY	1	['3vstmZw0VdDGYqw9nUAy2A']
Era Istrefi	Nicky Jam	1	['4DnHUy01jEA4b5ydC3HgsT']
Era Istrefi	Will Smith	1	['4DnHUy01jEA4b5ydC3HgsT']
Nicky Jam	Will Smith	1	['4DnHUy01jEA4b5ydC3HgsT']
Nicki Minaj	Post Malone	1	['6IaieqiCVvsNvEt6Y7yOFa']
Nick Waterhouse	Ofenbach	1	['2NF8A7C6tICScdRaZ0BrEe']
Ali As	Juju	1	['4INWROPw3iaRERFlVp0fGP']
Cyril aka Aaron Hilmer	LEA	1	['5psDugCQ2V8uayDeSuTvdD']
Eminem	"Royce Da 5'9"""	1	['28FGV3ORH14MYORd7s5dlU']
Bebe Rexha	Machine Gun Kelly	1	['0OI7AFifLSoGzpb8bdBLLV']
Bebe Rexha	X Ambassadors	1	['0OI7AFifLSoGzpb8bdBLLV']
Machine Gun Kelly	X Ambassadors	1	['0OI7AFifLSoGzpb8bdBLLV']
Kanye West	Lil Pump	1	['4S8d14HvHb70ImctNgVzQQ']
Macklemore	Skylar Grey	1	['0CokSRCu5hZgPxcZBaEzVE']
Abdi	Celo	1	['38yO5JuwYujWm8XBvMOOrk']
Abdi	Hanybal	1	['38yO5JuwYujWm8XBvMOOrk']
Abdi	Olexesh	1	['38yO5JuwYujWm8XBvMOOrk']
Celo	Hanybal	1	['38yO5JuwYujWm8XBvMOOrk']
Celo	Olexesh	1	['38yO5JuwYujWm8XBvMOOrk']
Hanybal	Olexesh	1	['38yO5JuwYujWm8XBvMOOrk']
18 Karat	KC Rebell	1	['7aQhqSmJKMPBKiYNX0pFaq']
A$AP Rocky	Skepta	1	['7ycWLEP1GsNjVvcjawXz3z']
Dynoro	Gigi D'Agostino	1	['0E9ZjEAyAwOXZ7wJC0PD33']
A$AP Rocky	FKA twigs	1	['1AqemxWsT0iGg5Lvkm16Bt']
Bing Crosby	John Scott Trotter & His Orchestra	1	['4so0Wek9Ig1p6CRCHuINwW']
Bing Crosby	Ken Darby Singers	1	['4so0Wek9Ig1p6CRCHuINwW']
John Scott Trotter & His Orchestra	Ken Darby Singers	1	['4so0Wek9Ig1p6CRCHuINwW']
2 Chainz	Saudi	1	['4LmAnpjlhWTahvRkYR8xJa']
2 Chainz	ScHoolboy Q	1	['4LmAnpjlhWTahvRkYR8xJa']
Saudi	ScHoolboy Q	1	['4LmAnpjlhWTahvRkYR8xJa']
Nura	Trettmann	1	['5SjeePcIepdfjKVHM3tfw1']
Coldplay	The Chainsmokers	1	['6RUKPb4LETWmmr3iAEQktW']
AJR	Rivers Cuomo	1	['5537GkcZu99NDs1gH9iCOY']
MRC	Mudi	1	['2I32SNHNNXdy1Gf10G76nY']
Jax Jones	Mabel	1	['3pSfoP1xZllxEuZ6Oh6ebn']
Jax Jones	Rich The Kid	1	['3pSfoP1xZllxEuZ6Oh6ebn']
Mabel	Rich The Kid	1	['3pSfoP1xZllxEuZ6Oh6ebn']
21 Savage	Cardi B	1	['75FDPwaULRdYDn4StFN2rT']
Julia Michaels	Shawn Mendes	1	['5QskYLFPX9y7pLU0VEMNbr']
BLACKPINK	Dua Lipa	1	['13hvHEstJ4sNbzdroPrPI3']
Liam Payne	Quavo	1	['6EpRaXYhGOB3fj4V2uDkMJ']
Keala Settle	The Greatest Showman Ensemble	1	['2xGjteMU3E1tkEPVFBO08U']
Future	Juice WRLD	1	['5274I4mUMnYczyeXkGDWZN']
Azad	Fler	1	['2pdm2nwVFcolf1I1xqmT2L']
Ardian Bujupi	AriBeatz	1	['74FwgcTcbEWpCMs1Njbk6w']
Ardian Bujupi	Ozel	1	['74FwgcTcbEWpCMs1Njbk6w']
AriBeatz	Ozel	1	['74FwgcTcbEWpCMs1Njbk6w']
Capital Bra	Zuna	1	['5yUvZkLrxr7LmguKg5BUjF']
18 Karat	Capital Bra	1	['5lIWCyAsVuAqugo4AWIdth']
Capital Bra	Kollegah	1	['5lIWCyAsVuAqugo4AWIdth']
Caroliina	Lartiste	1	['0WxiQqTcK3ZErx2mMWgtm6']
AriBeatz	RAF Camora	1	['38KR9aB0bPkjM4gKhKr7tr']
AriBeatz	Sofiane	1	['38KR9aB0bPkjM4gKhKr7tr']
RAF Camora	Sofiane	1	['38KR9aB0bPkjM4gKhKr7tr']
Post Malone	Quavo	1	['3a1lNhkSLSkpJE4MSHpDu9']
Ella Eyre	Sigala	1	['3kGfazcbVvVkuZunzlLgTD']
Avicii	Rita Ora	1	['2OALaHcDdKkjYEpAr0Qzab']
Alle Farben	Kelvin Jones	1	['77YLeSEI8unMbZVWNUqioQ']
Alle Farben	Younotus	1	['77YLeSEI8unMbZVWNUqioQ']
Kelvin Jones	Younotus	1	['77YLeSEI8unMbZVWNUqioQ']
Gringo	Gzuz	1	['4Nip6oiJU24LqcUEi7u19S']
Gringo	KitschKrieg	1	['4Nip6oiJU24LqcUEi7u19S']
Gringo	Ufo361	1	['4Nip6oiJU24LqcUEi7u19S']
KitschKrieg	Ufo361	1	['4Nip6oiJU24LqcUEi7u19S']
Bausa	Kontra K	1	['4v2k7C1ApbqtnqVnl28OVj']
Louis The Child	Wafia	1	['447yWcDPg1ddgcHBLGpJC0']
Nura	SAM	1	['21qbh6P4bttsbFmlN2Gyu5']
Kygo	Miguel	1	['6xTU6B6nFwKKTSZ9ySXS80']
Akon	Bushido	1	['1HcV3BleOaEZ6cKSyNflUR']
Diplo	Ellie Goulding	1	['5JEx7HbmvHQQswJCsoo9rA']
Diplo	Swae Lee	1	['5JEx7HbmvHQQswJCsoo9rA']
Ellie Goulding	Swae Lee	1	['5JEx7HbmvHQQswJCsoo9rA']
James Blunt	Lost Frequencies	1	['5r49JKf2vWBF0CQjZewJ0O']
Celo & Abdi	Nimo	1	['0fbUK9Clvvx53FkLn8Wssn']
Celo & Abdi	Olexesh	1	['0fbUK9Clvvx53FkLn8Wssn']
Fler	Summer Cem	1	['3VhZbQN6WpqZnfiKSEPORv']
Jalil	Summer Cem	1	['3VhZbQN6WpqZnfiKSEPORv']
Elley Duhé	Zedd	1	['4keoy2fqgwGnbWlm3ZVZFa']
Camila Cabello	Pharrell Williams	1	['6XlSyYFTU1nodeWwwzVgTV']
Capital Bra	Juju	1	['5d35jcJj7WjDQBOHCHPY6t']
Eno	SAMY	1	['4ctbHNMBVw45eeyrEFIGk4']
ALMA	Martin Solveig	1	['3aLSrx8qhssXrh5yjB6oy9']
Jax Jones	RAYE	1	['00lNx0OcTJrS3MKHcB80HY']
Olexesh	Ufo361	1	['1kAsrCFSZvPfhQKwkXTNOV']
Brudi030	Gringo	1	['3KLtubo7pmQDUB658md8SG']
Brudi030	Sa4	1	['3KLtubo7pmQDUB658md8SG']
Gringo	Sa4	1	['3KLtubo7pmQDUB658md8SG']
Ali As	Summer Cem	1	['0G5e5RKaBIT2s6I4yd3UK0']
MoTrip	Summer Cem	1	['0G5e5RKaBIT2s6I4yd3UK0']
Anitta	J Balvin	1	['3Ga6eKrUFf12ouh9Yw3v2D']
Lil Wayne	Sosamann	1	['3JX0dOCIAiaR8MP3ryXWuM']
21 Savage	Migos	1	['4BHzHISX21PYwGXiBEUQ70']
Andrez Babii	Judah	1	['14boA065HMHWvqyPPEeN4y']
Andrez Babii	Rio Santana	1	['14boA065HMHWvqyPPEeN4y']
Andrez Babii	XXXTENTACION	1	['14boA065HMHWvqyPPEeN4y']
Judah	Rio Santana	1	['14boA065HMHWvqyPPEeN4y']
Judah	XXXTENTACION	1	['14boA065HMHWvqyPPEeN4y']
Rio Santana	XXXTENTACION	1	['14boA065HMHWvqyPPEeN4y']
Bonez MC	Hanybal	1	['6Cy4jkukjKnIqGYkU7xCeF']
Hanybal	RAF Camora	1	['6Cy4jkukjKnIqGYkU7xCeF']
Diplo	Dua Lipa	1	['5N4erncE7kuUccm7zEmwzk']
Diplo	Mark Ronson	1	['5N4erncE7kuUccm7zEmwzk']
Diplo	Silk City	1	['5N4erncE7kuUccm7zEmwzk']
Dua Lipa	Mark Ronson	1	['5N4erncE7kuUccm7zEmwzk']
Dua Lipa	Silk City	1	['5N4erncE7kuUccm7zEmwzk']
Mark Ronson	Silk City	1	['5N4erncE7kuUccm7zEmwzk']
(G)I-DLE	Jaira Burns	1	['5sbooPcNgIE22DwO0VNGUJ']
(G)I-DLE	K/DA	1	['5sbooPcNgIE22DwO0VNGUJ']
(G)I-DLE	League of Legends	1	['5sbooPcNgIE22DwO0VNGUJ']
(G)I-DLE	Madison Beer	1	['5sbooPcNgIE22DwO0VNGUJ']
Jaira Burns	K/DA	1	['5sbooPcNgIE22DwO0VNGUJ']
Jaira Burns	League of Legends	1	['5sbooPcNgIE22DwO0VNGUJ']
Jaira Burns	Madison Beer	1	['5sbooPcNgIE22DwO0VNGUJ']
K/DA	League of Legends	1	['5sbooPcNgIE22DwO0VNGUJ']
K/DA	Madison Beer	1	['5sbooPcNgIE22DwO0VNGUJ']
League of Legends	Madison Beer	1	['5sbooPcNgIE22DwO0VNGUJ']
Beyoncé	Ed Sheeran	1	['1bhUWB0zJMIKr9yVPrkEuI']
Jonas Blue	William Singe	1	['0NiXXAI876aGImAd6rTj8w']
Beyoncé	Eminem	1	['5PIBgH1cUFwu5IiUk9tnN9']
Julia Michaels	Lauv	1	['2hnxrRNzF74mdDzpQZQukQ']
Fler	Kaaris	1	['318Mex1HODCV2OS1zrP5jl']
Capital Bra	Capital T	1	['3LMQL9CSxvUP2m8FeFszP6']
Bad Bunny	Cardi B	1	['58q2HKrzhC3ozto2nDdN4z']
Cardi B	J Balvin	1	['58q2HKrzhC3ozto2nDdN4z']
Luciano	Veysel	1	['6d90RoEzEKSRCmEdLI6ELC']
Mozzik	Veysel	1	['66bsUCJWoy09bpuljIXumf']
Big Sean	Migos	1	['2KokOIKdw4zZutDil85Ugh']
Big Sean	Travis Scott	1	['2KokOIKdw4zZutDil85Ugh']
Big Sean	Ty Dolla $ign	1	['2KokOIKdw4zZutDil85Ugh']
Migos	Travis Scott	1	['2KokOIKdw4zZutDil85Ugh']
Migos	Ty Dolla $ign	1	['2KokOIKdw4zZutDil85Ugh']
Travis Scott	Ty Dolla $ign	1	['2KokOIKdw4zZutDil85Ugh']
Bonn	Martin Garrix	1	['4ut5G4rgB1ClpMTMfjoIuy']
6ix9ine	Gringo	1	['0w7Yk16SqMY7BioZktmcYm']
Kanye West	Lil Uzi Vert	1	['3DoBTwfr8yi2LN08SBpFkN']
Kanye West	Travis Scott	1	['3DoBTwfr8yi2LN08SBpFkN']
Lil Uzi Vert	Travis Scott	1	['3DoBTwfr8yi2LN08SBpFkN']
B. Swanson Quartet	Frank Sinatra	1	['7inXu0Eaeg02VsM8kHNvzM']
J Balvin	Liam Payne	1	['0Y4hwUppbGc8aIBmiTz30A']
Bonez MC	Javada	1	['4PUTetB9nwH8CBJsfxsTFf']
Taylor Swift	ZAYN	1	['3NdDpSvN911VPGivFlV5d0']
DJ Katch	Edin	1	['1zt0pQ4YjYP3nD75zIx291']
DJ Katch	Olexesh	1	['1zt0pQ4YjYP3nD75zIx291']
Farid Bang	Musiye	1	['6wGhLzq97DAzDrgOLit3kD']
Kollegah	Musiye	1	['6wGhLzq97DAzDrgOLit3kD']
6ix9ine	Vladimir Cauchemar	1	['0pzKMdjWnQRd7SoHnhV7EO']
Bryson Tiller	DJ Khaled	1	['1OAh8uOEOvTDqkKFsKksCi']
Bryson Tiller	Rihanna	1	['1OAh8uOEOvTDqkKFsKksCi']
DJ Khaled	Rihanna	1	['1OAh8uOEOvTDqkKFsKksCi']
21 Savage	Metro Boomin	1	['43lYaovU2FoeuBMNusVVVW']
Dua Lipa	Martin Garrix	1	['3ebXMykcMXOcLeJ9xZ17XH']
Avicii	Billy Raffoul	1	['12ip0ceCeszDTDFxDY1AXJ']
Eunique	XATAR	1	['52JUMGIouJyUYN5I5uC9Ea']
Daya	The Chainsmokers	1	['0QsvXIfqM0zZoerQfsI9lm']
6ix9ine	Capo	1	['4IAVIBh9jbYN30DwpHFMD4']
6ix9ine	Farid Bang	1	['4IAVIBh9jbYN30DwpHFMD4']
6ix9ine	SCH	1	['4IAVIBh9jbYN30DwpHFMD4']
Capo	Farid Bang	1	['4IAVIBh9jbYN30DwpHFMD4']
Capo	SCH	1	['4IAVIBh9jbYN30DwpHFMD4']
Farid Bang	SCH	1	['4IAVIBh9jbYN30DwpHFMD4']
RAF Camora	Sa4	1	['18Zpt1MlMp5PgRfMd8YQ9Z']
Ryan Riback	Starley	1	['78rIJddV4X0HkNAInEcYde']
Justice	POL1Z1STENS0HN a.k.a. Jan Böhmermann	1	['5x83cAFPqTeugnaCILS4hW']
Rae Sremmurd	Travis Scott	1	['1oUudyBYVGMIC8JXeIsFzq']
Slim Jxmmi	Travis Scott	1	['1oUudyBYVGMIC8JXeIsFzq']
Swae Lee	Travis Scott	1	['1oUudyBYVGMIC8JXeIsFzq']
Bea Miller	NOTD	1	['18W92Zm1KjLCbUIszOhpkD']
Offset	Tyga	1	['5IaHrVsrferBYDm0bDyABy']
Alex Christensen	The Berlin Orchestra	1	['6aRGTfmcxyKZ6pHJLpNe1c']
Ali As	Kollegah	1	['3Gh5UAnpwnfKE6wP9TMypH']
Kollegah	MoTrip	1	['3Gh5UAnpwnfKE6wP9TMypH']
Buba Corelli	Jala Brat	1	['0fj95D2DF2DgzY1RaR6NBY']
Buba Corelli	RAF Camora	1	['0fj95D2DF2DgzY1RaR6NBY']
Jala Brat	RAF Camora	1	['0fj95D2DF2DgzY1RaR6NBY']
Loredana	Mozzik	1	['5UtiebKGhsSce9gX1qCqic']
BTS	Desiigner	1	['7Ed6BkggCS2KaKY5YlINaF']
BTS	Steve Aoki	1	['7Ed6BkggCS2KaKY5YlINaF']
Desiigner	Steve Aoki	1	['7Ed6BkggCS2KaKY5YlINaF']
Dan Caplen	Jess Glynne	1	['5CLGzJsGqhCEECcpnFQA8x']
Dan Caplen	Macklemore	1	['5CLGzJsGqhCEECcpnFQA8x']
Dan Caplen	Rudimental	1	['5CLGzJsGqhCEECcpnFQA8x']
Jess Glynne	Macklemore	1	['5CLGzJsGqhCEECcpnFQA8x']
Jess Glynne	Rudimental	1	['5CLGzJsGqhCEECcpnFQA8x']
Macklemore	Rudimental	1	['5CLGzJsGqhCEECcpnFQA8x']
Anne-Marie	Marshmello	1	['08bNPGLD8AhKpnnERrAc6G']
Chance the Rapper	Lil Wayne	1	['3DXncPQOG4VBw3QHh3S817']
DJ Khaled	Lil Wayne	1	['3DXncPQOG4VBw3QHh3S817']
Justin Bieber	Lil Wayne	1	['3DXncPQOG4VBw3QHh3S817']
Lil Wayne	Quavo	1	['3DXncPQOG4VBw3QHh3S817']
Drunken Masters	Nimo	1	['27Vuyqm8h8Z8c4Luae16NO']
Brett Eldredge	Meghan Trainor	1	['5Q2P43CJra0uRAogjHyJDK']
Calvin Harris	Jessie Reyez	1	['5N5k9nd479b1xpDZ4usjrg']
Calvin Harris	Sam Smith	1	['5N5k9nd479b1xpDZ4usjrg']
Jessie Reyez	Sam Smith	1	['5N5k9nd479b1xpDZ4usjrg']
French Montana	Jason Derulo	1	['2z4pcBLQXF2BXKFvd0BuB6']
Nick Jonas	Robin Schulz	1	['43wzy7JxMEfvCh8ZFeZKYk']
21 Savage	Quavo	1	['3edzl4zvKFi0D3iuF6cs2f']
Olexesh	XATAR	1	['7dDMrBKambvHdIE2ye6jXj']
Bradley Cooper	Lady Gaga	1	['2VxeLyX666F8uXCJ0dZF8B']
Bebe Rexha	David Guetta	1	['0YammaEkYSeo9vQYZ1OwS6']
Bebe Rexha	J Balvin	1	['0YammaEkYSeo9vQYZ1OwS6']
David Guetta	J Balvin	1	['0YammaEkYSeo9vQYZ1OwS6']
Minhtendo	reezy	1	['6Sq4x6qENtkGI92oDmJ86J']
Genetikk	Yung Gold	1	['1Wb8kbejLQhanp31QsfKHg']
Fler	Nimo	1	['51E4zilaBxdG7R9EW55Drw']
Kendrick Lamar	Lil Wayne	1	['0dbTQYW3Ad1FTzIA9t90E8']
KALUMA	Leon Machère	1	['214Mx6MSJhtaO1uPtZGqLH']
KALUMA	Stard Ova	1	['214Mx6MSJhtaO1uPtZGqLH']
Leon Machère	Stard Ova	1	['214Mx6MSJhtaO1uPtZGqLH']
Bazzi	Camila Cabello	1	['4VUwkH455At9kENOfzTqmF']
Moe Phoenix	Veysel	1	['6JNv5eUjszuqVQELCHuOr2']
Burak Yeter	Danelle Sandoval	1	['7abpmGpF7PGep2rDU68GBR']
Drake	N.E.R.D	1	['739vCwA3EpBSkk3uDsI2wB']
Drake	Rihanna	1	['739vCwA3EpBSkk3uDsI2wB']
N.E.R.D	Rihanna	1	['739vCwA3EpBSkk3uDsI2wB']
AK Ausserkontrolle	Gringo	1	['0vti3nT1A5mKi1kgIu0ceg']
Kanye West	Nicki Minaj	1	['1oJ8EDr2pv94IvSd6ZmDgo']
Noizy	RAF Camora	1	['1fyvQWmRbW81M0xXKI1Rrk']
Ariana Grande	Troye Sivan	1	['1NbGcdgwRHZ5rbPIT9hdR3']
Captain Cuts	Felix Jaehn	1	['7FjZU7XFs7P9jHI9Z0yRhK']
Captain Cuts	Georgia Ku	1	['7FjZU7XFs7P9jHI9Z0yRhK']
Captain Cuts	NOTD	1	['7FjZU7XFs7P9jHI9Z0yRhK']
Felix Jaehn	Georgia Ku	1	['7FjZU7XFs7P9jHI9Z0yRhK']
Felix Jaehn	NOTD	1	['7FjZU7XFs7P9jHI9Z0yRhK']
Georgia Ku	NOTD	1	['7FjZU7XFs7P9jHI9Z0yRhK']
Gentleman	Mark Forster	1	['3V2dokS8X3KTAcE5G3q5yU']
BTS	Nicki Minaj	1	['03iCbZaM4OkRR4We6wIzvx']
Jason Derulo	Ty Dolla $ign	1	['6kex4EBAj0WHXDKZMEJaaF']
Nicki Minaj	Ty Dolla $ign	1	['6kex4EBAj0WHXDKZMEJaaF']
Dagny	Seeb	1	['2GGGm4MLQynB3I4E4ycIYC']
Conor Maynard	Kris Kross Amsterdam	1	['3DGar7krWlmrXRFHBcQF6z']
Conor Maynard	The Boy Next Door	1	['3DGar7krWlmrXRFHBcQF6z']
Kris Kross Amsterdam	The Boy Next Door	1	['3DGar7krWlmrXRFHBcQF6z']
Bausa	Rico	1	['65XkACIW102XrSX2jHii83']
Drake	Meek Mill	1	['2IRZnDFmlqMuOrYOLnZZyc']
Madison Beer	Offset	1	['3WefHNGtjexZvi66ZEx9u4']
John Lennon	The Harlem Community Choir	1	['3zJw3rugfpVrmBeDDnUYzy']
John Lennon	The Plastic Ono Band	1	['3zJw3rugfpVrmBeDDnUYzy']
John Lennon	Yoko Ono	1	['3zJw3rugfpVrmBeDDnUYzy']
The Harlem Community Choir	The Plastic Ono Band	1	['3zJw3rugfpVrmBeDDnUYzy']
The Harlem Community Choir	Yoko Ono	1	['3zJw3rugfpVrmBeDDnUYzy']
The Plastic Ono Band	Yoko Ono	1	['3zJw3rugfpVrmBeDDnUYzy']
Bausa	Gringo	1	['6GedcCzpTwlQid4CR7TKSA']
A$AP Rocky	Moby	1	['1YmF9PvLhIISIANoMLIYGq']
Alessia Cara	Khalid	1	['5tz69p7tJuGPeMGwNTxYuV']
Alessia Cara	Logic	1	['5tz69p7tJuGPeMGwNTxYuV']
Khalid	Logic	1	['5tz69p7tJuGPeMGwNTxYuV']
Cashmere Cat	Major Lazer	1	['0as7lPxkBPctZ7uVmchRNM']
Cashmere Cat	Tory Lanez	1	['0as7lPxkBPctZ7uVmchRNM']
Major Lazer	Tory Lanez	1	['0as7lPxkBPctZ7uVmchRNM']
Ardian Bujupi	GENT	1	['0HmksVdBgqwIfv1OCEx2jv']
RAF Camora	Summer Cem	1	['4OIvBxO2bUD2J9L1hD7IpV']
Casper	Kat Frankie	1	['3W7NVI1Weq2N2rRH1nbHCj']
Kat Frankie	Marteria	1	['3W7NVI1Weq2N2rRH1nbHCj']
6ix9ine	Lil Baby	1	['4m5Cd9kAbIxg6t9sMrQWtk']
Azet	XATAR	1	['08XMk3qKg8F8Tjew5HQc0b']
Joshi Mizu	Maxwell	1	['3ZlnjH0lEMZHMdviRPyG34']
Clean Bandit	Julia Michaels	1	['2xmrfQpmS2iJExTlklLoAL']
Eno	Raschid Moussa	1	['4leY6qRRp1GGnv5gvMMYVr']
Alan Walker	Digital Farm Animals	1	['5yFSF6qQA1rcLsQRnBsZgb']
Alan Walker	Juliander	1	['5yFSF6qQA1rcLsQRnBsZgb']
Alan Walker	Noah Cyrus	1	['5yFSF6qQA1rcLsQRnBsZgb']
Digital Farm Animals	Juliander	1	['5yFSF6qQA1rcLsQRnBsZgb']
Digital Farm Animals	Noah Cyrus	1	['5yFSF6qQA1rcLsQRnBsZgb']
Juliander	Noah Cyrus	1	['5yFSF6qQA1rcLsQRnBsZgb']
G-Eazy	Post Malone	1	['688QpQAwqsLdBR6lr13wK1']
G-Eazy	YG	1	['688QpQAwqsLdBR6lr13wK1']
Post Malone	YG	1	['688QpQAwqsLdBR6lr13wK1']
David Guetta	Justin Bieber	1	['3A7qX2QjDlPnazUsRk5y0M']
Bing Crosby	The Andrews Sisters	1	['04vLj9QUXoKdRlsp3gkURo']
Calvin Harris	PARTYNEXTDOOR	1	['2rYyq0b3XWwmWl0k727OVG']
Banx & Ranx	Ella Eyre	1	['1HagMz5nWk1HmevNCBOxF3']
Banx & Ranx	Yxng Bane	1	['1HagMz5nWk1HmevNCBOxF3']
Ella Eyre	Yxng Bane	1	['1HagMz5nWk1HmevNCBOxF3']
Diplo	French Montana	1	['5mqzhMuUpvnMfwNz6iepmO']
Diplo	Lil Pump	1	['5mqzhMuUpvnMfwNz6iepmO']
Diplo	Zhavia Ward	1	['5mqzhMuUpvnMfwNz6iepmO']
French Montana	Lil Pump	1	['5mqzhMuUpvnMfwNz6iepmO']
French Montana	Zhavia Ward	1	['5mqzhMuUpvnMfwNz6iepmO']
Lil Pump	Zhavia Ward	1	['5mqzhMuUpvnMfwNz6iepmO']
Alesso	Florida Georgia Line	1	['5AEtlRudpgdT5FtNiuly6Y']
Alesso	Hailee Steinfeld	1	['5AEtlRudpgdT5FtNiuly6Y']
Alesso	watt	1	['5AEtlRudpgdT5FtNiuly6Y']
Florida Georgia Line	Hailee Steinfeld	1	['5AEtlRudpgdT5FtNiuly6Y']
Florida Georgia Line	watt	1	['5AEtlRudpgdT5FtNiuly6Y']
Hailee Steinfeld	watt	1	['5AEtlRudpgdT5FtNiuly6Y']
Fredo	Luciano	1	['5py5UZlsG3zohEOPrNvOv8']
6LACK	Khalid	1	['6Hgh47WXVKtXN5zGOu0hjI']
6LACK	Ty Dolla $ign	1	['6Hgh47WXVKtXN5zGOu0hjI']
Khalid	Ty Dolla $ign	1	['6Hgh47WXVKtXN5zGOu0hjI']
Gringo	Laruzo	1	['7KccXeeFFnlZLLR0H9Rmtn']
Gringo	Maxwell	1	['7KccXeeFFnlZLLR0H9Rmtn']
Gringo	Moe Phoenix	1	['7KccXeeFFnlZLLR0H9Rmtn']
Laruzo	Maxwell	1	['7KccXeeFFnlZLLR0H9Rmtn']
Laruzo	Moe Phoenix	1	['7KccXeeFFnlZLLR0H9Rmtn']
Maxwell	Moe Phoenix	1	['7KccXeeFFnlZLLR0H9Rmtn']
Fatal	Kontra K	1	['1p1ZfE7VDYbjscLrCOT6bB']
AK Ausserkontrolle	Cardi B	1	['6ejutdxQVGPCNpFys7TLAn']
Cardi B	Kontra K	1	['6ejutdxQVGPCNpFys7TLAn']
Luciano	Yung Hurn	1	['0tSob9L7hU312Cez2pAGwJ']
ElGrandeToto	Veysel	1	['02PjrA5rmpjDNocDmTva0H']
Kollegah	Nas	1	['6eAi4LZDpgmiZwX5gGYp2t']
Halsey	The Chainsmokers	1	['7BKLCZ1jbUBVqRi2FVlTVw']
Bruno Mars	Gucci Mane	1	['0QIjsbm2fh1cJ45XO9eGqq']
Bruno Mars	Kodak Black	1	['0QIjsbm2fh1cJ45XO9eGqq']
Gucci Mane	Kodak Black	1	['0QIjsbm2fh1cJ45XO9eGqq']
Nimo	Ufo361	1	['6ZyLo7sln0QFP7YXqgXCU8']
Nimo	Yung Hurn	1	['6ZyLo7sln0QFP7YXqgXCU8']
Khalid	Swae Lee	1	['5jyyPsIGM2yqkZN9R3TmvN']
Kontra K	Rico	1	['0cXjlB6p1JYaCwKCVuD8Ur']
Kygo	Sandro Cavazza	1	['14sOS5L36385FJ3OL8hew4']
Matoma	The Vamps	1	['4b4KcovePX8Ke2cLIQTLM0']
Coolio	L.V.	1	['7lQWRAjyhTpCWFC0jmclT4']
Ariana Grande	Liz Gillies	1	['6YJdPrH3i2POzu7hdHIRrb']
John Williams	Mykola Dmytrovych Leontovych	1	['4tHqQMWSqmL6YjXwsqthDI']
Liam Payne	Rita Ora	1	['5hM6sP0Gh1jD57drszNueC']
Azzi Memo	KALIM	1	['0DhRFJSeCojgMAkHjHvES2']
KALIM	Luciano	1	['0DhRFJSeCojgMAkHjHvES2']
187 Strassenbande	LX	1	['3aDYo34VzVf2i8aJyJk0ca']
Kalash Criminel	Luciano	1	['5ZbcYWBQWoCpuVip1fmeMY']
Fard	Moe Phoenix	1	['337IpkRKsb4oEFnsU84eLX']
6ix9ine	Tory Lanez	1	['6Gy7rXB6Ku5vIWC7WGWsl3']
6ix9ine	Bobby Shmurda	1	['1jQvUmf16VE9WQCPuK2e8K']
King Khalil	Lil Lano	1	['3mulaE9xF8LhmwZN61kHvS']
Camélia Jordana	Namika	1	['2fUcw8H81f2XJqRfqWYW93']
Camélia Jordana	The Kingdom Choir	1	['2fUcw8H81f2XJqRfqWYW93']
Namika	The Kingdom Choir	1	['2fUcw8H81f2XJqRfqWYW93']
Bozza	Gzuz	1	['0Uck4obtVP0tq3k6gYxH9f']
Swae Lee	Wiz Khalifa	1	['7IBSffWIu7P2MC7kMwy2FM']
Trippie Redd	XXXTENTACION	1	['7AQim7LbvFVZJE3O8TYgf2']
David Guetta	Dimitri Vegas	1	['1Sl3njkhhz8nrSPZroDQ82']
David Guetta	Dimitri Vegas & Like Mike	1	['1Sl3njkhhz8nrSPZroDQ82']
David Guetta	Kiiara	1	['1Sl3njkhhz8nrSPZroDQ82']
Dimitri Vegas	Dimitri Vegas & Like Mike	1	['1Sl3njkhhz8nrSPZroDQ82']
Dimitri Vegas	Kiiara	1	['1Sl3njkhhz8nrSPZroDQ82']
Dimitri Vegas & Like Mike	Kiiara	1	['1Sl3njkhhz8nrSPZroDQ82']
Drake	Migos	1	['6n4U3TlzUGhdSFbUUhTvLP']
DJ Snake	French Montana	1	['1MUL6DO2gVimj2YrVedubd']
DJ Snake	GASHI	1	['1MUL6DO2gVimj2YrVedubd']
French Montana	GASHI	1	['1MUL6DO2gVimj2YrVedubd']
Bill Pinkney	Clyde McPhatter	1	['0iyrGs4yXc2lWQCqCgCx0C']
Bill Pinkney	The Drifters	1	['0iyrGs4yXc2lWQCqCgCx0C']
Clyde McPhatter	The Drifters	1	['0iyrGs4yXc2lWQCqCgCx0C']
Alle Farben	ILIRA	1	['2RP8Svo0pMwZXnVcmOffDw']
CamelPhat	Elderbrook	1	['7hhpH9L5L6jBTimrATV7fS']
CamelPhat	Robin Schulz	1	['7hhpH9L5L6jBTimrATV7fS']
Elderbrook	Robin Schulz	1	['7hhpH9L5L6jBTimrATV7fS']
Zac Efron	Zendaya	1	['630sXRhIcfwr2e4RdNtjKN']
Kendrick Lamar	Travis Scott	1	['5cXg9IQS34FzLVdHhp7hu7']
Blake Shelton	Gwen Stefani	1	['2OQ6a4CfUeYskpTTgyawyJ']
Mitchell Ayres & His Orchestra	Perry Como	1	['2pXpURmn6zC5ZYDMms6fwa']
Mitchell Ayres & His Orchestra	The Fontane Sisters	1	['2pXpURmn6zC5ZYDMms6fwa']
Perry Como	The Fontane Sisters	1	['2pXpURmn6zC5ZYDMms6fwa']
Marc Scibilia	Robin Schulz	1	['3rvEwBi1mFFHqCnkrGmnWp']
Future	J Balvin	1	['4zWO4gvuFtw6EJZC5FFGlr']
Future	Juan Magán	1	['4zWO4gvuFtw6EJZC5FFGlr']
Future	MC Fioti	1	['4zWO4gvuFtw6EJZC5FFGlr']
Future	Stefflon Don	1	['4zWO4gvuFtw6EJZC5FFGlr']
J Balvin	Juan Magán	1	['4zWO4gvuFtw6EJZC5FFGlr']
J Balvin	MC Fioti	1	['4zWO4gvuFtw6EJZC5FFGlr']
J Balvin	Stefflon Don	1	['4zWO4gvuFtw6EJZC5FFGlr']
Juan Magán	MC Fioti	1	['4zWO4gvuFtw6EJZC5FFGlr']
Juan Magán	Stefflon Don	1	['4zWO4gvuFtw6EJZC5FFGlr']
MC Fioti	Stefflon Don	1	['4zWO4gvuFtw6EJZC5FFGlr']
Khalid	Lorde	1	['2rE9TX3VQ0WNt7kziFhKep']
Khalid	Post Malone	1	['2rE9TX3VQ0WNt7kziFhKep']
Khalid	SZA	1	['2rE9TX3VQ0WNt7kziFhKep']
Lorde	Post Malone	1	['2rE9TX3VQ0WNt7kziFhKep']
Lorde	SZA	1	['2rE9TX3VQ0WNt7kziFhKep']
Post Malone	SZA	1	['2rE9TX3VQ0WNt7kziFhKep']
Beyoncé	DJ Khaled	1	['1W6wxOOYyJyyok8fqYSZ3m']
Beyoncé	Future	1	['1W6wxOOYyJyyok8fqYSZ3m']
Beyoncé	JAY-Z	1	['1W6wxOOYyJyyok8fqYSZ3m']
DJ Khaled	Future	1	['1W6wxOOYyJyyok8fqYSZ3m']
DJ Khaled	JAY-Z	1	['1W6wxOOYyJyyok8fqYSZ3m']
Future	JAY-Z	1	['1W6wxOOYyJyyok8fqYSZ3m']
Empress Of	Khalid	1	['4AhSkRYioEIfGvCV19peYN']
Calvin Harris	benny blanco	1	['5sdb5pMhcK44SSLsj1moUh']
Eminem	Joyner Lucas	1	['60SdxE8apGAxMiRrpbmLY0']
Genetikk	Olexesh	1	['7owiKwPONTDO10JpAzw0cJ']
Afrojack	Sia	1	['2ludbmtPoyCPe2K08fAlFl']
Logic	Ryan Tedder	1	['6e2PtJYcltVk76nLwxBzRn']
Alan Walker	Au/Ra	1	['1snWlbcbgQpJfknoI30DWG']
Alan Walker	Tomine Harket	1	['1snWlbcbgQpJfknoI30DWG']
Au/Ra	Tomine Harket	1	['1snWlbcbgQpJfknoI30DWG']
Kontra K	SSIO	1	['3X2FevCT7hrma9tx5Ign4I']
J Balvin	Maluma	1	['6JjPBQfI2Y8nIjnm65X6Pw']
J Balvin	Ozuna	1	['6JjPBQfI2Y8nIjnm65X6Pw']
Maluma	Nicky Jam	1	['6JjPBQfI2Y8nIjnm65X6Pw']
Maluma	Ozuna	1	['6JjPBQfI2Y8nIjnm65X6Pw']
Calvin Harris	Dua Lipa	1	['7ef4DlsgrMEH11cDZd32M6']
Drake	Static Major	1	['4IvenHmD0spfFDOKphoUDp']
Drake	Ty Dolla $ign	1	['4IvenHmD0spfFDOKphoUDp']
Static Major	Ty Dolla $ign	1	['4IvenHmD0spfFDOKphoUDp']
18 Karat	Bonez MC	1	['60RpCIrhpFyxXE8foFsFaL']
Mimoza	Tyron Hapi	1	['77ngtwBosDuAwiQu8afOOQ']
Lil Peep	Marshmello	1	['6VrCmhRBFnuGKmtNfk4jDs']
BlocBoy JB	Drake	1	['4qKcDkK6siZ7Jp1Jb4m0aL']
Fler	Remoe	1	['3t00XDnfUPfrXGfiAgUymW']
Jalil	Remoe	1	['3t00XDnfUPfrXGfiAgUymW']
Esperanza Spalding	John Legend	1	['3yQbBL8hsYtUhXSrmbKq8X']
Azet	KMN Gang	1	['3Cw0IAdjDgjyD4AEY4o2ZW']
KMN Gang	Miami Yacine	1	['3Cw0IAdjDgjyD4AEY4o2ZW']
KMN Gang	Nash	1	['3Cw0IAdjDgjyD4AEY4o2ZW']
KMN Gang	Zuna	1	['3Cw0IAdjDgjyD4AEY4o2ZW']
Miami Yacine	Nash	1	['3Cw0IAdjDgjyD4AEY4o2ZW']
Miami Yacine	Zuna	1	['3Cw0IAdjDgjyD4AEY4o2ZW']
Nash	Zuna	1	['3Cw0IAdjDgjyD4AEY4o2ZW']
Bausa	Jugglerz	1	['49y9Jh6uPCc4DrhmL6yavX']
Bausa	Miami Yacine	1	['49y9Jh6uPCc4DrhmL6yavX']
Joshi Mizu	Jugglerz	1	['49y9Jh6uPCc4DrhmL6yavX']
Joshi Mizu	Miami Yacine	1	['49y9Jh6uPCc4DrhmL6yavX']
Joshi Mizu	Nura	1	['49y9Jh6uPCc4DrhmL6yavX']
Jugglerz	Miami Yacine	1	['49y9Jh6uPCc4DrhmL6yavX']
Jugglerz	Nura	1	['49y9Jh6uPCc4DrhmL6yavX']
Miami Yacine	Nura	1	['49y9Jh6uPCc4DrhmL6yavX']
Dany Synthé	Maître Gims	1	['3up1uPuvL5vkfJ6aOeSRtD']
Dany Synthé	SoFLY & Nius	1	['3up1uPuvL5vkfJ6aOeSRtD']
Maître Gims	SoFLY & Nius	1	['3up1uPuvL5vkfJ6aOeSRtD']
Drake	JAY-Z	1	['3Yw09dj3cTXsAzlLjgBfIP']
Big Sean	Calvin Harris	1	['5bcTCxgc7xVfSaMV3RuVke']
Big Sean	Katy Perry	1	['5bcTCxgc7xVfSaMV3RuVke']
Big Sean	Pharrell Williams	1	['5bcTCxgc7xVfSaMV3RuVke']
Calvin Harris	Katy Perry	1	['5bcTCxgc7xVfSaMV3RuVke']
Calvin Harris	Pharrell Williams	1	['5bcTCxgc7xVfSaMV3RuVke']
Katy Perry	Pharrell Williams	1	['5bcTCxgc7xVfSaMV3RuVke']
Fuse ODG	Major Lazer	1	['0L7loeTIg6akW84aEQZpCT']
Fuse ODG	Nyla	1	['0L7loeTIg6akW84aEQZpCT']
Major Lazer	Nyla	1	['0L7loeTIg6akW84aEQZpCT']
Ally Brooke	Topic	1	['0XMeekgnEZDoieio8IysUS']
Dr. Dre	Snoop Dogg	1	['6ltPEsP4edATzvinHOzvk2']
LX	Maxwell	1	['5G1Iib7IiGeXu9Ar5EItsx']
LX	Sa4	1	['5G1Iib7IiGeXu9Ar5EItsx']
Maxwell	Sa4	1	['5G1Iib7IiGeXu9Ar5EItsx']
Michael Bublé	Shania Twain	1	['2gbCG4Rt9984UZ7Tc0dIFd']
Daddy Yankee	Justin Bieber	1	['5CtI0qwDJkDQGwXD1H1cLb']
Justin Bieber	Luis Fonsi	1	['5CtI0qwDJkDQGwXD1H1cLb']
Bebe Rexha	Cardi B	1	['1YNQscOx6OqBQjxgJVhEeW']
Bebe Rexha	Charli XCX	1	['1YNQscOx6OqBQjxgJVhEeW']
Bebe Rexha	Rita Ora	1	['1YNQscOx6OqBQjxgJVhEeW']
Cardi B	Charli XCX	1	['1YNQscOx6OqBQjxgJVhEeW']
Cardi B	Rita Ora	1	['1YNQscOx6OqBQjxgJVhEeW']
Charli XCX	Rita Ora	1	['1YNQscOx6OqBQjxgJVhEeW']
Sia	ZAYN	1	['1j4kHkkpqZRBwE0A4CN4Yv']
MoTrip	Rooz	1	['01q4ydDZhk4xdVb0M7uvgu']
French Montana	Swae Lee	1	['3B54sVLJ402zGa6Xm4YGNe']
Almklausi	Specktakel	1	['1RcWWgnw5fVm3wcNq11zBu']
Nu51	XATAR	1	['0e8SahKpqHMTkTErW9w362']
James Blunt	Robin Schulz	1	['3bWAqKDWg6u1davspr5IkS']
Gunna	Lil Baby	1	['78QR3Wp35dqAhFEc2qAGjE']
Bruno Mars	Cardi B	1	['3Vo4wInECJQuz9BIBMOu8i']
Farid Bang	Jigzaw	1	['18Uay1003reV0z2KaK97NY']
Jigzaw	King Khalil	1	['18Uay1003reV0z2KaK97NY']
Jigzaw	Summer Cem	1	['18Uay1003reV0z2KaK97NY']
Bonez MC	Olexesh	1	['3v1ypIgbtMEzYf3mxNFokn']
Lil Pump	Maluma	1	['2LskIZrCeLxRvCiGP8gxlh']
Lil Pump	Swae Lee	1	['2LskIZrCeLxRvCiGP8gxlh']
Lil Pump	XXXTENTACION	1	['2LskIZrCeLxRvCiGP8gxlh']
Maluma	Swae Lee	1	['2LskIZrCeLxRvCiGP8gxlh']
Maluma	XXXTENTACION	1	['2LskIZrCeLxRvCiGP8gxlh']
Swae Lee	XXXTENTACION	1	['2LskIZrCeLxRvCiGP8gxlh']
Bonez MC	Schwesta Ewa	1	['0MN6D9CdAt9bWiYRzkKgUO']
Clean Bandit	Zara Larsson	1	['1x5sYLZiu9r5E43kMlt9f8']
Dewain Whitmore	Justin Mylo	1	['7IWTIkiWGWNQyYfOLdMrGD']
Dewain Whitmore	Martin Garrix	1	['7IWTIkiWGWNQyYfOLdMrGD']
Justin Mylo	Martin Garrix	1	['7IWTIkiWGWNQyYfOLdMrGD']
Fler	Mosenu	1	['62xa1uLX6g7sjh63UBDHZR']
Alan Walker	Sorana	1	['0lG6QM1jjbbX5UUn3DPmrZ']
Mark Ronson	Sean Ono Lennon	1	['5KHzV8Gf3aweIMImliFAOs']
Miley Cyrus	Sean Ono Lennon	1	['5KHzV8Gf3aweIMImliFAOs']
Chris Brown	Lil Dicky	1	['10Igtw8bSDyyFs7KIsKngZ']
De La Ghetto	Jason Derulo	1	['4QtiVmuA88tPQiCOHZuQ5b']
De La Ghetto	Sofia Reyes	1	['4QtiVmuA88tPQiCOHZuQ5b']
Jason Derulo	Sofia Reyes	1	['4QtiVmuA88tPQiCOHZuQ5b']
Paloma Faith	Sigala	1	['5xzCzOAOfRi4DOttSzvznR']
League of Legends	Mako	1	['69Sy7207dnixZ6w7RSV9Kb']
League of Legends	The Glitch Mob	1	['69Sy7207dnixZ6w7RSV9Kb']
League of Legends	The Word Alive	1	['69Sy7207dnixZ6w7RSV9Kb']
Mako	The Glitch Mob	1	['69Sy7207dnixZ6w7RSV9Kb']
Mako	The Word Alive	1	['69Sy7207dnixZ6w7RSV9Kb']
The Glitch Mob	The Word Alive	1	['69Sy7207dnixZ6w7RSV9Kb']
Azzi Memo	Eno	1	['2xYoWWLcFjYQsEvsKqof3P']
Casper	Monchi	1	['0y24DoHidmvf1LxVIx045R']
Marteria	Monchi	1	['0y24DoHidmvf1LxVIx045R']
David Guetta	Jason Derulo	1	['5Xn4IyTtW6FUGIUyWjbUHG']
David Guetta	Nicki Minaj	1	['5Xn4IyTtW6FUGIUyWjbUHG']
David Guetta	Willy William	1	['5Xn4IyTtW6FUGIUyWjbUHG']
Jason Derulo	Willy William	1	['5Xn4IyTtW6FUGIUyWjbUHG']
Nicki Minaj	Willy William	1	['5Xn4IyTtW6FUGIUyWjbUHG']
Azad	Olexesh	1	['493MGLHzP2tCDiSZxeCuBC']
Kalash	Luciano	1	['5QONeRJGHsyLwloZIUYyUE']
Bastille	Marshmello	1	['2dpaYNEQHiRxtZbfNsse99']
Dzeko	Post Malone	1	['4kWO6O1BUXcZmaxitpVUwp']
Dzeko	Preme	1	['4kWO6O1BUXcZmaxitpVUwp']
Dzeko	Tiësto	1	['4kWO6O1BUXcZmaxitpVUwp']
Post Malone	Preme	1	['4kWO6O1BUXcZmaxitpVUwp']
Post Malone	Tiësto	1	['4kWO6O1BUXcZmaxitpVUwp']
Preme	Tiësto	1	['4kWO6O1BUXcZmaxitpVUwp']
Metro Boomin	Offset	1	['7sO5G9EABYOXQKNPNiE9NR']
Drake	Kyla	1	['1xznGGDReH1oQq0xzbwXa3']
Drake	WizKid	1	['1xznGGDReH1oQq0xzbwXa3']
Kyla	WizKid	1	['1xznGGDReH1oQq0xzbwXa3']
AK Ausserkontrolle	Olexesh	1	['09SzQ3PCyqZhBK5iqJiJ4m']
BloodPop®	Hailee Steinfeld	1	['3towKHKVOXCCcL1fHv6xFO']
Kendrick Lamar	The Weeknd	1	['4ofvoCdXq99vpMZO4Cfp8x']
Lil Wayne	Travis Scott	1	['0CBQ0m3mufWH75LTYB3s6h']
Farid Bang	The Game	1	['0ts8rFS4hZuQasxRe6WLwQ']
Bausa	Capo	1	['4BtGQ89Xgmf9NmnFD9RBRc']
Bausa	YONII	1	['4BtGQ89Xgmf9NmnFD9RBRc']
Capo	YONII	1	['4BtGQ89Xgmf9NmnFD9RBRc']
Gringo	Yener Çevik	1	['5hYHo47VrCuVGSi7Fs6xQ9']
DJ Stijco	Zuna	1	['6Dn3mPUrqQOEe7pJCAR5yJ']
Logic	OneRepublic	1	['1Nj2oBISdFDSF8eDuXcALz']
Fler	Olexesh	1	['6WIFBakiq26ei0qauhF2qn']
Jalil	Olexesh	1	['6WIFBakiq26ei0qauhF2qn']
Piso 21	Robin Schulz	1	['2xw9PXlt8IaCWZjfpJ2HPL']
Cro	KitschKrieg	1	['3irKuchN2iCEcFQKPGOBNx']
Cro	Trettmann	1	['3irKuchN2iCEcFQKPGOBNx']
Grace VanderWaal	Ingrid Michaelson	1	['0eLrZL1SJRqgN7iQZGY8Js']
Cardi B	DJ Snake	1	['4w8niZpiMy6qz1mntFA5uM']
Cardi B	Ozuna	1	['4w8niZpiMy6qz1mntFA5uM']
Cardi B	Selena Gomez	1	['4w8niZpiMy6qz1mntFA5uM']
DJ Snake	Ozuna	1	['4w8niZpiMy6qz1mntFA5uM']
DJ Snake	Selena Gomez	1	['4w8niZpiMy6qz1mntFA5uM']
Ozuna	Selena Gomez	1	['4w8niZpiMy6qz1mntFA5uM']
OneRepublic	Seeb	1	['7aF09WaavZAmAWuUeYxlYD']
Alligatoah	Felix Brummer	1	['4FD1sv2CDjz9ktp0bxdZIS']
Migos	Post Malone	1	['3OnOomd79OjqSYHchCQ6ht']
Drake	French Montana	1	['04MLEeAMuV9IlHEsD8vF6A']
Logic	Rag'n'Bone Man	1	['5rxPi0MiR4miNK0rCmk980']
Maluma	Nego do Borel	1	['4lESS6vuruP6a79KWRaQou']
Kygo	Selena Gomez	1	['3eR23VReFzcdmS7TYCrhCe']
Gestört aber GeiL	LEA	1	['51WUacrCkukxCgym463uNN']
Eno	Farhot	1	['4lRuHiE5knmoHcMaNhW0me']
Eno	Haftbefehl	1	['4lRuHiE5knmoHcMaNhW0me']
Eno	Nimo	1	['4lRuHiE5knmoHcMaNhW0me']
Eno	Soufian	1	['4lRuHiE5knmoHcMaNhW0me']
Farhot	Haftbefehl	1	['4lRuHiE5knmoHcMaNhW0me']
Farhot	Luciano	1	['4lRuHiE5knmoHcMaNhW0me']
Farhot	Nimo	1	['4lRuHiE5knmoHcMaNhW0me']
Farhot	Soufian	1	['4lRuHiE5knmoHcMaNhW0me']
Haftbefehl	Luciano	1	['4lRuHiE5knmoHcMaNhW0me']
Haftbefehl	Nimo	1	['4lRuHiE5knmoHcMaNhW0me']
Haftbefehl	Soufian	1	['4lRuHiE5knmoHcMaNhW0me']
Luciano	Soufian	1	['4lRuHiE5knmoHcMaNhW0me']
Nimo	Soufian	1	['4lRuHiE5knmoHcMaNhW0me']
Galantis	Hook N Sling	1	['3bvjsHQd792zIO4SKFxXKs']
