source	target	weight	avg_streams
dance pop	pop	221	692899.9363636364
pop	post-teen pop	189	704108.037735849
pop	pop	166	724612.4015748032
dance pop	post-teen pop	141	649511.1358024691
pop	pop rap	123	544230.5857142857
pop	tropical house	118	777410.0789473684
edm	pop	106	696769.9722222221
dance pop	tropical house	84	778412.3846153845
dance pop	pop rap	81	520926.425925926
pop	rap	81	568172.4629629629
dance pop	dance pop	77	671587.8305084746
dance pop	edm	77	727304.3653846155
post-teen pop	tropical house	75	721903.948275862
pop rap	post-teen pop	73	545672.3921568628
pop rap	rap	72	361890.9428571428
edm	post-teen pop	69	710170.0
hip hop	rap	56	368624.08
electropop	pop	55	647378.7368421053
post-teen pop	post-teen pop	54	621385.52
rap	trap	53	367312.76666666666
hip hop	pop	52	434868.7333333333
hip hop	pop rap	51	367363.0
rap	rap	45	373483.75
pop	trap	45	573197.48
edm	tropical house	43	507367.4444444446
pop rap	trap	40	414399.73684210534
pop	uk pop	39	726389.5384615384
dance pop	rap	38	657468.7037037037
pop	uk dance	36	679072.0689655172
electro house	pop	35	745750.2666666667
post-teen pop	rap	35	701678.4615384615
pop rap	pop rap	34	417121.17391304346
electropop	post-teen pop	33	715247.5714285716
hip hop	trap	33	421684.8
dance pop	uk pop	31	706711.6956521741
dance pop	electropop	31	744260.8
post-teen pop	uk dance	28	697025.76
rap	southern hip hop	28	471841.53333333327
dance pop	trap	28	659368.3181818182
pop rap	tropical house	28	422167.65
dance pop	uk dance	26	825308.45
post-teen pop	trap	25	711680.3157894737
pop rap	southern hip hop	25	445968.4
edm	pop rap	25	479526.380952381
tropical house	tropical house	24	539584.8636363636
pop	southern hip hop	24	500219.625
canadian pop	pop	23	741319.6842105263
tropical house	uk pop	23	788866.8888888889
hip hop	post-teen pop	23	538558.1875
pop	urban contemporary	22	555275.2941176471
electropop	tropical house	22	826033.1176470588
dance pop	hip hop	22	561509.8
dance pop	electro house	21	812083.6842105263
edm	electropop	21	604236.4444444445
edm	uk pop	20	842967.9375
post-teen pop	uk pop	20	684934.8823529412
hip hop	hip hop	20	433019.7692307693
hip hop	southern hip hop	20	508991.8181818182
atl hip hop	rap	19	459164.4285714286
electro house	post-teen pop	19	728843.777777778
latin	reggaeton	19	565864.3333333335
edm	edm	19	568509.5294117647
melodic rap	trap	18	488496.1176470589
pop	progressive house	18	600841.0
latin	pop	17	602283.4444444445
atl hip hop	pop	17	837907.1666666665
southern hip hop	trap	17	518945.7272727273
alternative r&b	pop	17	382704.91666666674
contemporary country	pop	16	852718.0714285716
melodic rap	rap	16	567768.6363636364
pop	r&b	16	408283.84615384607
hollywood	show tunes	16	543911.4
canadian pop	dance pop	16	1011329.2307692308
melodic rap	pop	15	987229.9090909092
big room	edm	15	424186.0
dance pop	uk funky	15	912021.6666666664
pop	uk funky	15	912021.6666666664
dance pop	southern hip hop	15	300274.91666666674
post-teen pop	southern hip hop	15	576330.3846153846
pop rap	urban contemporary	15	627174.8888888889
hip pop	pop	14	295525.8181818182
pop	queens hip hop	14	295525.8181818182
conscious hip hop	pop	14	608770.0
conscious hip hop	rap	14	731711.375
melodic rap	pop rap	14	569711.1818181818
big room	pop	14	543954.6666666665
rap	urban contemporary	14	555979.7777777779
trap	trap	14	509207.08333333326
dance pop	hip pop	13	295525.8181818182
dance pop	queens hip hop	13	295525.8181818182
conscious hip hop	pop rap	13	731711.375
dance pop	urban contemporary	13	384473.1818181818
latin	tropical	13	484717.2
pop	pop edm	13	749722.0
pop	viral pop	13	297062.91666666674
big room	tropical house	13	381227.33333333326
atl hip hop	hip hop	13	561214.7777777779
atl hip hop	pop rap	13	576411.2
house	pop	13	456588.7777777778
hip pop	post-teen pop	12	295525.8181818182
post-teen pop	queens hip hop	12	295525.8181818182
hip hop	melodic rap	12	629479.8888888889
r&b	rap	12	295738.0
pop	progressive electro house	12	1222666.3636363635
contemporary country	dance pop	12	1077621.0
post-teen pop	uk funky	12	912021.6666666664
canadian pop	edm	12	912112.9
edm	rap	12	449698.9
dfw rap	trap	11	326250.0909090909
latin	latin	11	565864.3333333335
pop rap	r&b	11	282619.7777777777
latin	post-teen pop	11	599106.1428571428
canadian pop	tropical house	11	999605.875
miami hip hop	rap	11	748448.7142857143
canadian pop	rap	11	852647.1666666665
pop rap	uk pop	11	406227.33333333326
electropop	pop rap	11	468490.0
rap	tropical house	11	343259.11111111107
complextro	pop	10	1290346.5
german techno	pop	10	1290346.5
movie tunes	show tunes	10	873376.8
latin	latin hip hop	10	484717.2
reggaeton	tropical	10	484717.2
edm	pop edm	10	798335.0
big room	dance pop	10	734122.1111111111
dance pop	progressive house	10	825934.875
pop	reggaeton	10	825854.0
pop	puerto rican pop	10	655898.5
dance pop	latin	10	397774.0
hollywood	post-teen pop	10	799296.8
post-teen pop	show tunes	10	881025.0
canadian pop	hip hop	10	957929.0
canadian pop	pop rap	10	864865.0
atl hip hop	trap	10	618464.4444444445
pop rap	uk dance	10	313361.44444444444
indie poptimism	pop	10	1036960.1428571428
edm	electro house	10	328692.88888888893
electro house	tropical house	10	272175.125
electro house	rap	10	269742.5714285714
dance pop	pop edm	9	942030.125
pop edm	tropical house	9	841412.75
melodic rap	southern hip hop	9	628123.7777777779
post-teen pop	urban contemporary	9	685807.1111111111
pop	swedish pop	9	748570.222222222
tropical house	uk dance	9	888375.25
pop	tropical	9	505546.8
post-teen pop	tropical	9	505546.8
show tunes	show tunes	9	543911.4
chicago rap	rap	9	758297.6666666665
chicago rap	trap	9	758297.6666666665
atl hip hop	dance pop	9	1048704.7777777778
atl hip hop	post-teen pop	9	1063052.666666667
j-pop	japanese r&b	9	97103.875
conscious hip hop	trap	9	1053857.0
hip hop	urban contemporary	9	754030.1666666665
miami hip hop	trap	9	806777.8333333335
electro house	pop rap	9	148949.125
edm	trap	9	341468.25
trap	tropical house	9	341468.25
contemporary country	tropical house	8	1156929.875
atl hip hop	melodic rap	8	175150.75
hollywood	movie tunes	8	873376.8
pop rap	viral pop	8	498191.75
post-teen pop	viral pop	8	363496.7142857143
dance pop	progressive electro house	8	1383233.875
reggaeton	reggaeton	8	436522.66666666674
edm	progressive house	8	235685.8
swedish pop	tropical house	8	838826.375
uk dance	uk pop	8	1217312.875
post-teen pop	puerto rican pop	8	655898.5
metropopolis	pop	8	451044.16666666674
contemporary country	post-teen pop	8	1292703.125
chicago rap	pop rap	8	830262.4
conscious hip hop	hip hop	8	1053857.0
miami hip hop	pop rap	8	887717.0
atl hip hop	southern hip hop	8	628109.125
trap	urban contemporary	8	891805.6
alternative r&b	dance pop	8	373534.875
alternative r&b	post-teen pop	8	479059.66666666674
country	dance pop	8	918417.6666666664
country road	dance pop	8	918417.6666666664
country	pop	8	918417.6666666664
country road	pop	8	918417.6666666664
moombahton	pop	8	350549.0
pop rap	west coast rap	7	312504.0
rap	west coast rap	7	312504.0
edm	urban contemporary	7	462659.5714285714
tropical house	urban contemporary	7	462659.5714285714
dance pop	k-pop	7	490615.7142857143
complextro	dance pop	7	1005017.5714285716
dance pop	german techno	7	1005017.5714285716
complextro	post-teen pop	7	1005017.5714285716
german techno	post-teen pop	7	1005017.5714285716
pop	pop rock	7	1101096.2857142857
dance pop	r&b	7	373147.66666666674
post-teen pop	r&b	7	376722.5
edm	swedish pop	7	950972.5714285716
tropical house	uk funky	7	1122980.0
latin pop	pop	7	505546.8
latin pop	post-teen pop	7	505546.8
dance pop	puerto rican pop	7	468271.0
electropop	uk dance	7	298779.5714285714
dance pop	hollywood	7	864685.0
dance pop	show tunes	7	995452.0
show tunes	social media pop	7	995452.0
dance pop	melodic rap	7	1481295.5714285714
melodic rap	post-teen pop	7	1379811.142857143
j-pop	j-rap	7	174445.42857142858
hip hop	miami hip hop	7	1103137.5
dirty south rap	pop	7	740280.0
dirty south rap	pop rap	7	1039973.25
dirty south rap	rap	7	1039973.25
dance pop	modern country rock	7	1087552.0
modern country rock	pop	7	1087552.0
post-teen pop	progressive house	7	728532.6666666665
alternative r&b	electropop	7	386337.4
alternative r&b	pop rap	7	375018.6
dance pop	viral pop	7	276162.0
latin hip hop	reggaeton	7	168984.0
latin	reggaeton flow	7	86736.0
reggaeton	reggaeton flow	7	86736.0
electro house	trap	7	299361.16666666674
pop	west coast rap	6	394190.66666666674
contemporary country	electropop	6	525901.3333333335
dfw rap	rap	6	298865.33333333326
pop rock	rap	6	954767.1666666664
latin	latin pop	6	543088.5
latin pop	reggaeton	6	543088.5
pop edm	post-teen pop	6	1159748.2
progressive house	tropical house	6	285339.25
dance pop	swedish pop	6	965823.0
uk funky	uk pop	6	1122980.0
hollywood	hollywood	6	642778.75
hollywood	social media pop	6	995452.0
chicago rap	pop	6	1027899.75
canadian pop	post-teen pop	6	1075554.5
dirty south rap	post-teen pop	6	740280.0
dirty south rap	hip hop	6	1377952.666666667
canadian pop	trap	6	1434968.333333333
country	post-teen pop	6	918417.6666666664
country road	post-teen pop	6	918417.6666666664
country pop	dance pop	6	1314010.5
country pop	pop	6	1314010.5
japanese r&b	japanese r&b	6	110420.66666666669
etherpop	pop	6	1485708.75
indie poptimism	post-teen pop	6	485858.66666666674
dance pop	moombahton	6	297738.5
progressive electro house	tropical house	6	674698.6
big room	big room	6	311044.66666666674
big room	electro house	6	362867.8
dance pop	house	6	744136.5
house	pop rap	6	69513.8
house	rap	6	221521.0
pop rap	progressive house	6	69513.8
uk dance	urban contemporary	5	416618.4
dance pop	k-pop boy group	5	493121.6
atl hip hop	dfw rap	5	185522.0
pop rap	pop rock	5	1140342.2
latin hip hop	tropical	5	543088.5
melodic rap	trap soul	5	413286.6
rap	trap soul	5	413286.6
canadian hip hop	pop	5	334712.75
hip hop	r&b	5	164702.0
pop	toronto rap	5	264904.25
rap	viral pop	5	565331.8
brostep	pop	5	1844647.8
post-teen pop	progressive electro house	5	2028404.8
edm	uk dance	5	934080.2
canadian pop	latin	5	942967.6666666664
dance pop	latin pop	5	155142.33333333337
dance pop	tropical	5	155142.33333333337
edm	latin	5	402141.4
edm	metropopolis	5	154715.6
metropopolis	tropical house	5	154715.6
rap	toronto rap	5	272306.6
japanese r&b	japanese singer-songwriter	5	96159.0
conscious hip hop	southern hip hop	5	1390865.333333333
miami hip hop	pop	5	1039973.25
dirty south rap	trap	5	1039973.25
chicago rap	hip hop	5	1989333.5
dance pop	dancehall	5	516110.0
dancehall	pop	5	516110.0
dancehall	tropical house	5	516110.0
modern country rock	post-teen pop	5	1087552.0
electropop	electropop	5	1302767.0
electronic trap	pop	5	773432.5
electro house	electropop	5	1392692.8
southern hip hop	southern hip hop	5	156557.2
electropop	rap	5	383339.0
tropical house	viral pop	5	183676.4
edm	viral pop	5	155128.75
moombahton	post-teen pop	5	350549.0
edm	progressive electro house	5	240903.5
big room	pop edm	5	362867.8
deep big room	edm	5	443643.0
deep big room	tropical house	5	443643.0
big room	progressive house	5	237189.25
latin	pop rap	5	850265.25
latin	rap	5	886983.75
pop rap	reggaeton	5	850265.25
rap	reggaeton	5	886983.75
k-pop girl group	pop	5	484351.0
dance pop	reggaeton	5	640405.6666666665
pop	trap soul	5	376627.0
house	post-teen pop	5	451073.75
j-rap	japanese r&b	5	259425.25
big room	rap	5	542192.0
alternative r&b	hip hop	5	121229.33333333331
alternative r&b	trap	5	119805.33333333331
dance pop	deep pop r&b	4	513542.0
deep pop r&b	edm	4	513542.0
deep pop r&b	pop	4	513542.0
deep pop r&b	tropical house	4	513542.0
deep pop r&b	uk dance	4	513542.0
big room	k-pop	4	416682.0
edm	k-pop	4	416682.0
electro house	k-pop	4	416682.0
k-pop	tropical house	4	416682.0
big room	k-pop boy group	4	416682.0
edm	k-pop boy group	4	416682.0
electro house	k-pop boy group	4	416682.0
k-pop boy group	tropical house	4	416682.0
latin hip hop	latin pop	4	543088.5
latin pop	tropical	4	543088.5
tropical	tropical	4	543088.5
electro house	pop edm	4	1445636.25
dfw rap	hip hop	4	247337.25
dfw rap	pop rap	4	247337.25
dfw rap	trap soul	4	450753.25
melodic rap	r&b	4	300212.75
latin	trap latino	4	529168.0
reggaeton	trap latino	4	529168.0
j-pop	j-pop	4	81519.0
j-pop	japanese singer-songwriter	4	76550.0
post-teen pop	reggaeton	4	932079.0
canadian pop	tropical	4	1031153.5
latin	tropical house	4	150762.5
dance pop	metropopolis	4	183899.33333333328
indie pop	pop	4	108053.0
metropopolis	post-teen pop	4	183899.33333333328
electropop	uk funky	4	404197.25
broadway	show tunes	4	785773.5
contemporary country	edm	4	2023399.0
contemporary country	electro house	4	2023399.0
chicago rap	urban contemporary	4	1027899.75
hip hop	viral pop	4	636349.25
southern hip hop	viral pop	4	636349.25
trap	viral pop	4	636349.25
edm	social media pop	4	1124071.0
canadian pop	conscious hip hop	4	1188216.0
atl hip hop	conscious hip hop	4	1390865.333333333
miami hip hop	post-teen pop	4	1039973.25
atl hip hop	miami hip hop	4	1103137.5
big room	swedish pop	4	475118.0
pop rap	uk funky	4	618171.0
dancehall	post-teen pop	4	646561.0
hip pop	pop rap	4	280093.33333333326
pop rap	queens hip hop	4	280093.33333333326
big room	post-teen pop	4	1146999.5
country pop	post-teen pop	4	1314010.5
dance pop	modern alternative rock	4	1631238.5
modern alternative rock	pop	4	1631238.5
indie poptimism	pop rap	4	545305.75
girl group	pop rap	4	334312.0
pop	talent show	4	338560.25
pop rap	talent show	4	334312.0
dmv rap	pop	4	117553.0
brostep	rap	4	381344.33333333326
canadian contemporary r&b	pop	4	1992878.333333333
canadian pop	electro house	4	1561399.5
gangster rap	rap	4	128806.0
moombahton	tropical house	4	155801.66666666663
big room	deep big room	4	443643.0
deep big room	pop	4	302996.66666666674
big room	progressive electro house	4	240903.5
dance pop	neo soul	4	532032.3333333335
neo soul	pop	4	532032.3333333335
k-pop	pop	4	589194.0
edm	hip hop	4	286664.66666666674
edm	melodic rap	4	722099.6666666665
hip hop	tropical house	4	286664.66666666674
electropop	uk pop	4	460803.33333333326
moombahton	uk pop	4	318761.66666666674
dance pop	trap soul	4	577347.6666666665
k-pop girl group	post-teen pop	4	58579.0
pop	trap latino	4	1189628.5
electro house	uk pop	4	1012235.3333333336
hip hop	new orleans rap	4	921712.0
new orleans rap	rap	4	921712.0
australian pop	pop	4	341676.5
house	trap	4	253893.5
progressive house	rap	4	60505.75
rap	uk dance	4	60505.75
edm	toronto rap	4	485432.33333333326
electro house	toronto rap	4	485432.33333333326
detroit hip hop	pop	4	450211.5
canadian hip hop	rap	4	384189.75
latin	puerto rican pop	3	695206.0
latin hip hop	puerto rican pop	3	695206.0
puerto rican pop	reggaeton	3	695206.0
puerto rican pop	tropical	3	695206.0
broadway	movie tunes	3	1274962.333333333
complextro	pop edm	3	1638987.666666667
german techno	pop edm	3	1638987.666666667
dfw rap	pop	3	312477.0
dfw rap	r&b	3	312477.0
dfw rap	southern hip hop	3	312477.0
electropop	nyc pop	3	102483.33333333331
nyc pop	pop	3	102483.33333333331
nyc pop	tropical house	3	102483.33333333331
canadian pop	r&b	3	172128.66666666663
r&b	viral pop	3	519467.33333333326
brostep	dance pop	3	2293182.333333333
brostep	post-teen pop	3	2293182.333333333
dance pop	j-pop	3	381586.33333333326
j-pop	pop	3	381586.33333333326
j-pop	post-teen pop	3	381586.33333333326
canadian pop	electropop	3	482113.0
post-teen pop	swedish pop	3	1430572.333333333
swedish pop	uk dance	3	1430572.333333333
edm	uk funky	3	1433759.666666667
canadian pop	reggaeton	3	942967.6666666664
edm	puerto rican pop	3	499049.0
dance pop	indie pop	3	108053.0
edm	indie pop	3	108053.0
indie pop	post-teen pop	3	108053.0
indie pop	tropical house	3	108053.0
broadway	hollywood	3	785773.5
broadway	post-teen pop	3	785773.5
movie tunes	post-teen pop	3	785773.5
dance pop	social media pop	3	1124071.0
pop	social media pop	3	1124071.0
social media pop	tropical house	3	1124071.0
j-pop	japanese alternative rock	3	104547.0
modern rock	pop	3	957638.6666666664
j-rap	japanese city pop	3	109902.0
j-rap	j-rock	3	109902.0
canadian pop	uk dance	3	416438.0
chicago rap	miami hip hop	3	1459047.0
chicago rap	southern hip hop	3	1339460.0
conscious hip hop	dance pop	3	1350958.333333333
conscious hip hop	post-teen pop	3	1350958.333333333
atl hip hop	chicago rap	3	1339460.0
canadian pop	southern hip hop	3	1434968.333333333
canadian pop	urban contemporary	3	1342050.333333333
dirty south rap	melodic rap	3	1377952.666666667
dancehall	edm	3	516110.0
alternative r&b	canadian pop	3	131872.0
alternative r&b	etherpop	3	533088.6666666665
electropop	etherpop	3	1951658.0
etherpop	pop rap	3	648851.3333333335
electropop	indie poptimism	3	1951658.0
girl group	pop	3	368110.66666666674
dance pop	talent show	3	238557.0
post-teen pop	talent show	3	238557.0
hip pop	uk pop	3	177451.33333333337
queens hip hop	uk pop	3	177451.33333333337
electronic trap	post-teen pop	3	843979.6666666665
post-teen pop	social media pop	3	1026807.0
alternative r&b	r&b	3	615378.5
indie pop rap	pop	3	240680.33333333328
indie pop rap	pop rap	3	143446.0
indie pop rap	rap	3	143446.0
gangster rap	pop rap	3	128806.0
rap	underground hip hop	3	128806.0
gangster rap	southern hip hop	3	128806.0
gangster rap	trap	3	128806.0
trap	west coast rap	3	118380.5
gangster rap	hip hop	3	128806.0
art pop	rap	3	193929.0
indie r&b	rap	3	193929.0
indietronica	rap	3	193929.0
rap	uk alternative pop	3	193929.0
east coast hip hop	pop rap	3	129260.0
east coast hip hop	rap	3	129260.0
dance pop	indie poptimism	3	443490.33333333326
electropop	moombahton	3	331037.66666666674
indie poptimism	tropical house	3	1871820.333333333
bachata	latin	3	86736.0
bachata	reggaeton	3	86736.0
latin hip hop	reggaeton flow	3	86736.0
reggaeton flow	tropical	3	86736.0
dance pop	deep big room	3	579166.6666666665
electro house	progressive house	3	292431.66666666674
pop edm	progressive house	3	292431.66666666674
dance pop	dirty south rap	3	102607.33333333331
rap	uk pop	3	485474.33333333326
pop rap	trap latino	3	1048617.666666667
rap	trap latino	3	1048617.666666667
dance pop	k-pop girl group	3	484351.0
melodic rap	tropical house	3	722099.6666666665
edm	reggaeton	3	640405.6666666665
bmore	dance pop	3	460101.0
bmore	pop	3	460101.0
dance pop	ninja	3	460101.0
ninja	pop	3	460101.0
electropop	trap	3	379222.0
dutch pop	pop	3	263769.5
progressive house	uk pop	3	1076765.0
post-teen pop	trap soul	3	433230.5
edm	moombahton	3	440474.33333333326
house	uk pop	3	1241390.666666667
k-pop	post-teen pop	3	428729.5
r&b	trap	3	144727.5
southern hip hop	urban contemporary	3	160120.33333333337
edm	southern hip hop	3	113290.0
electro house	southern hip hop	3	113290.0
southern hip hop	tropical house	3	113290.0
big room	trap	3	542192.0
neo soul	tropical house	3	584769.5
uk pop	uk pop	3	476490.33333333326
dance pop	liquid funk	3	589781.0
liquid funk	pop	3	589781.0
liquid funk	tropical house	3	589781.0
afro dancehall	dance pop	3	36083.0
afropop	dance pop	3	36083.0
dance pop	ghanaian hip hop	3	36083.0
dance pop	swedish dancehall	3	36083.0
afro dancehall	pop	3	36083.0
afropop	pop	3	36083.0
ghanaian hip hop	pop	3	36083.0
pop	swedish dancehall	3	36083.0
afro dancehall	tropical house	3	36083.0
afropop	tropical house	3	36083.0
ghanaian hip hop	tropical house	3	36083.0
swedish dancehall	tropical house	3	36083.0
new orleans rap	pop rap	3	1800592.0
emo rap	miami hip hop	3	332065.5
australian pop	dance pop	3	446244.33333333326
pop rap	trap soul	3	245655.5
progressive house	trap	3	49997.33333333334
trap	uk dance	3	49997.33333333334
electro house	hip hop	3	60534.0
hip hop	house	3	60534.0
hip hop	progressive house	3	60534.0
hip hop	uk dance	3	60534.0
alternative r&b	rap	3	121229.33333333331
alternative r&b	southern hip hop	3	144740.0
electronic trap	pop rap	3	984724.0
canadian hip hop	dance pop	3	578510.3333333335
dance pop	toronto rap	3	485432.33333333326
canadian hip hop	pop rap	3	302243.33333333326
toronto rap	tropical house	3	485432.33333333326
canadian hip hop	edm	3	713686.5
canadian hip hop	electro house	3	713686.5
electro house	melodic rap	3	713686.5
florida rap	rap	3	216941.5
dance pop	detroit hip hop	3	95008.0
candy pop	pop	3	462208.0
emo rap	trap	3	402082.0
dance pop	francoton	3	545797.0
francoton	pop	3	545797.0
canadian hip hop	r&b	2	234451.0
canadian hip hop	soul	2	234451.0
canadian pop	soul	2	234451.0
hip hop	soul	2	234451.0
pop rap	soul	2	234451.0
rap	soul	2	234451.0
r&b	toronto rap	2	234451.0
soul	toronto rap	2	234451.0
aussietronica	melbourne bounce	2	31799.0
melbourne bounce	tropical house	2	31799.0
j-pop	k-hop	2	263505.5
japanese singer-songwriter	k-hop	2	263505.5
k-hop	vietnamese hip hop	2	263505.5
j-pop	vietnamese hip hop	2	263505.5
japanese singer-songwriter	vietnamese hip hop	2	263505.5
urban contemporary	viral pop	2	459916.0
boy band	j-pop	2	464168.0
boy band	j-rock	2	464168.0
boy band	japanese emo	2	464168.0
boy band	visual kei	2	464168.0
dance pop	j-rock	2	464168.0
dance pop	japanese emo	2	464168.0
dance pop	visual kei	2	464168.0
j-rock	pop	2	464168.0
japanese emo	pop	2	464168.0
pop	visual kei	2	464168.0
j-rock	post-teen pop	2	464168.0
japanese emo	post-teen pop	2	464168.0
post-teen pop	visual kei	2	464168.0
j-pop	j-rock	2	48393.0
j-rock	japanese singer-songwriter	2	48393.0
dance pop	outlaw country	2	217292.5
outlaw country	pop	2	217292.5
dance pop	scandipop	2	2132598.0
dance pop	swedish electropop	2	2132598.0
edm	scandipop	2	2132598.0
edm	swedish electropop	2	2132598.0
pop	scandipop	2	2132598.0
pop	swedish electropop	2	2132598.0
post-teen pop	scandipop	2	2132598.0
post-teen pop	swedish electropop	2	2132598.0
scandipop	tropical house	2	2132598.0
swedish electropop	tropical house	2	2132598.0
scandipop	uk dance	2	2132598.0
swedish electropop	uk dance	2	2132598.0
scandipop	uk funky	2	2132598.0
swedish electropop	uk funky	2	2132598.0
swedish pop	uk funky	2	2132598.0
canadian pop	latin hip hop	2	1031153.5
latin hip hop	pop	2	1031153.5
latin hip hop	post-teen pop	2	1031153.5
canadian pop	latin pop	2	1031153.5
canadian pop	puerto rican pop	2	1031153.5
edm	latin pop	2	44745.0
edm	tropical	2	44745.0
latin pop	tropical house	2	44745.0
puerto rican pop	tropical house	2	44745.0
tropical	tropical house	2	44745.0
latin	uk dance	2	44745.0
latin pop	uk dance	2	44745.0
puerto rican pop	uk dance	2	44745.0
tropical	uk dance	2	44745.0
latin	uk funky	2	44745.0
latin pop	uk funky	2	44745.0
puerto rican pop	uk funky	2	44745.0
tropical	uk funky	2	44745.0
dance pop	uk alternative pop	2	44745.0
edm	uk alternative pop	2	44745.0
pop	uk alternative pop	2	44745.0
post-teen pop	uk alternative pop	2	44745.0
tropical house	uk alternative pop	2	44745.0
indie pop	uk dance	2	44745.0
metropopolis	uk dance	2	44745.0
uk alternative pop	uk dance	2	44745.0
indie pop	uk funky	2	44745.0
metropopolis	uk funky	2	44745.0
uk alternative pop	uk funky	2	44745.0
electropop	latin	2	44745.0
indie pop	latin	2	44745.0
latin	metropopolis	2	44745.0
latin	uk alternative pop	2	44745.0
electropop	latin pop	2	44745.0
indie pop	latin pop	2	44745.0
latin pop	metropopolis	2	44745.0
latin pop	uk alternative pop	2	44745.0
electropop	puerto rican pop	2	44745.0
indie pop	puerto rican pop	2	44745.0
metropopolis	puerto rican pop	2	44745.0
puerto rican pop	uk alternative pop	2	44745.0
electropop	tropical	2	44745.0
indie pop	tropical	2	44745.0
metropopolis	tropical	2	44745.0
tropical	uk alternative pop	2	44745.0
broadway	dance pop	2	785773.5
broadway	social media pop	2	785773.5
dance pop	movie tunes	2	785773.5
movie tunes	social media pop	2	785773.5
contemporary country	pop edm	2	2415559.5
pop edm	texas country	2	2415559.5
complextro	contemporary country	2	2415559.5
contemporary country	german techno	2	2415559.5
complextro	texas country	2	2415559.5
dance pop	texas country	2	2415559.5
edm	texas country	2	2415559.5
electro house	texas country	2	2415559.5
german techno	texas country	2	2415559.5
pop	texas country	2	2415559.5
post-teen pop	texas country	2	2415559.5
texas country	tropical house	2	2415559.5
j-pop	japanese soul	2	126340.0
j-rock	japanese soul	2	126340.0
chicago rap	toronto rap	2	66466.0
dance pop	pittsburgh rap	2	836955.5
pittsburgh rap	pop	2	836955.5
pittsburgh rap	post-teen pop	2	836955.5
pittsburgh rap	viral pop	2	836955.5
atl trap	dance pop	2	2112051.5
dance pop	gangster rap	2	2112051.5
atl trap	pop	2	2112051.5
gangster rap	pop	2	2112051.5
atl trap	post-teen pop	2	2112051.5
gangster rap	post-teen pop	2	2112051.5
social media pop	uk dance	2	1459250.0
dance pop	teen pop	2	1459250.0
edm	teen pop	2	1459250.0
pop	teen pop	2	1459250.0
teen pop	tropical house	2	1459250.0
teen pop	uk dance	2	1459250.0
j-rap	japanese singer-songwriter	2	135133.5
japanese alternative rock	japanese singer-songwriter	2	135133.5
edm	modern rock	2	470114.5
modern rock	tropical house	2	470114.5
edm	rock	2	470114.5
pop	rock	2	470114.5
rock	tropical house	2	470114.5
j-poprock	j-rap	2	100987.0
j-pop	japanese city pop	2	100987.0
j-poprock	japanese city pop	2	100987.0
j-rock	japanese city pop	2	100987.0
chicago rap	dance pop	2	1989333.5
chicago rap	dirty south rap	2	1989333.5
conscious hip hop	dirty south rap	2	1989333.5
conscious hip hop	miami hip hop	2	1989333.5
conscious hip hop	urban contemporary	2	1989333.5
canadian pop	chicago rap	2	1989333.5
chicago rap	post-teen pop	2	1989333.5
chicago rap	melodic rap	2	1989333.5
conscious hip hop	melodic rap	2	1989333.5
canadian pop	dirty south rap	2	1989333.5
canadian pop	miami hip hop	2	1989333.5
atl hip hop	dirty south rap	2	1989333.5
melodic rap	miami hip hop	2	1989333.5
atl hip hop	urban contemporary	2	1989333.5
melodic rap	urban contemporary	2	1989333.5
atl hip hop	canadian pop	2	1989333.5
canadian pop	melodic rap	2	1989333.5
dancehall	uk pop	2	646561.0
dancehall	uk dance	2	646561.0
dancehall	uk funky	2	646561.0
hip pop	urban contemporary	2	386844.0
queens hip hop	urban contemporary	2	386844.0
alternative r&b	viral pop	2	160704.0
big room	contemporary country	2	1631238.5
big room	country	2	1631238.5
big room	country pop	2	1631238.5
big room	country road	2	1631238.5
big room	modern country rock	2	1631238.5
country	edm	2	1631238.5
country pop	edm	2	1631238.5
country road	edm	2	1631238.5
edm	modern country rock	2	1631238.5
country	electro house	2	1631238.5
country pop	electro house	2	1631238.5
country road	electro house	2	1631238.5
electro house	modern country rock	2	1631238.5
contemporary country	progressive electro house	2	1631238.5
country	progressive electro house	2	1631238.5
country pop	progressive electro house	2	1631238.5
country road	progressive electro house	2	1631238.5
modern country rock	progressive electro house	2	1631238.5
contemporary country	progressive house	2	1631238.5
country	progressive house	2	1631238.5
country pop	progressive house	2	1631238.5
country road	progressive house	2	1631238.5
modern country rock	progressive house	2	1631238.5
country	tropical house	2	1631238.5
country pop	tropical house	2	1631238.5
country road	tropical house	2	1631238.5
modern country rock	tropical house	2	1631238.5
big room	modern alternative rock	2	1631238.5
edm	modern alternative rock	2	1631238.5
electro house	modern alternative rock	2	1631238.5
modern alternative rock	progressive electro house	2	1631238.5
modern alternative rock	progressive house	2	1631238.5
modern alternative rock	tropical house	2	1631238.5
contemporary country	modern alternative rock	2	1631238.5
country	modern alternative rock	2	1631238.5
country pop	modern alternative rock	2	1631238.5
country road	modern alternative rock	2	1631238.5
modern alternative rock	modern country rock	2	1631238.5
modern alternative rock	post-teen pop	2	1631238.5
j-pop	japanese jazz	2	38832.0
j-pop	japanese jazz fusion	2	38832.0
j-pop	japanese jazztronica	2	38832.0
japanese jazz	japanese r&b	2	38832.0
japanese jazz fusion	japanese r&b	2	38832.0
japanese jazztronica	japanese r&b	2	38832.0
japanese jazz	japanese singer-songwriter	2	38832.0
japanese jazz fusion	japanese singer-songwriter	2	38832.0
japanese jazztronica	japanese singer-songwriter	2	38832.0
alternative r&b	indie poptimism	2	755702.5
etherpop	post-teen pop	2	755702.5
dance pop	girl group	2	232881.0
girl group	hip pop	2	232881.0
girl group	post-teen pop	2	232881.0
girl group	queens hip hop	2	232881.0
hip pop	talent show	2	232881.0
queens hip hop	talent show	2	232881.0
canadian pop	electronic trap	2	562141.0
country	electropop	2	996782.5
country pop	electropop	2	996782.5
country road	electropop	2	996782.5
electropop	modern country rock	2	996782.5
brostep	conscious hip hop	2	139225.5
conscious hip hop	progressive electro house	2	139225.5
brostep	dmv rap	2	139225.5
dmv rap	progressive electro house	2	139225.5
brostep	hip hop	2	139225.5
hip hop	progressive electro house	2	139225.5
brostep	pop rap	2	139225.5
pop rap	progressive electro house	2	139225.5
progressive electro house	rap	2	139225.5
canadian contemporary r&b	dance pop	2	2952213.5
canadian contemporary r&b	edm	2	2952213.5
canadian contemporary r&b	electro house	2	2952213.5
canadian contemporary r&b	post-teen pop	2	2952213.5
canadian contemporary r&b	tropical house	2	2952213.5
canadian pop	complextro	2	2565368.5
canadian pop	german techno	2	2565368.5
complextro	electropop	2	3030729.0
electropop	german techno	2	3030729.0
indie pop rap	post-teen pop	2	250151.0
atl hip hop	gangster rap	2	128806.0
atl hip hop	underground hip hop	2	128806.0
pop rap	underground hip hop	2	128806.0
southern hip hop	underground hip hop	2	128806.0
trap	underground hip hop	2	128806.0
hip hop	west coast rap	2	118380.5
hip hop	underground hip hop	2	128806.0
art pop	pop rap	2	193929.0
indie r&b	pop rap	2	193929.0
indietronica	pop rap	2	193929.0
pop rap	uk alternative pop	2	193929.0
art pop	southern hip hop	2	193929.0
indie r&b	southern hip hop	2	193929.0
indietronica	southern hip hop	2	193929.0
southern hip hop	uk alternative pop	2	193929.0
art pop	trap	2	193929.0
indie r&b	trap	2	193929.0
indietronica	trap	2	193929.0
trap	uk alternative pop	2	193929.0
southern hip hop	west coast rap	2	193929.0
art pop	conscious hip hop	2	193929.0
art pop	hip hop	2	193929.0
conscious hip hop	indie r&b	2	193929.0
hip hop	indie r&b	2	193929.0
conscious hip hop	indietronica	2	193929.0
hip hop	indietronica	2	193929.0
conscious hip hop	uk alternative pop	2	193929.0
hip hop	uk alternative pop	2	193929.0
east coast hip hop	hip hop	2	129260.0
electropop	hip hop	2	254678.5
electro house	viral pop	2	280107.5
edm	indie poptimism	2	635946.0
electro house	indie poptimism	2	635946.0
danish pop	pop	2	234669.0
alternative r&b	edm	2	348801.0
alternative r&b	progressive house	2	348801.0
alternative r&b	tropical house	2	348801.0
latin hip hop	trap latino	2	86736.0
reggaeton flow	trap latino	2	86736.0
trap latino	tropical	2	86736.0
bachata	reggaeton flow	2	86736.0
latin pop	reggaeton flow	2	86736.0
deep big room	progressive house	2	418764.0
progressive electro house	progressive house	2	420111.5
edm	future house	2	800456.0
future house	pop	2	800456.0
future house	tropical house	2	800456.0
girl group	hip hop	2	435743.0
girl group	southern hip hop	2	435743.0
girl group	trap	2	435743.0
hip hop	talent show	2	435743.0
southern hip hop	talent show	2	435743.0
talent show	trap	2	435743.0
trap	uk pop	2	192726.5
alternative hip hop	big room	2	39767.0
alternative hip hop	edm	2	39767.0
alternative hip hop	tropical house	2	39767.0
neo soul	post-teen pop	2	785018.5
emo rap	rap	2	400278.0
gangster rap	south african hip hop	2	63683.0
hip hop	south african hip hop	2	63683.0
pop rap	south african hip hop	2	63683.0
rap	south african hip hop	2	63683.0
south african hip hop	southern hip hop	2	63683.0
south african hip hop	trap	2	63683.0
atl hip hop	edm	2	382493.0
atl hip hop	tropical house	2	382493.0
big room	pop rap	2	758175.0
big room	uk pop	2	763610.0
reggaeton	tropical house	2	256780.0
dance pop	latin viral pop	2	255208.0
latin viral pop	pop	2	255208.0
dance pop	rap latina	2	255208.0
pop	rap latina	2	255208.0
bmore	post-teen pop	2	460101.0
bmore	uk pop	2	460101.0
electropop	metropopolis	2	329430.5
ninja	post-teen pop	2	460101.0
ninja	uk pop	2	460101.0
moombahton	trap	2	379222.0
dance pop	dutch pop	2	263769.5
dutch pop	edm	2	229672.0
dutch pop	tropical house	2	229672.0
dance pop	indie electropop	2	547901.0
indie electropop	pop	2	547901.0
indie electropop	post-teen pop	2	547901.0
pop	vapor soul	2	562542.0
baile pop	latin	2	39374.0
baile pop	reggaeton	2	39374.0
funk carioca	latin	2	39374.0
funk carioca	reggaeton	2	39374.0
funk das antigas	latin	2	39374.0
funk das antigas	reggaeton	2	39374.0
edm	house	2	380553.5
electropop	house	2	414547.5
house	tropical house	2	380553.5
electropop	k-pop girl group	2	58579.0
indie electropop	k-pop girl group	2	58579.0
indie poptimism	k-pop girl group	2	58579.0
k-pop girl group	video game music	2	58579.0
pop	video game music	2	58579.0
post-teen pop	video game music	2	58579.0
anime	japanese electropop	2	4266127.5
glam rock	rock	2	685778.0
r&b	urban contemporary	2	126963.0
barbadian pop	pop	2	26035.0
barbadian pop	pop rap	2	26035.0
barbadian pop	rap	2	26035.0
barbadian pop	trap	2	26035.0
k-pop	pop rap	2	508841.0
k-pop boy group	pop rap	2	508841.0
neo soul	pop rap	2	584769.5
edm	neo soul	2	584769.5
neo soul	uk dance	2	584769.5
liquid funk	post-teen pop	2	589781.0
liquid funk	uk pop	2	589781.0
liquid funk	pop rap	2	589781.0
neo soul	uk pop	2	1143479.0
dance pop	uk contemporary r&b	2	1143479.0
pop	uk contemporary r&b	2	1143479.0
tropical house	uk contemporary r&b	2	1143479.0
uk contemporary r&b	uk pop	2	1143479.0
electro house	uk dance	2	31302.0
afro dancehall	uk pop	2	36083.0
afropop	uk pop	2	36083.0
ghanaian hip hop	uk pop	2	36083.0
swedish dancehall	uk pop	2	36083.0
afro dancehall	edm	2	36083.0
afropop	edm	2	36083.0
edm	ghanaian hip hop	2	36083.0
edm	swedish dancehall	2	36083.0
conscious hip hop	new orleans rap	2	921712.0
new orleans rap	pop	2	1800592.0
new orleans rap	trap	2	1800592.0
contemporary country	hip pop	2	127232.0
country	hip pop	2	127232.0
country road	hip pop	2	127232.0
emo rap	emo rap	2	332065.5
australian pop	post-teen pop	2	230328.5
hip pop	trap	2	268024.5
queens hip hop	trap	2	268024.5
basshall	dance pop	2	165398.0
basshall	pop	2	165398.0
basshall	tropical house	2	165398.0
big room	electropop	2	32765.5
australian pop	edm	2	453024.5
electropop	progressive house	2	66759.5
australian pop	tropical house	2	453024.5
house	southern hip hop	2	60534.0
progressive house	southern hip hop	2	60534.0
southern hip hop	uk dance	2	60534.0
alternative r&b	atl hip hop	2	144740.0
canadian contemporary r&b	conscious hip hop	2	387098.5
canadian contemporary r&b	hip hop	2	387098.5
canadian contemporary r&b	rap	2	387098.5
dance pop	electronic trap	2	984724.0
pop	shiver pop	2	324826.0
electronic trap	rap	2	984724.0
canadian hip hop	post-teen pop	2	434974.5
pop rap	toronto rap	2	299286.0
canadian hip hop	tropical house	2	713686.5
downtempo	pop rap	2	561791.0
pop rap	shiver pop	2	561791.0
australian dance	dance pop	2	599779.0
australian dance	pop	2	599779.0
house	toronto rap	2	447253.0
alternative r&b	alternative r&b	2	175640.5
alternative r&b	trap soul	2	263420.0
atl hip hop	florida rap	2	216941.5
florida rap	hip hop	2	216941.5
florida rap	pop rap	2	216941.5
florida rap	southern hip hop	2	216941.5
miami hip hop	southern hip hop	2	216941.5
florida rap	trap	2	216941.5
j-division	j-rap	2	288824.0
j-division	japanese r&b	2	288824.0
indietronica	pop	2	62709.5
detroit hip hop	pop rap	2	185990.0
canadian hip hop	trap	2	317198.0
candy pop	dance pop	2	462208.0
candy pop	post-teen pop	2	462208.0
candy pop	pop rap	2	462208.0
metropopolis	pop rap	2	462208.0
big room	dutch edm	2	468522.0
emo rap	latin	2	402082.0
emo rap	reggaeton	2	402082.0
latin	miami hip hop	2	402082.0
miami hip hop	reggaeton	2	402082.0
latin	trap	2	402082.0
reggaeton	trap	2	402082.0
francoton	pop rap	2	545797.0
francoton	post-teen pop	2	545797.0
big room	house	2	451570.0
big room	dfw rap	2	865582.0
big room	melodic rap	2	865582.0
canadian electronic	rap	2	865582.0
deep big room	rap	2	865582.0
dfw rap	electro house	2	865582.0
pop edm	rap	2	865582.0
big room	canadian hip hop	2	865582.0
big room	toronto rap	2	865582.0
big room	trap soul	2	865582.0
electro house	trap soul	2	865582.0
dutch edm	rap	2	865582.0
rap	trance	2	865582.0
dance pop	trap latino	2	1407657.0
canadian contemporary r&b	complextro	1	5024235.0
canadian contemporary r&b	german techno	1	5024235.0
indie pop rap	r&b	1	65153.0
indie pop rap	urban contemporary	1	65153.0
art pop	atl hip hop	1	193929.0
atl hip hop	indie r&b	1	193929.0
atl hip hop	indietronica	1	193929.0
atl hip hop	uk alternative pop	1	193929.0
atl hip hop	west coast rap	1	193929.0
art pop	gangster rap	1	193929.0
art pop	underground hip hop	1	193929.0
gangster rap	indie r&b	1	193929.0
indie r&b	underground hip hop	1	193929.0
gangster rap	indietronica	1	193929.0
indietronica	underground hip hop	1	193929.0
gangster rap	uk alternative pop	1	193929.0
uk alternative pop	underground hip hop	1	193929.0
art pop	west coast rap	1	193929.0
indie r&b	west coast rap	1	193929.0
indietronica	west coast rap	1	193929.0
uk alternative pop	west coast rap	1	193929.0
conscious hip hop	conscious hip hop	1	193929.0
conscious hip hop	west coast rap	1	193929.0
conscious hip hop	gangster rap	1	193929.0
gangster rap	west coast rap	1	193929.0
conscious hip hop	underground hip hop	1	193929.0
underground hip hop	west coast rap	1	193929.0
edm	indie cafe pop	1	229819.0
indie cafe pop	pop	1	229819.0
indie cafe pop	tropical house	1	229819.0
east coast hip hop	pop	1	221739.0
east coast hip hop	indie pop rap	1	221739.0
hip hop	indie pop rap	1	221739.0
indie pop rap	southern hip hop	1	221739.0
indie pop rap	trap	1	221739.0
etherpop	hip hop	1	435149.0
hip hop	indie poptimism	1	435149.0
dance pop	indie pop rap	1	435149.0
electropop	indie pop rap	1	435149.0
etherpop	indie pop rap	1	435149.0
indie pop rap	indie poptimism	1	435149.0
etherpop	rap	1	435149.0
indie poptimism	rap	1	435149.0
electro house	social media pop	1	453713.0
electropop	social media pop	1	453713.0
electropop	viral pop	1	453713.0
pop edm	social media pop	1	453713.0
pop edm	viral pop	1	453713.0
pop rap	social media pop	1	453713.0
canadian pop	moombahton	1	234669.0
canadian pop	danish pop	1	234669.0
canadian pop	indie pop	1	234669.0
canadian pop	indie poptimism	1	234669.0
danish pop	post-teen pop	1	234669.0
dance pop	danish pop	1	234669.0
danish pop	edm	1	234669.0
danish pop	electro house	1	234669.0
electro house	indie pop	1	234669.0
danish pop	moombahton	1	234669.0
indie pop	moombahton	1	234669.0
indie poptimism	moombahton	1	234669.0
danish pop	pop rap	1	234669.0
indie pop	pop rap	1	234669.0
danish pop	tropical house	1	234669.0
alternative r&b	brostep	1	411005.0
alternative r&b	progressive electro house	1	411005.0
alternative r&b	big room	1	671542.0
bachata	trap latino	1	86736.0
latin pop	trap latino	1	86736.0
reggaeton flow	reggaeton flow	1	86736.0
bachata	latin hip hop	1	86736.0
latin hip hop	latin hip hop	1	86736.0
bachata	tropical	1	86736.0
dance pop	future house	1	800456.0
big room	future house	1	800456.0
future house	progressive house	1	800456.0
progressive house	progressive house	1	800456.0
atl hip hop	girl group	1	232916.0
dirty south rap	girl group	1	232916.0
girl group	rap	1	232916.0
atl hip hop	talent show	1	232916.0
dirty south rap	talent show	1	232916.0
rap	talent show	1	232916.0
atl hip hop	viral pop	1	232916.0
dirty south rap	viral pop	1	232916.0
atl hip hop	uk pop	1	188800.0
southern hip hop	uk pop	1	188800.0
alternative hip hop	pop	1	39767.0
alternative hip hop	progressive house	1	39767.0
alternative hip hop	electro house	1	39767.0
alternative hip hop	pop edm	1	39767.0
alternative hip hop	progressive electro house	1	39767.0
dance pop	neo mellow	1	426558.0
neo mellow	pop	1	426558.0
neo mellow	post-teen pop	1	426558.0
j-rap	shibuya-kei	1	127732.0
canadian hip hop	latin	1	766596.0
hip hop	latin	1	766596.0
latin	toronto rap	1	766596.0
canadian hip hop	reggaeton	1	766596.0
hip hop	reggaeton	1	766596.0
reggaeton	toronto rap	1	766596.0
canadian hip hop	trap latino	1	766596.0
canadian pop	trap latino	1	766596.0
hip hop	trap latino	1	766596.0
toronto rap	trap latino	1	766596.0
complextro	pop rap	1	63431.0
german techno	pop rap	1	63431.0
complextro	edm	1	92310.0
edm	german techno	1	92310.0
complextro	tropical house	1	92310.0
german techno	tropical house	1	92310.0
chicago rap	emo rap	1	398474.0
edm	eurodance	1	221217.0
edm	europop	1	221217.0
edm	italo dance	1	221217.0
eurodance	tropical house	1	221217.0
europop	tropical house	1	221217.0
italo dance	tropical house	1	221217.0
atl hip hop	south african hip hop	1	63683.0
gangster rap	gangster rap	1	63683.0
gangster rap	underground hip hop	1	63683.0
south african hip hop	underground hip hop	1	63683.0
electropop	permanent wave	1	3073601.0
permanent wave	pop	1	3073601.0
permanent wave	tropical house	1	3073601.0
k-pop	uk pop	1	910123.0
k-pop girl group	uk pop	1	910123.0
dfw rap	melodic rap	1	51918.0
melodic rap	melodic rap	1	51918.0
edm	latin viral pop	1	255208.0
latin viral pop	tropical house	1	255208.0
edm	rap latina	1	255208.0
rap latina	tropical house	1	255208.0
dancehall	latin	1	255208.0
dancehall	latin viral pop	1	255208.0
latin viral pop	pop rap	1	255208.0
dancehall	rap latina	1	255208.0
pop rap	rap latina	1	255208.0
dancehall	reggaeton	1	255208.0
edm	r&b	1	609728.0
r&b	tropical house	1	609728.0
bmore	electropop	1	196653.0
bmore	metropopolis	1	196653.0
bmore	tropical house	1	196653.0
metropopolis	moombahton	1	196653.0
electropop	ninja	1	196653.0
metropopolis	ninja	1	196653.0
ninja	tropical house	1	196653.0
bmore	trap	1	196653.0
ninja	trap	1	196653.0
metropopolis	trap	1	196653.0
dutch pop	uk pop	1	229672.0
big room	dutch pop	1	229672.0
dutch pop	progressive house	1	229672.0
complextro	indie electropop	1	1037223.0
edm	indie electropop	1	1037223.0
electro house	indie electropop	1	1037223.0
german techno	indie electropop	1	1037223.0
indie electropop	tropical house	1	1037223.0
complextro	indie poptimism	1	1037223.0
german techno	indie poptimism	1	1037223.0
complextro	vapor soul	1	1037223.0
dance pop	vapor soul	1	1037223.0
edm	vapor soul	1	1037223.0
electro house	vapor soul	1	1037223.0
german techno	vapor soul	1	1037223.0
post-teen pop	vapor soul	1	1037223.0
tropical house	vapor soul	1	1037223.0
j-idol	j-pop	1	132864.0
j-idol	japanese r&b	1	132864.0
j-idol	japanese singer-songwriter	1	132864.0
japanese singer-songwriter	japanese singer-songwriter	1	132864.0
latin	pagode baiano	1	52190.0
pagode baiano	reggaeton	1	52190.0
girl group	r&b	1	638570.0
girl group	trap soul	1	638570.0
r&b	talent show	1	638570.0
talent show	trap soul	1	638570.0
trap soul	viral pop	1	638570.0
bmore	edm	1	723549.0
bmore	house	1	723549.0
house	moombahton	1	723549.0
edm	ninja	1	723549.0
house	ninja	1	723549.0
electropop	k-pop	1	58579.0
indie electropop	k-pop	1	58579.0
indie poptimism	k-pop	1	58579.0
k-pop	k-pop girl group	1	58579.0
k-pop girl group	k-pop girl group	1	58579.0
k-pop	video game music	1	58579.0
electropop	video game music	1	58579.0
indie electropop	video game music	1	58579.0
indie poptimism	video game music	1	58579.0
dance pop	video game music	1	58579.0
r&b	uk pop	1	606239.0
uk dance	viral pop	1	32327.0
anime	bitpop	1	167528.0
anime	j-dance	1	167528.0
progressive house	swedish pop	1	397251.0
album rock	glam rock	1	685778.0
album rock	rock	1	685778.0
art rock	glam rock	1	685778.0
art rock	rock	1	685778.0
classic rock	glam rock	1	685778.0
classic rock	rock	1	685778.0
dance rock	glam rock	1	685778.0
dance rock	rock	1	685778.0
glam rock	glam rock	1	685778.0
glam rock	permanent wave	1	685778.0
permanent wave	rock	1	685778.0
glam rock	protopunk	1	685778.0
protopunk	rock	1	685778.0
rock	rock	1	685778.0
conscious hip hop	pop rock	1	26892.0
hip hop	pop rock	1	26892.0
pop rock	west coast rap	1	26892.0
barbadian pop	dance pop	1	26035.0
barbadian pop	dirty south rap	1	26035.0
dirty south rap	r&b	1	26035.0
dirty south rap	urban contemporary	1	26035.0
barbadian pop	hip hop	1	26035.0
barbadian pop	miami hip hop	1	26035.0
dance pop	miami hip hop	1	26035.0
miami hip hop	r&b	1	26035.0
miami hip hop	urban contemporary	1	26035.0
barbadian pop	southern hip hop	1	26035.0
r&b	southern hip hop	1	26035.0
barbadian pop	urban contemporary	1	26035.0
urban contemporary	urban contemporary	1	26035.0
big room	indie anthem-folk	1	71284.0
dance pop	indie anthem-folk	1	71284.0
edm	indie anthem-folk	1	71284.0
indie anthem-folk	pop	1	71284.0
indie anthem-folk	tropical house	1	71284.0
j-dance	j-dance	1	30669.0
j-dance	j-pop	1	30669.0
j-rock	japanese alternative rock	1	43374.0
j-rock	japanese r&b	1	43374.0
japanese alternative rock	japanese city pop	1	43374.0
japanese city pop	japanese r&b	1	43374.0
japanese alternative rock	japanese r&b	1	43374.0
japanese alternative rock	japanese soul	1	43374.0
japanese r&b	japanese soul	1	43374.0
japanese alternative rock	shibuya-kei	1	43374.0
japanese r&b	shibuya-kei	1	43374.0
k-pop	rap	1	218802.0
k-pop	southern hip hop	1	218802.0
k-pop	trap	1	218802.0
k-pop	viral trap	1	218802.0
k-pop boy group	rap	1	218802.0
k-pop boy group	southern hip hop	1	218802.0
k-pop boy group	trap	1	218802.0
k-pop boy group	viral trap	1	218802.0
big room	southern hip hop	1	218802.0
big room	viral trap	1	218802.0
dance pop	viral trap	1	218802.0
edm	viral trap	1	218802.0
electro house	viral trap	1	218802.0
tropical house	viral trap	1	218802.0
post-teen pop	uk contemporary r&b	1	1143479.0
pop rap	uk contemporary r&b	1	1143479.0
liquid funk	neo soul	1	1143479.0
neo soul	uk funky	1	1143479.0
edm	uk contemporary r&b	1	1143479.0
liquid funk	uk contemporary r&b	1	1143479.0
uk contemporary r&b	uk dance	1	1143479.0
uk contemporary r&b	uk funky	1	1143479.0
brostep	tropical house	1	2409879.0
brostep	uk pop	1	2409879.0
progressive electro house	uk pop	1	2409879.0
afro dancehall	post-teen pop	1	36083.0
afropop	post-teen pop	1	36083.0
ghanaian hip hop	post-teen pop	1	36083.0
post-teen pop	swedish dancehall	1	36083.0
afro dancehall	electro house	1	36083.0
afropop	electro house	1	36083.0
electro house	ghanaian hip hop	1	36083.0
electro house	swedish dancehall	1	36083.0
afro dancehall	moombahton	1	36083.0
afropop	moombahton	1	36083.0
ghanaian hip hop	moombahton	1	36083.0
moombahton	swedish dancehall	1	36083.0
afro dancehall	pop rap	1	36083.0
afropop	pop rap	1	36083.0
ghanaian hip hop	pop rap	1	36083.0
pop rap	swedish dancehall	1	36083.0
edm	liquid funk	1	36083.0
electro house	liquid funk	1	36083.0
electro house	uk funky	1	36083.0
liquid funk	moombahton	1	36083.0
moombahton	uk dance	1	36083.0
moombahton	uk funky	1	36083.0
afro dancehall	liquid funk	1	36083.0
afro dancehall	uk dance	1	36083.0
afro dancehall	uk funky	1	36083.0
afropop	liquid funk	1	36083.0
afropop	uk dance	1	36083.0
afropop	uk funky	1	36083.0
ghanaian hip hop	liquid funk	1	36083.0
ghanaian hip hop	uk dance	1	36083.0
ghanaian hip hop	uk funky	1	36083.0
liquid funk	swedish dancehall	1	36083.0
swedish dancehall	uk dance	1	36083.0
swedish dancehall	uk funky	1	36083.0
chicago rap	new orleans rap	1	1800592.0
dance pop	new orleans rap	1	1800592.0
dirty south rap	new orleans rap	1	1800592.0
miami hip hop	new orleans rap	1	1800592.0
new orleans rap	southern hip hop	1	1800592.0
new orleans rap	urban contemporary	1	1800592.0
canadian pop	new orleans rap	1	1800592.0
new orleans rap	post-teen pop	1	1800592.0
atl hip hop	new orleans rap	1	1800592.0
melodic rap	new orleans rap	1	1800592.0
adult standards	dance pop	1	181718.0
adult standards	hip pop	1	181718.0
adult standards	pop	1	181718.0
adult standards	post-teen pop	1	181718.0
hip pop	modern country rock	1	181718.0
canadian contemporary r&b	house	1	880192.0
canadian pop	house	1	880192.0
canadian contemporary r&b	progressive house	1	880192.0
canadian pop	progressive house	1	880192.0
canadian contemporary r&b	uk dance	1	880192.0
canadian contemporary r&b	uk pop	1	880192.0
canadian pop	uk pop	1	880192.0
emo rap	lgbtq+ hip hop	1	262049.0
lgbtq+ hip hop	miami hip hop	1	262049.0
electropop	swedish pop	1	53803.0
hip pop	viral pop	1	66592.0
queens hip hop	viral pop	1	66592.0
hollywood	pop	1	472384.0
new orleans rap	west coast rap	1	42832.0
hip pop	k-pop	1	798880.0
k-pop	queens hip hop	1	798880.0
hip pop	k-pop boy group	1	798880.0
k-pop boy group	pop	1	798880.0
k-pop boy group	post-teen pop	1	798880.0
k-pop boy group	queens hip hop	1	798880.0
trap soul	urban contemporary	1	227891.0
hip hop	hip pop	1	227891.0
hip pop	r&b	1	227891.0
hip pop	southern hip hop	1	227891.0
hip pop	trap soul	1	227891.0
hip hop	queens hip hop	1	227891.0
queens hip hop	r&b	1	227891.0
queens hip hop	southern hip hop	1	227891.0
queens hip hop	trap soul	1	227891.0
dance pop	dutch house	1	297867.0
dutch house	pop	1	297867.0
dutch house	post-teen pop	1	297867.0
dutch pop	post-teen pop	1	297867.0
dutch house	viral pop	1	297867.0
dutch pop	viral pop	1	297867.0
basshall	post-teen pop	1	297867.0
basshall	viral pop	1	297867.0
basshall	dutch house	1	297867.0
basshall	dutch pop	1	297867.0
australian pop	big room	1	27973.0
big room	viral pop	1	27973.0
australian pop	progressive house	1	27973.0
progressive house	viral pop	1	27973.0
album rock	experimental rock	1	319869.0
art rock	experimental rock	1	319869.0
classic rock	experimental rock	1	319869.0
experimental rock	folk rock	1	319869.0
experimental rock	mellow gold	1	319869.0
experimental rock	psychedelic rock	1	319869.0
experimental rock	rock	1	319869.0
album rock	experimental	1	319869.0
album rock	experimental pop	1	319869.0
art rock	experimental	1	319869.0
art rock	experimental pop	1	319869.0
classic rock	experimental	1	319869.0
classic rock	experimental pop	1	319869.0
experimental	folk rock	1	319869.0
experimental pop	folk rock	1	319869.0
experimental	mellow gold	1	319869.0
experimental pop	mellow gold	1	319869.0
experimental	psychedelic rock	1	319869.0
experimental pop	psychedelic rock	1	319869.0
experimental	rock	1	319869.0
experimental pop	rock	1	319869.0
experimental	experimental rock	1	319869.0
experimental pop	experimental rock	1	319869.0
dance pop	lgbtq+ hip hop	1	26060.0
edm	lgbtq+ hip hop	1	26060.0
alternative r&b	electro house	1	26060.0
electro house	lgbtq+ hip hop	1	26060.0
electro house	neo soul	1	26060.0
alternative r&b	house	1	26060.0
house	lgbtq+ hip hop	1	26060.0
house	neo soul	1	26060.0
lgbtq+ hip hop	pop	1	26060.0
lgbtq+ hip hop	progressive house	1	26060.0
neo soul	progressive house	1	26060.0
lgbtq+ hip hop	tropical house	1	26060.0
alternative r&b	uk dance	1	26060.0
lgbtq+ hip hop	uk dance	1	26060.0
atl hip hop	electro house	1	26060.0
atl hip hop	house	1	26060.0
atl hip hop	progressive house	1	26060.0
atl hip hop	uk dance	1	26060.0
atl hip hop	lgbtq+ hip hop	1	26060.0
hip hop	lgbtq+ hip hop	1	26060.0
lgbtq+ hip hop	pop rap	1	26060.0
lgbtq+ hip hop	rap	1	26060.0
lgbtq+ hip hop	southern hip hop	1	26060.0
lgbtq+ hip hop	trap	1	26060.0
atl hip hop	neo soul	1	26060.0
hip hop	neo soul	1	26060.0
neo soul	rap	1	26060.0
neo soul	southern hip hop	1	26060.0
neo soul	trap	1	26060.0
alternative r&b	canadian contemporary r&b	1	74208.0
canadian contemporary r&b	dmv rap	1	74208.0
canadian contemporary r&b	pop rap	1	74208.0
canadian pop	dmv rap	1	74208.0
dance pop	dmv rap	1	74208.0
conscious hip hop	electropop	1	74208.0
dmv rap	electropop	1	74208.0
dmv rap	post-teen pop	1	74208.0
alternative r&b	conscious hip hop	1	74208.0
alternative r&b	dmv rap	1	74208.0
dance pop	downtempo	1	561791.0
downtempo	edm	1	561791.0
downtempo	electro house	1	561791.0
downtempo	moombahton	1	561791.0
downtempo	pop	1	561791.0
downtempo	tropical house	1	561791.0
edm	electronic trap	1	561791.0
electro house	electronic trap	1	561791.0
electronic trap	moombahton	1	561791.0
electronic trap	tropical house	1	561791.0
dance pop	shiver pop	1	561791.0
edm	shiver pop	1	561791.0
electro house	shiver pop	1	561791.0
moombahton	shiver pop	1	561791.0
shiver pop	tropical house	1	561791.0
canadian hip hop	downtempo	1	561791.0
downtempo	melodic rap	1	561791.0
downtempo	rap	1	561791.0
downtempo	toronto rap	1	561791.0
downtempo	trap	1	561791.0
canadian hip hop	electronic trap	1	561791.0
electronic trap	melodic rap	1	561791.0
electronic trap	toronto rap	1	561791.0
electronic trap	trap	1	561791.0
canadian hip hop	electropop	1	561791.0
electropop	melodic rap	1	561791.0
electropop	toronto rap	1	561791.0
post-teen pop	toronto rap	1	561791.0
canadian hip hop	shiver pop	1	561791.0
melodic rap	shiver pop	1	561791.0
rap	shiver pop	1	561791.0
shiver pop	toronto rap	1	561791.0
shiver pop	trap	1	561791.0
canadian hip hop	moombahton	1	561791.0
melodic rap	moombahton	1	561791.0
moombahton	pop rap	1	561791.0
moombahton	rap	1	561791.0
moombahton	toronto rap	1	561791.0
conscious hip hop	escape room	1	46898.0
escape room	hip hop	1	46898.0
escape room	rap	1	46898.0
escape room	west coast rap	1	46898.0
canadian pop	pop rock	1	73276.0
dance pop	pop rock	1	73276.0
electropop	pop rock	1	73276.0
indie poptimism	pop rock	1	73276.0
pop rock	post-teen pop	1	73276.0
electro house	swedish pop	1	26521.0
australian dance	edm	1	878076.0
australian dance	tropical house	1	878076.0
anime score	bitpop	1	61636.0
anime score	j-dance	1	61636.0
anime score	japanese electropop	1	61636.0
bitpop	j-pixie	1	61636.0
j-dance	j-pixie	1	61636.0
j-pixie	japanese electropop	1	61636.0
bitpop	japanese electropop	1	61636.0
j-dance	japanese electropop	1	61636.0
japanese electropop	japanese electropop	1	61636.0
electro house	urban contemporary	1	28924.0
house	urban contemporary	1	28924.0
progressive house	toronto rap	1	28924.0
progressive house	urban contemporary	1	28924.0
toronto rap	uk dance	1	28924.0
g funk	pop	1	805415.0
detroit hip hop	uk pop	1	805415.0
g funk	uk pop	1	805415.0
hip hop	uk pop	1	805415.0
basshall	uk pop	1	32929.0
basshall	uk dancehall	1	32929.0
basshall	uk drill	1	32929.0
basshall	uk hip hop	1	32929.0
dance pop	uk dancehall	1	32929.0
dance pop	uk drill	1	32929.0
dance pop	uk hip hop	1	32929.0
pop	uk dancehall	1	32929.0
pop	uk drill	1	32929.0
pop	uk hip hop	1	32929.0
tropical house	uk dancehall	1	32929.0
tropical house	uk drill	1	32929.0
tropical house	uk hip hop	1	32929.0
uk dancehall	uk pop	1	32929.0
uk drill	uk pop	1	32929.0
uk hip hop	uk pop	1	32929.0
alternative r&b	melodic rap	1	263420.0
atl hip hop	r&b	1	263420.0
atl hip hop	trap soul	1	263420.0
hip hop	trap soul	1	263420.0
trap	trap soul	1	263420.0
etherpop	tropical house	1	4343569.0
florida rap	pop	1	155191.0
florida rap	post-teen pop	1	155191.0
dirty south rap	florida rap	1	155191.0
dirty south rap	miami hip hop	1	155191.0
dirty south rap	southern hip hop	1	155191.0
complextro	viral pop	1	106502.0
german techno	viral pop	1	106502.0
contemporary country	europop	1	72746.0
contemporary country	pop rock	1	72746.0
contemporary country	urban contemporary	1	72746.0
country	europop	1	72746.0
country	pop rock	1	72746.0
country	urban contemporary	1	72746.0
country road	europop	1	72746.0
country road	pop rock	1	72746.0
country road	urban contemporary	1	72746.0
dance pop	oklahoma country	1	72746.0
europop	oklahoma country	1	72746.0
hip pop	oklahoma country	1	72746.0
oklahoma country	pop	1	72746.0
oklahoma country	pop rock	1	72746.0
oklahoma country	post-teen pop	1	72746.0
oklahoma country	urban contemporary	1	72746.0
talent show	tropical house	1	249909.0
talent show	uk pop	1	249909.0
j-division	j-division	1	42481.0
j-division	japanese trap	1	288824.0
j-rap	j-rap	1	288824.0
j-rap	japanese trap	1	288824.0
japanese r&b	japanese trap	1	288824.0
alternative r&b	art pop	1	87861.0
art pop	pop	1	87861.0
alternative r&b	chillwave	1	87861.0
chillwave	pop	1	87861.0
alternative r&b	escape room	1	87861.0
escape room	pop	1	87861.0
alternative r&b	experimental pop	1	87861.0
experimental pop	pop	1	87861.0
alternative r&b	indie r&b	1	87861.0
indie r&b	pop	1	87861.0
alternative r&b	indietronica	1	87861.0
alternative r&b	shimmer pop	1	87861.0
pop	shimmer pop	1	87861.0
alternative r&b	shiver pop	1	87861.0
alternative r&b	vapor soul	1	87861.0
boston hip hop	detroit hip hop	1	276972.0
detroit hip hop	hip hop	1	276972.0
detroit hip hop	rap	1	276972.0
boston hip hop	g funk	1	276972.0
g funk	hip hop	1	276972.0
g funk	pop rap	1	276972.0
g funk	rap	1	276972.0
boston hip hop	hip hop	1	276972.0
boston hip hop	rap	1	276972.0
deep pop edm	electro house	1	168775.0
electro house	norwegian pop	1	168775.0
deep pop edm	norwegian pop	1	168775.0
norwegian pop	pop	1	168775.0
canadian hip hop	southern hip hop	1	326238.0
southern hip hop	toronto rap	1	326238.0
toronto rap	trap	1	326238.0
canadian hip hop	vapor trap	1	326238.0
canadian pop	vapor trap	1	326238.0
hip hop	vapor trap	1	326238.0
pop rap	vapor trap	1	326238.0
rap	vapor trap	1	326238.0
toronto rap	vapor trap	1	326238.0
canadian hip hop	east coast hip hop	1	36781.0
canadian hip hop	hip hop	1	36781.0
canadian pop	east coast hip hop	1	36781.0
east coast hip hop	toronto rap	1	36781.0
hip hop	toronto rap	1	36781.0
detroit hip hop	edm	1	95008.0
detroit hip hop	electro house	1	95008.0
detroit hip hop	house	1	95008.0
detroit hip hop	progressive house	1	95008.0
detroit hip hop	tropical house	1	95008.0
detroit hip hop	uk dance	1	95008.0
detroit hip hop	post-teen pop	1	95008.0
candy pop	electropop	1	462208.0
candy pop	rap	1	462208.0
metropopolis	rap	1	462208.0
candy pop	edm	1	462208.0
candy pop	tropical house	1	462208.0
candy pop	uk pop	1	462208.0
metropopolis	uk pop	1	462208.0
anime	anime score	1	8364727.0
anime	j-pixie	1	8364727.0
dance pop	dutch edm	1	71462.0
dutch edm	edm	1	71462.0
dutch edm	pop	1	71462.0
dutch edm	tropical house	1	71462.0
australian dance	electropop	1	321482.0
australian dance	post-teen pop	1	321482.0
australian dance	uk pop	1	321482.0
australian pop	electropop	1	321482.0
australian pop	uk pop	1	321482.0
miami hip hop	miami hip hop	1	402082.0
big room	sky room	1	37072.0
edm	sky room	1	37072.0
pop	sky room	1	37072.0
progressive house	sky room	1	37072.0
sky room	tropical house	1	37072.0
canadian hip hop	emo rap	1	308158.0
dance pop	emo rap	1	308158.0
emo rap	hip pop	1	308158.0
emo rap	pop	1	308158.0
emo rap	pop rap	1	308158.0
emo rap	post-teen pop	1	308158.0
emo rap	queens hip hop	1	308158.0
hip pop	rap	1	308158.0
queens hip hop	rap	1	308158.0
canadian hip hop	hip pop	1	308158.0
canadian hip hop	queens hip hop	1	308158.0
comedy rap	dance pop	1	917581.0
comedy rap	pop	1	917581.0
comedy rap	pop rap	1	917581.0
comedy rap	r&b	1	917581.0
comedy rap	rap	1	917581.0
edm	hip pop	1	545797.0
edm	queens hip hop	1	545797.0
hip pop	tropical house	1	545797.0
queens hip hop	tropical house	1	545797.0
edm	francoton	1	545797.0
francoton	tropical house	1	545797.0
francoton	urban contemporary	1	545797.0
francoton	hip pop	1	545797.0
francoton	queens hip hop	1	545797.0
brostep	metropopolis	1	1932687.0
metropopolis	progressive electro house	1	1932687.0
brostep	modern rock	1	1932687.0
modern rock	progressive electro house	1	1932687.0
brostep	pop rock	1	1932687.0
pop rock	progressive electro house	1	1932687.0
canadian electronic	dfw rap	1	865582.0
canadian electronic	melodic rap	1	865582.0
deep big room	dfw rap	1	865582.0
deep big room	melodic rap	1	865582.0
dfw rap	pop edm	1	865582.0
melodic rap	pop edm	1	865582.0
canadian electronic	canadian hip hop	1	865582.0
canadian electronic	toronto rap	1	865582.0
canadian electronic	trap	1	865582.0
canadian electronic	trap soul	1	865582.0
canadian hip hop	deep big room	1	865582.0
deep big room	toronto rap	1	865582.0
deep big room	trap	1	865582.0
deep big room	trap soul	1	865582.0
canadian hip hop	pop edm	1	865582.0
pop edm	toronto rap	1	865582.0
pop edm	trap	1	865582.0
pop edm	trap soul	1	865582.0
big room	brostep	1	865582.0
big room	trance	1	865582.0
big room	canadian electronic	1	865582.0
brostep	canadian electronic	1	865582.0
canadian electronic	dance pop	1	865582.0
canadian electronic	dutch edm	1	865582.0
canadian electronic	edm	1	865582.0
canadian electronic	electro house	1	865582.0
canadian electronic	house	1	865582.0
canadian electronic	trance	1	865582.0
canadian electronic	tropical house	1	865582.0
brostep	deep big room	1	865582.0
deep big room	dutch edm	1	865582.0
deep big room	electro house	1	865582.0
deep big room	house	1	865582.0
deep big room	trance	1	865582.0
brostep	electro house	1	865582.0
dutch edm	electro house	1	865582.0
electro house	electro house	1	865582.0
electro house	house	1	865582.0
electro house	trance	1	865582.0
brostep	pop edm	1	865582.0
dutch edm	pop edm	1	865582.0
house	pop edm	1	865582.0
pop edm	trance	1	865582.0
canadian hip hop	dfw rap	1	865582.0
dfw rap	toronto rap	1	865582.0
canadian hip hop	melodic rap	1	865582.0
melodic rap	toronto rap	1	865582.0
brostep	dfw rap	1	865582.0
dance pop	dfw rap	1	865582.0
dfw rap	dutch edm	1	865582.0
dfw rap	edm	1	865582.0
dfw rap	house	1	865582.0
dfw rap	trance	1	865582.0
dfw rap	tropical house	1	865582.0
brostep	melodic rap	1	865582.0
dutch edm	melodic rap	1	865582.0
house	melodic rap	1	865582.0
melodic rap	trance	1	865582.0
brostep	canadian hip hop	1	865582.0
canadian hip hop	dutch edm	1	865582.0
canadian hip hop	house	1	865582.0
canadian hip hop	trance	1	865582.0
brostep	toronto rap	1	865582.0
dutch edm	toronto rap	1	865582.0
toronto rap	trance	1	865582.0
brostep	trap	1	865582.0
dutch edm	trap	1	865582.0
trance	trap	1	865582.0
brostep	trap soul	1	865582.0
dutch edm	trap soul	1	865582.0
edm	trap soul	1	865582.0
house	trap soul	1	865582.0
trance	trap soul	1	865582.0
trap soul	tropical house	1	865582.0
francoton	latin	1	107251.0
francoton	reggaeton	1	107251.0
canadian contemporary r&b	west coast rap	1	699989.0
canadian pop	west coast rap	1	699989.0
big room	indietronica	1	37558.0
dance pop	indietronica	1	37558.0
edm	indietronica	1	37558.0
indietronica	tropical house	1	37558.0
pop rap	puerto rican pop	1	1407657.0
puerto rican pop	rap	1	1407657.0
edm	trap latino	1	1407657.0
electronic trap	latin	1	1407657.0
electronic trap	puerto rican pop	1	1407657.0
electronic trap	reggaeton	1	1407657.0
electronic trap	trap latino	1	1407657.0
post-teen pop	trap latino	1	1407657.0
complextro	j-pop	1	216423.0
edm	j-pop	1	216423.0
electro house	j-pop	1	216423.0
german techno	j-pop	1	216423.0
j-pop	tropical house	1	216423.0
complextro	j-rap	1	216423.0
dance pop	j-rap	1	216423.0
edm	j-rap	1	216423.0
electro house	j-rap	1	216423.0
german techno	j-rap	1	216423.0
j-rap	pop	1	216423.0
j-rap	post-teen pop	1	216423.0
j-rap	tropical house	1	216423.0
complextro	japanese r&b	1	216423.0
dance pop	japanese r&b	1	216423.0
edm	japanese r&b	1	216423.0
electro house	japanese r&b	1	216423.0
german techno	japanese r&b	1	216423.0
japanese r&b	pop	1	216423.0
japanese r&b	post-teen pop	1	216423.0
japanese r&b	tropical house	1	216423.0
