source	target	weight	avg_streams
pop	post-teen pop	104	1083214.9104477612
pop	pop	102	1067726.1707317072
dance pop	pop	101	979061.1147540985
pop	tropical house	61	929850.525
pop	pop rap	55	466927.2647058824
dance pop	post-teen pop	54	931593.1515151516
electropop	pop	52	1007476.551724138
pop	rap	41	464125.08333333326
edm	pop	41	867378.1481481481
dance pop	tropical house	40	901393.5862068966
post-teen pop	tropical house	35	977442.9655172414
pop rap	rap	35	248226.5
dance pop	edm	31	872780.2272727273
dance pop	dance pop	29	1003963.0
hip hop	rap	28	197106.53846153847
post-teen pop	post-teen pop	25	1081307.956521739
hip hop	pop rap	24	197106.53846153847
edm	post-teen pop	24	920607.65
electropop	post-teen pop	23	1033870.65
electropop	tropical house	23	931912.5333333331
dance pop	pop rap	23	524987.4444444445
dance pop	electropop	22	870712.6842105263
canadian pop	pop	22	1308842.1578947369
hip hop	pop	22	213647.66666666663
pop rap	post-teen pop	22	614471.2941176471
rap	trap	21	403426.7857142858
pop	trap	21	288005.85714285716
rap	rap	20	267533.21428571426
pop	uk pop	19	1514854.6470588238
edm	tropical house	19	738848.5
latin	reggaeton	18	207824.0
pop rap	pop rap	16	204047.75
pop	r&b	15	610580.6363636364
dance pop	rap	15	542633.5
pop rap	trap	15	207354.77777777766
electro house	pop	15	879155.0769230769
edm	electropop	14	672890.7272727273
electropop	electropop	13	1109222.111111111
post-teen pop	rap	13	790793.0
canadian pop	dance pop	12	1057651.9090909092
canadian pop	rap	12	181879.8571428572
tropical house	tropical house	12	738848.5
hip hop	trap	12	262171.5
pop	swedish pop	11	577678.3333333335
swedish pop	tropical house	11	577678.3333333335
dance pop	swedish pop	11	635473.7142857143
canadian pop	pop rap	11	181879.8571428572
latin	latin	11	207824.0
edm	swedish pop	10	603633.0
hip hop	hip hop	10	133971.5
conscious hip hop	rap	10	224818.1428571429
pop	uk dance	10	972061.4444444444
latin	pop	10	499067.6
pop	reggaeton	10	499067.6
edm	pop rap	10	420012.44444444455
melodic rap	rap	10	448206.33333333326
post-teen pop	trap	10	350773.25
hip hop	post-teen pop	10	158449.83333333337
dance pop	electro house	10	790916.1111111111
big room	swedish pop	9	148924.14285714287
alternative r&b	pop	9	1044381.4285714284
post-teen pop	uk pop	9	2176138.5
dance pop	uk dance	9	1059352.857142857
electro house	post-teen pop	9	831396.777777778
pop rap	r&b	8	173808.83333333337
dance pop	trap	8	319354.875
modern rock	pop	8	1355402.166666667
rap	uk pop	8	735644.2
melodic rap	pop rap	8	448206.33333333326
pop rap	tropical house	8	389430.7142857143
pop	southern hip hop	8	152763.42857142858
post-teen pop	r&b	8	547143.4285714285
indie poptimism	pop	8	1687412.5
contemporary country	pop	8	1463305.666666667
latin	trap latino	8	79755.0
melodic rap	trap	7	595010.7142857143
dance pop	hip hop	7	198415.0
dance pop	latin	7	499067.6
dance pop	reggaeton	7	499067.6
canadian pop	tropical house	7	1563211.5
conscious hip hop	pop rap	7	282067.4
conscious hip hop	trap	7	282067.4
hip hop	melodic rap	7	282067.4
melodic rap	pop	7	542295.0
pop rap	southern hip hop	7	154428.8
rap	southern hip hop	7	154428.8
canadian pop	hip hop	7	181995.0
atl hip hop	rap	7	448654.25
post-teen pop	uk dance	7	1222275.333333333
reggaeton	reggaeton	7	207824.0
reggaeton	trap latino	7	79755.0
dance pop	uk pop	7	1488417.666666667
edm	edm	7	967864.8
tropical house	uk pop	7	880528.6666666665
dance pop	k-pop	7	1543032.833333333
k-pop	pop	7	1482301.5
dance pop	r&b	6	701971.6
conscious hip hop	hip hop	6	136670.75
canadian pop	edm	6	1277009.4
emo	pop	6	1169397.75
chicago rap	pop	6	319478.5
conscious hip hop	pop	6	319478.5
pop rap	uk pop	6	817494.25
chicago rap	pop rap	6	319478.5
chicago rap	rap	6	319478.5
chicago rap	trap	6	319478.5
canadian pop	post-teen pop	6	1823476.833333333
post-teen pop	southern hip hop	6	158449.83333333337
pop	urban contemporary	6	340606.5
hip hop	urban contemporary	6	152363.0
pop rap	urban contemporary	6	152363.0
complextro	pop	6	1493817.666666667
german techno	pop	6	1493817.666666667
edm	uk pop	6	1018462.8
brostep	pop	6	1099172.2
latin	post-teen pop	6	783237.6666666665
post-teen pop	reggaeton	6	783237.6666666665
j-rap	japanese r&b	6	224286.5
dfw rap	trap	5	756356.4
r&b	tropical house	5	700668.0
r&b	rap	5	159703.4
house	pop	5	372043.75
big room	dance pop	5	299510.0
latin	pop rap	5	406952.0
pop rap	reggaeton	5	406952.0
pop	pop edm	5	1433276.666666667
canadian pop	electropop	5	1025677.0
conscious hip hop	melodic rap	5	282067.4
j-pop	j-pop	5	1403752.0
pop	viral pop	5	1570235.4
dirty south rap	hip hop	5	181995.0
hip hop	southern hip hop	5	181995.0
dirty south rap	pop rap	5	181995.0
dirty south rap	rap	5	181995.0
atl hip hop	hip hop	5	171905.33333333337
atl hip hop	pop rap	5	171905.33333333337
canadian pop	trap	5	181995.0
atl hip hop	pop	5	605618.0
gangster rap	rap	5	417117.5
complextro	post-teen pop	5	1072884.4
german techno	post-teen pop	5	1072884.4
indietronica	pop	5	1035911.25
latin	latin hip hop	5	207824.0
latin	tropical	5	207824.0
latin	reggaeton flow	5	207824.0
reggaeton	reggaeton flow	5	207824.0
brostep	dance pop	5	525443.75
pop	progressive electro house	5	1239964.2
moombahton	pop	5	254263.5
k-pop	post-teen pop	5	1698574.2
big room	pop	5	253118.25
boy band	electropop	4	420089.25
boy band	pop	4	420089.25
boy band	tropical house	4	420089.25
edm	r&b	4	816380.5
canadian hip hop	pop rap	4	186268.0
hip hop	r&b	4	182878.0
alternative r&b	tropical house	4	473228.0
edm	rap	4	434514.75
dance pop	pop edm	4	1433276.666666667
pop edm	post-teen pop	4	1433276.666666667
electropop	melodic dubstep	4	985489.5
melodic dubstep	pop	4	985489.5
baroque pop	pop	4	1762057.0
hip hop	uk pop	4	329691.66666666674
chicago rap	melodic rap	4	319478.5
anime rock	j-pop	4	2247966.0
dance pop	viral pop	4	1643270.0
post-teen pop	viral pop	4	1862766.5
pop	trap soul	4	154659.0
trap	urban contemporary	4	152363.0
chicago rap	hip hop	4	191646.5
hip hop	miami hip hop	4	191646.5
miami hip hop	pop rap	4	191646.5
miami hip hop	rap	4	191646.5
rap	urban contemporary	4	191646.5
pop	social media pop	4	1013139.3333333336
j-division	j-pop	4	137431.0
j-division	j-pop boy group	4	137431.0
j-pop	j-pop boy group	4	137431.0
complextro	dance pop	4	1229569.5
dance pop	german techno	4	1229569.5
latin hip hop	reggaeton	4	207824.0
reggaeton	tropical	4	207824.0
latin	puerto rican pop	4	79755.0
edm	uk dance	4	1341340.666666667
tropical house	uk dance	4	1341340.666666667
contemporary country	post-teen pop	4	1682497.25
dance pop	progressive electro house	4	701433.75
pop	pop rock	4	1344634.25
electropop	trap	4	329872.0
dance pop	k-pop boy group	4	2114287.0
k-pop boy group	pop	4	2023190.0
k-pop boy group	post-teen pop	4	2023190.0
electropop	pop rap	4	353236.66666666674
k-pop	tropical house	4	555419.5
j-pop	j-rap	4	641223.3333333335
j-rap	j-rap	4	224286.5
pop	trap latino	4	1006910.0
big room	r&b	3	939792.6666666664
detroit hip hop	hip hop	3	85948.0
detroit hip hop	pop rap	3	85948.0
detroit hip hop	rap	3	85948.0
g funk	hip hop	3	85948.0
g funk	pop rap	3	85948.0
g funk	rap	3	85948.0
pop rap	toronto rap	3	222681.66666666663
canadian pop	r&b	3	221280.33333333328
canadian hip hop	rap	3	222681.66666666663
rap	toronto rap	3	222681.66666666663
big room	electropop	3	137880.66666666663
dance pop	swedish electropop	3	1378042.333333333
edm	swedish electropop	3	1378042.333333333
pop	swedish electropop	3	1378042.333333333
swedish electropop	tropical house	3	1378042.333333333
electropop	swedish pop	3	239191.0
edm	latin	3	430638.33333333326
edm	reggaeton	3	430638.33333333326
electronic trap	latin	3	430638.33333333326
electronic trap	reggaeton	3	430638.33333333326
edm	trap	3	189183.66666666663
electronic trap	pop rap	3	430638.33333333326
electronic trap	rap	3	430638.33333333326
latin	rap	3	430638.33333333326
rap	reggaeton	3	430638.33333333326
dance pop	modern rock	3	1194950.0
trap	uk pop	3	438849.0
big room	modern rock	3	404737.66666666674
edm	modern rock	3	404737.66666666674
modern rock	tropical house	3	404737.66666666674
big room	pop rap	3	408917.0
post-teen pop	trap soul	3	154659.0
r&b	trap	3	97721.33333333331
atl hip hop	conscious hip hop	3	171905.33333333337
canadian pop	dirty south rap	3	181995.0
canadian pop	southern hip hop	3	181995.0
post-teen pop	urban contemporary	3	276479.0
atl hip hop	dance pop	3	605618.0
dance pop	melodic rap	3	605618.0
atl hip hop	post-teen pop	3	605618.0
melodic rap	post-teen pop	3	605618.0
social media pop	tropical house	3	1013139.3333333336
edm	j-pop	3	617023.3333333335
electro house	j-pop	3	617023.3333333335
atl trap	rap	3	705662.0
metropopolis	pop	3	2506364.0
country road	pop	3	650478.0
puerto rican pop	reggaeton	3	79755.0
uk dance	uk pop	3	1313895.666666667
brostep	pop rap	3	70139.5
pop	tropical	3	601711.5
post-teen pop	tropical	3	601711.5
pop	queens hip hop	3	169395.0
pop rap	pop rock	3	539023.6666666665
pop rock	rap	3	539023.6666666665
contemporary country	tropical house	3	1967280.333333333
contemporary country	dance pop	3	2187859.0
j-pop	pop	3	1422565.0
bmore	pop	3	254263.5
moombahton	tropical house	3	254263.5
ninja	pop	3	254263.5
trap	tropical house	3	329872.0
indietronica	tropical house	3	146855.0
alternative r&b	electropop	3	410946.0
edm	electro house	3	79937.5
electro house	tropical house	3	79937.5
alternative r&b	dance pop	3	333787.33333333326
pop	video game music	3	86601.0
k-pop boy group	tropical house	3	607189.0
electropop	indie poptimism	3	1956420.0
indie poptimism	tropical house	3	1733359.666666667
dance pop	house	3	77546.0
big room	tropical house	3	69692.0
brostep	post-teen pop	3	678256.6666666665
brostep	tropical house	3	82211.5
post-teen pop	progressive electro house	3	912910.0
gangster rap	hip hop	3	129856.33333333331
alternative r&b	post-teen pop	3	457380.5
etherpop	pop	3	2815721.0
electronic trap	pop	3	639245.5
edm	k-pop	3	566019.3333333335
pop	progressive house	3	318302.33333333326
j-pop	japanese r&b	3	641223.3333333335
j-rap	japanese trap	3	224286.5
japanese r&b	japanese trap	3	224286.5
dance pop	trap latino	3	1006910.0
pop	puerto rican pop	3	1146290.0
conscious hip hop	detroit hip hop	2	81695.0
detroit hip hop	dmv rap	2	81695.0
conscious hip hop	g funk	2	81695.0
dmv rap	g funk	2	81695.0
dmv rap	hip hop	2	81695.0
dmv rap	rap	2	81695.0
alternative r&b	uk pop	2	2488112.5
canadian hip hop	dance pop	2	252676.5
dance pop	toronto rap	2	252676.5
canadian hip hop	pop	2	252676.5
pop	toronto rap	2	252676.5
canadian hip hop	r&b	2	252676.5
r&b	toronto rap	2	252676.5
alternative r&b	house	2	666541.5
alternative r&b	uk dance	2	666541.5
big room	europop	2	173766.0
dance pop	europop	2	173766.0
edm	europop	2	173766.0
europop	pop	2	173766.0
europop	tropical house	2	173766.0
big room	swedish electropop	2	173766.0
europop	swedish pop	2	173766.0
swedish electropop	swedish pop	2	173766.0
swedish pop	swedish pop	2	173766.0
electronic trap	trap	2	72812.5
latin	trap	2	72812.5
reggaeton	trap	2	72812.5
grime	pop	2	87452.0
pop	uk hip hop	2	87452.0
grime	uk pop	2	87452.0
uk hip hop	uk pop	2	87452.0
complextro	pop edm	2	1949859.5
edm	pop edm	2	1949859.5
electro house	pop edm	2	1949859.5
german techno	pop edm	2	1949859.5
pop edm	tropical house	2	1949859.5
canadian pop	melodic dubstep	2	985489.5
dance pop	melodic dubstep	2	985489.5
melodic dubstep	post-teen pop	2	985489.5
melodic dubstep	tropical house	2	985489.5
baroque pop	dance pop	2	1762057.0
baroque pop	post-teen pop	2	1762057.0
dance pop	emo	2	1762057.0
emo	post-teen pop	2	1762057.0
modern rock	post-teen pop	2	1762057.0
chicago rap	uk pop	2	447310.5
conscious hip hop	uk pop	2	447310.5
melodic rap	uk pop	2	447310.5
anime rock	j-acoustic	2	715408.5
j-acoustic	j-pop	2	715408.5
j-acoustic	japanese punk rock	2	715408.5
j-pop	japanese punk rock	2	715408.5
emo	pop rap	2	576738.5
modern rock	pop rap	2	576738.5
pop punk	pop rap	2	576738.5
big room	emo	2	576738.5
edm	emo	2	576738.5
emo	progressive house	2	576738.5
emo	tropical house	2	576738.5
modern rock	progressive house	2	576738.5
big room	pop punk	2	576738.5
edm	pop punk	2	576738.5
pop	pop punk	2	576738.5
pop punk	progressive house	2	576738.5
pop punk	tropical house	2	576738.5
pop rap	progressive house	2	576738.5
country	country rap	2	456969.5
country	lgbtq+ hip hop	2	456969.5
country	pop rap	2	456969.5
country rap	country road	2	456969.5
country road	lgbtq+ hip hop	2	456969.5
country road	pop rap	2	456969.5
pop rap	trap soul	2	113079.5
r&b	r&b	2	113079.5
r&b	southern hip hop	2	113079.5
r&b	trap soul	2	113079.5
rap	trap soul	2	113079.5
r&b	urban contemporary	2	113079.5
southern hip hop	urban contemporary	2	113079.5
trap soul	urban contemporary	2	113079.5
canadian pop	uk pop	2	3662227.0
chicago rap	dance pop	2	191646.5
chicago rap	dirty south rap	2	191646.5
chicago rap	miami hip hop	2	191646.5
chicago rap	southern hip hop	2	191646.5
chicago rap	urban contemporary	2	191646.5
conscious hip hop	dance pop	2	191646.5
conscious hip hop	dirty south rap	2	191646.5
conscious hip hop	miami hip hop	2	191646.5
conscious hip hop	southern hip hop	2	191646.5
conscious hip hop	urban contemporary	2	191646.5
canadian pop	chicago rap	2	191646.5
chicago rap	post-teen pop	2	191646.5
canadian pop	conscious hip hop	2	191646.5
conscious hip hop	post-teen pop	2	191646.5
atl hip hop	chicago rap	2	191646.5
dirty south rap	pop	2	191646.5
dirty south rap	post-teen pop	2	191646.5
canadian pop	miami hip hop	2	191646.5
miami hip hop	pop	2	191646.5
miami hip hop	post-teen pop	2	191646.5
canadian pop	urban contemporary	2	191646.5
atl hip hop	dirty south rap	2	191646.5
dirty south rap	melodic rap	2	191646.5
dirty south rap	trap	2	191646.5
atl hip hop	miami hip hop	2	191646.5
melodic rap	miami hip hop	2	191646.5
miami hip hop	trap	2	191646.5
atl hip hop	southern hip hop	2	191646.5
melodic rap	southern hip hop	2	191646.5
southern hip hop	trap	2	191646.5
atl hip hop	trap	2	191646.5
trap	trap	2	191646.5
atl hip hop	urban contemporary	2	191646.5
melodic rap	urban contemporary	2	191646.5
atl hip hop	canadian pop	2	191646.5
canadian pop	melodic rap	2	191646.5
dance pop	social media pop	2	1400800.0
edm	social media pop	2	1400800.0
social media pop	uk dance	2	1400800.0
dance pop	teen pop	2	1400800.0
edm	teen pop	2	1400800.0
pop	teen pop	2	1400800.0
teen pop	tropical house	2	1400800.0
teen pop	uk dance	2	1400800.0
j-dance	j-division	2	137431.0
j-division	j-division	2	137431.0
j-dance	j-pop	2	137431.0
j-dance	j-pop boy group	2	137431.0
j-pop boy group	j-pop boy group	2	137431.0
brostep	j-pop	2	571270.0
complextro	j-pop	2	571270.0
electro	j-pop	2	571270.0
brostep	japanese singer-songwriter	2	571270.0
complextro	japanese singer-songwriter	2	571270.0
edm	japanese singer-songwriter	2	571270.0
electro	japanese singer-songwriter	2	571270.0
electro house	japanese singer-songwriter	2	571270.0
canadian contemporary r&b	electro house	2	2148628.0
canadian contemporary r&b	pop	2	2090523.5
canadian pop	electro house	2	2148628.0
electro house	electropop	2	2102157.5
indie pop	pop	2	1919858.5
brostep	metropopolis	2	3548583.0
metropopolis	progressive electro house	2	3548583.0
contemporary country	progressive electro house	2	650478.0
country road	progressive electro house	2	650478.0
latin hip hop	trap latino	2	79755.0
trap latino	tropical	2	79755.0
dance pop	scandipop	2	1923972.5
edm	scandipop	2	1923972.5
pop	scandipop	2	1923972.5
scandipop	tropical house	2	1923972.5
scandipop	uk dance	2	1923972.5
dance pop	uk funky	2	2147312.5
pop	uk funky	2	2147312.5
post-teen pop	uk funky	2	2147312.5
outlaw country	pop	2	71284.0
pop rap	progressive electro house	2	67005.0
brostep	rap	2	67005.0
progressive electro house	rap	2	67005.0
k-pop	uk pop	2	276743.5
dance pop	tropical	2	601711.5
electropop	latin	2	335893.0
electropop	reggaeton	2	335893.0
latin hip hop	pop	2	335893.0
latin pop	pop	2	335893.0
pop	pop reggaeton	2	335893.0
pop	reggaeton flow	2	335893.0
latin hip hop	post-teen pop	2	335893.0
latin pop	post-teen pop	2	335893.0
pop reggaeton	post-teen pop	2	335893.0
post-teen pop	reggaeton flow	2	335893.0
dance pop	hip pop	2	244336.0
dance pop	queens hip hop	2	244336.0
hip pop	pop	2	244336.0
hip pop	post-teen pop	2	244336.0
post-teen pop	queens hip hop	2	244336.0
pop	soundtrack	2	63333.0
rap	soundtrack	2	63333.0
canadian contemporary r&b	rap	2	63333.0
contemporary country	edm	2	2187859.0
contemporary country	electro house	2	2187859.0
dance pop	j-pop	2	410068.5
j-rock	pop	2	1779582.5
japanese emo	pop	2	1779582.5
pop	visual kei	2	1779582.5
bmore	dance pop	2	254263.5
bmore	tropical house	2	254263.5
electropop	uk pop	2	349919.5
dance pop	moombahton	2	254263.5
electropop	moombahton	2	254263.5
dance pop	ninja	2	254263.5
ninja	tropical house	2	254263.5
australian pop	pop	2	686976.0
electropop	k-pop	2	3579600.5
electropop	k-pop boy group	2	3579600.5
edm	indietronica	2	101373.5
alternative r&b	pop rap	2	410946.0
edm	video game music	2	86601.0
moombahton	video game music	2	86601.0
tropical house	video game music	2	86601.0
alternative r&b	edm	2	86601.0
alternative r&b	moombahton	2	86601.0
edm	moombahton	2	86601.0
glam rock	rock	2	889665.0
indie poptimism	pop rap	2	486554.5
electropop	hip hop	2	237818.0
electropop	r&b	2	237818.0
electropop	southern hip hop	2	237818.0
electropop	trap soul	2	237818.0
edm	urban contemporary	2	717093.5
tropical house	urban contemporary	2	717093.5
electro house	pop rap	2	259709.0
big room	post-teen pop	2	425254.0
brostep	uk pop	2	82211.5
electro house	uk pop	2	77546.0
house	uk pop	2	77546.0
dance pop	dutch edm	2	73274.0
dance pop	trance	2	73274.0
big room	edm	2	73274.0
brostep	edm	2	73274.0
dutch edm	edm	2	73274.0
edm	house	2	73274.0
edm	trance	2	73274.0
dutch edm	pop	2	73274.0
pop	trance	2	73274.0
dutch edm	tropical house	2	73274.0
house	tropical house	2	73274.0
trance	tropical house	2	73274.0
pittsburgh rap	pop	2	111037.0
gangster rap	pop rap	2	147557.5
electropop	etherpop	2	2815721.0
indie poptimism	post-teen pop	2	610658.0
electronic trap	post-teen pop	2	639245.5
gangster rap	pop	2	764007.5
edm	k-pop boy group	2	648973.5
nc hip hop	rap	2	132423.0
electro house	k-pop	2	772754.5
dance pop	progressive house	2	429526.0
japanese r&b	japanese r&b	2	224286.5
j-pop	japanese trap	2	224286.5
j-rap	japanese alternative rock	2	202061.0
electro house	viral pop	2	633820.5
post-teen pop	trap latino	2	1006910.0
country	dance pop	2	777234.0
country pop	dance pop	2	777234.0
country road	dance pop	2	777234.0
dance pop	modern country rock	2	777234.0
country	pop	2	777234.0
country pop	pop	2	777234.0
modern country rock	pop	2	777234.0
dance pop	modern alternative rock	2	777234.0
modern alternative rock	pop	2	777234.0
art pop	dance pop	2	999515.0
art pop	pop	2	999515.0
art pop	post-teen pop	2	999515.0
dance pop	puerto rican pop	2	1146290.0
atl hip hop	dfw rap	1	1278901.0
atl trap	dfw rap	1	1278901.0
dfw rap	gangster rap	1	1278901.0
dfw rap	melodic rap	1	1278901.0
dfw rap	pop rap	1	1278901.0
dfw rap	rap	1	1278901.0
atl hip hop	melodic rap	1	1278901.0
atl trap	melodic rap	1	1278901.0
gangster rap	melodic rap	1	1278901.0
melodic rap	melodic rap	1	1278901.0
canadian contemporary r&b	complextro	1	4117714.0
canadian contemporary r&b	dance pop	1	4117714.0
canadian contemporary r&b	edm	1	4117714.0
canadian contemporary r&b	german techno	1	4117714.0
canadian contemporary r&b	post-teen pop	1	4117714.0
canadian contemporary r&b	tropical house	1	4117714.0
canadian pop	complextro	1	4117714.0
canadian pop	german techno	1	4117714.0
complextro	electropop	1	4117714.0
electropop	german techno	1	4117714.0
brostep	electropop	1	3703080.0
electropop	progressive electro house	1	3703080.0
brostep	indie pop	1	3703080.0
indie pop	progressive electro house	1	3703080.0
brostep	indie poptimism	1	3703080.0
indie poptimism	progressive electro house	1	3703080.0
brostep	indietronica	1	3703080.0
indietronica	progressive electro house	1	3703080.0
brostep	neo-synthpop	1	3703080.0
neo-synthpop	pop	1	3703080.0
neo-synthpop	progressive electro house	1	3703080.0
brostep	shimmer pop	1	3703080.0
pop	shimmer pop	1	3703080.0
progressive electro house	shimmer pop	1	3703080.0
brostep	contemporary country	1	523722.0
brostep	country road	1	523722.0
latin hip hop	reggaeton flow	1	79755.0
reggaeton flow	tropical	1	79755.0
puerto rican pop	reggaeton flow	1	79755.0
reggaeton flow	trap latino	1	79755.0
puerto rican pop	trap latino	1	79755.0
trap latino	trap latino	1	79755.0
latin hip hop	puerto rican pop	1	79755.0
puerto rican pop	tropical	1	79755.0
post-teen pop	scandipop	1	3786595.0
post-teen pop	swedish electropop	1	3786595.0
post-teen pop	swedish pop	1	3786595.0
swedish electropop	uk dance	1	3786595.0
swedish pop	uk dance	1	3786595.0
edm	uk funky	1	3786595.0
scandipop	uk funky	1	3786595.0
swedish electropop	uk funky	1	3786595.0
swedish pop	uk funky	1	3786595.0
tropical house	uk funky	1	3786595.0
uk funky	uk pop	1	3786595.0
canadian contemporary r&b	destroy techno	1	179542.0
canadian pop	destroy techno	1	179542.0
destroy techno	pop	1	179542.0
dance pop	nc hip hop	1	301493.0
nc hip hop	pop	1	301493.0
nc hip hop	post-teen pop	1	301493.0
outlaw country	post-teen pop	1	71284.0
contemporary country	uk pop	1	71284.0
outlaw country	uk pop	1	71284.0
electropop	permanent wave	1	2416886.0
permanent wave	pop	1	2416886.0
permanent wave	tropical house	1	2416886.0
brostep	r&b	1	67005.0
progressive electro house	r&b	1	67005.0
brostep	trap	1	67005.0
progressive electro house	trap	1	67005.0
dance pop	k-pop girl group	1	400938.0
k-pop girl group	pop	1	400938.0
k-pop girl group	uk pop	1	400938.0
dance pop	neo soul	1	98178.0
edm	neo soul	1	98178.0
electro house	neo soul	1	98178.0
house	neo soul	1	98178.0
neo soul	pop	1	98178.0
neo soul	progressive house	1	98178.0
neo soul	tropical house	1	98178.0
neo soul	uk dance	1	98178.0
latin	latin pop	1	335893.0
latin	pop reggaeton	1	335893.0
latin pop	reggaeton	1	335893.0
pop reggaeton	reggaeton	1	335893.0
dance pop	latin hip hop	1	335893.0
dance pop	latin pop	1	335893.0
dance pop	pop reggaeton	1	335893.0
dance pop	reggaeton flow	1	335893.0
electropop	latin hip hop	1	335893.0
latin hip hop	pop rap	1	335893.0
electropop	latin pop	1	335893.0
latin pop	pop rap	1	335893.0
electropop	pop reggaeton	1	335893.0
pop rap	pop reggaeton	1	335893.0
electropop	reggaeton flow	1	335893.0
pop rap	reggaeton flow	1	335893.0
electropop	tropical	1	335893.0
pop rap	tropical	1	335893.0
broadway	movie tunes	1	235399.0
hollywood	movie tunes	1	235399.0
movie tunes	show tunes	1	235399.0
hip pop	r&b	1	244336.0
queens hip hop	r&b	1	244336.0
pop rap	soundtrack	1	63333.0
canadian contemporary r&b	soundtrack	1	63333.0
canadian pop	soundtrack	1	63333.0
canadian contemporary r&b	pop rap	1	63333.0
afro dancehall	pop	1	91181.0
afro dancehall	uk pop	1	91181.0
dancehall	pop	1	91181.0
dancehall	uk pop	1	91181.0
nigerian hip hop	pop	1	91181.0
nigerian hip hop	uk pop	1	91181.0
nigerian pop	pop	1	91181.0
nigerian pop	uk pop	1	91181.0
afro dancehall	grime	1	91181.0
afro dancehall	uk hip hop	1	91181.0
dancehall	grime	1	91181.0
dancehall	uk hip hop	1	91181.0
grime	nigerian hip hop	1	91181.0
nigerian hip hop	uk hip hop	1	91181.0
grime	nigerian pop	1	91181.0
nigerian pop	uk hip hop	1	91181.0
contemporary country	pop edm	1	3598484.0
pop edm	texas country	1	3598484.0
complextro	contemporary country	1	3598484.0
contemporary country	german techno	1	3598484.0
complextro	texas country	1	3598484.0
dance pop	texas country	1	3598484.0
edm	texas country	1	3598484.0
electro house	texas country	1	3598484.0
german techno	texas country	1	3598484.0
pop	texas country	1	3598484.0
post-teen pop	texas country	1	3598484.0
texas country	tropical house	1	3598484.0
boy band	j-pop	1	111607.0
boy band	j-rock	1	111607.0
boy band	japanese emo	1	111607.0
boy band	visual kei	1	111607.0
dance pop	j-rock	1	111607.0
dance pop	japanese emo	1	111607.0
dance pop	visual kei	1	111607.0
j-pop	post-teen pop	1	111607.0
j-rock	post-teen pop	1	111607.0
japanese emo	post-teen pop	1	111607.0
post-teen pop	visual kei	1	111607.0
bmore	electropop	1	421926.0
bmore	metropopolis	1	421926.0
bmore	post-teen pop	1	421926.0
bmore	uk pop	1	421926.0
edm	metropopolis	1	421926.0
electropop	metropopolis	1	421926.0
metropopolis	moombahton	1	421926.0
moombahton	post-teen pop	1	421926.0
moombahton	uk pop	1	421926.0
electropop	ninja	1	421926.0
metropopolis	ninja	1	421926.0
ninja	post-teen pop	1	421926.0
ninja	uk pop	1	421926.0
metropopolis	tropical house	1	421926.0
bmore	trap	1	421926.0
moombahton	trap	1	421926.0
ninja	trap	1	421926.0
metropopolis	trap	1	421926.0
australian pop	post-teen pop	1	1278097.0
big room	j-division	1	708530.0
big room	j-pop	1	708530.0
big room	j-pop boy group	1	708530.0
dance pop	j-division	1	708530.0
dance pop	j-pop boy group	1	708530.0
deep big room	j-division	1	708530.0
deep big room	j-pop	1	708530.0
deep big room	j-pop boy group	1	708530.0
dutch house	j-division	1	708530.0
dutch house	j-pop	1	708530.0
dutch house	j-pop boy group	1	708530.0
edm	j-division	1	708530.0
edm	j-pop boy group	1	708530.0
electro house	j-division	1	708530.0
electro house	j-pop boy group	1	708530.0
j-division	pop	1	708530.0
j-pop boy group	pop	1	708530.0
j-division	progressive electro house	1	708530.0
j-pop	progressive electro house	1	708530.0
j-pop boy group	progressive electro house	1	708530.0
j-division	progressive house	1	708530.0
j-pop	progressive house	1	708530.0
j-pop boy group	progressive house	1	708530.0
j-division	tropical house	1	708530.0
j-pop	tropical house	1	708530.0
j-pop boy group	tropical house	1	708530.0
dance pop	escape room	1	549863.0
dance pop	minnesota hip hop	1	549863.0
dance pop	trap queen	1	549863.0
escape room	pop	1	549863.0
minnesota hip hop	pop	1	549863.0
pop	trap queen	1	549863.0
escape room	post-teen pop	1	549863.0
minnesota hip hop	post-teen pop	1	549863.0
post-teen pop	trap queen	1	549863.0
etherpop	k-pop	1	6635581.0
indie poptimism	k-pop	1	6635581.0
etherpop	k-pop boy group	1	6635581.0
indie poptimism	k-pop boy group	1	6635581.0
edm	indie pop	1	136637.0
indie pop	tropical house	1	136637.0
bmore	video game music	1	86601.0
electropop	video game music	1	86601.0
ninja	video game music	1	86601.0
alternative r&b	video game music	1	86601.0
dance pop	video game music	1	86601.0
electro house	video game music	1	86601.0
pop rap	video game music	1	86601.0
alternative r&b	bmore	1	86601.0
alternative r&b	ninja	1	86601.0
bmore	edm	1	86601.0
bmore	electro house	1	86601.0
bmore	moombahton	1	86601.0
bmore	pop rap	1	86601.0
electro house	moombahton	1	86601.0
moombahton	moombahton	1	86601.0
moombahton	pop rap	1	86601.0
edm	ninja	1	86601.0
electro house	ninja	1	86601.0
moombahton	ninja	1	86601.0
ninja	pop rap	1	86601.0
alternative r&b	electro house	1	86601.0
album rock	glam rock	1	889665.0
album rock	rock	1	889665.0
art rock	glam rock	1	889665.0
art rock	rock	1	889665.0
classic rock	glam rock	1	889665.0
classic rock	rock	1	889665.0
dance rock	glam rock	1	889665.0
dance rock	rock	1	889665.0
glam rock	glam rock	1	889665.0
glam rock	permanent wave	1	889665.0
permanent wave	rock	1	889665.0
glam rock	protopunk	1	889665.0
protopunk	rock	1	889665.0
rock	rock	1	889665.0
candy pop	k-pop	1	523620.0
k-pop	metropopolis	1	523620.0
candy pop	k-pop boy group	1	523620.0
k-pop boy group	metropopolis	1	523620.0
hip hop	tropical house	1	237818.0
southern hip hop	tropical house	1	237818.0
trap soul	tropical house	1	237818.0
electropop	indietronica	1	237818.0
electropop	social media pop	1	237818.0
hip hop	indie poptimism	1	237818.0
hip hop	indietronica	1	237818.0
hip hop	social media pop	1	237818.0
indietronica	pop rap	1	237818.0
pop rap	social media pop	1	237818.0
indie poptimism	r&b	1	237818.0
indietronica	r&b	1	237818.0
r&b	social media pop	1	237818.0
indie poptimism	southern hip hop	1	237818.0
indietronica	southern hip hop	1	237818.0
social media pop	southern hip hop	1	237818.0
indie poptimism	trap	1	237818.0
indietronica	trap	1	237818.0
social media pop	trap	1	237818.0
indie poptimism	trap soul	1	237818.0
indietronica	trap soul	1	237818.0
social media pop	trap soul	1	237818.0
hollywood	norwegian pop	1	426484.0
norwegian pop	show tunes	1	426484.0
j-rap	k-hop	1	252926.0
j-rap	k-pop	1	252926.0
j-rap	korean r&b	1	252926.0
japanese r&b	k-hop	1	252926.0
japanese r&b	k-pop	1	252926.0
japanese r&b	korean r&b	1	252926.0
japanese trap	k-hop	1	252926.0
japanese trap	k-pop	1	252926.0
japanese trap	korean r&b	1	252926.0
pop rap	uk dance	1	73274.0
big room	uk dance	1	73274.0
brostep	uk dance	1	73274.0
dutch edm	uk dance	1	73274.0
electro house	uk dance	1	73274.0
house	uk dance	1	73274.0
trance	uk dance	1	73274.0
dutch edm	pop rap	1	73274.0
house	pop rap	1	73274.0
pop rap	trance	1	73274.0
dutch edm	post-teen pop	1	73274.0
house	post-teen pop	1	73274.0
post-teen pop	trance	1	73274.0
big room	uk pop	1	73274.0
dutch edm	uk pop	1	73274.0
trance	uk pop	1	73274.0
bemani	j-rap	1	58685.0
bemani	japanese trap	1	58685.0
canadian pop	uk dance	1	164153.0
electropop	uk dance	1	164153.0
progressive electro house	tropical house	1	91149.0
progressive electro house	uk pop	1	91149.0
canadian pop	contemporary country	1	2282987.0
dance pop	hollywood	1	2060579.0
hollywood	pop	1	2060579.0
hollywood	post-teen pop	1	2060579.0
japanese disney	japanese disney	1	891645.0
hip hop	pop rock	1	118645.0
pittsburgh rap	pop rock	1	118645.0
pop rock	southern hip hop	1	118645.0
pop rock	trap	1	118645.0
album rock	experimental rock	1	303575.0
art rock	experimental rock	1	303575.0
classic rock	experimental rock	1	303575.0
experimental rock	folk rock	1	303575.0
experimental rock	mellow gold	1	303575.0
experimental rock	psychedelic rock	1	303575.0
experimental rock	rock	1	303575.0
album rock	experimental	1	303575.0
album rock	experimental pop	1	303575.0
art rock	experimental	1	303575.0
art rock	experimental pop	1	303575.0
classic rock	experimental	1	303575.0
classic rock	experimental pop	1	303575.0
experimental	folk rock	1	303575.0
experimental pop	folk rock	1	303575.0
experimental	mellow gold	1	303575.0
experimental pop	mellow gold	1	303575.0
experimental	psychedelic rock	1	303575.0
experimental pop	psychedelic rock	1	303575.0
experimental	rock	1	303575.0
experimental pop	rock	1	303575.0
experimental	experimental rock	1	303575.0
experimental pop	experimental rock	1	303575.0
k-hop	latin	1	194390.0
k-pop	latin	1	194390.0
k-hop	latin viral pop	1	194390.0
k-pop	latin viral pop	1	194390.0
k-hop	rap latina	1	194390.0
k-pop	rap latina	1	194390.0
k-hop	reggaeton	1	194390.0
k-pop	reggaeton	1	194390.0
anime rock	anime rock	1	5313081.0
anime rock	japanese singer-songwriter	1	5313081.0
j-pop	japanese singer-songwriter	1	5313081.0
anime rock	j-rock	1	5313081.0
j-pop	j-rock	1	5313081.0
j-rock	japanese singer-songwriter	1	5313081.0
canadian hip hop	dirty south rap	1	162692.0
canadian hip hop	gangster rap	1	162692.0
canadian hip hop	hip hop	1	162692.0
canadian hip hop	southern hip hop	1	162692.0
canadian hip hop	trap	1	162692.0
canadian pop	gangster rap	1	162692.0
dirty south rap	toronto rap	1	162692.0
gangster rap	toronto rap	1	162692.0
hip hop	toronto rap	1	162692.0
southern hip hop	toronto rap	1	162692.0
toronto rap	trap	1	162692.0
dance pop	deep pop r&b	1	179470.0
dance pop	indie r&b	1	179470.0
deep pop r&b	pop	1	179470.0
indie r&b	pop	1	179470.0
deep pop r&b	post-teen pop	1	179470.0
indie r&b	post-teen pop	1	179470.0
alternative r&b	etherpop	1	735291.0
alternative r&b	indie poptimism	1	735291.0
etherpop	pop rap	1	735291.0
etherpop	post-teen pop	1	735291.0
art pop	j-acoustic	1	213454.0
art pop	j-pop	1	213454.0
art pop	japanese singer-songwriter	1	213454.0
canadian pop	electronic trap	1	132201.0
etherpop	tropical house	1	4896151.0
east coast hip hop	pop	1	94454.0
east coast hip hop	uk pop	1	94454.0
gangster rap	uk pop	1	94454.0
queens hip hop	uk pop	1	94454.0
detroit hip hop	east coast hip hop	1	94454.0
east coast hip hop	g funk	1	94454.0
east coast hip hop	hip hop	1	94454.0
east coast hip hop	rap	1	94454.0
detroit hip hop	gangster rap	1	94454.0
g funk	gangster rap	1	94454.0
detroit hip hop	queens hip hop	1	94454.0
g funk	queens hip hop	1	94454.0
hip hop	queens hip hop	1	94454.0
queens hip hop	rap	1	94454.0
detroit hip hop	pop	1	94454.0
g funk	pop	1	94454.0
detroit hip hop	uk pop	1	94454.0
g funk	uk pop	1	94454.0
k-pop	scandipop	1	152549.0
k-pop	swedish electropop	1	152549.0
k-pop	swedish pop	1	152549.0
k-pop boy group	scandipop	1	152549.0
k-pop boy group	swedish electropop	1	152549.0
k-pop boy group	swedish pop	1	152549.0
k-pop boy group	uk pop	1	152549.0
post-teen pop	show tunes	1	1083202.0
show tunes	vapor pop	1	1083202.0
atl trap	conscious hip hop	1	132423.0
conscious hip hop	gangster rap	1	132423.0
atl trap	hip hop	1	132423.0
atl hip hop	nc hip hop	1	132423.0
atl trap	nc hip hop	1	132423.0
gangster rap	nc hip hop	1	132423.0
melodic rap	nc hip hop	1	132423.0
nc hip hop	pop rap	1	132423.0
nc hip hop	trap	1	132423.0
atl trap	pop rap	1	132423.0
dance pop	pittsburgh rap	1	103429.0
dance pop	southern hip hop	1	103429.0
pittsburgh rap	post-teen pop	1	103429.0
hip hop	viral pop	1	103429.0
pittsburgh rap	viral pop	1	103429.0
pop rap	viral pop	1	103429.0
rap	viral pop	1	103429.0
southern hip hop	viral pop	1	103429.0
trap	viral pop	1	103429.0
dance pop	talent show	1	190858.0
pop	talent show	1	190858.0
post-teen pop	talent show	1	190858.0
talent show	tropical house	1	190858.0
talent show	uk pop	1	190858.0
uk pop	uk pop	1	190858.0
big room	k-pop	1	1145398.0
big room	k-pop boy group	1	1145398.0
electro house	k-pop boy group	1	1145398.0
progressive house	uk pop	1	81818.0
canadian pop	pop rock	1	486025.0
dance pop	pop rock	1	486025.0
electropop	pop rock	1	486025.0
indie poptimism	pop rock	1	486025.0
pop rock	post-teen pop	1	486025.0
electropop	j-pop	1	3447558.0
electropop	j-rock	1	3447558.0
electropop	japanese emo	1	3447558.0
electropop	visual kei	1	3447558.0
indie poptimism	j-pop	1	3447558.0
indie poptimism	j-rock	1	3447558.0
indie poptimism	japanese emo	1	3447558.0
indie poptimism	visual kei	1	3447558.0
indietronica	j-pop	1	3447558.0
indietronica	j-rock	1	3447558.0
indietronica	japanese emo	1	3447558.0
indietronica	visual kei	1	3447558.0
japanese alternative rock	japanese trap	1	202061.0
j-pop	japanese alternative rock	1	202061.0
japanese alternative rock	japanese r&b	1	202061.0
anime	anime score	1	12296254.0
anime	j-pixie	1	12296254.0
anime	japanese electropop	1	12296254.0
electro house	latin	1	867530.0
electro house	reggaeton	1	867530.0
electro house	trap latino	1	867530.0
electro house	tropical	1	867530.0
latin	viral pop	1	867530.0
reggaeton	viral pop	1	867530.0
trap latino	viral pop	1	867530.0
tropical	viral pop	1	867530.0
big room	contemporary country	1	777234.0
big room	country	1	777234.0
big room	country pop	1	777234.0
big room	country road	1	777234.0
big room	modern country rock	1	777234.0
country	edm	1	777234.0
country pop	edm	1	777234.0
country road	edm	1	777234.0
edm	modern country rock	1	777234.0
country	electro house	1	777234.0
country pop	electro house	1	777234.0
country road	electro house	1	777234.0
electro house	modern country rock	1	777234.0
country	progressive electro house	1	777234.0
country pop	progressive electro house	1	777234.0
modern country rock	progressive electro house	1	777234.0
contemporary country	progressive house	1	777234.0
country	progressive house	1	777234.0
country pop	progressive house	1	777234.0
country road	progressive house	1	777234.0
modern country rock	progressive house	1	777234.0
country	tropical house	1	777234.0
country pop	tropical house	1	777234.0
country road	tropical house	1	777234.0
modern country rock	tropical house	1	777234.0
post-teen pop	progressive house	1	777234.0
big room	modern alternative rock	1	777234.0
edm	modern alternative rock	1	777234.0
electro house	modern alternative rock	1	777234.0
modern alternative rock	progressive electro house	1	777234.0
modern alternative rock	progressive house	1	777234.0
modern alternative rock	tropical house	1	777234.0
country	post-teen pop	1	777234.0
country pop	post-teen pop	1	777234.0
country road	post-teen pop	1	777234.0
modern country rock	post-teen pop	1	777234.0
contemporary country	modern alternative rock	1	777234.0
country	modern alternative rock	1	777234.0
country pop	modern alternative rock	1	777234.0
country road	modern alternative rock	1	777234.0
modern alternative rock	modern country rock	1	777234.0
modern alternative rock	post-teen pop	1	777234.0
art pop	pop rap	1	999515.0
dark trap	pop rap	1	77027.0
pop rap	vapor trap	1	77027.0
big room	rock	1	60736.0
dance pop	rock	1	60736.0
edm	rock	1	60736.0
pop	rock	1	60736.0
rock	tropical house	1	60736.0
brostep	modern rock	1	3394086.0
modern rock	progressive electro house	1	3394086.0
brostep	pop rock	1	3394086.0
pop rock	progressive electro house	1	3394086.0
chicago rap	k-pop	1	68423.0
k-pop	melodic rap	1	68423.0
chicago rap	k-pop boy group	1	68423.0
k-pop boy group	melodic rap	1	68423.0
complextro	pop rap	1	446144.0
german techno	pop rap	1	446144.0
complextro	r&b	1	446144.0
electro house	r&b	1	446144.0
german techno	r&b	1	446144.0
complextro	rap	1	446144.0
electro house	rap	1	446144.0
german techno	rap	1	446144.0
rap	tropical house	1	446144.0
complextro	urban contemporary	1	446144.0
dance pop	urban contemporary	1	446144.0
electro house	urban contemporary	1	446144.0
german techno	urban contemporary	1	446144.0
atl trap	dance pop	1	1433561.0
dance pop	gangster rap	1	1433561.0
atl trap	pop	1	1433561.0
atl trap	post-teen pop	1	1433561.0
gangster rap	post-teen pop	1	1433561.0
big room	indie poptimism	1	66110.0
dance pop	indie poptimism	1	66110.0
edm	indie poptimism	1	66110.0
big room	indietronica	1	66110.0
dance pop	indietronica	1	66110.0
r&b	uk pop	1	2517059.0
j-acoustic	j-rap	1	1475097.0
j-acoustic	japanese r&b	1	1475097.0
j-rap	japanese singer-songwriter	1	1475097.0
japanese r&b	japanese singer-songwriter	1	1475097.0
pop rap	puerto rican pop	1	1146290.0
pop rap	trap latino	1	1146290.0
puerto rican pop	rap	1	1146290.0
rap	trap latino	1	1146290.0
edm	puerto rican pop	1	1146290.0
edm	trap latino	1	1146290.0
electronic trap	puerto rican pop	1	1146290.0
electronic trap	trap latino	1	1146290.0
dance pop	electronic trap	1	1146290.0
post-teen pop	puerto rican pop	1	1146290.0
australian pop	big room	1	95855.0
australian pop	edm	1	95855.0
australian pop	progressive house	1	95855.0
australian pop	tropical house	1	95855.0
progressive house	swedish pop	1	380748.0
latin	reggae fusion	1	273843.0
latin hip hop	reggae fusion	1	273843.0
reggae fusion	reggaeton	1	273843.0
reggae fusion	tropical	1	273843.0
la pop	pop	1	233766.0
la pop	post-teen pop	1	233766.0
contemporary country	electropop	1	1526123.0
k-pop	viral pop	1	400111.0
edm	viral pop	1	400111.0
pop edm	viral pop	1	400111.0
tropical house	viral pop	1	400111.0
k-pop	pop edm	1	400111.0
