source	target	weight	avg_streams
dance pop	pop	108	459956.75925925927
pop	post-teen pop	82	498179.5714285714
pop	pop rap	77	399681.3
pop	pop	77	507294.754385965
pop	rap	66	296821.5
dance pop	post-teen pop	60	521731.0571428572
dance pop	pop rap	56	395003.85714285716
pop	tropical house	51	495287.1612903226
hip hop	pop	50	261554.4516129032
pop rap	rap	50	261605.66666666663
pop rap	post-teen pop	47	381266.90909090906
edm	pop	44	439871.38709677424
dance pop	rap	40	318383.3846153846
dance pop	tropical house	40	440101.037037037
pop	trap	37	363401.95454545453
dance pop	dance pop	37	495911.275862069
hip hop	pop rap	36	290748.2857142857
hip hop	rap	36	250493.5
dance pop	edm	35	419884.68
rap	trap	34	329053.6923076923
post-teen pop	rap	33	335197.6
dance pop	hip hop	32	314944.9130434783
pop rap	trap	31	333857.3846153846
edm	post-teen pop	31	502961.6923076922
post-teen pop	tropical house	31	526810.4615384615
electropop	pop	30	497712.1304347826
dance pop	trap	29	399837.8
rap	rap	29	265594.26666666666
hip hop	post-teen pop	27	329666.0869565217
pop rap	pop rap	27	308213.4285714286
pop	southern hip hop	25	317670.0
latin	reggaeton	24	272484.75
post-teen pop	trap	22	425627.88888888893
hip hop	trap	22	305625.33333333326
pop rap	southern hip hop	20	318714.5454545455
post-teen pop	post-teen pop	20	503976.9444444446
electro house	pop	20	378258.58823529404
rap	southern hip hop	19	245336.625
dance pop	southern hip hop	19	319704.4285714286
dance pop	electro house	18	395722.3125
edm	tropical house	18	395185.90909090906
atl hip hop	rap	17	308669.55555555556
atl hip hop	pop	15	416441.0
electro house	post-teen pop	15	407012.46666666673
pop rap	tropical house	15	402721.09090909094
melodic rap	pop	14	439012.625
post-teen pop	southern hip hop	14	389757.6153846154
latin	tropical	14	275904.85714285716
dance pop	electropop	14	525222.1538461539
latin	latin	13	272484.75
pop	uk dance	13	514738.66666666674
edm	pop rap	13	416255.7272727273
pop	uk pop	13	543092.8
atl hip hop	dance pop	12	416441.0
hip hop	hip hop	12	209224.57142857145
hip hop	southern hip hop	12	209224.57142857145
atl hip hop	pop rap	12	216217.83333333328
southern hip hop	trap	12	406362.16666666674
reggaeton	tropical	12	275904.85714285716
electropop	post-teen pop	12	609442.5
electropop	tropical house	12	455539.33333333326
tropical house	tropical house	12	385205.2
reggaeton	reggaeton	11	91458.5
atl hip hop	post-teen pop	10	448201.2
electropop	rap	10	174974.5
melodic rap	rap	10	358605.14285714284
atl hip hop	hip hop	10	250191.2
trap	trap	10	406362.16666666674
latin	latin hip hop	10	354004.4
pop rap	urban contemporary	10	493805.8
dance pop	uk dance	10	485900.7142857143
edm	electropop	10	373295.66666666674
pop	urban contemporary	10	626478.3333333335
dance pop	uk pop	10	628972.625
atl hip hop	trap	9	288029.25
big room	dance pop	9	344136.5
big room	pop	9	344136.5
pop	progressive house	9	335934.5714285714
post-teen pop	uk dance	9	566726.125
latin	reggaeton flow	9	46298.33333333334
reggaeton	reggaeton flow	9	46298.33333333334
rap	tropical house	9	344270.5
dance pop	melodic rap	8	494134.1428571429
electropop	pop rap	8	211593.25
pop rap	viral pop	8	379167.5
dance pop	progressive house	8	375450.5
hip hop	urban contemporary	8	419503.0
rap	urban contemporary	8	467034.75
pop	viral pop	8	331331.85714285716
canadian pop	pop	8	721373.8571428572
latin hip hop	reggaeton	8	46298.33333333334
edm	rap	8	344270.5
trap	tropical house	8	344270.5
hip hop	tropical house	8	365801.6
conscious hip hop	pop	7	394814.8
melodic rap	post-teen pop	7	494134.1428571429
alternative r&b	pop	7	450800.0
metropopolis	pop	7	89994.0
melodic rap	pop rap	7	301626.0
atl hip hop	southern hip hop	7	288029.25
hip pop	pop	7	394092.8
latin	trap latino	7	89526.4
latin	latin pop	7	362972.8
latin pop	reggaeton	7	362972.8
reggaeton	trap latino	7	89526.4
detroit hip hop	pop	7	245017.8
big room	post-teen pop	7	384453.2857142858
indie poptimism	pop	7	309459.16666666674
pop	r&b	7	481629.6
edm	trap	7	344270.5
edm	hip hop	7	365801.6
electro house	pop rap	7	252735.83333333328
trap	urban contemporary	7	507900.75
pop rock	rap	6	306075.83333333326
alternative r&b	rap	6	283108.0
dfw rap	pop	6	37362.5
dirty south rap	pop	6	438086.6
pop	queens hip hop	6	400601.75
dance pop	detroit hip hop	6	280381.75
modern alternative rock	pop	6	273637.75
pop	progressive electro house	6	645316.2
edm	edm	6	523142.33333333326
dance pop	pop edm	6	334305.2
pop	pop edm	6	334305.2
canadian pop	dance pop	6	808421.4
canadian pop	pop rap	6	743807.0
dance pop	urban contemporary	6	566485.8
electro house	rap	6	260943.0
southern hip hop	tropical house	6	319091.0
post-teen pop	uk pop	6	501477.0
edm	uk pop	6	591715.0
tropical house	uk pop	6	591715.0
indie pop rap	pop	5	160923.8
indie pop rap	pop rap	5	217014.0
indie pop rap	rap	5	217014.0
metropopolis	rap	5	32503.0
dfw rap	rap	5	311088.8
pop	pop rock	5	410336.4
dirty south rap	post-teen pop	5	438086.6
dance pop	hip pop	5	463406.25
hip pop	post-teen pop	5	463406.25
latin	puerto rican pop	5	361558.0
puerto rican pop	reggaeton	5	361558.0
puerto rican pop	tropical	5	361558.0
trap latino	tropical	5	49772.0
hip hop	r&b	5	229984.4
r&b	rap	5	275483.25
melodic rap	trap	5	601790.0
contemporary country	dance pop	5	430590.0
country	dance pop	5	430590.0
country pop	dance pop	5	430590.0
country road	dance pop	5	430590.0
dance pop	modern country rock	5	430590.0
contemporary country	pop	5	430590.0
country	pop	5	430590.0
country pop	pop	5	430590.0
country road	pop	5	430590.0
modern country rock	pop	5	430590.0
dance pop	progressive electro house	5	526253.25
post-teen pop	progressive house	5	438156.8
pop rap	r&b	5	506145.66666666674
latin	pop	5	516470.25
latin	post-teen pop	5	516470.25
pop rap	uk dance	5	369540.75
house	pop	5	350144.0
dance pop	viral pop	5	354707.5
pop edm	post-teen pop	5	361289.0
dance pop	r&b	5	517928.5
post-teen pop	urban contemporary	5	525273.2
electro house	trap	5	260943.0
edm	southern hip hop	5	319091.0
electro house	hip hop	5	267025.0
hip pop	pop rap	5	353693.33333333326
pop rap	queens hip hop	5	353693.33333333326
dirty south rap	pop rap	5	491062.0
dirty south rap	rap	5	491062.0
miami hip hop	rap	5	483623.33333333326
canadian pop	hip hop	5	942654.5
canadian pop	rap	5	942654.5
hip hop	pop rock	4	27462.75
east coast hip hop	pop rap	4	106808.0
east coast hip hop	rap	4	106808.0
electropop	hip hop	4	283807.25
alternative r&b	dance pop	4	283108.0
alternative r&b	pop rap	4	283108.0
art pop	pop	4	37362.5
nz pop	pop	4	37362.5
art pop	rap	4	37362.5
nz pop	rap	4	37362.5
dance pop	dirty south rap	4	315998.0
hip hop	viral pop	4	371912.5
southern hip hop	viral pop	4	371912.5
trap	viral pop	4	371912.5
dance pop	queens hip hop	4	495189.33333333326
post-teen pop	queens hip hop	4	495189.33333333326
g funk	pop	4	76740.75
detroit hip hop	post-teen pop	4	280381.75
edm	modern alternative rock	4	273637.75
modern alternative rock	tropical house	4	273637.75
post-teen pop	progressive electro house	4	526253.25
dance pop	modern alternative rock	4	504137.5
latin hip hop	tropical	4	551184.0
dance pop	dancehall	4	230599.0
dancehall	pop	4	230599.0
house	pop rap	4	350144.0
pop	tropical	4	577330.3333333335
post-teen pop	tropical	4	577330.3333333335
edm	viral pop	4	263842.0
post-teen pop	viral pop	4	454632.0
tropical house	viral pop	4	235487.75
canadian pop	edm	4	778916.5
canadian pop	tropical house	4	880236.6666666665
moombahton	pop	4	131973.0
electro house	tropical house	4	240532.0
indie poptimism	tropical house	4	438294.75
post-teen pop	r&b	4	530531.0
big room	tropical house	4	476667.33333333326
electro house	southern hip hop	4	319091.0
hip hop	progressive house	4	346583.0
pop rap	progressive house	4	346583.0
complextro	dance pop	4	634315.25
dance pop	german techno	4	634315.25
complextro	pop	4	634315.25
german techno	pop	4	634315.25
complextro	post-teen pop	4	634315.25
german techno	post-teen pop	4	634315.25
hip hop	melodic rap	4	702527.0
dirty south rap	trap	4	491062.0
miami hip hop	trap	4	483623.33333333326
miami hip hop	pop rap	4	703281.0
dance pop	swedish pop	4	508931.75
pop	swedish pop	4	508931.75
dirty south rap	hip hop	4	496532.5
dance pop	uk funky	4	601900.6666666665
pop	uk funky	4	601900.6666666665
conscious hip hop	pop rock	3	29588.33333333333
pop	west coast rap	3	29588.33333333333
pop rock	west coast rap	3	29588.33333333333
east coast hip hop	pop	3	78234.0
indie pop rap	post-teen pop	3	197001.0
indie poptimism	pop rap	3	166563.0
indie poptimism	rap	3	68913.0
alternative r&b	electropop	3	344531.0
alternative r&b	post-teen pop	3	344531.0
electropop	melodic rap	3	42629.0
metropopolis	pop rap	3	32503.0
dfw rap	pop rap	3	184446.0
pop rap	pop rock	3	582563.3333333335
girl group	hip hop	3	333193.66666666674
girl group	pop rap	3	333193.66666666674
girl group	southern hip hop	3	333193.66666666674
girl group	trap	3	333193.66666666674
hip hop	talent show	3	333193.66666666674
pop rap	talent show	3	333193.66666666674
southern hip hop	talent show	3	333193.66666666674
talent show	trap	3	333193.66666666674
rap	viral pop	3	326393.66666666674
southern hip hop	southern hip hop	3	75225.33333333331
latin pop	trap latino	3	61245.66666666666
latin	rap latina	3	136618.66666666663
rap latina	reggaeton	3	136618.66666666663
rap latina	trap latino	3	136618.66666666663
dance pop	g funk	3	67800.33333333331
g funk	post-teen pop	3	67800.33333333331
atl hip hop	dfw rap	3	493573.0
atl hip hop	melodic rap	3	493573.0
dfw rap	trap	3	493573.0
contemporary country	post-teen pop	3	430590.0
country	post-teen pop	3	430590.0
country pop	post-teen pop	3	430590.0
country road	post-teen pop	3	430590.0
modern country rock	post-teen pop	3	430590.0
latin hip hop	latin pop	3	551184.0
latin hip hop	puerto rican pop	3	548826.0
latin pop	tropical	3	551184.0
tropical	tropical	3	551184.0
dance pop	latin	3	218200.33333333328
pop	reggaeton	3	593248.6666666665
post-teen pop	reggaeton	3	593248.6666666665
j-rap	japanese r&b	3	73848.33333333331
dance pop	house	3	475796.5
dancehall	post-teen pop	3	230599.0
dancehall	tropical house	3	230599.0
latin pop	pop	3	577330.3333333335
latin pop	post-teen pop	3	577330.3333333335
edm	electro house	3	290159.0
electropop	viral pop	3	233450.66666666663
danish pop	pop	3	183784.0
indie pop	pop	3	183784.0
indie poptimism	post-teen pop	3	149896.0
electro house	electropop	3	557303.0
dance pop	moombahton	3	131973.0
latin hip hop	trap latino	3	18888.0
reggaeton flow	trap latino	3	18888.0
bachata	latin	3	22425.0
bachata	reggaeton	3	22425.0
latin hip hop	reggaeton flow	3	22425.0
reggaeton flow	tropical	3	22425.0
edm	metropopolis	3	142625.5
metropopolis	tropical house	3	142625.5
big room	edm	3	476667.33333333326
progressive house	tropical house	3	42351.5
big room	pop rap	3	534899.3333333335
progressive house	rap	3	346583.0
progressive house	southern hip hop	3	346583.0
progressive house	trap	3	346583.0
pop rap	uk pop	3	302587.33333333326
atl hip hop	edm	3	296032.66666666674
atl hip hop	tropical house	3	296032.66666666674
dance pop	trap soul	3	554679.5
pop	trap soul	3	554679.5
post-teen pop	trap soul	3	554679.5
dance pop	pop rock	3	108359.33333333331
miami hip hop	pop	3	703281.0
southern hip hop	urban contemporary	3	368387.33333333326
electropop	electropop	3	469022.33333333326
electropop	indie poptimism	3	469022.33333333326
edm	swedish pop	3	629610.0
swedish pop	tropical house	3	629610.0
chicago rap	hip hop	3	926441.0
chicago rap	pop rap	3	926441.0
chicago rap	rap	3	926441.0
chicago rap	trap	3	926441.0
conscious hip hop	hip hop	3	926441.0
conscious hip hop	pop rap	3	926441.0
conscious hip hop	rap	3	926441.0
conscious hip hop	trap	3	926441.0
hip hop	miami hip hop	3	926441.0
hip hop	new orleans rap	3	926441.0
new orleans rap	pop rap	3	926441.0
new orleans rap	rap	3	926441.0
canadian pop	trap	3	926441.0
hip hop	house	3	508482.5
hip hop	uk dance	3	508482.5
post-teen pop	uk funky	3	601900.6666666665
francoton	latin	2	571781.0
francoton	reggaeton	2	571781.0
east coast hip hop	hip hop	2	106808.0
east coast hip hop	indie pop rap	2	106808.0
hip hop	indie pop rap	2	106808.0
indie pop rap	southern hip hop	2	106808.0
indie pop rap	trap	2	106808.0
etherpop	hip hop	2	76788.5
hip hop	indie poptimism	2	76788.5
dance pop	indie pop rap	2	76788.5
electropop	indie pop rap	2	76788.5
etherpop	indie pop rap	2	76788.5
indie pop rap	indie poptimism	2	76788.5
etherpop	pop rap	2	76788.5
etherpop	rap	2	76788.5
alternative r&b	art pop	2	37362.5
alternative r&b	metropopolis	2	37362.5
alternative r&b	nz pop	2	37362.5
alternative r&b	dfw rap	2	37362.5
alternative r&b	melodic rap	2	37362.5
art pop	dfw rap	2	37362.5
art pop	melodic rap	2	37362.5
dance pop	dfw rap	2	37362.5
dfw rap	electropop	2	37362.5
dfw rap	metropopolis	2	37362.5
melodic rap	metropopolis	2	37362.5
dfw rap	nz pop	2	37362.5
melodic rap	nz pop	2	37362.5
dfw rap	post-teen pop	2	37362.5
art pop	pop rap	2	37362.5
nz pop	pop rap	2	37362.5
boy band	j-pop	2	294983.0
boy band	j-rock	2	294983.0
boy band	japanese emo	2	294983.0
boy band	visual kei	2	294983.0
dance pop	j-pop	2	294983.0
dance pop	j-rock	2	294983.0
dance pop	japanese emo	2	294983.0
dance pop	visual kei	2	294983.0
j-pop	pop	2	294983.0
j-rock	pop	2	294983.0
japanese emo	pop	2	294983.0
pop	visual kei	2	294983.0
j-pop	post-teen pop	2	294983.0
j-rock	post-teen pop	2	294983.0
japanese emo	post-teen pop	2	294983.0
post-teen pop	visual kei	2	294983.0
atl hip hop	girl group	2	245556.0
dirty south rap	girl group	2	245556.0
girl group	rap	2	245556.0
atl hip hop	talent show	2	245556.0
dirty south rap	talent show	2	245556.0
rap	talent show	2	245556.0
atl hip hop	viral pop	2	245556.0
dirty south rap	viral pop	2	245556.0
piano rock	pop rap	2	353673.0
latin pop	puerto rican pop	2	80656.0
puerto rican pop	rap latina	2	80656.0
detroit hip hop	r&b	2	92193.0
g funk	r&b	2	92193.0
edm	indietronica	2	43138.0
indietronica	pop	2	43138.0
indietronica	tropical house	2	43138.0
anime	anime score	2	1187507.5
anime	j-pixie	2	1187507.5
anime	japanese electropop	2	1187507.5
big room	contemporary country	2	504137.5
big room	country	2	504137.5
big room	country pop	2	504137.5
big room	country road	2	504137.5
big room	modern country rock	2	504137.5
contemporary country	edm	2	504137.5
country	edm	2	504137.5
country pop	edm	2	504137.5
country road	edm	2	504137.5
edm	modern country rock	2	504137.5
contemporary country	electro house	2	504137.5
country	electro house	2	504137.5
country pop	electro house	2	504137.5
country road	electro house	2	504137.5
electro house	modern country rock	2	504137.5
contemporary country	progressive electro house	2	504137.5
country	progressive electro house	2	504137.5
country pop	progressive electro house	2	504137.5
country road	progressive electro house	2	504137.5
modern country rock	progressive electro house	2	504137.5
contemporary country	progressive house	2	504137.5
country	progressive house	2	504137.5
country pop	progressive house	2	504137.5
country road	progressive house	2	504137.5
modern country rock	progressive house	2	504137.5
contemporary country	tropical house	2	504137.5
country	tropical house	2	504137.5
country pop	tropical house	2	504137.5
country road	tropical house	2	504137.5
modern country rock	tropical house	2	504137.5
big room	modern alternative rock	2	504137.5
electro house	modern alternative rock	2	504137.5
modern alternative rock	progressive electro house	2	504137.5
modern alternative rock	progressive house	2	504137.5
contemporary country	modern alternative rock	2	504137.5
country	modern alternative rock	2	504137.5
country pop	modern alternative rock	2	504137.5
country road	modern alternative rock	2	504137.5
modern alternative rock	modern country rock	2	504137.5
modern alternative rock	post-teen pop	2	504137.5
dance pop	reggaeton	2	184233.0
brostep	pop	2	1097761.0
house	post-teen pop	2	475796.5
dancehall	edm	2	230599.0
dancehall	uk dance	2	230599.0
dance pop	uk dancehall	2	33467.0
dance pop	uk hip hop	2	33467.0
pop	uk dancehall	2	33467.0
pop	uk hip hop	2	33467.0
dance pop	latin pop	2	160355.5
dance pop	tropical	2	160355.5
edm	pop edm	2	430525.0
electro house	viral pop	2	274963.5
pop edm	viral pop	2	274963.5
edm	social media pop	2	494993.0
canadian pop	electro house	2	824562.5
moombahton	post-teen pop	2	187231.5
canadian pop	electropop	2	972155.0
dance pop	indie poptimism	2	200523.0
danish pop	edm	2	183784.0
edm	indie pop	2	183784.0
edm	indie poptimism	2	183784.0
danish pop	moombahton	2	183784.0
electropop	moombahton	2	183784.0
indie pop	moombahton	2	183784.0
indie poptimism	moombahton	2	183784.0
moombahton	tropical house	2	183784.0
danish pop	tropical house	2	183784.0
indie pop	tropical house	2	183784.0
big room	viral pop	2	148266.5
bachata	reggaeton flow	2	22425.0
latin pop	reggaeton flow	2	22425.0
electronic trap	pop	2	382771.5
electronic trap	post-teen pop	2	382771.5
dance pop	neo mellow	2	354302.0
dance pop	neo soul	2	290536.5
neo mellow	pop	2	354302.0
neo soul	pop	2	290536.5
big room	electropop	2	132191.5
electropop	progressive house	2	132191.5
edm	progressive house	2	42351.5
big room	rap	2	129699.5
big room	southern hip hop	2	129699.5
big room	trap	2	129699.5
electropop	trap	2	79732.0
candy pop	dance pop	2	22784.0
dance pop	metropopolis	2	22784.0
dance pop	deep big room	2	22784.0
deep big room	pop	2	22784.0
deep big room	tropical house	2	22784.0
dance pop	dutch house	2	22784.0
dutch house	pop	2	22784.0
dutch house	tropical house	2	22784.0
candy pop	edm	2	22784.0
candy pop	pop	2	22784.0
progressive electro house	tropical house	2	22784.0
candy pop	tropical house	2	22784.0
atl hip hop	atl hip hop	2	45563.5
edm	melodic rap	2	394629.5
melodic rap	tropical house	2	394629.5
atl hip hop	electro house	2	63595.0
moombahton	rap	2	28351.0
big room	uk pop	2	703609.0
dutch pop	edm	2	61919.0
dutch pop	pop	2	61919.0
dutch pop	tropical house	2	61919.0
deep pop r&b	edm	2	612695.0
electropop	pop rock	2	49354.0
pop rock	post-teen pop	2	49354.0
j-pop	japanese r&b	2	36097.5
j-pop	j-rock	2	22002.0
hip hop	hip pop	2	358864.5
hip hop	queens hip hop	2	358864.5
hip pop	southern hip hop	2	358864.5
queens hip hop	southern hip hop	2	358864.5
hip pop	trap	2	358864.5
queens hip hop	trap	2	358864.5
hip pop	rap	2	116839.0
queens hip hop	rap	2	116839.0
japanese r&b	japanese r&b	2	89383.0
barbadian pop	hip hop	2	264055.0
miami hip hop	post-teen pop	2	703281.0
r&b	urban contemporary	2	540505.5
barbadian pop	pop	2	480121.0
barbadian pop	pop rap	2	480121.0
barbadian pop	rap	2	480121.0
barbadian pop	trap	2	480121.0
r&b	trap	2	480121.0
rap	uk pop	2	120121.0
big room	swedish pop	2	513835.5
conscious hip hop	dance pop	2	942654.5
canadian pop	conscious hip hop	2	942654.5
conscious hip hop	post-teen pop	2	942654.5
atl hip hop	dirty south rap	2	496532.5
melodic rap	miami hip hop	2	485374.5
chicago rap	pop	2	926441.0
new orleans rap	pop	2	926441.0
new orleans rap	trap	2	926441.0
pop	puerto rican pop	2	848707.5
post-teen pop	puerto rican pop	2	848707.5
pop rap	trap soul	2	600890.0
australian pop	pop	2	679388.5
electropop	uk dance	2	506962.5
house	rap	2	508482.5
house	southern hip hop	2	508482.5
house	trap	2	508482.5
rap	uk dance	2	508482.5
southern hip hop	uk dance	2	508482.5
trap	uk dance	2	508482.5
alternative r&b	hip hop	2	528853.5
canadian contemporary r&b	pop	2	1130940.5
dmv rap	pop	2	958868.0
canadian pop	post-teen pop	2	675827.5
tropical house	uk dance	2	644445.0
tropical house	uk funky	2	644445.0
uk dance	uk pop	2	644445.0
uk funky	uk pop	2	644445.0
swedish pop	uk dance	2	504028.0
post-teen pop	swedish pop	2	504028.0
canadian pop	latin	2	1411280.0
canadian pop	tropical	2	1411280.0
a cappella	dance pop	1	33098.0
a cappella	neo mellow	1	33098.0
a cappella	pop	1	33098.0
a cappella	post-teen pop	1	33098.0
a cappella	r&b	1	33098.0
a cappella	viral pop	1	33098.0
indie pop rap	r&b	1	437426.0
indie pop rap	urban contemporary	1	437426.0
australian hip hop	dance pop	1	368057.0
australian hip hop	pop	1	368057.0
australian hip hop	post-teen pop	1	368057.0
latin	r&b	1	333890.0
r&b	reggaeton	1	333890.0
dance pop	francoton	1	333890.0
francoton	pop	1	333890.0
francoton	post-teen pop	1	333890.0
francoton	r&b	1	333890.0
j-rap	j-rap	1	42779.0
edm	indie cafe pop	1	793255.0
indie cafe pop	pop	1	793255.0
indie cafe pop	tropical house	1	793255.0
brostep	dance pop	1	1073954.0
brostep	post-teen pop	1	1073954.0
post-teen pop	uk dancehall	1	33467.0
post-teen pop	uk hip hop	1	33467.0
edm	uk dancehall	1	33467.0
edm	uk hip hop	1	33467.0
dancehall	house	1	33467.0
house	uk dancehall	1	33467.0
house	uk hip hop	1	33467.0
tropical house	uk dancehall	1	33467.0
tropical house	uk hip hop	1	33467.0
uk dance	uk dancehall	1	33467.0
uk dance	uk hip hop	1	33467.0
boy band	dance pop	1	34576.0
boy band	girl group	1	34576.0
boy band	pop	1	34576.0
boy band	post-teen pop	1	34576.0
boy band	talent show	1	34576.0
boy band	uk pop	1	34576.0
girl group	latin	1	34576.0
latin	talent show	1	34576.0
latin	uk pop	1	34576.0
girl group	latin pop	1	34576.0
latin pop	talent show	1	34576.0
latin pop	uk pop	1	34576.0
girl group	reggaeton	1	34576.0
reggaeton	talent show	1	34576.0
reggaeton	uk pop	1	34576.0
girl group	tropical	1	34576.0
talent show	tropical	1	34576.0
tropical	uk pop	1	34576.0
dance pop	social media pop	1	494993.0
electro house	social media pop	1	494993.0
electropop	social media pop	1	494993.0
pop	social media pop	1	494993.0
pop edm	social media pop	1	494993.0
pop rap	social media pop	1	494993.0
post-teen pop	social media pop	1	494993.0
social media pop	tropical house	1	494993.0
canadian pop	moombahton	1	346112.0
canadian pop	danish pop	1	346112.0
canadian pop	indie pop	1	346112.0
canadian pop	indie poptimism	1	346112.0
danish pop	post-teen pop	1	346112.0
indie pop	post-teen pop	1	346112.0
dance pop	danish pop	1	346112.0
dance pop	indie pop	1	346112.0
danish pop	electro house	1	346112.0
electro house	indie pop	1	346112.0
electro house	indie poptimism	1	346112.0
danish pop	pop rap	1	346112.0
indie pop	pop rap	1	346112.0
alternative r&b	brostep	1	1121568.0
alternative r&b	progressive electro house	1	1121568.0
dance pop	electropowerpop	1	54934.0
electropowerpop	pop	1	54934.0
electropowerpop	post-teen pop	1	54934.0
electropowerpop	viral pop	1	54934.0
indie poptimism	viral pop	1	54934.0
bachata	trap latino	1	22425.0
reggaeton flow	reggaeton flow	1	22425.0
bachata	latin hip hop	1	22425.0
latin hip hop	latin hip hop	1	22425.0
bachata	tropical	1	22425.0
neo mellow	post-teen pop	1	482234.0
neo soul	post-teen pop	1	482234.0
big room	candy pop	1	22784.0
big room	metropopolis	1	22784.0
candy pop	deep big room	1	22784.0
deep big room	electropop	1	22784.0
deep big room	metropopolis	1	22784.0
deep big room	post-teen pop	1	22784.0
candy pop	dutch house	1	22784.0
dutch house	electropop	1	22784.0
dutch house	metropopolis	1	22784.0
dutch house	post-teen pop	1	22784.0
candy pop	electro house	1	22784.0
electro house	metropopolis	1	22784.0
candy pop	progressive electro house	1	22784.0
electropop	progressive electro house	1	22784.0
metropopolis	progressive electro house	1	22784.0
candy pop	progressive house	1	22784.0
metropopolis	progressive house	1	22784.0
deep big room	edm	1	22784.0
dutch house	edm	1	22784.0
edm	progressive electro house	1	22784.0
big room	hip hop	1	22784.0
deep big room	hip hop	1	22784.0
deep big room	pop rap	1	22784.0
deep big room	rap	1	22784.0
deep big room	southern hip hop	1	22784.0
deep big room	trap	1	22784.0
dutch house	hip hop	1	22784.0
dutch house	pop rap	1	22784.0
dutch house	rap	1	22784.0
dutch house	southern hip hop	1	22784.0
dutch house	trap	1	22784.0
hip hop	progressive electro house	1	22784.0
pop rap	progressive electro house	1	22784.0
progressive electro house	rap	1	22784.0
progressive electro house	southern hip hop	1	22784.0
progressive electro house	trap	1	22784.0
candy pop	hip hop	1	22784.0
candy pop	pop rap	1	22784.0
candy pop	rap	1	22784.0
candy pop	southern hip hop	1	22784.0
candy pop	trap	1	22784.0
electropop	southern hip hop	1	22784.0
hip hop	metropopolis	1	22784.0
metropopolis	southern hip hop	1	22784.0
metropopolis	trap	1	22784.0
complextro	edm	1	352700.0
edm	german techno	1	352700.0
complextro	tropical house	1	352700.0
german techno	tropical house	1	352700.0
complextro	pop rap	1	211700.0
german techno	pop rap	1	211700.0
hip pop	uk pop	1	343351.0
queens hip hop	uk pop	1	343351.0
hip pop	viral pop	1	343351.0
queens hip hop	viral pop	1	343351.0
electropop	permanent wave	1	1248246.0
permanent wave	pop	1	1248246.0
permanent wave	tropical house	1	1248246.0
electro house	melodic rap	1	28351.0
atl hip hop	moombahton	1	28351.0
hip hop	moombahton	1	28351.0
melodic rap	moombahton	1	28351.0
moombahton	pop rap	1	28351.0
moombahton	trap	1	28351.0
dfw rap	hip hop	1	478613.0
dfw rap	melodic rap	1	478613.0
melodic rap	melodic rap	1	478613.0
dance pop	dutch pop	1	61919.0
progressive house	uk pop	1	61919.0
dutch pop	uk pop	1	61919.0
big room	dutch pop	1	61919.0
dutch pop	progressive house	1	61919.0
dance pop	pittsburgh rap	1	488069.0
pittsburgh rap	pop	1	488069.0
pittsburgh rap	post-teen pop	1	488069.0
pittsburgh rap	viral pop	1	488069.0
baile pop	latin	1	81408.0
baile pop	reggaeton	1	81408.0
funk carioca	latin	1	81408.0
funk carioca	reggaeton	1	81408.0
funk das antigas	latin	1	81408.0
funk das antigas	reggaeton	1	81408.0
latin	pagode baiano	1	81408.0
pagode baiano	reggaeton	1	81408.0
girl group	pop	1	508469.0
girl group	r&b	1	508469.0
girl group	trap soul	1	508469.0
pop	talent show	1	508469.0
r&b	talent show	1	508469.0
talent show	trap soul	1	508469.0
r&b	viral pop	1	508469.0
trap soul	viral pop	1	508469.0
latin	perreo	1	101119.0
perreo	reggaeton	1	101119.0
atl trap	dance pop	1	1546475.0
dance pop	gangster rap	1	1546475.0
atl trap	pop	1	1546475.0
gangster rap	pop	1	1546475.0
atl trap	post-teen pop	1	1546475.0
gangster rap	post-teen pop	1	1546475.0
r&b	uk pop	1	336434.0
dance pop	deep pop r&b	1	1132504.0
edm	urban contemporary	1	1132504.0
deep pop r&b	pop	1	1132504.0
deep pop r&b	tropical house	1	1132504.0
tropical house	urban contemporary	1	1132504.0
deep pop r&b	uk dance	1	1132504.0
uk dance	urban contemporary	1	1132504.0
j-acoustic	j-pop	1	22002.0
j-acoustic	j-poprock	1	22002.0
j-acoustic	j-rock	1	22002.0
j-acoustic	japanese alternative rock	1	22002.0
j-pop	j-pop	1	22002.0
j-pop	j-poprock	1	22002.0
j-pop	japanese alternative rock	1	22002.0
j-poprock	j-rock	1	22002.0
j-rock	j-rock	1	22002.0
j-rock	japanese alternative rock	1	22002.0
j-poprock	japanese r&b	1	22002.0
j-rock	japanese r&b	1	22002.0
japanese alternative rock	japanese r&b	1	22002.0
atl hip hop	hip pop	1	116839.0
atl hip hop	queens hip hop	1	116839.0
complextro	pop edm	1	366057.0
electro house	pop edm	1	366057.0
german techno	pop edm	1	366057.0
pop edm	tropical house	1	366057.0
barbadian pop	dance pop	1	480121.0
barbadian pop	dirty south rap	1	480121.0
dirty south rap	r&b	1	480121.0
dirty south rap	urban contemporary	1	480121.0
barbadian pop	miami hip hop	1	480121.0
dance pop	miami hip hop	1	480121.0
miami hip hop	r&b	1	480121.0
miami hip hop	urban contemporary	1	480121.0
barbadian pop	southern hip hop	1	480121.0
r&b	southern hip hop	1	480121.0
barbadian pop	urban contemporary	1	480121.0
urban contemporary	urban contemporary	1	480121.0
anime score	j-rock	1	196534.0
anime score	japanese city pop	1	196534.0
anime score	shibuya-kei	1	196534.0
j-pixie	j-rock	1	196534.0
j-pixie	japanese city pop	1	196534.0
j-pixie	shibuya-kei	1	196534.0
j-rock	japanese electropop	1	196534.0
japanese city pop	japanese electropop	1	196534.0
japanese electropop	shibuya-kei	1	196534.0
dance pop	toronto rap	1	136680.0
electropop	toronto rap	1	136680.0
pop	toronto rap	1	136680.0
post-teen pop	toronto rap	1	136680.0
toronto rap	uk pop	1	136680.0
trap	uk pop	1	136680.0
electropop	urban contemporary	1	136680.0
uk pop	urban contemporary	1	136680.0
aussietronica	melbourne bounce	1	51940.0
melbourne bounce	tropical house	1	51940.0
j-pop	j-rap	1	50193.0
k-pop	pop rap	1	236615.0
k-pop	rap	1	236615.0
k-pop	southern hip hop	1	236615.0
k-pop	trap	1	236615.0
k-pop	viral trap	1	236615.0
k-pop boy group	pop rap	1	236615.0
k-pop boy group	rap	1	236615.0
k-pop boy group	southern hip hop	1	236615.0
k-pop boy group	trap	1	236615.0
k-pop boy group	viral trap	1	236615.0
big room	k-pop	1	236615.0
dance pop	k-pop	1	236615.0
edm	k-pop	1	236615.0
electro house	k-pop	1	236615.0
k-pop	tropical house	1	236615.0
big room	k-pop boy group	1	236615.0
dance pop	k-pop boy group	1	236615.0
edm	k-pop boy group	1	236615.0
electro house	k-pop boy group	1	236615.0
k-pop boy group	tropical house	1	236615.0
big room	viral trap	1	236615.0
dance pop	viral trap	1	236615.0
edm	viral trap	1	236615.0
electro house	viral trap	1	236615.0
tropical house	viral trap	1	236615.0
chicago rap	dance pop	1	926441.0
chicago rap	dirty south rap	1	926441.0
chicago rap	miami hip hop	1	926441.0
chicago rap	southern hip hop	1	926441.0
chicago rap	urban contemporary	1	926441.0
conscious hip hop	dirty south rap	1	926441.0
conscious hip hop	miami hip hop	1	926441.0
conscious hip hop	southern hip hop	1	926441.0
conscious hip hop	urban contemporary	1	926441.0
canadian pop	chicago rap	1	926441.0
chicago rap	post-teen pop	1	926441.0
chicago rap	new orleans rap	1	926441.0
conscious hip hop	new orleans rap	1	926441.0
atl hip hop	chicago rap	1	926441.0
chicago rap	melodic rap	1	926441.0
atl hip hop	conscious hip hop	1	926441.0
conscious hip hop	melodic rap	1	926441.0
canadian pop	dirty south rap	1	926441.0
canadian pop	miami hip hop	1	926441.0
canadian pop	southern hip hop	1	926441.0
canadian pop	urban contemporary	1	926441.0
dance pop	new orleans rap	1	926441.0
dirty south rap	new orleans rap	1	926441.0
miami hip hop	new orleans rap	1	926441.0
new orleans rap	southern hip hop	1	926441.0
new orleans rap	urban contemporary	1	926441.0
dirty south rap	melodic rap	1	926441.0
atl hip hop	miami hip hop	1	926441.0
melodic rap	southern hip hop	1	926441.0
atl hip hop	urban contemporary	1	926441.0
melodic rap	urban contemporary	1	926441.0
canadian pop	new orleans rap	1	926441.0
new orleans rap	post-teen pop	1	926441.0
atl hip hop	canadian pop	1	926441.0
canadian pop	melodic rap	1	926441.0
atl hip hop	new orleans rap	1	926441.0
melodic rap	new orleans rap	1	926441.0
dirty south rap	southern hip hop	1	66624.0
dance pop	puerto rican pop	1	286135.0
latin	latin viral pop	1	248544.0
latin viral pop	reggaeton	1	248544.0
latin viral pop	trap latino	1	248544.0
hip pop	urban contemporary	1	600890.0
queens hip hop	urban contemporary	1	600890.0
trap soul	urban contemporary	1	600890.0
hip pop	r&b	1	600890.0
hip pop	trap soul	1	600890.0
queens hip hop	r&b	1	600890.0
queens hip hop	trap soul	1	600890.0
australian pop	big room	1	241599.0
australian pop	edm	1	241599.0
australian pop	progressive house	1	241599.0
progressive house	viral pop	1	241599.0
australian pop	tropical house	1	241599.0
album rock	experimental rock	1	52704.0
art rock	experimental rock	1	52704.0
classic rock	experimental rock	1	52704.0
experimental rock	folk rock	1	52704.0
experimental rock	mellow gold	1	52704.0
experimental rock	psychedelic rock	1	52704.0
experimental rock	rock	1	52704.0
album rock	experimental	1	52704.0
album rock	experimental pop	1	52704.0
art rock	experimental	1	52704.0
art rock	experimental pop	1	52704.0
classic rock	experimental	1	52704.0
classic rock	experimental pop	1	52704.0
experimental	folk rock	1	52704.0
experimental pop	folk rock	1	52704.0
experimental	mellow gold	1	52704.0
experimental pop	mellow gold	1	52704.0
experimental	psychedelic rock	1	52704.0
experimental pop	psychedelic rock	1	52704.0
experimental	rock	1	52704.0
experimental pop	rock	1	52704.0
experimental	experimental rock	1	52704.0
experimental pop	experimental rock	1	52704.0
dance pop	lgbtq+ hip hop	1	98839.0
alternative r&b	edm	1	98839.0
edm	lgbtq+ hip hop	1	98839.0
edm	neo soul	1	98839.0
alternative r&b	electro house	1	98839.0
electro house	lgbtq+ hip hop	1	98839.0
electro house	neo soul	1	98839.0
alternative r&b	house	1	98839.0
house	lgbtq+ hip hop	1	98839.0
house	neo soul	1	98839.0
lgbtq+ hip hop	pop	1	98839.0
alternative r&b	progressive house	1	98839.0
lgbtq+ hip hop	progressive house	1	98839.0
neo soul	progressive house	1	98839.0
alternative r&b	tropical house	1	98839.0
lgbtq+ hip hop	tropical house	1	98839.0
neo soul	tropical house	1	98839.0
alternative r&b	uk dance	1	98839.0
lgbtq+ hip hop	uk dance	1	98839.0
neo soul	uk dance	1	98839.0
atl hip hop	house	1	98839.0
atl hip hop	progressive house	1	98839.0
atl hip hop	uk dance	1	98839.0
alternative r&b	atl hip hop	1	98839.0
alternative r&b	southern hip hop	1	98839.0
alternative r&b	trap	1	98839.0
atl hip hop	lgbtq+ hip hop	1	98839.0
hip hop	lgbtq+ hip hop	1	98839.0
lgbtq+ hip hop	pop rap	1	98839.0
lgbtq+ hip hop	rap	1	98839.0
lgbtq+ hip hop	southern hip hop	1	98839.0
lgbtq+ hip hop	trap	1	98839.0
atl hip hop	neo soul	1	98839.0
hip hop	neo soul	1	98839.0
neo soul	pop rap	1	98839.0
neo soul	rap	1	98839.0
neo soul	southern hip hop	1	98839.0
neo soul	trap	1	98839.0
alternative r&b	canadian contemporary r&b	1	958868.0
alternative r&b	canadian pop	1	958868.0
canadian contemporary r&b	conscious hip hop	1	958868.0
canadian contemporary r&b	dmv rap	1	958868.0
canadian contemporary r&b	hip hop	1	958868.0
canadian contemporary r&b	pop rap	1	958868.0
canadian contemporary r&b	rap	1	958868.0
canadian pop	dmv rap	1	958868.0
dance pop	dmv rap	1	958868.0
conscious hip hop	electropop	1	958868.0
dmv rap	electropop	1	958868.0
dmv rap	post-teen pop	1	958868.0
alternative r&b	conscious hip hop	1	958868.0
alternative r&b	dmv rap	1	958868.0
canadian pop	pop rock	1	48642.0
indie poptimism	pop rock	1	48642.0
chinese hip hop	rap	1	24687.0
chinese idol pop	rap	1	24687.0
electropop	uk funky	1	516812.0
dancehall	uk pop	1	427731.0
dancehall	uk funky	1	427731.0
pop rap	uk funky	1	427731.0
electro house	uk dance	1	146897.0
electro house	swedish pop	1	146897.0
canadian contemporary r&b	complextro	1	1303013.0
canadian contemporary r&b	dance pop	1	1303013.0
canadian contemporary r&b	edm	1	1303013.0
canadian contemporary r&b	electro house	1	1303013.0
canadian contemporary r&b	german techno	1	1303013.0
canadian contemporary r&b	post-teen pop	1	1303013.0
canadian contemporary r&b	tropical house	1	1303013.0
canadian pop	complextro	1	1303013.0
canadian pop	german techno	1	1303013.0
complextro	electropop	1	1303013.0
electropop	german techno	1	1303013.0
detroit hip hop	uk pop	1	103562.0
g funk	uk pop	1	103562.0
hip hop	uk pop	1	103562.0
electropop	etherpop	1	1235186.0
etherpop	pop	1	1235186.0
etherpop	tropical house	1	1235186.0
contemporary country	electropop	1	283495.0
country	electropop	1	283495.0
country pop	electropop	1	283495.0
country road	electropop	1	283495.0
electropop	modern country rock	1	283495.0
puerto rican pop	reggaeton flow	1	15351.0
east coast hip hop	pop rock	1	21086.0
pop rock	southern hip hop	1	21086.0
pop rock	trap	1	21086.0
emo rap	melodic rap	1	44308.0
emo rap	rap	1	44308.0
emo rap	trap	1	44308.0
brostep	deep pop r&b	1	92886.0
complextro	deep pop r&b	1	92886.0
deep pop r&b	electro	1	92886.0
deep pop r&b	electro house	1	92886.0
bmore	dance pop	1	21456.0
bmore	danish pop	1	21456.0
bmore	electropop	1	21456.0
bmore	indie pop	1	21456.0
bmore	indie poptimism	1	21456.0
bmore	pop	1	21456.0
bmore	tropical house	1	21456.0
danish pop	electropop	1	21456.0
electropop	indie pop	1	21456.0
dance pop	ninja	1	21456.0
danish pop	ninja	1	21456.0
electropop	ninja	1	21456.0
indie pop	ninja	1	21456.0
indie poptimism	ninja	1	21456.0
ninja	pop	1	21456.0
ninja	tropical house	1	21456.0
detroit hip hop	edm	1	918126.0
detroit hip hop	electro house	1	918126.0
detroit hip hop	house	1	918126.0
detroit hip hop	progressive house	1	918126.0
detroit hip hop	tropical house	1	918126.0
detroit hip hop	uk dance	1	918126.0
detroit hip hop	pop rap	1	918126.0
canadian pop	latin hip hop	1	1411280.0
latin hip hop	pop	1	1411280.0
latin hip hop	post-teen pop	1	1411280.0
canadian pop	reggaeton	1	1411280.0
canadian pop	latin pop	1	1411280.0
canadian pop	puerto rican pop	1	1411280.0
australian dance	dance pop	1	1117178.0
australian dance	electropop	1	1117178.0
australian dance	pop	1	1117178.0
australian dance	post-teen pop	1	1117178.0
australian dance	uk pop	1	1117178.0
australian pop	dance pop	1	1117178.0
australian pop	electropop	1	1117178.0
australian pop	post-teen pop	1	1117178.0
australian pop	uk pop	1	1117178.0
indie pop	melodic rap	1	53162.0
indie poptimism	melodic rap	1	53162.0
indietronica	melodic rap	1	53162.0
melodic rap	modern rock	1	53162.0
electropop	philly rap	1	53162.0
indie pop	philly rap	1	53162.0
indie poptimism	philly rap	1	53162.0
indietronica	philly rap	1	53162.0
modern rock	philly rap	1	53162.0
philly rap	pop	1	53162.0
indie pop	rap	1	53162.0
indietronica	rap	1	53162.0
modern rock	rap	1	53162.0
dance pop	scandipop	1	861159.0
dance pop	swedish electropop	1	861159.0
edm	scandipop	1	861159.0
edm	swedish electropop	1	861159.0
pop	scandipop	1	861159.0
pop	swedish electropop	1	861159.0
post-teen pop	scandipop	1	861159.0
post-teen pop	swedish electropop	1	861159.0
scandipop	tropical house	1	861159.0
swedish electropop	tropical house	1	861159.0
edm	uk dance	1	861159.0
scandipop	uk dance	1	861159.0
swedish electropop	uk dance	1	861159.0
edm	uk funky	1	861159.0
scandipop	uk funky	1	861159.0
swedish electropop	uk funky	1	861159.0
swedish pop	uk funky	1	861159.0
canadian pop	electronic trap	1	474956.0
dance pop	norwegian pop	1	226370.0
edm	neo mellow	1	226370.0
electro house	neo mellow	1	226370.0
neo mellow	norwegian pop	1	226370.0
neo mellow	pop edm	1	226370.0
neo mellow	tropical house	1	226370.0
dance pop	piano rock	1	226370.0
edm	piano rock	1	226370.0
electro house	piano rock	1	226370.0
norwegian pop	piano rock	1	226370.0
piano rock	pop	1	226370.0
piano rock	pop edm	1	226370.0
piano rock	tropical house	1	226370.0
norwegian pop	pop	1	226370.0
edm	pop rock	1	226370.0
electro house	pop rock	1	226370.0
norwegian pop	pop rock	1	226370.0
pop edm	pop rock	1	226370.0
pop rock	tropical house	1	226370.0
