position	song_id	song_name	artist	streams	last_week_position	weeks_on_chart	peak_position	position_status
1	7dt6x5M1jzdTEt8oCbisTK	Better Now	Post Malone	40788286	nan	1	1	new
2	3swc6WTsr7rl9DqQKQA55C	Psycho (feat. Ty Dolla $ign)	Post Malone	37992220	nan	1	2	new
3	1cTZMwcBJT0Ka3UJPXOeeN	Nice For What	Drake	32410762	1	4	1	-2
4	3fpVWegR6YOS1Yk5HSMYIq	Paranoid	Post Malone	31182644	nan	1	4	new
5	5SxkdsY1ufZzoq9iXceLw9	no tears left to cry	Ariana Grande	29862555	2	2	2	-3
6	2XW4DbS6NddZxRPm5rMCeY	God's Plan	Drake	29377797	3	15	1	-3
7	7ef4DlsgrMEH11cDZd32M6	One Kiss (with Dua Lipa)	Calvin Harris	27860728	4	4	4	-3
8	0e7ipj03S05BNilyu5bRzt	rockstar (feat. 21 Savage)	Post Malone	26920146	nan	1	8	new
9	5VuxWXbt7XENQCtE9TzpTv	Spoil My Night (feat. Swae Lee)	Post Malone	25175356	nan	1	9	new
10	2VdT56BGpdqNHUgOe1j5vc	Rich & Sad	Post Malone	24285634	nan	1	10	new
11	4H7WNRErSbONkM06blBoGc	Stay	Post Malone	23585361	nan	1	11	new
12	08bNPGLD8AhKpnnERrAc6G	FRIENDS	Marshmello	22752794	7	12	4	-5
13	09IOPhEh1OMe0HD9b36FJk	Over Now	Post Malone	22173263	nan	1	13	new
14	39N9RPD9MRb5WmoLzNzPeA	X	Nicky Jam	22090024	8	9	4	-6
15	6IaieqiCVvsNvEt6Y7yOFa	Ball For Me (feat. Nicki Minaj)	Post Malone	21648376	nan	1	15	new
16	5lZZmityu9TAjNvSY6GLhR	Zack And Codeine	Post Malone	21279106	nan	1	16	new
17	58q2HKrzhC3ozto2nDdN4z	I Like It	Cardi B	20725789	10	4	9	-7
18	688QpQAwqsLdBR6lr13wK1	Same Bitches (feat. G-Eazy & YG)	Post Malone	19969213	nan	1	18	new
19	5ffntNJnJOeFv7b7DCd0Bw	Takin' Shots	Post Malone	19954804	nan	1	19	new
20	1gm616Plq4ScqNi7TVkZ5N	Call Out My Name	The Weeknd	19445831	9	5	1	-11
21	10Igtw8bSDyyFs7KIsKngZ	Freaky Friday (feat. Chris Brown)	Lil Dicky	18811764	11	7	7	-10
22	2ARqIya5NAuvFVHSN3bL0m	The Middle	Zedd	18098441	14	10	6	-8
23	1D2L6MefbXon28PzIk9I3r	92 Explorer	Post Malone	17856059	nan	1	23	new
24	32lItqlMi4LBhb4k0BaSaC	Candy Paint	Post Malone	17508038	nan	1	24	new
25	4qWCFTuNnmGNdY4egtb4ZY	Otherside	Post Malone	17392639	nan	1	25	new
26	45Egmo7icyopuzJN0oMEdk	Love Lies (with Normani)	Khalid	17103013	15	11	11	-11
27	1ZemPoaj7LBj1RAQrb89EC	Blame It On Me	Post Malone	16190661	nan	1	27	new
28	3ee8Jmje8o58CHK66QrVC2	SAD!	XXXTENTACION	15350289	19	7	3	-9
29	76cy1WJvNGJTj78UqeA5zr	IDGAF	Dua Lipa	15081015	22	18	4	-7
30	5CLGzJsGqhCEECcpnFQA8x	These Days (feat. Jess Glynne, Macklemore & Dan Caplen)	Rudimental	15034846	24	15	9	-6
31	4qKcDkK6siZ7Jp1Jb4m0aL	Look Alive (feat. Drake)	BlocBoy JB	14868432	21	12	6	-10
32	7yotKA30dwTKNEGomV9ZsI	KOD	J. Cole	14752310	6	2	6	-26
33	0MrRAUcB8AZiB9ue2VOBYe	Sugar Wraith	Post Malone	13978538	nan	1	33	new
34	63SevszngYpZOwf63o61K4	Nevermind	Dennis Lloyd	13419182	28	7	20	-6
35	7uzmGiiJyRfuViKKK3lVmR	Mine	Bazzi	12875275	27	3	16	-8
36	6g1NlCpW7fgqDnWbCCDrHl	Wake Me Up - Radio Edit	Avicii	12451453	13	2	13	-23
37	79jX8RM5CgPqDKdGEKNW9K	In My Blood	Shawn Mendes	12323053	34	6	7	-3
38	3V8UKqhEK5zBkBb6d6ub8i	Te Boté - Remix	Nio Garcia	12128029	60	3	38	22
39	2j2fIJGh4PMdXt9ULI5Tlc	Dura	Daddy Yankee	11983077	32	15	9	-7
40	7iDa6hUg2VgEL1o1HjmfBn	Meant to Be (feat. Florida Georgia Line)	Bebe Rexha	11877034	40	33	18	0
41	6jA8JUuPCGYjFcgw0AoM5T	Me Niego (feat. Ozuna & Wisin)	Reik	11779014	41	11	22	0
42	3GCdLUSnKSMJhs4Tj6CV3s	All The Stars (with SZA)	Kendrick Lamar	11778327	29	10	3	-13
43	6n4U3TlzUGhdSFbUUhTvLP	Walk It Talk It	Migos	11740619	31	14	22	-12
44	6xTU6B6nFwKKTSZ9ySXS80	Remind Me to Forget	Kygo	11726509	43	7	30	-1
45	1rfofaqEpACxVEHIZBJe6W	Havana (feat. Young Thug)	Camila Cabello	11643402	42	16	1	-3
46	6Hgh47WXVKtXN5zGOu0hjI	OTW	Khalid	11460746	46	2	46	0
47	6mAz8D1TmlTuef90dbNIiZ	Plug Walk	Rich The Kid	11444053	39	5	19	-8
48	6RnkFd8Fqqgk1Uni8RgqCQ	Like I Do	David Guetta	11292443	35	10	24	-13
49	0R6Jlsq25eZB3Wftpxi3oF	Jonestown (Interlude)	Post Malone	11226977	nan	1	49	new
50	6WbADFqMvR8N5u0BvtsWQE	Without You (feat. Sandro Cavazza)	Avicii	10509566	20	30	20	-30
51	4QtiVmuA88tPQiCOHZuQ5b	1, 2, 3 (feat. Jason Derulo & De La Ghetto)	Sofia Reyes	10445105	48	11	31	-3
52	43cFjTTCD9Cni4aSL0sORz	Playinwitme (feat. Kehlani)	KYLE	10386621	55	4	52	3
53	33IOhptvC2Qoy2UhjiHXLV	Flames	David Guetta	10382430	54	6	43	1
54	6tZ3b7ik1QDXFAZlXib0YZ	Kevin’s Heart	J. Cole	9830532	16	2	16	-38
55	2UciqgwVDwro0fev3MFbxJ	ATM	J. Cole	9350035	12	2	12	-43
56	1LhMopPAallLeaeNutqbgS	Say Something	Justin Timberlake	9208071	56	13	25	0
57	3soOPBuMK8YMdWnV7xpEyf	Mad Love	Sean Paul	9202257	52	9	38	-5
58	2ekn2ttSfGqwhhate0LSR0	New Rules	Dua Lipa	9175014	62	43	2	4
59	5PTG6rrL6EPFD9E2QMI2pl	JAPAN	Famous Dex	9153123	53	4	34	-6
60	7qiZfU4dY1lWllzX7mPBI3	Shape of You	Ed Sheeran	9072439	66	67	1	6
61	75ZvA4QfFiZvzhj2xkaWAh	I Fall Apart	Post Malone	9024439	69	32	10	8
62	7Fg342AJtNsIDdwCfX0paC	Let Me	ZAYN	8949951	49	3	28	-13
63	6SFStUDQZNaGPKWOx9ZiJB	2002	Anne-Marie	8899988	nan	1	63	new
64	3xcCix7Jv1Rp90YVmgo35D	Bella	Wolfine	8672261	63	8	28	-1
65	7sO5G9EABYOXQKNPNiE9NR	Ric Flair Drip (& Metro Boomin)	Offset	8634210	61	27	32	-4
66	2Yl4OmDby9iitgNWZPwxkd	Be Careful	Cardi B	8603579	50	4	27	-16
67	1zsG4eaZmkA1dvjDDsAGLK	Échame La Culpa	Luis Fonsi	8445172	65	24	7	-2
68	6NFyWDv5CjfwuzoCkw47Xf	Delicate	Taylor Swift	8138933	59	10	26	-9
69	5B03nSG8pLE48jh7kmasuL	Levels - Radio Edit	Avicii	8133286	25	2	25	-44
70	0tgVpDi06FyKpA1z0VMD4v	Perfect	Ed Sheeran	8112638	72	59	4	2
71	55S2PQgSMYAhgoTCcGCDfw	Youngblood	5 Seconds of Summer	8101729	84	3	71	13
72	33bnxcjePIkcmNjEFTJX0l	Déjala Que Vuelva (feat. Manuel Turizo)	Piso 21	8061096	68	26	33	-4
73	1AT4xjNarTswd0UZ5FlmKF	Motiv8	J. Cole	8055124	17	2	17	-56
74	5Y9fnynLlIvqtM710MHzfz	Síguelo Bailando	Ozuna	7971011	73	18	43	-1
75	2yUbCEiaolfSMluDo9RMmG	Powerglide (feat. Juicy J)	Rae Sremmurd	7942582	64	9	50	-11
76	44KKhCyI0BGS6LvVyDqJtH	Esskeetit	Lil Pump	7810283	58	3	51	-18
77	0JP9xo3adEtGSdUEISiszL	Moonlight	XXXTENTACION	7551718	70	7	14	-7
78	0QS5rZpm5zN9wV9lJgjyUE	El Préstamo	Maluma	7522410	80	8	52	2
79	4eWQlBRaTjPPUlzacqEeoQ	Never Be the Same	Camila Cabello	7475828	75	16	4	-4
80	2OALaHcDdKkjYEpAr0Qzab	Lonely Together (feat. Rita Ora)	Avicii	7449323	38	34	19	-42
81	2og9I9rQwr2XdTLJUupfT1	I Wanna Know (feat. Bea Miller)	NOTD	7385687	nan	1	81	new
82	7EmGUiUaOSGDnUUQUDrOXC	Wolves	Selena Gomez	7327907	82	28	3	0
83	7EulRO07ZgchxqKUHb8Pvc	1985 - Intro to “The Fall Off”	J. Cole	7300048	23	2	23	-60
84	0Y4hwUppbGc8aIBmiTz30A	Familiar	Liam Payne	7252279	57	2	57	-27
85	2HGymMoOdB4ZYv0AAqYmgF	Famous	Mason Ramsey	7240523	nan	1	85	new
86	6nsLzJfvp5OLd4mgqUJkpq	Waiting For Love	Avicii	7048447	26	2	26	-60
87	6Za3190Sbw39BBC77WSS1C	Criminal	Natti Natasha	7024589	85	25	21	-2
88	0CZ8lquoTX2Dkg7Ak2inwA	1950	King Princess	6991356	78	7	61	-10
89	26gceVsA1ybT8qsX3aYLEn	Thunder	Imagine Dragons	6972866	86	10	46	-3
90	7GX5flRQZVHRAGd6B4TmDO	XO Tour Llif3	Lil Uzi Vert	6821404	93	36	10	3
91	6QgjcU0zLnzq5OrUoSZ3OK	Feel It Still	Portugal. The Man	6756667	87	42	18	-4
92	0VKkyBKCXyR99navhVRqcP	La player (Bandolera)	Zion & Lennox	6732588	101	7	83	9
93	2gTYVoQCUh0QNUaFix01ld	Chun-Li	Nicki Minaj	6699711	77	3	58	-16
94	3a1lNhkSLSkpJE4MSHpDu9	Congratulations	Post Malone	6687551	102	65	20	8
95	7Izh7zLJGw1Nscd62Exxj4	Believer	Imagine Dragons	6677471	92	10	68	-3
96	3pWcj8hxj3fsb9TDAcMpEl	Somebody	The Chainsmokers	6618002	79	2	79	-17
97	0bhnUFDQFCEHCBlsQfHnj5	Photograph	J. Cole	6601767	18	2	18	-79
98	3Vo4wInECJQuz9BIBMOu8i	Finesse - Remix; feat. Cardi B	Bruno Mars	6464353	90	17	4	-8
99	4EAV2cKiqKP5UPZmY6dejk	Everyday	Logic	6416009	71	8	16	-28
100	3ITvHA9zhZZdBJsOsAUegF	Amorfoda	Bad Bunny	6364195	97	11	10	-3
101	5UEnHoDYpsxlfzWLZIc7LD	River (feat. Ed Sheeran)	Eminem	6338435	89	20	2	-12
102	5AEtlRudpgdT5FtNiuly6Y	Let Me Go (with Alesso, Florida Georgia Line & watt)	Hailee Steinfeld	6309380	94	33	16	-8
103	51rXHuKN8Loc4sUlKPODgH	King's Dead (with Kendrick Lamar, Future & James Blake)	Jay Rock	6305958	88	16	29	-15
104	1mXVgsBdtIVeCLJnSnmtdV	Too Good At Goodbyes	Sam Smith	6273017	100	26	3	-4
105	2UVbBKQOdFAekPTRsnkzcf	Stir Fry	Migos	6270174	95	14	16	-10
106	2EzRdhuoPyNJDlep7lnNf2	Dembow	Danny Ocean	6234028	99	16	65	-7
107	4lESS6vuruP6a79KWRaQou	Corazón	Maluma	6229726	96	26	17	-11
108	4ofvoCdXq99vpMZO4Cfp8x	Pray For Me (with Kendrick Lamar)	The Weeknd	6185547	91	13	3	-17
109	7m9OqQk4RVRkw9JJdeAw96	Jocelyn Flores	XXXTENTACION	6182178	105	36	15	-4
110	2RVrdr062uLFxXwIxwdXPH	Te Amo	Piso 21	6173758	107	6	94	-3
111	3Ga6eKrUFf12ouh9Yw3v2D	Downtown	Anitta	6061506	98	24	21	-13
112	7vGuf3Y35N4wmASOKLUVVU	Silence	Marshmello	6005417	104	38	8	-8
113	6mrKP2jyIQmM0rw6fQryjr	Let You Down	NF	5991445	103	29	9	-10
114	0ct6r3EGTcMLPtrXHDvVjc	The Nights	Avicii	5947362	44	2	44	-70
115	5Z3GHaZ6ec9bsiI5BenrbY	Young Dumb & Broke	Khalid	5897482	115	45	12	0
116	0u2P5u6lvoDfwTYjAADbn4	lovely (with Khalid)	Billie Eilish	5895558	138	2	116	22
117	7KXjTSCq5nL1LoYtL7XAwS	HUMBLE.	Kendrick Lamar	5865361	106	55	1	-11
118	3zKST4nk4QJE77oLjUZ0Ng	Hey Brother	Avicii	5785265	37	2	37	-81
119	72TyiiduRmczEbDIEtKQdR	Wasted Times	The Weeknd	5640637	81	5	8	-38
120	08hm0V6cTsWDX62hW42sEv	Sick Boy	The Chainsmokers	5542398	83	2	83	-37
121	5hcisvFMidkMJlElTO9Qmw	Sensualidad	Bad Bunny	5512243	111	26	21	-10
122	0d0d2CuQSQDF7Q7vNhwA3i	Neymar	Capital Bra	5484425	nan	1	122	new
123	2ijef6ni2amuunRoKTlgww	Sin Pijama	Becky G	5386051	nan	1	123	new
124	7AFASza1mXqntmGtbxXprO	changes	XXXTENTACION	5364390	116	7	27	-8
125	6tvQzeCPwOytDlBYCIOY0n	Breathe	Jax Jones	5343314	109	16	48	-16
126	3hBBKuWJfxlIlnd9QFoC8k	What Lovers Do (feat. SZA)	Maroon 5	5337266	122	26	5	-4
127	0r9d60ZYPAlFHq8qnUtkXN	Madura (feat. Bad Bunny)	Cosculluela	5307812	150	3	127	23
128	3B54sVLJ402zGa6Xm4YGNe	Unforgettable	French Montana	5290536	119	43	3	-9
129	5uCax9HTNlzGybIStD3vDh	Say You Won't Let Go	James Arthur	5271469	140	68	7	11
130	6KBYefIoo7KydImq1uUQlL	Bodak Yellow	Cardi B	5239394	108	4	60	-22
131	2vvdTrdryjsl8DmPIMDWZU	EL BAÑO (feat. Bad Bunny)	Enrique Iglesias	5204207	114	16	38	-17
132	1j4kHkkpqZRBwE0A4CN4Yv	Dusk Till Dawn - Radio Edit	ZAYN	5119099	147	34	4	15
133	2xGjteMU3E1tkEPVFBO08U	This Is Me	Keala Settle	5082390	132	18	30	-1
134	630sXRhIcfwr2e4RdNtjKN	Rewrite The Stars	Zac Efron	5079474	129	18	20	-5
135	4zWO4gvuFtw6EJZC5FFGlr	Bum Bum Tam Tam	MC Fioti	5076380	118	20	66	-17
136	1xznGGDReH1oQq0xzbwXa3	One Dance	Drake	5051029	139	68	12	3
137	1bhUWB0zJMIKr9yVPrkEuI	Perfect Duet (Ed Sheeran & Beyoncé)	Ed Sheeran	5030445	131	22	3	-6
138	2xmrfQpmS2iJExTlklLoAL	I Miss You (feat. Julia Michaels)	Clean Bandit	5013540	121	27	23	-17
139	7rwX0O3RlxqqIjQM8evm5E	Solita	Ozuna	5012874	141	14	75	2
140	6RUKPb4LETWmmr3iAEQktW	Something Just Like This	The Chainsmokers	4997990	136	61	2	-4
141	54OB85nuxYGfl7qRQXuz7c	Ahora	J Balvin	4954004	128	8	109	-13
142	1HagMz5nWk1HmevNCBOxF3	Answerphone (feat. Yxng Bane)	Banx & Ranx	4930069	152	2	142	10
143	6gBFPUFcJLzWGx4lenP6h2	goosebumps	Travis Scott	4904739	155	68	61	12
144	7uYgVgRSgqluZclLS7wpp4	El Farsante - Remix	Ozuna	4890911	133	13	102	-11
145	5sWbwccBcyHsg5LEKWGZo9	BRACKETS	J. Cole	4883199	36	2	36	-109
146	7F3uo3304R2CTvOseU3H7u	Whatever It Takes	Imagine Dragons	4859222	153	10	110	7
147	5k38wzpLb15YgncyWdTZE4	Him & I (with Halsey)	G-Eazy	4841388	125	20	7	-22
148	0dSIrRkA4PadGll16TgbnV	PICK IT UP (feat. A$AP Rocky)	Famous Dex	4823196	142	4	97	-6
149	71bBFbfn2OBK5QwUJSLS44	More Than You Know	Axwell /\ Ingrosso	4816922	156	20	53	7
150	6U2NuJILEOEpW2tVCuqKHb	Dura - Remix	Daddy Yankee	4813672	nan	1	150	new
151	5tz69p7tJuGPeMGwNTxYuV	1-800-273-8255	Logic	4812854	145	51	5	-6
152	6De0lHrwBfPfrhorm9q1Xl	Me Rehúso	Danny Ocean	4736141	146	61	20	-6
153	2RttW7RAu5nOAfq6YFvApB	Happier	Ed Sheeran	4715457	nan	49	10	re-enter
154	1xy4apMFecGGkgBeaHFZ2M	Chasing Fire	Lauv	4701275	126	5	116	-28
155	3rFF7kSm5qBOOPs6ljFgPp	The Cut Off (feat. kiLL edward)	J. Cole	4700772	30	2	30	-125
156	5hM6sP0Gh1jD57drszNueC	For You (Fifty Shades Freed) (& Rita Ora)	Liam Payne	4696735	130	17	27	-26
157	794QVQtFNy7hvtjQP1keQd	1942	G-Eazy	4688527	113	3	108	-44
158	0dIoGTQXDh1wVnhIiSyYEa	Bartier Cardi (feat. 21 Savage)	Cardi B	4685992	112	4	57	-46
159	7BKLCZ1jbUBVqRi2FVlTVw	Closer	The Chainsmokers	4673554	163	68	2	4
160	152lZdxL1OR0ZMW6KquMif	Location	Khalid	4671356	161	63	34	1
161	1wjzFQodRWrPcQ0AnYnvQ9	I Like Me Better	Lauv	4652154	162	47	29	1
162	4iLqG9SeJSnt0cSPICSjxv	Attention	Charlie Puth	4643297	165	52	6	3
163	3m660poUr1chesgkkjQM7P	Sorry Not Sorry	Demi Lovato	4619818	159	31	10	-4
164	5TVirkSwFEXF1nLJEebe2I	Beautiful	Bazzi	4615342	134	3	113	-30
165	1nfyE13arjOuO54HH0zmqj	Esperándote	Manuel Turizo	4562521	154	15	107	-11
166	2qcG0nZ6S3zZV0UrkY5nFo	Drip (feat. Migos)	Cardi B	4550641	135	4	47	-31
167	7AQim7LbvFVZJE3O8TYgf2	Fuck Love (feat. Trippie Redd)	XXXTENTACION	4510769	174	36	41	7
168	2fQrGHiQOvpL9UgPvtYy6G	Bank Account	21 Savage	4485446	164	32	23	-4
169	38zwkK6TtTjIW9tpYBfZ3D	Paradise	George Ezra	4483155	160	6	156	-9
170	3uYDO9dPLTVrgfwg7EYXSf	Lift Yourself	Kanye West	4447429	nan	1	170	new
171	69b0SDYOymaqYwm3la237H	Ye vs. the People (starring TI as the People)	Kanye West	4422052	nan	1	171	new
172	7EI6Iki24tBHAMxtb4xQN2	Anywhere	Rita Ora	4405374	172	28	39	0
173	2GGGm4MLQynB3I4E4ycIYC	Drink About	Seeb	4384916	151	2	151	-22
174	3ZhTT6yjZwpPph5MIJ53XY	Red Roses (feat. Landon Cube)	Lil Skies	4384603	169	11	133	-5
175	1yxgsra98r3qAtxqiGZPiX	BUTTERFLY EFFECT	Travis Scott	4366507	184	48	40	9
176	2rb5MvYT7ZIxbKW5hfcHx8	Mi Gente	J Balvin	4364368	176	44	1	0
177	5CtI0qwDJkDQGwXD1H1cLb	Despacito - Remix	Luis Fonsi	4350842	182	53	1	5
178	7amMgNDcObIDkIXv4xcvc2	Barking	Ramz	4343915	170	15	142	-8
179	4dVpf9jZjcORqGTLUaeYj9	Plain Jane	A$AP Ferg	4340450	175	33	37	-4
180	27oFpFktCq9JIXjJQRuv7a	GOTTI	6ix9ine	4339222	124	3	124	-56
181	5Lgqu1th1KqlG97OF2gWGe	Window Pain - Outro	J. Cole	4327915	45	2	45	-136
182	4vaxvNDaLSoD36iZX515ug	Betrayed	Lil Xan	4323651	187	4	126	5
183	68uKHxQzoY6gd7YSKJf21J	Só Quer Vrau	MC MM	4291810	nan	1	183	new
184	1m69ELEgE6k5ZWsap40ozt	Se Preparó	Ozuna	4229173	179	35	30	-5
185	1f5PNhkNgUpvDEeZfcIlO1	I Do (feat. SZA)	Cardi B	4224554	143	4	51	-42
186	5yuShbu70mtHXY0yLzCQLQ	Go Flex	Post Malone	4189503	nan	42	52	re-enter
187	1Slwb6dOYkBlWal1PGtnNg	Thinking out Loud	Ed Sheeran	4160688	194	68	58	7
188	2374M0fQpWi3dLnB54qaLX	Africa	TOTO	4137410	nan	7	164	re-enter
189	6fxVffaTuwjgEk5h9QyRjy	Photograph	Ed Sheeran	4112732	196	68	41	7
190	0KKkJNfGyhkQ5aFogxQAPU	That's What I Like	Bruno Mars	4099741	nan	67	6	re-enter
191	3TnhQSRwT3AVMdXw5JPq0x	Nena Maldicion (feat. Lenny Tavarez)	Paulo Londra	4081945	nan	1	191	new
192	4QfNOZN7vrQCQKK1ZJ3XPb	Heaven	Julia Michaels	4079067	185	12	34	-7
193	1x5sYLZiu9r5E43kMlt9f8	Symphony (feat. Zara Larsson)	Clean Bandit	4072680	197	57	11	4
194	3S0OXQeoh0w6AY8WQVckRW	I'm Yours	Jason Mraz	4071997	nan	5	175	re-enter
195	79cuOz3SPQTuFrp8WgftAu	There's Nothing Holdin' Me Back	Shawn Mendes	4056891	nan	51	5	re-enter
196	32DGGj6KlNuBr6WaqRxpxi	How Long	Charlie Puth	4054694	190	30	15	-6
197	2u7mxWSeoqTXndK5e08jMp	Nowadays (feat. Landon Cube)	Lil Skies	4040463	200	17	87	3
198	5LciLoxa1gK70yIUeoHgRx	To My Love - Tainy Remix	Bomba Estéreo	4032327	177	4	149	-21
199	5yFSF6qQA1rcLsQRnBsZgb	All Falls Down (feat. Juliander)	Alan Walker	4018319	181	27	52	-18
200	2poOAWEj1CStqTVPgIHZ8s	Try Me	The Weeknd	3981161	123	5	6	-77
