position	song_id	song_name	artist	streams	last_week_position	weeks_on_chart	peak_position	position_status
1	7dt6x5M1jzdTEt8oCbisTK	Better Now	Post Malone	31141447	1	7	1	0
2	7ef4DlsgrMEH11cDZd32M6	One Kiss (with Dua Lipa)	Calvin Harris	28504613	2	10	2	0
3	58q2HKrzhC3ozto2nDdN4z	I Like It	Cardi B	25628187	7	10	3	4
4	514rhnksEwHUh6LxXsQ4Y9	Back To You	Selena Gomez	24186683	9	4	4	5
5	6FRLCMO5TUHTexlWo8ym1W	Girls Like You (feat. Cardi B)	Maroon 5	22991407	22	2	5	17
6	0X8DcetL926BYiPJYstJTc	Lucid Dreams	Juice WRLD	22947293	12	4	6	6
7	5SxkdsY1ufZzoq9iXceLw9	no tears left to cry	Ariana Grande	22242487	8	8	2	1
8	1cTZMwcBJT0Ka3UJPXOeeN	Nice For What	Drake	21875945	4	10	1	-4
9	3qnoOm4fwZPBS116f5hpgF	All Mine	Kanye West	20184391	3	2	3	-6
10	6kPJZM97LwdG9QIsT7khp6	Solo (feat. Demi Lovato)	Clean Bandit	19937217	21	4	10	11
11	3V8UKqhEK5zBkBb6d6ub8i	Te Boté - Remix	Nio Garcia	19386348	11	9	8	0
12	55S2PQgSMYAhgoTCcGCDfw	Youngblood	5 Seconds of Summer	19124843	17	9	12	5
13	6T8cJz5lAqGer9GUHGyelE	God's Plan	Drake	18965691	nan	1	13	new
14	39N9RPD9MRb5WmoLzNzPeA	X	Nicky Jam	18307466	13	15	4	-1
15	3swc6WTsr7rl9DqQKQA55C	Psycho (feat. Ty Dolla $ign)	Post Malone	17092203	15	7	2	0
16	08bNPGLD8AhKpnnERrAc6G	FRIENDS	Marshmello	15531699	19	18	4	3
17	0b9oOr2ZgvyQu88wzixux9	This Is America	Childish Gambino	15188649	14	6	1	-3
18	63SevszngYpZOwf63o61K4	Nevermind	Dennis Lloyd	14876622	26	13	18	8
19	5IaHrVsrferBYDm0bDyABy	Taste (feat. Offset)	Tyga	14563525	40	4	19	21
20	33IOhptvC2Qoy2UhjiHXLV	Flames	David Guetta	14405289	27	12	20	7
21	4RVbK6cV0VqWdpCDcx3hiT	Reborn	KIDS SEE GHOSTS	14166009	nan	1	21	new
22	0e7ipj03S05BNilyu5bRzt	rockstar (feat. 21 Savage)	Post Malone	14123079	25	7	8	3
23	6vN77lE9LK6HP2DewaN6HZ	Yes Indeed	Lil Baby	14033298	24	4	12	1
24	0u2P5u6lvoDfwTYjAADbn4	lovely (with Khalid)	Billie Eilish	13857837	32	8	24	8
25	7ycWLEP1GsNjVvcjawXz3z	Praise The Lord (Da Shine) (feat. Skepta)	A$AP Rocky	13341403	41	3	25	16
26	45Egmo7icyopuzJN0oMEdk	Love Lies (with Normani)	Khalid	13091387	28	17	11	2
27	6SFStUDQZNaGPKWOx9ZiJB	2002	Anne-Marie	12981088	35	7	27	8
28	54oMZ3blwWwuPN4wEoG5mk	I'm Upset	Drake	12772129	31	3	28	3
29	2ARqIya5NAuvFVHSN3bL0m	The Middle	Zedd	12433737	30	16	6	1
30	6Bg7MznA9X0dIhlAsLyBYj	Ghost Town	Kanye West	11905161	6	2	6	-24
31	2r4JRwcbIeuAzWjH4YXlLs	Yikes	Kanye West	11836224	5	2	5	-26
32	21YnmkSDhUkmkkni22Svc4	In My Blood	Shawn Mendes	11768151	29	3	14	-3
33	4qKcDkK6siZ7Jp1Jb4m0aL	Look Alive (feat. Drake)	BlocBoy JB	11736895	34	18	6	1
34	2ijef6ni2amuunRoKTlgww	Sin Pijama	Becky G	11662830	42	7	34	8
35	76cy1WJvNGJTj78UqeA5zr	IDGAF	Dua Lipa	11563915	33	24	4	-2
36	4kWO6O1BUXcZmaxitpVUwp	Jackie Chan	Tiësto	11193884	52	4	36	16
37	4F1yvJfQ7gJkrcgFJQDjOr	Playinwitme (feat. Kehlani)	KYLE	11132620	37	4	28	0
38	5CLGzJsGqhCEECcpnFQA8x	These Days (feat. Jess Glynne, Macklemore & Dan Caplen)	Rudimental	11100954	38	21	9	0
39	3aUFrxO1B8EW63QchEl3wX	Feel The Love	KIDS SEE GHOSTS	10791284	nan	1	39	new
40	6JyEh4kl9DLwmSAoNDRn5b	4th Dimension	KIDS SEE GHOSTS	10673015	nan	1	40	new
41	6jA8JUuPCGYjFcgw0AoM5T	Me Niego (feat. Ozuna & Wisin)	Reik	10672415	45	17	22	4
42	5SwEgzUFDHwpWHKrbnP32Z	Youth feat. Khalid	Shawn Mendes	10532044	36	3	21	-6
43	6Hgh47WXVKtXN5zGOu0hjI	OTW	Khalid	10499163	43	8	24	0
44	1gm616Plq4ScqNi7TVkZ5N	Call Out My Name	The Weeknd	10402273	44	11	1	0
45	10Igtw8bSDyyFs7KIsKngZ	Freaky Friday (feat. Chris Brown)	Lil Dicky	10135716	39	13	7	-6
46	3ee8Jmje8o58CHK66QrVC2	SAD!	XXXTENTACION	10124468	48	13	3	2
47	6xTU6B6nFwKKTSZ9ySXS80	Remind Me to Forget	Kygo	9779528	46	13	29	-1
48	7iDa6hUg2VgEL1o1HjmfBn	Meant to Be (feat. Florida Georgia Line)	Bebe Rexha	9014903	47	39	18	-1
49	4QtiVmuA88tPQiCOHZuQ5b	1, 2, 3 (feat. Jason Derulo & De La Ghetto)	Sofia Reyes	8977046	50	17	31	1
50	1rfofaqEpACxVEHIZBJe6W	Havana (feat. Young Thug)	Camila Cabello	8964799	49	22	1	-1
51	7oHkit3F3vimtsBbnZkU0G	Fire	KIDS SEE GHOSTS	8925211	nan	1	51	new
52	7GRTrWsP3yo2Fx8umJfA1X	Freeee (Ghost Town Pt. 2)	KIDS SEE GHOSTS	8762738	nan	1	52	new
53	3H2JThgdBxezwj1wwafQS8	All Girls Are The Same	Juice WRLD	8504254	60	4	53	7
54	6U2NuJILEOEpW2tVCuqKHb	Dura - Remix	Daddy Yankee	8415565	58	7	52	4
55	6mAz8D1TmlTuef90dbNIiZ	Plug Walk	Rich The Kid	8296952	62	11	19	7
56	7qiZfU4dY1lWllzX7mPBI3	Shape of You	Ed Sheeran	8289610	54	73	1	-2
57	7uzmGiiJyRfuViKKK3lVmR	Mine	Bazzi	8210932	57	9	16	0
58	2ekn2ttSfGqwhhate0LSR0	New Rules	Dua Lipa	7952337	53	49	2	-5
59	2I3dW2dCBZAJGj5X21E53k	Kids See Ghosts	KIDS SEE GHOSTS	7882877	nan	1	59	new
60	3pWcj8hxj3fsb9TDAcMpEl	Somebody	The Chainsmokers	7833530	68	8	58	8
61	6IaieqiCVvsNvEt6Y7yOFa	Ball For Me (feat. Nicki Minaj)	Post Malone	7828333	61	7	15	0
62	6n4U3TlzUGhdSFbUUhTvLP	Walk It Talk It	Migos	7808268	59	20	22	-3
63	3GCdLUSnKSMJhs4Tj6CV3s	All The Stars (with SZA)	Kendrick Lamar	7799120	55	16	3	-8
64	0VKkyBKCXyR99navhVRqcP	La player (Bandolera)	Zion & Lennox	7797361	65	13	64	1
65	4kUZvXB3LC3an3HX6h0s17	Cudi Montage	KIDS SEE GHOSTS	7762996	nan	1	65	new
66	083Qf6hn6sFL6xiOHlZUyn	I'll Be There	Jess Glynne	7730507	75	6	66	9
67	19MBk3PbNFE36wqIqkMq9H	La Cintura	Alvaro Soler	7508665	81	5	67	14
68	0Y4hwUppbGc8aIBmiTz30A	Familiar	Liam Payne	7439980	69	8	57	1
69	5Y9fnynLlIvqtM710MHzfz	Síguelo Bailando	Ozuna	7363853	67	24	43	-2
70	7sO5G9EABYOXQKNPNiE9NR	Ric Flair Drip (& Metro Boomin)	Offset	7345806	66	33	32	-4
71	3bH4HzoZZFq8UpZmI2AMgV	New Light	John Mayer	7335952	63	4	63	-8
72	0tgVpDi06FyKpA1z0VMD4v	Perfect	Ed Sheeran	7245369	72	65	4	0
73	75ZvA4QfFiZvzhj2xkaWAh	I Fall Apart	Post Malone	7233936	74	38	10	1
74	3aW0ds4A4tSQDIp75FqWTo	FAKE LOVE	BTS	7206787	51	4	14	-23
75	0r9d60ZYPAlFHq8qnUtkXN	Madura (feat. Bad Bunny)	Cosculluela	7193808	78	9	75	3
76	7boPPE857KEqCIHNwFkDop	Audio	Sia	7189317	83	5	76	7
77	2VYb3Fb5iK5Y8HGZ8oEEkp	Violent Crimes	Kanye West	6916908	20	2	20	-57
78	6RnkFd8Fqqgk1Uni8RgqCQ	Like I Do	David Guetta	6910166	70	16	24	-8
79	1YNQscOx6OqBQjxgJVhEeW	Girls (feat. Cardi B, Bebe Rexha & Charli XCX)	Rita Ora	6896670	88	5	52	9
80	2XVilv6s9GETnw9PG4T9Mz	El Préstamo	Maluma	6894734	73	4	59	-7
81	3fpVWegR6YOS1Yk5HSMYIq	Paranoid	Post Malone	6852945	56	7	4	-25
82	0Dq49j3dELbttQVUJbtn0c	Nervous	Shawn Mendes	6751607	64	3	30	-18
83	3dG6tjetoR4GMmUGZUprLt	Wouldn't Leave	Kanye West	6632019	16	2	16	-67
84	2j2fIJGh4PMdXt9ULI5Tlc	Dura	Daddy Yankee	6610684	71	21	9	-13
85	1Nj2oBISdFDSF8eDuXcALz	Start Again (feat. Logic)	OneRepublic	6577831	105	4	85	20
86	32lItqlMi4LBhb4k0BaSaC	Candy Paint	Post Malone	6519918	77	7	24	-9
87	7Izh7zLJGw1Nscd62Exxj4	Believer	Imagine Dragons	6519303	84	16	68	-3
88	1zsG4eaZmkA1dvjDDsAGLK	Échame La Culpa	Luis Fonsi	6445326	79	30	7	-9
89	5VuxWXbt7XENQCtE9TzpTv	Spoil My Night (feat. Swae Lee)	Post Malone	6402762	76	7	9	-13
90	2alIsNw1mqEShbWyO1HXZZ	Por Perro	Sebastian Yatra	6370275	86	4	86	-4
91	1BuZAIO8WZpavWVbbq3Lci	Powerglide (feat. Juicy J) - From SR3MM	Rae Sremmurd	6226249	85	6	53	-6
92	26gceVsA1ybT8qsX3aYLEn	Thunder	Imagine Dragons	6154204	90	16	46	-2
93	7DrluKkTviBwCc8AV3VGmf	Clandestino	Shakira	6077514	nan	1	93	new
94	5PTG6rrL6EPFD9E2QMI2pl	JAPAN	Famous Dex	6058091	87	10	34	-7
95	7sFYVcKSb24qg0dAkqLEFj	Mi Cama	KAROL G	6007973	153	2	95	58
96	7GX5flRQZVHRAGd6B4TmDO	XO Tour Llif3	Lil Uzi Vert	5997632	93	42	10	-3
97	2RttW7RAu5nOAfq6YFvApB	Happier	Ed Sheeran	5980823	97	55	10	0
98	0SaYeGhSXN0dDWstyNTQ56	Bella - Remix	Wolfine	5931427	92	6	81	-6
99	3soOPBuMK8YMdWnV7xpEyf	Mad Love	Sean Paul	5893624	94	15	38	-5
100	2RVrdr062uLFxXwIxwdXPH	Te Amo	Piso 21	5863155	96	12	76	-4
101	3u1S1OmAUhx5DRlLrXqyp3	Rise	Jonas Blue	5846770	200	2	101	99
102	4H7WNRErSbONkM06blBoGc	Stay	Post Malone	5813947	80	7	11	-22
103	5mqzhMuUpvnMfwNz6iepmO	Welcome to the Party (with French Montana & Lil Pump, feat. Zhavia Ward) - from Deadpool 2	Diplo	5797127	89	4	72	-14
104	1j6xOGusnyXq3l6IryKF3G	Déjala Que Vuelva (feat. Manuel Turizo)	Piso 21	5685116	95	5	73	-9
105	6752EZMgXswvRBH3N2PilO	Unica	Ozuna	5660177	140	3	105	35
106	2VdT56BGpdqNHUgOe1j5vc	Rich & Sad	Post Malone	5579299	91	7	10	-15
107	6g1NlCpW7fgqDnWbCCDrHl	Wake Me Up - Radio Edit	Avicii	5578005	104	8	13	-3
108	7EmGUiUaOSGDnUUQUDrOXC	Wolves	Selena Gomez	5520232	101	34	3	-7
109	4eWQlBRaTjPPUlzacqEeoQ	Never Be the Same	Camila Cabello	5477886	99	22	4	-10
110	1lsBTdE6MGsKeZCD6llNu7	Done for Me (feat. Kehlani)	Charlie Puth	5474865	103	5	75	-7
111	6EuE9M1viu9gkdFSafia9o	I Thought About Killing You	Kanye West	5456480	18	2	18	-93
112	3a1lNhkSLSkpJE4MSHpDu9	Congratulations	Post Malone	5443451	110	71	20	-2
113	0CZ8lquoTX2Dkg7Ak2inwA	1950	King Princess	5430108	119	13	61	6
114	6kp0inxIexxSiDJfWqq0ZL	TATI	6ix9ine	5418862	82	3	82	-32
115	6WbADFqMvR8N5u0BvtsWQE	Without You (feat. Sandro Cavazza)	Avicii	5354717	106	36	20	-9
116	7KXjTSCq5nL1LoYtL7XAwS	HUMBLE.	Kendrick Lamar	5343035	112	61	1	-4
117	1uJ7IQJdeAvmUDpIyZb0be	Berlin lebt	Capital Bra	5338012	nan	1	117	new
118	2gTYVoQCUh0QNUaFix01ld	Chun-Li	Nicki Minaj	5291226	118	9	58	0
119	1DdgqEZk4Hqfpl3drdXJun	No Mistakes	Kanye West	5288990	23	2	23	-96
120	2EzRdhuoPyNJDlep7lnNf2	Dembow	Danny Ocean	5279184	109	22	65	-11
121	7Fg342AJtNsIDdwCfX0paC	Let Me	ZAYN	5273380	108	9	28	-13
122	7m9OqQk4RVRkw9JJdeAw96	Jocelyn Flores	XXXTENTACION	5256015	120	42	15	-2
123	6VrBWh90BiwWmwKtvwWFcq	Ambiente	J Balvin	5209565	114	3	109	-9
124	6Za3190Sbw39BBC77WSS1C	Criminal	Natti Natasha	5194823	102	31	21	-22
125	1mXVgsBdtIVeCLJnSnmtdV	Too Good At Goodbyes	Sam Smith	5149475	116	32	3	-9
126	44KKhCyI0BGS6LvVyDqJtH	Esskeetit	Lil Pump	5131900	117	9	51	-9
127	6QgjcU0zLnzq5OrUoSZ3OK	Feel It Still	Portugal. The Man	5128391	115	48	18	-12
128	7vGuf3Y35N4wmASOKLUVVU	Silence	Marshmello	5091716	111	44	8	-17
129	43V1z6QToNNWNldV4FEG6r	Body	Loud Luxury	5077192	155	2	129	26
130	5uCax9HTNlzGybIStD3vDh	Say You Won't Let Go	James Arthur	5062607	123	74	7	-7
131	2BJSMvOGABRxokHKB0OI8i	Shoota (feat. Lil Uzi Vert)	Playboi Carti	5031764	107	5	86	-24
132	4DnHUy01jEA4b5ydC3HgsT	Live It Up - Official Song 2018 FIFA World Cup Russia	Nicky Jam	5024446	nan	2	132	re-enter
133	6nO3tr47nr2P7f3hXb8JIo	Champion (feat. Travis Scott)	NAV	4971136	139	4	133	6
134	7yotKA30dwTKNEGomV9ZsI	KOD	J. Cole	4927348	100	8	6	-34
135	3DoBTwfr8yi2LN08SBpFkN	Watch (feat. Lil Uzi Vert & Kanye West)	Travis Scott	4888681	98	6	27	-37
136	0JP9xo3adEtGSdUEISiszL	Moonlight	XXXTENTACION	4888336	135	13	14	-1
137	5cepAtqnEQ6yVG6088zMMu	Corazón (feat. Nego do Borel)	Maluma	4845919	126	4	98	-11
138	3Vo4wInECJQuz9BIBMOu8i	Finesse - Remix; feat. Cardi B	Bruno Mars	4781681	125	23	4	-13
139	3hBBKuWJfxlIlnd9QFoC8k	What Lovers Do (feat. SZA)	Maroon 5	4752612	136	32	5	-3
140	6WBTeFDEfAJbaSUUc1V1xQ	Lost In Japan	Shawn Mendes	4752192	128	3	69	-12
141	5Z3GHaZ6ec9bsiI5BenrbY	Young Dumb & Broke	Khalid	4744775	129	51	12	-12
142	09IOPhEh1OMe0HD9b36FJk	Over Now	Post Malone	4714398	122	7	13	-20
143	51rXHuKN8Loc4sUlKPODgH	King's Dead (with Kendrick Lamar, Future & James Blake)	Jay Rock	4672400	121	22	29	-22
144	2P91MQbaiQOfbiz9VqhqKQ	I Like Me Better	Lauv	4659389	142	2	142	-2
145	2374M0fQpWi3dLnB54qaLX	Africa	TOTO	4622455	147	13	145	2
146	7CneiDesUKFJO3Ix01dnfr	Delicate	Taylor Swift	4607668	132	4	110	-14
147	1D2L6MefbXon28PzIk9I3r	92 Explorer	Post Malone	4593285	134	7	23	-13
148	3Ga6eKrUFf12ouh9Yw3v2D	Downtown	Anitta	4588437	131	30	21	-17
149	71bBFbfn2OBK5QwUJSLS44	More Than You Know	Axwell /\ Ingrosso	4566773	160	26	53	11
150	6gBFPUFcJLzWGx4lenP6h2	goosebumps	Travis Scott	4546228	143	74	61	-7
151	3B54sVLJ402zGa6Xm4YGNe	Unforgettable	French Montana	4534878	138	49	3	-13
152	6RUKPb4LETWmmr3iAEQktW	Something Just Like This	The Chainsmokers	4528067	152	67	2	0
153	1LhMopPAallLeaeNutqbgS	Say Something	Justin Timberlake	4464156	124	19	25	-29
154	18W92Zm1KjLCbUIszOhpkD	I Wanna Know (feat. Bea Miller)	NOTD	4462952	127	9	74	-27
155	6XlSyYFTU1nodeWwwzVgTV	Sangria Wine	Pharrell Williams	4460100	137	4	51	-18
156	7rwX0O3RlxqqIjQM8evm5E	Solita	Ozuna	4453618	149	20	75	-7
157	6mrKP2jyIQmM0rw6fQryjr	Let You Down	NF	4452764	145	35	9	-12
158	7F3uo3304R2CTvOseU3H7u	Whatever It Takes	Imagine Dragons	4426650	163	16	110	5
159	7BKLCZ1jbUBVqRi2FVlTVw	Closer	The Chainsmokers	4424823	161	74	2	2
160	2Ab1wPTEqulaCGoBak1gUo	Ao Vivo E A Cores	Matheus & Kauan	4421969	171	2	160	11
161	2yBWnRKj0Zx7AF1kufajvW	Ahora	J Balvin	4415913	130	3	121	-31
162	1xznGGDReH1oQq0xzbwXa3	One Dance	Drake	4386781	151	74	12	-11
163	7COfe3P7KgfwDwIRB8LIDw	Mi Gente	J Balvin	4382876	133	3	106	-30
164	1bhUWB0zJMIKr9yVPrkEuI	Perfect Duet (Ed Sheeran & Beyoncé)	Ed Sheeran	4368428	162	28	3	-2
165	1j4kHkkpqZRBwE0A4CN4Yv	Dusk Till Dawn - Radio Edit	ZAYN	4348434	156	40	4	-9
166	2xGjteMU3E1tkEPVFBO08U	This Is Me	Keala Settle	4342057	150	24	30	-16
167	4ofvoCdXq99vpMZO4Cfp8x	Pray For Me (with Kendrick Lamar)	The Weeknd	4337349	144	19	3	-23
168	5qqabIl2vWzo9ApSC317sa	Wonderwall - Remastered	Oasis	4336999	177	34	152	9
169	5UEnHoDYpsxlfzWLZIc7LD	River (feat. Ed Sheeran)	Eminem	4300054	159	26	2	-10
170	4EAV2cKiqKP5UPZmY6dejk	Everyday	Logic	4299551	157	14	16	-13
171	2fQrGHiQOvpL9UgPvtYy6G	Bank Account	21 Savage	4293341	193	38	23	22
172	630sXRhIcfwr2e4RdNtjKN	Rewrite The Stars	Zac Efron	4268783	154	24	20	-18
173	2Yl4OmDby9iitgNWZPwxkd	Be Careful	Cardi B	4234621	141	10	27	-32
174	0dSIrRkA4PadGll16TgbnV	PICK IT UP (feat. A$AP Rocky)	Famous Dex	4230761	166	10	97	-8
175	6mORGLOz79w6VsCRLWYYuK	The Night We Met	Lord Huron	4227611	148	24	55	-27
176	1Slwb6dOYkBlWal1PGtnNg	Thinking out Loud	Ed Sheeran	4205354	176	74	58	0
177	152lZdxL1OR0ZMW6KquMif	Location	Khalid	4200398	169	69	34	-8
178	79cuOz3SPQTuFrp8WgftAu	There's Nothing Holdin' Me Back	Shawn Mendes	4189798	185	56	5	7
179	3TnhQSRwT3AVMdXw5JPq0x	Nena Maldicion (feat. Lenny Tavarez)	Paulo Londra	4174444	182	6	170	3
180	5hcisvFMidkMJlElTO9Qmw	Sensualidad	Bad Bunny	4174271	146	32	21	-34
181	31M5m42C3EGlbydf9XB5to	Duro y Suave	Leslie Grace	4167308	179	5	179	-2
182	3S0OXQeoh0w6AY8WQVckRW	I'm Yours	Jason Mraz	4162026	178	11	175	-4
183	6lOWoTqVnAWXchddtTH31W	Leave a Light On	Tom Walker	4148414	nan	10	169	re-enter
184	7AFASza1mXqntmGtbxXprO	changes	XXXTENTACION	4099142	189	13	27	5
185	5tz69p7tJuGPeMGwNTxYuV	1-800-273-8255	Logic	4094557	181	57	5	-4
186	01k24g94i1JvkFLQmVEdCd	If You're Over Me	Years & Years	4093069	188	2	186	2
187	6De0lHrwBfPfrhorm9q1Xl	Me Rehúso	Danny Ocean	4067271	175	67	20	-12
188	2UVbBKQOdFAekPTRsnkzcf	Stir Fry	Migos	4067191	170	20	16	-18
189	5cF0dROlMOK5uNZtivgu50	Attention	Charlie Puth	4058535	172	5	114	-17
190	688QpQAwqsLdBR6lr13wK1	Same Bitches (feat. G-Eazy & YG)	Post Malone	4037382	165	7	18	-25
191	6KBYefIoo7KydImq1uUQlL	Bodak Yellow	Cardi B	4027387	183	9	60	-8
192	1HagMz5nWk1HmevNCBOxF3	Answerphone (feat. Yxng Bane)	Banx & Ranx	4019924	194	8	125	2
193	3ITvHA9zhZZdBJsOsAUegF	Amorfoda	Bad Bunny	4014864	158	17	10	-35
194	6fxVffaTuwjgEk5h9QyRjy	Photograph	Ed Sheeran	4010948	199	72	41	5
195	447yWcDPg1ddgcHBLGpJC0	Better Not (feat. Wafia)	Louis The Child	4001885	nan	1	195	new
196	5CtI0qwDJkDQGwXD1H1cLb	Despacito - Remix	Luis Fonsi	3982243	186	59	1	-10
197	2OvV4NjEBRE9v8Oo7QeUCq	Jump (with Trippie Redd)	Julia Michaels	3947165	nan	1	197	new
198	3xcCix7Jv1Rp90YVmgo35D	Bella	Wolfine	3945026	173	14	28	-25
199	3m660poUr1chesgkkjQM7P	Sorry Not Sorry	Demi Lovato	3943758	192	36	10	-7
200	5lZZmityu9TAjNvSY6GLhR	Zack And Codeine	Post Malone	3942801	167	7	16	-33
