position	song_id	song_name	artist	streams	last_week_position	weeks_on_chart	peak_position	position_status
1	2XW4DbS6NddZxRPm5rMCeY	God's Plan	Drake	47148714	1	8	1	0
2	65NwOZqoXny4JxqAPlfxRF	Psycho (feat. Ty Dolla $ign)	Post Malone	33112210	2	3	2	0
3	3GCdLUSnKSMJhs4Tj6CV3s	All The Stars (with SZA)	Kendrick Lamar	26332855	3	3	3	0
4	08bNPGLD8AhKpnnERrAc6G	FRIENDS	Marshmello	25145965	4	5	4	0
5	76cy1WJvNGJTj78UqeA5zr	IDGAF	Dua Lipa	23266286	5	11	4	0
6	2ARqIya5NAuvFVHSN3bL0m	The Middle	Zedd	22125746	8	3	6	2
7	4qKcDkK6siZ7Jp1Jb4m0aL	Look Alive (feat. Drake)	BlocBoy JB	21453754	7	5	7	0
8	6tHWl8ows5JOZq9Yfaqn3M	Mine	Bazzi	21246936	6	8	3	-2
9	5CLGzJsGqhCEECcpnFQA8x	These Days (feat. Jess Glynne, Macklemore & Dan Caplen)	Rudimental	19683315	11	8	9	2
10	35ieKju5aLWFN5UgfJ27mL	SAD!	XXXTENTACION	19213351	12	2	10	2
11	45Egmo7icyopuzJN0oMEdk	Love Lies (with Normani)	Khalid	18294703	13	4	11	2
12	2U7Hu2RaNQNRi7izoJyZaX	rockstar	Post Malone	18286853	10	4	6	-2
13	4ofvoCdXq99vpMZO4Cfp8x	Pray For Me (with Kendrick Lamar)	The Weeknd	17832959	9	6	3	-4
14	2j2fIJGh4PMdXt9ULI5Tlc	Dura	Daddy Yankee	16893428	14	8	9	0
15	1rfofaqEpACxVEHIZBJe6W	Havana (feat. Young Thug)	Camila Cabello	16799655	15	9	1	0
16	4EAV2cKiqKP5UPZmY6dejk	Everyday	Logic	16130395	nan	1	16	new
17	39N9RPD9MRb5WmoLzNzPeA	X	Nicky Jam	16096242	31	2	17	14
18	4eWQlBRaTjPPUlzacqEeoQ	Never Be the Same	Camila Cabello	14852590	21	9	4	3
19	7iDa6hUg2VgEL1o1HjmfBn	Meant to Be (feat. Florida Georgia Line)	Bebe Rexha	14516942	18	26	18	-1
20	3ITvHA9zhZZdBJsOsAUegF	Amorfoda	Bad Bunny	14039500	16	4	10	-4
21	1zsG4eaZmkA1dvjDDsAGLK	Échame La Culpa	Luis Fonsi	13387464	20	17	7	-1
22	2UVbBKQOdFAekPTRsnkzcf	Stir Fry	Migos	13206891	19	7	16	-3
23	3Vo4wInECJQuz9BIBMOu8i	Finesse - Remix; feat. Cardi B	Bruno Mars	13036770	22	10	4	-1
24	5UEnHoDYpsxlfzWLZIc7LD	River (feat. Ed Sheeran)	Eminem	12728640	17	13	2	-7
25	2ekn2ttSfGqwhhate0LSR0	New Rules	Dua Lipa	12718379	24	36	2	-1
26	75ZvA4QfFiZvzhj2xkaWAh	I Fall Apart	Post Malone	12483597	23	25	10	-3
27	0tgVpDi06FyKpA1z0VMD4v	Perfect	Ed Sheeran	11982557	27	52	4	0
28	2IKZkwHI5zsZf70STuhvOX	Sick Boy	The Chainsmokers	11942216	25	4	15	-3
29	7EmGUiUaOSGDnUUQUDrOXC	Wolves	Selena Gomez	11767436	26	21	3	-3
30	3e7Y6sfFlIdBMJhX7wpqVO	44 More	Logic	11614429	nan	1	30	new
31	5hM6sP0Gh1jD57drszNueC	For You (Fifty Shades Freed) (& Rita Ora)	Liam Payne	11585414	28	10	27	-3
32	51rXHuKN8Loc4sUlKPODgH	King's Dead (with Kendrick Lamar, Future & James Blake)	Jay Rock	11257360	29	9	29	-3
33	7qiZfU4dY1lWllzX7mPBI3	Shape of You	Ed Sheeran	10953328	37	60	1	4
34	4QfNOZN7vrQCQKK1ZJ3XPb	Heaven	Julia Michaels	10924971	38	5	34	4
35	6jA8JUuPCGYjFcgw0AoM5T	Me Niego (feat. Ozuna & Wisin)	Reik	10870577	45	4	35	10
36	1LhMopPAallLeaeNutqbgS	Say Something	Justin Timberlake	10796480	41	6	25	5
37	3xcCix7Jv1Rp90YVmgo35D	Bella	Wolfine	10694894	nan	1	37	new
38	6mrKP2jyIQmM0rw6fQryjr	Let You Down	NF	10680969	32	22	9	-6
39	3towKHKVOXCCcL1fHv6xFO	Capital Letters	Hailee Steinfeld	10600700	35	8	34	-4
40	7sO5G9EABYOXQKNPNiE9NR	Ric Flair Drip (& Metro Boomin)	Offset	10536875	40	20	32	0
41	33bnxcjePIkcmNjEFTJX0l	Déjala Que Vuelva (feat. Manuel Turizo)	Piso 21	10317171	39	19	33	-2
42	5k38wzpLb15YgncyWdTZE4	Him & I (with Halsey)	G-Eazy	10192009	30	13	7	-12
43	5AEtlRudpgdT5FtNiuly6Y	Let Me Go (with Alesso, Florida Georgia Line & watt)	Hailee Steinfeld	9891879	33	26	16	-10
44	4lESS6vuruP6a79KWRaQou	Corazón	Maluma	9804517	42	19	17	-2
45	7u90MSvVyEjL0c8icaE7jl	Contra	Logic	9642641	nan	1	45	new
46	6QgjcU0zLnzq5OrUoSZ3OK	Feel It Still	Portugal. The Man	9465512	46	35	18	0
47	3Ga6eKrUFf12ouh9Yw3v2D	Downtown	Anitta	9447987	43	17	21	-4
48	6Za3190Sbw39BBC77WSS1C	Criminal	Natti Natasha	9066430	44	18	21	-4
49	6RnkFd8Fqqgk1Uni8RgqCQ	Like I Do	David Guetta	8887573	76	3	49	27
50	2xmrfQpmS2iJExTlklLoAL	I Miss You (feat. Julia Michaels)	Clean Bandit	8677420	47	20	23	-3
51	2xGjteMU3E1tkEPVFBO08U	This Is Me	Keala Settle	8565864	48	11	30	-3
52	7vGuf3Y35N4wmASOKLUVVU	Silence	Marshmello	8367816	49	31	8	-3
53	26gceVsA1ybT8qsX3aYLEn	Thunder	Imagine Dragons	8364604	50	3	46	-3
54	5Y9fnynLlIvqtM710MHzfz	Síguelo Bailando	Ozuna	8285718	55	11	54	1
55	7GX5flRQZVHRAGd6B4TmDO	XO Tour Llif3	Lil Uzi Vert	7970925	53	29	10	-2
56	1mXVgsBdtIVeCLJnSnmtdV	Too Good At Goodbyes	Sam Smith	7809880	52	19	3	-4
57	6tvQzeCPwOytDlBYCIOY0n	Breathe	Jax Jones	7805113	74	9	57	17
58	3s3VVLE1kB7Xk2AoJKlGmr	Overnight	Logic	7712064	nan	1	58	new
59	5hcisvFMidkMJlElTO9Qmw	Sensualidad	Bad Bunny	7632638	51	19	21	-8
60	3a1lNhkSLSkpJE4MSHpDu9	Congratulations	Post Malone	7588879	59	58	20	-1
61	2vvdTrdryjsl8DmPIMDWZU	EL BAÑO (feat. Bad Bunny)	Enrique Iglesias	7574493	57	9	38	-4
62	0jqBo5RYn008f4ZY8kPewW	Indica Badu	Logic	7396106	nan	1	62	new
63	3hBBKuWJfxlIlnd9QFoC8k	What Lovers Do (feat. SZA)	Maroon 5	7357024	54	19	5	-9
64	0gD6lWJhbXHWNVwQziSVvl	Plug Walk	Rich The Kid	7352708	145	2	64	81
65	630sXRhIcfwr2e4RdNtjKN	Rewrite The Stars	Zac Efron	7323270	58	11	20	-7
66	1GtVGc1UYin3zpMUdNSSpM	Midnight	Logic	7257929	nan	1	66	new
67	1Qg9jWGDkKAGZXj5v2OG59	Wait	Maroon 5	7246334	186	18	67	119
68	2EzRdhuoPyNJDlep7lnNf2	Dembow	Danny Ocean	7188908	65	9	65	-3
69	7KXjTSCq5nL1LoYtL7XAwS	HUMBLE.	Kendrick Lamar	7129388	61	48	1	-8
70	5Z3GHaZ6ec9bsiI5BenrbY	Young Dumb & Broke	Khalid	7034055	63	38	12	-7
71	4QtiVmuA88tPQiCOHZuQ5b	1, 2, 3 (feat. Jason Derulo & De La Ghetto)	Sofia Reyes	6936589	75	4	71	4
72	7EI6Iki24tBHAMxtb4xQN2	Anywhere	Rita Ora	6923191	67	21	39	-5
73	7Izh7zLJGw1Nscd62Exxj4	Believer	Imagine Dragons	6806572	73	3	73	0
74	6tarvNiKnEjYMj1VZhlDqR	66	Lil Yachty	6800496	nan	1	74	new
75	4zWO4gvuFtw6EJZC5FFGlr	Bum Bum Tam Tam	MC Fioti	6758643	69	13	66	-6
76	5KVciTEfXvpcFHR3RFbtJy	Wassup	Logic	6744472	nan	1	76	new
77	6NWl2m8asvH83xjuXVNsuG	Betrayed	Lil Xan	6629996	66	19	55	-11
78	0D5CXSUx8GOCHSY8KWgi9h	Yuck	Logic	6510396	nan	1	78	new
79	42CeaId2XNlxugDvyqHfDf	Candy Paint	Post Malone	6497019	68	21	17	-11
80	1bhUWB0zJMIKr9yVPrkEuI	Perfect Duet (Ed Sheeran & Beyoncé)	Ed Sheeran	6465685	78	15	3	-2
81	1j4kHkkpqZRBwE0A4CN4Yv	Dusk Till Dawn - Radio Edit	ZAYN	6449498	70	27	4	-11
82	7m9OqQk4RVRkw9JJdeAw96	Jocelyn Flores	XXXTENTACION	6344328	77	29	15	-5
83	0wbnC9AUenxp613TYaJsGK	Narcos	Migos	6327450	62	7	24	-21
84	6MNGxu8MprKGkchUchkJsy	Machika	J Balvin	6319406	72	8	63	-12
85	4fZxGiES1FKbNqJPrI4L3s	BoomTrap Protocol	Logic	6259796	nan	1	85	new
86	0OlnLZY4cmQzT6ZGttvWBM	So Far Away (feat. Jamie Scott & Romy Dya)	Martin Garrix	6189544	87	15	42	1
87	3W4JFzOQdo5J2Wgt9DFg24	Warm It Up	Logic	6176786	nan	1	87	new
88	4PANCoXZX3RaT2D6mqSdEU	changes	XXXTENTACION	6172197	56	2	56	-32
89	3soOPBuMK8YMdWnV7xpEyf	Mad Love	Sean Paul	6137172	138	2	89	49
90	5HwnezK198pJCEj1l2Adjy	She Loves Control	Camila Cabello	6109691	80	9	53	-10
91	2ycWek3FNNVHBhz2TcnOzZ	Wizard Of Oz	Logic	6090443	nan	1	91	new
92	2z4pcBLQXF2BXKFvd0BuB6	Tip Toe (feat. French Montana)	Jason Derulo	6078708	82	18	45	-10
93	3B54sVLJ402zGa6Xm4YGNe	Unforgettable	French Montana	6075331	88	36	3	-5
94	4pYZLpX23Vx8rwDpJCpPTA	New Freezer (feat. Kendrick Lamar)	Rich The Kid	6068965	93	12	93	-1
95	7rwX0O3RlxqqIjQM8evm5E	Solita	Ozuna	6051817	81	7	75	-14
96	32DGGj6KlNuBr6WaqRxpxi	How Long	Charlie Puth	6042720	85	23	15	-11
97	1m69ELEgE6k5ZWsap40ozt	Se Preparó	Ozuna	6035651	86	28	30	-11
98	5tz69p7tJuGPeMGwNTxYuV	1-800-273-8255	Logic	5919937	96	44	5	-2
99	2fQrGHiQOvpL9UgPvtYy6G	Bank Account	21 Savage	5860067	89	25	23	-10
100	2u7mxWSeoqTXndK5e08jMp	Nowadays (feat. Landon Cube)	Lil Skies	5830179	94	10	87	-6
101	1wjzFQodRWrPcQ0AnYnvQ9	I Like Me Better	Lauv	5823840	95	40	29	-6
102	1USJRpWDFhxwhCajPXBeel	You Owe Me	The Chainsmokers	5760128	79	4	70	-23
103	5WoaF1B5XIEnWfmb5NZikf	Sky Walker (feat. Travis Scott)	Miguel	5727940	90	15	69	-13
104	5uCax9HTNlzGybIStD3vDh	Say You Won't Let Go	James Arthur	5710718	97	61	7	-7
105	2DQ1ITjI0YoLFzuADN1ZBW	No Limit	G-Eazy	5667678	84	13	18	-21
106	6RUKPb4LETWmmr3iAEQktW	Something Just Like This	The Chainsmokers	5666172	99	54	2	-7
107	3ncgNpxLoBQ65ABk4djDyd	PICK IT UP (feat. A$AP Rocky)	Famous Dex	5628175	92	18	60	-15
108	6De0lHrwBfPfrhorm9q1Xl	Me Rehúso	Danny Ocean	5605063	98	54	20	-10
109	3m660poUr1chesgkkjQM7P	Sorry Not Sorry	Demi Lovato	5514864	105	24	10	-4
110	4iLqG9SeJSnt0cSPICSjxv	Attention	Charlie Puth	5509481	101	45	6	-9
111	58cvckETahSOG74RP5WE99	State Of Emergency	Logic	5479510	nan	1	111	new
112	6PGoSes0D9eUDeeAafB2As	LOVE. FEAT. ZACARI.	Kendrick Lamar	5460214	71	46	14	-41
113	2Pvr8rYuh5J8V7QglJhH6W	Want You Back	5 Seconds of Summer	5459368	91	3	51	-22
114	152lZdxL1OR0ZMW6KquMif	Location	Khalid	5341713	106	56	34	-8
115	1W6wxOOYyJyyok8fqYSZ3m	Top Off (feat. JAY Z, Future & Beyoncé)	DJ Khaled	5318359	60	2	60	-55
116	5yFSF6qQA1rcLsQRnBsZgb	All Falls Down (feat. Juliander)	Alan Walker	5316752	112	20	52	-4
117	1nfyE13arjOuO54HH0zmqj	Esperándote	Manuel Turizo	5297702	111	8	107	-6
118	0MIcPSq9n2z5H8TAfEstri	Quiero Repetir	Ozuna	5296550	102	11	86	-16
119	4LmAnpjlhWTahvRkYR8xJa	X (with 2 Chainz & Saudi)	ScHoolboy Q	5224847	83	5	28	-36
120	2rb5MvYT7ZIxbKW5hfcHx8	Mi Gente	J Balvin	5216693	108	37	1	-12
121	4dVpf9jZjcORqGTLUaeYj9	Plain Jane	A$AP Ferg	5105413	109	26	37	-12
122	43ZyHQITOjhciSUUNPVRHc	Gucci Gang	Lil Pump	5096845	107	23	6	-15
123	6gBFPUFcJLzWGx4lenP6h2	goosebumps	Travis Scott	5082630	114	61	61	-9
124	4wFjTWCunQFKtukqrNijEt	MotorSport	Migos	5082087	103	7	36	-21
125	0as7lPxkBPctZ7uVmchRNM	Miss You (with Major Lazer & Tory Lanez)	Cashmere Cat	5075106	119	7	113	-6
126	71bBFbfn2OBK5QwUJSLS44	More Than You Know	Axwell /\ Ingrosso	5039934	115	13	53	-11
127	75FDPwaULRdYDn4StFN2rT	Bartier Cardi (feat. 21 Savage)	Cardi B	5031425	100	12	22	-27
128	7F3uo3304R2CTvOseU3H7u	Whatever It Takes	Imagine Dragons	5030399	118	3	118	-10
129	2yUbCEiaolfSMluDo9RMmG	Powerglide (feat. Juicy J)	Rae Sremmurd	4952541	110	2	110	-19
130	00gpGR84M27moP7AFuqHIx	Bounce Out With That FT. YBN Nahmir	DJ A1	4913180	nan	1	130	new
131	3VClLWqNn80Llv0PJOsKgr	Báilame - Remix	Nacho	4900006	117	30	58	-14
132	1xznGGDReH1oQq0xzbwXa3	One Dance	Drake	4899358	121	61	12	-11
133	7JNh1cfm0eXjqFVOzKLyau	Mayores	Becky G	4848959	116	33	33	-17
134	0QS5rZpm5zN9wV9lJgjyUE	El Préstamo	Maluma	4778105	nan	1	134	new
135	1Slwb6dOYkBlWal1PGtnNg	Thinking out Loud	Ed Sheeran	4757918	130	61	58	-5
136	2BNkTvg1kHAAfGvqh56x5a	Getting Over You	Lauv	4733182	142	3	136	6
137	5TysCiZtv1HnSWcTcUFusI	Suena El Dembow	Joey Montana	4711288	125	26	66	-12
138	7BKLCZ1jbUBVqRi2FVlTVw	Closer	The Chainsmokers	4707992	137	61	2	-1
139	2771LMNxwf62FTAdpJMQfM	Bodak Yellow	Cardi B	4695379	123	33	21	-16
140	2OALaHcDdKkjYEpAr0Qzab	Lonely Together (feat. Rita Ora)	Avicii	4684201	120	31	19	-20
141	5TmZYdHW6HJ9gt7Aokuql5	SUTRA	Sebastian Yatra	4660697	127	20	96	-14
142	1yxgsra98r3qAtxqiGZPiX	BUTTERFLY EFFECT	Travis Scott	4645830	132	41	40	-10
143	0Zbbxnx4SGGHoIow4PpISP	Stargazing	Kygo	4641497	126	25	15	-17
144	3xWEI23MLJrD0dpDcDUTW6	Déjate Llevar	Juan Magán	4633524	128	11	97	-16
145	7uYgVgRSgqluZclLS7wpp4	El Farsante - Remix	Ozuna	4631816	129	6	129	-16
146	5CtI0qwDJkDQGwXD1H1cLb	Despacito - Remix	Luis Fonsi	4612732	140	46	1	-6
147	6fxVffaTuwjgEk5h9QyRjy	Photograph	Ed Sheeran	4605461	136	61	41	-11
148	7AQim7LbvFVZJE3O8TYgf2	Fuck Love (feat. Trippie Redd)	XXXTENTACION	4602275	139	29	41	-9
149	7ofxPmTNMj2GP07g1VZa0O	Que Va	Alex Sensation	4598775	124	29	54	-25
150	79cuOz3SPQTuFrp8WgftAu	There's Nothing Holdin' Me Back	Shawn Mendes	4545426	141	45	5	-9
151	6n4U3TlzUGhdSFbUUhTvLP	Walk It Talk It	Migos	4537498	122	7	30	-29
152	1x5sYLZiu9r5E43kMlt9f8	Symphony (feat. Zara Larsson)	Clean Bandit	4533416	135	50	11	-17
153	0KKkJNfGyhkQ5aFogxQAPU	That's What I Like	Bruno Mars	4498466	147	61	6	-6
154	1OilOIju6R9ia8vilNjChh	Beautiful	Bazzi	4484454	181	2	154	27
155	5yuShbu70mtHXY0yLzCQLQ	Go Flex	Post Malone	4459234	133	36	52	-22
156	7bRRHQelMfrP86QYQlCsAq	BILLY	6ix9ine	4426694	143	3	86	-13
157	0lJCqIx5BhZtf6QtYI2fbv	Vuelve	Daddy Yankee	4424222	131	23	71	-26
158	6EpRaXYhGOB3fj4V2uDkMJ	Strip That Down	Liam Payne	4423038	148	41	9	-10
159	5jyyPsIGM2yqkZN9R3TmvN	The Ways (with Swae Lee)	Khalid	4418827	104	5	38	-55
160	43ay9lQZ5rfNcOOHhRF2cM	The Greatest Show	Hugh Jackman	4405177	149	11	73	-11
161	3ZhTT6yjZwpPph5MIJ53XY	Red Roses (feat. Landon Cube)	Lil Skies	4398902	175	4	161	14
162	1KSqYYJFyfTecXFk9M0prc	Escápate Conmigo (feat. Ozuna)	Wisin	4352860	152	15	76	-10
163	7krbSH3rd8lhIZvuzTV3Bl	Naked	James Arthur	4324198	146	16	86	-17
164	0JcNysfWVWaMS7R6vzGB2k	Robarte un Beso	Carlos Vives	4308231	150	18	74	-14
165	0afhq8XCExXpqazXczTSve	Galway Girl	Ed Sheeran	4277298	159	52	2	-6
166	7vu0JkJh0ldukEYbTVcqd0	Issues	Julia Michaels	4260375	154	13	137	-12
167	3atCD3dVosUsd3KM2yzfeC	Grandpa's Space Ship	Logic	4248642	nan	1	167	new
168	7amMgNDcObIDkIXv4xcvc2	Barking	Ramz	4212498	180	8	168	12
169	0qYTZCo5Bwh1nsUFGZP3zn	Felices los 4	Maluma	4161165	158	45	17	-11
170	5mCPDVBb16L4XQwDdbRUpz	Passionfruit	Drake	4098284	164	5	147	-6
171	0Gl5s8IhMmQE5YQwM8Qx1J	Never Enough	Loren Allred	4078997	170	11	92	-1
172	3GVkPk8mqxz0itaAriG1L7	Everybody Dies In Their Nightmares	XXXTENTACION	4035477	156	21	52	-16
173	3kxfsdsCpFgN412fpnW85Y	Redbone	Childish Gambino	4032871	160	61	35	-13
174	0RoA7ObU6phWpqhlC9zH4Z	A Million Dreams	Ziv Zaifman	4028132	167	11	95	-7
175	40oKW22ZNNkEdZLJTScaQI	Roll In Peace (feat. XXXTENTACION)	Kodak Black	4025328	157	30	79	-18
176	3DXncPQOG4VBw3QHh3S817	I'm the One (feat. Justin Bieber, Quavo, Chance the Rapper & Lil Wayne)	DJ Khaled	4015421	166	42	2	-10
177	7hvxMYq9JW5W0vFwiu1Zdr	Dreamer	Axwell /\ Ingrosso	3996575	162	6	139	-15
178	3NdDpSvN911VPGivFlV5d0	"I Don’t Wanna Live Forever (Fifty Shades Darker) - From ""Fifty Shades Darker (Original Motion Picture Soundtrack)"""	ZAYN	3995806	168	61	2	-10
179	5qqabIl2vWzo9ApSC317sa	Wonderwall - Remastered	Oasis	3986737	174	24	152	-5
180	54OB85nuxYGfl7qRQXuz7c	Ahora	J Balvin	3971392	nan	1	180	new
181	5aAx2yezTd8zXrkmtKl66Z	Starboy	The Weeknd	3960400	173	61	1	-8
182	0ERbK7qVqveCaBWIiYCrl3	Bella y Sensual	Romeo Santos	3959874	144	33	106	-38
183	4DTpngLjoHj5gFxEZFeD3J	Codeine Dreaming (feat. Lil Wayne)	Kodak Black	3946690	155	16	50	-28
184	5Htb1uFQ1KrkFXlefS8oGj	Tell Me You Love Me	Demi Lovato	3944551	183	15	70	-1
185	1XRgIKC5TPwo7nWGyKqgG0	I Get the Bag (feat. Migos)	Gucci Mane	3912859	161	22	45	-24
186	6eT7xZZlB2mwyzJ2sUKG6w	White Iverson	Post Malone	3904575	165	54	100	-21
187	6lOWoTqVnAWXchddtTH31W	Leave a Light On	Tom Walker	3884479	191	4	185	4
188	0NiXXAI876aGImAd6rTj8w	Mama	Jonas Blue	3880011	163	36	12	-25
189	0VgkVdmE4gld66l8iyGjgx	Mask Off	Future	3860985	178	19	112	-11
190	7nZmah2llfvLDiUjm0kiyz	Friends (with BloodPop®)	Justin Bieber	3859873	176	30	2	-14
191	1OAh8uOEOvTDqkKFsKksCi	Wild Thoughts (feat. Rihanna & Bryson Tiller)	DJ Khaled	3836455	182	39	2	-9
192	2374M0fQpWi3dLnB54qaLX	Africa	TOTO	3833063	nan	1	192	new
193	7gbpozqwdFoqvv19BTk2hu	Sanctify	Years & Years	3825064	nan	1	193	new
194	0Qh38w01QRXK6KHIv0e3hb	What About Us	P!nk	3820087	184	22	18	-10
195	0P6AWOA4LG1XOctzaVu5tt	The Weekend - Funk Wav Remix	SZA	3808529	179	11	160	-16
196	2tPcTFiQF9MbVUyjZ3zDhA	Paramedic!	SOB X RBE	3807584	134	5	62	-62
197	5cXg9IQS34FzLVdHhp7hu7	Big Shot (with Travis Scott)	Kendrick Lamar	3796022	151	5	51	-46
198	7w9bgPAmPTtrkt2v16QWvQ	"Lose Yourself - From ""8 Mile"" Soundtrack"	Eminem	3774841	189	21	143	-9
199	7oK9VyNzrYvRFo7nQEYkWN	Mr. Brightside	The Killers	3764337	198	18	148	-1
200	0CokSRCu5hZgPxcZBaEzVE	Glorious (feat. Skylar Grey)	Macklemore	3750856	197	25	14	-3
