position	song_id	song_name	artist	streams	last_week_position	weeks_on_chart	peak_position	position_status
1	2XW4DbS6NddZxRPm5rMCeY	God's Plan	Drake	42879151	1	10	1	0
2	65NwOZqoXny4JxqAPlfxRF	Psycho (feat. Ty Dolla $ign)	Post Malone	31221103	2	5	2	0
3	3ee8Jmje8o58CHK66QrVC2	SAD!	XXXTENTACION	27215954	3	2	3	0
4	08bNPGLD8AhKpnnERrAc6G	FRIENDS	Marshmello	25664581	4	7	4	0
5	39N9RPD9MRb5WmoLzNzPeA	X	Nicky Jam	24968351	9	4	5	4
6	76cy1WJvNGJTj78UqeA5zr	IDGAF	Dua Lipa	22504143	7	13	4	1
7	79jX8RM5CgPqDKdGEKNW9K	In My Blood	Shawn Mendes	21904395	nan	1	7	new
8	2ARqIya5NAuvFVHSN3bL0m	The Middle	Zedd	21629499	8	5	6	0
9	3GCdLUSnKSMJhs4Tj6CV3s	All The Stars (with SZA)	Kendrick Lamar	21429599	5	5	3	-4
10	4qKcDkK6siZ7Jp1Jb4m0aL	Look Alive (feat. Drake)	BlocBoy JB	20937956	6	7	6	-4
11	6tHWl8ows5JOZq9Yfaqn3M	Mine	Bazzi	19932813	10	10	3	-1
12	45Egmo7icyopuzJN0oMEdk	Love Lies (with Normani)	Khalid	19875102	12	6	11	0
13	10Igtw8bSDyyFs7KIsKngZ	Freaky Friday (feat. Chris Brown)	Lil Dicky	19141920	26	2	13	13
14	5CLGzJsGqhCEECcpnFQA8x	These Days (feat. Jess Glynne, Macklemore & Dan Caplen)	Rudimental	19129919	11	10	9	-3
15	2U7Hu2RaNQNRi7izoJyZaX	rockstar	Post Malone	16924936	13	6	6	-2
16	2j2fIJGh4PMdXt9ULI5Tlc	Dura	Daddy Yankee	16130695	16	10	9	0
17	1rfofaqEpACxVEHIZBJe6W	Havana (feat. Young Thug)	Camila Cabello	15554839	15	11	1	-2
18	0JP9xo3adEtGSdUEISiszL	Moonlight	XXXTENTACION	15060726	14	2	14	-4
19	7iDa6hUg2VgEL1o1HjmfBn	Meant to Be (feat. Florida Georgia Line)	Bebe Rexha	14838238	18	28	18	-1
20	4eWQlBRaTjPPUlzacqEeoQ	Never Be the Same	Camila Cabello	13760531	19	11	4	-1
21	4ofvoCdXq99vpMZO4Cfp8x	Pray For Me (with Kendrick Lamar)	The Weeknd	13595021	17	8	3	-4
22	6jA8JUuPCGYjFcgw0AoM5T	Me Niego (feat. Ozuna & Wisin)	Reik	13488299	23	6	22	1
23	7wvYmO5QscgIDDT0eNwbYX	Lost In Japan	Shawn Mendes	13124790	nan	1	23	new
24	6RnkFd8Fqqgk1Uni8RgqCQ	Like I Do	David Guetta	12208656	35	5	24	11
25	0gD6lWJhbXHWNVwQziSVvl	Plug Walk	Rich The Kid	12140072	38	4	25	13
26	1zsG4eaZmkA1dvjDDsAGLK	Échame La Culpa	Luis Fonsi	12064446	25	19	7	-1
27	2ekn2ttSfGqwhhate0LSR0	New Rules	Dua Lipa	11919044	24	38	2	-3
28	3xcCix7Jv1Rp90YVmgo35D	Bella	Wolfine	11888754	32	3	28	4
29	3ITvHA9zhZZdBJsOsAUegF	Amorfoda	Bad Bunny	11860259	21	6	10	-8
30	2UVbBKQOdFAekPTRsnkzcf	Stir Fry	Migos	11844864	22	9	16	-8
31	4EAV2cKiqKP5UPZmY6dejk	Everyday	Logic	11406114	20	3	16	-11
32	3Vo4wInECJQuz9BIBMOu8i	Finesse - Remix; feat. Cardi B	Bruno Mars	11379614	28	12	4	-4
33	0tgVpDi06FyKpA1z0VMD4v	Perfect	Ed Sheeran	11050264	30	54	4	-3
34	7sO5G9EABYOXQKNPNiE9NR	Ric Flair Drip (& Metro Boomin)	Offset	10913741	37	22	32	3
35	1LhMopPAallLeaeNutqbgS	Say Something	Justin Timberlake	10764101	36	8	25	1
36	7qiZfU4dY1lWllzX7mPBI3	Shape of You	Ed Sheeran	10718284	40	62	1	4
37	33bnxcjePIkcmNjEFTJX0l	Déjala Que Vuelva (feat. Manuel Turizo)	Piso 21	10623861	42	21	33	5
38	5UEnHoDYpsxlfzWLZIc7LD	River (feat. Ed Sheeran)	Eminem	10565757	29	15	2	-9
39	7EmGUiUaOSGDnUUQUDrOXC	Wolves	Selena Gomez	10451091	33	23	3	-6
40	75ZvA4QfFiZvzhj2xkaWAh	I Fall Apart	Post Malone	10412673	34	27	10	-6
41	7AFASza1mXqntmGtbxXprO	changes	XXXTENTACION	10066899	27	2	27	-14
42	2JfXj2TERIkHwJpnG9f8uX	Sick Boy	The Chainsmokers	9678535	31	2	31	-11
43	5Y9fnynLlIvqtM710MHzfz	Síguelo Bailando	Ozuna	9646227	54	13	43	11
44	51rXHuKN8Loc4sUlKPODgH	King's Dead (with Kendrick Lamar, Future & James Blake)	Jay Rock	9493443	39	11	29	-5
45	3soOPBuMK8YMdWnV7xpEyf	Mad Love	Sean Paul	9473187	66	4	45	21
46	6xTU6B6nFwKKTSZ9ySXS80	Remind Me to Forget	Kygo	9468394	57	2	46	11
47	6mrKP2jyIQmM0rw6fQryjr	Let You Down	NF	9311162	45	24	9	-2
48	6tvQzeCPwOytDlBYCIOY0n	Breathe	Jax Jones	9283638	52	11	48	4
49	3Ga6eKrUFf12ouh9Yw3v2D	Downtown	Anitta	9254861	47	19	21	-2
50	6n4U3TlzUGhdSFbUUhTvLP	Walk It Talk It	Migos	9166811	85	9	30	35
51	4lESS6vuruP6a79KWRaQou	Corazón	Maluma	8745469	50	21	17	-1
52	6QgjcU0zLnzq5OrUoSZ3OK	Feel It Still	Portugal. The Man	8672146	51	37	18	-1
53	2yUbCEiaolfSMluDo9RMmG	Powerglide (feat. Juicy J)	Rae Sremmurd	8667428	69	4	53	16
54	4QfNOZN7vrQCQKK1ZJ3XPb	Heaven	Julia Michaels	8645743	44	7	34	-10
55	5hM6sP0Gh1jD57drszNueC	For You (Fifty Shades Freed) (& Rita Ora)	Liam Payne	8488441	43	12	27	-12
56	5AEtlRudpgdT5FtNiuly6Y	Let Me Go (with Alesso, Florida Georgia Line & watt)	Hailee Steinfeld	8379262	49	28	16	-7
57	6Za3190Sbw39BBC77WSS1C	Criminal	Natti Natasha	8354635	58	20	21	1
58	4QtiVmuA88tPQiCOHZuQ5b	1, 2, 3 (feat. Jason Derulo & De La Ghetto)	Sofia Reyes	8302549	65	6	58	7
59	6NFyWDv5CjfwuzoCkw47Xf	Delicate	Taylor Swift	8274902	78	5	59	19
60	3towKHKVOXCCcL1fHv6xFO	Capital Letters	Hailee Steinfeld	8210709	46	10	34	-14
61	26gceVsA1ybT8qsX3aYLEn	Thunder	Imagine Dragons	8131928	60	5	46	-1
62	7GX5flRQZVHRAGd6B4TmDO	XO Tour Llif3	Lil Uzi Vert	7836648	64	31	10	2
63	63SevszngYpZOwf63o61K4	Nevermind	Dennis Lloyd	7576939	128	2	63	65
64	1mXVgsBdtIVeCLJnSnmtdV	Too Good At Goodbyes	Sam Smith	7502456	67	21	3	3
65	5k38wzpLb15YgncyWdTZE4	Him & I (with Halsey)	G-Eazy	7449916	59	15	7	-6
66	3pIigjAWkzwAonXpJ1fmSF	Everybody Hates Me	The Chainsmokers	7447816	56	2	56	-10
67	7m9OqQk4RVRkw9JJdeAw96	Jocelyn Flores	XXXTENTACION	7390584	77	31	15	10
68	7Izh7zLJGw1Nscd62Exxj4	Believer	Imagine Dragons	7342155	76	5	68	8
69	5hcisvFMidkMJlElTO9Qmw	Sensualidad	Bad Bunny	7338949	72	21	21	3
70	2EzRdhuoPyNJDlep7lnNf2	Dembow	Danny Ocean	7321328	75	11	65	5
71	739vCwA3EpBSkk3uDsI2wB	Lemon - Drake Remix	N.E.R.D	7312899	nan	1	71	new
72	7vGuf3Y35N4wmASOKLUVVU	Silence	Marshmello	7299105	68	33	8	-4
73	2vvdTrdryjsl8DmPIMDWZU	EL BAÑO (feat. Bad Bunny)	Enrique Iglesias	7263699	73	11	38	0
74	4UKCKdYiLN6IMA5ZESUTL7	the remedy for a broken heart (why am I so in love)	XXXTENTACION	7240721	41	2	41	-33
75	3a1lNhkSLSkpJE4MSHpDu9	Congratulations	Post Malone	7239525	71	60	20	-4
76	2xmrfQpmS2iJExTlklLoAL	I Miss You (feat. Julia Michaels)	Clean Bandit	7165783	62	22	23	-14
77	3e7Y6sfFlIdBMJhX7wpqVO	44 More	Logic	6866126	53	3	30	-24
78	7KXjTSCq5nL1LoYtL7XAwS	HUMBLE.	Kendrick Lamar	6655081	80	50	1	2
79	4zWO4gvuFtw6EJZC5FFGlr	Bum Bum Tam Tam	MC Fioti	6644387	84	15	66	5
80	0QS5rZpm5zN9wV9lJgjyUE	El Préstamo	Maluma	6598374	95	3	80	15
81	6MNGxu8MprKGkchUchkJsy	Machika	J Balvin	6567807	90	10	63	9
82	5Z3GHaZ6ec9bsiI5BenrbY	Young Dumb & Broke	Khalid	6458898	82	40	12	0
83	630sXRhIcfwr2e4RdNtjKN	Rewrite The Stars	Zac Efron	6386464	83	13	20	0
84	3hBBKuWJfxlIlnd9QFoC8k	What Lovers Do (feat. SZA)	Maroon 5	6351318	79	21	5	-5
85	33IOhptvC2Qoy2UhjiHXLV	Flames	David Guetta	6310339	nan	1	85	new
86	2xGjteMU3E1tkEPVFBO08U	This Is Me	Keala Settle	6306417	81	13	30	-5
87	7rwX0O3RlxqqIjQM8evm5E	Solita	Ozuna	6053676	96	9	75	9
88	42CeaId2XNlxugDvyqHfDf	Candy Paint	Post Malone	6042200	93	23	17	5
89	3ncgNpxLoBQ65ABk4djDyd	PICK IT UP (feat. A$AP Rocky)	Famous Dex	6006262	97	20	60	8
90	0CZ8lquoTX2Dkg7Ak2inwA	1950	King Princess	5991050	152	2	90	62
91	1bhUWB0zJMIKr9yVPrkEuI	Perfect Duet (Ed Sheeran & Beyoncé)	Ed Sheeran	5974690	94	17	3	3
92	1m69ELEgE6k5ZWsap40ozt	Se Preparó	Ozuna	5969278	99	30	30	7
93	1j4kHkkpqZRBwE0A4CN4Yv	Dusk Till Dawn - Radio Edit	ZAYN	5925562	92	29	4	-1
94	7EI6Iki24tBHAMxtb4xQN2	Anywhere	Rita Ora	5919705	86	23	39	-8
95	2u7mxWSeoqTXndK5e08jMp	Nowadays (feat. Landon Cube)	Lil Skies	5890763	102	12	87	7
96	4lTiuD1DwBKo4L7wqMkD7C	JAPAN	Famous Dex	5889451	nan	1	96	new
97	3B54sVLJ402zGa6Xm4YGNe	Unforgettable	French Montana	5814582	98	38	3	1
98	0wbnC9AUenxp613TYaJsGK	Narcos	Migos	5651179	91	9	24	-7
99	5uCax9HTNlzGybIStD3vDh	Say You Won't Let Go	James Arthur	5637991	104	63	7	5
100	32DGGj6KlNuBr6WaqRxpxi	How Long	Charlie Puth	5630957	100	25	15	0
101	7CkbRn6S0itJqcqn88AtSV	going down!	XXXTENTACION	5629990	55	2	55	-46
102	6NWl2m8asvH83xjuXVNsuG	Betrayed	Lil Xan	5602841	88	21	55	-14
103	2fQrGHiQOvpL9UgPvtYy6G	Bank Account	21 Savage	5601886	103	27	23	0
104	6De0lHrwBfPfrhorm9q1Xl	Me Rehúso	Danny Ocean	5571277	110	56	20	6
105	6RUKPb4LETWmmr3iAEQktW	Something Just Like This	The Chainsmokers	5563635	108	56	2	3
106	7uYgVgRSgqluZclLS7wpp4	El Farsante - Remix	Ozuna	5562561	117	8	106	11
107	5tz69p7tJuGPeMGwNTxYuV	1-800-273-8255	Logic	5537263	101	46	5	-6
108	1wjzFQodRWrPcQ0AnYnvQ9	I Like Me Better	Lauv	5524420	106	42	29	-2
109	4qSsjDGXplb6422X2INvFW	Say Amen (Saturday Night)	Panic! At The Disco	5428071	nan	1	109	new
110	7F3uo3304R2CTvOseU3H7u	Whatever It Takes	Imagine Dragons	5415170	122	5	110	12
111	3m660poUr1chesgkkjQM7P	Sorry Not Sorry	Demi Lovato	5389945	118	26	10	7
112	01TnVDiet1DFTsyWKUKovl	NUMB	XXXTENTACION	5366056	48	2	48	-64
113	4iLqG9SeJSnt0cSPICSjxv	Attention	Charlie Puth	5357696	111	47	6	-2
114	1nfyE13arjOuO54HH0zmqj	Esperándote	Manuel Turizo	5344658	121	10	107	7
115	2z4pcBLQXF2BXKFvd0BuB6	Tip Toe (feat. French Montana)	Jason Derulo	5320762	107	20	45	-8
116	6tarvNiKnEjYMj1VZhlDqR	66	Lil Yachty	5316162	109	3	74	-7
117	5yFSF6qQA1rcLsQRnBsZgb	All Falls Down (feat. Juliander)	Alan Walker	5283122	116	22	52	-1
118	4lUnFLtn8w3W76FiYDRzmO	Wait	Maroon 5	5223093	74	3	74	-44
119	7AQim7LbvFVZJE3O8TYgf2	Fuck Love (feat. Trippie Redd)	XXXTENTACION	5200673	123	31	41	4
120	152lZdxL1OR0ZMW6KquMif	Location	Khalid	5193700	115	58	34	-5
121	0OlnLZY4cmQzT6ZGttvWBM	So Far Away (feat. Jamie Scott & Romy Dya)	Martin Garrix	5167864	105	17	42	-16
122	1xznGGDReH1oQq0xzbwXa3	One Dance	Drake	5114254	133	63	12	11
123	2DQ1ITjI0YoLFzuADN1ZBW	No Limit	G-Eazy	5108147	114	15	18	-9
124	5lZsh9Qf7CbHI9Fcc7Zcsq	Bounce Out With That	YBN Nahmir	5068948	125	7	113	1
125	14boA065HMHWvqyPPEeN4y	I don’t even speak spanish lol - feat. Rio Santana, Judah, Andrez Babii	XXXTENTACION	5030529	63	2	63	-62
126	0MIcPSq9n2z5H8TAfEstri	Quiero Repetir	Ozuna	5018233	132	13	86	6
127	79cuOz3SPQTuFrp8WgftAu	There's Nothing Holdin' Me Back	Shawn Mendes	5003748	153	47	5	26
128	2rb5MvYT7ZIxbKW5hfcHx8	Mi Gente	J Balvin	4992912	129	39	1	1
129	71bBFbfn2OBK5QwUJSLS44	More Than You Know	Axwell /\ Ingrosso	4968362	131	15	53	2
130	3VClLWqNn80Llv0PJOsKgr	Báilame - Remix	Nacho	4917512	137	32	58	7
131	2ZRo7axmMPeSVUvDbGkJah	Hope	XXXTENTACION	4888597	70	2	70	-61
132	6gBFPUFcJLzWGx4lenP6h2	goosebumps	Travis Scott	4884717	127	63	61	-5
133	3ZhTT6yjZwpPph5MIJ53XY	Red Roses (feat. Landon Cube)	Lil Skies	4863769	144	6	133	11
134	1OilOIju6R9ia8vilNjChh	Beautiful	Bazzi	4862160	143	4	134	9
135	43ZyHQITOjhciSUUNPVRHc	Gucci Gang	Lil Pump	4857978	130	25	6	-5
136	3GVkPk8mqxz0itaAriG1L7	Everybody Dies In Their Nightmares	XXXTENTACION	4852331	154	23	52	18
137	7BKLCZ1jbUBVqRi2FVlTVw	Closer	The Chainsmokers	4800659	142	63	2	5
138	3xWEI23MLJrD0dpDcDUTW6	Déjate Llevar	Juan Magán	4702265	156	13	97	18
139	7JNh1cfm0eXjqFVOzKLyau	Mayores	Becky G	4669264	146	35	33	7
140	1Slwb6dOYkBlWal1PGtnNg	Thinking out Loud	Ed Sheeran	4629045	136	63	58	-4
141	5CtI0qwDJkDQGwXD1H1cLb	Despacito - Remix	Luis Fonsi	4617075	155	48	1	14
142	4wFjTWCunQFKtukqrNijEt	MotorSport	Migos	4605310	135	9	36	-7
143	7J2gyNghNTzl4EsLhXp01Q	infinity (888) - feat. Joey Bada$$	XXXTENTACION	4580183	61	2	61	-82
144	4dVpf9jZjcORqGTLUaeYj9	Plain Jane	A$AP Ferg	4576506	138	28	37	-6
145	76S09sHj7GGMJAtOLjmVQ2	Done For Me (feat. Kehlani)	Charlie Puth	4556454	120	2	120	-25
146	2CRbiMK0W14l71SpDKqKZM	Loca Remix	KHEA	4535647	175	2	146	29
147	2RVrdr062uLFxXwIxwdXPH	Te Amo	Piso 21	4529116	nan	1	147	new
148	0LKErfBZ5FbBiLB4OcZRbL	El Clavo	Prince Royce	4485498	nan	1	148	new
149	6fxVffaTuwjgEk5h9QyRjy	Photograph	Ed Sheeran	4474056	151	63	41	2
150	1yxgsra98r3qAtxqiGZPiX	BUTTERFLY EFFECT	Travis Scott	4472470	148	43	40	-2
151	1x5sYLZiu9r5E43kMlt9f8	Symphony (feat. Zara Larsson)	Clean Bandit	4467464	160	52	11	9
152	7ofxPmTNMj2GP07g1VZa0O	Que Va	Alex Sensation	4448300	166	31	54	14
153	0KKkJNfGyhkQ5aFogxQAPU	That's What I Like	Bruno Mars	4425557	162	63	6	9
154	0VKkyBKCXyR99navhVRqcP	La player (Bandolera)	Zion & Lennox	4415748	190	2	154	36
155	75FDPwaULRdYDn4StFN2rT	Bartier Cardi (feat. 21 Savage)	Cardi B	4399188	150	14	22	-5
156	5TmZYdHW6HJ9gt7Aokuql5	SUTRA	Sebastian Yatra	4377183	163	22	96	7
157	6PGoSes0D9eUDeeAafB2As	LOVE. FEAT. ZACARI.	Kendrick Lamar	4377174	140	48	14	-17
158	54OB85nuxYGfl7qRQXuz7c	Ahora	J Balvin	4343872	169	3	158	11
159	0Zbbxnx4SGGHoIow4PpISP	Stargazing	Kygo	4302452	158	27	15	-1
160	4pYZLpX23Vx8rwDpJCpPTA	New Freezer (feat. Kendrick Lamar)	Rich The Kid	4269001	139	14	93	-21
161	5TysCiZtv1HnSWcTcUFusI	Suena El Dembow	Joey Montana	4264561	149	28	66	-12
162	38zwkK6TtTjIW9tpYBfZ3D	Paradise	George Ezra	4244694	nan	1	162	new
163	6EpRaXYhGOB3fj4V2uDkMJ	Strip That Down	Liam Payne	4231411	165	43	9	2
164	5qqabIl2vWzo9ApSC317sa	Wonderwall - Remastered	Oasis	4210451	182	26	152	18
165	2771LMNxwf62FTAdpJMQfM	Bodak Yellow	Cardi B	4203906	159	35	21	-6
166	7amMgNDcObIDkIXv4xcvc2	Barking	Ramz	4177642	181	10	166	15
167	7oK9VyNzrYvRFo7nQEYkWN	Mr. Brightside	The Killers	4175207	188	20	148	21
168	5yuShbu70mtHXY0yLzCQLQ	Go Flex	Post Malone	4169453	170	38	52	2
169	0afhq8XCExXpqazXczTSve	Galway Girl	Ed Sheeran	4155515	157	54	2	-12
170	7vu0JkJh0ldukEYbTVcqd0	Issues	Julia Michaels	4141885	167	15	137	-3
171	0JcNysfWVWaMS7R6vzGB2k	Robarte un Beso	Carlos Vives	4100207	172	20	74	1
172	2374M0fQpWi3dLnB54qaLX	Africa	TOTO	4096414	195	3	172	23
173	4LmAnpjlhWTahvRkYR8xJa	X (with 2 Chainz & Saudi)	ScHoolboy Q	4076530	147	7	28	-26
174	6lOWoTqVnAWXchddtTH31W	Leave a Light On	Tom Walker	4054888	183	6	174	9
175	7bRRHQelMfrP86QYQlCsAq	BILLY	6ix9ine	4050431	179	5	86	4
176	2BNkTvg1kHAAfGvqh56x5a	Getting Over You	Lauv	4043748	161	5	136	-15
177	5mCPDVBb16L4XQwDdbRUpz	Passionfruit	Drake	4029205	177	7	147	0
178	5WoaF1B5XIEnWfmb5NZikf	Sky Walker (feat. Travis Scott)	Miguel	4028117	145	17	69	-33
179	3DXncPQOG4VBw3QHh3S817	I'm the One (feat. Justin Bieber, Quavo, Chance the Rapper & Lil Wayne)	DJ Khaled	4021327	186	44	2	7
180	5aAx2yezTd8zXrkmtKl66Z	Starboy	The Weeknd	3982713	189	63	1	9
181	40oKW22ZNNkEdZLJTScaQI	Roll In Peace (feat. XXXTENTACION)	Kodak Black	3979282	176	32	79	-5
182	43ay9lQZ5rfNcOOHhRF2cM	The Greatest Show	Hugh Jackman	3921016	185	13	73	3
183	3S0OXQeoh0w6AY8WQVckRW	I'm Yours	Jason Mraz	3907117	nan	1	183	new
184	5ojXuKXBYq0apcNucYSDXq	Mamita	CNCO	3875043	nan	2	184	re-enter
185	4aWmUDTfIPGksMNLV2rQP2	Despacito (Featuring Daddy Yankee)	Luis Fonsi	3845361	nan	59	4	re-enter
186	7krbSH3rd8lhIZvuzTV3Bl	Naked	James Arthur	3842450	174	18	86	-12
187	7hvxMYq9JW5W0vFwiu1Zdr	Dreamer	Axwell /\ Ingrosso	3837417	180	8	139	-7
188	7u90MSvVyEjL0c8icaE7jl	Contra	Logic	3814838	119	3	45	-69
189	4DTpngLjoHj5gFxEZFeD3J	Codeine Dreaming (feat. Lil Wayne)	Kodak Black	3812692	184	18	50	-5
190	0Qh38w01QRXK6KHIv0e3hb	What About Us	P!nk	3807576	199	24	18	9
191	2CvOqDpQIMw69cCzWqr5yr	Halo	Beyoncé	3789366	nan	3	149	re-enter
192	2Pvr8rYuh5J8V7QglJhH6W	Want You Back	5 Seconds of Summer	3784645	134	5	51	-58
193	0VgkVdmE4gld66l8iyGjgx	Mask Off	Future	3762129	198	21	112	5
194	1XRgIKC5TPwo7nWGyKqgG0	I Get the Bag (feat. Migos)	Gucci Mane	3740867	194	24	45	0
195	7w9bgPAmPTtrkt2v16QWvQ	"Lose Yourself - From ""8 Mile"" Soundtrack"	Eminem	3736968	nan	22	143	re-enter
196	6eT7xZZlB2mwyzJ2sUKG6w	White Iverson	Post Malone	3716690	200	56	100	4
197	3kxfsdsCpFgN412fpnW85Y	Redbone	Childish Gambino	3711844	196	63	35	-1
198	0I20rLT2MJDhcF96AjbNYo	Stay	Zedd	3711565	nan	11	114	re-enter
199	3NdDpSvN911VPGivFlV5d0	"I Don’t Wanna Live Forever (Fifty Shades Darker) - From ""Fifty Shades Darker (Original Motion Picture Soundtrack)"""	ZAYN	3698909	191	63	2	-8
200	1OAh8uOEOvTDqkKFsKksCi	Wild Thoughts (feat. Rihanna & Bryson Tiller)	DJ Khaled	3697677	nan	40	2	re-enter
