position	song_id	song_name	artist	streams	last_week_position	weeks_on_chart	peak_position	position_status
1	4w8niZpiMy6qz1mntFA5uM	Taki Taki (with Selena Gomez, Ozuna & Cardi B)	DJ Snake	29542152	nan	1	1	new
2	4S8d14HvHb70ImctNgVzQQ	I Love It (& Lil Pump)	Kanye West	29529551	1	4	1	-1
3	2dpaYNEQHiRxtZbfNsse99	Happier	Marshmello	27018051	3	7	3	0
4	0dbTQYW3Ad1FTzIA9t90E8	Mona Lisa (feat. Kendrick Lamar)	Lil Wayne	26547867	nan	1	4	new
5	0Dn40gxVCMo5TkgS8Ik18Q	Falling Down - Bonus Track	Lil Peep	25077096	2	3	2	-3
6	5BQrp63SHCVf4bzCzJePne	Don't Cry (feat. XXXTENTACION)	Lil Wayne	21438140	nan	1	6	new
7	0d2iYfpKoM0QCKvcLCkBao	Eastside (with Halsey & Khalid)	benny blanco	21212602	5	12	4	-2
8	5N5k9nd479b1xpDZ4usjrg	Promises (with Sam Smith)	Calvin Harris	21033190	6	7	5	-2
9	0E9ZjEAyAwOXZ7wJC0PD33	In My Mind	Dynoro	20371326	7	13	6	-2
10	2G7V7zsVDxg1yRsu7Ew9RJ	In My Feelings	Drake	19471596	4	11	1	-6
11	2xLMifQCjDGFmkHkpNLD9h	SICKO MODE	Travis Scott	17980100	10	9	2	-1
12	0s3nnoMeVWz3989MkNQiRf	Lucid Dreams	Juice WRLD	17532875	9	12	5	-3
13	0CBQ0m3mufWH75LTYB3s6h	Let It Fly (feat. Travis Scott)	Lil Wayne	16925770	nan	1	13	new
14	60SdxE8apGAxMiRrpbmLY0	Lucky You (feat. Joyner Lucas)	Eminem	16622638	8	5	1	-6
15	4T3fNx3CgwDRRYgmFCbD4J	Better	Khalid	16506648	12	3	12	-3
16	3EPXxR3ImUwfayaurPi3cm	Be Alright	Dean Lewis	16164750	14	11	12	-2
17	7fa9MBXhVfQ8P8Df9OEbD8	Girls Like You (feat. Cardi B)	Maroon 5	16003125	11	16	2	-6
18	5N4erncE7kuUccm7zEmwzk	Electricity (with Dua Lipa)	Silk City	15978272	15	4	14	-3
19	3wScL5W8H40zzCKN0atfBk	Uproar	Lil Wayne	15580003	nan	1	19	new
20	3ee8Jmje8o58CHK66QrVC2	SAD!	XXXTENTACION	15274368	16	29	1	-4
21	2E124GmJRnBJuXbTb4cPUB	FEFE (feat. Nicki Minaj & Murda Beatz)	6ix9ine	14934970	13	11	2	-8
22	7ATATJztoWLcqDAcVVof0C	BEBE	6ix9ine	14606701	17	5	17	-5
23	0Y7di9ZCmB6Elad5WISaPc	Dedicate	Lil Wayne	14479665	nan	1	23	new
24	48zFZh27QU5qsrBjn4C2FA	Vaina Loca	Ozuna	14307641	18	6	18	-6
25	0JP9xo3adEtGSdUEISiszL	Moonlight	XXXTENTACION	13667690	29	29	2	4
26	3JX0dOCIAiaR8MP3ryXWuM	What About Me (feat. Sosamann)	Lil Wayne	13621668	nan	1	26	new
27	58q2HKrzhC3ozto2nDdN4z	I Like It	Cardi B	13576601	20	26	2	-7
28	4zIO3ilp5HvTeK3HJHxhMP	Natural	Imagine Dragons	13302024	21	11	20	-7
29	5cGpjfgAvidLy6znwkCxkP	Can't Be Broken	Lil Wayne	13276963	nan	1	29	new
30	5IaHrVsrferBYDm0bDyABy	Taste (feat. Offset)	Tyga	13238926	19	20	6	-11
31	7dt6x5M1jzdTEt8oCbisTK	Better Now	Post Malone	12810445	24	23	1	-7
32	5WvAo7DNuPRmk4APhdPzi8	No Brainer	DJ Khaled	11963165	22	10	2	-10
33	4OafepJy2teCjYJbvFE60J	breathin	Ariana Grande	11718125	26	7	2	-7
34	1jo3TwNGCXfNdB5uba3ZVv	Killshot	Eminem	11568401	23	2	23	-11
35	2iUXsYOEPhVqEBwsqP70rE	Youngblood	5 Seconds of Summer	11525820	31	16	8	-4
36	3QybPutx0Tjk472bBKjNWn	Mo Bamba	Sheck Wes	11472037	38	7	36	2
37	4VUwkH455At9kENOfzTqmF	Beautiful (feat. Camila Cabello)	Bazzi	11381078	37	9	30	0
38	15kQGEy89K8deJcZVFEn0N	This Feeling (feat. Kelsea Ballerini)	The Chainsmokers	11356578	57	2	38	19
39	3V8UKqhEK5zBkBb6d6ub8i	Te Boté - Remix	Nio Garcia	11281276	32	25	8	-7
40	6kPJZM97LwdG9QIsT7khp6	Solo (feat. Demi Lovato)	Clean Bandit	11235997	30	20	8	-10
41	3u1S1OmAUhx5DRlLrXqyp3	Rise	Jonas Blue	11160280	34	18	12	-7
42	0TlLq3lA83rQOYtrqBqSct	Nonstop	Drake	11021630	33	11	16	-9
43	0QIjsbm2fh1cJ45XO9eGqq	Wake Up in the Sky	Gucci Mane	10970365	27	3	26	-16
44	5OCJzvD7sykQEKHH7qAC3C	God is a woman	Ariana Grande	10834172	28	7	3	-16
45	5a8RPWgKSmcGBGcffmIrUi	Thunderclouds	Sia	10705648	35	8	34	-10
46	7m9OqQk4RVRkw9JJdeAw96	Jocelyn Flores	XXXTENTACION	10247088	44	58	7	-2
47	5IvdLxVB8gwwcgnEkXSSW2	Dark Side Of The Moon (feat. Nicki Minaj)	Lil Wayne	10235942	nan	1	47	new
48	4ofwffwvvnbSkrMSCKQDaC	Shotgun	George Ezra	10188243	41	15	35	-7
49	1BxkZE73h9BN3qwuA15TA3	Drip Too Hard	Lil Baby	10059846	59	3	49	10
50	7K7MUBCnzgBAvMVW2RTWNs	Body (feat. brando)	Loud Luxury	9919577	39	9	19	-11
51	7d6XJZjnm7iWcKwYL9z5kC	Noticed	Lil Mosey	9904865	52	5	51	1
52	7ef4DlsgrMEH11cDZd32M6	One Kiss (with Dua Lipa)	Calvin Harris	9848600	42	26	2	-10
53	5qFeMRz4TvetPmzjre9Dq7	No Es Justo	J Balvin	9791682	43	15	30	-10
54	4kWO6O1BUXcZmaxitpVUwp	Jackie Chan	Tiësto	9508743	40	20	11	-14
55	2XXMDz7SPZ4mSFN1PXfHUy	Cuando Te Besé	Becky G	9481004	49	9	49	-6
56	0Fpen1PTuEnCmOJtUU9Iud	New Patek	Lil Uzi Vert	9313313	25	3	25	-31
57	0e7ipj03S05BNilyu5bRzt	rockstar (feat. 21 Savage)	Post Malone	9212384	47	23	8	-10
58	6DCZcSspjsKoFjzjrWoCdn	God's Plan	Drake	9186897	45	11	19	-13
59	2qT1uLXPVPzGgFOx4jtEuo	no tears left to cry	Ariana Grande	9054044	48	7	16	-11
60	3rPAD722s5FFNnwjC91t7Z	Quiere Beber	Anuel AA	9052104	58	7	58	-2
61	5Xn4IyTtW6FUGIUyWjbUHG	Goodbye (feat. Nicki Minaj & Willy William)	Jason Derulo	9022418	46	6	45	-15
62	05r1GGg1Rhs0RcUg27C82a	Famous (feat. Reginae Carter)	Lil Wayne	9005862	nan	1	62	new
63	7AFASza1mXqntmGtbxXprO	changes	XXXTENTACION	8869471	56	29	9	-7
64	04MLEeAMuV9IlHEsD8vF6A	No Stylist	French Montana	8833665	36	2	36	-28
65	1rqqCSm0Qe4I9rUvWncaom	High Hopes	Panic! At The Disco	8714079	51	15	49	-14
66	2AwyHlbA6f641SEkizD5JG	Dope Niggaz (feat. Snoop Dogg)	Lil Wayne	8681211	nan	1	66	new
67	2ijef6ni2amuunRoKTlgww	Sin Pijama	Becky G	8503033	50	23	22	-17
68	2DnH4XlEkghUdE8ymdVom5	Open Letter	Lil Wayne	8298060	nan	1	68	new
69	5lK18Pt33xNudq4qYDxIm8	Shallow	Lady Gaga	8198600	nan	1	69	new
70	62o8KoI44JfN7aYxgTnPvh	Mala Mía	Maluma	8089280	60	8	56	-10
71	6jreFSOTUAViWjKyzOC4Kg	REMEDY	Alesso	7978683	53	5	53	-18
72	2BgEsaKNfHUdlh97KmvFyo	2002	Anne-Marie	7767848	64	8	28	-8
73	7ycWLEP1GsNjVvcjawXz3z	Praise The Lord (Da Shine) (feat. Skepta)	A$AP Rocky	7752249	61	19	25	-12
74	7qiZfU4dY1lWllzX7mPBI3	Shape of You	Ed Sheeran	7656712	68	89	1	-6
75	2JqnpexlO9dmvjUMCaLCLJ	Love Someone	Lukas Graham	7614552	72	3	72	-3
76	7AQim7LbvFVZJE3O8TYgf2	Fuck Love (feat. Trippie Redd)	XXXTENTACION	7530870	67	55	19	-9
77	3swc6WTsr7rl9DqQKQA55C	Psycho (feat. Ty Dolla $ign)	Post Malone	7467492	65	23	2	-12
78	2zDj4WjbNDmrRL6Z4YjjCA	Amigos Con Derechos	Reik	7288579	79	5	78	1
79	0ubdf6zWT1It2saK41SkO0	Problems	Lil Wayne	7240428	nan	1	79	new
80	0tgVpDi06FyKpA1z0VMD4v	Perfect	Ed Sheeran	7044264	74	81	4	-6
81	4keoy2fqgwGnbWlm3ZVZFa	Happy Now	Zedd	7002586	55	11	27	-26
82	0pqnGHJpmpxLKifKRmU6WP	Believer	Imagine Dragons	6988382	76	11	68	-6
83	7wBJfHzpfI3032CSD7CE2m	STARGAZING	Travis Scott	6985886	62	9	3	-21
84	6xtcFXSo8H9BZN637BMVKS	Let You Love Me	Rita Ora	6931796	106	2	84	22
85	4hQ6UGyWQIGJmHSo0J88JW	Back To You - From 13 Reasons Why – Season 2 Soundtrack	Selena Gomez	6915859	73	13	19	-12
86	7DrluKkTviBwCc8AV3VGmf	Clandestino	Shakira	6895802	71	17	39	-15
87	0u2P5u6lvoDfwTYjAADbn4	lovely (with Khalid)	Billie Eilish	6863016	78	24	24	-9
88	6vN77lE9LK6HP2DewaN6HZ	Yes Indeed	Lil Baby	6860958	70	20	12	-18
89	5s6pKnF3ZPtuqvEx1i1V7U	Hittas	Lil Wayne	6844426	nan	1	89	new
90	3DGar7krWlmrXRFHBcQF6z	Whenever (feat. Conor Maynard)	Kris Kross Amsterdam	6814295	63	10	47	-27
91	2jt2WxXMCD4zjACthkJQVE	The Ringer	Eminem	6679956	54	5	3	-37
92	1rfofaqEpACxVEHIZBJe6W	Havana (feat. Young Thug)	Camila Cabello	6676087	84	38	1	-8
93	6rbhaJsE4uLzpPf8WYSHDK	Asesina	Brytiago	6673756	80	14	73	-13
94	7uQmJ1jgNzBpATSoWKSPFu	Ya No Tiene Novio	Sebastian Yatra	6672625	93	5	93	-1
95	76cy1WJvNGJTj78UqeA5zr	IDGAF	Dua Lipa	6629607	81	40	4	-14
96	3nc420PXjTdBV5TN0gCFkS	Ocean (feat. Khalid)	Martin Garrix	6598392	83	16	15	-13
97	08bNPGLD8AhKpnnERrAc6G	FRIENDS	Marshmello	6576471	89	34	4	-8
98	7EgI0dCaQuHFe3OTj5EpWI	Open Safe	Lil Wayne	6511628	nan	1	98	new
99	2zy9TMoZlYGuCNY4TLqG24	Don't Leave Me Alone (feat. Anne-Marie)	David Guetta	6478823	66	3	42	-33
100	0YammaEkYSeo9vQYZ1OwS6	Say My Name	David Guetta	6468284	92	3	68	-8
101	63SevszngYpZOwf63o61K4	Nevermind	Dennis Lloyd	6451139	75	29	18	-26
102	09IStsImFySgyp0pIQdqAc	The Middle	Zedd	6381549	91	18	11	-11
103	6q8Lb50EtqNeeJXXe8mMAH	Culpables	KAROL G	6344541	121	3	103	18
104	2uMTscYuCT3BZ0OCzH3MwN	If I'm Lyin, I'm Flyin	Kodak Black	6324281	nan	1	104	new
105	1Dk3CfJEtqvj7Xg2AWwfEn	Took His Time	Lil Wayne	6302597	nan	1	105	new
106	0UyljEbX9dqI1K0sqdv6B6	SLOW DANCING IN THE DARK	Joji	6293571	86	3	75	-20
107	00EPIEnX1JFjff8sC6bccd	No Me Acuerdo	Thalía	6273054	87	11	66	-20
108	1zB4vmk8tFRmM9UULNzbLB	Thunder	Imagine Dragons	6264804	95	11	81	-13
109	3CA9pLiwRIGtUBiMjbZmRw	Nice For What	Drake	6257715	77	11	22	-32
110	2ekn2ttSfGqwhhate0LSR0	New Rules	Dua Lipa	6214492	96	65	2	-14
111	2P91MQbaiQOfbiz9VqhqKQ	I Like Me Better	Lauv	6207597	97	18	86	-14
112	0kHyKhJMukHEPfeh8s7rdM	Born To Be Yours	Kygo	6169211	90	16	25	-22
113	04ZTP5KsCypmtCmQg5tH9R	I'm a Mess	Bebe Rexha	6142075	82	15	52	-31
114	4ut5G4rgB1ClpMTMfjoIuy	High On Life (feat. Bonn)	Martin Garrix	6090230	101	9	93	-13
115	25sgk305KZfyuqVBQIahim	Sweet but Psycho	Ava Max	5963849	nan	1	115	new
116	3GVkPk8mqxz0itaAriG1L7	Everybody Dies In Their Nightmares	XXXTENTACION	5941227	107	42	24	-9
117	45Egmo7icyopuzJN0oMEdk	Love Lies (with Normani)	Khalid	5929061	104	33	11	-13
118	3BUWNzPWz2mDbptZmGEXpB	Let It All Work Out	Lil Wayne	5859639	nan	1	118	new
119	7nD2JPaxIKUdxd2UWgnaGL	Toda - Remix	Alex Rose	5820786	108	11	103	-11
120	14mHfNsSHN0FbLftyjrV9g	Leave Me Alone	Flipp Dinero	5793670	109	4	109	-11
121	58QhkbaAkLFnn7JwAnAato	Fall	Eminem	5786976	69	5	14	-52
122	0XySogm94T51XF5F2jumXm	All Girls Are The Same	Juice WRLD	5762842	99	12	69	-23
123	29tc0GbW0pTSBZSCZF3NWk	Lean Wit Me	Juice WRLD	5654082	94	9	84	-29
124	7noud145AHZGg74vpWOsCa	Trip	Ella Mai	5646803	127	4	124	3
125	4qKcDkK6siZ7Jp1Jb4m0aL	Look Alive (feat. Drake)	BlocBoy JB	5588509	105	34	6	-20
126	575NJxNUVDqwJGdzBrlLbv	Lost In Japan - Remix	Shawn Mendes	5563562	nan	1	126	new
127	3ZVw1HR1QAQoKBygbhG4CE	I Love You Dwayne	Lil Wayne	5553668	nan	1	127	new
128	6y4pOReFqH2wzo4CV91cZC	Mess	Lil Wayne	5543367	nan	1	128	new
129	6eYxmK9fdL4hwLnXG2zY3s	Look At Me!	XXXTENTACION	5529408	116	20	39	-13
130	75ZvA4QfFiZvzhj2xkaWAh	I Fall Apart	Post Malone	5518527	111	54	10	-19
131	0ZNrc4kNeQYD9koZ3KvCsy	BIG BANK (feat. 2 Chainz, Big Sean, Nicki Minaj)	YG	5515973	103	9	81	-28
132	4e4fqjx0Izh4svvTef1z7e	Meant to Be (feat. Florida Georgia Line)	Bebe Rexha	5460892	115	15	59	-17
133	7GX5flRQZVHRAGd6B4TmDO	XO Tour Llif3	Lil Uzi Vert	5459069	110	58	10	-23
134	1snWlbcbgQpJfknoI30DWG	Darkside	Alan Walker	5432868	100	10	67	-34
135	1mXVgsBdtIVeCLJnSnmtdV	Too Good At Goodbyes	Sam Smith	5390771	126	48	3	-9
136	0VKkyBKCXyR99navhVRqcP	La player (Bandolera)	Zion & Lennox	5350650	112	29	56	-24
137	7lAK3oHbfEnvUQWosrMMpR	YOSEMITE	Travis Scott	5340806	98	9	24	-39
138	1Jl21sidRpEdlVBvYbssLx	Sin (feat. Jaden Smith)	Young Thug	5310991	nan	1	138	new
139	68lOQPb5tX8U2cQRuas0L2	Used 2	Lil Wayne	5306289	nan	1	139	new
140	6XBjCetHKdO5L9cwMDVffw	Hipócrita	Anuel AA	5280273	128	10	112	-12
141	2hnxrRNzF74mdDzpQZQukQ	There's No Way (feat. Julia Michaels)	Lauv	5233152	nan	1	141	new
142	6jA8JUuPCGYjFcgw0AoM5T	Me Niego (feat. Ozuna & Wisin)	Reik	5203389	118	33	22	-24
143	1kaxyXcAi5ZHF3Q94QXsHK	Demon	Lil Wayne	5191797	nan	1	143	new
144	0CBFOvHlyqy30Q5tbyNHfQ	Want To	Dua Lipa	5184050	137	3	134	-7
145	5CLGzJsGqhCEECcpnFQA8x	These Days (feat. Jess Glynne, Macklemore & Dan Caplen)	Rudimental	5147479	123	37	9	-22
146	5uCax9HTNlzGybIStD3vDh	Say You Won't Let Go	James Arthur	5140168	129	90	7	-17
147	6wqWfSOZvTK18SAczoYm1L	Start This Shit Off Right (feat. Ashanti & Mack Maine)	Lil Wayne	5133296	nan	1	147	new
148	0tp6mwUt99QnfY95T30Lqj	Blah Blah Blah	Armin van Buuren	5107003	122	7	112	-26
149	6JjPBQfI2Y8nIjnm65X6Pw	X - Remix	Nicky Jam	5103879	120	14	37	-29
150	2RttW7RAu5nOAfq6YFvApB	Happier	Ed Sheeran	5087541	134	71	10	-16
151	0OgGn1ofaj55l2PcihQQGV	Drew Barrymore	Bryce Vine	5073758	130	6	115	-21
152	5qHirGR7M9tdm6C17DlzSY	REEL IT IN	Aminé	5073287	148	3	148	-4
153	66BjcDhhwWCcQIBxHMpKXh	Flames	David Guetta	5009555	124	3	105	-29
154	55GiOwtxNajXVbpjjIzMnD	SWISH	Tyga	4988573	114	10	51	-40
155	2QZ7WLBE8h2y1Y5Fb8RYbH	In My Blood	Shawn Mendes	4965265	136	7	121	-19
156	5bJ1DrEM4hNCafcDd1oxHx	Self Care	Mac Miller	4921767	102	5	43	-54
157	3obgSF06ki98lYNLNq5vCB	Wasted (feat. Lil Uzi Vert)	Juice WRLD	4871888	125	12	80	-32
158	28FGV3ORH14MYORd7s5dlU	Not Alike (feat. Royce Da 5'9)	Eminem	4841610	88	5	12	-70
159	4UKCKdYiLN6IMA5ZESUTL7	the remedy for a broken heart (why am I so in love)	XXXTENTACION	4828793	147	21	27	-12
160	6X6SdJzxyw7GzxwP2fr9WV	All I Am	Jess Glynne	4815915	155	4	155	-5
161	7BKLCZ1jbUBVqRi2FVlTVw	Closer	The Chainsmokers	4805950	142	90	2	-19
162	4E3qImtJzRqLt8ZZyLceOE	Perfect Strangers	Lil Wayne	4789881	nan	1	162	new
163	4zRZAmBQP8vhNPf9i9opXt	8 Letters	Why Don't We	4765827	119	5	119	-44
164	33b2wX9d0kxqxhi7lcsC1A	Unica	Ozuna	4748102	135	6	70	-29
165	7uzmGiiJyRfuViKKK3lVmR	Mine	Bazzi	4740149	139	25	16	-26
166	17UUYZ290omPaJY4wKeyHh	Me Dijeron	Ozuna	4732710	141	6	111	-25
167	39N9RPD9MRb5WmoLzNzPeA	X	Nicky Jam	4726638	131	31	4	-36
168	33zcmmElV1YbRZe57biUjg	Celoso	Lele Pons	4714956	151	7	139	-17
169	0GxQ1A5L9xnMOytbP6eKBG	What Lovers Do (feat. SZA)	Maroon 5	4714688	143	16	143	-26
170	43TP6JCWXgkc2D7Xjz5hBr	RAP DEVIL	Machine Gun Kelly	4713421	85	2	85	-85
171	2SL6oP2YAEQbqsrkOzRGO4	Venom - Music From The Motion Picture	Eminem	4696669	113	5	34	-58
172	6Hgh47WXVKtXN5zGOu0hjI	OTW	Khalid	4694788	140	24	24	-32
173	3a1lNhkSLSkpJE4MSHpDu9	Congratulations	Post Malone	4666537	145	87	20	-28
174	4QtiVmuA88tPQiCOHZuQ5b	1, 2, 3 (feat. Jason Derulo & De La Ghetto)	Sofia Reyes	4627634	138	33	31	-36
175	7KXjTSCq5nL1LoYtL7XAwS	HUMBLE.	Kendrick Lamar	4617890	146	77	1	-29
176	4J4zx8xGJpuGndrVc06KaT	Diamond Heart	Alan Walker	4600915	nan	1	176	new
177	1FmdAhS8FqRoEJ4jcSfuKZ	ICONIC (ft. Jaden Smith)	Logic	4589859	nan	1	177	new
178	2ZRo7axmMPeSVUvDbGkJah	Hope	XXXTENTACION	4584008	158	18	42	-20
179	3S0OXQeoh0w6AY8WQVckRW	I'm Yours	Jason Mraz	4576194	161	27	124	-18
180	2374M0fQpWi3dLnB54qaLX	Africa	TOTO	4547653	150	29	137	-30
181	7cG6SxmQ24hQWnR8UThrk2	Dope New Gospel (feat. Nivea)	Lil Wayne	4544978	nan	1	181	new
182	5Z3GHaZ6ec9bsiI5BenrbY	Young Dumb & Broke	Khalid	4488223	156	65	12	-26
183	1gm616Plq4ScqNi7TVkZ5N	Call Out My Name	The Weeknd	4439419	154	27	1	-29
184	6G8kHiVZ1jW7vHMPVRNZU0	Don’t Matter To Me (with Michael Jackson)	Drake	4395118	144	11	13	-40
185	7vGuf3Y35N4wmASOKLUVVU	Silence	Marshmello	4393602	163	60	8	-22
186	7glCSQqV5o6NU88Cn4zPZn	Estamos Bien	Bad Bunny	4389311	169	12	88	-17
187	0r9d60ZYPAlFHq8qnUtkXN	Madura (feat. Bad Bunny)	Cosculluela	4374218	153	25	70	-34
188	1Slwb6dOYkBlWal1PGtnNg	Thinking out Loud	Ed Sheeran	4373589	162	90	58	-26
189	6RUKPb4LETWmmr3iAEQktW	Something Just Like This	The Chainsmokers	4337536	165	83	2	-24
190	2XTquzYQAdT1Hk78bOUwsv	Greatest	Eminem	4332699	117	5	7	-73
191	6fxVffaTuwjgEk5h9QyRjy	Photograph	Ed Sheeran	4286096	170	83	41	-21
192	6VDz4m1vEGHDDqQojf1mpc	Wu Tang Forever (ft. Ghostface Killah, Raekwon, RZA, Method Man, Inspectah Deck, Cappadonna, Jackpot Scotty Wotty, U-God, Masta Killa, GZA)	Logic	4285515	nan	1	192	new
193	5qqabIl2vWzo9ApSC317sa	Wonderwall - Remastered	Oasis	4284228	166	50	152	-27
194	7sO5G9EABYOXQKNPNiE9NR	Ric Flair Drip (& Metro Boomin)	Offset	4243734	160	49	32	-34
195	7oK9VyNzrYvRFo7nQEYkWN	Mr. Brightside	The Killers	4231637	187	31	148	-8
196	2alIsNw1mqEShbWyO1HXZZ	Por Perro	Sebastian Yatra	4188722	167	20	84	-29
197	3RD0PGolM0mETGHaprwgMn	Culpables	Manuel Turizo	4163382	172	6	165	-25
198	0tBbt8CrmxbjRP0pueQkyU	Wolves	Selena Gomez	4139828	184	12	151	-14
199	7IBSffWIu7P2MC7kMwy2FM	Hopeless Romantic (feat. Swae Lee)	Wiz Khalifa	4094132	149	12	87	-50
200	38QmUDpkoYlNbMKvpvAsrE	Mi Cama - Remix	KAROL G	4088030	159	10	76	-41
