artist_1	artist_2	count	song_ids
Columbine	Lujipeka	9	['7MPC1qtCR74fdc9jNdFHeH', '17y8kqTbNDd9QM3j6yln4g', '6pbCwd97Z68YM9PUpMVyHG', '0ozn4H8Oco8CczQeEXposh', '2lsJRhioew4iPjAL1uDhR9', '1op3nCu1EYmenuL7GGu8fv', '2A4sIzDJxZmHALe3iqqeFw', '3S6vNh9ZXmwkGkjkLVHiSp', '5BqqWLsKLtaBtNSCbLCBNe']
Columbine	Foda C	6	['7MPC1qtCR74fdc9jNdFHeH', '17y8kqTbNDd9QM3j6yln4g', '6pbCwd97Z68YM9PUpMVyHG', '2A4sIzDJxZmHALe3iqqeFw', '2tqgchoGFxDBuYKZUxUm8N', '3S6vNh9ZXmwkGkjkLVHiSp']
Diplo	LSD	5	['3qGDwGqdyFq3faUU4BmhdY', '4lJNen4SMTIJMahALc3DcB', '2c7GlMNmF7pbohjykutmLP', '6EMsxZwsgTOLgWNdxtCIzQ', '6Dma0t0hOe6Bd6u5YRKF3n']
Diplo	Labrinth	5	['3qGDwGqdyFq3faUU4BmhdY', '4lJNen4SMTIJMahALc3DcB', '2c7GlMNmF7pbohjykutmLP', '6EMsxZwsgTOLgWNdxtCIzQ', '6Dma0t0hOe6Bd6u5YRKF3n']
Diplo	Sia	5	['3qGDwGqdyFq3faUU4BmhdY', '4lJNen4SMTIJMahALc3DcB', '2c7GlMNmF7pbohjykutmLP', '6EMsxZwsgTOLgWNdxtCIzQ', '6Dma0t0hOe6Bd6u5YRKF3n']
LSD	Labrinth	5	['3qGDwGqdyFq3faUU4BmhdY', '4lJNen4SMTIJMahALc3DcB', '2c7GlMNmF7pbohjykutmLP', '6EMsxZwsgTOLgWNdxtCIzQ', '6Dma0t0hOe6Bd6u5YRKF3n']
LSD	Sia	5	['3qGDwGqdyFq3faUU4BmhdY', '4lJNen4SMTIJMahALc3DcB', '2c7GlMNmF7pbohjykutmLP', '6EMsxZwsgTOLgWNdxtCIzQ', '6Dma0t0hOe6Bd6u5YRKF3n']
Labrinth	Sia	5	['3qGDwGqdyFq3faUU4BmhdY', '4lJNen4SMTIJMahALc3DcB', '2c7GlMNmF7pbohjykutmLP', '6EMsxZwsgTOLgWNdxtCIzQ', '6Dma0t0hOe6Bd6u5YRKF3n']
Foda C	Lujipeka	5	['7MPC1qtCR74fdc9jNdFHeH', '17y8kqTbNDd9QM3j6yln4g', '6pbCwd97Z68YM9PUpMVyHG', '2A4sIzDJxZmHALe3iqqeFw', '3S6vNh9ZXmwkGkjkLVHiSp']
Post Malone	Swae Lee	4	['7dbka99KTWke5o9hRp0JoB', '0RiRZpuVRbi7oqRdSMwhQY', '3KkXRkHbMCARz0aVfEt68P', '4VqTRBvYg0z8C4nsl4Hupy']
Jul	Ninho	4	['4He5TSvX6WhyTeiXpdFaCZ', '4DwppHaJ76CJ0GYOFwrQoJ', '4ml7hnH3FtGeUDMhzVmnrj', '6PTvE2gQraGPgXUGmYhvwV']
Jimmy Sax	Jul	4	['3UIKfPJKE2AhLDJ7O9uOWg', '3g4peLukLzjSv1qLfqUaAh', '1n7fqc4bQcxIyxZP2IXVbg', '2pduHwu9K40i1aUyxrSpyF']
Heuss L'enfoiré	Jul	3	['2Kt4l2pz1APgItygTSoBWT', '5BfCoUcWNXcpyJfjXRIeyC', '71zBCoMz9o3fcET9SBPlOa']
Aloe Blacc	Avicii	3	['6nDKrPlXdpomGBgAlO7UdP', '2x0RZdkZcD8QRI53XT4GI5', '0n2nEtLP3OzDdi12ziIekx']
Eva	Lartiste	3	['186HAeS1KdqhztQLq85C24', '4MSFxqmkiMxq7e61jTqgqt', '5yTGflCX6VnZ7rFEg9KlZN']
Europa	Jax Jones	3	['11o2y87vqODipLK98a1v34', '3O83h4LS797N23DpweeRAa', '5naYe7rLMZcLfO1DKg48MK']
Europa	Madison Beer	3	['11o2y87vqODipLK98a1v34', '3O83h4LS797N23DpweeRAa', '5naYe7rLMZcLfO1DKg48MK']
Europa	Martin Solveig	3	['11o2y87vqODipLK98a1v34', '3O83h4LS797N23DpweeRAa', '5naYe7rLMZcLfO1DKg48MK']
Jax Jones	Madison Beer	3	['11o2y87vqODipLK98a1v34', '3O83h4LS797N23DpweeRAa', '5naYe7rLMZcLfO1DKg48MK']
Jax Jones	Martin Solveig	3	['11o2y87vqODipLK98a1v34', '3O83h4LS797N23DpweeRAa', '5naYe7rLMZcLfO1DKg48MK']
Madison Beer	Martin Solveig	3	['11o2y87vqODipLK98a1v34', '3O83h4LS797N23DpweeRAa', '5naYe7rLMZcLfO1DKg48MK']
5 Seconds of Summer	The Chainsmokers	3	['11cDEev79fPKi6uJCjUhu8', '7ql71hBakyMi0Lxiq3Mugs', '5QiNbIilmMiMBXvaAlf7lN']
Cardi B	DJ Snake	3	['4w8niZpiMy6qz1mntFA5uM', '0KoiMHhqKLoL4xM54rcWYY', '5BRUlCrkTljRTux8BUPUDp']
Cardi B	Ozuna	3	['4w8niZpiMy6qz1mntFA5uM', '0KoiMHhqKLoL4xM54rcWYY', '5BRUlCrkTljRTux8BUPUDp']
Cardi B	Selena Gomez	3	['4w8niZpiMy6qz1mntFA5uM', '0KoiMHhqKLoL4xM54rcWYY', '5BRUlCrkTljRTux8BUPUDp']
DJ Snake	Ozuna	3	['4w8niZpiMy6qz1mntFA5uM', '0KoiMHhqKLoL4xM54rcWYY', '5BRUlCrkTljRTux8BUPUDp']
DJ Snake	Selena Gomez	3	['4w8niZpiMy6qz1mntFA5uM', '0KoiMHhqKLoL4xM54rcWYY', '5BRUlCrkTljRTux8BUPUDp']
Ozuna	Selena Gomez	3	['4w8niZpiMy6qz1mntFA5uM', '0KoiMHhqKLoL4xM54rcWYY', '5BRUlCrkTljRTux8BUPUDp']
DJ Snake	J Balvin	3	['6osaMSJh9NguagEDQcZaKx', '1f38Gx6xQz6r4H1jGVNBJo', '1fBXSMOusjaj7GjzErHmUI']
DJ Snake	Tyga	3	['6osaMSJh9NguagEDQcZaKx', '1f38Gx6xQz6r4H1jGVNBJo', '1fBXSMOusjaj7GjzErHmUI']
J Balvin	Tyga	3	['6osaMSJh9NguagEDQcZaKx', '1f38Gx6xQz6r4H1jGVNBJo', '1fBXSMOusjaj7GjzErHmUI']
Dadju	Maître Gims	3	['27pB7QAZgg6GsqR92vhFCz', '7vaHVmMKvajDN4IwtNslnI', '3Saj2Z6EREWpbbXzERwYye']
Slimane	Vitaa	3	['3xbws1uOAaxeTPEviKWONY', '4yjqpsuyrbjyXHB6rC0mWo', '4iNPp0BZ4lBu7bipdWLcWk']
Jul	TK	3	['2DtY5tjRR32GXKFVRi4VzH', '5Xq0t0hUJcNbaVOhwLtusF', '1pgOcc7w6u4s6GqcyXGWLs']
Jul	Moubarak	3	['2DtY5tjRR32GXKFVRi4VzH', '0doTgOgSLISAe0zG8hRvxH', '5Xq0t0hUJcNbaVOhwLtusF']
Nekfeu	Vanessa Paradis	2	['3OmMEncU5Z8hZJVKwAMZpk', '2PYXOG6GdxF9sUIH2NfOAD']
RK	Sofiane	2	['1NEdLeqdQ8hufML9t9dHiU', '45tz0Mf66Nw7uSPdcOe1Qg']
Maître Gims	Niro	2	['0fuUNxw0BcLYBJZrm3kJzd', '4VdQCcXDuzb6Ks1yLT9FnO']
4Keus Gang	Kaaris	2	['3DzdNXt3NmnK81HrdmfBf3', '3RYP8pjRYvSnLHlZaSxTsp']
Hornet La Frappe	Landy	2	['45mzuuUWaRRLwIDifDferf', '0nYiryEA1YyZWpbIxKtStQ']
Koba LaD	Ninho	2	['4waeGjPW1ovLjhbScVibAH', '2abVYMtriZHHIDGFZFT5ij']
Ninho	SCH	2	['0ZKi6Khl1E9EoOQadSXN5m', '1SVuEeerYIwjCRsF5MGzX3']
GLK	RK	2	['6yd2cfmwQNZ1i7e4p9GSu4', '71chDzMntV8pjuOaLuDPaY']
100 Blaze	RK	2	['6koyYz96siU9T4JnoUYiWx', '44E1bXUK4i9gzQozj1zHdD']
100 Blaze	Koba LaD	2	['1kX5NXQDQbvqhxvisCv1Ok', '66kEUL4IAGwmquPa41Jka8']
Eminem	Logic	2	['0Lw6aQcBFWTQ9m4MSwwwes', '2MuMD298IpYqKF367wegUd']
Koba LaD	Niska	2	['28fP6qcMGPfYOjrx8AOWFn', '60Pwsf0DkDH2Db3cLSFFU8']
Alonzo	Jok'air	2	['7t9tqChYMV5ZYmbDbuBxYn', '6ZlJa5vJpvLBOalRVqTvek']
Dabs	Maes	2	['3InZfowMPrxoL0Z2zRGAU5', '4sd8QNsJNd9eicIN1sMqlZ']
Ed Sheeran	Khalid	2	['4evmHXcjt3bTUHD1cvny97', '70eFcWOvlMObDhURTqT4Fv']
Dadju	Landy	2	['2ekO98VdclK2zGYJYPixcv', '3ACBTqmqdAfkZy0px9RWnT']
Ninho	Niska	2	['5c2HadbVTsMKjja4gohEFI', '75bVc27bDSOAhMAL38cXpV']
Crystal Kay	Nekfeu	2	['6QqY2plTuilRRx6u0LUozY', '7v5EUVKBk6jw697PhZIzFJ']
KeBlack	Naza	2	['4cLUMQU9692pF1UUY6B0Po', '2XnjeLLa8kIgYUjNQuJ24v']
Lacrim	Mister You	2	['3y7SHFIlHA7Wa2Gf9wIjUc', '18DMavJza98hP5EmMowJol']
Chris Brown	Drake	2	['6XHVuErjQ4XNm6nDPVCxVX', '7FEwp8BavoEVE3AnxJDchc']
Maes	Niro	2	['3PlTbqRFK8xmkCzJWrF3XF', '1yGH6CheEyZKytbJiF4q8V']
Damso	Nekfeu	2	['5ZwRTJD1bTACtIuW5Iibnu', '7C7GtWZmyicqjBDbAWPsCp']
J. Cole	Travis Scott	2	['7DcvwMAiqKJQD1rrdfxSDx', '3s4mrPrEFFPF0LmAfutW0n']
J. Cole	Young Thug	2	['7DcvwMAiqKJQD1rrdfxSDx', '3s4mrPrEFFPF0LmAfutW0n']
Travis Scott	Young Thug	2	['7DcvwMAiqKJQD1rrdfxSDx', '3s4mrPrEFFPF0LmAfutW0n']
Damso	Kalash	2	['6isv2O2hymNpNZJTklSwvi', '2IlBgMGbkKDfu7qveyT9AB']
Nekfeu	S.Pri Noir	2	['6eVHz1I8JaAYUl1jTgSjRW', '0JOJx8jx0dWZk33MsvRZrB']
Gradur	Heuss L'enfoiré	2	['0kp0ovTvyYUdoexEt7AcoL', '4TnFANpjVwVKWzkxNzIyFH']
Disclosure	Khalid	2	['0rTV5WefWd1J3OwIheTzxM', '6TqXcAFInzjp0bODyvrWEq']
Nekfeu	Nemir	2	['4kqsT3yDyJr1KZ2AkM9qfD', '31ljIjVJOgopnyNposqPhm']
Brendon Urie	Taylor Swift	2	['4MsUsFfWseB9M2plGJyuIw', '4Sib57MmYGJzSvkW84jTwh']
Bon Entendeur	Isabelle Pierre	2	['4WBDVbKHiNHmFpPLuBHYdu', '0xh5kFdNkx6h7K1z7XpDqX']
Kekra	Niska	2	['5QLKMNodEYyVrTkknAeTnN', '5cBeQ8Lw3rvHHzvTzQgCbH']
Booba	Niska	2	['0udmmo0fTwWbm6VqEHAvYF', '55mCsKCo4bPuYtZvHppp8z']
Gambi	TK	2	['2DtY5tjRR32GXKFVRi4VzH', '2u70DwuUQAdV4nGJWDnQwv']
Ozzy Osbourne	Post Malone	2	['4Yq3XUNfWrAPWuB94qkC09', '7CZyCXKG6d5ALeq41sLzbw']
Ozzy Osbourne	Travis Scott	2	['4Yq3XUNfWrAPWuB94qkC09', '7CZyCXKG6d5ALeq41sLzbw']
Post Malone	Travis Scott	2	['4Yq3XUNfWrAPWuB94qkC09', '7CZyCXKG6d5ALeq41sLzbw']
Hamza	SCH	2	['3Orh7rBLR3SbekWQQs3N1L', '2JAO138j1wJjQ2mmm7aAbP']
Heuss L'enfoiré	Koba LaD	2	['17RmvdhJ5NmpiVpBEsusy6', '0VR4lX58CIL6AaOnYD99UK']
Booba	Bramsito	2	['5TlGrvOMiAltKgRw3anXKo', '7oxSh7uiB74lWGVIv2Qtlm']
Goodboys	MEDUZA	2	['1DFD5Fotzgn6yYXkYsKiGs', '7CHi4DtfK4heMlQaudCuHK']
Ninho	Rim'K	2	['0RTvfKVdkt10ATfJ8BjMEI', '6qk9lEM6UIxNbAuI0PpOLu']
Aya Nakamura	Dopebwoy	2	['4VMWKOG1q8nE4OHjqLHkZn', '5Cg1ZotHFkquHZxKAqrbXj']
Aya Nakamura	OBOY	2	['4VMWKOG1q8nE4OHjqLHkZn', '5Cg1ZotHFkquHZxKAqrbXj']
Dopebwoy	OBOY	2	['4VMWKOG1q8nE4OHjqLHkZn', '5Cg1ZotHFkquHZxKAqrbXj']
Burna Boy	Jorja Smith	2	['3IWs9dAwTqN0EFhOIcBDfs', '5pAbCxt9e3f81lOmjIXwzd']
Dosseh	Maes	2	['6atrzNHhWlXTolcIKAjSq2', '3iGHpp0lriaEVmpnQ48iXT']
ILLENIUM	Lennon Stella	2	['6wo37KVqFJhtuxPTpLCcfe', '63VyEdzMM3w4ZQ1WtARa2S']
ILLENIUM	The Chainsmokers	2	['6wo37KVqFJhtuxPTpLCcfe', '63VyEdzMM3w4ZQ1WtARa2S']
Lennon Stella	The Chainsmokers	2	['6wo37KVqFJhtuxPTpLCcfe', '63VyEdzMM3w4ZQ1WtARa2S']
Chance the Rapper	Ed Sheeran	2	['543bCW2ruMPmxUBWirQ3MR', '4wuCQX7JvAZLlrcmH4AeZF']
Chance the Rapper	PnB Rock	2	['543bCW2ruMPmxUBWirQ3MR', '4wuCQX7JvAZLlrcmH4AeZF']
Ed Sheeran	PnB Rock	2	['543bCW2ruMPmxUBWirQ3MR', '4wuCQX7JvAZLlrcmH4AeZF']
Heuss L'enfoiré	Vald	2	['1ghiKwcxcqwfSapcrHv5Bs', '1BTbYlGVDXdj7EJKarrYV9']
Camila Cabello	Shawn Mendes	2	['0TK2YIli7K1leLovkQiNik', '6v3KW9xbzN5yKLt9YKDYA2']
Fall Out Boy	Macklemore	2	['7Feaw9WAEREY0DUOSXJLOM', '40OMBMYRk5IQL6xCzGM0JA']
Fall Out Boy	Martin Garrix	2	['7Feaw9WAEREY0DUOSXJLOM', '40OMBMYRk5IQL6xCzGM0JA']
Macklemore	Martin Garrix	2	['7Feaw9WAEREY0DUOSXJLOM', '40OMBMYRk5IQL6xCzGM0JA']
Doums	Nekfeu	2	['458jymYwp103FpfZd8eDNF', '1EmA0Vy52T84bObOEOPWsB']
Heuss L'enfoiré	Naps	2	['2sbexDy78oVXPRWyLhhW6O', '6dgLDzgL0JYxFr3PjppsnS']
Billy Ray Cyrus	Lil Nas X	2	['6u7jPi22kF8CTQ3rb9DHE7', '2YpeDb67231RjR0MgVLzsG']
Barack Adama	Tayc	2	['3EF6LVr4vCyxu66HBe8pGO', '0OikdMbOZWdu29oBnVILzK']
Gips	Jul	2	['2DtY5tjRR32GXKFVRi4VzH', '5Xq0t0hUJcNbaVOhwLtusF']
Gips	Moubarak	2	['2DtY5tjRR32GXKFVRi4VzH', '5Xq0t0hUJcNbaVOhwLtusF']
Gips	TK	2	['2DtY5tjRR32GXKFVRi4VzH', '5Xq0t0hUJcNbaVOhwLtusF']
Moubarak	TK	2	['2DtY5tjRR32GXKFVRi4VzH', '5Xq0t0hUJcNbaVOhwLtusF']
DA Uzi	Ninho	2	['3eiuxHgjBs0ZHYgyapxD4d', '5I86TGCQg2yM9tZRHJebiQ']
Ant Clemons	Kanye West	2	['24bnCCysWnbNRNUT4LpHcP', '454Epa1vrCGFddHXKyC1kb']
Ed Sheeran	Justin Bieber	2	['3HVWdVOQ0ZA45FuZGSfvns', '0hVXuCcriWRGvwMV1r5Yn9']
Lefa	Vald	2	['4Bg5ufw4skMPjZl95Y7axO', '65hdAdd1skq94ecWH4vfJI']
Angèle	Roméo Elvis	2	['5Bjjf2Vj3dCaGetKlXS4be', '06O3hxudc6V0BOuoCFSy71']
Koba LaD	RK	2	['71chDzMntV8pjuOaLuDPaY', '1U0Ph0TuAU8IcmnvbZIovv']
Kpoint	Ninho	2	['2KtpMkc1TS1FMwy9FR0gCM', '2NUIWpL6IsYGkwfSN7basS']
Boulevard des Airs	Vianney	2	['1QjKfNGfDuMiVuF8x7cj0R', '6FNdxaAOler5LutmU2sVxT']
Niro	SCH	2	['4ytKJ34eSlLtFfuXh64C5c', '7qS8DAM3ot0ZnPnj3sYEXm']
Farruko	Pedro Capó	2	['5iwz1NiezX7WWjnCgY5TH4', '1aSarrHE1TK9vSmyozuo4K']
Alpha Wann	Nekfeu	2	['6j0sTlEg74brXngEeMQ5mJ', '68VamXEOBsKpNvg9rn6K9E']
Rim'K	Vald	2	['5CNs3rm8nmxaF5E378knb4', '55g4eVo9OMDMxOgt3oMjio']
Hiro	Ninho	2	['40M9DN8MY88fw2Kxx7Owne', '17NQSO5OECGGk6Pi9y7jM3']
Ninho	Vegedream	2	['7j56bK7gq6iV7zsD6lbP4J', '6F8Caj9u2wk5hmbFuKK6Pa']
Gradur	Ninho	1	['6CfGQzfXt10xyTt6QYKueh']
Lil Baby	Meek Mill	1	['0hGH0S74Eoyv6mXZcOKtdQ']
Lil Baby	Post Malone	1	['0hGH0S74Eoyv6mXZcOKtdQ']
Meek Mill	Post Malone	1	['0hGH0S74Eoyv6mXZcOKtdQ']
Erika Sirola	Robin Schulz	1	['1rCcsYnmqbMYdkG7kS9GC5']
Damso	Hamza	1	['2oT2g4vkjRaFOcUtdOf9eg']
Post Malone	Young Thug	1	['6vBdBCoOhKHiYDDOcorfNo']
Kaaris	SCH	1	['1rTqrw4djb392jhfELKSl3']
Naps	Rohff	1	['3wqrJ89mAK2DHAUOlpbyVx']
4Keus Gang	Doks	1	['3QfP9OWKwoCKO9d0iv5W6I']
Nekfeu	Ninho	1	['3ldfGgw7IoLHbaqmspX3ME']
A Touch Of Class	R3HAB	1	['02itaCXOdC54J0ISjqqFAp']
Maître Gims	SCH	1	['424TSKJiIaMkTNmG5uRi85']
RANI	Sam Feldt	1	['36orMWv2PgvnzXsd5CJ0yL']
Aymane Serhani	Dadju	1	['1lHFLVG6bKH5mA9tiDxN5M']
Aymane Serhani	Kaly	1	['1lHFLVG6bKH5mA9tiDxN5M']
Aymane Serhani	Soolking	1	['1lHFLVG6bKH5mA9tiDxN5M']
Dadju	Kaly	1	['1lHFLVG6bKH5mA9tiDxN5M']
Dadju	Soolking	1	['1lHFLVG6bKH5mA9tiDxN5M']
Kaly	Soolking	1	['1lHFLVG6bKH5mA9tiDxN5M']
Damso	Ikaz Boi	1	['7qj2pdwGVmN7E26nMVFeMq']
Roméo Elvis	Témé Tan	1	['0r87AH7GEKRCMgEfwxIIaK']
CHVRCHES	Marshmello	1	['5icOoE6VgqFKohjWWNp0Ac']
Lomepal	Orelsan	1	['1H0OfL0clmcI1odODWD2DS']
Cardi B	Lil Nas X	1	['4ak7xjvBeBOcJGWFDX9w5n']
Roméo Elvis	Zwangere Guy	1	['2Z3JFtEtjjnEz01f6yztFI']
Dosseh	Landy	1	['4ue5wBIDNJelqiHkm1aMWi']
Lefa	Lomepal	1	['00YUNap0MFncqzzuvwzUlS']
Maes	Ninho	1	['2iuNKcIOuHb9VIplN7NDoa']
Jul	Mula B	1	['04c8aMc6QRRdNJg06qmJ0z']
Kayna Samet	Lacrim	1	['5uXlnlGUadC5kuCpmh5RG6']
Kaza	Leto	1	['5CLutQv2rjVuLZBGG9XNlV']
Dadju	MHD	1	['2sjJrFhDT0oP3fyCocTVyX']
Christine and the Queens	Hamza	1	['1fTGud5T8TUecNuEFVMD3y']
Christine and the Queens	Oxmo Puccino	1	['1fTGud5T8TUecNuEFVMD3y']
Hamza	Oxmo Puccino	1	['1fTGud5T8TUecNuEFVMD3y']
Janieck	Senex	1	['7M9w4C8WenlvWfNRAulZOX']
Janieck	Younotus	1	['7M9w4C8WenlvWfNRAulZOX']
Senex	Younotus	1	['7M9w4C8WenlvWfNRAulZOX']
Niro	YL	1	['6QyYemuQu8cojCeNqNsm17']
Imanbek	SAINt JHN	1	['24Yi9hE78yPEbZ4kxyoXAI']
Charli XCX	Diplo	1	['7hzjWGFi2HKUGOXp1LiQ3V']
Charli XCX	Herve Pagez	1	['7hzjWGFi2HKUGOXp1LiQ3V']
Diplo	Herve Pagez	1	['7hzjWGFi2HKUGOXp1LiQ3V']
Anuel AA	Daddy Yankee	1	['2ksOAxtIxY8yElEWw8RhgK']
Anuel AA	J Balvin	1	['2ksOAxtIxY8yElEWw8RhgK']
Anuel AA	KAROL G	1	['2ksOAxtIxY8yElEWw8RhgK']
Anuel AA	Ozuna	1	['2ksOAxtIxY8yElEWw8RhgK']
Daddy Yankee	J Balvin	1	['2ksOAxtIxY8yElEWw8RhgK']
Daddy Yankee	KAROL G	1	['2ksOAxtIxY8yElEWw8RhgK']
Daddy Yankee	Ozuna	1	['2ksOAxtIxY8yElEWw8RhgK']
J Balvin	KAROL G	1	['2ksOAxtIxY8yElEWw8RhgK']
J Balvin	Ozuna	1	['2ksOAxtIxY8yElEWw8RhgK']
KAROL G	Ozuna	1	['2ksOAxtIxY8yElEWw8RhgK']
Eva	KeBlack	1	['2XnjeLLa8kIgYUjNQuJ24v']
Eva	Naza	1	['2XnjeLLa8kIgYUjNQuJ24v']
Bad Bunny	Drake	1	['116H0KvKr2Zl4RPuVBruDO']
Damso	Orelsan	1	['7lhuM9WUqdThw72dCBRmQW']
Ninho	Yaro	1	['03O32oEi0jJsbmcHMjCPBD']
Niska	Skaodi	1	['2ya1FzHLODOBo8F26nyp3d']
Lorenzo	Tommy Cash	1	['3OD2mvxW9oxfcSZFm7Eb4B']
Lorenzo	Vladimir Cauchemar	1	['3OD2mvxW9oxfcSZFm7Eb4B']
Tommy Cash	Vladimir Cauchemar	1	['3OD2mvxW9oxfcSZFm7Eb4B']
Heuss L'enfoiré	SCH	1	['3iHZjj0VbqCP9NtmwiTIFS']
Gavin James	Philippine	1	['1j80giaNMxcv21p4F0282W']
Ozuna	ROSALÍA	1	['7BlBVFwvbWvcwNcUarQmjk']
Angèle	Kiddy Smile	1	['406rgYRl2j0zdeHxt0klYr']
BTS	Lil Nas X	1	['6woeVu3fVMflqen1t4N6pg']
BTS	RM	1	['6woeVu3fVMflqen1t4N6pg']
Lil Nas X	RM	1	['6woeVu3fVMflqen1t4N6pg']
Gesaffelstein	The Weeknd	1	['7wFybC8jBH3zE139OpCtpG']
Larry	RK	1	['5Oh8sPyFYM4gAR3KmmDH7I']
Dj Leska	Naza	1	['0UgRJYESWGJG3yIsLZ2pH9']
Lacrim	Oxmo Puccino	1	['010sBccFjnvksNaJkW0Az4']
Bolémvn	Landy	1	['5nWGM6krCuZVsN9DodMVSE']
DA Uzi	Sadek	1	['46acP0v8r1rd3mXEOpadn4']
Dynoro	Gigi D'Agostino	1	['0E9ZjEAyAwOXZ7wJC0PD33']
Dosseh	Koba LaD	1	['30o5W6xYzxLNoj9kVDeasJ']
Billie Eilish	Justin Bieber	1	['3yNZ5r3LKfdmjoS3gkhUCT']
Sofiane	Suprême NTM	1	['42Xesu4U4nM3CCjMk5X3kM']
David Guetta	Martin Solveig	1	['0IhTEIjFaRt3B2NQYf9azQ']
Calvin Harris	Rag'n'Bone Man	1	['5itOtNx0WxtJmi1TQ3RuRd']
J Balvin	Selena Gomez	1	['1WSGTYKLEpKfNQYYW5Oymt']
J Balvin	Tainy	1	['1WSGTYKLEpKfNQYYW5Oymt']
J Balvin	benny blanco	1	['1WSGTYKLEpKfNQYYW5Oymt']
Selena Gomez	Tainy	1	['1WSGTYKLEpKfNQYYW5Oymt']
Selena Gomez	benny blanco	1	['1WSGTYKLEpKfNQYYW5Oymt']
Tainy	benny blanco	1	['1WSGTYKLEpKfNQYYW5Oymt']
Aya Nakamura	Hamza	1	['0sMcHdKAjVSNuNnPchQu4S']
Bigflo & Oli	Petit Biscuit	1	['1952SQ7t45GNIkXOXHxHCl']
Lorenzo	Orelsan	1	['2j3OKdwiMwLQUXHYJ5v1y8']
6ix9ine	Murda Beatz	1	['4QIyEq7TcTdAcxjI2AFlAK']
6ix9ine	Nicki Minaj	1	['4QIyEq7TcTdAcxjI2AFlAK']
Murda Beatz	Nicki Minaj	1	['4QIyEq7TcTdAcxjI2AFlAK']
Aya Nakamura	Dabs	1	['2W1JSyFiR8V8cnObOsfzUi']
Kery James	Orelsan	1	['6CjCgvpjrQvEwS1dOpmAqr']
Mister V	PLK	1	['2MCAs3ttHSuDm1RHL0rqTF']
Caroliina	Lartiste	1	['0WxiQqTcK3ZErx2mMWgtm6']
DTF	N.O.S	1	['6OsqTyesS9pc7pYPCFhlmv']
Leto	Ninho	1	['0G0ZyEQyc3IBcRnYCvtTwb']
Naps	Soolking	1	['7DuRUcsHXqBRVUXS8DavrH']
Cardi B	Maroon 5	1	['7fa9MBXhVfQ8P8Df9OEbD8']
PLK	Timal	1	['5PlemGdKGymY91Emm5xDbr']
Dadju	Koba LaD	1	['5DWpO5TxxPNQoppN9ub4HU']
Dadju	Ninho	1	['6nIr35G9lVYMcuedV4NY2t']
Brooks	David Guetta	1	['4Tvw0lweq9l2JPQKFbpbBQ']
Brooks	Loote	1	['4Tvw0lweq9l2JPQKFbpbBQ']
David Guetta	Loote	1	['4Tvw0lweq9l2JPQKFbpbBQ']
Bramsito	Soprano	1	['72W5zP2whL5gWb8WmxJuPm']
Hornet La Frappe	Ninho	1	['1GOIfWQmA3Tp6GlwcCd35K']
Diplo	Ellie Goulding	1	['5JEx7HbmvHQQswJCsoo9rA']
Diplo	Swae Lee	1	['5JEx7HbmvHQQswJCsoo9rA']
Ellie Goulding	Swae Lee	1	['5JEx7HbmvHQQswJCsoo9rA']
Icy Narco	RK	1	['7yUtx9kWYxOc64n7GMCeKt']
Bipolar Sunshine	The Avener	1	['0UOtMNhi7gTH2r9xnskmjc']
DA Uzi	GLK	1	['45mzuuUWaRRLwIDifDferf']
DA Uzi	Hornet La Frappe	1	['45mzuuUWaRRLwIDifDferf']
DA Uzi	Landy	1	['45mzuuUWaRRLwIDifDferf']
GLK	Hornet La Frappe	1	['45mzuuUWaRRLwIDifDferf']
GLK	Landy	1	['45mzuuUWaRRLwIDifDferf']
-M-	Roméo Elvis	1	['17avURbq8QQo7kQDU6xN6L']
Amber Van Day	HUGEL	1	['0gn93i7HJt0calph67R5Wu']
Lauv	Troye Sivan	1	['7COXchtUOMd6uIT6HvmRaI']
Elley Duhé	Zedd	1	['4keoy2fqgwGnbWlm3ZVZFa']
2zer	Mekra	1	['0lvhPCeEKK1aF6tS52bgRd']
2zer	Nekfeu	1	['0lvhPCeEKK1aF6tS52bgRd']
Mekra	Nekfeu	1	['0lvhPCeEKK1aF6tS52bgRd']
Ninho	Soprano	1	['4hdwmvZ5IhBE5QhtxTQkNv']
Niska	Shay	1	['7tWc8HZfqJSZoK7uukmw8X']
Diplo	El Alfa	1	['1G2CAJeP7rCwOZjlSJ0Zw3']
Diplo	J Balvin	1	['1G2CAJeP7rCwOZjlSJ0Zw3']
Diplo	Major Lazer	1	['1G2CAJeP7rCwOZjlSJ0Zw3']
El Alfa	J Balvin	1	['1G2CAJeP7rCwOZjlSJ0Zw3']
El Alfa	Major Lazer	1	['1G2CAJeP7rCwOZjlSJ0Zw3']
J Balvin	Major Lazer	1	['1G2CAJeP7rCwOZjlSJ0Zw3']
Lacrim	Snoop Dogg	1	['6TjFhK5XDdNEtMFfIUa3dT']
Hamza	Koba LaD	1	['2wCgClGyC7FyXLu5ZVAdey']
Alonzo	Dadju	1	['27pB7QAZgg6GsqR92vhFCz']
Alonzo	Maître Gims	1	['27pB7QAZgg6GsqR92vhFCz']
Dinos	Marie Plassard	1	['4MgvY7XVPeZzdVhwOY9tYM']
Ariana Grande	Lizzo	1	['07Oz5StQ7GRoygNLaXs2pd']
BTS	Halsey	1	['5KawlOMHjWeUjQtnuRs22c']
Gabry Ponte	LUM!X	1	['0YU17F0BlVXvmx5ytsR43w']
Dinor rdt	Mister V	1	['3qSorwKiNvpqrT2PrQOUJs']
Dika	Kalif	1	['0wlRJSWXFRAnVvW5eEG8KD']
Dika	Naps	1	['0wlRJSWXFRAnVvW5eEG8KD']
Dika	Sofiane	1	['0wlRJSWXFRAnVvW5eEG8KD']
Kalif	Naps	1	['0wlRJSWXFRAnVvW5eEG8KD']
Kalif	Sofiane	1	['0wlRJSWXFRAnVvW5eEG8KD']
Naps	Sofiane	1	['0wlRJSWXFRAnVvW5eEG8KD']
B. Swanson Quartet	Frank Sinatra	1	['4kKdvXD0ez7jp1296JmAts']
Ninho	Niro	1	['3kNdQLkHijBfHUJTZNy8vn']
Leto	Rim'K	1	['1cfiRaha1blHDtx3AzGHmm']
Jul	Soolking	1	['3yjw9FaareXd2SSUYfuGbu']
Brendon Urie	Panic! At The Disco	1	['4MsUsFfWseB9M2plGJyuIw']
Panic! At The Disco	Taylor Swift	1	['4MsUsFfWseB9M2plGJyuIw']
RK	YL	1	['1e8kL99xkNRP41H1wsGX4W']
Chilla	Jok'air	1	['3V7BEQHVDEoAA5G7kSxLgS']
Chilla	Yseult	1	['3V7BEQHVDEoAA5G7kSxLgS']
Jok'air	Yseult	1	['3V7BEQHVDEoAA5G7kSxLgS']
Gambi	Hamza	1	['1Wfe6IKCZDWqKSXNmn2tvt']
JOYCA	Squeezie	1	['43Ca15rXse9SfsEvcJ27js']
J Balvin	Willy William	1	['7COfe3P7KgfwDwIRB8LIDw']
Bad Bunny	Cardi B	1	['58q2HKrzhC3ozto2nDdN4z']
Bad Bunny	J Balvin	1	['58q2HKrzhC3ozto2nDdN4z']
Cardi B	J Balvin	1	['58q2HKrzhC3ozto2nDdN4z']
Maes	Vald	1	['5NytHkhW5TxcUhynkraLpu']
David Guetta	RAYE	1	['4YhN72dRYL2Z3MsaKyT7rS']
SCH	Vald	1	['1xxKUciQUXkH72PPilWy7K']
Damso	Vegedream	1	['0BRx5Gk5fpTqtgXMGAQ4rW']
Alkpote	Roméo Elvis	1	['0B5M0U3iWGSBx3mQqChXn3']
Maître Gims	Sting	1	['3ebaeB2BdCEgZmwKv7p2r5']
4Keus	DJ Babs	1	['5pIo87IJw1JsyLqF0ETO6q']
PLK	RK	1	['4XJ0RCVQhavXunjN3maJ8V']
Dadju	Damso	1	['1kkr3v3SFQ6dXBkxA8xoh2']
Timal	YL	1	['5TbetirWgWtwGucCekT2ew']
Caballero	Lomepal	1	['5MeERwoBZ3eiLSpELwF8lB']
Claudio Capéo	Kendji Girac	1	['0hHNjDAThUngWzegMB4YYU']
Ariana Grande	Social House	1	['0Ryd8975WihbObpp5cPW1t']
Becky Hill	Goodboys	1	['7CHi4DtfK4heMlQaudCuHK']
Becky Hill	MEDUZA	1	['7CHi4DtfK4heMlQaudCuHK']
Gradur	Naza	1	['7oIIGGeOEf14yv1wPj7Zct']
Imagine Dragons	Kygo	1	['4M3FO0ji6Lc8vwD1sgf1nc']
Kygo	Whitney Houston	1	['6oJ6le65B3SEqPwMRNXWjY']
Jon Z	Tyga	1	['1kK6DwzyXJSp58u5HYWwuD']
Jon Z	YG	1	['1kK6DwzyXJSp58u5HYWwuD']
Tyga	YG	1	['1kK6DwzyXJSp58u5HYWwuD']
Doums	Nae	1	['458jymYwp103FpfZd8eDNF']
Nae	Nekfeu	1	['458jymYwp103FpfZd8eDNF']
Diplo	Niska	1	['3JgDeryfh6Z9P0b8plZTwF']
Gradur	Niska	1	['2vMfUIiaC26nUzfmRElv50']
Jonas Blue	Rita Ora	1	['3M9Apu4OZfylLTFKvgEtKa']
Jonas Blue	Tiësto	1	['3M9Apu4OZfylLTFKvgEtKa']
Rita Ora	Tiësto	1	['3M9Apu4OZfylLTFKvgEtKa']
Marnik	SMACK	1	['3kf0ERnVuqQs62SIpj4HN8']
Afrojack	Chico Rose	1	['4ESPuOrSsRcBISzcMlzmY5']
Soprano	Vincenzo	1	['1RighqmKZNqLP9rklJ4HCz']
Doums	Framal	1	['1EmA0Vy52T84bObOEOPWsB']
Framal	Nekfeu	1	['1EmA0Vy52T84bObOEOPWsB']
Kalash	Kalash Criminel	1	['0rUq9vnPQW4fse4KT299Lv']
Freddy Gladieux	Kezah	1	['4j5Bb0saeXmiz62XIZjcHj']
Freddy Gladieux	Squeezie	1	['4j5Bb0saeXmiz62XIZjcHj']
Kezah	Squeezie	1	['4j5Bb0saeXmiz62XIZjcHj']
Alonzo	Jul	1	['6T68eZ94AV5h0Eo3kB1mRL']
Anne-Marie	Marshmello	1	['08bNPGLD8AhKpnnERrAc6G']
Dan + Shay	Justin Bieber	1	['2wrJq5XKLnmhRXHIAf9xBa']
Dosseh	Lefa	1	['3aFQVWp3NUyJMWzyjFIynX']
Calvin Harris	Jessie Reyez	1	['5N5k9nd479b1xpDZ4usjrg']
Calvin Harris	Sam Smith	1	['5N5k9nd479b1xpDZ4usjrg']
Jessie Reyez	Sam Smith	1	['5N5k9nd479b1xpDZ4usjrg']
J Balvin	Nicky Jam	1	['39N9RPD9MRb5WmoLzNzPeA']
The Chainsmokers	Winona Oak	1	['4BiiOzZCrXEzHRLYcYFiD5']
Booba	Gato	1	['3XSR4WYp4BbH8SOCshJK6i']
Lacrim	Rick Ross	1	['0QyCqD3owLVI9hK3GSBlE5']
Bradley Cooper	Lady Gaga	1	['2VxeLyX666F8uXCJ0dZF8B']
Bebe Rexha	David Guetta	1	['0YammaEkYSeo9vQYZ1OwS6']
Bebe Rexha	J Balvin	1	['0YammaEkYSeo9vQYZ1OwS6']
David Guetta	J Balvin	1	['0YammaEkYSeo9vQYZ1OwS6']
Lorenzo	Oliver Tree	1	['79KFxE3XWq2kf3eB3ALzAL']
Afro Bros	Daddy Yankee	1	['0U6bQIAh6MCGo1xjbIIx2S']
Afro Bros	David Guetta	1	['0U6bQIAh6MCGo1xjbIIx2S']
Afro Bros	Dimitri Vegas	1	['0U6bQIAh6MCGo1xjbIIx2S']
Afro Bros	Dimitri Vegas & Like Mike	1	['0U6bQIAh6MCGo1xjbIIx2S']
Afro Bros	Like Mike	1	['0U6bQIAh6MCGo1xjbIIx2S']
Afro Bros	Natti Natasha	1	['0U6bQIAh6MCGo1xjbIIx2S']
Daddy Yankee	David Guetta	1	['0U6bQIAh6MCGo1xjbIIx2S']
Daddy Yankee	Dimitri Vegas	1	['0U6bQIAh6MCGo1xjbIIx2S']
Daddy Yankee	Dimitri Vegas & Like Mike	1	['0U6bQIAh6MCGo1xjbIIx2S']
Daddy Yankee	Like Mike	1	['0U6bQIAh6MCGo1xjbIIx2S']
Daddy Yankee	Natti Natasha	1	['0U6bQIAh6MCGo1xjbIIx2S']
David Guetta	Dimitri Vegas	1	['0U6bQIAh6MCGo1xjbIIx2S']
David Guetta	Dimitri Vegas & Like Mike	1	['0U6bQIAh6MCGo1xjbIIx2S']
David Guetta	Like Mike	1	['0U6bQIAh6MCGo1xjbIIx2S']
David Guetta	Natti Natasha	1	['0U6bQIAh6MCGo1xjbIIx2S']
Dimitri Vegas	Dimitri Vegas & Like Mike	1	['0U6bQIAh6MCGo1xjbIIx2S']
Dimitri Vegas	Like Mike	1	['0U6bQIAh6MCGo1xjbIIx2S']
Dimitri Vegas	Natti Natasha	1	['0U6bQIAh6MCGo1xjbIIx2S']
Dimitri Vegas & Like Mike	Like Mike	1	['0U6bQIAh6MCGo1xjbIIx2S']
Dimitri Vegas & Like Mike	Natti Natasha	1	['0U6bQIAh6MCGo1xjbIIx2S']
Like Mike	Natti Natasha	1	['0U6bQIAh6MCGo1xjbIIx2S']
A-Deal	Gambi	1	['2DtY5tjRR32GXKFVRi4VzH']
A-Deal	Gips	1	['2DtY5tjRR32GXKFVRi4VzH']
A-Deal	Houari GP	1	['2DtY5tjRR32GXKFVRi4VzH']
A-Deal	Jul	1	['2DtY5tjRR32GXKFVRi4VzH']
A-Deal	Kamikaz	1	['2DtY5tjRR32GXKFVRi4VzH']
A-Deal	Le k	1	['2DtY5tjRR32GXKFVRi4VzH']
A-Deal	Miklo	1	['2DtY5tjRR32GXKFVRi4VzH']
A-Deal	Moubarak	1	['2DtY5tjRR32GXKFVRi4VzH']
A-Deal	TK	1	['2DtY5tjRR32GXKFVRi4VzH']
Gambi	Gips	1	['2DtY5tjRR32GXKFVRi4VzH']
Gambi	Houari GP	1	['2DtY5tjRR32GXKFVRi4VzH']
Gambi	Jul	1	['2DtY5tjRR32GXKFVRi4VzH']
Gambi	Kamikaz	1	['2DtY5tjRR32GXKFVRi4VzH']
Gambi	Le k	1	['2DtY5tjRR32GXKFVRi4VzH']
Gambi	Miklo	1	['2DtY5tjRR32GXKFVRi4VzH']
Gambi	Moubarak	1	['2DtY5tjRR32GXKFVRi4VzH']
Gips	Houari GP	1	['2DtY5tjRR32GXKFVRi4VzH']
Gips	Kamikaz	1	['2DtY5tjRR32GXKFVRi4VzH']
Gips	Le k	1	['2DtY5tjRR32GXKFVRi4VzH']
Gips	Miklo	1	['2DtY5tjRR32GXKFVRi4VzH']
Houari GP	Jul	1	['2DtY5tjRR32GXKFVRi4VzH']
Houari GP	Kamikaz	1	['2DtY5tjRR32GXKFVRi4VzH']
Houari GP	Le k	1	['2DtY5tjRR32GXKFVRi4VzH']
Houari GP	Miklo	1	['2DtY5tjRR32GXKFVRi4VzH']
Houari GP	Moubarak	1	['2DtY5tjRR32GXKFVRi4VzH']
Houari GP	TK	1	['2DtY5tjRR32GXKFVRi4VzH']
Jul	Kamikaz	1	['2DtY5tjRR32GXKFVRi4VzH']
Jul	Le k	1	['2DtY5tjRR32GXKFVRi4VzH']
Jul	Miklo	1	['2DtY5tjRR32GXKFVRi4VzH']
Kamikaz	Le k	1	['2DtY5tjRR32GXKFVRi4VzH']
Kamikaz	Miklo	1	['2DtY5tjRR32GXKFVRi4VzH']
Kamikaz	Moubarak	1	['2DtY5tjRR32GXKFVRi4VzH']
Kamikaz	TK	1	['2DtY5tjRR32GXKFVRi4VzH']
Le k	Miklo	1	['2DtY5tjRR32GXKFVRi4VzH']
Le k	Moubarak	1	['2DtY5tjRR32GXKFVRi4VzH']
Le k	TK	1	['2DtY5tjRR32GXKFVRi4VzH']
Miklo	Moubarak	1	['2DtY5tjRR32GXKFVRi4VzH']
Miklo	TK	1	['2DtY5tjRR32GXKFVRi4VzH']
Kalif Hardcore	Naps	1	['0SLPC1BmbeBEMMj03x8rpJ']
Bruno Mars	Cardi B	1	['0PG9fbaaHFHfre2gUVo7AN']
Hornet La Frappe	Zikxo	1	['7aRlFHYFRngsHVdSHDxaiF']
Bryce Vine	Dan Caplen	1	['4e9rEIp7jCIi8gIovPWpGq']
Bryce Vine	Feder	1	['4e9rEIp7jCIi8gIovPWpGq']
Dan Caplen	Feder	1	['4e9rEIp7jCIi8gIovPWpGq']
DaBaby	Post Malone	1	['6UFEJuDXQMWhL5UH5f9fUR']
Klaas	MATTN	1	['1T0t45jhIuaXiCBOTFyUdN']
Klaas	Roland Clark	1	['1T0t45jhIuaXiCBOTFyUdN']
MATTN	Roland Clark	1	['1T0t45jhIuaXiCBOTFyUdN']
Bramsito	Dosseh	1	['1FkKaz2v65DsN4WlGsgoqu']
Dadju	Lynda	1	['04UimfyX05vlvzOvpFGu4w']
Jul	RK	1	['233BXRWOGDZfVyyNylOYtM']
AM La Scampia	Naps	1	['3hdrAVi3HW2ZfUX18QOUYY']
Dadju	Franglish	1	['14hLSMLJ86sHRklJ62tH58']
Heuss L'enfoiré	Soolking	1	['7gX2hqFLQKjiJwK8gZVofe']
Ant Clemons	Ty Dolla $ign	1	['24bnCCysWnbNRNUT4LpHcP']
Kanye West	Ty Dolla $ign	1	['24bnCCysWnbNRNUT4LpHcP']
Leto	Rémy	1	['4iIH0uHA0KI2kHJaKnZN03']
Aya Nakamura	Niska	1	['3qHs2PoiJMPvdxgyRSvqAl']
Fally Ipupa	Ninho	1	['7bLy8fxBMroDuV0zxwGSn6']
Rim'K	SCH	1	['4QFTphjQvxptMVSFxreHkl']
Kanye West	Sunday Service Choir	1	['1WnqWQcWcuQbVzgE7ecfCY']
DJ Mike One	T2R	1	['37j9w9DXTLoMISfKiPKsk6']
Jonas Blue	Theresa Rex	1	['4NSW0Km5ZG60L8FthUebPJ']
Conor Maynard	Kris Kross Amsterdam	1	['3DGar7krWlmrXRFHBcQF6z']
Conor Maynard	The Boy Next Door	1	['3DGar7krWlmrXRFHBcQF6z']
Kris Kross Amsterdam	The Boy Next Door	1	['3DGar7krWlmrXRFHBcQF6z']
Hös Copperfield	Ninho	1	['1pV9HAOC2RzQ9mtbykEkl1']
Camila Cabello	Cardi B	1	['4vUmTMuQqjdnvlZmAH61Qk']
Camila Cabello	Ed Sheeran	1	['4vUmTMuQqjdnvlZmAH61Qk']
Cardi B	Ed Sheeran	1	['4vUmTMuQqjdnvlZmAH61Qk']
Vald	Vladimir Cauchemar	1	['2U2N1Jky3VTWJkb5lRam16']
Damon Albarn	Roméo Elvis	1	['6zSwh6M96xsM4i55P4vFFz']
Alonzo	Gims	1	['155OiE2fobg8XXdXFomLgB']
Alonzo	Gradur	1	['155OiE2fobg8XXdXFomLgB']
Gims	Gradur	1	['155OiE2fobg8XXdXFomLgB']
Drake	Meek Mill	1	['2IRZnDFmlqMuOrYOLnZZyc']
John Lennon	The Harlem Community Choir	1	['3zJw3rugfpVrmBeDDnUYzy']
John Lennon	The Plastic Ono Band	1	['3zJw3rugfpVrmBeDDnUYzy']
John Lennon	Yoko Ono	1	['3zJw3rugfpVrmBeDDnUYzy']
The Harlem Community Choir	The Plastic Ono Band	1	['3zJw3rugfpVrmBeDDnUYzy']
The Harlem Community Choir	Yoko Ono	1	['3zJw3rugfpVrmBeDDnUYzy']
The Plastic Ono Band	Yoko Ono	1	['3zJw3rugfpVrmBeDDnUYzy']
Faouzia	Ninho	1	['1NUC8l1gq50VuHzmWRMA2G']
Cheb Mami	Lacrim	1	['3Z6FyRRvkGnjEuFINrQnBT']
Alonzo	Niro	1	['43kivLgFaqnYOolXbdnoT1']
Aloe Blacc	Mathieu Koss	1	['1CKzTXSJXhs5dS43dmUERX']
Dadju	Vegedream	1	['20JXngbVXifMXbUqCTljje']
Alkpote	Kalash Criminel	1	['12rymwpgebkm9mFCoyS4Ts']
Drake	Rick Ross	1	['5ry2OE6R2zPQFDO85XkgRb']
Roméo Elvis	SHOEBA	1	['40UsTEcLNqQyrvvwJPpCra']
Roméo Elvis	Todiefor	1	['40UsTEcLNqQyrvvwJPpCra']
SHOEBA	Todiefor	1	['40UsTEcLNqQyrvvwJPpCra']
Ariana Grande	Victoria Monét	1	['6tsOcBnaKgzK22yEiqRh8P']
Jul	Landy	1	['5u5shr8YQI2A4JAAuJbqMJ']
Eva	Kidaki	1	['13E89ZmzdKnpy1Hd8EC08A']
Ninho	Tito	1	['6HSO0pV9ky6eHdUpXpTMQj']
Angèle	Le Motel	1	['5Bjjf2Vj3dCaGetKlXS4be']
Le Motel	Roméo Elvis	1	['5Bjjf2Vj3dCaGetKlXS4be']
Laniia	VIZE	1	['0TId5TSbdcBP32haUV4Aet']
Alonzo	Kofs	1	['6s1E7QPVZOz7yciIzW4Rey']
Dennis Lloyd	Robin Schulz	1	['6vRCKJDtnrJEcyyzIMa0w0']
Heuss L'enfoiré	Sofiane	1	['6stxV2bl7xSiPUornxwyNR']
Koba LaD	Shotas	1	['1RE1SDPjuilKM6tLIMxTtP']
French Montana	Lacrim	1	['1MrspwUYbAnFHEks5Yc45e']
Ally Brooke	Kris Kross Amsterdam	1	['1DZjCQCUymOXw4svpC0WyY']
Ally Brooke	Messiah	1	['1DZjCQCUymOXw4svpC0WyY']
Kris Kross Amsterdam	Messiah	1	['1DZjCQCUymOXw4svpC0WyY']
Key Largo	No Name	1	['1PQB5bLM3Y1l4SrTI6cXdI']
Key Largo	Zola	1	['1PQB5bLM3Y1l4SrTI6cXdI']
No Name	Zola	1	['1PQB5bLM3Y1l4SrTI6cXdI']
Dadju	Nekfeu	1	['0Axi4MpnGvPxf5D2usLfQF']
Maître Gims	Vianney	1	['7HK0UeyxUWJjc6ndRZVKFg']
Aya Nakamura	Lil Pump	1	['1Tk4KVBLxD8CMAy6vJoDF3']
Badjer	Boumso	1	['6IujBwfxxglKDXteVyWrTP']
Badjer	Timal	1	['6IujBwfxxglKDXteVyWrTP']
Boumso	Timal	1	['6IujBwfxxglKDXteVyWrTP']
Lacrim	Soolking	1	['77aOXWFLIUhIHbSwxzM2Yo']
Mark Ronson	Miley Cyrus	1	['27rdGxbavYJeBphck5MZAF']
Black Eyed Peas	J Balvin	1	['6cy3ki60hLwimwIje7tALf']
4Keus	Naza	1	['20N0WpovVTZ5CxKKSdaLlb']
Key Largo	Kodes	1	['2t1IpWdkn6BhEtkwCI1GOG']
Hornet La Frappe	Lacrim	1	['3iYv5nIthPXesF0DeuhmVL']
KAROL G	Lartiste	1	['1QnyYTtqB4qrXf3NZyDJ4G']
50 Cent	Ed Sheeran	1	['0AtP8EkGPn6SwxKDaUuXec']
50 Cent	Eminem	1	['0AtP8EkGPn6SwxKDaUuXec']
Ed Sheeran	Eminem	1	['0AtP8EkGPn6SwxKDaUuXec']
Kygo	Sandro Cavazza	1	['14sOS5L36385FJ3OL8hew4']
Niska	Soprano	1	['1ALK7oqxMr5yonp9ZfTWH5']
Jok'air	Mallaury	1	['2v1hLkYh3wQTPJjAf41ZAa']
Lacrim	Naps	1	['7s0dmq8oMRJ4kVthfPk4O1']
13 Block	Hamza	1	['7znQW9RxQLTk0hvTWgIrgy']
Benab	Maes	1	['59GVZBjYYjzKSl1yxnsqqy']
Clean Bandit	Demi Lovato	1	['3NuK5xMlSlB6K2Qp16zf3h']
6ix9ine	Tory Lanez	1	['6Gy7rXB6Ku5vIWC7WGWsl3']
Dadju	Tayc	1	['2BGMp8f6Fv80YAqT7F79o5']
Koba LaD	Maes	1	['3COpbW4W1Qab0ZqiHZxdjv']
21 Savage	Post Malone	1	['0e7ipj03S05BNilyu5bRzt']
Lost Frequencies	The NGHBRS	1	['30K9xVNSog0DVr5ey5yVoY']
Kaaris	Mac Tyer	1	['1010IFNdjlJv8ZRNkyTkxX']
Kaaris	Sofiane	1	['1010IFNdjlJv8ZRNkyTkxX']
Mac Tyer	Sofiane	1	['1010IFNdjlJv8ZRNkyTkxX']
Alkpote	Kaaris	1	['3WhT3S5OGTSTBmTTmkjhqi']
Clipse	Kanye West	1	['0oPOuDmmkVp3h6puekhs6P']
Clipse	Kenny G	1	['0oPOuDmmkVp3h6puekhs6P']
Kanye West	Kenny G	1	['0oPOuDmmkVp3h6puekhs6P']
Hamza	Ikaz Boi	1	['3MMtOzdktjD42RODOvnQKA']
Benjamin Ingrosso	Ofenbach	1	['50SEeQXOJgaXPv2S0v7ded']
Landy	Lartiste	1	['6LFsWYtGhLWNffVWpblw5O']
Joe Dwet File	Vegedream	1	['0GKfmeM4xQLcnroGbQYTph']
GLK	Koba LaD	1	['71chDzMntV8pjuOaLuDPaY']
Calvin Harris	Dua Lipa	1	['7ef4DlsgrMEH11cDZd32M6']
Elephanz	Eugénie	1	['0l2ACXP9Hqr5tbxYmkrykl']
Dj Leska	Vegedream	1	['5Lh8rn501oEvsIJjPxNBhE']
Landy	Marwa Loud	1	['3euJjqgLiYvrVlN1T491pm']
Roméo Elvis	Therapie TAXI	1	['3yndKI4zWEyC36BQYrdKBA']
DA Uzi	Kaaris	1	['1JH9UT32a7p592voVWkQbv']
6ix9ine	Lacrim	1	['5HuoyEeA91kyy4OixKbfvR']
Alonzo	Ninho	1	['7gFue3UseWrimCsI1gdJIE']
GLK	Ninho	1	['3ABwQntK8i49EGOd3SSj7Q']
Gradur	Koba LaD	1	['56PlDpiO0Q3lEqSOSOCxK6']
Jul	Vald	1	['2Kphenifi7SCpExzh5g0dA']
Capo Plaza	SCH	1	['0RPj3dG1VP5AGP5CDZZFY8']
Capo Plaza	Soolking	1	['0RPj3dG1VP5AGP5CDZZFY8']
SCH	Soolking	1	['0RPj3dG1VP5AGP5CDZZFY8']
Anne-Marie	David Guetta	1	['2zy9TMoZlYGuCNY4TLqG24']
Kodak Black	Offset	1	['0FZ4Dmg8jJJAPJnvBIzD9z']
Kodak Black	Travis Scott	1	['0FZ4Dmg8jJJAPJnvBIzD9z']
Offset	Travis Scott	1	['0FZ4Dmg8jJJAPJnvBIzD9z']
JeanJass	Lomepal	1	['6A3bL3MlU0l54kKlgpw0UT']
BJ The Chicago Kid	Nekfeu	1	['3dXUQXL4ITMt6WmM8qNkgc']
Heuss L'enfoiré	Lartiste	1	['04j1J1lbAXEfjNaMcb1ar8']
Gunna	Lil Baby	1	['78QR3Wp35dqAhFEc2qAGjE']
Bigflo & Oli	Boulevard des Airs	1	['6FNdxaAOler5LutmU2sVxT']
Bigflo & Oli	Claudio Capéo	1	['6FNdxaAOler5LutmU2sVxT']
Bigflo & Oli	Gauvain Sers	1	['6FNdxaAOler5LutmU2sVxT']
Bigflo & Oli	L.E.J	1	['6FNdxaAOler5LutmU2sVxT']
Bigflo & Oli	Tryo	1	['6FNdxaAOler5LutmU2sVxT']
Bigflo & Oli	Vianney	1	['6FNdxaAOler5LutmU2sVxT']
Bigflo & Oli	Zaz	1	['6FNdxaAOler5LutmU2sVxT']
Boulevard des Airs	Claudio Capéo	1	['6FNdxaAOler5LutmU2sVxT']
Boulevard des Airs	Gauvain Sers	1	['6FNdxaAOler5LutmU2sVxT']
Boulevard des Airs	L.E.J	1	['6FNdxaAOler5LutmU2sVxT']
Boulevard des Airs	Tryo	1	['6FNdxaAOler5LutmU2sVxT']
Boulevard des Airs	Zaz	1	['6FNdxaAOler5LutmU2sVxT']
Claudio Capéo	Gauvain Sers	1	['6FNdxaAOler5LutmU2sVxT']
Claudio Capéo	L.E.J	1	['6FNdxaAOler5LutmU2sVxT']
Claudio Capéo	Tryo	1	['6FNdxaAOler5LutmU2sVxT']
Claudio Capéo	Vianney	1	['6FNdxaAOler5LutmU2sVxT']
Claudio Capéo	Zaz	1	['6FNdxaAOler5LutmU2sVxT']
Gauvain Sers	L.E.J	1	['6FNdxaAOler5LutmU2sVxT']
Gauvain Sers	Tryo	1	['6FNdxaAOler5LutmU2sVxT']
Gauvain Sers	Vianney	1	['6FNdxaAOler5LutmU2sVxT']
Gauvain Sers	Zaz	1	['6FNdxaAOler5LutmU2sVxT']
L.E.J	Tryo	1	['6FNdxaAOler5LutmU2sVxT']
L.E.J	Vianney	1	['6FNdxaAOler5LutmU2sVxT']
L.E.J	Zaz	1	['6FNdxaAOler5LutmU2sVxT']
Tryo	Vianney	1	['6FNdxaAOler5LutmU2sVxT']
Tryo	Zaz	1	['6FNdxaAOler5LutmU2sVxT']
Vianney	Zaz	1	['6FNdxaAOler5LutmU2sVxT']
Booba	Maes	1	['4miiqu2dxOhBguQDHtqssH']
Mister You	Naps	1	['6c62i7CmIMvJ1BUx1oNRS1']
Lil Pump	Maluma	1	['2LskIZrCeLxRvCiGP8gxlh']
Lil Pump	Swae Lee	1	['2LskIZrCeLxRvCiGP8gxlh']
Lil Pump	XXXTENTACION	1	['2LskIZrCeLxRvCiGP8gxlh']
Maluma	Swae Lee	1	['2LskIZrCeLxRvCiGP8gxlh']
Maluma	XXXTENTACION	1	['2LskIZrCeLxRvCiGP8gxlh']
Swae Lee	XXXTENTACION	1	['2LskIZrCeLxRvCiGP8gxlh']
Suikon Blaz AD	Vald	1	['0cFVwGHKYn9MfILYvfksi3']
Lil Peep	XXXTENTACION	1	['4jvjzW7Hm0yK4LvvE0Paz9']
Ninho	Zola	1	['3vmoC735YdyvsrF0HtbmGn']
Lomepal	Roméo Elvis	1	['6l7PqWKsgm4NLomOE7Veou']
MHD	WizKid	1	['0O4XHiuVt3dBaOzSI49BtF']
Future	Halsey	1	['59PYPDxTbqJpiGfyogPb5h']
Future	Post Malone	1	['59PYPDxTbqJpiGfyogPb5h']
Halsey	Post Malone	1	['59PYPDxTbqJpiGfyogPb5h']
Ariana Grande	Lana Del Rey	1	['3NkJNL3WqO1Lqc3uNDxvCN']
Ariana Grande	Miley Cyrus	1	['3NkJNL3WqO1Lqc3uNDxvCN']
Lana Del Rey	Miley Cyrus	1	['3NkJNL3WqO1Lqc3uNDxvCN']
SHAED	ZAYN	1	['1iQDltZqI7BXnHrFy4Qo1k']
Lorenzo	Shy'm	1	['5WcW7qcdyPgCrteSgFYSxa']
David Guetta	Jason Derulo	1	['5Xn4IyTtW6FUGIUyWjbUHG']
David Guetta	Nicki Minaj	1	['5Xn4IyTtW6FUGIUyWjbUHG']
David Guetta	Willy William	1	['5Xn4IyTtW6FUGIUyWjbUHG']
Jason Derulo	Nicki Minaj	1	['5Xn4IyTtW6FUGIUyWjbUHG']
Jason Derulo	Willy William	1	['5Xn4IyTtW6FUGIUyWjbUHG']
Nicki Minaj	Willy William	1	['5Xn4IyTtW6FUGIUyWjbUHG']
Y2K	bbno$	1	['51Fjme0JiitpyXKuyQiCDo']
Ed Sheeran	Travis Scott	1	['1DhRbox3xkceP64k3JeYfW']
CNCO	Meghan Trainor	1	['3cR5ZtQ4JqGj4VHBb1gvFf']
CNCO	Sean Paul	1	['3cR5ZtQ4JqGj4VHBb1gvFf']
Meghan Trainor	Sean Paul	1	['3cR5ZtQ4JqGj4VHBb1gvFf']
Booba	Medine	1	['1VYTP4prOc62xQe1KWf3S5']
Sofiane	Vald	1	['2iVvukpWd7OX1n1LwUF5Rs']
Aladin 135	PLK	1	['3YNJPNSZfKfzv6ebRxFePz']
Maes	PLK	1	['2x6s64X4Ewlxzlr9ffdSJH']
Eva Guess	RIDSA	1	['7B9BjQzugAygkzhWRwRtFq']
3robi	Lacrim	1	['15HLyXRyncLyymUETjuJJU']
3robi	M Huncho	1	['15HLyXRyncLyymUETjuJJU']
Lacrim	M Huncho	1	['15HLyXRyncLyymUETjuJJU']
Bastille	Marshmello	1	['2dpaYNEQHiRxtZbfNsse99']
Jul	La Famax	1	['4cCUH5EekkjIobASVw9vO4']
Jok'air	Laylow	1	['40FQFSMsp459CdVCDhf6X0']
D.A.V	Damso	1	['4nClv2UNWIsM6tXajGxcSe']
Heuss L'enfoiré	Landy	1	['4oILZkxqS3d1fYGJ1HuknZ']
Heuss L'enfoiré	Niska	1	['1EJIBnvrxdkxdHutX37Ff8']
Camila Cabello	Young Thug	1	['1rfofaqEpACxVEHIZBJe6W']
4Keus	Siboy	1	['0raZ9gl4gn6KEB0h93FxMk']
Le Poto Rico	Lorenzo	1	['7blCa3xM3E8sHOjMSOS6nk']
Jul	Nyanda	1	['0oNZPBem6A8AnqzO64DLGE']
PLK	Tessa B	1	['5nODbxjT7KZt9cUX0xJwQs']
Normani	Sam Smith	1	['6Qs4SXO9dwPj5GKvVOv8Ki']
Dadju	Gradur	1	['4Guqm9jhSd8tWFqa8tPwFE']
Kygo	Rita Ora	1	['3y3brCCecHC3Db18aIOnny']
Alan Walker	Farruko	1	['1aSarrHE1TK9vSmyozuo4K']
Alan Walker	Pedro Capó	1	['1aSarrHE1TK9vSmyozuo4K']
Oliver Heldens	Riton	1	['0qaWEvPkts34WF68r8Dzx9']
Oliver Heldens	Vula	1	['0qaWEvPkts34WF68r8Dzx9']
Riton	Vula	1	['0qaWEvPkts34WF68r8Dzx9']
Bolémvn	Koba LaD	1	['6mKLhdZIMaHpZ9kbmq9SOS']
Daddy Yankee	Snow	1	['5w9c2J52mkdntKOmRLeM2m']
Bad Bunny	Tainy	1	['2TH65lNHgvLxCKXM3apjxI']
Jack & Jack	Jonas Blue	1	['3KLygy1YWhmrQx0GRs7IOx']
Dhurata Dora	Soolking	1	['68av1mZz0VsIYXJWATZWUW']
Maluma	Maître Gims	1	['5vLEmh5EolySKTvXsyWSOg']
LES ANTICIPATEURS	Lorenzo	1	['3at8iNHLzE5EizkFWoQzCK']
