artist_1	artist_2	count	song_ids
Hayce Lemsi	Volts Face	4	['1n7NF1keXJfu8M0dMvqPrH', '00cbRAOr6wTPE9WBMejhiM', '0mj6lbGNFbWFP0EMquLh2L', '69CNBc8diXF0AYfd0fdP6W']
Nekfeu	Sneazzy	3	['4Vg5DX38XeHrWXcE22DMNg', '4S1ZmpEshXG3S0OLdodb1W', '5t9fmZx0pcNxLykKTv6eOe']
Jax Jones	RAYE	3	['7M16mAuWuFA5rC9HvkXaGx', '00lNx0OcTJrS3MKHcB80HY', '4WrS6vezaPwOafKJmHqMEU']
Kalash Criminel	Sofiane	3	['4s7OqcUEyLJ1RkbzBopRGt', '7rULRGmvjAqqTtCTucjJbe', '6zQyTiNXgxLpD0RqUxeDVz']
Ninho	Sofiane	3	['1jCnQf9BhMMnIvq8ETzFry', '1Fv767CH5YFrjo6HwzHnpR', '6sCbcdJxuqC358BDBWjhCE']
Chance the Rapper	DJ Khaled	3	['1jYiIOC5d6soxkJP81fxq2', '72Q0FQQo32KJloivv5xge2', '3DXncPQOG4VBw3QHh3S817']
Chance the Rapper	Justin Bieber	3	['1jYiIOC5d6soxkJP81fxq2', '72Q0FQQo32KJloivv5xge2', '3DXncPQOG4VBw3QHh3S817']
Chance the Rapper	Lil Wayne	3	['1jYiIOC5d6soxkJP81fxq2', '72Q0FQQo32KJloivv5xge2', '3DXncPQOG4VBw3QHh3S817']
Chance the Rapper	Quavo	3	['1jYiIOC5d6soxkJP81fxq2', '72Q0FQQo32KJloivv5xge2', '3DXncPQOG4VBw3QHh3S817']
DJ Khaled	Justin Bieber	3	['1jYiIOC5d6soxkJP81fxq2', '72Q0FQQo32KJloivv5xge2', '3DXncPQOG4VBw3QHh3S817']
DJ Khaled	Lil Wayne	3	['1jYiIOC5d6soxkJP81fxq2', '72Q0FQQo32KJloivv5xge2', '3DXncPQOG4VBw3QHh3S817']
DJ Khaled	Quavo	3	['1jYiIOC5d6soxkJP81fxq2', '72Q0FQQo32KJloivv5xge2', '3DXncPQOG4VBw3QHh3S817']
Justin Bieber	Lil Wayne	3	['1jYiIOC5d6soxkJP81fxq2', '72Q0FQQo32KJloivv5xge2', '3DXncPQOG4VBw3QHh3S817']
Justin Bieber	Quavo	3	['1jYiIOC5d6soxkJP81fxq2', '72Q0FQQo32KJloivv5xge2', '3DXncPQOG4VBw3QHh3S817']
Lil Wayne	Quavo	3	['1jYiIOC5d6soxkJP81fxq2', '72Q0FQQo32KJloivv5xge2', '3DXncPQOG4VBw3QHh3S817']
Alonzo	Dadju	3	['4z0IXsydGE0IpQnO2uOlKU', '5FycIAPGzlaNEPj9fVw65S', '5i0hIGH4KGEYW49BWD759o']
Dadju	Maître Gims	3	['4z0IXsydGE0IpQnO2uOlKU', '5FycIAPGzlaNEPj9fVw65S', '3alSzdz0U10gV2aXVigYkT']
Alonzo	MHD	3	['6D8tdYo3mBOIUrWAk8wOVo', '0sqOIwjQoaiEXcSgl8iqsi', '4G3Ve2jKVthQckMEhG03MH']
Burak Yeter	Danelle Sandoval	2	['7abpmGpF7PGep2rDU68GBR', '5c4tB0saSkNHX5CyDosuF7']
Kaaris	Kalash Criminel	2	['6cG9I4PyigCQJu6A6PmgH2', '4s7OqcUEyLJ1RkbzBopRGt']
Drake	Young Thug	2	['7bJ4mu7MHa3rHiNyKjOoSl', '0xl1w2q4VLojeXp4JfazPL']
Maître Gims	Niska	2	['0ABwXYnDvByTbKIDxfzb0I', '0CJ31BEjjl1tPIj0CKi9kH']
Jul	Le Rat Luciano	2	['3hMqyoGZsZHwBFls2dYXLE', '2owjILiTibvZNB348YYQzv']
Hors Ligne	Jul	2	['6Ge69h4yge4yWg0272miHy', '5XhSe6CaVGrQhEw5YlSPCN']
Daft Punk	The Weeknd	2	['5aAx2yezTd8zXrkmtKl66Z', '5GXAXm5YOmYT0kL5jHvYBt']
J Balvin	Willy William	2	['7fwXWKdDNI5IutOMc5OKYw', '2rb5MvYT7ZIxbKW5hfcHx8']
Quavo	Travis Scott	2	['2bjwRfXMk4uRgOD9IBYl9h', '3Ytr1SUCUi6J3L9dRFx5iH']
G-Eazy	Halsey	2	['5k38wzpLb15YgncyWdTZE4', '3YU6vJbjYUG0tiJyXf9x5V']
Major Lazer	MØ	2	['4WjH9Bzt3kx7z8kl0awxh4', '6DNtNfH8hXkqOX1sjqmI7p']
Big Sean	Calvin Harris	2	['6BaCraQ9xeLYg4Sb9TBT2X', '5bcTCxgc7xVfSaMV3RuVke']
Big Sean	Katy Perry	2	['6BaCraQ9xeLYg4Sb9TBT2X', '5bcTCxgc7xVfSaMV3RuVke']
Big Sean	Pharrell Williams	2	['6BaCraQ9xeLYg4Sb9TBT2X', '5bcTCxgc7xVfSaMV3RuVke']
Calvin Harris	Katy Perry	2	['6BaCraQ9xeLYg4Sb9TBT2X', '5bcTCxgc7xVfSaMV3RuVke']
Calvin Harris	Pharrell Williams	2	['6BaCraQ9xeLYg4Sb9TBT2X', '5bcTCxgc7xVfSaMV3RuVke']
Katy Perry	Pharrell Williams	2	['6BaCraQ9xeLYg4Sb9TBT2X', '5bcTCxgc7xVfSaMV3RuVke']
Damso	Kalash	2	['1vVZLmZq8gN8pPCEBLjPvD', '2xLGWmTEfHH9kxDNEGgMNc']
Hooss	Hornet La Frappe	2	['2qQ9rKLbylbmmmR9RUSdWI', '2cg2JYHCXSRuVywWVTEZze']
Maroon 5	SZA	2	['4mxWSdf71VFO52qFeY0fZt', '3hBBKuWJfxlIlnd9QFoC8k']
Panama	Petit Biscuit	2	['0jWYIVQ6q5ixWpdUYpcEeh', '3llHPPHKJ9bBYh9pg9TBbf']
Metro Boomin	Offset	2	['7sO5G9EABYOXQKNPNiE9NR', '5u6vkDnOyaf8LsteDAj2ub']
Bakyl	Sofiane	2	['5d5p3ai9PLqp8bOCg7Orhu', '2rF2XSPjtNavLADPSB5wvM']
ALMA	Martin Solveig	2	['3aLSrx8qhssXrh5yjB6oy9', '26haJjtanhamtf25RXH0MO']
Jul	Norey Fz	2	['6Ge69h4yge4yWg0272miHy', '2HzJCYwtTXqrj72mE2hnEW']
Macklemore	Skylar Grey	2	['3HVr6jTVwBHBa2flM0eURR', '0CokSRCu5hZgPxcZBaEzVE']
Alpha Wann	Nekfeu	2	['4Vg5DX38XeHrWXcE22DMNg', '3Y9l5dKsuaipDSnPsHzogk']
Alpha Wann	Sneazzy	2	['4Vg5DX38XeHrWXcE22DMNg', '7jli3QR8e7nanIo5h8s97v']
Jonas Blue	William Singe	2	['0NiXXAI876aGImAd6rTj8w', '4xlrALxuaCf9yZBHJeTSG6']
Booba	Damso	2	['3fHXUNVKNZQ4WaUGLwWxHP', '6xqAP7kpdgCy8lERQHh29c']
S.Pri Noir	Sneazzy	2	['2u36zlaWvNzzn0OtEJmJog', '5t9fmZx0pcNxLykKTv6eOe']
Benash	Damso	2	['4I2Z1gxRN4f55EmMwhzKxK', '6xcXAVbDuVT1pCsa2rmDHY']
Nekfeu	Nemir	2	['0xH4qR6s5TqdzMKRkloBnh', '4xyyC9MONeIkqOW67C38kw']
Fifth Harmony	Gucci Mane	2	['20H2Hd5AkUcRjB4yL3UQtJ', '7LEydI5NfjY6mZfKwYIptZ']
Isaac Delusion	Møme	2	['7gxLYfaAKjyC4pEs8rXW7Y', '6Fr50AXBWr8ki9EluTMPWl']
Isaac Delusion	Petit Biscuit	2	['7gxLYfaAKjyC4pEs8rXW7Y', '6Fr50AXBWr8ki9EluTMPWl']
Møme	Petit Biscuit	2	['7gxLYfaAKjyC4pEs8rXW7Y', '6Fr50AXBWr8ki9EluTMPWl']
Niska	Sadek	2	['0zx2ksnbLkPG1wrbnO0KrQ', '5axLlrd4jZZs0eAKIeNtOX']
Hornet La Frappe	Sofiane	2	['2pA1oug5Xo7BLEkWSAsO0X', '68mVd6a9VJhCSIjgwB76nK']
Beyoncé	Eminem	2	['5b2QnYcT9rQIkhRWt4HztQ', '5PIBgH1cUFwu5IiUk9tnN9']
Calvin Harris	Future	2	['3FDrI0FLKzrYQiWxPhqV2W', '0lMbuWUpfTWhEmOKxppEau']
Calvin Harris	Khalid	2	['3FDrI0FLKzrYQiWxPhqV2W', '0lMbuWUpfTWhEmOKxppEau']
Future	Khalid	2	['3FDrI0FLKzrYQiWxPhqV2W', '0lMbuWUpfTWhEmOKxppEau']
Katy Perry	Migos	2	['61WbtB6ujkpNAsAf5LjF4b', '14oOKFGuXu8DqvOe1W8vao']
Busy P	Mayer Hawthorne	2	['0rNhRaRsrP0lilQbmdf2xw', '2BnqjCRKj00LtQBU8RNKnr']
GLK	Sofiane	2	['2pA1oug5Xo7BLEkWSAsO0X', '6sCbcdJxuqC358BDBWjhCE']
Alonzo	Maître Gims	2	['4z0IXsydGE0IpQnO2uOlKU', '5FycIAPGzlaNEPj9fVw65S']
Calvin Harris	Frank Ocean	2	['6gpcs5eMhJwax4mIfKDYQk', '7tr2za8SQg2CI8EDgrdtNl']
Calvin Harris	Migos	2	['6gpcs5eMhJwax4mIfKDYQk', '7tr2za8SQg2CI8EDgrdtNl']
Frank Ocean	Migos	2	['6gpcs5eMhJwax4mIfKDYQk', '7tr2za8SQg2CI8EDgrdtNl']
Ger	Jul	2	['6Ge69h4yge4yWg0272miHy', '3KuzFFXQsjmSe5M5FeHQiM']
Jul	Moubarak	2	['6Ge69h4yge4yWg0272miHy', '51x6d6UKgwp9CKz1JLEO70']
Drake	Giggs	2	['2jTujnt0y344ai1rNOywgr', '6CfrYuD3YRDYdYvH9jNtXY']
13ème Art	Naps	2	['6t0YWXFvlbx0Blh7FuyCje', '337NxxJAxClIStxYcu7HNG']
Benash	Booba	2	['3VdDQkNCQKPAL4nZlFKWlN', '6WMWi9Ca2vksL36tNUVBFb']
Nekfeu	S.Pri Noir	2	['7xyyjOyiYVJCT3CmJl7HwW', '5t9fmZx0pcNxLykKTv6eOe']
French Montana	Swae Lee	2	['3B54sVLJ402zGa6Xm4YGNe', '1F2HXIJrE2Xn81OzT2zZvW']
Booba	Niska	2	['2r6C2IEw533mDs3sam5Zxx', '61TEjsLb7OlStCTpQfcHnC']
Lacrim	Maître Gims	2	['29rRQITL0TE9bcoi66i2O5', '5zbPPtpSfA5GQ9C1Ya3rrl']
Lacrim	SCH	2	['4zUK2F46GuIjAA0mmlTKJh', '4hkaPHXpf0QyuEuitgvWMI']
21 Savage	Post Malone	2	['1OmcAT5Y8eg5bUPv9qJT4R', '7wGoVu4Dady5GV0Sv4UIsx']
DJ Sem	Marwa Loud	2	['2hMBPbAkEC0wu6iylhdiaJ', '6flVMwes9WcpCyNGTTVJ2j']
Emma Stone	Ryan Gosling	2	['0LtVx5vsq9nfpGsWgjUin6', '2fXH2iei02pBaSIdn5X4zJ']
Jul	Kalash Criminel	2	['5FRCTmIl1SIie075FoVsqA', '1oXiNxPogfnfVMiqGdr2Pv']
Katy Perry	Skip Marley	2	['5ndfVSDyPq90jaIUhNPeby', '6520aj0B4FSKGVuKNsOCOi']
Sofiane	YL	2	['2pA1oug5Xo7BLEkWSAsO0X', '3w49WFqZkijL4X6BdH9mD1']
Daddy Yankee	Luis Fonsi	2	['5CtI0qwDJkDQGwXD1H1cLb', '4aWmUDTfIPGksMNLV2rQP2']
Kendrick Lamar	Maroon 5	1	['5MFzQMkrl1FOOng9tq6R9r']
Mister V	Samy Ceezy	1	['5PUZLLiQzxBg6TijpzU3dH']
Ninho	Sadek	1	['37YNulvDhyzULfhHycmhEl']
Lil Uzi Vert	Migos	1	['4Km5HrUvYTaSUfiSGPJeQR']
Nekfeu	Ninho	1	['3ldfGgw7IoLHbaqmspX3ME']
Brulux	Lacrim	1	['3sY5Gz1afr3NrtIvX1rnU6']
MZ	Nekfeu	1	['79fzoZLfu1drrTyJwTWD6b']
G-Eazy	Kehlani	1	['1Eck97uRMlprKOOJN9oO1E']
Black M	Soprano	1	['1D6cda9SECd1AoFVCgehL9']
Beyoncé	J Balvin	1	['7fwXWKdDNI5IutOMc5OKYw']
Beyoncé	Willy William	1	['7fwXWKdDNI5IutOMc5OKYw']
Justin Jesso	Kygo	1	['0Zbbxnx4SGGHoIow4PpISP']
Alok	Bruno Martini	1	['1a5Yu5L18qNxVhXx38njON']
Alok	Zeeba	1	['1a5Yu5L18qNxVhXx38njON']
Bruno Martini	Zeeba	1	['1a5Yu5L18qNxVhXx38njON']
Clara Luciani	Nekfeu	1	['6AHgVddvpK6wQpifbtInW1']
Amara Abonta	Ødyssey	1	['1NAeorrSNCibpdJMpXLFeG']
Drake	Quavo	1	['2bjwRfXMk4uRgOD9IBYl9h']
Drake	Travis Scott	1	['2bjwRfXMk4uRgOD9IBYl9h']
A$AP Rocky	Cardi B	1	['2DQ1ITjI0YoLFzuADN1ZBW']
A$AP Rocky	G-Eazy	1	['2DQ1ITjI0YoLFzuADN1ZBW']
Cardi B	G-Eazy	1	['2DQ1ITjI0YoLFzuADN1ZBW']
HUGEL	Robin Schulz	1	['2i3WO0WkrlnrA1I4GdUmxh']
Marshmello	Selena Gomez	1	['7EmGUiUaOSGDnUUQUDrOXC']
Hös	Ninho	1	['5yJ7tCEbgBC8ewZzUy0dBF']
DJ Snake	Major Lazer	1	['4WjH9Bzt3kx7z8kl0awxh4']
DJ Snake	MØ	1	['4WjH9Bzt3kx7z8kl0awxh4']
Descemer Bueno	Enrique Iglesias	1	['7nKBxz47S9SD79N086fuhn']
Descemer Bueno	Zion & Lennox	1	['7nKBxz47S9SD79N086fuhn']
Enrique Iglesias	Zion & Lennox	1	['7nKBxz47S9SD79N086fuhn']
Cedric Gervais	Chris Willis	1	['4PdJSsESm34djLfBde9Pr2']
Cedric Gervais	David Guetta	1	['4PdJSsESm34djLfBde9Pr2']
Chris Willis	David Guetta	1	['4PdJSsESm34djLfBde9Pr2']
Calvin Harris	DJ Khaled	1	['6LOCAhFzZiavHcLJucLuDy']
Calvin Harris	Jeremih	1	['6LOCAhFzZiavHcLJucLuDy']
Calvin Harris	Travis Scott	1	['6LOCAhFzZiavHcLJucLuDy']
DJ Khaled	Jeremih	1	['6LOCAhFzZiavHcLJucLuDy']
DJ Khaled	Travis Scott	1	['6LOCAhFzZiavHcLJucLuDy']
Jeremih	Travis Scott	1	['6LOCAhFzZiavHcLJucLuDy']
CADE	Cheat Codes	1	['1NDxZ7cFAo481dtYWdrUnR']
CADE	Maggie Lindemann	1	['1NDxZ7cFAo481dtYWdrUnR']
Cheat Codes	Maggie Lindemann	1	['1NDxZ7cFAo481dtYWdrUnR']
Justin Bieber	Major Lazer	1	['6DNtNfH8hXkqOX1sjqmI7p']
Justin Bieber	MØ	1	['6DNtNfH8hXkqOX1sjqmI7p']
Khalid	Marshmello	1	['7vGuf3Y35N4wmASOKLUVVU']
Crystal Kay	Nekfeu	1	['6J4VvZ3pIit9KgFtUDniwm']
Alonzo	Amel Bent	1	['4AZbiz02Fu95DjZddvJMd5']
Flume	Kai	1	['12REd1n8PeiHHWOh066tpr']
DRAM	Lil Yachty	1	['7yyRTcZmCiyzzJlNzGC9Ol']
Kendrick Lamar	U2	1	['4iYRa2btalAzPZoSYfROqF']
Douma	Kalash Criminel	1	['4yH268AmzuUE8dwtaJYWcz']
Naps	Rim'K	1	['7Avu6qOQMMs7TVsGLgT8ap']
Synapson	Victor Démé	1	['3hxRKXzZS0XRYGZ123JDNH']
Eminem	Kehlani	1	['6Ww0J5EFjiPxkgZpEkRQVN']
Dadju	S.Pri Noir	1	['1dXFUhNMnm9yLqpu3AR23M']
DJ Snake	Lauv	1	['0Wv5wuenRLI3BcwgT3HPIP']
Gabriela Richardson	Yall	1	['5dyDkXi1bnQKSyIdO0JXp8']
BloodPop®	Justin Bieber	1	['7nZmah2llfvLDiUjm0kiyz']
Abou Debeing	Dadju	1	['3rSi8CHHz7V96AwRQbbjf6']
Afrojack	Charli XCX	1	['0tPQPaOKM32WgMSbPCYyRH']
Afrojack	David Guetta	1	['0tPQPaOKM32WgMSbPCYyRH']
Afrojack	French Montana	1	['0tPQPaOKM32WgMSbPCYyRH']
Charli XCX	David Guetta	1	['0tPQPaOKM32WgMSbPCYyRH']
Charli XCX	French Montana	1	['0tPQPaOKM32WgMSbPCYyRH']
David Guetta	French Montana	1	['0tPQPaOKM32WgMSbPCYyRH']
Coldplay	Seeb	1	['1OAiWI2oPmglaOiv9fdioU']
Brulux	Sadek	1	['3AbR9rS5iPPPG5F5TJtLMs']
Hornet La Frappe	Kalash Criminel	1	['3ENoWN2ftV0ngsVwsT05Tb']
Esmeralda	Greg June	1	['6rUNjnRrlhCy7xGq6WpV4C']
21 Savage	Metro Boomin	1	['5u6vkDnOyaf8LsteDAj2ub']
21 Savage	Offset	1	['5u6vkDnOyaf8LsteDAj2ub']
21 Savage	Travis Scott	1	['5u6vkDnOyaf8LsteDAj2ub']
Metro Boomin	Travis Scott	1	['5u6vkDnOyaf8LsteDAj2ub']
Offset	Travis Scott	1	['5u6vkDnOyaf8LsteDAj2ub']
Léa Castel	Slimane	1	['0fyRY1wwzxMVbU4UibH39K']
Bakyl	Samat	1	['5d5p3ai9PLqp8bOCg7Orhu']
Samat	Sofiane	1	['5d5p3ai9PLqp8bOCg7Orhu']
Nick Waterhouse	Ofenbach	1	['2NF8A7C6tICScdRaZ0BrEe']
Eric Nally	Macklemore	1	['1FgmP7AOTcn7MGYmImj0kn']
Drake	PARTYNEXTDOOR	1	['5JUu0unA8VwhTZ9LkMWUVI']
Alonzo	Ninho	1	['1QH6Irlx3h57TyLjJmNufU']
Haristone	Hayce Lemsi	1	['0urkIfT5vismLuYRfEsoGF']
Ina Wroldsen	Martin Solveig	1	['6O85MfGECKBqAK2MgSbCaj']
Drake	Kanye West	1	['28irpKCCK9nn9DZSik2zEx']
Bigflo & Oli	JoeyStarr	1	['4WUbYhJVQST876O0p93SnI']
Derek Wise	Sneazzy	1	['7fNF0bB2H6fkA8ut8NRpjX']
Hankock	Sneazzy	1	['4wIeccnwvGmERG3NJG8nQA']
Enrique Iglesias	Wisin	1	['6YZdkObH88npeKrrkb8Ggf']
Andrelli	Hearts & Colors	1	['04CttTezSnv71USiiG9mIo']
Alicia Keys	Eminem	1	['2rozzUGTRWqhTa2NzJAl8I']
Coldplay	The Chainsmokers	1	['6RUKPb4LETWmmr3iAEQktW']
Ivy	Niro	1	['54yeXzsomwfb8BGOLsDfyo']
Liam Payne	Quavo	1	['6EpRaXYhGOB3fj4V2uDkMJ']
Bipolar Sunshine	DJ Snake	1	['4OZEu0Vwq0RB2LAq14v99n']
Major Lazer	Showtek	1	['2mFVt6vCOcR71lw3kY2UZB']
Gucci Mane	Selena Gomez	1	['0XLOf9LhyazPX9Ld8jPiUq']
Jul	Marwa Loud	1	['16pMGll7Ngwq32CrLEMyxa']
Damso	Youri	1	['1lQBpwzlkwNiRyCiifKtRA']
Eminem	X Ambassadors	1	['5p9ufaI7TwrlXtmiKCz3q3']
Camila Cabello	Major Lazer	1	['3Ytr1SUCUi6J3L9dRFx5iH']
Camila Cabello	Quavo	1	['3Ytr1SUCUi6J3L9dRFx5iH']
Camila Cabello	Travis Scott	1	['3Ytr1SUCUi6J3L9dRFx5iH']
Major Lazer	Quavo	1	['3Ytr1SUCUi6J3L9dRFx5iH']
Major Lazer	Travis Scott	1	['3Ytr1SUCUi6J3L9dRFx5iH']
Post Malone	Quavo	1	['3a1lNhkSLSkpJE4MSHpDu9']
Nej	Rohff	1	['1oY0YfnjTTsmOy4alu5Aml']
Bebe Rexha	G-Eazy	1	['40YcuQysJ0KlGQTeGUosTC']
Francesco Yates	Robin Schulz	1	['5tf1VVWniHgryyumXyJM7w']
Avicii	Rita Ora	1	['2OALaHcDdKkjYEpAr0Qzab']
Lacrim	Paigey Cakey	1	['7n29no7Sz3JiKfovk2mdoe']
Kendrick Lamar	Zacari	1	['6PGoSes0D9eUDeeAafB2As']
Benash	Shay	1	['4I2Z1gxRN4f55EmMwhzKxK']
Damso	Shay	1	['4I2Z1gxRN4f55EmMwhzKxK']
Mister V	Tortoz	1	['3LVYyIwOw16nmkzvLK7mAF']
Gradur	Ninho	1	['4HeTbgW1dDHxE8LrNL5HDP']
David Guetta	Jamie Scott	1	['0OlnLZY4cmQzT6ZGttvWBM']
David Guetta	Martin Garrix	1	['0OlnLZY4cmQzT6ZGttvWBM']
David Guetta	Romy Dya	1	['0OlnLZY4cmQzT6ZGttvWBM']
Jamie Scott	Martin Garrix	1	['0OlnLZY4cmQzT6ZGttvWBM']
Jamie Scott	Romy Dya	1	['0OlnLZY4cmQzT6ZGttvWBM']
Martin Garrix	Romy Dya	1	['0OlnLZY4cmQzT6ZGttvWBM']
Eminem	Pink	1	['4hGZxsGcFnuCJXn25EWj5j']
Dadju	Niska	1	['64qdods9r5p6wovmRZdyg3']
Alonzo	Lartiste	1	['0aMAFoeP14eOVCxVBziEv9']
Deen Burbigo	Jok'air	1	['3QQxzoQ3EWOCRk4YKb1rqB']
Zay Hilfigerrr	Zayion McCall	1	['1lItf5ZXJc1by9SbPeljFd']
Awa Imani	Lartiste	1	['4fwtP5khM1iEoa6BP1QQsX']
Kalash	Niska	1	['2bN31IEckRU6jEj416ABvc']
Jonas Blue	RAYE	1	['1D3ODoXHBLpdxolZRHWV1j']
Suikon Blaz AD	Vald	1	['7jCgPNvhv49ndkJWrV6lEh']
Aya Nakamura	Dadju	1	['6a3WblrDK54b4Mgf2YEdCs']
Fifth Harmony	Ty Dolla $ign	1	['4tCtwWceOPWzenK2HAIJSb']
Juice	Mister V	1	['0P8n6AIBVc88gxbliu0lej']
Murkage Dave	Nekfeu	1	['1ka8yYr5OnUrh0k59d7Gfd']
DTF	N.O.S	1	['1wlENIsHNc9Iz4K1pFKgOT']
JAY-Z	Linkin Park	1	['5sNESr6pQfIhL3krM8CtZn']
Aya Nakamura	Fally Ipupa	1	['0FSmLzJo6mRBJfh7JbJjuC']
Camila Cabello	Young Thug	1	['0ofbQMrRDsUaVKq2mGLEAb']
Beyoncé	Ed Sheeran	1	['1bhUWB0zJMIKr9yVPrkEuI']
Flasko	MMZ	1	['5WLZkDC9VkhxWYTYHy5FWk']
French Montana	Lacrim	1	['3xf9GbVqLnDgL2x0xztcTV']
Booba	Lacrim	1	['0z18wqbjuXTxzaNm4oegU2']
Kesha	Macklemore	1	['2Za1AlJNvksouPPWbXpR2X']
Louane	The Chainsmokers	1	['5xhJmd0I15jFcEdqxfCzKk']
Cardi B	Migos	1	['1YZfcVLbbJwfizR5cDOp3q']
Cardi B	Nicki Minaj	1	['1YZfcVLbbJwfizR5cDOp3q']
Migos	Nicki Minaj	1	['1YZfcVLbbJwfizR5cDOp3q']
Kalash Criminel	Mac Tyer	1	['6zQyTiNXgxLpD0RqUxeDVz']
Kalash Criminel	Vald	1	['6zQyTiNXgxLpD0RqUxeDVz']
Mac Tyer	Sofiane	1	['6zQyTiNXgxLpD0RqUxeDVz']
Mac Tyer	Vald	1	['6zQyTiNXgxLpD0RqUxeDVz']
Sofiane	Vald	1	['6zQyTiNXgxLpD0RqUxeDVz']
Dyo	NEIKED	1	['3AsAuGTaDQzavZZThyYlop']
Dika	Naps	1	['4eAavD2RXNur3pnEul99pE']
MØ	Snakehips	1	['0Zx8khUcEfCFK2AEoIhC92']
Lacrim	Ninho	1	['5HrXDe1X7CmcrAImUTfBnv']
B. Swanson Quartet	Frank Sinatra	1	['7inXu0Eaeg02VsM8kHNvzM']
Taylor Swift	ZAYN	1	['3NdDpSvN911VPGivFlV5d0']
Olivia O'Brien	gnash	1	['7vRriwrloYVaoAe3a9wJHe']
Major Lazer	Nicki Minaj	1	['0fg8CqpjdojMyXLNzM2PaJ']
Major Lazer	PARTYNEXTDOOR	1	['0fg8CqpjdojMyXLNzM2PaJ']
Nicki Minaj	PARTYNEXTDOOR	1	['0fg8CqpjdojMyXLNzM2PaJ']
Camila Cabello	Machine Gun Kelly	1	['1PSBzsahR2AKwLJgx8ehBj']
JP Cooper	Jonas Blue	1	['1CUVN2kn7mW5FjkqXTR2W1']
GLK	Graya	1	['6sCbcdJxuqC358BDBWjhCE']
GLK	Ninho	1	['6sCbcdJxuqC358BDBWjhCE']
GLK	Riane	1	['6sCbcdJxuqC358BDBWjhCE']
GLK	The S	1	['6sCbcdJxuqC358BDBWjhCE']
Graya	Ninho	1	['6sCbcdJxuqC358BDBWjhCE']
Graya	Riane	1	['6sCbcdJxuqC358BDBWjhCE']
Graya	Sofiane	1	['6sCbcdJxuqC358BDBWjhCE']
Graya	The S	1	['6sCbcdJxuqC358BDBWjhCE']
Ninho	Riane	1	['6sCbcdJxuqC358BDBWjhCE']
Ninho	The S	1	['6sCbcdJxuqC358BDBWjhCE']
Riane	Sofiane	1	['6sCbcdJxuqC358BDBWjhCE']
Riane	The S	1	['6sCbcdJxuqC358BDBWjhCE']
Sofiane	The S	1	['6sCbcdJxuqC358BDBWjhCE']
Nick Jonas	Nicki Minaj	1	['4nDfc6F2uVcc6wdG7kBzWO']
Marina Kaye	Soprano	1	['6iwkDhmdFfXu9RpjXrgFhz']
Bryson Tiller	DJ Khaled	1	['1OAh8uOEOvTDqkKFsKksCi']
Bryson Tiller	Rihanna	1	['1OAh8uOEOvTDqkKFsKksCi']
DJ Khaled	Rihanna	1	['1OAh8uOEOvTDqkKFsKksCi']
Dua Lipa	Martin Garrix	1	['3ebXMykcMXOcLeJ9xZ17XH']
Kalash	Still Fresh	1	['48HzeAouyKADHTE4xu5ehu']
Alpha Wann	Caballero	1	['7jli3QR8e7nanIo5h8s97v']
Alpha Wann	Doums	1	['7jli3QR8e7nanIo5h8s97v']
Caballero	Doums	1	['7jli3QR8e7nanIo5h8s97v']
Caballero	Sneazzy	1	['7jli3QR8e7nanIo5h8s97v']
Doums	Sneazzy	1	['7jli3QR8e7nanIo5h8s97v']
MHD	Niska	1	['3gO8sS8nMNuVwqMyJKRs3b']
DJ Babs	Djadja & Dinaz	1	['36rJPxwMaQV4EL7N8f8UXO']
Daya	The Chainsmokers	1	['0QsvXIfqM0zZoerQfsI9lm']
PARTYNEXTDOOR	ZAYN	1	['000xQL6tZNLJzIrtIgxqSl']
Ryan Riback	Starley	1	['78rIJddV4X0HkNAInEcYde']
Niska	Skaodi	1	['7dl9BHIXXkBb3zsgWjRchZ']
Lido	Petit Biscuit	1	['7wKzj1b8YKPuZELfVDz708']
Ger	Hors Ligne	1	['6Ge69h4yge4yWg0272miHy']
Ger	Moubarak	1	['6Ge69h4yge4yWg0272miHy']
Ger	Norey Fz	1	['6Ge69h4yge4yWg0272miHy']
Hors Ligne	Moubarak	1	['6Ge69h4yge4yWg0272miHy']
Hors Ligne	Norey Fz	1	['6Ge69h4yge4yWg0272miHy']
Moubarak	Norey Fz	1	['6Ge69h4yge4yWg0272miHy']
Alan Walker	Gavin James	1	['3t0J8vI9StQD8KIBkT2Cp5']
Alan Walker	Kygo	1	['3t0J8vI9StQD8KIBkT2Cp5']
Gavin James	Kygo	1	['3t0J8vI9StQD8KIBkT2Cp5']
Booba	Dosseh	1	['63z6p4gpgnpZprANkpBIHH']
MHD	Zaho	1	['5BApvdlSsPBHVr5i0ItN50']
Gucci Mane	Migos	1	['1XRgIKC5TPwo7nWGyKqgG0']
Drake	Sampha	1	['2fkeWbM6iqTw7oGHTYm2lw']
Demi Lovato	Luis Fonsi	1	['1zsG4eaZmkA1dvjDDsAGLK']
Black Coffee	Drake	1	['7y6c07pgjZvtHI9kuMVqk1']
Black Coffee	Jorja Smith	1	['7y6c07pgjZvtHI9kuMVqk1']
Drake	Jorja Smith	1	['7y6c07pgjZvtHI9kuMVqk1']
Avicii	Sandro Cavazza	1	['6WbADFqMvR8N5u0BvtsWQE']
Dadju	Franglish	1	['51PPDB9v8QOMkiUe06eYfc']
Booba	Siboy	1	['0wHnH26dEP4HLFTgC1rFM0']
Merryn Jeann	Møme	1	['6HViP4DVYa8gQtxLndmhwu']
Jok'air	Laylow	1	['5PVKAKFQw3yqa5lsfCiJqk']
Jok'air	Sneazzy	1	['5PVKAKFQw3yqa5lsfCiJqk']
Laylow	Sneazzy	1	['5PVKAKFQw3yqa5lsfCiJqk']
Eminem	Phresher	1	['2MdMjF20umbTe4y2FgdnG8']
Alonzo	Gradur	1	['0sqOIwjQoaiEXcSgl8iqsi']
Alonzo	Nyda	1	['0sqOIwjQoaiEXcSgl8iqsi']
Gradur	MHD	1	['0sqOIwjQoaiEXcSgl8iqsi']
Gradur	Nyda	1	['0sqOIwjQoaiEXcSgl8iqsi']
MHD	Nyda	1	['0sqOIwjQoaiEXcSgl8iqsi']
Deen Burbigo	Nekfeu	1	['7FXXVMGfMLy1IkmgDIZJBp']
Boozoo	Sofiane	1	['2PdPY7ugCRGX9TERhhEtPW']
Future	Maroon 5	1	['5NNlUMcOEOdoOIwwaWXv0k']
Drake	Rihanna	1	['14WWzenpaEgQZlqPq2nk4v']
Jason Derulo	Nicki Minaj	1	['6kex4EBAj0WHXDKZMEJaaF']
Jason Derulo	Ty Dolla $ign	1	['6kex4EBAj0WHXDKZMEJaaF']
Nicki Minaj	Ty Dolla $ign	1	['6kex4EBAj0WHXDKZMEJaaF']
Rim'K	SCH	1	['5Y8xlzhEKsvgl1NxO3LPbY']
Martin Garrix	Troye Sivan	1	['6jA8HL9i4QGzsj6fjoxp8Y']
Grey	Hailee Steinfeld	1	['1qOLh0tI7trd1zdDKxYZTe']
Grey	Zedd	1	['1qOLh0tI7trd1zdDKxYZTe']
Hailee Steinfeld	Zedd	1	['1qOLh0tI7trd1zdDKxYZTe']
Deorro	Elvis Crespo	1	['1A5yplwEk6cJbAL63L6bkp']
Deorro	Pitbull	1	['1A5yplwEk6cJbAL63L6bkp']
Elvis Crespo	Pitbull	1	['1A5yplwEk6cJbAL63L6bkp']
John Lennon	The Harlem Community Choir	1	['3zJw3rugfpVrmBeDDnUYzy']
John Lennon	The Plastic Ono Band	1	['3zJw3rugfpVrmBeDDnUYzy']
John Lennon	Yoko Ono	1	['3zJw3rugfpVrmBeDDnUYzy']
The Harlem Community Choir	The Plastic Ono Band	1	['3zJw3rugfpVrmBeDDnUYzy']
The Harlem Community Choir	Yoko Ono	1	['3zJw3rugfpVrmBeDDnUYzy']
The Plastic Ono Band	Yoko Ono	1	['3zJw3rugfpVrmBeDDnUYzy']
Matoma	The Vamps	1	['1yNyoWWWikbLhwIGWjZuDW']
Bebe Rexha	Digital Farm Animals	1	['7F9vK8hNFMml4GtHsaXui6']
Bebe Rexha	Louis Tomlinson	1	['7F9vK8hNFMml4GtHsaXui6']
Digital Farm Animals	Louis Tomlinson	1	['7F9vK8hNFMml4GtHsaXui6']
Callie Hernandez	Emma Stone	1	['7xE4vKvjqUTtHyJ9zi0k1q']
Callie Hernandez	Jessica Rothe	1	['7xE4vKvjqUTtHyJ9zi0k1q']
Callie Hernandez	Sonoya Mizuno	1	['7xE4vKvjqUTtHyJ9zi0k1q']
Emma Stone	Jessica Rothe	1	['7xE4vKvjqUTtHyJ9zi0k1q']
Emma Stone	Sonoya Mizuno	1	['7xE4vKvjqUTtHyJ9zi0k1q']
Jessica Rothe	Sonoya Mizuno	1	['7xE4vKvjqUTtHyJ9zi0k1q']
Emily Warren	FRENSHIP	1	['2XMTqoHHSH0lvuXrvIEdco']
Ephemerals	Kungs	1	['6iTVIAqZpHmCK9jrpDyDVo']
Bigflo & Oli	Notre père Fabian	1	['3rZOxTTcFAibCaB7Ljj3oG']
Daecolm	Feder	1	['0dJhKHDhqu1QYWfMy54G3F']
Alessia Cara	Khalid	1	['5tz69p7tJuGPeMGwNTxYuV']
Alessia Cara	Logic	1	['5tz69p7tJuGPeMGwNTxYuV']
Khalid	Logic	1	['5tz69p7tJuGPeMGwNTxYuV']
Mike Posner	Seeb	1	['17Fd6Yb7mSbinKG8LoWfFl']
DJ Hamida	Lartiste	1	['2ixB59eXNIH8qyEMP15IOj']
Lana Del Rey	The Weeknd	1	['5LYQSNHZxEA880URXFHg6h']
Booba	Sidiki Diabaté	1	['61TEjsLb7OlStCTpQfcHnC']
Niska	Sidiki Diabaté	1	['61TEjsLb7OlStCTpQfcHnC']
Hayce Lemsi	Mister V	1	['00cbRAOr6wTPE9WBMejhiM']
Mister V	Volts Face	1	['00cbRAOr6wTPE9WBMejhiM']
Clean Bandit	Julia Michaels	1	['2xmrfQpmS2iJExTlklLoAL']
Bigflo & Oli	Busta Rhymes	1	['7pKIJN5rpBkJJ7kCP75meo']
Anne-Marie	Clean Bandit	1	['5knuzwU65gJK7IF5yJsuaW']
Anne-Marie	Sean Paul	1	['5knuzwU65gJK7IF5yJsuaW']
Clean Bandit	Sean Paul	1	['5knuzwU65gJK7IF5yJsuaW']
Hayce Lemsi	Hooss	1	['69CNBc8diXF0AYfd0fdP6W']
Hooss	Volts Face	1	['69CNBc8diXF0AYfd0fdP6W']
Kendrick Lamar	Sia	1	['7xHWNBFm6ObGEQPaUxHuKO']
Alessia Cara	Zedd	1	['0dA2Mk56wEzDgegdC6R17g']
David Guetta	Justin Bieber	1	['3A7qX2QjDlPnazUsRk5y0M']
Jok'air	Sadek	1	['7glCCLrAWlSB0E16XeoSMt']
Damso	Lacrim	1	['4eUxD9V0Df1prftDNBpQ9Z']
Ed Sheeran	Eminem	1	['5UEnHoDYpsxlfzWLZIc7LD']
Ghali	Lacrim	1	['2Ybq4O3JksrB02I1glWh65']
Halsey	The Chainsmokers	1	['7BKLCZ1jbUBVqRi2FVlTVw']
Felix Jaehn	OMI	1	['7vFoFDWqTX0mHzLfrF1Cfy']
Gradur	Sadek	1	['3zLMWD22TUiKZ3L6FPjiCL']
Gucci Mane	Rae Sremmurd	1	['6fujklziTHa8uoM5OQSfIo']
Ariana Grande	Nicki Minaj	1	['4pLwZjInHj3SimIyN9SnOz']
Travis Scott	Young Thug	1	['20dP2DaMHIAmwWAbp7peSr']
BMYE	DJ Myst	1	['450XNJRan5KMcpueK59gGo']
BMYE	Hiro	1	['450XNJRan5KMcpueK59gGo']
BMYE	Jay Max	1	['450XNJRan5KMcpueK59gGo']
BMYE	KeBlack	1	['450XNJRan5KMcpueK59gGo']
BMYE	Naza	1	['450XNJRan5KMcpueK59gGo']
BMYE	Youssoupha	1	['450XNJRan5KMcpueK59gGo']
DJ Myst	Hiro	1	['450XNJRan5KMcpueK59gGo']
DJ Myst	Jay Max	1	['450XNJRan5KMcpueK59gGo']
DJ Myst	KeBlack	1	['450XNJRan5KMcpueK59gGo']
DJ Myst	Naza	1	['450XNJRan5KMcpueK59gGo']
DJ Myst	Youssoupha	1	['450XNJRan5KMcpueK59gGo']
Hiro	Jay Max	1	['450XNJRan5KMcpueK59gGo']
Hiro	KeBlack	1	['450XNJRan5KMcpueK59gGo']
Hiro	Naza	1	['450XNJRan5KMcpueK59gGo']
Hiro	Youssoupha	1	['450XNJRan5KMcpueK59gGo']
Jay Max	KeBlack	1	['450XNJRan5KMcpueK59gGo']
Jay Max	Naza	1	['450XNJRan5KMcpueK59gGo']
Jay Max	Youssoupha	1	['450XNJRan5KMcpueK59gGo']
KeBlack	Naza	1	['450XNJRan5KMcpueK59gGo']
KeBlack	Youssoupha	1	['450XNJRan5KMcpueK59gGo']
Naza	Youssoupha	1	['450XNJRan5KMcpueK59gGo']
Naza	Ohmondieusalva	1	['2XFRVLYfKMK3BmcynvdYt7']
Calvin Harris	Rihanna	1	['0azC730Exh71aQlOt9Zj3y']
DJ Snake	Max Frost	1	['0J47tsoZf95YNsIHnNBo9p']
Ozuna	Wisin	1	['2cnKEkpVUSV4wnjQiTWfH6']
2 Chainz	Drake	1	['0xl1w2q4VLojeXp4JfazPL']
2 Chainz	Young Thug	1	['0xl1w2q4VLojeXp4JfazPL']
Kaaris	Sofiane	1	['4s7OqcUEyLJ1RkbzBopRGt']
Trippie Redd	XXXTENTACION	1	['7AQim7LbvFVZJE3O8TYgf2']
Bill Pinkney	Clyde McPhatter	1	['0iyrGs4yXc2lWQCqCgCx0C']
Bill Pinkney	The Drifters	1	['0iyrGs4yXc2lWQCqCgCx0C']
Clyde McPhatter	The Drifters	1	['0iyrGs4yXc2lWQCqCgCx0C']
Phoebe Ryan	The Chainsmokers	1	['2rizacJSyD9S1IQUxUxnsK']
Booba	Fally Ipupa	1	['42Repb4VlMz0HWpBYqyiRC']
Louis Tomlinson	Steve Aoki	1	['3EmmCZoqpWOTY1g2GBwJoR']
Emmi	Feder	1	['0ru2WYJ9xIMwc5MmU4MyOg']
MHD	Sofiane	1	['0JeQXP1wCcSp4PNqtUCeYd']
Hooss	Rim'K	1	['7jn2j3IRq37mEmUI6UaoDR']
Booba	Gato	1	['2OyrNLP00LCDYFC5MMtdHq']
Diplo	MØ	1	['68m6iwhKElLTBaGRG1LLwE']
Kiiara	Linkin Park	1	['104buTcnP2AsxqB7U1FIZ4']
Kygo	The Night Game	1	['1Bxzw8ag71snOU9IbhXVD6']
Maître Gims	Orelsan	1	['0VhkA3NAwIFfVW4NFCbAOD']
Sofiane	Timal	1	['3w49WFqZkijL4X6BdH9mD1']
Timal	YL	1	['3w49WFqZkijL4X6BdH9mD1']
Framal	Jazzy Bazz	1	['1hVEHazr1EDumcrGlEU5XF']
Framal	Nekfeu	1	['1hVEHazr1EDumcrGlEU5XF']
Jazzy Bazz	Nekfeu	1	['1hVEHazr1EDumcrGlEU5XF']
GLK	Hornet La Frappe	1	['2pA1oug5Xo7BLEkWSAsO0X']
GLK	YL	1	['2pA1oug5Xo7BLEkWSAsO0X']
Hornet La Frappe	YL	1	['2pA1oug5Xo7BLEkWSAsO0X']
Lacrim	Madd	1	['1MSSiqvyt1X0RC5LGzjM57']
Lacrim	Shayfeen	1	['1MSSiqvyt1X0RC5LGzjM57']
Madd	Shayfeen	1	['1MSSiqvyt1X0RC5LGzjM57']
Dadju	Fally Ipupa	1	['1VaQdhu4wt5Ic8GEmjIiF2']
Dadju	KeBlack	1	['1VaQdhu4wt5Ic8GEmjIiF2']
Fally Ipupa	KeBlack	1	['1VaQdhu4wt5Ic8GEmjIiF2']
Izïa	Naive New Beaters	1	['4J6xvZhJh26lmAEAXGDCKu']
Dany Synthé	Maître Gims	1	['3up1uPuvL5vkfJ6aOeSRtD']
Dany Synthé	SoFLY & Nius	1	['3up1uPuvL5vkfJ6aOeSRtD']
Maître Gims	SoFLY & Nius	1	['3up1uPuvL5vkfJ6aOeSRtD']
Fuse ODG	Major Lazer	1	['0L7loeTIg6akW84aEQZpCT']
Fuse ODG	Nyla	1	['0L7loeTIg6akW84aEQZpCT']
Major Lazer	Nyla	1	['0L7loeTIg6akW84aEQZpCT']
Alivor	Lartiste	1	['1jCnQf9BhMMnIvq8ETzFry']
Alivor	Lino	1	['1jCnQf9BhMMnIvq8ETzFry']
Alivor	Medine	1	['1jCnQf9BhMMnIvq8ETzFry']
Alivor	Ninho	1	['1jCnQf9BhMMnIvq8ETzFry']
Alivor	Seth Gueko	1	['1jCnQf9BhMMnIvq8ETzFry']
Alivor	Sofiane	1	['1jCnQf9BhMMnIvq8ETzFry']
Alivor	Youssoupha	1	['1jCnQf9BhMMnIvq8ETzFry']
Lartiste	Lino	1	['1jCnQf9BhMMnIvq8ETzFry']
Lartiste	Medine	1	['1jCnQf9BhMMnIvq8ETzFry']
Lartiste	Ninho	1	['1jCnQf9BhMMnIvq8ETzFry']
Lartiste	Seth Gueko	1	['1jCnQf9BhMMnIvq8ETzFry']
Lartiste	Sofiane	1	['1jCnQf9BhMMnIvq8ETzFry']
Lartiste	Youssoupha	1	['1jCnQf9BhMMnIvq8ETzFry']
Lino	Medine	1	['1jCnQf9BhMMnIvq8ETzFry']
Lino	Ninho	1	['1jCnQf9BhMMnIvq8ETzFry']
Lino	Seth Gueko	1	['1jCnQf9BhMMnIvq8ETzFry']
Lino	Sofiane	1	['1jCnQf9BhMMnIvq8ETzFry']
Lino	Youssoupha	1	['1jCnQf9BhMMnIvq8ETzFry']
Medine	Ninho	1	['1jCnQf9BhMMnIvq8ETzFry']
Medine	Seth Gueko	1	['1jCnQf9BhMMnIvq8ETzFry']
Medine	Sofiane	1	['1jCnQf9BhMMnIvq8ETzFry']
Medine	Youssoupha	1	['1jCnQf9BhMMnIvq8ETzFry']
Ninho	Seth Gueko	1	['1jCnQf9BhMMnIvq8ETzFry']
Ninho	Youssoupha	1	['1jCnQf9BhMMnIvq8ETzFry']
Seth Gueko	Sofiane	1	['1jCnQf9BhMMnIvq8ETzFry']
Seth Gueko	Youssoupha	1	['1jCnQf9BhMMnIvq8ETzFry']
Sofiane	Youssoupha	1	['1jCnQf9BhMMnIvq8ETzFry']
Michael Bublé	Shania Twain	1	['2gbCG4Rt9984UZ7Tc0dIFd']
Daddy Yankee	Justin Bieber	1	['5CtI0qwDJkDQGwXD1H1cLb']
Justin Bieber	Luis Fonsi	1	['5CtI0qwDJkDQGwXD1H1cLb']
Cheat Codes	Kris Kross Amsterdam	1	['5DA77EqppDmCTWGovd4oTP']
Dakota	Jonas Blue	1	['6OZh916QF8XNunWaP97WEZ']
Eminem	Skylar Grey	1	['107CfwBqfICzcKur8k7UCA']
Dizzee Rascal	Nekfeu	1	['1Tx2jZNOvlrj20ctkCg8vR']
Dizzee Rascal	Orelsan	1	['1Tx2jZNOvlrj20ctkCg8vR']
Nekfeu	Orelsan	1	['1Tx2jZNOvlrj20ctkCg8vR']
Sia	ZAYN	1	['1j4kHkkpqZRBwE0A4CN4Yv']
Cookin' On 3 Burners	Kungs	1	['0tICYNayWWhH9GPeFrfjfD']
James Blunt	Robin Schulz	1	['3bWAqKDWg6u1davspr5IkS']
Clean Bandit	Zara Larsson	1	['1x5sYLZiu9r5E43kMlt9f8']
Alex Aiono	Feder	1	['6c12fBpCtuVIq8OFxT0A3S']
Imagine Dragons	Lil Wayne	1	['4dASQiO1Eoo3RJvt74FtXB']
Imagine Dragons	Logic	1	['4dASQiO1Eoo3RJvt74FtXB']
Imagine Dragons	Ty Dolla $ign	1	['4dASQiO1Eoo3RJvt74FtXB']
Imagine Dragons	Wiz Khalifa	1	['4dASQiO1Eoo3RJvt74FtXB']
Imagine Dragons	X Ambassadors	1	['4dASQiO1Eoo3RJvt74FtXB']
Lil Wayne	Logic	1	['4dASQiO1Eoo3RJvt74FtXB']
Lil Wayne	Ty Dolla $ign	1	['4dASQiO1Eoo3RJvt74FtXB']
Lil Wayne	Wiz Khalifa	1	['4dASQiO1Eoo3RJvt74FtXB']
Lil Wayne	X Ambassadors	1	['4dASQiO1Eoo3RJvt74FtXB']
Logic	Ty Dolla $ign	1	['4dASQiO1Eoo3RJvt74FtXB']
Logic	Wiz Khalifa	1	['4dASQiO1Eoo3RJvt74FtXB']
Logic	X Ambassadors	1	['4dASQiO1Eoo3RJvt74FtXB']
Ty Dolla $ign	Wiz Khalifa	1	['4dASQiO1Eoo3RJvt74FtXB']
Ty Dolla $ign	X Ambassadors	1	['4dASQiO1Eoo3RJvt74FtXB']
Wiz Khalifa	X Ambassadors	1	['4dASQiO1Eoo3RJvt74FtXB']
Kalash Criminel	KeBlack	1	['2cMupQ1HCvkbSk2nNSRlXw']
Dosseh	Nekfeu	1	['4HhvKoIbSn9lGKg2rDmAuD']
Future	Rihanna	1	['2Ce5IyMlVRVvN997ZJjJJA']
Filatov & Karas	Imany	1	['00vk0sEfb6mr2ehwSw0Uhn']
Katy Perry	Nicki Minaj	1	['2kVHAQKVtczchKctctzbtK']
Joyce Jonathan	Vianney	1	['0ndln0GEXxhuwj3sVzFqXO']
HEDIA	Kristen Marie	1	['2eqHbYG0r90Y3LpZVjQOJX']
Kendrick Lamar	Rihanna	1	['6SwRhMLwNqEi6alNPVG00n']
Lacrim	Rimkus	1	['3RSj2Chb6PwRgLQZlHvkYX']
Mike Perry	SHY Martin	1	['2CPqh63wRVscbceKcPxwvv']
Cheat Codes	David Guetta	1	['1cG0umU5TKStygKsPFZ9pY']
Cheat Codes	Robin Schulz	1	['1cG0umU5TKStygKsPFZ9pY']
David Guetta	Robin Schulz	1	['1cG0umU5TKStygKsPFZ9pY']
DJ Snake	Justin Bieber	1	['4pdPtRcBmOSQDlJ3Fk945m']
KYLE	Lil Yachty	1	['2EEeOnHehOozLq4aS0n6SL']
Future	Kiiara	1	['14EgW52HVqnLHd30bgbPxg']
Future	Ty Dolla $ign	1	['14EgW52HVqnLHd30bgbPxg']
Kiiara	Ty Dolla $ign	1	['14EgW52HVqnLHd30bgbPxg']
Benash	Siboy	1	['6xcXAVbDuVT1pCsa2rmDHY']
Damso	Siboy	1	['6xcXAVbDuVT1pCsa2rmDHY']
13ème Art	Graya	1	['337NxxJAxClIStxYcu7HNG']
13ème Art	Kalif	1	['337NxxJAxClIStxYcu7HNG']
13ème Art	Raisse	1	['337NxxJAxClIStxYcu7HNG']
13ème Art	YL	1	['337NxxJAxClIStxYcu7HNG']
Graya	Kalif	1	['337NxxJAxClIStxYcu7HNG']
Graya	Naps	1	['337NxxJAxClIStxYcu7HNG']
Graya	Raisse	1	['337NxxJAxClIStxYcu7HNG']
Graya	YL	1	['337NxxJAxClIStxYcu7HNG']
Kalif	Naps	1	['337NxxJAxClIStxYcu7HNG']
Kalif	Raisse	1	['337NxxJAxClIStxYcu7HNG']
Kalif	YL	1	['337NxxJAxClIStxYcu7HNG']
Naps	Raisse	1	['337NxxJAxClIStxYcu7HNG']
Naps	YL	1	['337NxxJAxClIStxYcu7HNG']
Raisse	YL	1	['337NxxJAxClIStxYcu7HNG']
Bebe Rexha	Martin Garrix	1	['04DwTuZ2VBdJCCC5TROn7L']
Maluma	Shakira	1	['6mICuAdrwEjh6Y6lroV2Kg']
Hayce Lemsi	Jok'air	1	['2SYzK3AXKXPk4bh3hWrmQb']
Nekfeu	Nepal	1	['2gcZZpnrxbShZPLKiNUVga']
Drake	Kyla	1	['1xznGGDReH1oQq0xzbwXa3']
Drake	WizKid	1	['1xznGGDReH1oQq0xzbwXa3']
Kyla	WizKid	1	['1xznGGDReH1oQq0xzbwXa3']
Alonzo	Soprano	1	['6NihZMHV5S2w0GdHDSbD7I']
Kalash	Lacrim	1	['1iFxopCZEDxqOyusE43qMj']
2zer	Doums	1	['0xH4qR6s5TqdzMKRkloBnh']
2zer	Mekra	1	['0xH4qR6s5TqdzMKRkloBnh']
2zer	Nekfeu	1	['0xH4qR6s5TqdzMKRkloBnh']
2zer	Nemir	1	['0xH4qR6s5TqdzMKRkloBnh']
Doums	Mekra	1	['0xH4qR6s5TqdzMKRkloBnh']
Doums	Nekfeu	1	['0xH4qR6s5TqdzMKRkloBnh']
Doums	Nemir	1	['0xH4qR6s5TqdzMKRkloBnh']
Mekra	Nekfeu	1	['0xH4qR6s5TqdzMKRkloBnh']
Mekra	Nemir	1	['0xH4qR6s5TqdzMKRkloBnh']
Cheat Codes	Demi Lovato	1	['1louJpMmzEicAn7lzDalPW']
Charlie Puth	Selena Gomez	1	['68EMU2RD1ECNeOeJ5qAXCV']
OneRepublic	Seeb	1	['7aF09WaavZAmAWuUeYxlYD']
A$AP Rocky	Alicia Keys	1	['5FOAptZGxeMAO0BJSQh2fc']
KeBlack	Niska	1	['15WefT50EMUmlyvHYF3g9E']
Orelsan	Stromae	1	['4cYFep5SECqb4EsSkF82e0']
Damso	Vald	1	['0NUvPSk4VzBW0ClqgGxNRj']
Ibeyi	Orelsan	1	['3SgnYOV9ONL0bIHaAcOYE1']
Lacrim	Mister You	1	['6f035MsUWVN5khFQN4nqTB']
Kygo	Selena Gomez	1	['3eR23VReFzcdmS7TYCrhCe']
Dua Lipa	Sean Paul	1	['3cFsmM51N5zMAuu1nNY4Tw']
Fakear	Rae Morris	1	['3BMcY4M9KsjoQk3FiNU7Er']
Ellie Goulding	Kygo	1	['2Gl0FzuLxflY6nPifJp5Dr']
