position	song_id	song_name	artist	streams	last_week_position	weeks_on_chart	peak_position	position_status
1	7qiZfU4dY1lWllzX7mPBI3	Shape of You	Ed Sheeran	2427584	1	6	1	0
2	1a5Yu5L18qNxVhXx38njON	Hear Me Now	Alok	2128990	2	7	1	0
3	6m2LNopVJKsvBB9l7Z1rwn	Olha a Explosão	MC Kevinho	2091230	3	7	3	0
4	6520aj0B4FSKGVuKNsOCOi	Chained To The Rhythm	Katy Perry	1891826	nan	1	4	new
5	257tme6AhneIKAqVF1HTH4	Loka	Simone & Simaria	1677856	5	6	4	0
6	0u8aj0c4IxeVSLTUuuq9V5	Você Partiu Meu Coração	Nego do Borel	1606689	6	5	6	0
7	0EPxmvsG1BY5td4aTOkWBF	Deu Onda	MC G15	1596414	4	7	1	-3
8	4FHw39Ke6pVt5tNKvLr4r3	Vidinha de Balada - Ao Vivo	Henrique & Juliano	1458537	27	2	8	19
9	2d3TbSkAscvT3QRQalq6uT	Te Assumi Pro Brasil - Ao Vivo	Matheus & Kauan	1368045	7	7	6	-2
10	3NdDpSvN911VPGivFlV5d0	"I Don’t Wanna Live Forever (Fifty Shades Darker) - From ""Fifty Shades Darker (Original Motion Picture Soundtrack)"""	ZAYN	1349070	14	7	10	4
11	45wqPwIH4A5cr2IyyD4WKf	Eu Sei de Cor - Ao Vivo | Acústico	Marília Mendonça	1223289	8	7	4	-3
12	5aAx2yezTd8zXrkmtKl66Z	Starboy	The Weeknd	1132509	9	7	6	-3
13	5SnQDj5REQVvAdSlhqkEcE	Malbec (Part. Dennis Dj) - Ao Vivo	Henrique & Diego	1091221	12	7	12	-1
14	2CW04trIoYMbroZWDzPAjs	Medo Bobo - Ao Vivo	Maiara & Maraisa	1090290	10	7	5	-4
15	7BKLCZ1jbUBVqRi2FVlTVw	Closer	The Chainsmokers	1023555	11	7	3	-4
16	6zCqeUUqLb2CapBmVwAHll	Meu Coração Deu PT - Ao Vivo	Wesley Safadão	1022356	15	7	7	-1
17	4FxumkF81ICxITeqxx4nK9	Sim ou não (participação especial Maluma)	Anitta	1005009	16	7	10	-1
18	6mICuAdrwEjh6Y6lroV2Kg	Chantaje (feat. Maluma)	Shakira	995146	13	7	13	-5
19	0jIitZeIQRTaZgFQf2WpGK	Decide Aí - Na Praia / Ao Vivo	Matheus & Kauan	985058	19	7	13	0
20	72jbDTw1piOOj770jWNeaG	Paris	The Chainsmokers	974248	17	5	17	-3
21	4pdPtRcBmOSQDlJ3Fk945m	Let Me Love You	DJ Snake	971415	20	7	11	-1
22	2wFnRPjuqwNySFiK0Qfg8L	10% - Ao Vivo	Maiara & Maraisa	965188	18	7	6	-4
23	6vve9WKW5I7fQzkU8dNsUE	E Essa Boca Aí? - Ao Vivo	Bruninho & Davi	961228	22	7	21	-1
24	5MFzQMkrl1FOOng9tq6R9r	Don't Wanna Know	Maroon 5	909881	21	7	16	-3
25	4aAq1afusFG6jRiOSHQZvN	Tumbalatum	MC Kevinho	895219	24	7	24	-1
26	2GfxgssRHvY1azHtaRqKoK	Paredes - Ao Vivo	Jorge & Mateus	856815	28	7	19	2
27	4YhPcVIxIAJrLhFVPGbJkE	De Quem É a Culpa? - Ao Vivo	Marília Mendonça	849658	35	5	27	8
28	4pLwZjInHj3SimIyN9SnOz	Side To Side	Ariana Grande	831904	26	7	20	-2
29	5knuzwU65gJK7IF5yJsuaW	Rockabye (feat. Sean Paul & Anne-Marie)	Clean Bandit	820176	25	7	25	-4
30	000xYdQfIZ4pDmBGzQalKU	Eu, Você, O Mar e Ela	Luan Santana	812243	29	7	15	-1
31	6DNtNfH8hXkqOX1sjqmI7p	Cold Water (feat. Justin Bieber & MØ)	Major Lazer	809945	23	7	12	-8
32	38MpAndIjGAyVdcC6npX95	Infiel - Ao Vivo	Marília Mendonça	803339	31	7	14	-1
33	12wiyBZqQ3mOU7AfygXJCw	Homem de Família - Ao Vivo	Gusttavo Lima	801558	32	7	28	-1
34	2Gvn46nwyQhUnQiFhlP7WX	Como Faz Com Ela - Ao Vivo	Marília Mendonça	790858	34	7	22	0
35	1xznGGDReH1oQq0xzbwXa3	One Dance	Drake	784225	30	7	17	-5
36	1vvNmPOiUuyCbgWmtc6yfm	My Way	Calvin Harris	772560	33	7	23	-3
37	4sFVdIwmVj2y87qqOWwSU3	Se o Amor Tiver Lugar	Jorge & Mateus	752033	45	3	37	8
38	4aWmUDTfIPGksMNLV2rQP2	Despacito (Featuring Daddy Yankee)	Luis Fonsi	736952	44	3	38	6
39	4jswhbcaGqFe8v5uSHlqyb	O Verão Está Chegando	Mc Davi	734561	41	7	39	2
40	6SwI4OplF8m5NH8wHKIps8	O Nosso Santo Bateu - Na Praia / Ao Vivo	Matheus & Kauan	733971	37	7	23	-3
41	6b8Be6ljOzmkOmFslEb23P	24K Magic	Bruno Mars	733050	36	7	24	-5
42	1LTxGBL6yKtfmW3K8EvbSY	Partiu	MC Kekel	718943	42	7	42	0
43	41mt7YrfLrIc4EQJZFCJtw	Como É Que a Gente Fica - Ao Vivo	Henrique & Juliano	708827	40	7	25	-3
44	2DAGCHu5aoo2FOjmtU9ojo	50 Reais	Naiara Azevedo	701768	38	7	16	-6
45	3EmmCZoqpWOTY1g2GBwJoR	Just Hold On	Steve Aoki	694003	39	7	35	-6
46	2InJDvDcA4RXEeA9njdibl	Louca de Saudade - Ao Vivo	Jorge & Mateus	669660	43	7	36	-3
47	3ebXMykcMXOcLeJ9xZ17XH	Scared to Be Lonely	Martin Garrix	658352	53	3	47	6
48	4TZy1wLyHec06pwgFYDh1a	Mercy	Shawn Mendes	656428	47	7	39	-1
49	3dRBzTOu9polrH9U6Vh2zw	Ou Some Ou Soma - Ao Vivo	Jorge & Mateus	647259	46	7	31	-3
50	04DwTuZ2VBdJCCC5TROn7L	In the Name of Love	Martin Garrix	640241	48	7	41	-2
51	1e315r3zQjsng2z952ePQ1	Ninguém É de Ferro	Wesley Safadão	620720	nan	1	51	new
52	5GXAXm5YOmYT0kL5jHvYBt	I Feel It Coming	The Weeknd	609617	49	7	46	-3
53	40bK2uosUmAS92c17n98xd	Acordando o Prédio	Luan Santana	581946	150	2	53	97
54	0Zu7NVn4IvfYuEIrD11UVr	Na Hora da Raiva - Ao Vivo	Henrique & Juliano	568898	51	7	35	-3
55	6PCUP3dWmTjcTtXY02oFdT	Castle on the Hill	Ed Sheeran	566851	50	6	15	-5
56	3eGK0WFi6ISJ9UZA6Za4HX	Singular	ANAVITÓRIA	544482	54	7	52	-2
57	7hA7pMp2Vr1OCC4sWYwaMG	Our Way	FTampa	544060	56	7	52	-1
58	6UZJOc2HBrTp9DYfir9N8n	Regime Fechado - Ao Vivo	Simone & Simaria	542826	59	7	56	1
59	2yGnStdGP0V45lPXAJpmDb	Agora Eu Quero Ir	ANAVITÓRIA	539580	52	7	51	-7
60	2KGv51jgAz8OTjNPyRryfq	Pra Sempre Com Você - Ao Vivo	Jorge & Mateus	538393	55	7	42	-5
61	0phVJ23NJlruwtt1XCm94N	Flor e o Beija-Flor - Ao Vivo	Henrique & Juliano	526735	60	7	46	-1
62	3mTUqLbtWm2DAEwvQTyu4d	Ela Só Quer Paz	Projota	522589	57	7	37	-5
63	1t0EUDKUR1F5911t7eh3Wi	Amante Não Tem Lar - Ao Vivo	Marília Mendonça	520462	62	5	62	-1
64	1Tn0msQvQMbD6woO9VnEG3	Sou eu	Ludmilla	517295	64	7	60	0
65	5OZqnhkGUxuSuW2P7CzH7y	Estaca Zero	Luan Santana	511919	58	7	54	-7
66	3pM81OKNrV6d2zJb76nQ6M	Turutum	MC Kevinho	510941	65	7	65	-1
67	0fg8CqpjdojMyXLNzM2PaJ	Run Up (feat. PARTYNEXTDOOR & Nicki Minaj)	Major Lazer	500470	80	3	67	13
68	6BPt2sVRvE41rUixcCAHY6	A Mala É Falsa - Ao Vivo	Felipe Araújo	493180	70	7	68	2
69	1xFgXCY8Zvo76gHg4RgUaU	Sosseguei - Ao Vivo	Jorge & Mateus	492312	63	7	33	-6
70	6bgQIw80xWC3MPZX4kVYGw	Trevo (Tu)	ANAVITÓRIA	488024	122	3	70	52
71	3E2Zh20GDCR9B1EYjfXWyv	Weak	AJR	478476	92	3	71	21
72	0GR7ZABhVF9GbxghIx2RRv	Nada Nada - Ao Vivo	Henrique & Juliano	474482	67	7	44	-5
73	1ypcU9264wnBwPvmrIy4fx	Você Merece Cachê - Ao Vivo	Israel Novaes	471755	69	7	48	-4
74	1WCn5QBp0Kl9uHrR0J02GS	Vou Voando - Ao Vivo	Jorge & Mateus	471583	66	7	43	-8
75	0tICYNayWWhH9GPeFrfjfD	This Girl (Kungs Vs. Cookin' On 3 Burners)	Kungs	471510	75	7	63	0
76	1PSBzsahR2AKwLJgx8ehBj	Bad Things (with Camila Cabello)	Machine Gun Kelly	469085	68	7	62	-8
77	0QsvXIfqM0zZoerQfsI9lm	Don't Let Me Down	The Chainsmokers	464983	73	7	44	-4
78	43F1e4glaVnVe3DXOU3Xum	Oitava Dose - Na Praia 2 / Ao Vivo	Matheus & Kauan	459942	76	7	76	-2
79	7CmuLM2vfzA78iHeqastoP	Seu Polícia - Ao Vivo	Zé Neto & Cristiano	457655	71	7	49	-8
80	343YBumqHu19cGoGARUTsd	Fake Love	Drake	457115	113	7	63	33
81	69bp2EbF7Q2rqc5N3ylezZ	Sorry	Justin Bieber	451751	72	7	38	-9
82	4tCtwWceOPWzenK2HAIJSb	Work from Home (feat. Ty Dolla $ign)	Fifth Harmony	447307	77	7	61	-5
83	2WTCoQLkQ9FPdvThkf8nN1	Me & You (feat. IRO)	Alok	447129	88	7	83	5
84	4Hf7WnR761jpxPr5D46Bcd	Treat You Better	Shawn Mendes	446474	61	7	38	-23
85	6V3J5pbU5yBvB5zxPSyP5v	Pé Direito	Mc Davi	445261	90	7	85	5
86	4GQVVsUnMbZeKIx9vguKlg	A Rosa E O Beija-Flor - Na Praia / Ao Vivo	Matheus & Kauan	443426	78	7	39	-8
87	4lbPwb1Beo7JU2VwuJRTeR	Suíte 14 - Ao Vivo	Henrique & Diego	442632	84	7	62	-3
88	4owo0j5bw45IqiHxsTzcd6	Amei Te Ver	Tiago Iorc	438917	83	7	67	-5
89	6JV2JOEocMgcZxYSZelKcc	"CAN'T STOP THE FEELING! (Original Song from DreamWorks Animation's ""TROLLS"")"	Justin Timberlake	437776	74	7	55	-15
90	3CRDbSIZ4r5MsZ0YwxuEkn	Stressed Out	Twenty One Pilots	432023	93	7	82	3
91	5uCax9HTNlzGybIStD3vDh	Say You Won't Let Go	James Arthur	430099	81	7	81	-10
92	5s2ydrmJOiPeZGx4S4X8Aw	Impasse - Ao Vivo	Marília Mendonça	428534	82	7	59	-10
93	5j0tH4MzB4QyJLX8Ys9ofG	Elas Gostam	MC Kevinho	426245	99	7	93	6
94	3XSefjiSHsD34F7clH84xa	O Que Falta Em Você Sou Eu - Ao Vivo	Marília Mendonça	425326	87	7	70	-7
95	4rWCLK8mfQ6JpArmgIT8aK	Que Sorte A Nossa - Live	Matheus & Kauan	424313	86	7	63	-9
96	7DRP2VOMpy1rrk3iYFLCW9	Malandramente	Dennis DJ	420967	85	7	32	-11
97	3LFG5DqNQRK0yL6WNMw99P	Ciumento Eu - Ao Vivo	Henrique & Diego	420607	101	5	97	4
98	1cG0umU5TKStygKsPFZ9pY	Shed a Light	Robin Schulz	420345	79	7	70	-19
99	4gvePWCd0GfkC40QshflUy	Cheia de Marra	Mc Livinho	419743	94	7	94	-5
100	4xHkRNzzHtj3O3Z1pjYWRC	Me Espera	Sandy	418638	102	7	100	2
101	1OtZIaJBXo3Pe6nfaMsjKT	Na Ponta Ela Fica	Delano	418498	96	7	68	-5
102	6gquljDBW7rE6mCBzmTRxo	Raspão - Ao Vivo	Henrique & Diego	417952	89	7	83	-13
103	27SdWb2rFzO6GWiYDBTD9j	Cheap Thrills	Sia	412278	91	7	41	-12
104	3cS6YsU197mrdPTyR7nbp7	Parece Piada - Ao Vivo	Henrique & Juliano	412192	95	7	74	-9
105	3E9s5Feisg3xmzzAHdq4aa	Remexe mexe	Delano	409800	104	7	99	-1
106	3iDY4SzUHPkC3WTXpfxXJG	Todo Dia	Pabllo Vittar	406231	97	4	79	-9
107	4PNi30UilK0CZi2z9wegMQ	Deixa a Gente Quieto - Ao Vivo	João Bosco & Vinicius	400767	103	7	103	-4
108	0azC730Exh71aQlOt9Zj3y	This Is What You Came For	Calvin Harris	396054	98	7	56	-10
109	68EMU2RD1ECNeOeJ5qAXCV	We Don't Talk Anymore	Charlie Puth	395933	100	7	66	-9
110	5mWbOKfRxcS5iv32amTHPe	All I Want (feat. Stonefox) - Edit	Alok	395592	107	4	107	-3
111	50PWlIBU7PlGGwzgN8TiFJ	Million Reasons	Lady Gaga	394656	136	2	111	25
112	3twpVbHfTCpgHNlStxfpzx	Até Ex Duvida - Ao Vivo	Day e Lara	393649	114	7	112	2
113	1FTsXXwai3jVXhBTLd4e4L	Incerteza - Na Praia / Ao Vivo	Matheus & Kauan	392664	108	7	80	-5
114	6fxVffaTuwjgEk5h9QyRjy	Photograph	Ed Sheeran	389965	112	7	65	-2
115	0Or4rCFurYpUxYh0bbpxRY	Solteiro de Novo - Ao Vivo	Wesley Safadão	387339	117	7	113	2
116	1FUViuNSldssMIawrOXF2i	I Got You	Bebe Rexha	386707	106	6	104	-10
117	4vb4mFvYsr2h6enhjJsq9Y	Water Under the Bridge	Adele	385866	153	7	117	36
118	4Q4jmPHwu0wrJvqrld0FQ6	I Would Like	Zara Larsson	385810	156	7	84	38
119	25SL3ZSbEGtu4oU14xllMQ	Bom	Ludmilla	385468	110	7	58	-9
120	4SCH5CuivFcShLpTg8lYOf	Bumbum Granada	Mc's Zaac & Jerry Smith	382601	109	7	52	-11
121	5Nw3HvX6k8cB7NjEkqJkij	Fantasma	Luan Santana	378718	105	7	86	-16
122	4NpFX0f0GfJgy92c9ypVxk	De Buenas	Lucas Lucco	378000	118	7	118	-4
123	5Bc53chGSf3AoJRbB5mzR6	Ficadinha - Ao Vivo	Henrique & Diego	376097	nan	1	123	new
124	17Fd6Yb7mSbinKG8LoWfFl	I Took A Pill In Ibiza - Seeb Remix	Mike Posner	375550	115	7	51	-9
125	5YdC74tZejyq3vurDOLFYz	Sentimento Louco - Ao Vivo	Marília Mendonça	374052	116	7	103	-9
126	6HUnnBwYZqcED1eQztxMBN	Solo Dance	Martin Jensen	371612	121	6	112	-5
127	6S8yTw0KfidwuAq5Y6Bygj	Duvido Você Não Tomar Uma - Ao Vivo	Simone & Simaria	368553	123	7	110	-4
128	5XRtwljsug3r3XOBy9Bndu	Tudo de Bom	Mc Livinho	367145	127	7	109	-1
129	0Mh4id8WvrTFOB9RiVitrB	Nada Bom II	Costa Gold	366046	124	7	84	-5
130	78rIJddV4X0HkNAInEcYde	Call On Me - Ryan Riback Extended Remix	Starley	363201	119	7	103	-11
131	1OAiWI2oPmglaOiv9fdioU	Hymn for the Weekend - Seeb Remix	Coldplay	363107	120	7	87	-11
132	2PS6YQ9jMpm0uCg4sQ1ygm	Oh Novinha	Mc Don Juan	359933	160	4	132	28
133	3HrvG1d9OZpg6eV4A1dcSk	De Tanto Te Querer - Ao Vivo	Jorge & Mateus	356918	125	7	125	-8
134	716p41p4BQQuUMgOP8ucpF	Você Foi Diferente	MC G15	354339	133	7	106	-1
135	62LiYpeFoJaixqkaNRGg47	Aquele 1% - Ao Vivo	Marcos & Belutti	352600	126	7	55	-9
136	3QhJAGDdxt749dFveYVy4M	Fala a Verdade - Ao Vivo	Maiara & Maraisa	350382	128	7	73	-8
137	19Ggp86mkEnRw93u91IJPO	Você Faz Falta Aqui - Ao Vivo | Acústico	Maiara & Maraisa	347748	130	7	119	-7
138	0gNxi721t2RcPt5LdWGfpb	Não Me Deixe Sozinho	Nego do Borel	347056	143	7	138	5
139	6i0V12jOa3mr6uu4WYhUBr	Heathens	Twenty One Pilots	340155	111	7	76	-28
140	21j9YxYHSzrdcLBX3mb5UL	Quando O Mel É Bom - Ao Vivo	Simone & Simaria	339749	134	7	125	-6
141	6TmmyW0fR8mo3ACj07lGmO	Oh Meu Deus	Projota	338131	165	3	141	24
142	2ACOWPLUe4A4KuQ5ioD2od	That's My Girl	Fifth Harmony	336008	132	7	90	-10
143	1yNyoWWWikbLhwIGWjZuDW	All Night	The Vamps	335102	146	7	143	3
144	5Bn6W4bwH7Bw5nMvn8V4xF	Essa mina é louca (Participação especial de Jhama)	Anitta	334212	138	7	106	-6
145	0HEZXwSywflxeQcysigawO	126 Cabides	Simone & Simaria	334144	137	7	137	-8
146	4DYmJ19DhmxUe26QhANDYv	Folgado - Ao Vivo	Marília Mendonça	333394	140	7	136	-6
147	4BHzQ9C00ceJxfG16AlNWb	Send My Love (To Your New Lover)	Adele	331661	162	7	88	15
148	0bX2gnECXZJ5nt7rcIZMVM	Amei Te Ver (Acústica) - Acústica	Tiago Iorc	330970	142	7	129	-6
149	6fujklziTHa8uoM5OQSfIo	Black Beatles	Rae Sremmurd	329996	129	7	71	-20
150	3wk0wpKHxdPDQvkHkxqNix	John Wayne	Lady Gaga	328853	nan	1	150	new
151	2aFiaMXmWsM3Vj72F9ksBl	Cake By The Ocean	DNCE	326366	141	7	78	-10
152	1qOLh0tI7trd1zdDKxYZTe	Starving	Hailee Steinfeld	326081	144	7	99	-8
153	2uhk6Fi514vtRKxKAn93zm	Amor Mal Resolvido - Ao Vivo	Simone & Simaria	325601	149	7	130	-4
154	5oVVAwRQnXJDEHFNeganG0	Rg	Luan Santana	325459	135	7	131	-19
155	4BQMlG5VKApk9AdIsjxDqx	A Nossa Praia - Ao Vivo	Matheus & Kauan	322802	nan	1	155	new
156	5qLTGDTTIHxxIU835qJWfT	Quero Ser Feliz Também - Ao Vivo	Natiruts	322495	148	7	143	-8
157	14WWzenpaEgQZlqPq2nk4v	Work	Rihanna	321476	145	7	64	-12
158	3hB5DgAiMAQ4DzYbsMq1IT	Love Yourself	Justin Bieber	315652	155	7	89	-3
159	5ZCwyAL9zbEJVmmNQwt9lE	Saudade do Meu Ex - Ao Vivo | Acústico	Marília Mendonça	315641	151	7	134	-8
160	0bAtYUcHyGlOj5R3eNjHhA	Dia, Lugar e Hora	Luan Santana	315105	131	7	120	-29
161	3BhctwMUY5Y9xmes194QTq	Quase um Casal - Ao Vivo	Maiara & Maraisa	311468	147	7	76	-14
162	6ccKu0LwJzOhLAxBwP2PTk	Os Anjos Cantam	Jorge & Mateus	310833	152	7	145	-10
163	5Ua3GXyHwiSfpNTMjq6m2z	Touch	Little Mix	306516	161	3	161	-2
164	7vRriwrloYVaoAe3a9wJHe	i hate u, i love u (feat. olivia o'brien)	gnash	302720	158	7	136	-6
165	5hYTyyh2odQKphUbMqc5gN	"How Far I'll Go - From ""Moana"""	Alessia Cara	302022	159	6	146	-6
166	0prNGof3XqfTvNDxHonvdK	Scars To Your Beautiful	Alessia Cara	301865	139	7	89	-27
167	0CcQNd8CINkwQfe1RDtGV6	Believer	Imagine Dragons	297939	172	2	167	5
168	1sXUWdKx03aP9Gmzft58rt	Issues	Julia Michaels	291096	180	2	168	12
169	4RiawNnc4pew07pvV69ksg	Vish, Aff, Putz, Nossa	Pedro Paulo & Alex	280420	168	3	168	-1
170	6vARbzVXg90V8fYmgks5u3	Minha Felicidade	Roberta Campos	279525	166	7	162	-4
171	68Q9D9KyLkIIy6zCAj3w19	A Melhor do Baile	Dani Russo	279274	175	2	171	4
172	7gHs73wELdeycvS48JfIos	Faded	Alan Walker	277709	174	7	116	2
173	2Z8WuEywRWYTKe1NybPQEW	Ride	Twenty One Pilots	274857	170	7	97	-3
174	3d9JucRI60arArgQXqtfjJ	Falling	Alesso	274784	167	2	167	-7
175	4Km5HrUvYTaSUfiSGPJeQR	Bad and Boujee (feat. Lil Uzi Vert)	Migos	271258	164	5	164	-11
176	5dKyZWlgjWw1oJgLa4GCZD	Cool Girl	Tove Lo	265046	171	7	135	-5
177	5ULRlgiSPSKTaJN1vU9yso	Shape of You - Acoustic	Ed Sheeran	261321	nan	1	177	new
178	1Slwb6dOYkBlWal1PGtnNg	Thinking out Loud	Ed Sheeran	258246	187	7	139	9
179	4WjH9Bzt3kx7z8kl0awxh4	Lean On (feat. MØ & DJ Snake)	Major Lazer	257729	173	7	98	-6
180	0JiVRyTJcJnmlwCZ854K4p	Alone	Alan Walker	254259	169	7	161	-11
181	2rizacJSyD9S1IQUxUxnsK	All We Know	The Chainsmokers	253447	163	7	91	-18
182	1WP1r7fuvRqZRnUaTi2I1Q	Stitches	Shawn Mendes	253263	177	7	118	-5
183	1Tt4sE4pXi57mTD1GCzsqm	Needed Me	Rihanna	251316	179	7	120	-4
184	7129iqBafaphfc3WPCGC0L	7 Years	Lukas Graham	248691	188	7	114	4
185	4YV827A7aWVswtyt0eWoWM	Sorte Que Cê Beija Bem - Ao Vivo	Maiara & Maraisa	248386	176	5	176	-9
186	3GjF8PNprVtiBtQnSgcHFU	Byob	Sevenn	246913	178	7	161	-8
187	6YNCE5qtrTa7YcnAOAEsDQ	Apenas Mais uma de Amor	Lulu Santos	245018	184	4	183	-3
188	7xHWNBFm6ObGEQPaUxHuKO	The Greatest (feat. Kendrick Lamar)	Sia	244343	182	7	78	-6
189	3rq5w4bQGigXOfdN30ATJt	Do I Wanna Know?	Arctic Monkeys	241625	189	7	153	0
190	5ou59ERA2f7ffyAxAcZyVz	Perfect Illusion	Lady Gaga	241326	190	6	130	0
191	0Zx8khUcEfCFK2AEoIhC92	Don't Leave	Snakehips	236652	nan	1	191	new
192	2eAAEa8pxKF7My0EO4rFgR	Blow Your Mind (Mwah)	Dua Lipa	236487	186	7	149	-6
193	7ynCQo1KpBOyTdTdAnjSLZ	Move Your Body - Single Mix	Sia	234680	193	4	183	0
194	6o0rGxp5tdtX8cmqXwVIwE	Coisa Linda	Tiago Iorc	234081	nan	2	194	re-enter
195	56gpstNB96id9ngmImIkaH	Quem Mando Tu Terminar? (To Bonito To Né?)	MC Kekel	233900	nan	1	195	new
196	1I8FfCuYjlXxeQlfPxjQbB	Tô Vendo Que Você Ta Bem - Ao Vivo	Henrique & Diego	233320	183	3	183	-13
197	6YZdkObH88npeKrrkb8Ggf	DUELE EL CORAZON	Enrique Iglesias	233318	191	7	163	-6
198	0PDUDa38GO8lMxLCRc4lL1	PILLOWTALK	ZAYN	231255	194	7	105	-4
199	1CnPYaKxTVb4LWOtiGOm0m	All Time Low	Jon Bellion	229087	nan	1	199	new
200	494OU6M7NOf4ICYb4zWCf5	Sugar	Maroon 5	228523	195	7	128	-5
