position	song_id	song_name	artist	streams	last_week_position	weeks_on_chart	peak_position	position_status
1	3Ga6eKrUFf12ouh9Yw3v2D	Downtown	Anitta	4264005	1	2	1	0
2	0pDaqgIForVNO4jrtTxcWT	Agora Vai Sentar	MC's Jhowzinho & Kadinho	2757828	2	12	1	0
3	1kNVJQEkobOlyfbctPZ4fs	Amar Amei	Mc Don Juan	2675213	3	4	3	0
4	7q5agbUOzZnVF4Yes3AD7I	Deixa Ela Beijar	Matheus & Kauan	2455534	16	2	4	12
5	3sIMCkwUZbQbWeNOTG3ET4	Permanecer	Lucas Lucco	2392703	7	4	5	2
6	0ofbQMrRDsUaVKq2mGLEAb	Havana	Camila Cabello	2264374	5	17	3	-1
7	2ekn2ttSfGqwhhate0LSR0	New Rules	Dua Lipa	2107832	4	21	2	-3
8	2srL4DYBekshpbprS6H0mO	Deixe Me Ir - Acústico	1Kilo	2014017	6	28	1	-2
9	6gquljDBW7rE6mCBzmTRxo	Raspão - Ao Vivo	Henrique & Diego	1812581	8	48	6	-1
10	6pSYjx66rlqRmGGTHhnjCo	Fazer Falta	Mc Livinho	1765281	10	26	1	0
11	1xd3OqTbx17HutN7RfJOTj	Big Jet Plane	Alok	1714603	11	8	5	0
12	4kkQGhScJDzNIIGavQE9SN	Corpo Sensual (feat. Mateus Carrilho)	Pabllo Vittar	1689543	9	15	1	-3
13	5ac0YTpOaDX9wEYYyGCglL	Ar-Condicionado No 15 - Ao Vivo	Wesley Safadão	1645551	12	19	8	-1
14	7EmGUiUaOSGDnUUQUDrOXC	Wolves	Selena Gomez	1610752	14	6	14	0
15	7wGoVu4Dady5GV0Sv4UIsx	rockstar	Post Malone	1602677	20	8	14	5
16	7yYOMPwpV5CsK0cxoAZT6B	Encaixa	MC Kevinho	1571445	15	18	4	-1
17	2KwojFDebQV4J2b0JMRR5Q	Is That For Me	Alesso	1563642	13	7	1	-4
18	1zsG4eaZmkA1dvjDDsAGLK	Échame La Culpa	Luis Fonsi	1553742	21	2	18	3
19	6UZJOc2HBrTp9DYfir9N8n	Regime Fechado - Ao Vivo	Simone & Simaria	1495995	18	48	9	-1
20	12lOxvml5EBvSCzQll7xVS	Contrato	Jorge & Mateus	1476042	19	4	18	-1
21	3ibRxEv4KkcU9e259eyNJA	Sua cara (feat. Anitta & Pabllo Vittar)	Major Lazer	1463000	17	19	1	-4
22	1BkyiAw1L0BOHYckwpRX4V	Pesadão (Participação especial Marcelo Falcão)	IZA	1380967	23	8	22	1
23	2g2ZjM1GjY9Lf2Ff0L94Ul	Vidinha de Balada - Ao Vivo	Henrique & Juliano	1380455	22	19	5	-1
24	6ZR7rT7vfwtY0EqyLeyAaO	Ritmo Mexicano	Mc Gw	1314860	26	9	21	2
25	4BjPsq3MXBNo4Qxg40igEr	Cara Bacana	MC G15	1304859	25	25	7	0
26	7vgNGxchhqDQWjKjLPTPro	Abusadamente	MC Gustta	1303284	24	13	16	-2
27	5JZlDZzWPbrYwMHmnOQO3U	Cê Acredita - Ao Vivo	João Neto & Frederico	1250779	28	16	17	1
28	6P8v1a8jyfwG5kc7Si1kUp	Amante Não Tem Lar - Ao Vivo	Marília Mendonça	1222790	27	30	18	-1
29	7qiZfU4dY1lWllzX7mPBI3	Shape of You	Ed Sheeran	1210693	32	47	1	3
30	06ZpMjkNdIDKVf3mK29UiC	Never Let Me Go	Alok	1209561	34	30	5	4
31	4YV827A7aWVswtyt0eWoWM	Sorte Que Cê Beija Bem - Ao Vivo	Maiara & Maraisa	1200787	29	44	11	-2
32	1504k2wy349EtgioaW78Ht	Quase - Ao Vivo	Cleber & Cauan	1199493	37	11	32	5
33	3SdYnX1212sx5X0N4Lj3Vb	Tic Tac	Lucas Lucco	1190349	30	17	17	-3
34	1qDZnViQgUItsMpWLVwfGb	Fica - Bonus Track	ANAVITÓRIA	1177529	35	5	24	1
35	7CtFr21TzdM4ntuBkwzpxg	Troféu do Ano	Jerry Smith	1174768	40	4	35	5
36	57AmbM2loMyozAU1kjW308	Era uma Vez	Kell Smith	1171650	33	12	23	-3
37	0r0U9AcE4LP0QzJQDUUlXP	Ressaca de Saudade - Ao Vivo	Wesley Safadão	1165450	31	19	15	-6
38	3hBBKuWJfxlIlnd9QFoC8k	What Lovers Do (feat. SZA)	Maroon 5	1154371	38	4	21	0
39	5zSiXA70xM4kuSt6qim6jl	K.O.	Pabllo Vittar	1131096	36	15	2	-3
40	5aLvtKo9672scTVdEwXPTg	Eu Vou Te Buscar (Cha La La La La)	Gusttavo Lima	1116037	39	13	33	-1
41	5xVJU6DJHnmHnbbKS56yCC	4 da manhã	UM44K	1065377	43	26	33	2
42	39vJqbfolMyPJtJuyoj1EM	Avisa Que Eu Cheguei - Ao Vivo	Naiara Azevedo	1046335	44	18	34	2
43	6zZw7RPIs3IxDghP4UvWcY	Esqueci Como Namora	Nego do Borel	1034078	41	25	15	-2
44	1a5Yu5L18qNxVhXx38njON	Hear Me Now	Alok	1021669	47	48	1	3
45	7ieFtgZBYSC94nGs5yF0Wk	Azul Piscina	Mc Livinho	1015403	107	3	45	62
46	1wgD52FywIwdnLdV2Fa8NK	De Copo Em Copo - Ao Vivo	George Henrique & Rodrigo	1004979	48	12	46	2
47	40bK2uosUmAS92c17n98xd	Acordando o Prédio	Luan Santana	1002349	46	43	8	-1
48	0PTKuTbIRUkwfdv4FRpiC8	Cheguei Pra Te Amar	Ivete Sangalo	986937	nan	1	48	new
49	2x67AU9q3lf7cfPSzxCDsL	De Trás Pra Frente - Ao Vivo	Henrique & Juliano	952696	49	21	17	0
50	6BPt2sVRvE41rUixcCAHY6	A Mala É Falsa - Ao Vivo	Felipe Araújo	951960	51	48	46	1
51	43ZyHQITOjhciSUUNPVRHc	Gucci Gang	Lil Pump	883855	50	8	50	-1
52	2cwFhwT6L2D4Olc25nhyZo	Amor Da Sua Cama	Felipe Araújo	848007	57	5	52	5
53	7vxMtIwEn1bUKTqPKEMzJJ	Linda	Projota	841883	53	18	26	0
54	2JnvMToHG03X15PR6Z9DeA	Villamix (Suave)	Alok	823518	52	18	19	-2
55	1j4kHkkpqZRBwE0A4CN4Yv	Dusk Till Dawn - Radio Edit	ZAYN	820037	54	12	22	-1
56	6EFIK4B0jrvLO096QYEhnX	Você Não Vale Nada	Zé Felipe	804411	60	11	55	4
57	3m660poUr1chesgkkjQM7P	Sorry Not Sorry	Demi Lovato	800065	58	9	19	1
58	44mr3ypWNHa0inr3heiOb2	Medida Certa	Jorge & Mateus	799012	55	28	22	-3
59	5LVWGCl4mjGFXDIvQbOGvr	Nessas Horas - Ao Vivo	Matheus & Kauan	795271	56	25	54	-3
60	0tgVpDi06FyKpA1z0VMD4v	Perfect	Ed Sheeran	793910	70	21	28	10
61	2d3TbSkAscvT3QRQalq6uT	Te Assumi Pro Brasil - Ao Vivo	Matheus & Kauan	789541	59	48	6	-2
62	7vGuf3Y35N4wmASOKLUVVU	Silence	Marshmello	780335	65	15	53	3
63	6gxcySGdwlisjOUGYmJmB8	Esse Dom	Mc Livinho	778924	45	13	39	-18
64	4C6IBSWdeKpiEChXGhZaRs	Road	Bruno Martini	774054	63	7	51	-1
65	1mXVgsBdtIVeCLJnSnmtdV	Too Good At Goodbyes	Sam Smith	759461	62	4	49	-3
66	6X5jBkAFu7HE3jigdoVW3r	Se é pra Gente Ficar	Solange Almeida	755515	64	14	40	-2
67	26bMmC90QF0FOd1ctDnkeU	Mulherão da Porra	Munhoz & Mariano	738599	73	3	67	6
68	7KBfjlQ85Fqs2MCCvXSW0c	Bum Bum Tam Tam	MC Fioti	729551	66	37	6	-2
69	7knOtdRwbbvP55B6KB2xvv	Saudade do Caramba - Ao Vivo	João Neto & Frederico	716706	71	11	68	2
70	6waLZw9qNP36DtHFPeyTz6	Coração de Aço	Hungria Hip Hop	707609	78	19	67	8
71	0qYTZCo5Bwh1nsUFGZP3zn	Felices los 4	Maluma	696146	69	31	34	-2
72	2GfxgssRHvY1azHtaRqKoK	Paredes - Ao Vivo	Jorge & Mateus	695982	67	48	16	-5
73	4YhPcVIxIAJrLhFVPGbJkE	De Quem É a Culpa? - Ao Vivo	Marília Mendonça	694412	68	46	24	-5
74	7fwXWKdDNI5IutOMc5OKYw	Mi Gente (feat. Beyoncé)	J Balvin	692401	75	9	13	1
75	1hnGRSqLdeLB7x7kdDuizq	Na Conta Da Loucura - Ao Vivo	Bruno & Marrone	691240	74	9	74	-1
76	6uyMtLQXZ8amkLyv5l7F7O	Transplante	Marília Mendonça	689117	128	2	76	52
77	05rJdH2MRLJ3sQoEUO78qs	Paradinha	Anitta	666689	76	27	1	-1
78	5AEtlRudpgdT5FtNiuly6Y	Let Me Go (with Alesso, Florida Georgia Line & watt)	Hailee Steinfeld	663766	87	6	78	9
79	3bp5fh0qPmCqC5PWEewFkm	Oh Meu Deus	Projota	657237	82	18	65	3
80	6TtEsPJua1fXgiaYSjo4JD	Tenta Vir - Acústico	1Kilo	655778	80	13	78	0
81	2eIqsDLYwcHvhyuOH6BjBe	Memories	Vintage Culture	654003	171	2	81	90
82	2rb5MvYT7ZIxbKW5hfcHx8	Mi Gente	J Balvin	647863	72	22	7	-10
83	3ao5U0ksMLvgSoJqOpsgmv	Oh Nanana	Bonde R300	640271	77	24	58	-6
84	1e315r3zQjsng2z952ePQ1	Ninguém É de Ferro	Wesley Safadão	638916	79	42	13	-5
85	3j7FDNUqIMWKaji6PK5SyF	A Gente Brigou	Mc Don Juan	636500	91	23	80	6
86	2wc8HF4fqX4oPBuZnadO8t	Lei do Retorno	Mc Don Juan	636036	83	24	42	-3
87	04uZ473b5Y7syygehiQU7G	Sua Amiga Vou Pegar	MC WM	635204	86	13	29	-1
88	2YCTACQ3QfMr9QtlGI2tQE	Terapinga - Ao Vivo	Fernando & Sorocaba	630092	85	2	85	-3
89	1zhfU6YXa2pXUAQdG1NvBZ	Vai Embrazando	Mc Zaac	627490	92	37	2	3
90	1bUazU9SSOh02AdlOPeTvm	O Grave Bater	MC Kevinho	627364	84	36	4	-6
91	0eDFrr2qgbIPQSU9YQeAXM	Não Troco	Hungria Hip Hop	624637	nan	1	91	new
92	6mrKP2jyIQmM0rw6fQryjr	Let You Down	NF	622164	96	7	91	4
93	3X5zRkzlpTiajlkI9QXQUz	Meu Amor - Ao Vivo	Henrique & Juliano	615836	88	21	76	-5
94	79cuOz3SPQTuFrp8WgftAu	There's Nothing Holdin' Me Back	Shawn Mendes	605230	90	32	23	-4
95	6EbWh7j1nLYNd2Gqlqvrc3	Mentalmente - Ao Vivo	Naiara Azevedo	604061	81	18	77	-14
96	6bgQIw80xWC3MPZX4kVYGw	Trevo (Tu)	ANAVITÓRIA	602811	89	44	25	-7
97	4iLqG9SeJSnt0cSPICSjxv	Attention	Charlie Puth	599297	103	31	38	6
98	7bQ798Zl1FlT9dRMxkc77j	Os Maloca	Perera DJ	598839	101	8	97	3
99	6RUKPb4LETWmmr3iAEQktW	Something Just Like This	The Chainsmokers	595248	95	40	10	-4
100	0tKcYR2II1VCQWT79i5NrW	Thunder	Imagine Dragons	595199	108	28	29	8
101	7nZmah2llfvLDiUjm0kiyz	Friends (with BloodPop®)	Justin Bieber	594610	105	15	12	4
102	6m2LNopVJKsvBB9l7Z1rwn	Olha a Explosão	MC Kevinho	592782	100	48	3	-2
103	0YK4RDyccDYO5aWQGKMZ2h	Chave Cópia - Ao Vivo	Felipe Araújo	592657	98	35	52	-5
104	3A1LphuJ5lQD6NjPtxtYFh	Aquela Pessoa - Ao Vivo	Henrique & Juliano	591278	93	21	92	-11
105	2AUvXXgYuNFJMCPdhxONfa	Qual Bumbum Mais Bate	MC WM	590386	104	13	43	-1
106	0ihMkv4Usn03EEEF8Rlw22	Rapariga Não - Ao Vivo	João Neto & Frederico	586979	99	17	99	-7
107	1C13CY3BoB8imJBjV9E3jT	Rabetania	MC WM	578446	110	18	93	3
108	6AaoEX192rJ6o3UFwG43sV	Automaticamente	Dennis DJ	564864	109	40	36	1
109	2Gvn46nwyQhUnQiFhlP7WX	Como Faz Com Ela - Ao Vivo	Marília Mendonça	564139	102	48	22	-7
110	3a1lNhkSLSkpJE4MSHpDu9	Congratulations	Post Malone	564102	115	29	110	5
111	1OAh8uOEOvTDqkKFsKksCi	Wild Thoughts (feat. Rihanna & Bryson Tiller)	DJ Khaled	563514	111	24	25	0
112	50lj59ni4oNCaqzYrHmA42	Eu Vacilei Mas Eu Te Amo	Nego do Borel	555948	112	6	77	0
113	6LnGwyHtgWPiogv6tB9TqI	Baldin de Gelo	Claudia Leitte	550588	113	17	80	0
114	5hkjlU7sUcZb9wOYd1eRBE	Eu Era	Marcos & Belutti	548676	106	33	41	-8
115	2KGv51jgAz8OTjNPyRryfq	Pra Sempre Com Você - Ao Vivo	Jorge & Mateus	537819	116	48	35	1
116	6vve9WKW5I7fQzkU8dNsUE	E Essa Boca Aí? - Ao Vivo	Bruninho & Davi	536871	114	47	10	-2
117	0KKkJNfGyhkQ5aFogxQAPU	That's What I Like	Bruno Mars	534790	120	41	21	3
118	5tz69p7tJuGPeMGwNTxYuV	1-800-273-8255	Logic	525214	117	20	88	-1
119	7GX5flRQZVHRAGd6B4TmDO	XO Tour Llif3	Lil Uzi Vert	523866	94	14	76	-25
120	5PB8zB1MOZASboLquvinMF	Reggaetón Lento (Remix)	CNCO	520398	nan	1	120	new
121	4KXdwfri1NIQCImLQr3Wli	Se Eu Tiver Solteiro	Mc Don Juan	508587	122	5	121	1
122	2mL3B5GilTm4dUT6P8LVpd	Pode Se Soltar	Jerry Smith	506506	61	25	33	-61
123	3B54sVLJ402zGa6Xm4YGNe	Unforgettable	French Montana	502188	123	21	73	0
124	5bcTCxgc7xVfSaMV3RuVke	Feels (feat. Pharrell Williams, Katy Perry & Big Sean)	Calvin Harris	496518	126	23	46	2
125	3LFG5DqNQRK0yL6WNMw99P	Ciumento Eu - Ao Vivo	Henrique & Diego	493760	129	46	34	4
126	1BuSbqff6EcL8gkdkjaB63	Duro Igual Concreto	1Kilo	490574	130	16	94	4
127	6De0lHrwBfPfrhorm9q1Xl	Me Rehúso	Danny Ocean	486745	131	20	94	4
128	61GiOLLEn0LcavpVu1my6Q	Fuego	Alok	483876	138	39	21	10
129	70lnL3QaSOIIyMa2X9aVRL	Perro Fiel (feat. Nicky Jam)	Shakira	479482	145	7	129	16
130	2OALaHcDdKkjYEpAr0Qzab	Lonely Together (feat. Rita Ora)	Avicii	478818	133	8	130	3
131	4cn0Y9VlOUQ1CcdqTz0ROp	Noites Frustradas - Ao Vivo	Jads & Jadson	467734	nan	1	131	new
132	7m9OqQk4RVRkw9JJdeAw96	Jocelyn Flores	XXXTENTACION	463367	119	13	30	-13
133	0AyCBE9YKWjatl0ukCAhxN	Com Amor Não Se Brinca - Ao Vivo	Jonas Esticado	461613	137	4	133	4
134	0u8aj0c4IxeVSLTUuuq9V5	Você Partiu Meu Coração	Nego do Borel	461421	136	46	1	2
135	0XLOf9LhyazPX9Ld8jPiUq	Fetish (feat. Gucci Mane)	Selena Gomez	461291	140	20	27	5
136	7iDa6hUg2VgEL1o1HjmfBn	Meant to Be (feat. Florida Georgia Line)	Bebe Rexha	456899	153	4	136	17
137	0CcQNd8CINkwQfe1RDtGV6	Believer	Imagine Dragons	456677	141	40	38	4
138	1YUWhlQjFv7MQpcbb77zTL	Poesia Acústica #3: Capricorniana	Pineapple StormTv	456431	158	2	138	20
139	5huhTBZco7UxXDqCIwlQ2s	Dona Maria	Thiago Brava	454184	149	2	139	10
140	0Zbbxnx4SGGHoIow4PpISP	Stargazing	Kygo	448102	150	4	140	10
141	1fbenbaBdr8ppDeGMOX121	Coisa de Deus - Ao Vivo	Michel Teló	441940	139	12	99	-2
142	76Fc23n9Nrs4wULSY58LPc	Aquecimento das Potrancas	MC WM	434971	147	5	142	5
143	3PEgB3fkiojxms35ntsTgs	More Than You Know	Axwell /\ Ingrosso	431065	132	18	78	-11
144	5Zha6IxtfsLjqLYndyWcER	Bom Rapaz - Ao Vivo	Fernando & Sorocaba	429914	142	2	142	-2
145	7Ed6BkggCS2KaKY5YlINaF	MIC Drop (feat. Desiigner) [Steve Aoki Remix]	BTS	429460	nan	1	145	new
146	3A7qX2QjDlPnazUsRk5y0M	2U (feat. Justin Bieber)	David Guetta	425008	154	24	6	8
147	1Bq86AS6wf5a5cEB8CM6dZ	Exclusividade - Ao Vivo	Matheus & Kauan	422350	146	39	29	-1
148	5mR5GuercvLXgx4TPnGl9k	Mordida, Beijo e Tapa	Naiara Azevedo	420371	97	37	86	-51
149	2vHDurkzJ8dhCzoPzqiE2C	Por Favor - Spanglish Version	Fifth Harmony	419446	164	5	85	15
150	2TihKW8ShdEEhKN3PSDEIq	Mais Amor e Menos Drama - Ao Vivo	Henrique & Juliano	418061	152	21	124	2
151	12bMDI4NKm0arLS3PKv6Fo	Loka	Simone & Simaria	413291	157	2	151	6
152	1XCKlzIqaehohdUTihetGN	Cobertor de Orelha - Ao Vivo	Turma do Pagode	410213	124	15	82	-28
153	4Hf7WnR761jpxPr5D46Bcd	Treat You Better	Shawn Mendes	409945	156	48	38	3
154	5b2QnYcT9rQIkhRWt4HztQ	Walk On Water (feat. Beyoncé)	Eminem	408618	121	3	82	-33
155	32DGGj6KlNuBr6WaqRxpxi	How Long	Charlie Puth	403322	177	5	155	22
156	1n8MLpbFR0fuCjNnlyuHxS	Solteiro Apaixonado	Marcos & Belutti	403218	159	37	139	3
157	3eGK0WFi6ISJ9UZA6Za4HX	Singular	ANAVITÓRIA	403149	161	48	52	4
158	3DxMZGUDd6e3I37WM7IaMK	A Gente Tá Se Amando - Ao Vivo	Henrique & Diego	400389	167	22	114	9
159	6fxVffaTuwjgEk5h9QyRjy	Photograph	Ed Sheeran	398900	162	48	65	3
160	6uFsE1JgZ20EXyU0JQZbUR	Look What You Made Me Do	Taylor Swift	398541	151	14	1	-9
161	3ipKvc6xyJbTxVwoEjpLNv	Boca de Pêlo	MC Gudan	396322	155	4	144	-6
162	0Qh38w01QRXK6KHIv0e3hb	What About Us	P!nk	396281	143	7	114	-19
163	3whrwq4DtvucphBPUogRuJ	Havana - Remix	Camila Cabello	394299	169	2	163	6
164	3cPYDII1QoDmtR6lCUK4s1	Enquadra	Day e Lara	391946	135	4	107	-29
165	6LEFk0KHRfahO5pOMJlbdV	Amigo Taxista	Zé Neto & Cristiano	389157	134	3	134	-31
166	7BKLCZ1jbUBVqRi2FVlTVw	Closer	The Chainsmokers	388745	165	48	3	-1
167	4sFVdIwmVj2y87qqOWwSU3	Se o Amor Tiver Lugar	Jorge & Mateus	385514	148	44	26	-19
168	4lNriuYNZD2YP2OPG6xOte	Tem Café	Gaab	384516	185	2	168	17
169	3YSagrvQP9x32rAjEI48PL	Raplord	Haikaiss	383057	166	37	10	-3
170	5CtI0qwDJkDQGwXD1H1cLb	Despacito - Remix	Luis Fonsi	381468	160	33	1	-10
171	5Bc53chGSf3AoJRbB5mzR6	Ficadinha - Ao Vivo	Henrique & Diego	377486	168	42	83	-3
172	2yGnStdGP0V45lPXAJpmDb	Agora Eu Quero Ir	ANAVITÓRIA	372433	172	48	51	0
173	6zCqeUUqLb2CapBmVwAHll	Meu Coração Deu PT - Ao Vivo	Wesley Safadão	369985	170	48	7	-3
174	21TdkDRXuAB3k90ujRU1et	Cold (feat. Future)	Maroon 5	358070	176	3	163	2
175	0CokSRCu5hZgPxcZBaEzVE	Glorious (feat. Skylar Grey)	Macklemore	351774	180	10	118	5
176	5SnQDj5REQVvAdSlhqkEcE	Malbec (Part. Dennis Dj) - Ao Vivo	Henrique & Diego	349820	174	48	9	-2
177	5Htb1uFQ1KrkFXlefS8oGj	Tell Me You Love Me	Demi Lovato	349639	nan	8	128	re-enter
178	5knrAEjUMh6T2kDCN7YD2b	Sun Goes Down	Bruno Martini	348138	163	23	63	-15
179	75JFxkI2RXiU7L9VXzMkle	The Scientist	Coldplay	347774	173	12	149	-6
180	4TZy1wLyHec06pwgFYDh1a	Mercy	Shawn Mendes	346377	178	48	39	-2
181	4aWmUDTfIPGksMNLV2rQP2	Despacito (Featuring Daddy Yankee)	Luis Fonsi	345997	179	44	3	-2
182	6kex4EBAj0WHXDKZMEJaaF	Swalla (feat. Nicki Minaj & Ty Dolla $ign)	Jason Derulo	345395	182	37	26	0
183	6WbADFqMvR8N5u0BvtsWQE	Without You (feat. Sandro Cavazza)	Avicii	340883	196	16	88	13
184	2jq2SaLa7BeUtU6Lx9bxGU	Cadeira de Aço - Ao Vivo	Zé Neto & Cristiano	338974	190	27	145	6
185	2evRcqkyzWqaD9DJtP2oaU	Rabetão	MC Lan	338634	118	34	9	-67
186	45wqPwIH4A5cr2IyyD4WKf	Eu Sei de Cor - Ao Vivo | Acústico	Marília Mendonça	338528	184	48	4	-2
187	7IQwT5VzrCo7UcMRljkkmR	He Like That	Fifth Harmony	338359	186	4	171	-1
188	2fQrGHiQOvpL9UgPvtYy6G	Bank Account	21 Savage	337996	194	2	188	6
189	5NH1hgZbrQGXMMZKcBQV3l	O Mar Parou	Michel Teló	337995	192	36	87	3
190	1apjwIcLUSV0CNj1NfaS6m	Atura Ou Surta 2	Mc Gw	336564	199	3	187	9
191	6aIrHPvM3l16MeS7iOQRYO	Um Brinde	Dennis DJ	336086	188	3	188	-3
192	5Z3GHaZ6ec9bsiI5BenrbY	Young Dumb & Broke	Khalid	335464	200	9	175	8
193	5aAx2yezTd8zXrkmtKl66Z	Starboy	The Weeknd	333423	195	48	6	2
194	2CW04trIoYMbroZWDzPAjs	Medo Bobo - Ao Vivo	Maiara & Maraisa	331866	189	48	5	-5
195	2RL74ODWD3YGcHIhNeJvNN	O Céu Explica Tudo - Ao Vivo	Henrique & Juliano	328037	187	21	120	-8
196	5TY4l2xPjXDcRhG1cmZDK7	Found U	Dimmi	325066	nan	1	196	new
197	3YeY4NnyJENxOb0Pi1f3x7	Will I See You (feat. Anitta)	Poo Bear	322874	183	13	23	-14
198	3EmmCZoqpWOTY1g2GBwJoR	Just Hold On	Steve Aoki	321471	nan	39	35	re-enter
199	6PEdCE0cepdEqbUmAiyFUN	Sonhei Que Tava Me Casando - Ao Vivo	Wesley Safadão	321286	193	15	128	-6
200	0dA2Mk56wEzDgegdC6R17g	Stay (with Alessia Cara)	Zedd	320698	197	40	32	-3
