position	song_id	song_name	artist	streams	last_week_position	weeks_on_chart	peak_position	position_status
1	0u8aj0c4IxeVSLTUuuq9V5	Você Partiu Meu Coração	Nego do Borel	2499317	4	7	1	3
2	7qiZfU4dY1lWllzX7mPBI3	Shape of You	Ed Sheeran	2215029	1	8	1	-1
3	6m2LNopVJKsvBB9l7Z1rwn	Olha a Explosão	MC Kevinho	2206453	3	9	3	0
4	257tme6AhneIKAqVF1HTH4	Loka	Simone & Simaria	2030289	5	8	4	1
5	1a5Yu5L18qNxVhXx38njON	Hear Me Now	Alok	1986143	2	9	1	-3
6	0EPxmvsG1BY5td4aTOkWBF	Deu Onda	MC G15	1669749	6	9	1	0
7	4FHw39Ke6pVt5tNKvLr4r3	Vidinha de Balada - Ao Vivo	Henrique & Juliano	1583388	7	4	7	0
8	2d3TbSkAscvT3QRQalq6uT	Te Assumi Pro Brasil - Ao Vivo	Matheus & Kauan	1391774	8	9	6	0
9	5SnQDj5REQVvAdSlhqkEcE	Malbec (Part. Dennis Dj) - Ao Vivo	Henrique & Diego	1291931	13	9	9	4
10	6vve9WKW5I7fQzkU8dNsUE	E Essa Boca Aí? - Ao Vivo	Bruninho & Davi	1164524	18	9	10	8
11	4FxumkF81ICxITeqxx4nK9	Sim ou não (participação especial Maluma)	Anitta	1149321	15	9	10	4
12	6zCqeUUqLb2CapBmVwAHll	Meu Coração Deu PT - Ao Vivo	Wesley Safadão	1139450	16	9	7	4
13	45wqPwIH4A5cr2IyyD4WKf	Eu Sei de Cor - Ao Vivo | Acústico	Marília Mendonça	1139313	12	9	4	-1
14	6520aj0B4FSKGVuKNsOCOi	Chained To The Rhythm	Katy Perry	1111791	9	3	4	-5
15	6RUKPb4LETWmmr3iAEQktW	Something Just Like This	The Chainsmokers	1067251	nan	1	15	new
16	4aAq1afusFG6jRiOSHQZvN	Tumbalatum	MC Kevinho	1059044	24	9	16	8
17	0jIitZeIQRTaZgFQf2WpGK	Decide Aí - Na Praia / Ao Vivo	Matheus & Kauan	1030280	19	9	13	2
18	2CW04trIoYMbroZWDzPAjs	Medo Bobo - Ao Vivo	Maiara & Maraisa	1025393	14	9	5	-4
19	2wFnRPjuqwNySFiK0Qfg8L	10% - Ao Vivo	Maiara & Maraisa	1013578	22	9	6	3
20	3NdDpSvN911VPGivFlV5d0	"I Don’t Wanna Live Forever (Fifty Shades Darker) - From ""Fifty Shades Darker (Original Motion Picture Soundtrack)"""	ZAYN	1008940	10	9	10	-10
21	2GfxgssRHvY1azHtaRqKoK	Paredes - Ao Vivo	Jorge & Mateus	946813	26	9	19	5
22	40bK2uosUmAS92c17n98xd	Acordando o Prédio	Luan Santana	931319	43	4	22	21
23	3eR23VReFzcdmS7TYCrhCe	It Ain't Me (with Selena Gomez)	Kygo	922411	11	2	11	-12
24	5aAx2yezTd8zXrkmtKl66Z	Starboy	The Weeknd	885786	17	9	6	-7
25	7BKLCZ1jbUBVqRi2FVlTVw	Closer	The Chainsmokers	885338	21	9	3	-4
26	2Gvn46nwyQhUnQiFhlP7WX	Como Faz Com Ela - Ao Vivo	Marília Mendonça	868785	34	9	22	8
27	72jbDTw1piOOj770jWNeaG	Paris	The Chainsmokers	843276	20	7	17	-7
28	4jswhbcaGqFe8v5uSHlqyb	O Verão Está Chegando	Mc Davi	840053	36	9	28	8
29	1LTxGBL6yKtfmW3K8EvbSY	Partiu	MC Kekel	839654	37	9	29	8
30	12wiyBZqQ3mOU7AfygXJCw	Homem de Família - Ao Vivo	Gusttavo Lima	827619	31	9	28	1
31	6mICuAdrwEjh6Y6lroV2Kg	Chantaje (feat. Maluma)	Shakira	816922	23	9	13	-8
32	4pdPtRcBmOSQDlJ3Fk945m	Let Me Love You	DJ Snake	810752	25	9	11	-7
33	38MpAndIjGAyVdcC6npX95	Infiel - Ao Vivo	Marília Mendonça	789346	33	9	14	0
34	6SwI4OplF8m5NH8wHKIps8	O Nosso Santo Bateu - Na Praia / Ao Vivo	Matheus & Kauan	783546	40	9	23	6
35	4YhPcVIxIAJrLhFVPGbJkE	De Quem É a Culpa? - Ao Vivo	Marília Mendonça	760575	28	7	27	-7
36	1e315r3zQjsng2z952ePQ1	Ninguém É de Ferro	Wesley Safadão	737037	58	3	36	22
37	5MFzQMkrl1FOOng9tq6R9r	Don't Wanna Know	Maroon 5	736865	27	9	16	-10
38	2DAGCHu5aoo2FOjmtU9ojo	50 Reais	Naiara Azevedo	722433	46	9	16	8
39	4sFVdIwmVj2y87qqOWwSU3	Se o Amor Tiver Lugar	Jorge & Mateus	718288	38	5	37	-1
40	41mt7YrfLrIc4EQJZFCJtw	Como É Que a Gente Fica - Ao Vivo	Henrique & Juliano	715951	44	9	25	4
41	5knuzwU65gJK7IF5yJsuaW	Rockabye (feat. Sean Paul & Anne-Marie)	Clean Bandit	713645	30	9	25	-11
42	000xYdQfIZ4pDmBGzQalKU	Eu, Você, O Mar e Ela	Luan Santana	711477	29	9	15	-13
43	4pLwZjInHj3SimIyN9SnOz	Side To Side	Ariana Grande	704290	32	9	20	-11
44	6DNtNfH8hXkqOX1sjqmI7p	Cold Water (feat. Justin Bieber & MØ)	Major Lazer	692372	35	9	12	-9
45	2KGv51jgAz8OTjNPyRryfq	Pra Sempre Com Você - Ao Vivo	Jorge & Mateus	668706	63	9	42	18
46	3dRBzTOu9polrH9U6Vh2zw	Ou Some Ou Soma - Ao Vivo	Jorge & Mateus	643644	52	9	31	6
47	0Zu7NVn4IvfYuEIrD11UVr	Na Hora da Raiva - Ao Vivo	Henrique & Juliano	642834	55	9	35	8
48	2InJDvDcA4RXEeA9njdibl	Louca de Saudade - Ao Vivo	Jorge & Mateus	637813	48	9	36	0
49	5NNlUMcOEOdoOIwwaWXv0k	Cold	Maroon 5	627897	41	2	41	-8
50	1Tn0msQvQMbD6woO9VnEG3	Sou eu	Ludmilla	609238	59	9	50	9
51	3ebXMykcMXOcLeJ9xZ17XH	Scared to Be Lonely	Martin Garrix	607616	42	5	42	-9
52	1vvNmPOiUuyCbgWmtc6yfm	My Way	Calvin Harris	581926	39	9	23	-13
53	1ypcU9264wnBwPvmrIy4fx	Você Merece Cachê - Ao Vivo	Israel Novaes	576941	77	9	48	24
54	6b8Be6ljOzmkOmFslEb23P	24K Magic	Bruno Mars	571390	45	9	24	-9
55	1xznGGDReH1oQq0xzbwXa3	One Dance	Drake	565908	47	9	17	-8
56	6UZJOc2HBrTp9DYfir9N8n	Regime Fechado - Ao Vivo	Simone & Simaria	556984	54	9	54	-2
57	2PS6YQ9jMpm0uCg4sQ1ygm	Oh Novinha	Mc Don Juan	552312	125	6	57	68
58	3iDY4SzUHPkC3WTXpfxXJG	Todo Dia	Pabllo Vittar	531759	60	6	58	2
59	3pM81OKNrV6d2zJb76nQ6M	Turutum	MC Kevinho	515687	69	9	59	10
60	7hA7pMp2Vr1OCC4sWYwaMG	Our Way	FTampa	515530	56	9	52	-4
61	5GXAXm5YOmYT0kL5jHvYBt	I Feel It Coming	The Weeknd	514967	49	9	46	-12
62	0phVJ23NJlruwtt1XCm94N	Flor e o Beija-Flor - Ao Vivo	Henrique & Juliano	513206	57	9	46	-5
63	0n2bvWvMwr0gbjcuTm92eW	Love	Lana Del Rey	505391	51	2	51	-12
64	4lbPwb1Beo7JU2VwuJRTeR	Suíte 14 - Ao Vivo	Henrique & Diego	494071	85	9	62	21
65	0GR7ZABhVF9GbxghIx2RRv	Nada Nada - Ao Vivo	Henrique & Juliano	492520	78	9	44	13
66	3mTUqLbtWm2DAEwvQTyu4d	Ela Só Quer Paz	Projota	492392	65	9	37	-1
67	6BPt2sVRvE41rUixcCAHY6	A Mala É Falsa - Ao Vivo	Felipe Araújo	492175	71	9	67	4
68	3LFG5DqNQRK0yL6WNMw99P	Ciumento Eu - Ao Vivo	Henrique & Diego	486464	97	7	68	29
69	3EmmCZoqpWOTY1g2GBwJoR	Just Hold On	Steve Aoki	485483	50	9	35	-19
70	4aWmUDTfIPGksMNLV2rQP2	Despacito (Featuring Daddy Yankee)	Luis Fonsi	484707	53	5	38	-17
71	1OtZIaJBXo3Pe6nfaMsjKT	Na Ponta Ela Fica	Delano	481642	93	9	68	22
72	5OZqnhkGUxuSuW2P7CzH7y	Estaca Zero	Luan Santana	479843	72	9	54	0
73	1xFgXCY8Zvo76gHg4RgUaU	Sosseguei - Ao Vivo	Jorge & Mateus	476525	75	9	33	2
74	1WCn5QBp0Kl9uHrR0J02GS	Vou Voando - Ao Vivo	Jorge & Mateus	473010	81	9	43	7
75	7DRP2VOMpy1rrk3iYFLCW9	Malandramente	Dennis DJ	470220	102	9	32	27
76	5j0tH4MzB4QyJLX8Ys9ofG	Elas Gostam	MC Kevinho	464484	87	9	76	11
77	04DwTuZ2VBdJCCC5TROn7L	In the Name of Love	Martin Garrix	456282	62	9	41	-15
78	1t0EUDKUR1F5911t7eh3Wi	Amante Não Tem Lar - Ao Vivo	Marília Mendonça	455024	68	7	62	-10
79	4gvePWCd0GfkC40QshflUy	Cheia de Marra	Mc Livinho	454373	98	9	79	19
80	3E9s5Feisg3xmzzAHdq4aa	Remexe mexe	Delano	450190	101	9	80	21
81	6V3J5pbU5yBvB5zxPSyP5v	Pé Direito	Mc Davi	447756	86	9	81	5
82	1cG0umU5TKStygKsPFZ9pY	Shed a Light	Robin Schulz	443294	83	9	70	1
83	6PCUP3dWmTjcTtXY02oFdT	Castle on the Hill	Ed Sheeran	442864	61	8	15	-22
84	7CmuLM2vfzA78iHeqastoP	Seu Polícia - Ao Vivo	Zé Neto & Cristiano	442384	82	9	49	-2
85	2WTCoQLkQ9FPdvThkf8nN1	Me & You (feat. IRO)	Alok	439804	80	9	80	-5
86	4rWCLK8mfQ6JpArmgIT8aK	Que Sorte A Nossa - Live	Matheus & Kauan	438917	105	9	63	19
87	3eGK0WFi6ISJ9UZA6Za4HX	Singular	ANAVITÓRIA	433547	66	9	52	-21
88	43F1e4glaVnVe3DXOU3Xum	Oitava Dose - Na Praia 2 / Ao Vivo	Matheus & Kauan	433164	79	9	76	-9
89	2yGnStdGP0V45lPXAJpmDb	Agora Eu Quero Ir	ANAVITÓRIA	430995	67	9	51	-22
90	3twpVbHfTCpgHNlStxfpzx	Até Ex Duvida - Ao Vivo	Day e Lara	430716	99	9	90	9
91	0tICYNayWWhH9GPeFrfjfD	This Girl (Kungs Vs. Cookin' On 3 Burners)	Kungs	430322	84	9	63	-7
92	0Or4rCFurYpUxYh0bbpxRY	Solteiro de Novo - Ao Vivo	Wesley Safadão	429269	120	9	92	28
93	4SCH5CuivFcShLpTg8lYOf	Bumbum Granada	Mc's Zaac & Jerry Smith	427973	122	9	52	29
94	0fg8CqpjdojMyXLNzM2PaJ	Run Up (feat. PARTYNEXTDOOR & Nicki Minaj)	Major Lazer	425476	70	5	67	-24
95	4TZy1wLyHec06pwgFYDh1a	Mercy	Shawn Mendes	423342	64	9	39	-31
96	4GQVVsUnMbZeKIx9vguKlg	A Rosa E O Beija-Flor - Na Praia / Ao Vivo	Matheus & Kauan	422849	96	9	39	0
97	5XRtwljsug3r3XOBy9Bndu	Tudo de Bom	Mc Livinho	419452	123	9	97	26
98	0gNxi721t2RcPt5LdWGfpb	Não Me Deixe Sozinho	Nego do Borel	418695	126	9	98	28
99	6bgQIw80xWC3MPZX4kVYGw	Trevo (Tu)	ANAVITÓRIA	417726	74	5	70	-25
100	25SL3ZSbEGtu4oU14xllMQ	Bom	Ludmilla	413555	115	9	58	15
101	0CcQNd8CINkwQfe1RDtGV6	Believer	Imagine Dragons	412983	107	4	101	6
102	6gquljDBW7rE6mCBzmTRxo	Raspão - Ao Vivo	Henrique & Diego	412245	90	9	83	-12
103	6JV2JOEocMgcZxYSZelKcc	"CAN'T STOP THE FEELING! (Original Song from DreamWorks Animation's ""TROLLS"")"	Justin Timberlake	411824	91	9	55	-12
104	0dA2Mk56wEzDgegdC6R17g	Stay (with Alessia Cara)	Zedd	409917	nan	1	104	new
105	0QsvXIfqM0zZoerQfsI9lm	Don't Let Me Down	The Chainsmokers	407246	95	9	44	-10
106	1sXUWdKx03aP9Gmzft58rt	Issues	Julia Michaels	405866	89	4	89	-17
107	6TmmyW0fR8mo3ACj07lGmO	Oh Meu Deus	Projota	404634	151	5	107	44
108	4NpFX0f0GfJgy92c9ypVxk	De Buenas	Lucas Lucco	397645	124	9	108	16
109	3E2Zh20GDCR9B1EYjfXWyv	Weak	AJR	397572	76	5	71	-33
110	69bp2EbF7Q2rqc5N3ylezZ	Sorry	Justin Bieber	393479	92	9	38	-18
111	4PNi30UilK0CZi2z9wegMQ	Deixa a Gente Quieto - Ao Vivo	João Bosco & Vinicius	389611	118	9	103	7
112	5mWbOKfRxcS5iv32amTHPe	All I Want (feat. Stonefox) - Edit	Alok	383091	110	6	107	-2
113	3cS6YsU197mrdPTyR7nbp7	Parece Piada - Ao Vivo	Henrique & Juliano	379400	113	9	74	0
114	3CRDbSIZ4r5MsZ0YwxuEkn	Stressed Out	Twenty One Pilots	378950	103	9	82	-11
115	5bm2GTEiU87Z95jX03y2Qk	Do Teto Ao Chão - Ao Vivo	Matheus & Kauan	371000	134	2	115	19
116	5s2ydrmJOiPeZGx4S4X8Aw	Impasse - Ao Vivo	Marília Mendonça	368975	108	9	59	-8
117	4Hf7WnR761jpxPr5D46Bcd	Treat You Better	Shawn Mendes	366617	112	9	38	-5
118	3XSefjiSHsD34F7clH84xa	O Que Falta Em Você Sou Eu - Ao Vivo	Marília Mendonça	365855	111	9	70	-7
119	6S8yTw0KfidwuAq5Y6Bygj	Duvido Você Não Tomar Uma - Ao Vivo	Simone & Simaria	363807	130	9	110	11
120	1FTsXXwai3jVXhBTLd4e4L	Incerteza - Na Praia / Ao Vivo	Matheus & Kauan	360231	129	9	80	9
121	5Bn6W4bwH7Bw5nMvn8V4xF	Essa mina é louca (Participação especial de Jhama)	Anitta	358955	146	9	106	25
122	1PSBzsahR2AKwLJgx8ehBj	Bad Things (with Camila Cabello)	Machine Gun Kelly	358865	94	9	62	-28
123	1FUViuNSldssMIawrOXF2i	I Got You	Bebe Rexha	353869	106	8	104	-17
124	343YBumqHu19cGoGARUTsd	Fake Love	Drake	352982	100	9	63	-24
125	27SdWb2rFzO6GWiYDBTD9j	Cheap Thrills	Sia	351605	116	9	41	-9
126	7tr2za8SQg2CI8EDgrdtNl	Slide (feat. Frank Ocean & Migos)	Calvin Harris	351378	nan	1	126	new
127	716p41p4BQQuUMgOP8ucpF	Você Foi Diferente	MC G15	351234	141	9	106	14
128	5uCax9HTNlzGybIStD3vDh	Say You Won't Let Go	James Arthur	351139	114	9	81	-14
129	4wVFTbgMGuCij1F7568JRw	Tô Fazendo Amor	Lucas Lucco	350093	135	2	129	6
130	68EMU2RD1ECNeOeJ5qAXCV	We Don't Talk Anymore	Charlie Puth	347325	117	9	66	-13
131	4owo0j5bw45IqiHxsTzcd6	Amei Te Ver	Tiago Iorc	346394	109	9	67	-22
132	21j9YxYHSzrdcLBX3mb5UL	Quando O Mel É Bom - Ao Vivo	Simone & Simaria	345853	142	9	125	10
133	56gpstNB96id9ngmImIkaH	Quem Mando Tu Terminar? (To Bonito To Né?)	MC Kekel	344228	170	3	133	37
134	0azC730Exh71aQlOt9Zj3y	This Is What You Came For	Calvin Harris	344157	127	9	56	-7
135	3HrvG1d9OZpg6eV4A1dcSk	De Tanto Te Querer - Ao Vivo	Jorge & Mateus	343299	144	9	125	9
136	4xHkRNzzHtj3O3Z1pjYWRC	Me Espera	Sandy	339989	119	9	100	-17
137	2lLOaRPi8yQxQ8BlFZBLOl	Papel Amassado - Ao Vivo	Matheus & Kauan	339753	nan	1	137	new
138	62LiYpeFoJaixqkaNRGg47	Aquele 1% - Ao Vivo	Marcos & Belutti	338922	143	9	55	5
139	6fxVffaTuwjgEk5h9QyRjy	Photograph	Ed Sheeran	338715	128	9	65	-11
140	17Fd6Yb7mSbinKG8LoWfFl	I Took A Pill In Ibiza - Seeb Remix	Mike Posner	330009	139	9	51	-1
141	5Bc53chGSf3AoJRbB5mzR6	Ficadinha - Ao Vivo	Henrique & Diego	326466	181	3	123	40
142	5YdC74tZejyq3vurDOLFYz	Sentimento Louco - Ao Vivo	Marília Mendonça	325856	136	9	103	-6
143	5Nw3HvX6k8cB7NjEkqJkij	Fantasma	Luan Santana	319507	131	9	86	-12
144	4tCtwWceOPWzenK2HAIJSb	Work from Home (feat. Ty Dolla $ign)	Fifth Harmony	317078	104	9	61	-40
145	1OAiWI2oPmglaOiv9fdioU	Hymn for the Weekend - Seeb Remix	Coldplay	316648	137	9	87	-8
146	6HUnnBwYZqcED1eQztxMBN	Solo Dance	Martin Jensen	315708	138	8	112	-8
147	3QhJAGDdxt749dFveYVy4M	Fala a Verdade - Ao Vivo	Maiara & Maraisa	314224	145	9	73	-2
148	4DYmJ19DhmxUe26QhANDYv	Folgado - Ao Vivo	Marília Mendonça	312777	150	9	136	2
149	78rIJddV4X0HkNAInEcYde	Call On Me - Ryan Riback Extended Remix	Starley	305253	133	9	103	-16
150	0Mh4id8WvrTFOB9RiVitrB	Nada Bom II	Costa Gold	304899	140	9	84	-10
151	19Ggp86mkEnRw93u91IJPO	Você Faz Falta Aqui - Ao Vivo | Acústico	Maiara & Maraisa	303271	147	9	119	-4
152	2uhk6Fi514vtRKxKAn93zm	Amor Mal Resolvido - Ao Vivo	Simone & Simaria	300184	152	9	130	0
153	0KKkJNfGyhkQ5aFogxQAPU	That's What I Like	Bruno Mars	299890	168	2	153	15
154	5ZCwyAL9zbEJVmmNQwt9lE	Saudade do Meu Ex - Ao Vivo | Acústico	Marília Mendonça	292577	154	9	134	0
155	6i0V12jOa3mr6uu4WYhUBr	Heathens	Twenty One Pilots	292280	157	9	76	2
156	4TwxzrAK84IvWCFDaQJcBr	Olha a Explosão	MC Kevinho	292151	186	2	156	30
157	2P9dJt9C0eeqS0JYyWDw7J	Taquitá	Claudia Leitte	292131	nan	1	157	new
158	5qLTGDTTIHxxIU835qJWfT	Quero Ser Feliz Também - Ao Vivo	Natiruts	286773	155	9	143	-3
159	5oZEWnw1r4l5HEtfS1sjYp	Olha o Gás - Dennis Remix	Mc Vitão	286749	nan	1	159	new
160	0HEZXwSywflxeQcysigawO	126 Cabides	Simone & Simaria	286409	148	9	137	-12
161	4vb4mFvYsr2h6enhjJsq9Y	Water Under the Bridge	Adele	285675	132	9	117	-29
162	4RiawNnc4pew07pvV69ksg	Vish, Aff, Putz, Nossa	Pedro Paulo & Alex	285527	171	5	162	9
163	2ACOWPLUe4A4KuQ5ioD2od	That's My Girl	Fifth Harmony	278193	149	9	90	-14
164	68Q9D9KyLkIIy6zCAj3w19	A Melhor do Baile	Dani Russo	277016	173	4	164	9
165	4Q4jmPHwu0wrJvqrld0FQ6	I Would Like	Zara Larsson	276097	121	9	84	-44
166	3hB5DgAiMAQ4DzYbsMq1IT	Love Yourself	Justin Bieber	275752	164	9	89	-2
167	6AaoEX192rJ6o3UFwG43sV	Automaticamente	Dennis DJ	272825	nan	1	167	new
168	2aFiaMXmWsM3Vj72F9ksBl	Cake By The Ocean	DNCE	272045	161	9	78	-7
169	4BQMlG5VKApk9AdIsjxDqx	A Nossa Praia - Ao Vivo	Matheus & Kauan	270554	180	3	155	11
170	0bX2gnECXZJ5nt7rcIZMVM	Amei Te Ver (Acústica) - Acústica	Tiago Iorc	270038	156	9	129	-14
171	50PWlIBU7PlGGwzgN8TiFJ	Million Reasons	Lady Gaga	267915	153	4	111	-18
172	14WWzenpaEgQZlqPq2nk4v	Work	Rihanna	264599	169	9	64	-3
173	5sdnNP8Dsa8hCUkz3BNuG9	Namorar pra Que	MC Kekel	261398	nan	1	173	new
174	7vRriwrloYVaoAe3a9wJHe	i hate u, i love u (feat. olivia o'brien)	gnash	260181	163	9	136	-11
175	5hYTyyh2odQKphUbMqc5gN	"How Far I'll Go - From ""Moana"""	Alessia Cara	259851	175	8	146	0
176	1yNyoWWWikbLhwIGWjZuDW	All Night	The Vamps	259169	165	9	143	-11
177	5Ua3GXyHwiSfpNTMjq6m2z	Touch	Little Mix	256016	159	5	159	-18
178	3JoEaIrTs5Cp8meDkeYzjM	Hoje é Dia de Maldade	Nego do Borel	254772	nan	1	178	new
179	7syZTLPzfZN9rYbQBtYmVB	Minha Ex	MC Bin Laden	250619	nan	1	179	new
180	3GjF8PNprVtiBtQnSgcHFU	Byob	Sevenn	249557	184	9	161	4
181	4BHzQ9C00ceJxfG16AlNWb	Send My Love (To Your New Lover)	Adele	248772	167	9	88	-14
182	07SFuH5wrvcqQMDcuouqhM	Michael Douglas	João Brasil	248470	nan	1	182	new
183	7gHs73wELdeycvS48JfIos	Faded	Alan Walker	244670	182	9	116	-1
184	2Z8WuEywRWYTKe1NybPQEW	Ride	Twenty One Pilots	242140	183	9	97	-1
185	0prNGof3XqfTvNDxHonvdK	Scars To Your Beautiful	Alessia Cara	237929	174	9	89	-11
186	3hIFGEywPETgcaxrTTt2lD	Falei pra Elas	MC G15	233591	nan	4	138	re-enter
187	4WjH9Bzt3kx7z8kl0awxh4	Lean On (feat. MØ & DJ Snake)	Major Lazer	233488	188	9	98	1
188	3e7cnQ5KYSSIwUo6tfQqwB	Santinha - Ao Vivo	Leo Santana	233413	nan	1	188	new
189	6vARbzVXg90V8fYmgks5u3	Minha Felicidade	Roberta Campos	228578	178	9	162	-11
190	1Cml3fnCNLZUC1EEtkcgVb	Bang	Anitta	228213	nan	7	104	re-enter
191	4ygUmeFRClcKHLP8jeauK8	Maravilhosa É Ela (Faixa Bônus) - Ao Vivo	Leo Santana	227302	nan	1	191	new
192	75DcKqrUm2hdONrWBrNM4A	Coração Tá Gelado (feat. MC TH)	Dennis DJ	224207	nan	1	192	new
193	1WP1r7fuvRqZRnUaTi2I1Q	Stitches	Shawn Mendes	224185	192	9	118	-1
194	2loApP0kPaim0BTDVP9F26	Movimento da sanfoninha - Ao vivo	Anitta	224030	nan	1	194	new
195	7clSIA4MRU6LJAoCWWEiuy	Made In Roça	Loubet	223545	nan	3	167	re-enter
196	3rq5w4bQGigXOfdN30ATJt	Do I Wanna Know?	Arctic Monkeys	223545	189	9	153	-7
197	4YV827A7aWVswtyt0eWoWM	Sorte Que Cê Beija Bem - Ao Vivo	Maiara & Maraisa	222347	193	7	176	-4
198	1n8MLpbFR0fuCjNnlyuHxS	Solteiro Apaixonado	Marcos & Belutti	220764	nan	1	198	new
199	1Slwb6dOYkBlWal1PGtnNg	Thinking out Loud	Ed Sheeran	220693	187	9	139	-12
200	5ITDkudn3l1YoZc2TP0vhN	Ela Domina o Ratatá Tum Tum - Ao Vivo	Wesley Safadão	220431	nan	5	156	re-enter
