position	song_id	song_name	artist	streams	last_week_position	weeks_on_chart	peak_position	position_status
1	6ocbgoVGwYJhOv1GgI9NsF	7 rings	Ariana Grande	38174455	1	4	1	0
2	4y3OI86AEP6PQoDE6olYhO	Sucker	Jonas Brothers	34629196	nan	1	2	new
3	2VxeLyX666F8uXCJ0dZF8B	Shallow	Lady Gaga	31597226	3	22	3	0
4	4kV4N9D1iKVxx1KLvtTpjS	break up with your girlfriend, i'm bored	Ariana Grande	29158856	2	4	2	-2
5	5w9c2J52mkdntKOmRLeM2m	Con Calma	Daddy Yankee	28762413	4	6	4	-1
6	6MWtB6iiXyIwun0YzU6DFP	Wow.	Post Malone	24725973	5	11	2	-1
7	7dbka99KTWke5o9hRp0JoB	Sunflower - Spider-Man: Into the Spider-Verse	Post Malone	24372634	6	2	6	-1
8	6Qs4SXO9dwPj5GKvVOv8Ki	Dancing With A Stranger (with Normani)	Sam Smith	20106639	10	8	7	2
9	2dpaYNEQHiRxtZbfNsse99	Happier	Marshmello	19429168	9	29	2	0
10	5iwz1NiezX7WWjnCgY5TH4	Calma - Remix	Pedro Capó	19410814	12	17	5	2
11	4NzMOnvSJVNKF7nw5NkXIP	bury a friend	Billie Eilish	19078043	7	6	2	-4
12	5W83ErFkO3aKAIS1WMi6u0	Secreto	Anuel AA	19047839	15	7	12	3
13	25sgk305KZfyuqVBQIahim	Sweet but Psycho	Ava Max	18840441	13	23	6	0
14	3e9HZxeyfWwjeyPAMmWSSQ	thank u, next	Ariana Grande	18776174	8	4	3	-6
15	2JvzF1RMd7lE3KmFlsyZD8	MIDDLE CHILD	J. Cole	18608001	14	7	2	-1
16	5p7ujcrUXASCNwRaWNHR1C	Without Me	Halsey	18189897	11	22	4	-5
17	7uH27oIt4a6cIFCA8ZPcyG	Baila Baila Baila	Ozuna	16909236	16	8	16	-1
18	0rTV5WefWd1J3OwIheTzxM	Talk	Khalid	16601887	17	4	17	-1
19	7eBqSVxrzQZtK2mmgRG6lC	Murder On My Mind	YNW Melly	16272850	23	3	19	4
20	44ShclXTOOnYtt5CnCDeGV	Robbery	Juice WRLD	16184993	20	3	20	0
21	1WSGTYKLEpKfNQYYW5Oymt	I Can’t Get Enough (benny blanco, Selena Gomez, J Balvin, Tainy)	benny blanco	16111773	nan	1	21	new
22	7COXchtUOMd6uIT6HvmRaI	i'm so tired...	Lauv	15889051	19	6	19	-3
23	4w8niZpiMy6qz1mntFA5uM	Taki Taki (with Selena Gomez, Ozuna & Cardi B)	DJ Snake	14999590	18	23	1	-5
24	5itOtNx0WxtJmi1TQ3RuRd	Giant (with Rag'n'Bone Man)	Calvin Harris	14833347	24	8	21	0
25	2IRZnDFmlqMuOrYOLnZZyc	Going Bad (feat. Drake)	Meek Mill	14413848	21	14	11	-4
26	116H0KvKr2Zl4RPuVBruDO	MIA (feat. Drake)	Bad Bunny	13968952	22	21	1	-4
27	0PG9fbaaHFHfre2gUVo7AN	Please Me	Cardi B	13236894	32	3	20	5
28	1rqqCSm0Qe4I9rUvWncaom	High Hopes	Panic! At The Disco	13219768	25	37	9	-3
29	5WHTFyqSii0lmT9R21abT8	Don't Call Me Up	Mabel	12980673	30	5	29	1
30	6FyRXC8tJUh863JCkyWqtk	Adan y Eva	Paulo Londra	12837106	26	17	11	-4
31	7tFiyTwD0nx5a1eklYtX2J	Bohemian Rhapsody - 2011 Mix	Queen	12689279	31	26	11	0
32	2xLMifQCjDGFmkHkpNLD9h	SICKO MODE	Travis Scott	12293370	27	31	2	-5
33	3oh6SCCeLuXhFpEyepla6G	Thotiana	Blueface	11879188	29	6	29	-4
34	7FGq80cy8juXBCD2nrqdWU	Eastside (with Halsey & Khalid)	benny blanco	11670805	34	13	16	0
35	2t8yVaLvJ0RenpXUIAC52d	a lot	21 Savage	11603914	28	11	21	-7
36	3Ol2xnObFdKV9pmRD2t9x8	Look Back at It	A Boogie Wit da Hoodie	11476420	35	11	20	-1
37	0s5DNDV6LAKn2u2Ufa3VjQ	Desconocidos	Mau y Ricky	11171301	36	17	34	-1
38	11cDEev79fPKi6uJCjUhu8	Who Do You Love	The Chainsmokers	11164693	33	4	33	-5
39	2qxmye6gAegTMjLKEBoR3d	Let Me Down Slowly	Alec Benjamin	11033525	45	8	39	6
40	63cd4JkwGgYJrbOizbfmsp	Pure Water (with Migos)	Mustard	10622159	38	7	38	-2
41	7dt6x5M1jzdTEt8oCbisTK	Better Now	Post Malone	10481975	39	45	1	-2
42	1wJRveJZLSb1rjhnUHQiv6	Swervin (feat. 6ix9ine)	A Boogie Wit da Hoodie	10359344	50	10	42	8
43	0FZ4Dmg8jJJAPJnvBIzD9z	ZEZE (feat. Travis Scott & Offset)	Kodak Black	10156214	40	12	10	-3
44	7fa9MBXhVfQ8P8Df9OEbD8	Girls Like You (feat. Cardi B)	Maroon 5	10093137	43	38	2	-1
45	3f5lA8nnc4YYF1qf78WpHw	Ella Quiere Beber - Remix	Anuel AA	9970949	nan	1	45	new
46	1LiN0Z98FkR1t0m8KmLcAH	Amanece	Anuel AA	9952060	51	12	45	5
47	3EPXxR3ImUwfayaurPi3cm	Be Alright	Dean Lewis	9907186	46	33	12	-1
48	78QR3Wp35dqAhFEc2qAGjE	Drip Too Hard (Lil Baby & Gunna)	Lil Baby	9720539	44	22	13	-4
49	14JzyD6FlBD5z0wV5P07YI	when the party's over	Billie Eilish	9610399	52	20	12	3
50	4txc3txsIt81diMzGhrVPS	wish you were gay	Billie Eilish	9590974	nan	1	50	new
51	285pBltuF7vW8TeWk8hdRR	Lucid Dreams	Juice WRLD	9374481	56	13	24	5
52	059bcIhyc2SBwm6sw2AZzd	Te Vi	Piso 21	9362717	58	8	52	6
53	1NJcg626wLln4pGHpiV7mf	lovely	Billie Eilish	9310717	64	13	43	11
54	6zeeWid2sgw4lap2jV61PZ	Better	Khalid	9256241	57	19	10	3
55	5BDP2tky8oMQJPS33frKVp	Un Año	Sebastian Yatra	9159527	61	6	55	6
56	2rbDhOo9Fh61Bbu23T2qCk	Always Remember Us This Way	Lady Gaga	9037817	63	19	35	7
57	2TIlqbIneP0ZY1O0EzYLlc	Someone You Loved	Lewis Capaldi	8974606	68	9	57	11
58	4ZT9FnbFu1PaBfV3itxiqT	I	Lil Skies	8890612	nan	1	58	new
59	3ee8Jmje8o58CHK66QrVC2	SAD!	XXXTENTACION	8874350	60	51	1	1
60	0e7ipj03S05BNilyu5bRzt	rockstar (feat. 21 Savage)	Post Malone	8783100	65	45	8	5
61	6ZRuF2n1CQxyxxAAWsKJOy	Nights Like This (feat. Ty Dolla $ign)	Kehlani	8704185	48	2	48	-13
62	5JEx7HbmvHQQswJCsoo9rA	Close To Me (with Diplo) (feat. Swae Lee)	Ellie Goulding	8684649	62	19	19	0
63	1xzBco0xcoJEDXktl7Jxrr	Mo Bamba	Sheck Wes	8545117	55	22	11	-8
64	27rdGxbavYJeBphck5MZAF	Nothing Breaks Like a Heart (feat. Miley Cyrus)	Mark Ronson	8349586	59	14	22	-5
65	0i0wnv9UoFdZ5MfuFGQzMy	Last Hurrah	Bebe Rexha	8238212	97	3	65	32
66	0JP9xo3adEtGSdUEISiszL	Moonlight	XXXTENTACION	8220080	69	51	2	3
67	1TEL6MlSSVLSdhOSddidlJ	needy	Ariana Grande	8134480	41	4	5	-26
68	5kfNriitmkNE8mUbZ7gbq8	Saturday Nights	Khalid	8096501	75	18	19	7
69	2G1tXoGBaEMJ7FKGnkf6ud	Wake Up in the Sky	Gucci Mane	8093333	70	13	39	1
70	4SPu0Ql902hTVXkBoNIYtq	NASA	Ariana Grande	7992740	42	4	7	-28
71	5T8EDUDqKcs6OSOwEsfqG7	Don't Stop Me Now - 2011 Mix	Queen	7982502	78	19	51	7
72	31UjYv5vLsDkzchJOtUMtW	HP	Maluma	7936659	nan	1	72	new
73	5vdp5UmvTsnMEMESIF2Ym7	Another One Bites The Dust - Remastered 2011	Queen	7876272	80	19	36	7
74	2iUXsYOEPhVqEBwsqP70rE	Youngblood	5 Seconds of Summer	7751364	77	38	8	3
75	6MJUCumnQsQEKbCy28tbCP	Adictiva	Daddy Yankee	7744733	74	17	37	-1
76	2hloaUoRonYssMuqLCBLTX	bloodline	Ariana Grande	7575637	47	4	8	-29
77	0E9ZjEAyAwOXZ7wJC0PD33	In My Mind	Dynoro	7562844	79	35	6	2
78	5N5k9nd479b1xpDZ4usjrg	Promises (with Sam Smith)	Calvin Harris	7555474	71	29	5	-7
79	5UYK9MervBCROg8AHNeEIy	Hear Me Calling	Juice WRLD	7434728	nan	1	79	new
80	58q2HKrzhC3ozto2nDdN4z	I Like It	Cardi B	7432966	81	48	2	1
81	0YammaEkYSeo9vQYZ1OwS6	Say My Name	David Guetta	7307022	83	24	68	2
82	7EQpvVujgytLVY8vKiDHAg	bad idea	Ariana Grande	7296594	37	4	9	-45
83	2XWjPtKdi5sucFYtVav07d	365	Zedd	7175177	67	3	48	-16
84	39LmTF9RgyakzSYX8txrow	imagine	Ariana Grande	7139668	53	4	15	-31
85	2BgEsaKNfHUdlh97KmvFyo	2002	Anne-Marie	7122572	82	30	28	-3
86	5IaHrVsrferBYDm0bDyABy	Taste (feat. Offset)	Tyga	7053971	87	42	6	1
87	7qiZfU4dY1lWllzX7mPBI3	Shape of You	Ed Sheeran	7030820	86	111	1	-1
88	278kSqsZIiYp8p3QjYAqa8	NI BIEN NI MAL	Bad Bunny	7018352	94	10	56	6
89	4TWflhgevIGo448fWc6mQq	Red Room	Offset	6921332	66	2	66	-23
90	2D3z17LBMJ2HEHeBFFjTLi	Reggaeton	J Balvin	6879758	93	15	74	3
91	6vWEAOUSxohKxhp0K1BsxL	Mixed Personalities (feat. Kanye West)	YNW Melly	6852232	124	3	91	33
92	3id2EVGKc3eFAMn9nFnB0r	Love Someone	Lukas Graham	6715878	89	19	53	-3
93	7m9OqQk4RVRkw9JJdeAw96	Jocelyn Flores	XXXTENTACION	6624520	98	80	7	5
94	2GGMabyHXnJmjY6CXhhB2e	Money	Cardi B	6598436	90	19	46	-4
95	7DHApOHsIFo7EyfieArYGE	Walk Me Home	P!nk	6578427	85	2	85	-10
96	5wujBwqG7INdStqGd4tRMX	Armed And Dangerous	Juice WRLD	6574124	102	13	90	6
97	2qT1uLXPVPzGgFOx4jtEuo	no tears left to cry	Ariana Grande	6570411	88	29	16	-9
98	7K7MUBCnzgBAvMVW2RTWNs	Body (feat. brando)	Loud Luxury	6562608	95	31	19	-3
99	40T5GIqQ1CegGm2PTEl8Bu	idontwannabeyouanymore	Billie Eilish	6549047	110	13	67	11
100	2RSHsoi04658QL5xgQVov3	Bad Liar	Imagine Dragons	6522097	96	17	17	-4
101	4mGdjNMo0RonTlOEb7cYg4	11 Minutes (with Halsey feat. Travis Barker)	YUNGBLUD	6506523	72	3	65	-29
102	6DCZcSspjsKoFjzjrWoCdn	God's Plan	Drake	6493967	100	33	19	-2
103	1OUPXna2MCgAt3VNmXJBtg	Bola Rebola	Tropkillaz	6470269	73	2	73	-30
104	2LskIZrCeLxRvCiGP8gxlh	Arms Around You (feat. Maluma & Swae Lee)	XXXTENTACION	6466119	91	19	3	-13
105	0pqnGHJpmpxLKifKRmU6WP	Believer	Imagine Dragons	6436333	106	33	68	1
106	0mfCH4nfpshBQR9ueZP5eP	Girls Need Love (with Drake) - Remix	Summer Walker	6428530	nan	1	106	new
107	2fuCquhmrzHpu5xcA1ci9x	Under Pressure - Remastered	Queen	6385020	105	18	55	-2
108	0tgVpDi06FyKpA1z0VMD4v	Perfect	Ed Sheeran	6371826	104	103	4	-4
109	3swc6WTsr7rl9DqQKQA55C	Psycho (feat. Ty Dolla $ign)	Post Malone	6367388	109	45	2	0
110	2P91MQbaiQOfbiz9VqhqKQ	I Like Me Better	Lauv	6357615	113	40	86	3
111	7ef4DlsgrMEH11cDZd32M6	One Kiss (with Dua Lipa)	Calvin Harris	6225938	103	48	2	-8
112	79esEXlqqmq0GPz0xQSZTV	Lost In Japan	Shawn Mendes	6191358	108	5	103	-4
113	14mHfNsSHN0FbLftyjrV9g	Leave Me Alone	Flipp Dinero	6169219	99	26	34	-14
114	7pMRoGLEJuFM2wl5pt0R99	Legacy (feat. Travis Scott & 21 Savage)	Offset	6155697	54	2	54	-60
115	4cuGZb0iFyHtwaSKdKrJkF	Imposible	Luis Fonsi	6150701	101	5	68	-14
116	7dNwJbsT0sg1le5kVugGJb	Bubalu	Becky G	6142100	111	17	71	-5
117	1mT47pKLXUwPYGwB91GcNz	Créeme	KAROL G	6015162	117	13	114	0
118	1R6VwZ8TuHRzxZUxe88n4I	Rule The World (feat. Ariana Grande)	2 Chainz	5870185	nan	1	118	new
119	3wFLWP0FcIqHK1wb1CPthQ	fake smile	Ariana Grande	5864320	76	4	11	-43
120	1rCcsYnmqbMYdkG7kS9GC5	Speechless (feat. Erika Sirola)	Robin Schulz	5846512	116	6	116	-4
121	51NFxnQvaosfDDutk0tams	bellyache	Billie Eilish	5837618	132	15	70	11
122	2FY7b99s15jUprqC0M5NCT	Natural	Imagine Dragons	5831978	114	17	19	-8
123	4uP3pUP18ennmz0tb3GphR	Solo de Mi	Bad Bunny	5813465	115	11	38	-8
124	4VUwkH455At9kENOfzTqmF	Beautiful (feat. Camila Cabello)	Bazzi	5772439	107	31	30	-17
125	5Fla3zyOCcIRqrDoKLU0DP	Let You Love Me	Rita Ora	5688966	120	15	29	-5
126	76cy1WJvNGJTj78UqeA5zr	IDGAF	Dua Lipa	5664626	121	62	4	-5
127	1mXVgsBdtIVeCLJnSnmtdV	Too Good At Goodbyes	Sam Smith	5660053	126	69	3	-1
128	0TlLq3lA83rQOYtrqBqSct	Nonstop	Drake	5642400	125	33	16	-3
129	6Z4rmc0uujCpl8yXe3yjgI	Whip (feat. Travis Scott)	2 Chainz	5624406	nan	1	129	new
130	2ktoFujjJtantyMoVdBJlX	Pa Olvidarte (feat. Manuel Turizo) - Remix	ChocQuibTown	5607248	154	3	130	24
131	4rDbp1vnvEhieiccprPMdI	Somebody To Love - 2011 Mix	Queen	5605029	128	6	128	-3
132	2G7V7zsVDxg1yRsu7Ew9RJ	In My Feelings	Drake	5594827	127	33	1	-5
133	6UTmrvq4nRmx1iQ6iMd1FD	Almost (Sweet Music)	Hozier	5547517	nan	1	133	new
134	1ahVFh0ViDZr8LvkEVlq3B	No Sleep (feat. Bonn)	Martin Garrix	5543933	112	2	112	-22
135	1JkrD47SDpAbyvqKtolcea	Thotiana (feat. Cardi B, YG) [Remix]	Blueface	5512258	nan	1	135	new
136	5uCax9HTNlzGybIStD3vDh	Say You Won't Let Go	James Arthur	5503167	135	111	7	-1
137	3g4UyIcQwutiG0TfW32GnX	Esclavo de Tus Besos	Manuel Turizo	5498058	191	2	137	54
138	75ZvA4QfFiZvzhj2xkaWAh	I Fall Apart	Post Malone	5483388	139	76	10	1
139	4OBZT9EnhYIV17t4pGw7ig	Best Part (feat. Daniel Caesar)	H.E.R.	5458631	118	10	110	-21
140	3Kuu5vASpXK8oRsxOvau6P	Think About You	Kygo	5444159	84	3	63	-56
141	4pbJqGIASGPr0ZpGpnWkDn	We Will Rock You - Remastered	Queen	5441699	138	17	73	-3
142	7AFASza1mXqntmGtbxXprO	changes	XXXTENTACION	5437276	142	51	9	0
143	1zB4vmk8tFRmM9UULNzbLB	Thunder	Imagine Dragons	5435789	137	33	81	-6
144	1rfofaqEpACxVEHIZBJe6W	Havana (feat. Young Thug)	Camila Cabello	5421459	134	60	1	-10
145	0hCHNYL8ApQCGNwJrYN1FY	Bad Girls (feat. Gucci Mane)	Lil Skies	5414894	nan	1	145	new
146	79OEIr4J4FHV0O3KrhaXRb	Splashin	Rich The Kid	5374560	122	11	91	-24
147	5tAa8Uaqr4VvA3693mbIhU	Ruin My Life	Zara Larsson	5365847	129	20	28	-18
148	09IStsImFySgyp0pIQdqAc	The Middle	Zedd	5352769	145	40	11	-3
149	224EVTFiLsdQignUFLvDeH	Pa Mí - Remix	Dalex	5317711	nan	1	149	new
150	08bNPGLD8AhKpnnERrAc6G	FRIENDS	Marshmello	5317083	131	56	4	-19
151	48zFZh27QU5qsrBjn4C2FA	Vaina Loca	Ozuna	5303441	143	28	18	-8
152	2uIX8YMNjGMD7441kqyyNU	ocean eyes	Billie Eilish	5289082	157	16	117	5
153	3NuK5xMlSlB6K2Qp16zf3h	Solo (feat. Demi Lovato)	Clean Bandit	5257978	136	14	63	-17
154	4NBTZtAt1F13VvlSKe6KTl	This Feeling	The Chainsmokers	5243239	130	12	114	-24
155	4ofwffwvvnbSkrMSCKQDaC	Shotgun	George Ezra	5206835	141	37	35	-14
156	675w3ACw5xZR3ODhUJlEVN	Sola	Manuel Turizo	5196275	160	8	156	4
157	5NPzbTzFxIQPaheZuPhn4f	Forever Alone	Paulo Londra	5089602	149	3	149	-8
158	4lD7gHKF1e8Y9stQuVezZB	ghostin	Ariana Grande	5059403	92	4	14	-66
159	2xJCMIJfcNYDc5iR0sAm2O	New Rules	Dua Lipa	5058901	148	20	88	-11
160	3a1lNhkSLSkpJE4MSHpDu9	Congratulations	Post Malone	5015253	161	108	20	1
161	3V8UKqhEK5zBkBb6d6ub8i	Te Boté - Remix	Nio Garcia	4993324	167	47	8	6
162	2IA8cFA46DkjgbsRG7kKbp	Baby	Amenazzy	4987705	189	2	162	27
163	0jAfdqv18goRTUxm3ilRjb	Startender (feat. Offset and Tyga)	A Boogie Wit da Hoodie	4961292	133	11	57	-30
164	13hvHEstJ4sNbzdroPrPI3	Kiss and Make Up	Dua Lipa	4957995	140	20	16	-24
165	14sOS5L36385FJ3OL8hew4	Happy Now	Kygo	4923085	153	19	37	-12
166	04MLEeAMuV9IlHEsD8vF6A	No Stylist	French Montana	4906356	152	24	27	-14
167	6Yx181fZzA0YE2EkUsYruq	Big Plans	Why Don't We	4874644	192	2	167	25
168	6WkJ2OK163XXS2oARUC9JM	Dancin (feat. Luvli) - Krono Remix	Aaron Smith	4864839	nan	1	168	new
169	1fewSx2d5KIZ04wsooEBOz	Space Cadet (feat. Gunna)	Metro Boomin	4812293	156	12	123	-13
170	4Tvw0lweq9l2JPQKFbpbBQ	Better When You're Gone	David Guetta	4756466	164	4	158	-6
171	5N4erncE7kuUccm7zEmwzk	Electricity (with Dua Lipa)	Silk City	4754956	158	26	14	-13
172	6IAgarq2wDeYzpsY2Kx0Hw	Almeda	Solange	4746650	nan	1	172	new
173	7AQim7LbvFVZJE3O8TYgf2	Fuck Love (feat. Trippie Redd)	XXXTENTACION	4733110	179	77	19	6
174	7BuHdm4lQqcyG3qTwdkxus	Aullando	Wisin & Yandel	4718398	nan	1	174	new
175	7sO5G9EABYOXQKNPNiE9NR	Ric Flair Drip (& Metro Boomin)	Offset	4705739	194	65	32	19
176	59PYgzOiOjGDzjDT5N5oOX	Asesina - Remix	Brytiago	4704902	169	17	124	-7
177	4qKcDkK6siZ7Jp1Jb4m0aL	Look Alive (feat. Drake)	BlocBoy JB	4702500	163	56	6	-14
178	3KLygy1YWhmrQx0GRs7IOx	Rise	Jonas Blue	4701017	165	17	67	-13
179	03x2rVJRFUrvwlfxoHd9Mo	Just You and I	Tom Walker	4693086	nan	1	179	new
180	4KkUjFkcQvGvWekl8RATDn	BEBE	6ix9ine	4686778	150	13	45	-30
181	4jvjzW7Hm0yK4LvvE0Paz9	Falling Down - Bonus Track	Lil Peep	4666004	178	17	18	-3
182	7BKLCZ1jbUBVqRi2FVlTVw	Closer	The Chainsmokers	4662548	181	111	2	-1
183	05t7JMip6JrLuSrMV5yYjX	Envy Me	Calboy	4655947	nan	1	183	new
184	7GX5flRQZVHRAGd6B4TmDO	XO Tour Llif3	Lil Uzi Vert	4648185	182	80	10	-2
185	2QZ7WLBE8h2y1Y5Fb8RYbH	In My Blood	Shawn Mendes	4645537	172	26	121	-13
186	6fxVffaTuwjgEk5h9QyRjy	Photograph	Ed Sheeran	4629830	188	102	41	2
187	6JQvHMSaR8flFsN53ypOfP	Noticed	Lil Mosey	4616362	180	19	54	-7
188	0LQ1J0BCzA2qnAgp9MkkNE	MALA	6ix9ine	4586877	170	14	71	-18
189	2RttW7RAu5nOAfq6YFvApB	Happier	Ed Sheeran	4541371	183	89	10	-6
190	1ThmUihH9dF8EV08ku5AXN	Faucet Failure	Ski Mask The Slump God	4519016	nan	1	190	new
191	5WtfUKzXircvW8l5aaVZWT	What A Time (feat. Niall Horan)	Julia Michaels	4516584	nan	1	191	new
192	4cIPLtg1avt2Jm3ne9S1zy	Killer Queen - 2011 Mix	Queen	4497995	195	2	192	3
193	6gBFPUFcJLzWGx4lenP6h2	goosebumps	Travis Scott	4492718	nan	105	61	re-enter
194	2374M0fQpWi3dLnB54qaLX	Africa	TOTO	4478552	200	44	137	6
195	7uQmJ1jgNzBpATSoWKSPFu	Ya No Tiene Novio	Sebastian Yatra	4476609	193	27	68	-2
196	4S8d14HvHb70ImctNgVzQQ	I Love It (& Lil Pump)	Kanye West	4465360	144	26	1	-52
197	7kuRvjpeUcn6qNV9IBXC2C	Ta To Gucci (Remix)	Cauty	4458066	nan	1	197	new
198	4e4fqjx0Izh4svvTef1z7e	Meant to Be (feat. Florida Georgia Line)	Bebe Rexha	4449143	199	36	59	1
199	6Gy7rXB6Ku5vIWC7WGWsl3	KIKA	6ix9ine	4440881	168	15	12	-31
200	4VXIryQMWpIdGgYR4TrjT1	All Girls Are The Same	Juice WRLD	4420950	nan	4	191	re-enter
