position	song_id	song_name	artist	streams	last_week_position	weeks_on_chart	peak_position	position_status
1	2Fxmhks0bxGSBdJ92vM42m	bad guy	Billie Eilish	44148365	1	2	1	0
2	6u7jPi22kF8CTQ3rb9DHE7	Old Town Road (feat. Billy Ray Cyrus) - Remix	Lil Nas X	33777904	nan	1	2	new
3	53CJANUxooaqGOtdsBTh7O	Old Town Road	Lil Nas X	30103989	8	4	3	5
4	5w9c2J52mkdntKOmRLeM2m	Con Calma	Daddy Yankee	27131523	2	11	2	-2
5	4pUCKHjJ4Ijewc37rRrvHn	Kill This Love	BLACKPINK	25341137	nan	1	5	new
6	6ocbgoVGwYJhOv1GgI9NsF	7 rings	Ariana Grande	24426802	4	9	1	-2
7	4y3OI86AEP6PQoDE6olYhO	Sucker	Jonas Brothers	23619405	6	6	2	-1
8	3KkXRkHbMCARz0aVfEt68P	Sunflower - Spider-Man: Into the Spider-Verse	Post Malone	22961747	7	15	1	-1
9	3Fj47GNK2kUF0uaEDgXLaD	wish you were gay	Billie Eilish	21499199	3	2	3	-6
10	4SSnFejRGlZikf02HLewEF	bury a friend	Billie Eilish	21443733	5	2	5	-5
11	6MWtB6iiXyIwun0YzU6DFP	Wow.	Post Malone	20020641	10	16	2	-1
12	2VxeLyX666F8uXCJ0dZF8B	Shallow	Lady Gaga	19161959	12	27	3	0
13	6TqXcAFInzjp0bODyvrWEq	Talk (feat. Disclosure)	Khalid	17951409	nan	1	13	new
14	5WHTFyqSii0lmT9R21abT8	Don't Call Me Up	Mabel	17163754	17	10	11	3
15	43zdsphuZLzwA9k4DJhU0I	when the party's over	Billie Eilish	16977379	9	2	9	-6
16	4kV4N9D1iKVxx1KLvtTpjS	break up with your girlfriend, i'm bored	Ariana Grande	16220323	14	9	2	-2
17	09oZ9eXQ2fo6YDrPzJqAoP	Outta My Head (with John Mayer)	Khalid	15957258	nan	1	17	new
18	6Qs4SXO9dwPj5GKvVOv8Ki	Dancing With A Stranger (with Normani)	Sam Smith	15633469	18	13	7	0
19	5icOoE6VgqFKohjWWNp0Ac	Here With Me	Marshmello	15411509	28	5	16	9
20	224EVTFiLsdQignUFLvDeH	Pa Mí - Remix	Dalex	15368194	25	6	20	5
21	5iwz1NiezX7WWjnCgY5TH4	Calma - Remix	Pedro Capó	15315855	19	22	5	-2
22	25sgk305KZfyuqVBQIahim	Sweet but Psycho	Ava Max	15083343	20	28	6	-2
23	6tsOcBnaKgzK22yEiqRh8P	MONOPOLY (with Victoria Monét)	Ariana Grande	14657758	79	2	23	56
24	2dpaYNEQHiRxtZbfNsse99	Happier	Marshmello	14630449	22	34	2	-2
25	2XKFnwB6djxrJCjR3PdeRb	My Bad	Khalid	14550938	nan	1	25	new
26	31UjYv5vLsDkzchJOtUMtW	HP	Maluma	14538716	27	6	24	1
27	2qxmye6gAegTMjLKEBoR3d	Let Me Down Slowly	Alec Benjamin	14487348	36	13	27	9
28	1wJRveJZLSb1rjhnUHQiv6	Swervin (feat. 6ix9ine)	A Boogie Wit da Hoodie	14029976	35	15	28	7
29	7uH27oIt4a6cIFCA8ZPcyG	Baila Baila Baila	Ozuna	14016206	24	13	12	-5
30	6zeeWid2sgw4lap2jV61PZ	Better	Khalid	13910998	73	24	10	43
31	7COXchtUOMd6uIT6HvmRaI	i'm so tired...	Lauv	13597793	32	11	18	1
32	5p7ujcrUXASCNwRaWNHR1C	Without Me	Halsey	13589328	30	27	4	-2
33	5W83ErFkO3aKAIS1WMi6u0	Secreto	Anuel AA	13554806	29	12	11	-4
34	2JvzF1RMd7lE3KmFlsyZD8	MIDDLE CHILD	J. Cole	13383900	26	12	2	-8
35	6IRdLKIyS4p7XNiP8r6rsx	all the good girls go to hell	Billie Eilish	13279618	11	2	11	-24
36	3e9HZxeyfWwjeyPAMmWSSQ	thank u, next	Ariana Grande	12781801	33	9	3	-3
37	3XF5xLJHOQQRbWya6hBp7d	you should see me in a crown	Billie Eilish	12423777	15	2	15	-22
38	3Tc57t9l2O8FwQZtQOvPXK	my strange addiction	Billie Eilish	12113255	16	2	16	-22
39	4QIo4oxwzzafcBWkKjDpXY	xanny	Billie Eilish	12079010	13	2	13	-26
40	2IRZnDFmlqMuOrYOLnZZyc	Going Bad (feat. Drake)	Meek Mill	11909031	39	19	11	-1
41	2qG5sZ7Si6sdK74qLxedYM	Con Altura	ROSALÍA	11734134	41	2	41	0
42	1rqqCSm0Qe4I9rUvWncaom	High Hopes	Panic! At The Disco	11646474	42	42	9	0
43	7eBqSVxrzQZtK2mmgRG6lC	Murder On My Mind	YNW Melly	11638449	38	8	19	-5
44	1NJcg626wLln4pGHpiV7mf	lovely	Billie Eilish	11328343	49	18	43	5
45	4lzxJ4jCuFDXXGkE1LmpKR	Verte Ir	DJ Luian	11258683	63	2	45	18
46	4w8niZpiMy6qz1mntFA5uM	Taki Taki (with Selena Gomez, Ozuna & Cardi B)	DJ Snake	10502188	43	28	1	-3
47	5kfNriitmkNE8mUbZ7gbq8	Saturday Nights	Khalid	10490718	85	23	19	38
48	5itOtNx0WxtJmi1TQ3RuRd	Giant (with Rag'n'Bone Man)	Calvin Harris	10444092	40	13	21	-8
49	4n7jnSxVLd8QioibtTDBDq	On My Way	Alan Walker	10393077	54	3	49	5
50	6v0lAdFF4haL8xjBIUjtOw	Te Robaré	Nicky Jam	10271758	56	3	50	6
51	116H0KvKr2Zl4RPuVBruDO	MIA (feat. Drake)	Bad Bunny	10073844	45	26	1	-6
52	4u7EnebtmKWzUH433cf5Qv	Bohemian Rhapsody - 2011 Mix	Queen	9979997	50	3	39	-2
53	63cd4JkwGgYJrbOizbfmsp	Pure Water (with Migos)	Mustard	9937853	46	12	38	-7
54	1WSGTYKLEpKfNQYYW5Oymt	I Can’t Get Enough (benny blanco, Selena Gomez, J Balvin, Tainy)	benny blanco	9850895	44	6	21	-10
55	7FGq80cy8juXBCD2nrqdWU	Eastside (with Halsey & Khalid)	benny blanco	9811346	55	18	16	0
56	6FyRXC8tJUh863JCkyWqtk	Adan y Eva	Paulo Londra	9811339	48	22	11	-8
57	2TIlqbIneP0ZY1O0EzYLlc	Someone You Loved	Lewis Capaldi	9745853	53	14	49	-4
58	3QmolSZqjjLksTUvZJ6pPS	Cool	Jonas Brothers	9597307	nan	1	58	new
59	7dt6x5M1jzdTEt8oCbisTK	Better Now	Post Malone	9563412	60	50	1	1
60	1E6DEDWDKHoOW0fcFuDghV	Don't Pretend (feat. SAFE)	Khalid	9519434	nan	1	60	new
61	0s5DNDV6LAKn2u2Ufa3VjQ	Desconocidos	Mau y Ricky	9477304	57	22	34	-4
62	7ql71hBakyMi0Lxiq3Mugs	Who Do You Love	The Chainsmokers	9115632	nan	1	62	new
63	6CcJMwBtXByIz4zQLzFkKc	i love you	Billie Eilish	9098792	21	2	21	-42
64	7qEKqBCD2vE5vIBsrUitpD	ilomilo	Billie Eilish	9065435	23	2	23	-41
65	0PG9fbaaHFHfre2gUVo7AN	Please Me	Cardi B	9056602	51	8	20	-14
66	059bcIhyc2SBwm6sw2AZzd	Te Vi	Piso 21	8942869	64	13	50	-2
67	0uUNN1nSoUx1A4fkDCWDQ7	So Am I	Ava Max	8865347	71	5	67	4
68	2xLMifQCjDGFmkHkpNLD9h	SICKO MODE	Travis Scott	8744956	61	36	2	-7
69	2H4gf1wLxvYreMj1jcaN0k	Be Alright	Dean Lewis	8742428	62	3	47	-7
70	6Hj9jySrnFppAI0sEMCZpJ	Robbery	Juice WRLD	8554320	59	5	18	-11
71	0e7ipj03S05BNilyu5bRzt	rockstar (feat. 21 Savage)	Post Malone	8540428	72	50	8	1
72	3Ol2xnObFdKV9pmRD2t9x8	Look Back at It	A Boogie Wit da Hoodie	8419721	65	16	20	-7
73	5BDP2tky8oMQJPS33frKVp	Un Año	Sebastian Yatra	8348371	67	11	52	-6
74	7fa9MBXhVfQ8P8Df9OEbD8	Girls Like You (feat. Cardi B)	Maroon 5	8253209	69	43	2	-5
75	1LiN0Z98FkR1t0m8KmLcAH	Amanece	Anuel AA	8238698	70	17	45	-5
76	6ya8ejoKgw906Y8LWclqrp	Racks in the Middle (feat. Roddy Ricch and Hit-Boy)	Nipsey Hussle	8194793	170	2	76	94
77	0tMSssfxAL2oV8Vri0mFHE	listen before i go	Billie Eilish	8183047	31	2	31	-46
78	6vWEAOUSxohKxhp0K1BsxL	Mixed Personalities (feat. Kanye West)	YNW Melly	8154563	66	8	59	-12
79	3f5lA8nnc4YYF1qf78WpHw	Ella Quiere Beber - Remix	Anuel AA	7807236	75	6	45	-4
80	3g4UyIcQwutiG0TfW32GnX	Esclavo de Tus Besos	Manuel Turizo	7761767	82	7	73	2
81	2RSHsoi04658QL5xgQVov3	Bad Liar	Imagine Dragons	7757878	81	22	17	0
82	285pBltuF7vW8TeWk8hdRR	Lucid Dreams	Juice WRLD	7698153	78	18	24	-4
83	7njKgVl3AnLflRad38o7AG	Paradise	Bazzi	7669667	nan	1	83	new
84	46lvmzK8wxAy66tjzXXSh0	Tal Vez	Paulo Londra	7662780	nan	1	84	new
85	5JEx7HbmvHQQswJCsoo9rA	Close To Me (with Diplo) (feat. Swae Lee)	Ellie Goulding	7654128	77	24	19	-8
86	2t8yVaLvJ0RenpXUIAC52d	a lot	21 Savage	7580795	76	16	21	-10
87	5lCxlSBFyP5g4EhVypAoOu	Au DD	PNL	7566109	nan	1	87	new
88	3ee8Jmje8o58CHK66QrVC2	SAD!	XXXTENTACION	7492228	80	56	1	-8
89	3oh6SCCeLuXhFpEyepla6G	Thotiana	Blueface	7460639	74	11	29	-15
90	3JjaofJ0lCeEsFSZqppzOp	Contra La Pared	Sean Paul	7447024	113	2	90	23
91	6X29iaaazwho3ab7GNue5r	8	Billie Eilish	7432332	37	2	37	-54
92	78QR3Wp35dqAhFEc2qAGjE	Drip Too Hard (Lil Baby & Gunna)	Lil Baby	7300620	83	27	13	-9
93	2vsuel3g4zaLYSOY0mOMbi	Bad Luck	Khalid	7273393	nan	1	93	new
94	2iUXsYOEPhVqEBwsqP70rE	Youngblood	5 Seconds of Summer	7220752	87	43	8	-7
95	7DHApOHsIFo7EyfieArYGE	Walk Me Home	P!nk	7218657	92	7	81	-3
96	2rbDhOo9Fh61Bbu23T2qCk	Always Remember Us This Way	Lady Gaga	7124204	84	24	35	-12
97	03x2rVJRFUrvwlfxoHd9Mo	Just You and I	Tom Walker	7081179	94	6	94	-3
98	0JP9xo3adEtGSdUEISiszL	Moonlight	XXXTENTACION	6983696	93	56	2	-5
99	7qiZfU4dY1lWllzX7mPBI3	Shape of You	Ed Sheeran	6894582	96	116	1	-3
100	1TaQciB8qqRZ9fxWGhS65X	Don't Know What To Do	BLACKPINK	6862431	nan	1	100	new
101	5T8EDUDqKcs6OSOwEsfqG7	Don't Stop Me Now - 2011 Mix	Queen	6796181	99	24	51	-2
102	5xIODxqlpUnRVA9ewZUCug	Harami	Samra	6683836	nan	1	102	new
103	1ThmUihH9dF8EV08ku5AXN	Faucet Failure	Ski Mask The Slump God	6600163	97	6	97	-6
104	0E9ZjEAyAwOXZ7wJC0PD33	In My Mind	Dynoro	6600133	95	40	6	-9
105	0pqnGHJpmpxLKifKRmU6WP	Believer	Imagine Dragons	6585082	105	38	68	0
106	5A1w94uzc1kO1Zhe8WWxC3	Right Back	Khalid	6578507	nan	1	106	new
107	40T5GIqQ1CegGm2PTEl8Bu	idontwannabeyouanymore	Billie Eilish	6575041	89	18	67	-18
108	5N5k9nd479b1xpDZ4usjrg	Promises (with Sam Smith)	Calvin Harris	6545594	101	34	5	-7
109	5vdp5UmvTsnMEMESIF2Ym7	Another One Bites The Dust - Remastered 2011	Queen	6536585	100	24	36	-9
110	0FZ4Dmg8jJJAPJnvBIzD9z	ZEZE (feat. Travis Scott & Offset)	Kodak Black	6529635	88	17	10	-22
111	7BuHdm4lQqcyG3qTwdkxus	Aullando	Wisin & Yandel	6475650	114	6	111	3
112	2BgEsaKNfHUdlh97KmvFyo	2002	Anne-Marie	6463747	98	35	28	-14
113	1xzBco0xcoJEDXktl7Jxrr	Mo Bamba	Sheck Wes	6443950	102	27	11	-11
114	0YammaEkYSeo9vQYZ1OwS6	Say My Name	David Guetta	6346412	109	29	68	-5
115	58q2HKrzhC3ozto2nDdN4z	I Like It	Cardi B	6304579	104	53	2	-11
116	3swc6WTsr7rl9DqQKQA55C	Psycho (feat. Ty Dolla $ign)	Post Malone	6221107	121	50	2	5
117	6MJUCumnQsQEKbCy28tbCP	Adictiva	Daddy Yankee	6214842	107	22	37	-10
118	5KbBGUpIZd6gVFUU8tqYiQ	Si Se Da	Myke Towers	6209903	116	4	115	-2
119	6WkJ2OK163XXS2oARUC9JM	Dancin (feat. Luvli) - Krono Remix	Aaron Smith	6208463	108	6	101	-11
120	0tgVpDi06FyKpA1z0VMD4v	Perfect	Ed Sheeran	6177749	119	108	4	-1
121	2kAIpGWnlFLQh48iut6Zzq	Free Spirit	Khalid	6143395	nan	1	121	new
122	4T4CZ3Q4z3GG7lU720YYhM	Soltera	Lunay	6133928	106	5	104	-16
123	2P91MQbaiQOfbiz9VqhqKQ	I Like Me Better	Lauv	6130190	120	45	86	-3
124	7K7MUBCnzgBAvMVW2RTWNs	Body (feat. brando)	Loud Luxury	6121210	111	36	19	-13
125	5IaHrVsrferBYDm0bDyABy	Taste (feat. Offset)	Tyga	6093604	115	47	6	-10
126	3r1cV21xPMkgCmxk8VqWOB	Cherry Lady	Capital Bra	6025576	90	3	40	-36
127	1WqLtczgKdbHFHhefOU0y7	Self	Khalid	5986366	nan	1	127	new
128	05t7JMip6JrLuSrMV5yYjX	Envy Me	Calboy	5891629	135	6	128	7
129	7m9OqQk4RVRkw9JJdeAw96	Jocelyn Flores	XXXTENTACION	5882356	122	85	7	-7
130	3id2EVGKc3eFAMn9nFnB0r	Love Someone	Lukas Graham	5882185	123	24	53	-7
131	6DCZcSspjsKoFjzjrWoCdn	God's Plan	Drake	5864755	129	38	19	-2
132	2G1tXoGBaEMJ7FKGnkf6ud	Wake Up in the Sky	Gucci Mane	5861900	103	18	39	-29
133	6JqpFboOH2bq9pzaYbkKBn	R.I.P. (feat. Rita Ora & Anitta)	Sofia Reyes	5834666	91	4	35	-42
134	0i0wnv9UoFdZ5MfuFGQzMy	Last Hurrah	Bebe Rexha	5827267	110	8	63	-24
135	3npzogdOEiVsieXmmhBepL	The Bones	Maren Morris	5813883	132	4	119	-3
136	2qT1uLXPVPzGgFOx4jtEuo	no tears left to cry	Ariana Grande	5811023	128	34	16	-8
137	7ef4DlsgrMEH11cDZd32M6	One Kiss (with Dua Lipa)	Calvin Harris	5736219	134	53	2	-3
138	51NFxnQvaosfDDutk0tams	bellyache	Billie Eilish	5731892	117	20	70	-21
139	0HEckRWFSknIupbGzavk5d	Hundred	Khalid	5674743	nan	1	139	new
140	27rdGxbavYJeBphck5MZAF	Nothing Breaks Like a Heart (feat. Miley Cyrus)	Mark Ronson	5672953	127	19	22	-13
141	5BfMJ6iytQnu1r7iiCYSXe	Intro	Khalid	5650733	nan	1	141	new
142	1mXVgsBdtIVeCLJnSnmtdV	Too Good At Goodbyes	Sam Smith	5635211	137	74	3	-5
143	79esEXlqqmq0GPz0xQSZTV	Lost In Japan	Shawn Mendes	5617138	133	10	103	-10
144	2uIX8YMNjGMD7441kqyyNU	ocean eyes	Billie Eilish	5524859	118	21	117	-26
145	1zB4vmk8tFRmM9UULNzbLB	Thunder	Imagine Dragons	5476575	141	38	81	-4
146	3LgWsmilsrWXiPYQFRD0T7	goodbye	Billie Eilish	5401559	52	2	52	-94
147	507tQXutCPYNFkpOq8tmKF	Don't Worry Bout Me	Zara Larsson	5377107	126	2	126	-21
148	2fuCquhmrzHpu5xcA1ci9x	Under Pressure - Remastered	Queen	5359364	140	23	55	-8
149	4VUwkH455At9kENOfzTqmF	Beautiful (feat. Camila Cabello)	Bazzi	5354065	147	36	30	-2
150	6fOOKqQWcSy33ApU1wqkkW	Paradise	Khalid	5327027	nan	1	150	new
151	5uCax9HTNlzGybIStD3vDh	Say You Won't Let Go	James Arthur	5310487	143	116	7	-8
152	2FY7b99s15jUprqC0M5NCT	Natural	Imagine Dragons	5309153	144	22	19	-8
153	0A5gdlrpAuQqZ2iFgnqBFW	Moonlight	Gaullin	5267293	169	3	153	16
154	3a1lNhkSLSkpJE4MSHpDu9	Congratulations	Post Malone	5201363	160	113	20	6
155	75ZvA4QfFiZvzhj2xkaWAh	I Fall Apart	Post Malone	5195344	154	81	10	-1
156	76cy1WJvNGJTj78UqeA5zr	IDGAF	Dua Lipa	5151166	148	67	4	-8
157	6nDKrPlXdpomGBgAlO7UdP	SOS	Avicii	5128625	nan	1	157	new
158	1OUPXna2MCgAt3VNmXJBtg	Bola Rebola	Tropkillaz	5128453	146	7	73	-12
159	0fcq51a3gOI6gPvzc0YLsk	Wow. - Remix	Post Malone	5121910	138	3	129	-21
160	1NgCWYuBLfqBDA3b8MgSVU	Twenty One	Khalid	5104242	nan	1	160	new
161	1mT47pKLXUwPYGwB91GcNz	Créeme	KAROL G	5078873	145	18	114	-16
162	6hzi3AGB39FjxFqcjgbWs7	Deux frères	PNL	5076867	nan	1	162	new
163	2G7V7zsVDxg1yRsu7Ew9RJ	In My Feelings	Drake	5032817	155	38	1	-8
164	7hzlzoOwCZ4D3Ow5YZK4kj	Insomnia	Daya	5014360	nan	1	164	new
165	09IStsImFySgyp0pIQdqAc	The Middle	Zedd	5012547	153	45	11	-12
166	1rfofaqEpACxVEHIZBJe6W	Havana (feat. Young Thug)	Camila Cabello	4992817	157	65	1	-9
167	2D3z17LBMJ2HEHeBFFjTLi	Reggaeton	J Balvin	4972387	131	20	74	-36
168	14mHfNsSHN0FbLftyjrV9g	Leave Me Alone	Flipp Dinero	4911333	162	31	34	-6
169	5SHhPFh68OhUmuRPymKX9d	Undrunk	FLETCHER	4887603	139	4	118	-30
170	1rCcsYnmqbMYdkG7kS9GC5	Speechless (feat. Erika Sirola)	Robin Schulz	4866588	161	11	116	-9
171	4ofwffwvvnbSkrMSCKQDaC	Shotgun	George Ezra	4857493	171	42	35	0
172	4ZT9FnbFu1PaBfV3itxiqT	I	Lil Skies	4829154	136	6	58	-36
173	6fxVffaTuwjgEk5h9QyRjy	Photograph	Ed Sheeran	4820801	177	107	41	4
174	0TlLq3lA83rQOYtrqBqSct	Nonstop	Drake	4801344	156	38	16	-18
175	08bNPGLD8AhKpnnERrAc6G	FRIENDS	Marshmello	4790454	172	61	4	-3
176	7AFASza1mXqntmGtbxXprO	changes	XXXTENTACION	4776073	167	56	9	-9
177	7BKLCZ1jbUBVqRi2FVlTVw	Closer	The Chainsmokers	4763322	179	116	2	2
178	2LskIZrCeLxRvCiGP8gxlh	Arms Around You (feat. Maluma & Swae Lee)	XXXTENTACION	4756198	163	24	3	-15
179	5R0cvR5BMFkLomChhmcCzr	Kick It	BLACKPINK	4745140	nan	1	179	new
180	13hvHEstJ4sNbzdroPrPI3	Kiss and Make Up	Dua Lipa	4742352	195	25	16	15
181	4NBTZtAt1F13VvlSKe6KTl	This Feeling	The Chainsmokers	4742230	166	17	114	-15
182	0oOPa0AlLnjCO6eci0HIdH	cOcO MAmA	Dardan	4739363	nan	1	182	new
183	0NJp8GyCOWnQh71xKSPfuV	Freaky	Tory Lanez	4734400	152	4	148	-31
184	7dNwJbsT0sg1le5kVugGJb	Bubalu	Becky G	4727423	164	22	71	-20
185	2aG2nLUd8NNI7vFuOLBCe0	Autre monde	PNL	4721485	nan	1	185	new
186	4hqOmrCCJKyiuwDexd8c2t	Price On My Head (feat. The Weeknd)	NAV	4715115	142	2	142	-44
187	3NuK5xMlSlB6K2Qp16zf3h	Solo (feat. Demi Lovato)	Clean Bandit	4708638	173	19	63	-14
188	1L8LtC2s161XwY6YrtnQjw	Affalterbach	Shindy	4673348	130	2	130	-58
189	1Kjer1JoWuJGNwGV6Pbgv1	Cristina	Sebastian Yatra	4658035	193	3	185	4
190	2xJCMIJfcNYDc5iR0sAm2O	New Rules	Dua Lipa	4657195	183	25	88	-7
191	2x8TNY9KwNvD19gVGs4WOP	Ela É do Tipo	MC Kevin o Chris	4647110	nan	1	191	new
192	2GGMabyHXnJmjY6CXhhB2e	Money	Cardi B	4602734	165	24	46	-27
193	295SxdR1DqunCNwd0U767w	Blanka	PNL	4580773	nan	1	193	new
194	675w3ACw5xZR3ODhUJlEVN	Sola	Manuel Turizo	4562659	188	13	156	-6
195	2ktoFujjJtantyMoVdBJlX	Pa Olvidarte (feat. Manuel Turizo) - Remix	ChocQuibTown	4562642	178	8	130	-17
196	5n9NAd0Y5OUeOGU0nVtLua	Chang	PNL	4562549	nan	1	196	new
197	4pbJqGIASGPr0ZpGpnWkDn	We Will Rock You - Remastered	Queen	4538691	186	22	73	-11
198	5Z3GHaZ6ec9bsiI5BenrbY	Young Dumb & Broke	Khalid	4529277	nan	76	12	re-enter
199	3KLo7ByvjCNyBrfz5DZ2mO	Splashin	Rich The Kid	4521032	151	3	100	-48
200	1T8IRUJBga0JXioJZvxjBR	DEUTSCHLAND	Rammstein	4513596	86	2	86	-114
