position	song_id	song_name	artist	streams	last_week_position	weeks_on_chart	peak_position	position_status
1	5F8ffc8KWKNawllr5WsW0r	Surtada - Remix Brega Funk	Dadá Boladão	4659131	1	7	1	0
2	2qD7VoDYcrAPY0cVEfpsR5	Some que ele vem atrás	Anitta	4042910	3	3	2	1
3	3GmJxfnUDrIs1iCfKUELFz	Supera - Ao Vivo	Marília Mendonça	3909285	4	13	1	1
4	3Uq45ipGutypFPmETfaoaH	Gaiola É o Troco	MC Du Black	3823902	2	16	1	-2
5	2PWjKmjyTZeDpmOUa3a5da	Cheirosa - Ao Vivo	Jorge & Mateus	3475177	8	5	5	3
6	5bHx1IT5vfbM067r9p0S0P	Hit Contagiante - Remix	Felipe Original	3450672	nan	1	6	new
7	5gvrBqNFFEWcxYPt3mamvJ	quando a bad bater - ao vivo	Luan Santana	3330824	7	12	1	0
8	14kRWkCWBYfQqILflEcpSJ	Chama Ela (feat. Pedro Sampaio)	Lexa	3325935	6	7	6	-2
9	6QwFUcPc5nhsqZuhXUYtV7	Tijolão - Ao Vivo	Jorge & Mateus	2945767	10	25	1	1
10	1U3tv41tFRgOfbytpuYQrR	Ferida Curada	Zé Neto & Cristiano	2931820	11	17	6	1
11	4RC2nzqaQygxoVQOVv3XlT	Contatinho - Ao Vivo	Leo Santana	2909529	9	10	6	-2
12	72xB2J9ZeBl0Rzxq2XmzdY	Lençol Dobrado	João Gustavo e Murilo	2888383	13	13	3	1
13	4k20Ie47EcWtS4wMBn8w8S	Invocada (Participação especial de Léo Santana) - Ao vivo	Ludmilla	2788141	12	16	11	-1
14	26WpOBpHiIMoBuMEIwtOCH	Quando a vontade bater (Participação especial de PK Delas)	Pk	2607837	16	35	8	2
15	5q0NlM6Pm8Pp3orq7zGiRn	Quarta Cadeira - Ao Vivo	Matheus & Kauan	2596538	15	34	10	0
16	6V43u5SCjkfMpxMAXRPifr	Sentou e Gostou	MC JottaPê	2537335	14	17	3	-2
17	52vPpP2gEYaBROIS77J38P	Complicado	Vitão	2456708	18	6	13	1
18	3MkdA6vwF0ifRl86yzTlJW	Kenny G	Matuê	2452075	17	10	7	-1
19	5fY9bVl1Wj4PIM3wnduWop	Serenata - Ao Vivo	Marília Mendonça	2359041	19	26	16	0
20	1G60NjxeOS7veR1EXuKPaW	Fake News - Ao Vivo	Gustavo Mioto	2297756	25	27	20	5
21	1owErGXMkNVCgCmCjI1vRL	Quem Traiu Levou - Ao Vivo	Gusttavo Lima	2153604	21	9	16	0
22	31yFXM26dazFnWI2eoOM5R	Ela Vem	MC G15	2111212	33	21	22	11
23	7Gk5OrMYaMRtT2JmgJVAfk	Pupila	ANAVITÓRIA	2099616	23	19	16	0
24	4jGzR5Vri06Y5T9SxM7m5P	Algo Mais (Amante) - Ao Vivo	Xand Avião	2086123	24	26	14	0
25	7qLnSuxwLNlcapat8OCWZp	Ela É do Tipo (feat. Drake) - Remix	MC Kevin o Chris	2044569	nan	1	25	new
26	2MOq63fxuFLYQM3CsDcFs1	menina solta	Giulia Be	2002756	37	6	26	11
27	4lEw9Id7kLDSJ6KRdaenM9	Espaçosa Demais - Ao Vivo	Felipe Araújo	1962689	28	58	13	1
28	4E6RdcCWMiHTu7zy1VTNDo	Todo Mundo Vai Sofrer - Ao Vivo	Marília Mendonça	1944520	27	26	1	-1
29	3RbXsVQr4jeTxvT35Hssq3	Bebi Liguei - Ao Vivo	Marília Mendonça	1880469	29	38	4	0
30	2kOmW169C7UV4SZDN9u0YO	Vidrado Em Você	Dj Guuga	1872673	31	19	29	1
31	1uryupl9hqVZYurJwH4G9k	3 Batidas - Ao Vivo	Guilherme & Benuto	1869731	36	12	31	5
32	3NnW2EqJxvHYrRy3upaznl	Resenha lá em casa	MC Kevin o Chris	1787039	34	19	32	2
33	6X0XdIcgwfVa9orJnDMQB0	Parabéns	Pabllo Vittar	1771814	22	4	22	-11
34	159ntSAEWJ9zIMOSXmQ530	choque térmico - ao vivo	Luan Santana	1748362	35	12	31	1
35	2KyXyTrp3kp1Fsg7B1osYD	Para, Pensa e Volta - Ao Vivo	Yasmin Santos	1725543	39	20	21	4
36	1xyVMQx51Kab6eLVtE6twx	Cobaia	Lauana Prado	1717955	38	66	6	2
37	6sRLrSetyIwIKhW1eMlUNP	Vou Ter Que Superar - Ao Vivo	Matheus & Kauan	1685705	41	34	2	4
38	0J6cINt02c8UQqDG7vLShY	Gelo	Melim	1657144	45	12	38	7
39	4gDvg62vG96w0qJaF6wzcd	A Culpa é do Meu Grau (feat. Zé Neto & Cristiano) - Ao Vivo em Brasília	Diego & Victor Hugo	1645977	43	34	17	4
40	2qiqXQ2Suc253bR7k9AKVD	Baile da Colômbia (Brega Funk) - Remix	MC Ysa	1636875	42	15	24	2
41	59WWulo1LM0njpIkcduCMn	Tão Linda	Atitude 67	1623951	44	15	40	3
42	4mkagJJ8AM1hzeyrgAJc3x	Te Amo Sem Compromisso	MC Doni	1618238	40	13	8	-2
43	6i9ToXS6CAfjpp8veBklg1	Café	Vitão	1584480	46	35	38	3
44	6v3KW9xbzN5yKLt9YKDYA2	Señorita	Shawn Mendes	1580718	47	16	12	3
45	5pddmkNwatcLOEqDqj7xEp	Perrengue - Ao Vivo	Gusttavo Lima	1471524	49	6	29	4
46	1rgnBhdG2JDFTbYkYRZAku	Dance Monkey	Tones And I	1469655	56	9	46	10
47	6WrI0LAC5M1Rw2MnX2ZvEg	Don't Start Now	Dua Lipa	1423612	32	2	32	-15
48	5rNNZ6fVYxkhwqUfImVhU1	Brisa	IZA	1403429	54	30	39	6
49	0WhDotK0QXigmsrlw0DxKK	Evoluiu	MC Kevin o Chris	1400069	51	30	2	2
50	6hrV6KYL9zM8vFAbOSxFHY	Também Sei Fazer Falta - Ao Vivo	Israel & Rodolffo	1393368	48	17	42	-2
51	1AfNdxHdE4OLcnQUyC6j3i	Eterna Sacanagem	MC JottaPê	1388287	26	4	26	-25
52	2PqPSf3gtTED79rWGwVtYg	Áudio - Ao Vivo em Brasília	Diego & Victor Hugo	1358957	58	18	43	6
53	5MArTXEVyKBwoodjdy04fk	Tiro Certo - Ao Vivo	Zé Felipe	1349311	66	9	53	13
54	6l1PdE7lQbodewVQh16GCM	Sei Lá	Projota	1347053	57	29	29	3
55	6lK3nCiigk34SGqEjpQoqO	Aí Eu Bebo - Ao Vivo	Maiara & Maraisa	1310371	62	4	55	7
56	5n8Y78Pl5q8lqS7sJP61qw	Relógio Parado (Ao Vivo)	Diego & Arnaldo	1306375	52	4	52	-4
57	51Fjme0JiitpyXKuyQiCDo	Lalala	Y2K	1304468	53	12	9	-4
58	1qy7aOHnfnOMJoT1fhoLYG	Intenção - Ao Vivo	Marília Mendonça	1286902	59	13	58	1
59	141xCZ6pvh4ymCsQkOFX80	Nem de Graça / Saudade Arregaça - Ao Vivo	Pixote	1260341	63	11	56	4
60	5rwdmpN5eMWIIwK4R96vv1	Malemolência	Dynho Alves	1259376	61	38	30	1
61	0CgMeXQiNYJxPVQ2EMJxdL	Se Prepara 2	Mc Livinho	1255520	73	4	61	12
62	7oEr56KG6odStlQH0nvdyr	Solteiro Não Trai - Ao Vivo	Gustavo Mioto	1254661	60	49	8	-2
63	4eB8rsNNm5791m3uvEBNLR	Estado Decadente - Acústico	Zé Neto & Cristiano	1251083	64	44	10	1
64	3tA0vALUwrzkTgHcm9j6oJ	Notificação Preferida - Ao Vivo	Zé Neto & Cristiano	1242347	65	27	17	1
65	6Diq6oBnDVzsrNcRllXRbM	Maldita de Ex	Mc Leozin	1221803	71	13	65	6
66	29caulxU0jxucdVIyhSJTc	Amor de Que	Pabllo Vittar	1220943	20	2	20	-46
67	1HBrxfreCZDstJMYVzgRPM	Evapora	IZA	1212726	nan	1	67	new
68	6ZWkf3FDQQmyeel23ECpIP	Carreira Solo - Ao Vivo	Gusttavo Lima	1202609	55	2	55	-13
69	5U28PY9MekLyCBYtLHGQpe	Meu Abrigo	Melim	1201137	72	75	3	3
70	3L2uyIJoJPjYkSETVNSPBQ	Não Abro Mão - Ao Vivo	Maiara & Maraisa	1188986	70	41	13	0
71	1HfMVBKM75vxSfsQ5VefZ5	Lose You To Love Me	Selena Gomez	1181361	50	4	19	-21
72	6hqQPoB1yYKcLfByfxO8he	Na Cama Que Eu Paguei - Ao Vivo	Wesley Safadão	1180111	81	8	16	9
73	2lm3Ric7MeBk8hLfsiVokr	Pouco a Pouco (Ao Vivo) (feat. Sorriso Maroto)	Dilsinho	1179396	67	41	66	-6
74	23GNCotvXa7WPvgYuruJjE	Para não	MC WM	1170546	69	13	57	-5
75	3tu0GkIZwwkmILoD4HemBq	Bebe e Vem Me Procurar	Raí Saia Rodada	1162804	68	22	41	-7
76	34D0w6kVzuQ35vyHIFrWTC	Do jeito que tu gosta	Pk	1155648	74	13	48	-2
77	1nqaSoiLuqevDes4S18sO7	Milu	Gusttavo Lima	1145838	76	20	8	-1
78	72N0CRIAqjETbhghrkCUW2	Dois Enganados	Murilo Huff	1129462	77	24	49	-1
79	3tU3UAasaDA9OixXGC3O33	Fingindo Maturidade - Ao Vivo	Mano Walter	1102369	84	27	19	5
80	1qCLx3nX25NuhfPjM5E1qV	Ouvi Dizer	Melim	1100372	82	69	13	2
81	3vSXPjfcebTt5mB8DXHWM6	Dois Lados	Wesley Safadão	1093986	80	14	54	-1
82	2H8ETIUEoN9YMf56X66bxd	Onda diferente (feat. Papatinho)	Anitta	1090076	75	32	4	-7
83	5MMrkwK6AgNAsgHVdC7daZ	Péssimo Negócio (Ao Vivo)	Dilsinho	1077897	83	41	18	0
84	17rF54WvGGqPVxDheq8PP8	Mantém	WIU	1069908	78	5	63	-6
85	49pu85144Xir6PgWjeyJhG	Flor Que Se Cheira - Ao Vivo	Guilherme & Benuto	1068224	86	27	39	1
86	3K16ZsnNjOTY1Esnrx0rQg	In The Dark	Vintage Culture	1066348	79	3	79	-7
87	5cN5ZOVcYBl4Lnq50Zeqsx	Mágica - Ao Vivo	Matheus & Kauan	1045386	88	34	42	1
88	13Rf6RaZT13TW4xLQR3MQr	Poesia Acústica #6: Era uma Vez	Pineapple StormTv	1036576	94	46	18	6
89	1oQppEGTHYN53xfEaTz4ua	Vai menina	Pedro Sampaio	1027141	87	35	30	-2
90	2x8TNY9KwNvD19gVGs4WOP	Ela É do Tipo	MC Kevin o Chris	1021485	85	35	1	-5
91	64ePZsgVWO1zRVpHxY2VYC	Maturidade (feat. Matheus & Kauan)	Avine Vinny	1020256	95	29	83	4
92	2FGhB10Gon36GgFcOTMQEW	Poesia Acústica #7: Céu Azul	Pineapple StormTv	1006691	93	19	24	1
93	1DdEU9f7uXklMx6Dm0Mdwq	Acende o Isqueiro	Orochi	982586	102	7	93	9
94	0rUL7vUZmCKxB0gS83W3aM	Apaixonadinha - Ao Vivo	Marília Mendonça	980406	92	26	54	-2
95	0hVXuCcriWRGvwMV1r5Yn9	I Don't Care (with Justin Bieber)	Ed Sheeran	979592	100	18	29	5
96	4rnI4obabjGCPI2CCCs5VR	Hoje Eu Beberei - Ao Vivo	Felipe Araújo	974782	98	4	94	2
97	4H9vyrlKZpzd1FW3oupnzD	Credo que delícia	MC Kevinho	972624	91	12	50	-6
98	3eekarcy7kvN4yt5ZFzltW	HIGHEST IN THE ROOM	Travis Scott	961253	90	6	44	-8
99	5aayWOEE7u7bxZ3r7dwIrX	Meu talismã	IZA	956804	101	8	94	2
100	7qEHsqek33rTcFNT9PFqLf	Someone You Loved	Lewis Capaldi	950013	108	10	95	8
101	3fLqmaO4vvZpFZSZy52VMp	Deixa (feat. Ana Gabriela)	Lagum	945842	106	75	28	5
102	21jGcNKet2qwijlDFuPiPb	Circles	Post Malone	944082	99	9	52	-3
103	7D5F5BzIon5zhzQrOU2pdN	Ciumeira - Ao Vivo	Marília Mendonça	940025	97	38	22	-6
104	41GMwa6sCB3iA2aS5T30iE	Trip do Boyzinho	Boyzinho o Rei da Bregadeira	936466	96	16	68	-8
105	0abrd2vT2W3JZBDNezUY7r	Deixa Tudo Como Tá - Ao Vivo	Thiaguinho	925466	103	4	98	-2
106	0HocIafyaS4C7rDGTJXYnj	Bomba Relógio	Luísa Sonza	925429	107	8	65	1
107	7sl95MXCpM8WWsaH1BqvR3	Do Copo Eu Vim (feat. Marília Mendonça) - Ao Vivo em Brasília	Diego & Victor Hugo	923684	105	18	44	-2
108	6pgoGpBkKUvXrrU95j0khl	Cidade Vizinha - Ao Vivo	Henrique & Juliano	918860	110	58	6	2
109	2YpeDb67231RjR0MgVLzsG	Old Town Road - Remix	Lil Nas X	913529	104	16	22	-5
110	3J5Pu25BODMex4Jpy4l6FL	S de Saudade	Luíza & Maurílio	900889	145	2	110	35
111	3CgZi8DMUftJHK6WL2gKc1	Um Pedido	Hungria Hip Hop	880786	111	23	25	0
112	01wavOnjFBNgdMWBFYIAP4	50 Vezes - Ao Vivo	Sorriso Maroto	877176	113	25	44	1
113	2Fxmhks0bxGSBdJ92vM42m	bad guy	Billie Eilish	874019	114	33	30	1
114	2bbFhnxYjeb9jYEX2MDKLQ	Uma nora pra cada dia	MC Kevinho	873369	112	20	5	-2
115	5EKHbW7mXcAR4hCyS3YXjb	Atrasadinha - Ao Vivo	Felipe Araújo	872646	109	60	1	-6
116	3rswBEKYvgG2lEn6JCrHmk	Beat Todo Mundo Vai Sofrer	Mc Kitinho	865254	nan	1	116	new
117	1psCVg04oOY36IqUVyRfhO	Tchau Tchau	Henrique & Diego	859494	136	3	117	19
118	1DFD5Fotzgn6yYXkYsKiGs	Piece Of Your Heart	MEDUZA	857652	116	25	61	-2
119	3umEJoDv6XsoBKlmi7eGRg	Pedaço Meu - Ao Vivo	Cleber & Cauan	852921	133	6	119	14
120	4pnlRYoaaGu24SuC3et5Pv	Saudade em Gotas (feat. Wesley Safadão) - Ao Vivo	Yasmin Santos	852791	119	13	82	-1
121	1zI3RU0boCVsAXChjCvESu	Até que enfim - Ao vivo	Ferrugem	840681	121	17	51	0
122	0h1mVA8gOPR71lxSeY67uT	Fica à vontade	Pedro Sampaio	839855	120	13	102	-2
123	3N6isgIE6SAFbRfRIbQ3sd	Morena Cor do Pecado	MC Kevin o Chris	838920	89	6	89	-34
124	4xwPOyN9VgaTPehdsLiYul	Dois Corações	Melim	820685	122	31	101	-2
125	0pqnGHJpmpxLKifKRmU6WP	Believer	Imagine Dragons	816375	123	69	71	-2
126	450ngaSmjQMdJFVzCADNQB	Surtada - Versão Funk	DJ Dollynho Da Lapa	807407	117	4	103	-9
127	0H8CBal2Dcu5Yc001VotZN	Dona de mim	IZA	805116	128	59	26	1
128	0nkDm27DGppCSk8dnGtvPa	Não sou obrigada	POCAH	799728	127	32	16	-1
129	6YjyT6MEMsMc41NNWk2dYg	Bebaça - Ao Vivo	Marília Mendonça	799173	115	38	6	-14
130	5GHA824FwkHeBl5u1T6kLj	Namorada Reserva - Ao Vivo	Hugo & Guilherme	797297	130	16	121	0
131	4iANxSIDT3kGekiquMSAgT	Embrasa	Vitão	795201	134	35	106	3
132	4Lxv5hGnHOUYBVeDgWgcaP	Long Neck - Acústico	Zé Neto & Cristiano	795139	132	44	36	0
133	0EZuXcsnjEmGuRYdFdcctX	Sem Sal - Ao Vivo	Marília Mendonça	786448	125	38	20	-8
134	65i9Mc7h1CG7ssI1OhMPcT	Onze e Pouquinho	Dilsinho	782709	139	4	122	5
135	2fvxmRWpeqZN8xatpB66pC	Casa mais feliz da rua - Ao vivo	João Gustavo e Murilo	781234	131	10	124	-4
136	4zZ2rPOa8itw3VuusVSicv	Deixa	Mc Th	772736	184	2	136	48
137	4a5GPCo8oX4vvaRkciKlih	Obrigado por Estragar Tudo - Ao Vivo	Marília Mendonça	770938	126	32	59	-11
138	5eMmT4Ava5BGThju0AD8vQ	Cem Mil - Ao Vivo	Gusttavo Lima	763557	138	55	1	0
139	1YAtg8jo5fR3Q01eO2jPTl	Positividade	Mc Bola	757775	137	5	132	-2
140	1OUPXna2MCgAt3VNmXJBtg	Bola Rebola	Tropkillaz	757616	135	38	1	-5
141	2b8fOow8UzyDFAE27YhOZM	Memories	Maroon 5	746527	141	5	122	0
142	0wryAFpQqHTvhteQx7ZNp2	Edredom	Vitão	746498	140	20	89	-2
143	5C0ivQMxes2lWuOANhvVAm	GIANTS	True Damage	731576	nan	1	143	new
144	0IQCOAw9ZAI6WnXIrl481F	Hoje Eu Vou Parar Na Gaiola	Mc Livinho	730021	143	53	5	-1
145	4mtHXZBOBMrZSI6jp3X9WJ	Espelho Meu - Ao Vivo	Henrique & Diego	725333	146	41	46	1
146	4YbZBChhX5SkLhNJcvvhuD	Indomável (Participação especial de Belo)	Pk	722435	147	7	146	1
147	1lTsRXDMWFbsFjQGkbL5TX	Outro Dia	A Banca Records	716197	155	19	46	8
148	78kar2tZk7655xZMibzXO3	Oi	Lagum	715143	148	17	82	0
149	2VxeLyX666F8uXCJ0dZF8B	Shallow	Lady Gaga	708299	154	58	3	5
150	6ocbgoVGwYJhOv1GgI9NsF	7 rings	Ariana Grande	707934	149	40	11	-1
151	6iW38RGqdDGOofmz2HeXLW	Piece Of Your Heart - Alok Remix	MEDUZA	705452	150	21	108	-1
152	2vHshN6rsDYqoiZlMhfRpo	Balão	Orochi	704525	153	13	150	1
153	4yI3HpbSFSgFZtJP2kDe5m	Look At Her Now	Selena Gomez	691833	118	3	52	-35
154	4UANYptjv2kpV6IY7IjXoJ	Bem Pior Que Eu - Ao Vivo	Marília Mendonça	690284	151	38	50	-3
155	704li4NOyKCQY6qNdoEW5n	Melhor Saída - Ao Vivo	Lauana Prado	689795	152	28	53	-3
156	3kySOLOrkLeOPvu3HXEgVz	Teu Segredo - Ao Vivo	Vou pro Sereno	678436	158	4	156	2
157	5DqdesEfbRyOlSS3Tf6c29	It's You	Ali Gatie	677858	nan	1	157	new
158	2dpaYNEQHiRxtZbfNsse99	Happier	Marshmello	675929	160	65	43	2
159	2plLJpUcYPFrl1sW2pMG63	Lights Up	Harry Styles	672898	144	5	51	-15
160	4CPhkF6SboNZoZfjgaEYME	Irmão DQbrada!	Costa Gold	655066	157	11	68	-3
161	7FiIQXpIeLo3ITfGGpb8PB	Vamos pra Gaiola	MC Kevin o Chris	654725	159	44	2	-2
162	7MPQNyAX02uIEQCRsC4sgc	Banco	Matuê	653470	168	36	80	6
163	2dEkETSUpO8oZoCOcKT1yN	Tonelada de Solidão (feat. Ferrugem) - Ao Vivo	Marcos & Belutti	653445	166	40	38	3
164	11DkUDkBt9kaha1QRnuCMU	Regras - Ao Vivo	Diego & Arnaldo	652320	170	35	67	6
165	1L4FkMHbsJWmNmXLFtgHmW	Botadona	Maneiro Na Voz	650423	188	3	165	23
166	6b2RcmUt1g9N9mQ3CbjX2Y	How Do You Sleep?	Sam Smith	643015	162	17	37	-4
167	6J8UJNZrIwvcpsWHvSkwXn	Anos Luz	Matuê	637356	173	14	167	6
168	7aiClxsDWFRQ0Kzk5KI5ku	hot girl bummer	blackbear	636837	161	5	149	-7
169	4fMjqKYYsvtT6Fvca8lGFl	Sua Mãe Vai Me Amar	Turma do Pagode	634524	187	61	42	18
170	1qDZnViQgUItsMpWLVwfGb	Fica - Bonus Track	ANAVITÓRIA	632234	176	107	24	6
171	0BNGeZfk8vEB5uXM6z8MBy	Abandono de Incapaz - Ao Vivo	Marília Mendonça	631198	164	11	80	-7
172	2SgVsDXzET5EU8VngMh9dv	Senta braba	MC WM	628586	165	28	23	-7
173	4oRI9c4EmcKo9kbgVM8zWP	Nem Tchum - Ao Vivo	Maiara & Maraisa	627176	169	18	118	-4
174	1EQ8sBQ7Abv9DvNBzhXAcv	Pra Você Guardei O Amor	Nando Reis	624447	181	64	121	7
175	6gBFPUFcJLzWGx4lenP6h2	goosebumps	Travis Scott	623218	178	5	175	3
176	61vDGoB9k3ximR5YNzjmBc	Surtada	Neo Beats	622605	171	10	151	-5
177	11Y1IGMIThaxu4ijcXRNYs	Nem de Graça	Pixote	621681	180	15	152	3
178	3bR8wBqLky6b61ROJlaBEF	Ai, Amor	ANAVITÓRIA	618151	192	67	32	14
179	1xg3EbmhAr1cfNOA55pvKH	Pesquisa no Google (feat. Henrique & Diego) - Ao Vivo	Turma do Pagode	617346	174	34	66	-5
180	6cy3ki60hLwimwIje7tALf	RITMO (Bad Boys For Life)	Black Eyed Peas	613199	nan	1	180	new
181	5lYKob6hewwt3dcy5kWMfF	Praia do Rosa - Acústico	Oriente	612962	175	50	61	-6
182	3QpkDyuXdjxhIyLyKtyC6O	Ilusão	Filipe Ret	611087	nan	1	182	new
183	371Up3WP7OqJNFPf0BiyUe	Largado Às Traças - Ao Vivo	Zé Neto & Cristiano	610906	172	26	115	-11
184	0XEJ7eph2IWFYZc73Jm3n2	Infarto	Diego & Victor Hugo	609906	177	53	9	-7
185	75G8U8YHMcHirBsO0we3zR	7 Dias 7 Corpos	Dj Guuga	609187	194	2	185	9
186	2M53M7wYGFjUMlHIXhJoqW	Show De Recaída - Ao Vivo Em Uberlândia / 2018	Bruno & Marrone	609058	179	6	108	-7
187	3TvRRQj7qg8GOD612X9hKT	Namorar Não Dá	MC Kevin o Chris	608523	189	19	146	2
188	33g4LmRrWddOvMLnynSktj	Bagunça Minha Vida - Ao Vivo Em Goiânia / 2019	George Henrique & Rodrigo	604723	30	29	17	-158
189	6RtBJYQuduBYuDmX5ww6rW	Conspiração	Tribo da Periferia	603192	182	8	138	-7
190	0nDnvGagGAQP5vpgCyS5yH	Amor de Fim de Noite	Orochi	597601	nan	1	190	new
191	4u7EnebtmKWzUH433cf5Qv	Bohemian Rhapsody - 2011 Mix	Queen	596944	186	33	95	-5
192	4vUmTMuQqjdnvlZmAH61Qk	South of the Border (feat. Camila Cabello & Cardi B)	Ed Sheeran	596108	167	5	81	-25
193	2ZWCFtbgpxCgb6qR0yHAkh	Garupa 2	Mc Nando	595888	193	11	107	0
194	3NpRkAnxexTh4TklAZNjag	Bye Bye	Mc Don Juan	595852	183	35	28	-11
195	3Vc8vnid3noqupe9PvUKxP	Dizeres	Lourena	592167	198	42	65	3
196	6zegtH6XXd2PDPLvy1Y0n2	Don’t Call Me Angel (Charlie’s Angels) (with Miley Cyrus & Lana Del Rey)	Ariana Grande	586584	163	2	163	-33
197	0RiRZpuVRbi7oqRdSMwhQY	Sunflower - Spider-Man: Into the Spider-Verse	Post Malone	585064	190	9	101	-7
198	6vBdBCoOhKHiYDDOcorfNo	Goodbyes (Feat. Young Thug)	Post Malone	584344	185	19	51	-13
199	4tGhPwNEdXR7qJNLsvqRqw	Idiota Favorito	Murilo Huff	579566	nan	1	199	new
200	0EyxB6uQOUC4ex2tbJuu6m	Deixa Eu Te Chamar de Meu Amor	Breno & Caio Cesar	579190	nan	40	95	re-enter
