position	song_id	song_name	artist	streams	last_week_position	weeks_on_chart	peak_position	position_status
1	1OUPXna2MCgAt3VNmXJBtg	Bola Rebola	Tropkillaz	3190847	1	4	1	0
2	5EKHbW7mXcAR4hCyS3YXjb	Atrasadinha - Ao Vivo	Felipe Araújo	2790878	3	26	1	1
3	7FiIQXpIeLo3ITfGGpb8PB	Vamos pra Gaiola	MC Kevin o Chris	2781906	2	10	2	-1
4	3RbXsVQr4jeTxvT35Hssq3	Bebi Liguei - Ao Vivo	Marília Mendonça	2682896	5	4	4	1
5	2VxeLyX666F8uXCJ0dZF8B	Shallow	Lady Gaga	2486978	4	24	3	-1
6	2lAyctg5FocS67eksHoyIg	Quem Me Dera	Márcia Fellipe	2418742	6	15	4	0
7	5yH8pYxNckOU1cxfPsMIaz	Agora é Tudo Meu	Dennis DJ	2313290	7	15	3	0
8	5eMmT4Ava5BGThju0AD8vQ	Cem Mil - Ao Vivo	Gusttavo Lima	2306043	20	21	8	12
9	0IQCOAw9ZAI6WnXIrl481F	Hoje Eu Vou Parar Na Gaiola	Mc Livinho	2187423	8	19	5	-1
10	7KdcbYcVF8LkQeQcTYOixJ	Vingança - Ao Vivo	Luan Santana	2149709	10	27	10	0
11	2qkNnJvQvhLiZ63X1L3eFz	Notificação Preferida - Ao Vivo	Zé Neto & Cristiano	2047362	11	40	2	0
12	7G2XZhDNHo7SSDWSVxC0UT	Terremoto	Anitta	2040964	9	7	1	-3
13	6YjyT6MEMsMc41NNWk2dYg	Bebaça - Ao Vivo	Marília Mendonça	2032700	18	4	13	5
14	0XEJ7eph2IWFYZc73Jm3n2	Infarto	Diego & Victor Hugo	2025899	13	19	9	-1
15	7oEr56KG6odStlQH0nvdyr	Solteiro Não Trai - Ao Vivo	Gustavo Mioto	1996516	17	15	15	2
16	2caDAj0O4uD8OlJ8bap9nz	Favela chegou - Ao vivo	Ludmilla	1909715	12	4	12	-4
17	4eB8rsNNm5791m3uvEBNLR	Estado Decadente - Acústico	Zé Neto & Cristiano	1905930	21	10	10	4
18	3Hb9kUdm4yf839Fle4RIdT	Parado no Bailão	MC L da Vinte	1862124	14	25	1	-4
19	1qCLx3nX25NuhfPjM5E1qV	Ouvi Dizer	Melim	1852651	19	35	13	0
20	2mJOngYlqgfdLMBSxPcJL3	Quem Tem o Dom	Jerry Smith	1823634	15	8	15	-5
21	7wMAgaPiKzTNxpDWu2BPfk	Jenifer	Gabriel Diniz	1792467	16	7	6	-5
22	6JqpFboOH2bq9pzaYbkKBn	R.I.P. (feat. Rita Ora & Anitta)	Sofia Reyes	1663275	nan	1	22	new
23	6ocbgoVGwYJhOv1GgI9NsF	7 rings	Ariana Grande	1661277	26	6	11	3
24	13Rf6RaZT13TW4xLQR3MQr	Poesia Acústica #6: Era uma Vez	Pineapple StormTv	1649844	24	12	18	0
25	7D5F5BzIon5zhzQrOU2pdN	Ciumeira - Ao Vivo	Marília Mendonça	1626565	22	4	22	-3
26	5MMrkwK6AgNAsgHVdC7daZ	Péssimo Negócio (Ao Vivo)	Dilsinho	1621053	32	7	25	6
27	2X8sssaxS5GReg6945B6RW	Só Pra Castigar	Wesley Safadão	1596972	23	27	4	-4
28	0EZuXcsnjEmGuRYdFdcctX	Sem Sal - Ao Vivo	Marília Mendonça	1596472	25	4	20	-3
29	1xyVMQx51Kab6eLVtE6twx	Cobaia	Lauana Prado	1571411	33	32	26	4
30	3o67Yt3Ua1qlSNV22zWUAn	Traí Sim - Ao Vivo	Maiara & Maraisa	1552117	28	16	18	-2
31	0kCqaybZgYcLYxzZymmBoc	Quem Pegou, Pegou - Ao Vivo	Henrique & Juliano	1534282	27	30	7	-4
32	3mNmUjoDHYDYj08IaRPtg0	Posto 24h (feat. Wesley Safadão) - Ao Vivo	Lucas Lucco	1518183	29	22	23	-3
33	4SBQSroThFQ98U29IwnJ2g	Coisa Boa	Gloria Groove	1459659	36	10	33	3
34	5Wmg5LPPJnbMsKA9fthM3l	Qualidade De Vida - Ao Vivo	Simone & Simaria	1458883	30	10	8	-4
35	7rLegaz7zKB6EtDNzcslKE	Medley da Gaiola - Dennis DJ Remix	MC Kevin o Chris	1421321	31	29	4	-4
36	28SWsF1IQxfc9bP5yua35K	Provocar	Lexa	1377053	34	17	34	-2
37	0H8CBal2Dcu5Yc001VotZN	Dona de mim	IZA	1340514	39	25	26	2
38	7LPR6AdkOQR9WpEixCGNCk	Sapequinha	Lexa	1335203	35	29	12	-3
39	4Cy5f4JsH1yoeGks7FnoHw	All The Lies (with Felix Jaehn & The Vamps)	Alok	1327690	nan	1	39	new
40	5U28PY9MekLyCBYtLHGQpe	Meu Abrigo	Melim	1302755	37	41	3	-3
41	6HtVFR6WAeJRgYtleNcEE8	Só Depois do Carnaval	Lexa	1213982	38	7	28	-3
42	4HTrlT5mmxPaZZKs4JSPeI	To Gostando Tanto de Você	Mc Don Juan	1177337	40	16	33	-2
43	2dpaYNEQHiRxtZbfNsse99	Happier	Marshmello	1133518	44	31	43	1
44	3IdXfXbXcbEe3LP9ClIZw8	Pronta pra Trair	Yasmin Santos	1111080	42	4	42	-2
45	7oe0Ix6qnvqZhK0zDzOPie	Então Vem Cá - Ao Vivo	Mano Walter	1103270	43	10	43	-2
46	1IJH7QjV5V99eJBtKXqGXE	Largado Às Traças - Ao Vivo	Zé Neto & Cristiano	1033128	45	44	1	-1
47	5pRGXCDY0eT6R1QicAn7Uk	Lençol Dobrado	João Gustavo e Murilo	1021671	58	5	47	11
48	3fLqmaO4vvZpFZSZy52VMp	Deixa (feat. Ana Gabriela)	Lagum	1021288	48	41	28	0
49	3L2uyIJoJPjYkSETVNSPBQ	Não Abro Mão - Ao Vivo	Maiara & Maraisa	1019457	61	7	49	12
50	2odzriVVZBwYOiYJEj30tm	Pouca Pausa	Clau	1007972	49	40	8	-1
51	6zdrUt0j8guhZfcSF6X2Sb	Quer mais?	POCAH	1004981	41	19	34	-10
52	4UANYptjv2kpV6IY7IjXoJ	Bem Pior Que Eu - Ao Vivo	Marília Mendonça	1003732	56	4	50	4
53	36UiRg8wGUOFC3E0gdyvFA	Morena	Vitor Kley	1000919	52	23	46	-1
54	0PaAB17axL9hn88mHiw8g0	Não Fala Não pra Mim	Humberto & Ronaldo	993198	47	37	5	-7
55	7E5cJjrgYLHo13pI0hpmWw	Não Atende Não	Wesley Safadão	979154	53	14	40	-2
56	3e9HZxeyfWwjeyPAMmWSSQ	thank u, next	Ariana Grande	977091	50	6	26	-6
57	4y3OI86AEP6PQoDE6olYhO	Sucker	Jonas Brothers	960243	46	3	46	-11
58	4mtHXZBOBMrZSI6jp3X9WJ	Espelho Meu - Ao Vivo	Henrique & Diego	938872	51	7	46	-7
59	0vT797IpZpF5o1XLCnWCUL	É natural (Participação especial de Bruno Cardoso) - Ao vivo	Ferrugem	938039	63	32	36	4
60	2PMLdLt5QeOuOgxfAvx1in	Sofazinho - Ao Vivo	Luan Santana	924287	55	27	6	-5
61	4xc6RrWzEOdprPqYn9Cyen	Só Você	Dennis DJ	917347	57	34	2	-4
62	4kV4N9D1iKVxx1KLvtTpjS	break up with your girlfriend, i'm bored	Ariana Grande	915782	54	6	18	-8
63	3HEb6Y5dv8PgD6JgsIQNac	Bebida Na Ferida - Ao Vivo	Zé Neto & Cristiano	891615	62	44	25	-1
64	0NvJLuAz5qjO6FRegFcjGN	Cerveja, Sal E Limão	Matheus & Kauan	889104	59	11	58	-5
65	7uU04pPMnKELpv8mIJ3yLa	Zé da Recaída - Ao Vivo	Gusttavo Lima	873380	67	21	23	2
66	3Vc8vnid3noqupe9PvUKxP	Dizeres	Lourena	868698	65	8	65	-1
67	11DkUDkBt9kaha1QRnuCMU	Regras - Ao Vivo	Diego & Arnaldo	868272	nan	1	67	new
68	2dmGj5Nf01FcR6N4HPzAbL	Saudade Nível Hard	Yasmin Santos	864239	60	32	7	-8
69	6pgoGpBkKUvXrrU95j0khl	Cidade Vizinha - Ao Vivo	Henrique & Juliano	849496	68	24	6	-1
70	73u22uLsakf8W12suab1QO	Pro Nosso Bem - Ao Vivo	Gustavo Mioto	846845	84	4	70	14
71	4Rxb7NsUhNRr7aD5necJ3o	Pesquisa no Google (feat. Henrique & Diego) - Ao Vivo	Turma do Pagode	839999	90	5	71	19
72	5mFn4teAi2HMi7kRHliyFL	Surto De Amor - Ao Vivo Em Uberlândia / 2018	Bruno & Marrone	830655	nan	1	72	new
73	3QkKCTSHnJlUag0GG9F1cN	Maturidade (feat. Matheus & Kauan)	Avine Vinny	826577	71	18	69	-2
74	6NgwHmEgfQVIYQBq8QcWMi	Do Copo Eu Vim (feat. Marília Mendonça) - Ao Vivo em Brasília	Diego & Victor Hugo	824726	94	2	74	20
75	2Ab1wPTEqulaCGoBak1gUo	Ao Vivo E A Cores	Matheus & Kauan	824163	70	45	1	-5
76	5Vw6ZLNB6Ko7VZM6vmNIbr	O Alvo - Ao Vivo	Diego & Victor Hugo	818798	72	61	12	-4
77	3KkXRkHbMCARz0aVfEt68P	Sunflower - Spider-Man: Into the Spider-Verse	Post Malone	814694	74	11	67	-3
78	2JVbZEpewmqNlSzmXJTx2E	Favela	Alok	806522	78	31	4	0
79	74n5d5M21JnC4WJ6gdkggK	Propaganda - Ao Vivo	Jorge & Mateus	805711	75	56	2	-4
80	7tFiyTwD0nx5a1eklYtX2J	Bohemian Rhapsody - 2011 Mix	Queen	790073	73	20	48	-7
81	1fyhyOy6iS9E2NckAzjmTo	Status Que Eu Não Queria - Ao Vivo	Zé Neto & Cristiano	781505	77	44	6	-4
82	1ELXy0IfF2iKYwnsUqbYIQ	Tijolinho por Tijolinho	Enzo Rabelo	766533	66	23	64	-16
83	0E9ZjEAyAwOXZ7wJC0PD33	In My Mind	Dynoro	758830	81	33	36	-2
84	4oH03lpFiysmcWex1AyddD	Me Negaram Amor	Cynthia Luz	756354	83	30	83	-1
85	4lEw9Id7kLDSJ6KRdaenM9	Espaçosa Demais - Ao Vivo	Felipe Araújo	752831	80	24	39	-5
86	7MPQNyAX02uIEQCRsC4sgc	Banco	Matuê	751935	92	9	86	6
87	7Cpd4UGXnTrloIgZpSs46e	Passa Mal - Ao Vivo	Marília Mendonça	748033	76	4	64	-11
88	6i9ToXS6CAfjpp8veBklg1	Café	Vitão	741448	nan	1	88	new
89	220QqE38Qrmyrtyd5xqB8i	Seu Crime	Pabllo Vittar	740812	79	11	24	-10
90	4w8niZpiMy6qz1mntFA5uM	Taki Taki (with Selena Gomez, Ozuna & Cardi B)	DJ Snake	732362	95	25	30	5
91	2rbDhOo9Fh61Bbu23T2qCk	Always Remember Us This Way	Lady Gaga	730597	64	11	64	-27
92	5cEZdqWwTQbQ5mfiZJpzps	LEAL	Djonga	730455	nan	1	92	new
93	4lvGHfDuzfv9uDTHMrRMiH	O Sol	Vitor Kley	730019	85	23	38	-8
94	6FWMkcaZyKS8I60zR6ro7h	Dentro do Carro	MC Kevin o Chris	721712	82	23	46	-12
95	5bQ1HaDRZpOjq2etsPfu3O	Grupo bom	UM44K	716612	87	9	52	-8
96	5Yzb3sVRYO4kqHhy0iVs1K	Clichê (Participação especial de Felipe Araújo)	Ludmilla	716260	89	15	61	-7
97	1crJyVBXmm9w8ljO6PylZ6	HAT-­TRICK	Djonga	713901	nan	1	97	new
98	3NpRkAnxexTh4TklAZNjag	Bye Bye	Mc Don Juan	710477	nan	1	98	new
99	5lYKob6hewwt3dcy5kWMfF	Praia do Rosa - Acústico	Oriente	699033	86	16	61	-13
100	5p7ujcrUXASCNwRaWNHR1C	Without Me	Halsey	698079	93	24	93	-7
101	2PADJK4rhdklqFLQFa5oMX	Cerveja De Garrafa (Fumaça Que Eu Faço) - Ao Vivo	Atitude 67	689924	96	44	23	-5
102	055TcJ0BdCrW7qE8Yq5KRM	Bye Bye - Ao Vivo	Marília Mendonça	686635	91	4	78	-11
103	7fa9MBXhVfQ8P8Df9OEbD8	Girls Like You (feat. Cardi B)	Maroon 5	681069	97	40	36	-6
104	5bp0iH4hXKrvwxi64oDGon	Bebo Litro - Ao Vivo	Maiara & Maraisa	677364	98	10	64	-6
105	0lCmp1Mws7I9K4a0OAgces	Juramento do Dedinho	Mano Walter	667189	101	46	51	-4
106	2srL4DYBekshpbprS6H0mO	Deixe Me Ir - Acústico	1Kilo	661965	102	96	1	-4
107	78RKj8Df8tRGFukJglsvCR	Abaixa Que É Tiro - Ao Vivo	Parangolé	661862	115	3	107	8
108	2BF6mQdYAkLmeRQmX7YyPy	Me Desculpa Jay Z	Baco Exu do Blues	657167	103	17	27	-5
109	5rwdmpN5eMWIIwK4R96vv1	Malemolência	Dynho Alves	654038	113	4	109	4
110	51HrDv54pSe1IqynORNXBd	O Bebê	MC Kevinho	639548	99	28	2	-11
111	1ekX8JX7LF3AyxI0nyOzvB	Santo Forte (Ao Vivo) (feat. Luan Santana)	Dilsinho	638056	122	7	110	11
112	6Qs4SXO9dwPj5GKvVOv8Ki	Dancing With A Stranger (with Normani)	Sam Smith	637981	100	10	60	-12
113	5gInTGvfEUi29l5mqLgd1m	DEUS E O DIABO NA TERRA DO SOL	Djonga	637043	nan	1	113	new
114	78qClcxizF1otoEWRi2OBb	TIPO	Djonga	636909	nan	1	114	new
115	37erXXnh4mlWE7mdO6EYOp	Ausência - Ao Vivo | Acústico	Marília Mendonça	635518	109	35	44	-6
116	0pqnGHJpmpxLKifKRmU6WP	Believer	Imagine Dragons	635005	118	35	71	2
117	1qDZnViQgUItsMpWLVwfGb	Fica - Bonus Track	ANAVITÓRIA	632445	110	73	24	-7
118	7qQV8fo97AFhrL9HPUeAsk	Zona de Risco - Ao Vivo	Fernando & Sorocaba	632101	106	14	74	-12
119	5KNi9XFap48ry4puG7rvqv	Pra você acreditar - Ao vivo	Ferrugem	629428	117	50	56	-2
120	4Lxv5hGnHOUYBVeDgWgcaP	Long Neck - Acústico	Zé Neto & Cristiano	627868	104	10	36	-16
121	7qiZfU4dY1lWllzX7mPBI3	Shape of You	Ed Sheeran	627392	112	115	1	-9
122	1YUWhlQjFv7MQpcbb77zTL	Poesia Acústica #3: Capricorniana	Pineapple StormTv	625679	116	70	77	-6
123	4Da1U4No5kamKMoJ82RGan	Piscininha Amor	Whadi Gama	623693	88	9	41	-35
124	4fMjqKYYsvtT6Fvca8lGFl	Sua Mãe Vai Me Amar	Turma do Pagode	619021	108	36	42	-16
125	4uD7ypL7pDmOiMiVX6TCCa	3 Dias Virado	Mc IG	616570	114	57	35	-11
126	2U94QDSo9N4e1iXrjo7KAB	Terra Sem CEP - Ao Vivo	Jorge & Mateus	615286	111	56	30	-15
127	6MWtB6iiXyIwun0YzU6DFP	Wow.	Post Malone	612981	105	12	96	-22
128	1EQ8sBQ7Abv9DvNBzhXAcv	Pra Você Guardei O Amor	Nando Reis	607192	128	30	121	0
129	2MFr8FHO6V2SBbZTIiQIl3	LADRÃO	Djonga	595642	nan	1	129	new
130	1aqRJG36VbTp8E37W4cMGa	Eu Mereço Ser Feliz - Ao Vivo	Mumuzinho	593895	139	9	117	9
131	2x8TNY9KwNvD19gVGs4WOP	Ela É do Tipo	MC Kevin o Chris	592093	nan	1	131	new
132	6nn9utEXmkfR5iBxerXtB5	Amigo Emprestado - Ao Vivo	Marília Mendonça	590083	119	4	109	-13
133	3QtOsthM0N3gRfD3dkqbl4	Eu não vou embora	DJ Zullu	589582	107	13	76	-26
134	1F46LaY3gYpvL2r534FeWs	Respeita o Nosso Fim - Ao Vivo	Gusttavo Lima	587741	137	21	112	3
135	4cnNrOojGyU6J3OXqVTPIg	Pra Inveja É Tchau	Mc Kevin	587566	125	38	21	-10
136	3xRicZvi4SnqWUpgfmB3Uy	Briguinha Boba (Pã Pã Rã Pã Pã) - Ao Vivo	Lucas Lucco	584640	123	19	88	-13
137	4scxVwXhNzYS3Fh68wVPLo	BENÉ	Djonga	583924	nan	1	137	new
138	3bR8wBqLky6b61ROJlaBEF	Ai, Amor	ANAVITÓRIA	582612	124	33	32	-14
139	39aWBx86ZdvXQ9d0fRAXxH	Fingindo Maturidade - Ao Vivo	Mano Walter	579754	nan	1	139	new
140	2aRdz1goHRuJ2FkDw3vpVX	Anos Luz	Matuê	579739	nan	15	67	re-enter
141	6HaTYIUKd8SzdvGOfutBRD	Poesia Acústica #2: Sobre Nós	Delacruz	574675	129	61	91	-12
142	2lm3Ric7MeBk8hLfsiVokr	Pouco a Pouco (Ao Vivo) (feat. Sorriso Maroto)	Dilsinho	573961	144	7	140	2
143	7KJwYWEGkpvZE6HDuiyx2A	BENÇA	Djonga	571548	nan	1	143	new
144	126x7SdXVva2Dqh2is2CEe	Carrinho Na Areia - Ao Vivo	Gusttavo Lima	568397	134	21	63	-10
145	3M6QJpWhM9NPcBwxTRKLlH	Compartilhando Mágoa	George Henrique & Rodrigo	567575	126	6	43	-19
146	1KFN3kB4hc6r7ILpifFsqf	Veneno	Anitta	559660	121	19	1	-25
147	2cbMXc0P5s271VwZOUk1Gb	Mulher Maravilha - Ao Vivo	Zé Neto & Cristiano	558003	138	36	31	-9
148	0EyxB6uQOUC4ex2tbJuu6m	Deixa Eu Te Chamar de Meu Amor	Breno & Caio Cesar	556834	120	7	95	-28
149	1WSGTYKLEpKfNQYYW5Oymt	I Can’t Get Enough (benny blanco, Selena Gomez, J Balvin, Tainy)	benny blanco	555192	132	3	117	-17
150	4iANxSIDT3kGekiquMSAgT	Embrasa	Vitão	554015	nan	1	150	new
151	0PG9fbaaHFHfre2gUVo7AN	Please Me	Cardi B	548544	127	3	127	-24
152	7j5Bbkg5cHDkf0ETPGf2Uh	Cada um na Sua - Ao Vivo	Fernando & Sorocaba	545099	133	14	58	-19
153	5zweis4XXFug8uxTRnqH1W	Casa da Mãe Joana - Ao Vivo	Marília Mendonça	542894	130	4	103	-23
154	5TUYLsiIi3tuvR2fCJjZUy	Kikadinha	Jerry Smith	540374	136	29	15	-18
155	6YNCE5qtrTa7YcnAOAEsDQ	Apenas Mais uma de Amor	Lulu Santos	535505	143	49	111	-12
156	07PHNpknqZFw6N3GzNQWB8	Ainda Sou Tão Seu - Ao Vivo	Felipe Araújo	534255	142	44	66	-14
157	1oQppEGTHYN53xfEaTz4ua	Vai menina	Pedro Sampaio	533831	nan	1	157	new
158	3MJHSt27qd1umxmtt4IVmu	Nossa música	UM44K	530253	141	9	82	-17
159	4nraNqonMyfc0U3o8VeXVu	Ocean	Alok	525828	159	47	7	0
160	6TLHo63Z3wqHkW6adVeEwZ	Plaqtudum	Recayd Mob	523422	149	25	130	-11
161	0aUGXSCmdJz9I9kdY9e9kk	Love À Queima Roupa - Ao Vivo	Marília Mendonça	519846	148	4	127	-13
162	7JdZZfozlODQ08ATf8xIZ6	Anti-Amor - Ao Vivo	Gustavo Mioto	516138	156	65	7	-6
163	4b08wlmxdHRHS1jLS4wcmd	Deus Me Livre Quem Me Dera	Israel & Rodolffo	511624	150	28	113	-13
164	2vRBYKWOyHtFMtiK60qRz7	Trevo (Tu)	ANAVITÓRIA	511066	153	38	99	-11
165	26WpOBpHiIMoBuMEIwtOCH	Quando a vontade bater (Participação especial de PK Delas)	Pk	507908	nan	1	165	new
166	0e7ipj03S05BNilyu5bRzt	rockstar (feat. 21 Savage)	Post Malone	505153	157	47	38	-9
167	1R1HmdunvOnEK4bibKp7q5	Bonita, Lindinha e Sagaz	Mc Davi	501831	146	56	38	-21
168	4MF0VMffyxHsy3GZwwUnAs	A Morte do Autotune	Matuê	501744	154	12	94	-14
169	1zB4vmk8tFRmM9UULNzbLB	Thunder	Imagine Dragons	499910	160	35	94	-9
170	2AuQcbltEHog9kOv9Ms3W3	Sujeito - Ao Vivo	Gusttavo Lima	499883	180	20	133	10
171	0iAiunuKLLAUmQxgkcJza2	Caderninho	Vitão	497262	168	3	168	-3
172	4Cm51VOGs75ik79YMpJykG	Fake News - Ao Vivo	Gustavo Mioto	497018	nan	1	172	new
173	09Q3su74ehVmR87tA3msB9	Eu Não Iria - Ao Vivo	Gusttavo Lima	492463	nan	7	173	re-enter
174	21ko2JKn0ynlRYLlAfIkPA	Sexta Do Mal	Mc Zaac	491519	151	10	100	-23
175	5w9c2J52mkdntKOmRLeM2m	Con Calma	Daddy Yankee	490609	nan	1	175	new
176	3eCofNVG97J3lRyNhh0zPP	Boa Menina	Luísa Sonza	489617	145	20	61	-31
177	6fxVffaTuwjgEk5h9QyRjy	Photograph	Ed Sheeran	486759	162	86	65	-15
178	39cmB3ZoTOLwOTq7tMNqKa	Hear Me Now	Alok	486285	187	19	146	9
179	5kuUOpHZlZjL8b7HXkxRsm	Luxúria	Xamã	479858	174	14	174	-5
180	5itOtNx0WxtJmi1TQ3RuRd	Giant (with Rag'n'Bone Man)	Calvin Harris	478777	152	10	139	-28
181	5rRi4RW8F99U24EAS2Cdte	Vem amor	Ludmilla	478512	147	6	36	-34
182	1KIMRoLleFJCwABBrlAOPI	Pra Me Refazer	Sandy	477153	170	15	96	-12
183	3eWHUE5D5R19q7BvOX7NSJ	Sinto sua falta - Ao vivo	Ferrugem	475278	194	36	113	11
184	6yxYagNp6Gapd7jXmWzgVc	A Culpa É Dele - Ao Vivo | Acústico	Marília Mendonça	473921	167	49	8	-17
185	3Exj9ecmWalLPR6wHSxDFf	Whisky e Gelo - Acústico	Zé Neto & Cristiano	473715	165	10	40	-20
186	23DMhYv6WjRmIRck1Uwjev	Bilhete 2.0 (feat. Luccas Carlos)	Rashid	468853	184	23	87	-2
187	66toMgjEVAujGwyc1PEDvx	Próximo amor	Alok	468682	182	17	81	-5
188	1r62NEaZiAwJllEGCySaIq	Troca de Favor - Ao Vivo	Marcos & Belutti	467615	166	19	84	-22
189	76KDy62J99FKu6ZsxMJy3j	Amor de Verdade	MC Kekel	467482	175	51	1	-14
190	6Nf3HNHXUw8YHB8PUBw2wt	VOZ	Djonga	466946	nan	1	190	new
191	25sgk305KZfyuqVBQIahim	Sweet but Psycho	Ava Max	466053	163	8	163	-28
192	6WkJ2OK163XXS2oARUC9JM	Dancin (feat. Luvli) - Krono Remix	Aaron Smith	465991	179	31	56	-13
193	5iwz1NiezX7WWjnCgY5TH4	Calma - Remix	Pedro Capó	464409	161	10	146	-32
194	74gguwbBvfBTurNJUWFOsC	Largado As Traças - Acústico	Zé Neto & Cristiano	463137	181	53	1	-13
195	2QkXuBmYljpYwgcyqbA1C2	Algo Parecido	Skank	461215	177	23	91	-18
196	5vdp5UmvTsnMEMESIF2Ym7	Another One Bites The Dust - Remastered 2011	Queen	460244	164	11	105	-32
197	2Y73798F4zbbbvKT02fbtE	Finalidade Era Ficar em Casa	MC Kevin o Chris	460158	173	22	17	-24
198	5qjMyKkmosPBws5cImS9Zz	Trincadinho - Ao Vivo	Jorge & Mateus	454938	189	56	7	-9
199	4txc3txsIt81diMzGhrVPS	wish you were gay	Billie Eilish	453025	155	2	155	-44
200	5W6t2N4Mxz3vQqwQSuQ8Sr	FALCÃO	Djonga	449898	nan	1	200	new
