position	song_id	song_name	artist	streams	last_week_position	weeks_on_chart	peak_position	position_status
1	2XW4DbS6NddZxRPm5rMCeY	God's Plan	Drake	18577161	1	8	1	0
2	65NwOZqoXny4JxqAPlfxRF	Psycho (feat. Ty Dolla $ign)	Post Malone	13722606	2	3	2	0
3	4qKcDkK6siZ7Jp1Jb4m0aL	Look Alive (feat. Drake)	BlocBoy JB	11262829	3	5	3	0
4	35ieKju5aLWFN5UgfJ27mL	SAD!	XXXTENTACION	9616710	4	2	4	0
5	3GCdLUSnKSMJhs4Tj6CV3s	All The Stars (with SZA)	Kendrick Lamar	9135926	5	3	3	0
6	4EAV2cKiqKP5UPZmY6dejk	Everyday	Logic	8357379	nan	1	6	new
7	2ARqIya5NAuvFVHSN3bL0m	The Middle	Zedd	7620932	8	3	7	1
8	2UVbBKQOdFAekPTRsnkzcf	Stir Fry	Migos	7526294	6	7	2	-2
9	3e7Y6sfFlIdBMJhX7wpqVO	44 More	Logic	7513830	nan	1	9	new
10	6tHWl8ows5JOZq9Yfaqn3M	Mine	Bazzi	7288140	7	9	4	-3
11	7u90MSvVyEjL0c8icaE7jl	Contra	Logic	6764743	nan	1	11	new
12	51rXHuKN8Loc4sUlKPODgH	King's Dead (with Kendrick Lamar, Future & James Blake)	Jay Rock	6724604	10	9	7	-2
13	45Egmo7icyopuzJN0oMEdk	Love Lies (with Normani)	Khalid	6648364	11	4	11	-2
14	4ofvoCdXq99vpMZO4Cfp8x	Pray For Me (with Kendrick Lamar)	The Weeknd	6294137	9	6	3	-5
15	75ZvA4QfFiZvzhj2xkaWAh	I Fall Apart	Post Malone	6187465	13	26	2	-2
16	7sO5G9EABYOXQKNPNiE9NR	Ric Flair Drip (& Metro Boomin)	Offset	6103619	14	20	4	-2
17	2U7Hu2RaNQNRi7izoJyZaX	rockstar	Post Malone	6057026	12	4	9	-5
18	3s3VVLE1kB7Xk2AoJKlGmr	Overnight	Logic	5671732	nan	1	18	new
19	1GtVGc1UYin3zpMUdNSSpM	Midnight	Logic	5460123	nan	1	19	new
20	0jqBo5RYn008f4ZY8kPewW	Indica Badu	Logic	5390406	nan	1	20	new
21	7iDa6hUg2VgEL1o1HjmfBn	Meant to Be (feat. Florida Georgia Line)	Bebe Rexha	5104156	16	27	16	-5
22	08bNPGLD8AhKpnnERrAc6G	FRIENDS	Marshmello	5025021	17	5	17	-5
23	5KVciTEfXvpcFHR3RFbtJy	Wassup	Logic	5018470	nan	1	23	new
24	0gD6lWJhbXHWNVwQziSVvl	Plug Walk	Rich The Kid	4872725	52	5	24	28
25	4eWQlBRaTjPPUlzacqEeoQ	Never Be the Same	Camila Cabello	4866246	22	9	5	-3
26	0D5CXSUx8GOCHSY8KWgi9h	Yuck	Logic	4847626	nan	1	26	new
27	6tarvNiKnEjYMj1VZhlDqR	66	Lil Yachty	4708469	nan	1	27	new
28	4fZxGiES1FKbNqJPrI4L3s	BoomTrap Protocol	Logic	4667697	nan	1	28	new
29	3W4JFzOQdo5J2Wgt9DFg24	Warm It Up	Logic	4628499	nan	1	29	new
30	2ycWek3FNNVHBhz2TcnOzZ	Wizard Of Oz	Logic	4550305	nan	1	30	new
31	3Vo4wInECJQuz9BIBMOu8i	Finesse - Remix; feat. Cardi B	Bruno Mars	4213915	21	10	2	-10
32	0wbnC9AUenxp613TYaJsGK	Narcos	Migos	4200689	18	7	3	-14
33	58cvckETahSOG74RP5WE99	State Of Emergency	Logic	4160926	nan	1	33	new
34	76cy1WJvNGJTj78UqeA5zr	IDGAF	Dua Lipa	4108442	24	11	24	-10
35	4pYZLpX23Vx8rwDpJCpPTA	New Freezer (feat. Kendrick Lamar)	Rich The Kid	3925665	31	24	31	-4
36	7GX5flRQZVHRAGd6B4TmDO	XO Tour Llif3	Lil Uzi Vert	3855986	29	29	2	-7
37	6NWl2m8asvH83xjuXVNsuG	Betrayed	Lil Xan	3854491	26	21	23	-11
38	5WoaF1B5XIEnWfmb5NZikf	Sky Walker (feat. Travis Scott)	Miguel	3817076	25	15	21	-13
39	2u7mxWSeoqTXndK5e08jMp	Nowadays (feat. Landon Cube)	Lil Skies	3775489	32	10	30	-7
40	3ncgNpxLoBQ65ABk4djDyd	PICK IT UP (feat. A$AP Rocky)	Famous Dex	3731712	28	20	14	-12
41	5CLGzJsGqhCEECcpnFQA8x	These Days (feat. Jess Glynne, Macklemore & Dan Caplen)	Rudimental	3728381	36	7	36	-5
42	1rfofaqEpACxVEHIZBJe6W	Havana (feat. Young Thug)	Camila Cabello	3692725	33	9	2	-9
43	00gpGR84M27moP7AFuqHIx	Bounce Out With That FT. YBN Nahmir	DJ A1	3596266	nan	1	43	new
44	6PGoSes0D9eUDeeAafB2As	LOVE. FEAT. ZACARI.	Kendrick Lamar	3544579	23	48	5	-21
45	42CeaId2XNlxugDvyqHfDf	Candy Paint	Post Malone	3524503	34	21	4	-11
46	3a1lNhkSLSkpJE4MSHpDu9	Congratulations	Post Malone	3521549	37	63	5	-9
47	1Qg9jWGDkKAGZXj5v2OG59	Wait	Maroon 5	3454844	157	18	47	110
48	7KXjTSCq5nL1LoYtL7XAwS	HUMBLE.	Kendrick Lamar	3373449	41	50	1	-7
49	4PANCoXZX3RaT2D6mqSdEU	changes	XXXTENTACION	3323792	19	2	19	-30
50	4QfNOZN7vrQCQKK1ZJ3XPb	Heaven	Julia Michaels	3292982	45	5	45	-5
51	3ZhTT6yjZwpPph5MIJ53XY	Red Roses (feat. Landon Cube)	Lil Skies	3227692	55	10	51	4
52	2fQrGHiQOvpL9UgPvtYy6G	Bank Account	21 Savage	3226576	43	25	3	-9
53	6mrKP2jyIQmM0rw6fQryjr	Let You Down	NF	3192051	42	22	11	-11
54	3atCD3dVosUsd3KM2yzfeC	Grandpa's Space Ship	Logic	3168723	nan	1	54	new
55	5Z3GHaZ6ec9bsiI5BenrbY	Young Dumb & Broke	Khalid	3150803	44	49	6	-11
56	4dVpf9jZjcORqGTLUaeYj9	Plain Jane	A$AP Ferg	3136247	46	29	8	-10
57	2DQ1ITjI0YoLFzuADN1ZBW	No Limit	G-Eazy	3092274	39	13	2	-18
58	2yUbCEiaolfSMluDo9RMmG	Powerglide (feat. Juicy J)	Rae Sremmurd	3041346	35	2	35	-23
59	4wFjTWCunQFKtukqrNijEt	MotorSport	Migos	2988494	48	7	9	-11
60	4LmAnpjlhWTahvRkYR8xJa	X (with 2 Chainz & Saudi)	ScHoolboy Q	2984278	38	5	9	-22
61	7m9OqQk4RVRkw9JJdeAw96	Jocelyn Flores	XXXTENTACION	2942973	51	29	3	-10
62	75FDPwaULRdYDn4StFN2rT	Bartier Cardi (feat. 21 Savage)	Cardi B	2900604	49	12	4	-13
63	6n4U3TlzUGhdSFbUUhTvLP	Walk It Talk It	Migos	2780329	54	7	6	-9
64	1LhMopPAallLeaeNutqbgS	Say Something	Justin Timberlake	2749444	56	6	16	-8
65	5AEtlRudpgdT5FtNiuly6Y	Let Me Go (with Alesso, Florida Georgia Line & watt)	Hailee Steinfeld	2745382	40	26	19	-25
66	5tz69p7tJuGPeMGwNTxYuV	1-800-273-8255	Logic	2730455	65	46	1	-1
67	0tgVpDi06FyKpA1z0VMD4v	Perfect	Ed Sheeran	2723931	59	45	13	-8
68	2ekn2ttSfGqwhhate0LSR0	New Rules	Dua Lipa	2686019	62	35	20	-6
69	40oKW22ZNNkEdZLJTScaQI	Roll In Peace (feat. XXXTENTACION)	Kodak Black	2670102	57	30	24	-12
70	152lZdxL1OR0ZMW6KquMif	Location	Khalid	2647846	60	63	9	-10
71	7AQim7LbvFVZJE3O8TYgf2	Fuck Love (feat. Trippie Redd)	XXXTENTACION	2628067	61	29	8	-10
72	6K2anECyrckidwf5wxS78Q	NBAYOUNGBOAT	Lil Yachty	2617305	nan	1	72	new
73	4DTpngLjoHj5gFxEZFeD3J	Codeine Dreaming (feat. Lil Wayne)	Kodak Black	2591907	58	16	11	-15
74	1OilOIju6R9ia8vilNjChh	Beautiful	Bazzi	2581501	84	3	74	10
75	2tPcTFiQF9MbVUyjZ3zDhA	Paramedic!	SOB X RBE	2574280	50	5	16	-25
76	5k38wzpLb15YgncyWdTZE4	Him & I (with Halsey)	G-Eazy	2570614	47	13	5	-29
77	6gBFPUFcJLzWGx4lenP6h2	goosebumps	Travis Scott	2540841	67	63	16	-10
78	3ALgsy4RtDm58xl3VNoSgZ	BABY DADDY	Lil Yachty	2533538	nan	1	78	new
79	6RnkFd8Fqqgk1Uni8RgqCQ	Like I Do	David Guetta	2515842	128	2	79	49
80	1XRgIKC5TPwo7nWGyKqgG0	I Get the Bag (feat. Migos)	Gucci Mane	2513849	66	22	7	-14
81	1W6wxOOYyJyyok8fqYSZ3m	Top Off (feat. JAY Z, Future & Beyoncé)	DJ Khaled	2490981	27	2	27	-54
82	2j2fIJGh4PMdXt9ULI5Tlc	Dura	Daddy Yankee	2470790	73	6	73	-9
83	0OWZFobGSIW9GrSlQ9C5pc	Marry Me	Thomas Rhett	2468367	98	14	83	15
84	1yxgsra98r3qAtxqiGZPiX	BUTTERFLY EFFECT	Travis Scott	2458958	69	43	9	-15
85	26gceVsA1ybT8qsX3aYLEn	Thunder	Imagine Dragons	2447982	68	3	68	-17
86	3towKHKVOXCCcL1fHv6xFO	Capital Letters	Hailee Steinfeld	2436429	63	8	51	-23
87	5jyyPsIGM2yqkZN9R3TmvN	The Ways (with Swae Lee)	Khalid	2388516	53	5	12	-34
88	2771LMNxwf62FTAdpJMQfM	Bodak Yellow	Cardi B	2332932	78	34	3	-10
89	7vGuf3Y35N4wmASOKLUVVU	Silence	Marshmello	2332925	74	31	10	-15
90	3B54sVLJ402zGa6Xm4YGNe	Unforgettable	French Montana	2309216	79	36	1	-11
91	7EmGUiUaOSGDnUUQUDrOXC	Wolves	Selena Gomez	2288828	75	21	5	-16
92	3YeJXuRSNS5FYwOsDu44kD	Dark Knight Dummo (Feat. Travis Scott)	Trippie Redd	2278808	83	14	63	-9
93	2PsZsnqSMXt4oKi0xHVvgF	BOOM!	Lil Yachty	2277288	nan	1	93	new
94	1HXy5I3HTWq8OvxCn0z7G7	Heaven	Kane Brown	2236481	116	9	94	22
95	7bRRHQelMfrP86QYQlCsAq	BILLY	6ix9ine	2225799	72	3	39	-23
96	2jey6aQoRNao7Ou9ftOXFC	she ready	Lil Yachty	2219406	nan	1	96	new
97	3m660poUr1chesgkkjQM7P	Sorry Not Sorry	Demi Lovato	2199222	91	24	11	-6
98	2eAZfqOm4EnOF9VvN50Tyc	The Way Life Goes (feat. Oh Wonder)	Lil Uzi Vert	2197525	80	29	8	-18
99	5uAMiB0RMCjdq7p5mEjfY1	TALK TO ME NICE	Lil Yachty	2192950	nan	1	99	new
100	5HwnezK198pJCEj1l2Adjy	She Loves Control	Camila Cabello	2115470	82	9	81	-18
101	1USJRpWDFhxwhCajPXBeel	You Owe Me	The Chainsmokers	2100718	70	4	61	-31
102	3ITvHA9zhZZdBJsOsAUegF	Amorfoda	Bad Bunny	2098113	71	4	64	-31
103	5yuShbu70mtHXY0yLzCQLQ	Go Flex	Post Malone	2093259	88	63	24	-15
104	1mXVgsBdtIVeCLJnSnmtdV	Too Good At Goodbyes	Sam Smith	2087778	89	19	3	-15
105	1f5cbQtDrykjarZVrShaDI	Drowning (feat. Kodak Black)	A Boogie Wit da Hoodie	2082028	93	24	21	-12
106	7q1ikCoQLytPP5TTzDy7JK	KEKE	6ix9ine	2074606	77	3	51	-29
107	790MhTXPFrYkrqCKvpg4t1	Wanted You (feat. Lil Uzi Vert)	NAV	2053527	85	18	28	-22
108	1QRJb5VY3sIkCKcTuIKCrk	Rubbin off the Paint	YBN Nahmir	2036267	87	7	75	-21
109	2IKZkwHI5zsZf70STuhvOX	Sick Boy	The Chainsmokers	2034303	90	4	50	-19
110	5UEnHoDYpsxlfzWLZIc7LD	River (feat. Ed Sheeran)	Eminem	2031839	64	13	2	-46
111	2xGjteMU3E1tkEPVFBO08U	This Is Me	Keala Settle	2030320	76	11	42	-35
112	3kxfsdsCpFgN412fpnW85Y	Redbone	Childish Gambino	2027373	96	63	9	-16
113	39N9RPD9MRb5WmoLzNzPeA	X	Nicky Jam	2022362	92	2	92	-21
114	7Izh7zLJGw1Nscd62Exxj4	Believer	Imagine Dragons	2018621	102	3	100	-12
115	5Qx9hngUBr30JFrNua7yp4	Outside Today	YoungBoy Never Broke Again	2007919	109	6	109	-6
116	6HZILIRieu8S0iqY8kIKhj	DNA.	Kendrick Lamar	2004993	94	48	2	-22
117	43ZyHQITOjhciSUUNPVRHc	Gucci Gang	Lil Pump	1988010	95	23	2	-22
118	7qiZfU4dY1lWllzX7mPBI3	Shape of You	Ed Sheeran	1968318	104	62	1	-14
119	5cXg9IQS34FzLVdHhp7hu7	Big Shot (with Travis Scott)	Kendrick Lamar	1953375	81	5	18	-38
120	0VtxQUpwnkeedz0QhhuOgA	GUMMO	6ix9ine	1946838	86	3	58	-34
121	3soOPBuMK8YMdWnV7xpEyf	Mad Love	Sean Paul	1944075	181	2	121	60
122	7y9iMe8SOB6z3NoHE2OfXl	Bad At Love	Halsey	1920754	103	31	25	-19
123	3GVkPk8mqxz0itaAriG1L7	Everybody Dies In Their Nightmares	XXXTENTACION	1913485	101	29	15	-22
124	0q75NwOoFiARAVp4EXU4Bs	Love Galore (feat. Travis Scott)	SZA	1889027	105	44	24	-19
125	2ZxTjs4EdJl4Y9YByIiNoo	You Make It Easy	Jason Aldean	1885075	126	7	101	1
126	2Pvr8rYuh5J8V7QglJhH6W	Want You Back	5 Seconds of Summer	1861002	97	3	53	-29
127	1uL78kFWxhz3umTMWJu8n5	Sauce It Up	Lil Uzi Vert	1843144	107	29	23	-20
128	6p8NuHm8uCGnn2Dtbtf7zE	Slippery (feat. Gucci Mane)	Migos	1841747	110	59	21	-18
129	6eT7xZZlB2mwyzJ2sUKG6w	White Iverson	Post Malone	1841679	111	63	66	-18
130	2BNkTvg1kHAAfGvqh56x5a	Getting Over You	Lauv	1797746	117	4	117	-13
131	5hM6sP0Gh1jD57drszNueC	For You (Fifty Shades Freed) (& Rita Ora)	Liam Payne	1777862	106	10	79	-25
132	3OnOomd79OjqSYHchCQ6ht	Notice Me	Migos	1777344	108	7	23	-24
133	6QgjcU0zLnzq5OrUoSZ3OK	Feel It Still	Portugal. The Man	1776774	114	39	17	-19
134	0as7lPxkBPctZ7uVmchRNM	Miss You (with Major Lazer & Tory Lanez)	Cashmere Cat	1769324	118	7	81	-16
135	6M1qLtDxfOeBSbM5HnIo54	OOPS	Lil Yachty	1760142	nan	1	135	new
136	7mldq42yDuxiUNn08nvzHO	Body Like A Back Road	Sam Hunt	1751033	122	58	15	-14
137	3DxZfFYJLwKDJtUwnLEhkL	Solitaire (feat. Migos & Lil Yachty)	Gucci Mane	1738155	100	2	100	-37
138	4cxMGhkinTocPSVVKWIw0d	Losin Control	Russ	1727164	115	61	75	-23
139	2xCzUIQwX5Y3wEFJnHoc3J	123 (with Murda Beatz)	Smokepurpp	1721493	nan	1	139	new
140	630sXRhIcfwr2e4RdNtjKN	Rewrite The Stars	Zac Efron	1705829	113	11	22	-27
141	5uCax9HTNlzGybIStD3vDh	Say You Won't Let Go	James Arthur	1699941	120	63	15	-21
142	5mCPDVBb16L4XQwDdbRUpz	Passionfruit	Drake	1688377	124	5	107	-18
143	5Htb1uFQ1KrkFXlefS8oGj	Tell Me You Love Me	Demi Lovato	1686668	131	15	38	-12
144	5537GkcZu99NDs1gH9iCOY	Sober Up	AJR	1677200	125	6	116	-19
145	3Uvi9diL18dYSUc3vcKk0n	SELF MADE	Lil Yachty	1667355	nan	1	145	new
146	1wjzFQodRWrPcQ0AnYnvQ9	I Like Me Better	Lauv	1665302	132	41	30	-14
147	0P6AWOA4LG1XOctzaVu5tt	The Weekend - Funk Wav Remix	SZA	1663799	127	11	98	-20
148	2EEeOnHehOozLq4aS0n6SL	iSpy (feat. Lil Yachty)	KYLE	1650531	134	63	2	-14
149	62vpWI1CHwFy7tMIcSStl8	No Role Modelz	J. Cole	1646472	130	63	71	-19
150	3hBBKuWJfxlIlnd9QFoC8k	What Lovers Do (feat. SZA)	Maroon 5	1628347	119	19	9	-31
151	0VgkVdmE4gld66l8iyGjgx	Mask Off	Future	1623431	129	19	73	-22
152	6H0AwSQ20mo62jGlPGB8S6	It's A Vibe	2 Chainz	1605237	133	46	41	-19
153	30MM5jWpUmOxtTNd9Ey5LZ	Unforgettable	Thomas Rhett	1590325	148	25	38	-5
154	1Y500yrabUJY2mIQS3RDt4	RONDO	6ix9ine	1581731	99	3	35	-55
155	7Il2yWQmsqKgSkLQvHTPUI	Tequila	Dan + Shay	1580331	nan	2	155	re-enter
156	1HehGmky06OZLM9Vz2PRZL	Singles You Up	Jordan Davis	1569216	179	2	156	23
157	1UVuZnfWsGvS9TzZTVIkdv	Personal	HRVY	1569169	nan	1	157	new
158	4knL4iPxPOZjQzTUlELGSY	Rake It Up	Yo Gotti	1569107	135	20	37	-23
159	2xEvCnhZMxvvRwaF4le8UV	COUNT ME IN	Lil Yachty	1565569	nan	1	159	new
160	3GxGAhRowXixzk521JQpZu	MICKEY	Lil Yachty	1565439	nan	1	160	new
161	1xznGGDReH1oQq0xzbwXa3	One Dance	Drake	1555014	139	57	13	-22
162	7zVCrzzEJU7u24sbJPXA5W	What Ifs (feat. Lauren Alaina)	Kane Brown	1545128	143	41	50	-19
163	1e1JKLEDKP7hEQzJfNAgPl	Magnolia	Playboi Carti	1531581	136	47	12	-27
164	25oOaleife6E2MIKmFkPvg	Relationship (feat. Future)	Young Thug	1517404	137	39	55	-27
165	6tvQzeCPwOytDlBYCIOY0n	Breathe	Jax Jones	1514577	nan	1	165	new
166	7oJrVhiTPZGBXWPwhxjy9S	Lust	Lil Skies	1514218	142	9	142	-24
167	0KKkJNfGyhkQ5aFogxQAPU	That's What I Like	Bruno Mars	1512588	149	63	3	-18
168	0SGkqnVQo9KPytSri1H6cF	Bounce Back	Big Sean	1507428	138	63	3	-30
169	0CZ8lquoTX2Dkg7Ak2inwA	1950	King Princess	1479899	nan	1	169	new
170	6asKJPlXOTx6BLyGnEAagB	GET MONEY BROS.	Lil Yachty	1468404	nan	1	170	new
171	15EPc80XuFrb2LmOzGjuRg	Crew (feat. Brent Faiyaz & Shy Glizzy)	GoldLink	1461276	145	34	113	-26
172	3Q3myFA7q4Op95DOpHplaY	do re mi	blackbear	1444801	158	46	30	-14
173	5u6vkDnOyaf8LsteDAj2ub	Ghostface Killers	21 Savage	1437370	141	20	8	-32
174	6gU9OKjOE7ghfEd55oRO57	The Weekend	SZA	1430586	151	35	90	-23
175	1mMLMZYXkMueg65jRRWG1l	When It Rains It Pours	Luke Combs	1428388	193	27	123	18
176	0AICBlLzFCTpUqmAbtzB2z	Love Scars	Trippie Redd	1417545	152	26	137	-24
177	7BKLCZ1jbUBVqRi2FVlTVw	Closer	The Chainsmokers	1415737	174	63	4	-3
178	3wGXyJGsCf1myH5MooQIqE	The Race	Tay-K	1411692	162	14	98	-16
179	6EpRaXYhGOB3fj4V2uDkMJ	Strip That Down	Liam Payne	1404967	161	43	13	-18
180	4OBZT9EnhYIV17t4pGw7ig	Best Part (feat. Daniel Caesar)	H.E.R.	1402906	160	5	160	-20
181	4iLqG9SeJSnt0cSPICSjxv	Attention	Charlie Puth	1400097	168	47	16	-13
182	248OFOZef6ShXv6DGgbnxU	Saved	Khalid	1393566	180	50	120	-2
183	6RSNKGdv3nDTHqgw4bdzyF	Yours	Russell Dickerson	1388701	159	11	139	-24
184	3DXncPQOG4VBw3QHh3S817	I'm the One (feat. Justin Bieber, Quavo, Chance the Rapper & Lil Wayne)	DJ Khaled	1386546	169	42	2	-15
185	343YBumqHu19cGoGARUTsd	Fake Love	Drake	1384214	164	62	2	-21
186	32DGGj6KlNuBr6WaqRxpxi	How Long	Charlie Puth	1380962	154	23	39	-32
187	3wdfLVUhmX64lIyWIIEW8s	Ice Tray	Quality Control	1371756	156	14	75	-31
188	6eYxmK9fdL4hwLnXG2zY3s	Look At Me!	XXXTENTACION	1370839	150	12	144	-38
189	5CtI0qwDJkDQGwXD1H1cLb	Despacito - Remix	Luis Fonsi	1370771	182	48	1	-7
190	2A69wys3S9uiPSmn6UZWJn	Written in the Sand	Old Dominion	1361512	196	5	176	6
191	7vu0JkJh0ldukEYbTVcqd0	Issues	Julia Michaels	1360852	183	11	155	-8
192	4Q3N4Ct4zCuIHuZ65E3BD4	Tunnel Vision	Kodak Black	1357884	166	56	5	-26
193	2mfahQ0EaaZWq4cFNg6A1o	All On Me	Devin Dawson	1357820	172	5	167	-21
194	7zFXmv6vqI4qOt4yGf3jYZ	Get You (feat. Kali Uchis)	Daniel Caesar	1343922	173	6	173	-21
195	5hcisvFMidkMJlElTO9Qmw	Sensualidad	Bad Bunny	1343743	165	16	92	-30
196	6xHI9KjUjYT0FPtGO8Mxa1	Hurricane	Luke Combs	1329055	nan	34	85	re-enter
197	2374M0fQpWi3dLnB54qaLX	Africa	TOTO	1328102	nan	1	197	new
198	1zsG4eaZmkA1dvjDDsAGLK	Échame La Culpa	Luis Fonsi	1325409	186	17	52	-12
199	1WIZiOuNO3woKfdlSK2gNn	Transportin'	Kodak Black	1323443	175	30	37	-24
200	5aAx2yezTd8zXrkmtKl66Z	Starboy	The Weeknd	1318977	188	63	3	-12
