position	song_id	song_name	artist	streams	last_week_position	weeks_on_chart	peak_position	position_status
1	4S8d14HvHb70ImctNgVzQQ	I Love It (& Lil Pump)	Kanye West	12916029	1	2	1	0
2	2xLMifQCjDGFmkHkpNLD9h	SICKO MODE	Travis Scott	10302112	2	7	1	0
3	60SdxE8apGAxMiRrpbmLY0	Lucky You (feat. Joyner Lucas)	Eminem	10007628	3	3	1	0
4	0s3nnoMeVWz3989MkNQiRf	Lucid Dreams	Juice WRLD	9128540	5	10	2	1
5	2E124GmJRnBJuXbTb4cPUB	FEFE (feat. Nicki Minaj & Murda Beatz)	6ix9ine	8790145	4	9	2	-1
6	0QIjsbm2fh1cJ45XO9eGqq	Wake Up in the Sky	Gucci Mane	7247234	nan	1	6	new
7	2G7V7zsVDxg1yRsu7Ew9RJ	In My Feelings	Drake	7222388	6	9	1	-1
8	3ee8Jmje8o58CHK66QrVC2	SAD!	XXXTENTACION	6972525	8	27	1	0
9	0TlLq3lA83rQOYtrqBqSct	Nonstop	Drake	6742437	7	9	5	-2
10	3QybPutx0Tjk472bBKjNWn	Mo Bamba	Sheck Wes	6559678	17	8	10	7
11	0JP9xo3adEtGSdUEISiszL	Moonlight	XXXTENTACION	6364605	12	27	3	1
12	2dpaYNEQHiRxtZbfNsse99	Happier	Marshmello	6246808	11	5	11	-1
13	4T3fNx3CgwDRRYgmFCbD4J	Better	Khalid	6091763	nan	1	13	new
14	0d2iYfpKoM0QCKvcLCkBao	Eastside (with Halsey & Khalid)	benny blanco	6078892	14	10	10	0
15	5IaHrVsrferBYDm0bDyABy	Taste (feat. Offset)	Tyga	5947662	13	18	4	-2
16	6vN77lE9LK6HP2DewaN6HZ	Yes Indeed	Lil Baby	5832220	16	18	2	0
17	7dt6x5M1jzdTEt8oCbisTK	Better Now	Post Malone	5791477	15	21	1	-2
18	0Fpen1PTuEnCmOJtUU9Iud	New Patek	Lil Uzi Vert	5604612	nan	1	18	new
19	1BxkZE73h9BN3qwuA15TA3	Drip Too Hard	Lil Baby	5248943	nan	1	19	new
20	58q2HKrzhC3ozto2nDdN4z	I Like It	Cardi B	5054642	18	24	3	-2
21	2jt2WxXMCD4zjACthkJQVE	The Ringer	Eminem	4972199	9	3	2	-12
22	7wBJfHzpfI3032CSD7CE2m	STARGAZING	Travis Scott	4841491	19	7	3	-3
23	7m9OqQk4RVRkw9JJdeAw96	Jocelyn Flores	XXXTENTACION	4693159	26	56	3	3
24	5bJ1DrEM4hNCafcDd1oxHx	Self Care	Mac Miller	4633012	10	3	10	-14
25	7d6XJZjnm7iWcKwYL9z5kC	Noticed	Lil Mosey	4518217	37	5	25	12
26	0ZNrc4kNeQYD9koZ3KvCsy	BIG BANK (feat. 2 Chainz, Big Sean, Nicki Minaj)	YG	4506868	32	7	24	6
27	4OafepJy2teCjYJbvFE60J	breathin	Ariana Grande	4492809	21	5	5	-6
28	4zIO3ilp5HvTeK3HJHxhMP	Natural	Imagine Dragons	4446543	30	9	28	2
29	0UyljEbX9dqI1K0sqdv6B6	SLOW DANCING IN THE DARK	Joji	4434820	nan	1	29	new
30	29tc0GbW0pTSBZSCZF3NWk	Lean Wit Me	Juice WRLD	4390988	29	10	28	-1
31	7fa9MBXhVfQ8P8Df9OEbD8	Girls Like You (feat. Cardi B)	Maroon 5	4338815	24	14	9	-7
32	7AQim7LbvFVZJE3O8TYgf2	Fuck Love (feat. Trippie Redd)	XXXTENTACION	4257381	34	56	8	2
33	0Dn40gxVCMo5TkgS8Ik18Q	Falling Down - Bonus Track	Lil Peep	4231947	nan	1	33	new
34	0XySogm94T51XF5F2jumXm	All Girls Are The Same	Juice WRLD	4210388	33	10	23	-1
35	5WvAo7DNuPRmk4APhdPzi8	No Brainer	DJ Khaled	4039703	23	8	4	-12
36	5OCJzvD7sykQEKHH7qAC3C	God is a woman	Ariana Grande	4015450	28	5	6	-8
37	3EPXxR3ImUwfayaurPi3cm	Be Alright	Dean Lewis	3986791	35	8	31	-2
38	3swc6WTsr7rl9DqQKQA55C	Psycho (feat. Ty Dolla $ign)	Post Malone	3936185	36	21	2	-2
39	5N4erncE7kuUccm7zEmwzk	Electricity (with Dua Lipa)	Silk City	3896018	27	2	27	-12
40	6DCZcSspjsKoFjzjrWoCdn	God's Plan	Drake	3884440	40	9	16	0
41	7AFASza1mXqntmGtbxXprO	changes	XXXTENTACION	3821422	42	27	7	1
42	28FGV3ORH14MYORd7s5dlU	Not Alike (feat. Royce Da 5'9)	Eminem	3805793	20	3	7	-22
43	5N5k9nd479b1xpDZ4usjrg	Promises (with Sam Smith)	Calvin Harris	3730176	25	5	19	-18
44	3obgSF06ki98lYNLNq5vCB	Wasted (feat. Lil Uzi Vert)	Juice WRLD	3727346	43	10	20	-1
45	2iUXsYOEPhVqEBwsqP70rE	Youngblood	5 Seconds of Summer	3694455	39	14	17	-6
46	58QhkbaAkLFnn7JwAnAato	Fall	Eminem	3692916	22	3	9	-24
47	3CA9pLiwRIGtUBiMjbZmRw	Nice For What	Drake	3615564	44	9	12	-3
48	0e7ipj03S05BNilyu5bRzt	rockstar (feat. 21 Savage)	Post Malone	3530257	49	21	9	1
49	0OgGn1ofaj55l2PcihQQGV	Drew Barrymore	Bryce Vine	3497911	52	5	49	3
50	5a8RPWgKSmcGBGcffmIrUi	Thunderclouds	Sia	3443247	53	6	50	3
51	7lAK3oHbfEnvUQWosrMMpR	YOSEMITE	Travis Scott	3410071	47	7	7	-4
52	63TyoT9Ee03rQxv8xmdJ2l	RAP DEVIL	Machine Gun Kelly	3363301	111	2	52	59
53	4qKcDkK6siZ7Jp1Jb4m0aL	Look Alive (feat. Drake)	BlocBoy JB	3295976	55	32	3	2
54	4VUwkH455At9kENOfzTqmF	Beautiful (feat. Camila Cabello)	Bazzi	3277164	50	7	30	-4
55	14mHfNsSHN0FbLftyjrV9g	Leave Me Alone	Flipp Dinero	3272291	60	3	55	5
56	4mHgYpuGHu99Mw69E83CP2	Taking A Walk	Trippie Redd	3240650	51	6	13	-5
57	33tNYw9oMtSkGe27NpgS64	WORKIN ME	Quavo	3164314	48	6	40	-9
58	2XTquzYQAdT1Hk78bOUwsv	Greatest	Eminem	3142942	31	3	5	-27
59	7ycWLEP1GsNjVvcjawXz3z	Praise The Lord (Da Shine) (feat. Skepta)	A$AP Rocky	3090587	54	17	11	-5
60	4at3d5QWnlibMVN75ECDrp	Pretty Little Fears (feat. J. Cole)	6LACK	3090379	nan	1	60	new
61	75ZvA4QfFiZvzhj2xkaWAh	I Fall Apart	Post Malone	3088194	56	53	2	-5
62	3GVkPk8mqxz0itaAriG1L7	Everybody Dies In Their Nightmares	XXXTENTACION	2945119	62	56	15	0
63	7K7MUBCnzgBAvMVW2RTWNs	Body (feat. brando)	Loud Luxury	2939400	57	7	29	-6
64	2qT1uLXPVPzGgFOx4jtEuo	no tears left to cry	Ariana Grande	2922141	58	5	18	-6
65	7IBSffWIu7P2MC7kMwy2FM	Hopeless Romantic (feat. Swae Lee)	Wiz Khalifa	2804179	64	10	37	-1
66	2gsNpSn7VvvJuSrIDfRoYy	Kamikaze	Eminem	2796265	41	3	10	-25
67	45Egmo7icyopuzJN0oMEdk	Love Lies (with Normani)	Khalid	2783568	67	31	9	0
68	7sO5G9EABYOXQKNPNiE9NR	Ric Flair Drip (& Metro Boomin)	Offset	2728341	72	47	4	4
69	7noud145AHZGg74vpWOsCa	Trip	Ella Mai	2718192	79	3	69	10
70	7ATATJztoWLcqDAcVVof0C	BEBE	6ix9ine	2685280	59	3	44	-11
71	6jreFSOTUAViWjKyzOC4Kg	REMEDY	Alesso	2647767	117	2	71	46
72	0u2P5u6lvoDfwTYjAADbn4	lovely (with Khalid)	Billie Eilish	2621011	77	22	24	5
73	2ZRo7axmMPeSVUvDbGkJah	Hope	XXXTENTACION	2611803	76	19	28	3
74	7GX5flRQZVHRAGd6B4TmDO	XO Tour Llif3	Lil Uzi Vert	2606450	81	56	2	7
75	3V8UKqhEK5zBkBb6d6ub8i	Te Boté - Remix	Nio Garcia	2583020	75	23	42	0
76	4kWO6O1BUXcZmaxitpVUwp	Jackie Chan	Tiësto	2574315	66	18	18	-10
77	1rqqCSm0Qe4I9rUvWncaom	High Hopes	Panic! At The Disco	2534740	78	13	45	1
78	5qHirGR7M9tdm6C17DlzSY	REEL IT IN	Aminé	2505454	112	2	78	34
79	7oJrVhiTPZGBXWPwhxjy9S	Lust	Lil Skies	2448065	89	34	79	10
80	1ZAyjvIk9YiD76yYy0TEG6	Plug Walk	Rich The Kid	2444025	84	8	48	4
81	6Hgh47WXVKtXN5zGOu0hjI	OTW	Khalid	2431585	92	22	20	11
82	6eYxmK9fdL4hwLnXG2zY3s	Look At Me!	XXXTENTACION	2425644	88	28	33	6
83	4UKCKdYiLN6IMA5ZESUTL7	the remedy for a broken heart (why am I so in love)	XXXTENTACION	2407078	87	23	18	4
84	6Zisja44KqMZj4GM4UY6Yv	Balenciaga Challenge (feat. Offset)	6LACK	2394802	nan	1	84	new
85	3qN5qMTKyEEmiTZD38BNTT	I'm Upset	Drake	2380336	80	9	17	-5
86	0E9ZjEAyAwOXZ7wJC0PD33	In My Mind	Dynoro	2376579	97	8	55	11
87	55GiOwtxNajXVbpjjIzMnD	SWISH	Tyga	2365657	71	8	32	-16
88	7p4vHnYXkxlzvfePJVpcTr	Feels Like Summer	Childish Gambino	2334380	63	4	63	-25
89	2Yer0p7uB2lVBUAtANuuQp	Magic In The Hamptons (feat. Lil Yachty)	Social House	2318868	86	5	83	-3
90	6rJmWa5DvQ3Nby3tdcX2L0	East Atlanta Love Letter (feat. Future)	6LACK	2297022	nan	1	90	new
91	7rC5Pl8rQSX4myONQHYPBK	Mob Ties	Drake	2276894	85	9	23	-6
92	1Knctxx9vGZxpZfF66BIEa	Legends	Juice WRLD	2264465	94	13	68	2
93	2P91MQbaiQOfbiz9VqhqKQ	I Like Me Better	Lauv	2254152	102	16	79	9
94	6IaieqiCVvsNvEt6Y7yOFa	Ball For Me (feat. Nicki Minaj)	Post Malone	2237813	90	21	9	-4
95	0evt4UZbdhnHtcAnxkm6A1	Normal	Eminem	2166816	61	3	11	-34
96	6xcJyGpfZbuuiequtnlKt4	BUTTERFLY EFFECT	Travis Scott	2141570	96	7	26	0
97	4keoy2fqgwGnbWlm3ZVZFa	Happy Now	Zedd	2134754	74	9	34	-23
98	7uzmGiiJyRfuViKKK3lVmR	Mine	Bazzi	2133643	107	23	16	9
99	04ZTP5KsCypmtCmQg5tH9R	I'm a Mess	Bebe Rexha	2125528	110	13	74	11
100	32lItqlMi4LBhb4k0BaSaC	Candy Paint	Post Malone	2116205	105	21	17	5
101	0At2qAoaVjIwWNAqrscXli	Boo'd Up	Ella Mai	2115242	99	19	26	-2
102	0kCBorRrKZkSztd9m0QI3r	Chanel (Go Get It) [feat. Gunna & Lil Baby]	Young Thug	2108557	100	5	50	-2
103	48zFZh27QU5qsrBjn4C2FA	Vaina Loca	Ozuna	2096082	103	4	69	0
104	5PTG6rrL6EPFD9E2QMI2pl	JAPAN	Famous Dex	2083165	109	24	12	5
105	5Xn4IyTtW6FUGIUyWjbUHG	Goodbye (feat. Nicki Minaj & Willy William)	Jason Derulo	2077618	nan	1	105	new
106	39NDBdU5Xkm5pCFGa5kZtI	Ladders	Mac Miller	2058470	38	3	38	-68
107	7KXjTSCq5nL1LoYtL7XAwS	HUMBLE.	Kendrick Lamar	2054773	118	77	1	11
108	2SL6oP2YAEQbqsrkOzRGO4	Venom - Music From The Motion Picture	Eminem	2048731	68	3	21	-40
109	3a1lNhkSLSkpJE4MSHpDu9	Congratulations	Post Malone	2047592	114	90	5	5
110	4e4fqjx0Izh4svvTef1z7e	Meant to Be (feat. Florida Georgia Line)	Bebe Rexha	2045634	123	13	44	13
111	0ibOcbkp2XG46Do8jcy0bL	Nephew (feat. Lil Pump)	Smokepurpp	2023759	95	8	82	-16
112	6n4U3TlzUGhdSFbUUhTvLP	Walk It Talk It	Migos	2001976	115	34	6	3
113	2u7mxWSeoqTXndK5e08jMp	Nowadays (feat. Landon Cube)	Lil Skies	1995812	127	37	30	14
114	6yz0Jndhv0QjKdpcEMbOjz	Shake It Up	Trippie Redd	1985898	113	6	52	-1
115	40oKW22ZNNkEdZLJTScaQI	Roll In Peace (feat. XXXTENTACION)	Kodak Black	1979045	133	56	24	18
116	4hQ6UGyWQIGJmHSo0J88JW	Back To You - From 13 Reasons Why – Season 2 Soundtrack	Selena Gomez	1976294	124	11	35	8
117	60Z57Wdrn0pEVpHI7d7GAX	Stepping Stone	Eminem	1972065	70	3	14	-47
118	4zRZAmBQP8vhNPf9i9opXt	8 Letters	Why Don't We	1952099	121	3	101	3
119	6gBFPUFcJLzWGx4lenP6h2	goosebumps	Travis Scott	1950478	128	90	16	9
120	29ZZAShKhwRUuKULSNtxX6	Switch	6LACK	1944915	nan	1	120	new
121	6f5i916F3jU6BhOOD7iGqf	Ned Flanders (feat. A$AP Ferg)	MadeinTYO	1936227	122	10	84	1
122	3qnoOm4fwZPBS116f5hpgF	All Mine	Kanye West	1933892	116	16	1	-6
123	5Z3GHaZ6ec9bsiI5BenrbY	Young Dumb & Broke	Khalid	1930859	150	76	6	27
124	1BuZAIO8WZpavWVbbq3Lci	Powerglide (feat. Juicy J) - From SR3MM	Rae Sremmurd	1930120	138	20	18	14
125	0chpIFSjgfd1CPrAxM7PWp	No Rest	Lil Skies	1919952	125	5	105	0
126	5gQcxYXqnofyocKgEbGYKt	Bounce Out With That	YBN Nahmir	1917694	131	2	126	5
127	3ZhTT6yjZwpPph5MIJ53XY	Red Roses (feat. Landon Cube)	Lil Skies	1910412	140	37	38	13
128	0wbnC9AUenxp613TYaJsGK	Narcos	Migos	1890650	137	29	3	9
129	27a1mYSG5tYg7dmEjWBcmL	CAN'T SAY	Travis Scott	1885702	120	7	15	-9
130	3DGar7krWlmrXRFHBcQF6z	Whenever (feat. Conor Maynard)	Kris Kross Amsterdam	1879947	91	5	71	-39
131	1gm616Plq4ScqNi7TVkZ5N	Call Out My Name	The Weeknd	1876156	132	25	1	1
132	2BJSMvOGABRxokHKB0OI8i	Shoota (feat. Lil Uzi Vert)	Playboi Carti	1876012	139	19	27	7
133	0dSIrRkA4PadGll16TgbnV	PICK IT UP (feat. A$AP Rocky)	Famous Dex	1863597	141	24	39	8
134	1wb7Mqon4o1ViLjaLV9f8U	Loaded Gun	6LACK	1844095	nan	1	134	new
135	09IStsImFySgyp0pIQdqAc	The Middle	Zedd	1829820	147	16	8	12
136	5p7GiBZNL1afJJDUrOA6C8	Hurt Feelings	Mac Miller	1824703	46	3	46	-90
137	152lZdxL1OR0ZMW6KquMif	Location	Khalid	1822025	151	90	9	14
138	6pGuOWYOFDcSgmVvFWRWSv	The Flute Song	Russ	1818847	93	2	93	-45
139	1co0puPTYvqAdUEjFOjne9	Simple	Florida Georgia Line	1807523	148	4	127	9
140	1zB4vmk8tFRmM9UULNzbLB	Thunder	Imagine Dragons	1804771	146	9	109	6
141	4g32MdRoqwGKQd3NXIRhpU	Good Guy (feat. Jessie Reyez)	Eminem	1798027	83	3	26	-58
142	2bSk87AVkCIIC3Bcligq1z	Life Goes On	Lil Baby	1793284	136	18	105	-6
143	3Q33RhbyoFul9LdKKjticI	Unfair	6LACK	1759759	nan	1	143	new
144	6EGAfJaLUFzhS4zRBIEQ2J	You Make It Easy	Jason Aldean	1757593	155	24	84	11
145	6G8kHiVZ1jW7vHMPVRNZU0	Don’t Matter To Me (with Michael Jackson)	Drake	1750215	135	9	14	-10
146	42fw0rxRO2xbesF6mJfd4Y	Tequila	Dan + Shay	1747466	152	13	60	6
147	6nO3tr47nr2P7f3hXb8JIo	Champion (feat. Travis Scott)	NAV	1746879	129	18	60	-18
148	20MuVazoNMv6xjKPnRFOxG	WAKE UP	Travis Scott	1745214	130	7	9	-18
149	51rXHuKN8Loc4sUlKPODgH	King's Dead (with Kendrick Lamar, Future & James Blake)	Jay Rock	1733640	149	36	7	0
150	0pqnGHJpmpxLKifKRmU6WP	Believer	Imagine Dragons	1728381	156	9	124	6
151	0CIGZEXjZ8L52lOrqUljJt	Let Her Go	6LACK	1726336	nan	1	151	new
152	01z2fBGB8Hl3Jd3zXe4IXR	Come Back to Earth	Mac Miller	1724443	45	3	45	-107
153	7c3K8ifIoaVZ2MSUuGo0Co	Nonchalant	6LACK	1714059	nan	1	153	new
154	70khXICDeTTxgYtw3EysKH	sweetener	Ariana Grande	1706881	134	5	21	-20
155	4vaxvNDaLSoD36iZX515ug	Betrayed	Lil Xan	1700032	154	24	63	-1
156	2UVbBKQOdFAekPTRsnkzcf	Stir Fry	Migos	1699304	161	34	2	5
157	1rfofaqEpACxVEHIZBJe6W	Havana (feat. Young Thug)	Camila Cabello	1694784	157	36	2	0
158	5S1IUPueD0xE0vj4zU3nSf	Bigger Than You (feat. Drake & Quavo)	2 Chainz	1687526	173	14	28	15
159	2zy9TMoZlYGuCNY4TLqG24	Don't Leave Me Alone (feat. Anne-Marie)	David Guetta	1684424	nan	1	159	new
160	0b9oOr2ZgvyQu88wzixux9	This Is America	Childish Gambino	1682543	143	20	1	-17
161	1RagpNpkD3KcjXMLGMe99V	Fr Fr (feat. Lil Skies)	Wiz Khalifa	1676280	nan	9	48	re-enter
162	1HXy5I3HTWq8OvxCn0z7G7	Heaven	Kane Brown	1675150	171	36	60	9
163	3GCdLUSnKSMJhs4Tj6CV3s	All The Stars (with SZA)	Kendrick Lamar	1672838	158	30	3	-5
164	0E6PsO3ymCfUh7pJQjBgkj	APESHIT	The Carters	1671333	192	14	26	28
165	7ef4DlsgrMEH11cDZd32M6	One Kiss (with Dua Lipa)	Calvin Harris	1660677	145	24	19	-20
166	01TnVDiet1DFTsyWKUKovl	NUMB	XXXTENTACION	1658852	165	19	23	-1
167	2fQrGHiQOvpL9UgPvtYy6G	Bank Account	21 Savage	1657271	166	52	3	-1
168	1R0Ig5KYrSGWvIoPzY4T3l	Black & White	Juice WRLD	1653376	160	10	156	-8
169	4O1uCappFiU3bisYUdUBWy	I Am Who They Say I Am	YoungBoy Never Broke Again	1652785	nan	1	169	new
170	7KZ5MMVgBVox9ycroB2UrI	CAROUSEL	Travis Scott	1646551	153	7	5	-17
171	5tz69p7tJuGPeMGwNTxYuV	1-800-273-8255	Logic	1645165	162	73	1	-9
172	4H7WNRErSbONkM06blBoGc	Stay	Post Malone	1639236	167	21	6	-5
173	5gFmgXPCLu9xIfMUXSbRru	YEAH RIGHT	Joji	1638977	nan	1	173	new
174	41zXlQxzTi6cGAjpOXyLYH	idontwannabeyouanymore	Billie Eilish	1638376	164	10	138	-10
175	52okn5MNA47tk87PeZJLEL	Let You Down	NF	1635295	182	13	38	7
176	2eAZfqOm4EnOF9VvN50Tyc	The Way Life Goes (feat. Oh Wonder)	Lil Uzi Vert	1632094	198	56	8	22
177	6Poyf51k7W3NKnsGwAI90B	Barbie Dreams	Nicki Minaj	1628797	142	6	17	-35
178	4OBZT9EnhYIV17t4pGw7ig	Best Part (feat. Daniel Caesar)	H.E.R.	1621379	179	16	160	1
179	3GJ4hzg4lrGwU51Y3VARbF	Speechless	Dan + Shay	1620369	174	7	151	-5
180	6dFn6my1sHK2bcf23GlHwM	2009	Mac Miller	1609967	82	2	82	-98
181	6XcfKZvJio9Z0fQy11GnNX	broken	lovelytheband	1602235	199	4	181	18
182	11QvWp3CsEPd0YLE6xKGyx	My Boy (feat. J. Cole) - Freestyle	Wale	1596003	nan	1	182	new
183	7ms3VzLTfr7fXNOqA4Mkx9	Creeping (feat. Rich the Kid)	Lil Skies	1593905	176	23	86	-7
184	4F1yvJfQ7gJkrcgFJQDjOr	Playinwitme (feat. Kehlani)	KYLE	1588814	172	18	24	-12
185	5DfWF0jqMgZDCiu9zJENTA	Ring (feat. Kehlani)	Cardi B	1585926	169	9	30	-16
186	4apiNNK0jp9uqn3JDG9My1	Dark Knight Dummo	Trippie Redd	1581001	186	6	82	0
187	2374M0fQpWi3dLnB54qaLX	Africa	TOTO	1575843	177	24	144	-10
188	4UAW2gObi5o6sJla0qZpPn	Mariners Apartment Complex	Lana Del Rey	1573512	nan	1	188	new
189	2xRyZfWe9bnRfH1ZfhYO98	Sorry	6LACK	1569404	nan	1	189	new
190	4QVS8YCpK71R4FsxSMCjhP	Tie Me Down (with Elley Duhé)	Gryffin	1567390	126	6	66	-64
191	2rxQMGVafnNaRaXlRMWPde	Beautiful Crazy	Luke Combs	1558539	191	16	129	0
192	6PGoSes0D9eUDeeAafB2As	LOVE. FEAT. ZACARI.	Kendrick Lamar	1556582	183	75	5	-9
193	3u1S1OmAUhx5DRlLrXqyp3	Rise	Jonas Blue	1555576	104	13	35	-89
194	4dVpf9jZjcORqGTLUaeYj9	Plain Jane	A$AP Ferg	1553674	187	56	8	-7
195	0Uv5Kp8sEnriJjkX4oLfNI	Paul - Skit	Paul Rosenberg	1541673	108	3	19	-87
196	09FfQO3PqHO4HIJL511Ksi	Nice Guy (with Jessie Reyez)	Eminem	1536984	106	3	29	-90
197	6KBYefIoo7KydImq1uUQlL	Bodak Yellow	Cardi B	1528281	190	24	35	-7
198	7vGuf3Y35N4wmASOKLUVVU	Silence	Marshmello	1526336	nan	54	10	re-enter
199	698eQRku24PIYPQPHItKlA	She Got the Best of Me	Luke Combs	1521215	163	3	163	-36
200	62vpWI1CHwFy7tMIcSStl8	No Role Modelz	J. Cole	1517705	nan	78	71	re-enter
