position	song_id	song_name	artist	streams	last_week_position	weeks_on_chart	peak_position	position_status
1	2XW4DbS6NddZxRPm5rMCeY	God's Plan	Drake	28708450	1	2	1	0
2	2UVbBKQOdFAekPTRsnkzcf	Stir Fry	Migos	9568918	nan	1	2	new
3	0wbnC9AUenxp613TYaJsGK	Narcos	Migos	8219211	nan	1	3	new
4	7wGoVu4Dady5GV0Sv4UIsx	rockstar	Post Malone	8186295	2	17	1	-2
5	3Vo4wInECJQuz9BIBMOu8i	Finesse - Remix; feat. Cardi B	Bruno Mars	7528351	4	4	2	-1
6	6n4U3TlzUGhdSFbUUhTvLP	Walk It Talk It	Migos	7147485	nan	1	6	new
7	75ZvA4QfFiZvzhj2xkaWAh	I Fall Apart	Post Malone	6547244	6	20	2	-1
8	7sO5G9EABYOXQKNPNiE9NR	Ric Flair Drip (& Metro Boomin)	Offset	6440640	8	14	4	0
9	4wFjTWCunQFKtukqrNijEt	MotorSport	Migos	6393160	nan	1	9	new
10	09IStsImFySgyp0pIQdqAc	The Middle	Zedd	6122871	nan	1	10	new
11	6tHWl8ows5JOZq9Yfaqn3M	Mine	Bazzi	6098151	40	3	11	29
12	12SJpYZEdj4kzWZ8FPFg4Y	All The Stars (with SZA)	Kendrick Lamar	6057884	10	3	9	-2
13	4BHzHISX21PYwGXiBEUQ70	BBO (Bad Bitches Only)	Migos	6036111	nan	1	13	new
14	2DQ1ITjI0YoLFzuADN1ZBW	No Limit	G-Eazy	6013966	5	7	2	-9
15	1rfofaqEpACxVEHIZBJe6W	Havana (feat. Young Thug)	Camila Cabello	5949366	7	3	2	-8
16	75FDPwaULRdYDn4StFN2rT	Bartier Cardi (feat. 21 Savage)	Cardi B	5890467	9	6	4	-7
17	4eWQlBRaTjPPUlzacqEeoQ	Never Be the Same	Camila Cabello	5518029	11	3	5	-6
18	6PGoSes0D9eUDeeAafB2As	LOVE. FEAT. ZACARI.	Kendrick Lamar	5297596	15	42	5	-3
19	3ncgNpxLoBQ65ABk4djDyd	PICK IT UP (feat. A$AP Rocky)	Famous Dex	5138227	14	14	14	-5
20	5k38wzpLb15YgncyWdTZE4	Him & I (with Halsey)	G-Eazy	5128446	12	7	5	-8
21	6mrKP2jyIQmM0rw6fQryjr	Let You Down	NF	5094445	16	16	11	-5
22	5goGDc74vVREyN8al8CkPh	Diplomatic Immunity	Drake	5029812	3	2	3	-19
23	3OnOomd79OjqSYHchCQ6ht	Notice Me	Migos	4917685	nan	1	23	new
24	4DTpngLjoHj5gFxEZFeD3J	Codeine Dreaming (feat. Lil Wayne)	Kodak Black	4680386	13	10	11	-11
25	7GX5flRQZVHRAGd6B4TmDO	XO Tour Llif3	Lil Uzi Vert	4662661	20	23	2	-5
26	5WoaF1B5XIEnWfmb5NZikf	Sky Walker (feat. Travis Scott)	Miguel	4573665	23	9	23	-3
27	09ts3GnICqYEU5PkQCpJK3	Say Something	Justin Timberlake	4523108	nan	1	27	new
28	7iDa6hUg2VgEL1o1HjmfBn	Meant to Be (feat. Florida Georgia Line)	Bebe Rexha	4505646	18	21	18	-10
29	42CeaId2XNlxugDvyqHfDf	Candy Paint	Post Malone	4498567	19	15	4	-10
30	4dVpf9jZjcORqGTLUaeYj9	Plain Jane	A$AP Ferg	4343293	24	23	8	-6
31	7KXjTSCq5nL1LoYtL7XAwS	HUMBLE.	Kendrick Lamar	4339161	30	44	1	-1
32	6NWl2m8asvH83xjuXVNsuG	Betrayed	Lil Xan	4303906	32	15	25	0
33	76cy1WJvNGJTj78UqeA5zr	IDGAF	Dua Lipa	4295147	31	5	31	-2
34	6RKkHI2fkmgZq7uQPPav8f	Gang Gang	Migos	4295005	nan	1	34	new
35	5AEtlRudpgdT5FtNiuly6Y	Let Me Go (with Alesso, Florida Georgia Line & watt)	Hailee Steinfeld	4278857	26	20	19	-9
36	630sXRhIcfwr2e4RdNtjKN	Rewrite The Stars	Zac Efron	4247611	22	5	22	-14
37	7yt6eiZQCkVFEzwGp4Pbor	Supastars	Migos	4215009	nan	1	37	new
38	2KokOIKdw4zZutDil85Ugh	White Sand	Migos	4103657	nan	1	38	new
39	5UEnHoDYpsxlfzWLZIc7LD	River (feat. Ed Sheeran)	Eminem	4056281	28	7	2	-11
40	2fQrGHiQOvpL9UgPvtYy6G	Bank Account	21 Savage	4036568	27	19	3	-13
41	3a1lNhkSLSkpJE4MSHpDu9	Congratulations	Post Malone	4032900	29	57	5	-12
42	7jqDzXJS0K0Re8uphYNit0	Sick Boy	The Chainsmokers	4020044	21	2	21	-21
43	5Z3GHaZ6ec9bsiI5BenrbY	Young Dumb & Broke	Khalid	4001050	36	43	6	-7
44	0tgVpDi06FyKpA1z0VMD4v	Perfect	Ed Sheeran	3792077	33	39	13	-11
45	5tz69p7tJuGPeMGwNTxYuV	1-800-273-8255	Logic	3626679	44	40	1	-1
46	2u7mxWSeoqTXndK5e08jMp	Nowadays (feat. Landon Cube)	Lil Skies	3596947	38	4	38	-8
47	43ZyHQITOjhciSUUNPVRHc	Gucci Gang	Lil Pump	3568179	34	17	2	-13
48	0G9rmRmQDFk9O2tzZLyRkc	Emoji A Chain	Migos	3466936	nan	1	48	new
49	152lZdxL1OR0ZMW6KquMif	Location	Khalid	3451688	50	57	9	1
50	1XRgIKC5TPwo7nWGyKqgG0	I Get the Bag (feat. Migos)	Gucci Mane	3413951	37	16	7	-13
51	1mXVgsBdtIVeCLJnSnmtdV	Too Good At Goodbyes	Sam Smith	3384974	41	13	3	-10
52	43dOwOq0mB4i6j4SpcSkqC	Higher We Go - Intro	Migos	3309699	nan	1	52	new
53	2ekn2ttSfGqwhhate0LSR0	New Rules	Dua Lipa	3305442	43	29	20	-10
54	2xGjteMU3E1tkEPVFBO08U	This Is Me	Keala Settle	3297716	42	5	42	-12
55	51rXHuKN8Loc4sUlKPODgH	King's Dead (with Kendrick Lamar, Future & James Blake)	Jay Rock	3293838	39	3	39	-16
56	2771LMNxwf62FTAdpJMQfM	Bodak Yellow	Cardi B	3248054	46	28	3	-10
57	4Kw3CztmD15X1QGDnnHmLD	Auto Pilot	Migos	3219598	nan	1	57	new
58	40oKW22ZNNkEdZLJTScaQI	Roll In Peace (feat. XXXTENTACION)	Kodak Black	3206483	45	24	24	-13
59	7EmGUiUaOSGDnUUQUDrOXC	Wolves	Selena Gomez	3190032	35	15	5	-24
60	790MhTXPFrYkrqCKvpg4t1	Wanted You (feat. Lil Uzi Vert)	NAV	3113507	49	12	28	-11
61	5Htb1uFQ1KrkFXlefS8oGj	Tell Me You Love Me	Demi Lovato	3084651	48	9	38	-13
62	35ffVv9x4mtzBh5rF1K9sP	CC	Migos	3047523	nan	1	62	new
63	6gBFPUFcJLzWGx4lenP6h2	goosebumps	Travis Scott	3003139	52	57	16	-11
64	0tKcYR2II1VCQWT79i5NrW	Thunder	Imagine Dragons	2969708	54	37	21	-10
65	7m9OqQk4RVRkw9JJdeAw96	Jocelyn Flores	XXXTENTACION	2960015	56	23	3	-9
66	7vGuf3Y35N4wmASOKLUVVU	Silence	Marshmello	2924500	53	25	10	-13
67	4loAa1lBkE83qJXU1ddmCV	Too Much Jewelry	Migos	2846215	nan	1	67	new
68	2eAZfqOm4EnOF9VvN50Tyc	The Way Life Goes (feat. Oh Wonder)	Lil Uzi Vert	2791977	61	23	8	-7
69	0zl3PdjIl320fK0pxBGWNR	KEKE	6ix9ine	2746906	47	3	47	-22
70	1yxgsra98r3qAtxqiGZPiX	BUTTERFLY EFFECT	Travis Scott	2740880	57	37	9	-13
71	7AQim7LbvFVZJE3O8TYgf2	Fuck Love (feat. Trippie Redd)	XXXTENTACION	2737242	62	23	8	-9
72	1Qg9jWGDkKAGZXj5v2OG59	Wait	Maroon 5	2714154	58	12	58	-14
73	3B54sVLJ402zGa6Xm4YGNe	Unforgettable	French Montana	2698258	59	30	1	-14
74	2x0WlnmfG39ZuDmstl9xfX	End Game	Taylor Swift	2666595	51	9	29	-23
75	6HZILIRieu8S0iqY8kIKhj	DNA.	Kendrick Lamar	2646616	74	42	2	-1
76	7y9iMe8SOB6z3NoHE2OfXl	Bad At Love	Halsey	2640536	60	25	25	-16
77	3m660poUr1chesgkkjQM7P	Sorry Not Sorry	Demi Lovato	2612024	65	18	11	-12
78	3ZhTT6yjZwpPph5MIJ53XY	Red Roses (feat. Landon Cube)	Lil Skies	2601747	64	4	64	-14
79	3kxfsdsCpFgN412fpnW85Y	Redbone	Childish Gambino	2550753	89	57	9	10
80	6p8NuHm8uCGnn2Dtbtf7zE	Slippery (feat. Gucci Mane)	Migos	2526562	66	53	21	-14
81	0as7lPxkBPctZ7uVmchRNM	Miss You (with Major Lazer & Tory Lanez)	Cashmere Cat	2483655	nan	1	81	new
82	1QRJb5VY3sIkCKcTuIKCrk	Rubbin off the Paint	YBN Nahmir	2481752	nan	1	82	new
83	3hBBKuWJfxlIlnd9QFoC8k	What Lovers Do (feat. SZA)	Maroon 5	2465597	67	13	9	-16
84	4pYZLpX23Vx8rwDpJCpPTA	New Freezer (feat. Kendrick Lamar)	Rich The Kid	2432609	85	18	66	1
85	7qiZfU4dY1lWllzX7mPBI3	Shape of You	Ed Sheeran	2429193	73	56	1	-12
86	1f5cbQtDrykjarZVrShaDI	Drowning (feat. Kodak Black)	A Boogie Wit da Hoodie	2427607	69	18	21	-17
87	2xmrfQpmS2iJExTlklLoAL	I Miss You (feat. Julia Michaels)	Clean Bandit	2406098	72	14	57	-15
88	4TAifFqlNkBvrycHbWV9Ew	Too Playa	Migos	2401211	nan	1	88	new
89	5HwnezK198pJCEj1l2Adjy	She Loves Control	Camila Cabello	2369656	145	3	88	56
90	2664gDzsUz6oHnSFyfKjcq	Crown the Kings	Migos	2323325	nan	1	90	new
91	0q75NwOoFiARAVp4EXU4Bs	Love Galore (feat. Travis Scott)	SZA	2304518	93	38	24	2
92	5kuxtUHQr23zov47Wn35Of	Beast	Migos	2275715	nan	1	92	new
93	5yuShbu70mtHXY0yLzCQLQ	Go Flex	Post Malone	2260782	80	57	24	-13
94	6QgjcU0zLnzq5OrUoSZ3OK	Feel It Still	Portugal. The Man	2198524	84	33	17	-10
95	0CcQNd8CINkwQfe1RDtGV6	Believer	Imagine Dragons	2196733	82	49	11	-13
96	2Tq2R8sRftNEqdgJK5HadO	My My My!	Troye Sivan	2155659	55	3	17	-41
97	43ay9lQZ5rfNcOOHhRF2cM	The Greatest Show	Hugh Jackman	2146674	78	5	72	-19
98	2LOkdHHNKdEx24cQELBaD8	Open It Up	Migos	2142974	nan	1	98	new
99	2vjmyyAnDUzilFYxOlTdO1	GUMMO	6ix9ine	2121989	79	12	52	-20
100	1zsG4eaZmkA1dvjDDsAGLK	Échame La Culpa	Luis Fonsi	2100159	87	11	52	-13
101	2ZxTjs4EdJl4Y9YByIiNoo	You Make It Easy	Jason Aldean	2083171	nan	1	101	new
102	3wdfLVUhmX64lIyWIIEW8s	Ice Tray	Quality Control	2070309	75	8	75	-27
103	7eTyfz4GA647lpSA3PCRyl	Flooded	Migos	2052607	nan	1	103	new
104	4knL4iPxPOZjQzTUlELGSY	Rake It Up	Yo Gotti	2043173	91	14	37	-13
105	0KKkJNfGyhkQ5aFogxQAPU	That's What I Like	Bruno Mars	2027431	120	57	3	15
106	0OWZFobGSIW9GrSlQ9C5pc	Marry Me	Thomas Rhett	2020578	90	8	90	-16
107	0P6AWOA4LG1XOctzaVu5tt	The Weekend - Funk Wav Remix	SZA	2015059	103	5	103	-4
108	0Gl5s8IhMmQE5YQwM8Qx1J	Never Enough	Loren Allred	2003642	83	5	81	-25
109	0jdny0dhgjUwoIp5GkqEaA	Praying	Kesha	1990247	189	25	17	80
110	0RoA7ObU6phWpqhlC9zH4Z	A Million Dreams	Ziv Zaifman	1985148	86	5	79	-24
111	1bhUWB0zJMIKr9yVPrkEuI	Perfect Duet (Ed Sheeran & Beyoncé)	Ed Sheeran	1984649	70	9	5	-41
112	7hDc8b7IXETo14hHIHdnhd	Passionfruit	Drake	1956979	94	46	1	-18
113	5B3I6RdYli0nmeS5IR4CcB	Movin' Too Fast	Migos	1955514	nan	1	113	new
114	4cxMGhkinTocPSVVKWIw0d	Losin Control	Russ	1954291	97	55	75	-17
115	3towKHKVOXCCcL1fHv6xFO	Capital Letters	Hailee Steinfeld	1949666	113	2	113	-2
116	7zVCrzzEJU7u24sbJPXA5W	What Ifs (feat. Lauren Alaina)	Kane Brown	1943763	111	35	50	-5
117	6gU9OKjOE7ghfEd55oRO57	The Weekend	SZA	1939556	121	29	90	4
118	6eT7xZZlB2mwyzJ2sUKG6w	White Iverson	Post Malone	1939371	99	57	66	-19
119	0VgkVdmE4gld66l8iyGjgx	Mask Off	Future	1918907	98	13	73	-21
120	5hcisvFMidkMJlElTO9Qmw	Sensualidad	Bad Bunny	1910290	104	10	92	-16
121	1e1JKLEDKP7hEQzJfNAgPl	Magnolia	Playboi Carti	1895015	96	41	12	-25
122	5u6vkDnOyaf8LsteDAj2ub	Ghostface Killers	21 Savage	1894058	81	14	8	-41
123	2cKovq3l6OJjhVVDbVKOsr	The Other Side	Hugh Jackman	1880442	92	5	90	-31
124	5CLGzJsGqhCEECcpnFQA8x	These Days (feat. Jess Glynne, Macklemore & Dan Caplen)	Rudimental	1877629	nan	1	124	new
125	4Km5HrUvYTaSUfiSGPJeQR	Bad and Boujee (feat. Lil Uzi Vert)	Migos	1872489	108	57	1	-17
126	32DGGj6KlNuBr6WaqRxpxi	How Long	Charlie Puth	1866308	95	17	39	-31
127	2z4pcBLQXF2BXKFvd0BuB6	Tip Toe (feat. French Montana)	Jason Derulo	1858133	109	11	91	-18
128	1LXbv9jiTtdBdHadZ317Gt	Designer	Lil Pump	1841684	100	4	64	-28
129	4iLqG9SeJSnt0cSPICSjxv	Attention	Charlie Puth	1833251	106	41	16	-23
130	5uCax9HTNlzGybIStD3vDh	Say You Won't Let Go	James Arthur	1825617	110	57	15	-20
131	6SwRhMLwNqEi6alNPVG00n	LOYALTY. FEAT. RIHANNA.	Kendrick Lamar	1825058	141	42	4	10
132	25oOaleife6E2MIKmFkPvg	Relationship (feat. Future)	Young Thug	1815835	101	33	55	-31
133	3XAWpSxJMPeIwxXc5g9en1	Made Men	Migos	1815636	nan	1	133	new
134	7mldq42yDuxiUNn08nvzHO	Body Like A Back Road	Sam Hunt	1800715	117	52	15	-17
135	3GVkPk8mqxz0itaAriG1L7	Everybody Dies In Their Nightmares	XXXTENTACION	1796089	114	23	15	-21
136	6H0AwSQ20mo62jGlPGB8S6	It's A Vibe	2 Chainz	1793708	107	40	41	-29
137	3YeJXuRSNS5FYwOsDu44kD	Dark Knight Dummo (Feat. Travis Scott)	Trippie Redd	1776750	105	8	63	-32
138	2EEeOnHehOozLq4aS0n6SL	iSpy (feat. Lil Yachty)	KYLE	1773045	118	57	2	-20
139	6VrCmhRBFnuGKmtNfk4jDs	Spotlight	Marshmello	1768263	88	3	60	-51
140	15EPc80XuFrb2LmOzGjuRg	Crew (feat. Brent Faiyaz & Shy Glizzy)	GoldLink	1755855	127	28	113	-13
141	5UzUZULhZL8bW4BqI1ZNOF	Work Hard	Migos	1753508	nan	1	141	new
142	0SGkqnVQo9KPytSri1H6cF	Bounce Back	Big Sean	1753079	116	57	3	-26
143	6EpRaXYhGOB3fj4V2uDkMJ	Strip That Down	Liam Payne	1740090	119	37	13	-24
144	30MM5jWpUmOxtTNd9Ey5LZ	Unforgettable	Thomas Rhett	1722036	157	19	38	13
145	7foypmc7KZyU716Yv63BPe	Saint	Huncho Jack	1716799	77	6	33	-68
146	0AcHbiMs86CCgprvc7E1gs	i Shyne	Carnage	1706698	76	2	76	-70
147	1uL78kFWxhz3umTMWJu8n5	Sauce It Up	Lil Uzi Vert	1705591	115	23	23	-32
148	5CtI0qwDJkDQGwXD1H1cLb	Despacito - Remix	Luis Fonsi	1702216	132	42	1	-16
149	3Q3myFA7q4Op95DOpHplaY	do re mi	blackbear	1693986	124	40	30	-25
150	1WIZiOuNO3woKfdlSK2gNn	Transportin'	Kodak Black	1691988	112	24	37	-38
151	2yQZwi1P8AkkxxFhQ8rMEK	Greatest Love Story	LANCO	1691277	156	2	151	5
152	1wjzFQodRWrPcQ0AnYnvQ9	I Like Me Better	Lauv	1689090	122	35	30	-30
153	62vpWI1CHwFy7tMIcSStl8	No Role Modelz	J. Cole	1684035	129	57	71	-24
154	4Q3N4Ct4zCuIHuZ65E3BD4	Tunnel Vision	Kodak Black	1675565	126	50	5	-28
155	343YBumqHu19cGoGARUTsd	Fake Love	Drake	1674921	123	56	2	-32
156	0AICBlLzFCTpUqmAbtzB2z	Love Scars	Trippie Redd	1602475	137	20	137	-19
157	3DXncPQOG4VBw3QHh3S817	I'm the One (feat. Justin Bieber, Quavo, Chance the Rapper & Lil Wayne)	DJ Khaled	1598583	134	36	2	-23
158	7vu0JkJh0ldukEYbTVcqd0	Issues	Julia Michaels	1597195	155	5	155	-3
159	7KOlJ92bu51cltsD9KU5I7	T-Shirt	Migos	1589420	146	55	6	-13
160	3wGXyJGsCf1myH5MooQIqE	The Race	Tay-K	1577979	131	8	98	-29
161	3Jo2cNQKU6Je7LVClYyJH9	Top Down On Da NAWF	Migos	1576434	nan	1	161	new
162	6RSNKGdv3nDTHqgw4bdzyF	Yours	Russell Dickerson	1562325	169	5	162	7
163	3iq9nhbI8fcnNamxMft1uv	Real Friends	Camila Cabello	1560329	63	3	37	-100
164	5hM6sP0Gh1jD57drszNueC	For You (Fifty Shades Freed) (& Rita Ora)	Liam Payne	1558062	148	4	89	-16
165	1L3NV7VrCiuE8C5QlhdeQL	Filthy	Justin Timberlake	1551960	71	4	14	-94
166	1j4kHkkpqZRBwE0A4CN4Yv	Dusk Till Dawn - Radio Edit	ZAYN	1549727	136	21	15	-30
167	248OFOZef6ShXv6DGgbnxU	Saved	Khalid	1546829	192	44	120	25
168	1xznGGDReH1oQq0xzbwXa3	One Dance	Drake	1546361	152	51	13	-16
169	1mMLMZYXkMueg65jRRWG1l	When It Rains It Pours	Luke Combs	1534034	147	21	123	-22
170	4AtZRwSR8BOTTQg5ihSggt	PRBLMS	6LACK	1532444	159	11	129	-11
171	4vkVvmjIiQibQ6zJnC1Q9z	Sucker for You	Matt Terry	1520803	161	4	150	-10
172	5xNUR50KxswPRAvx7S163g	Come Alive	Hugh Jackman	1511693	135	5	132	-37
173	2rb5MvYT7ZIxbKW5hfcHx8	Mi Gente	J Balvin	1508737	144	31	8	-29
174	7BKLCZ1jbUBVqRi2FVlTVw	Closer	The Chainsmokers	1490649	153	57	4	-21
175	3pXF1nA74528Edde4of9CC	Don't	Bryson Tiller	1490232	160	54	82	-15
176	59J5nzL1KniFHnU120dQzt	wokeuplikethis*	Playboi Carti	1471619	149	42	54	-27
177	3IkWmgGsXbsafrunwPojXO	From Now On	Hugh Jackman	1469442	142	4	139	-35
178	2bjwRfXMk4uRgOD9IBYl9h	Portland	Drake	1463733	150	42	2	-28
179	2LBqCSwhJGcFQeTHMVGwy3	Die For You	The Weeknd	1458519	164	22	79	-15
180	6RUKPb4LETWmmr3iAEQktW	Something Just Like This	The Chainsmokers	1457943	168	50	2	-12
181	0I20rLT2MJDhcF96AjbNYo	Stay	Zedd	1454084	nan	4	131	re-enter
182	5gx2E5aIXMRBellPZW1up5	Pills & Automobiles (feat. Yo Gotti, A Boogie Wit Da Hoodie & Kodak Black)	Chris Brown	1452894	143	14	78	-39
183	1HXy5I3HTWq8OvxCn0z7G7	Heaven	Kane Brown	1451503	163	3	163	-20
184	43PuMrRfbyyuz4QpZ3oAwN	Exchange	Bryson Tiller	1445329	162	54	84	-22
185	5NT0aZqWImC9fTzkW4z48o	KOODA	6ix9ine	1443810	140	8	90	-45
186	5aAx2yezTd8zXrkmtKl66Z	Starboy	The Weeknd	1436624	178	57	3	-8
187	2A69wys3S9uiPSmn6UZWJn	Written in the Sand	Old Dominion	1429796	nan	1	187	new
188	7oJrVhiTPZGBXWPwhxjy9S	Lust	Lil Skies	1417155	154	3	150	-34
189	0uxSUdBrJy9Un0EYoBowng	20 Min	Lil Uzi Vert	1416423	167	7	120	-22
190	5troof8mcGO3AafoDbk1gc	Look What You Made Me Do	Taylor Swift	1413100	151	5	96	-39
191	0B8QzDH7YWih85V5SEMnyJ	Money Longer	Lil Uzi Vert	1412908	191	55	73	0
192	7EI6Iki24tBHAMxtb4xQN2	Anywhere	Rita Ora	1409977	nan	4	162	re-enter
193	4fv0mLkB3wY4Z2GAG1mWAN	Take Back Home Girl (Feat. Tori Kelly)	Chris Lane	1400576	nan	1	193	new
194	6yr8GiTHWvFfi4o6Q5ebdT	'Till I Collapse	Eminem	1396788	177	30	152	-17
195	6eYxmK9fdL4hwLnXG2zY3s	Look At Me!	XXXTENTACION	1395612	172	9	144	-23
196	10M2Ex445zw585Ducldzkw	In Case You Didn't Know	Brett Young	1393949	166	41	102	-30
197	6fwdbPMwP1zVStm8FybmkO	X (feat. Future)	21 Savage	1393093	181	55	17	-16
198	4fC5jw1TI59GH1emfN1wtk	Poles 1469	Trippie Redd	1390878	165	5	162	-33
199	2m2ZGfJcs3lHWNPzhWH3XH	La Modelo	Ozuna	1388026	nan	4	117	re-enter
200	1OAh8uOEOvTDqkKFsKksCi	Wild Thoughts (feat. Rihanna & Bryson Tiller)	DJ Khaled	1387333	193	33	2	-7
