position	song_id	song_name	artist	streams	last_week_position	weeks_on_chart	peak_position	position_status
1	2rPE9A1vEgShuZxxzR2tZH	thank u, next	Ariana Grande	12871255	1	4	1	0
2	1xzBco0xcoJEDXktl7Jxrr	Mo Bamba	Sheck Wes	10101181	2	8	1	0
3	2xLMifQCjDGFmkHkpNLD9h	SICKO MODE	Travis Scott	9791023	3	17	1	0
4	7l3E7lcozEodtVsSTCkcaA	ZEZE (feat. Travis Scott & Offset)	Kodak Black	9054688	5	7	1	1
5	78QR3Wp35dqAhFEc2qAGjE	Drip Too Hard (Lil Baby & Gunna)	Lil Baby	8965297	4	8	1	-1
6	5p7ujcrUXASCNwRaWNHR1C	Without Me	Halsey	7448397	7	8	6	1
7	1A6OTy97kk0mMdm78rHsm8	Sunflower - Spider-Man: Into the Spider-Verse	Post Malone	7046931	8	6	2	1
8	4CH66Rxcjcj3VBHwmIBj4T	BAD!	XXXTENTACION	6702875	6	3	2	-2
9	0s3nnoMeVWz3989MkNQiRf	Lucid Dreams	Juice WRLD	6067883	9	20	2	0
10	0QIjsbm2fh1cJ45XO9eGqq	Wake Up in the Sky	Gucci Mane	5734198	11	11	6	1
11	6SAKXCj5jyF6IgPCPbZ5ra	Armed And Dangerous	Juice WRLD	5713370	10	3	9	-1
12	14JzyD6FlBD5z0wV5P07YI	when the party's over	Billie Eilish	5508934	12	7	12	0
13	0bYg9bo50gSsH3LtXe2SQn	All I Want for Christmas Is You	Mariah Carey	5434887	36	11	2	23
14	7wC5eZcFS1Q1BsQ35DU6H4	come out and play	Billie Eilish	5233526	135	2	14	121
15	2dpaYNEQHiRxtZbfNsse99	Happier	Marshmello	5204617	13	15	8	-2
16	14mHfNsSHN0FbLftyjrV9g	Leave Me Alone	Flipp Dinero	5166280	20	13	16	4
17	3ee8Jmje8o58CHK66QrVC2	SAD!	XXXTENTACION	4955893	16	37	1	-1
18	6zeeWid2sgw4lap2jV61PZ	Better	Khalid	4944259	18	5	12	0
19	2LskIZrCeLxRvCiGP8gxlh	Arms Around You (feat. Maluma & Swae Lee)	XXXTENTACION	4773411	14	5	6	-5
20	2E124GmJRnBJuXbTb4cPUB	FEFE (feat. Nicki Minaj & Murda Beatz)	6ix9ine	4718915	29	19	2	9
21	5aXgz1oKK8Q9z9xvTmSnrO	Topanga	Trippie Redd	4695192	15	3	11	-6
22	116H0KvKr2Zl4RPuVBruDO	MIA (feat. Drake)	Bad Bunny	4666245	19	7	2	-3
23	0JP9xo3adEtGSdUEISiszL	Moonlight	XXXTENTACION	4594926	21	37	3	-2
24	4w8niZpiMy6qz1mntFA5uM	Taki Taki (with Selena Gomez, Ozuna & Cardi B)	DJ Snake	4562028	17	9	7	-7
25	0AluA5RNsa4Cx6XRhf2hWZ	10 Freaky Girls (with 21 Savage)	Metro Boomin	4482642	22	2	22	-3
26	7dt6x5M1jzdTEt8oCbisTK	Better Now	Post Malone	4391679	23	31	1	-3
27	1XBc4r6ltXjkFJBrsttwIF	Rockin' Around The Christmas Tree - Single Version	Brenda Lee	4301078	82	3	27	55
28	0TlLq3lA83rQOYtrqBqSct	Nonstop	Drake	4256664	24	19	5	-4
29	7vQbuQcyTflfCIOu3Uzzya	Jingle Bell Rock	Bobby Helms	4218309	92	2	29	63
30	2GGMabyHXnJmjY6CXhhB2e	Money	Cardi B	4083127	26	6	17	-4
31	4jvjzW7Hm0yK4LvvE0Paz9	Falling Down - Bonus Track	Lil Peep	3978398	25	3	16	-6
32	0u2P5u6lvoDfwTYjAADbn4	lovely (with Khalid)	Billie Eilish	3946671	34	32	24	2
33	0lizgQ7Qw35od7CYaoMBZb	Santa Tell Me	Ariana Grande	3918460	106	2	33	73
34	5274I4mUMnYczyeXkGDWZN	Fine China	Future	3909645	27	6	6	-7
35	5hslUAKq9I9CG2bAulFkHN	It's the Most Wonderful Time of the Year	Andy Williams	3832859	105	8	21	70
36	6wWaVoUOzLQJHd3bWAUpdZ	Never Recover (Lil Baby & Gunna, Drake)	Lil Baby	3735708	28	8	3	-8
37	5IaHrVsrferBYDm0bDyABy	Taste (feat. Offset)	Tyga	3725803	30	28	4	-7
38	4m5Cd9kAbIxg6t9sMrQWtk	TIC TOC	6ix9ine	3578216	nan	1	38	new
39	6Gy7rXB6Ku5vIWC7WGWsl3	KIKA	6ix9ine	3574377	nan	1	39	new
40	6vN77lE9LK6HP2DewaN6HZ	Yes Indeed	Lil Baby	3573526	31	28	2	-9
41	7m9OqQk4RVRkw9JJdeAw96	Jocelyn Flores	XXXTENTACION	3573518	32	66	3	-9
42	0d2iYfpKoM0QCKvcLCkBao	Eastside (with Halsey & Khalid)	benny blanco	3461848	35	20	10	-7
43	2Grb4G6t9VIqo6moKUloom	Don't Come Out The House (with 21 Savage)	Metro Boomin	3452559	33	2	33	-10
44	1oJ8EDr2pv94IvSd6ZmDgo	MAMA	6ix9ine	3446791	nan	1	44	new
45	6o79O9qBP3OAkWOXajAQIS	WAKA	6ix9ine	3270802	nan	1	45	new
46	75lcPkAkUsKWHGBlGM476R	1400 / 999 Freestyle	Trippie Redd	3266811	37	3	23	-9
47	7AQim7LbvFVZJE3O8TYgf2	Fuck Love (feat. Trippie Redd)	XXXTENTACION	3220758	46	66	8	-1
48	1fewSx2d5KIZ04wsooEBOz	Space Cadet (feat. Gunna)	Metro Boomin	3204498	39	2	39	-9
49	51NFxnQvaosfDDutk0tams	bellyache	Billie Eilish	3191302	101	4	49	52
50	0XySogm94T51XF5F2jumXm	All Girls Are The Same	Juice WRLD	3157282	47	20	23	-3
51	41zXlQxzTi6cGAjpOXyLYH	idontwannabeyouanymore	Billie Eilish	3155068	62	20	51	11
52	5JEx7HbmvHQQswJCsoo9rA	Close To Me (with Diplo) (feat. Swae Lee)	Ellie Goulding	3097051	45	5	45	-7
53	2VxeLyX666F8uXCJ0dZF8B	Shallow	Lady Gaga	3091441	38	8	11	-15
54	7tFiyTwD0nx5a1eklYtX2J	Bohemian Rhapsody - 2011 Mix	Queen	3091331	42	5	42	-12
55	4OafepJy2teCjYJbvFE60J	breathin	Ariana Grande	3044843	40	15	5	-15
56	04MLEeAMuV9IlHEsD8vF6A	No Stylist	French Montana	3010464	50	10	21	-6
57	29tc0GbW0pTSBZSCZF3NWk	Lean Wit Me	Juice WRLD	2987358	53	20	28	-4
58	1jQvUmf16VE9WQCPuK2e8K	STOOPID	6ix9ine	2981356	104	8	9	46
59	0lLdorYw7lVrJydTINhWdI	It's Beginning to Look a Lot like Christmas	Michael Bublé	2961238	154	7	59	95
60	65Q2mv3UlVi9eO70OpsmSe	A Holly Jolly Christmas - Single Version	Burl Ives	2896141	200	7	35	140
61	7inXu0Eaeg02VsM8kHNvzM	Let It Snow! Let It Snow! Let It Snow! (with The B. Swanson Quartet)	Frank Sinatra	2888915	169	7	46	108
62	2FRnf9qhLbvw8fu4IBXx78	Last Christmas	Wham!	2885619	122	8	19	60
63	1rqqCSm0Qe4I9rUvWncaom	High Hopes	Panic! At The Disco	2874153	59	23	45	-4
64	2G7V7zsVDxg1yRsu7Ew9RJ	In My Feelings	Drake	2865343	49	19	1	-15
65	0ZNrc4kNeQYD9koZ3KvCsy	BIG BANK (feat. 2 Chainz, Big Sean, Nicki Minaj)	YG	2833811	58	17	24	-7
66	75ZvA4QfFiZvzhj2xkaWAh	I Fall Apart	Post Malone	2832120	55	63	2	-11
67	5tAa8Uaqr4VvA3693mbIhU	Ruin My Life	Zara Larsson	2801083	43	6	43	-24
68	6JQvHMSaR8flFsN53ypOfP	Noticed	Lil Mosey	2788705	51	6	23	-17
69	0247StOpd3AkeBQzANX4Zf	Do They Know It's Christmas? - 1984 Version	Band Aid	2771919	nan	1	69	new
70	4S8d14HvHb70ImctNgVzQQ	I Love It (& Lil Pump)	Kanye West	2768231	48	12	1	-22
71	0e7ipj03S05BNilyu5bRzt	rockstar (feat. 21 Savage)	Post Malone	2758596	60	31	9	-11
72	7AFASza1mXqntmGtbxXprO	changes	XXXTENTACION	2745130	57	37	7	-15
73	58q2HKrzhC3ozto2nDdN4z	I Like It	Cardi B	2713999	56	34	3	-17
74	6tjituizSxwSmBB5vtgHZE	Holly Jolly Christmas	Michael Bublé	2709987	nan	3	74	re-enter
75	4PS1e8f2LvuTFgUs1Cn3ON	The Christmas Song (Merry Christmas To You)	Nat King Cole	2678780	nan	1	75	new
76	4so0Wek9Ig1p6CRCHuINwW	White Christmas	Bing Crosby	2665641	nan	6	36	re-enter
77	3swc6WTsr7rl9DqQKQA55C	Psycho (feat. Ty Dolla $ign)	Post Malone	2662623	63	31	2	-14
78	2iUXsYOEPhVqEBwsqP70rE	Youngblood	5 Seconds of Summer	2657163	61	24	17	-17
79	2RSHsoi04658QL5xgQVov3	Bad Liar	Imagine Dragons	2635750	52	3	28	-27
80	2uIX8YMNjGMD7441kqyyNU	ocean eyes	Billie Eilish	2613745	78	13	78	-2
81	7ATATJztoWLcqDAcVVof0C	BEBE	6ix9ine	2594932	nan	11	44	re-enter
82	7Lbxvt42JsNSKVCaN63qhD	Wonderful Christmastime [Edited Version] - Remastered 2011 / Edited Version	Paul McCartney	2565699	nan	1	82	new
83	6DCZcSspjsKoFjzjrWoCdn	God's Plan	Drake	2529242	69	19	16	-14
84	14sOS5L36385FJ3OL8hew4	Happy Now	Kygo	2526860	54	5	54	-30
85	0Fpen1PTuEnCmOJtUU9Iud	New Patek	Lil Uzi Vert	2524462	65	11	4	-20
86	5OCJzvD7sykQEKHH7qAC3C	God is a woman	Ariana Grande	2495725	64	15	6	-22
87	7xapw9Oy21WpfEcib2ErSA	Mistletoe	Justin Bieber	2489842	143	2	87	56
88	6fI3tBVND8zUXZi9rr2Yps	Take One	Kodak Black	2453150	41	2	41	-47
89	7lAK3oHbfEnvUQWosrMMpR	YOSEMITE	Travis Scott	2396599	76	17	7	-13
90	7wBJfHzpfI3032CSD7CE2m	STARGAZING	Travis Scott	2383086	75	17	3	-15
91	5qHirGR7M9tdm6C17DlzSY	REEL IT IN	Aminé	2378955	44	12	40	-47
92	4MAsYGSgxsaj73dC2lvFC4	WORKIN ME	Quavo	2375946	72	7	33	-20
93	3GVkPk8mqxz0itaAriG1L7	Everybody Dies In Their Nightmares	XXXTENTACION	2338058	73	66	15	-20
94	4VUwkH455At9kENOfzTqmF	Beautiful (feat. Camila Cabello)	Bazzi	2336104	74	17	30	-20
95	60SdxE8apGAxMiRrpbmLY0	Lucky You (feat. Joyner Lucas)	Eminem	2334834	77	13	1	-18
96	7sO5G9EABYOXQKNPNiE9NR	Ric Flair Drip (& Metro Boomin)	Offset	2323347	83	57	4	-13
97	7fa9MBXhVfQ8P8Df9OEbD8	Girls Like You (feat. Cardi B)	Maroon 5	2303026	70	24	9	-27
98	2FY7b99s15jUprqC0M5NCT	Natural	Imagine Dragons	2293783	68	3	45	-30
99	46DwQbCUzWr4bT0Uu2lDK8	Lonesome Train	Stan Kenton	2266008	nan	1	99	new
100	4qKcDkK6siZ7Jp1Jb4m0aL	Look Alive (feat. Drake)	BlocBoy JB	2265629	79	42	3	-21
101	2qT1uLXPVPzGgFOx4jtEuo	no tears left to cry	Ariana Grande	2250247	71	15	18	-30
102	7GX5flRQZVHRAGd6B4TmDO	XO Tour Llif3	Lil Uzi Vert	2225942	85	66	2	-17
103	3wScL5W8H40zzCKN0atfBk	Uproar	Lil Wayne	2192717	80	9	4	-23
104	0dbTQYW3Ad1FTzIA9t90E8	Mona Lisa (feat. Kendrick Lamar)	Lil Wayne	2180545	81	9	1	-23
105	6CTWathupIiDs7U4InHnDA	Trip	Ella Mai	2140934	84	7	39	-21
106	6kp0inxIexxSiDJfWqq0ZL	TATI	6ix9ine	2140250	nan	17	50	re-enter
107	3QiAAp20rPC3dcAtKtMaqQ	Blue Christmas	Elvis Presley	2139224	nan	6	57	re-enter
108	222B3aljXx6fFwKmFjuBED	Woman Like Me (feat. Nicki Minaj)	Little Mix	2138265	67	2	67	-41
109	5kfNriitmkNE8mUbZ7gbq8	Saturday Nights	Khalid	2113672	nan	5	32	re-enter
110	3obgSF06ki98lYNLNq5vCB	Wasted (feat. Lil Uzi Vert)	Juice WRLD	2109526	89	20	20	-21
111	3nAp4IvdMPPWEH9uuXFFV5	Underneath the Tree	Kelly Clarkson	2100571	nan	1	111	new
112	1Qi2wh8fFgDV7tl4Sj3f2K	Have Yourself A Merry Little Christmas	Sam Smith	2092887	nan	1	112	new
113	3CA9pLiwRIGtUBiMjbZmRw	Nice For What	Drake	2084777	87	19	12	-26
114	0EwS8XJQspgrj1zSUXhFkl	KANGA	6ix9ine	2072695	nan	1	114	new
115	1ZAyjvIk9YiD76yYy0TEG6	Plug Walk	Rich The Kid	2030549	99	18	48	-16
116	6LKYeyLt4G4SlZ6OJwFhVS	This Feeling (feat. Kelsea Ballerini)	The Chainsmokers	2013464	86	2	86	-30
117	0rKtyWc8bvkriBthvHKY8d	SLOW DANCING IN THE DARK	Joji	1999786	96	5	41	-21
118	6vsV4D8BM6PioRr1UOx0n2	you should see me in a crown	Billie Eilish	1991356	116	11	33	-2
119	45Egmo7icyopuzJN0oMEdk	Love Lies (with Normani)	Khalid	1990441	93	41	9	-26
120	6gBFPUFcJLzWGx4lenP6h2	goosebumps	Travis Scott	1978310	102	100	16	-18
121	3a1lNhkSLSkpJE4MSHpDu9	Congratulations	Post Malone	1962943	103	100	5	-18
122	5nzhL67GpF9szXWg5y509A	Close Friends (Lil Baby & Gunna)	Lil Baby	1932280	108	8	39	-14
123	1iPBD72u3nAyFEeardYuBV	Kamikaze	Lil Mosey	1928987	91	6	76	-32
124	1B4gJRq61xTs6r1O0Uq2iY	Casper	Takeoff	1927781	94	4	60	-30
125	2aPTvyE09vUCRwVvj0I8WK	Sundress	A$AP Rocky	1918806	nan	1	125	new
126	26jYPsHHSOxCTz4cLt6SbQ	FEEFA	6ix9ine	1904652	nan	1	126	new
127	7taXf5odg9xCAZERYfyOkS	Feliz Navidad	José Feliciano	1900523	nan	6	68	re-enter
128	5sdb5pMhcK44SSLsj1moUh	I Found You (with Calvin Harris)	benny blanco	1899659	88	4	88	-40
129	2ZRo7axmMPeSVUvDbGkJah	Hope	XXXTENTACION	1898337	98	29	28	-31
130	3zJw3rugfpVrmBeDDnUYzy	Happy Xmas (War Is Over) - Remastered	John Lennon	1887577	nan	6	82	re-enter
131	6eYxmK9fdL4hwLnXG2zY3s	Look At Me!	XXXTENTACION	1878107	100	38	33	-31
132	4mHgYpuGHu99Mw69E83CP2	Taking A Walk	Trippie Redd	1877584	125	16	13	-7
133	4UKCKdYiLN6IMA5ZESUTL7	the remedy for a broken heart (why am I so in love)	XXXTENTACION	1871941	110	33	18	-23
134	25sgk305KZfyuqVBQIahim	Sweet but Psycho	Ava Max	1869409	95	8	61	-39
135	6YJdPrH3i2POzu7hdHIRrb	Santa Baby	Ariana Grande	1855809	nan	1	135	new
136	7oJrVhiTPZGBXWPwhxjy9S	Lust	Lil Skies	1855363	113	44	79	-23
137	5Q2P43CJra0uRAogjHyJDK	Baby, It's Cold Outside	Brett Eldredge	1850224	nan	1	137	new
138	5T8EDUDqKcs6OSOwEsfqG7	Don't Stop Me Now - 2011 Mix	Queen	1847015	112	4	112	-26
139	21kOVEG3bDCVphKhXL8XmQ	Walk	Comethazine	1835520	146	4	139	7
140	5vdp5UmvTsnMEMESIF2Ym7	Another One Bites The Dust - Remastered 2011	Queen	1830417	111	4	107	-29
141	6cFZ4PLC19taNlpl9pbGMf	Somebody To Love - 2011 Mix	Queen	1827648	121	4	121	-20
142	3GJ4hzg4lrGwU51Y3VARbF	Speechless	Dan + Shay	1808402	119	17	102	-23
143	1foCxQtxBweJtZmdxhEHVO	Santa Baby (with Henri René & His Orchestra)	Eartha Kitt	1806136	nan	6	83	re-enter
144	3EPXxR3ImUwfayaurPi3cm	Be Alright	Dean Lewis	1801131	129	18	31	-15
145	7ycWLEP1GsNjVvcjawXz3z	Praise The Lord (Da Shine) (feat. Skepta)	A$AP Rocky	1772661	123	27	11	-22
146	2P91MQbaiQOfbiz9VqhqKQ	I Like Me Better	Lauv	1768054	117	26	79	-29
147	4e4fqjx0Izh4svvTef1z7e	Meant to Be (feat. Florida Georgia Line)	Bebe Rexha	1764355	109	23	44	-38
148	13hvHEstJ4sNbzdroPrPI3	Kiss and Make Up	Dua Lipa	1756578	107	6	43	-41
149	7KXjTSCq5nL1LoYtL7XAwS	HUMBLE.	Kendrick Lamar	1748992	127	87	1	-22
150	0AcicReEGm1qcENjqzh1Tg	Love Scars 3	Trippie Redd	1748208	97	3	39	-53
151	5bJ1DrEM4hNCafcDd1oxHx	Self Care	Mac Miller	1747548	137	13	10	-14
152	3V8UKqhEK5zBkBb6d6ub8i	Te Boté - Remix	Nio Garcia	1743299	120	33	42	-32
153	5t3Vk8bRKylx4fjj7qlbib	bitches broken hearts	Billie Eilish	1732911	153	2	153	0
154	4OBZT9EnhYIV17t4pGw7ig	Best Part (feat. Daniel Caesar)	H.E.R.	1728822	142	26	142	-12
155	0N8MGHEDAq29ip7RrlrTeN	Beach House	The Chainsmokers	1720835	66	2	66	-89
156	5VEuraNSVxMTzDTtrmL3lQ	Winter Wonderland	Bing Crosby	1711387	nan	6	60	re-enter
157	5Z3GHaZ6ec9bsiI5BenrbY	Young Dumb & Broke	Khalid	1705258	128	86	6	-29
158	2pnPe4pJtq7689i5ydzvJJ	Run Rudolph Run - Single Version	Chuck Berry	1703985	nan	6	80	re-enter
159	6j97zG4DDrh3oUa6rZbFOs	FeRRis WhEEL (feat. Trippie Redd)	Tory Lanez	1701015	150	5	100	-9
160	2u7mxWSeoqTXndK5e08jMp	Nowadays (feat. Landon Cube)	Lil Skies	1700650	131	47	30	-29
161	7uzmGiiJyRfuViKKK3lVmR	Mine	Bazzi	1700066	134	33	16	-27
162	6gzIcEUuswJQGfJNPYMjjv	Hard Work Pays Off	Future	1692577	118	6	31	-44
163	4hXDobvUaXyDFLnmecoY0z	Dip (feat. Nicki Minaj)	Tyga	1677992	124	4	92	-39
164	40oKW22ZNNkEdZLJTScaQI	Roll In Peace (feat. XXXTENTACION)	Kodak Black	1665049	132	66	24	-32
165	2uFaJJtFpPDc5Pa95XzTvg	Let It Snow! Let It Snow! Let It Snow!	Dean Martin	1656488	nan	1	165	new
166	1Knctxx9vGZxpZfF66BIEa	Legends	Juice WRLD	1655029	138	23	68	-28
167	1R0Ig5KYrSGWvIoPzY4T3l	Black & White	Juice WRLD	1648777	145	20	128	-22
168	7eBqSVxrzQZtK2mmgRG6lC	Murder On My Mind	YNW Melly	1644867	148	10	120	-20
169	3WefHNGtjexZvi66ZEx9u4	Hurts Like Hell (feat. Offset)	Madison Beer	1641372	126	2	126	-43
170	32lItqlMi4LBhb4k0BaSaC	Candy Paint	Post Malone	1639826	140	31	17	-30
171	152lZdxL1OR0ZMW6KquMif	Location	Khalid	1624695	152	100	9	-19
172	42fw0rxRO2xbesF6mJfd4Y	Tequila	Dan + Shay	1611932	139	23	60	-33
173	5kTQa2G88tHnKB1Y6vNTyn	Uptown Vibes (feat. Fabolous & Anuel AA)	Meek Mill	1610165	nan	1	173	new
174	1RGasjWLZ4qMN7wbtkLa3u	my boy	Billie Eilish	1609880	173	2	173	-1
175	5PTG6rrL6EPFD9E2QMI2pl	JAPAN	Famous Dex	1607969	144	34	12	-31
176	1jo3TwNGCXfNdB5uba3ZVv	Killshot	Eminem	1607410	136	10	22	-40
177	2J0X46UkpfLlWbuCXFgDLr	Waste It On Me (feat. BTS)	Steve Aoki	1604164	130	3	109	-47
178	3OXhib7pxAWnmwwoUI6HqY	Off Deez (with J. Cole)	JID	1598599	nan	1	178	new
179	6n4U3TlzUGhdSFbUUhTvLP	Walk It Talk It	Migos	1590116	133	44	6	-46
180	4tHqQMWSqmL6YjXwsqthDI	Carol of the Bells	Mykola Dmytrovych Leontovych	1580131	nan	6	69	re-enter
181	6yz0Jndhv0QjKdpcEMbOjz	Shake It Up	Trippie Redd	1578739	158	16	52	-23
182	6xcJyGpfZbuuiequtnlKt4	BUTTERFLY EFFECT	Travis Scott	1574810	161	17	26	-21
183	5w7wuzMzsDer96KqxafeRK	COPYCAT	Billie Eilish	1569286	181	2	181	-2
184	0OgGn1ofaj55l2PcihQQGV	Drew Barrymore	Bryce Vine	1567498	147	15	49	-37
185	5Ber68jZ7ytegr2UISEdb7	Santa Claus Is Coming to Town	Michael Bublé	1564029	nan	1	185	new
186	52okn5MNA47tk87PeZJLEL	Let You Down	NF	1532672	164	23	38	-22
187	09IStsImFySgyp0pIQdqAc	The Middle	Zedd	1527472	141	26	8	-46
188	4rERoP56GEEjKmshbphPBK	Sleigh Ride	The Ronettes	1512693	nan	1	188	new
189	2fuCquhmrzHpu5xcA1ci9x	Under Pressure - Remastered	Queen	1510084	157	4	153	-32
190	6Hgh47WXVKtXN5zGOu0hjI	OTW	Khalid	1497694	165	32	20	-25
191	3ZhTT6yjZwpPph5MIJ53XY	Red Roses (feat. Landon Cube)	Lil Skies	1492245	167	47	38	-24
192	4AhSkRYioEIfGvCV19peYN	Suncity (feat. Empress Of)	Khalid	1489425	90	6	20	-102
193	0pqnGHJpmpxLKifKRmU6WP	Believer	Imagine Dragons	1483881	162	19	124	-31
194	1fvCggAYrW0VtCljtqv4h2	Last Memory	Takeoff	1466601	149	4	46	-45
195	30z4LVkScpeNhwHFIB8Ewa	I Love	Joyner Lucas	1465921	188	6	112	-7
196	1zB4vmk8tFRmM9UULNzbLB	Thunder	Imagine Dragons	1465785	163	19	109	-33
197	1CoYSKw2gTtSfrK2704AEz	I'm Not Goin' (feat. Kevin Gates)	Gucci Mane	1464095	114	2	114	-83
198	550rQQCGkrTzvp4SfpOPzx	Hallelujah	Pentatonix	1454894	nan	6	135	re-enter
199	1Jl21sidRpEdlVBvYbssLx	Sin (feat. Jaden Smith)	Young Thug	1453187	166	10	63	-33
200	25leEEaz1gIpp7o21Fqyjo	Here Comes Santa Claus (Right Down Santa Claus Lane)	Gene Autry	1450945	nan	4	107	re-enter
