position	song_id	song_name	artist	streams	last_week_position	weeks_on_chart	peak_position	position_status
1	2Vx8E3K5icPZR7OCklWBXX	Nonstop	Drake	24972971	nan	1	1	new
2	36ONiya0OANYknz0GgJmwB	Don’t Matter To Me	Drake	17862850	nan	1	2	new
3	1v1IXPXl73Z7zy6f5tUa9n	Emotionless	Drake	17133886	nan	1	3	new
4	1iSZPndzmY6NvL1jAtIvY1	I'm Upset	Drake	16610484	nan	1	4	new
5	0bAkKNCQfWkexHFn7fIKns	In My Feelings	Drake	16205597	nan	1	5	new
6	7txPE73wHbuXYkM1h8zNrG	Mob Ties	Drake	15870998	nan	1	6	new
7	4uloft7ZE54WflsuqFmjC7	Elevate	Drake	15788521	nan	1	7	new
8	71SEHJPt1iDwGkBhUOAXDP	Survival	Drake	15034277	nan	1	8	new
9	2VWbHHhWnMzKWPUs4IEEW9	God's Plan	Drake	14344274	nan	1	9	new
10	5fcM0StdQxMjzulVGhFkHN	8 Out Of 10	Drake	13733859	nan	1	10	new
11	7cfvP13Bqb1EyCZQiYsLum	Can’t Take A Joke	Drake	13676971	nan	1	11	new
12	3Yw09dj3cTXsAzlLjgBfIP	Talk Up	Drake	13592919	nan	1	12	new
13	0HVv5bEOiI9a0QfgcASXpX	Nice For What	Drake	13576992	nan	1	13	new
14	0X8DcetL926BYiPJYstJTc	Lucid Dreams	Juice WRLD	12795492	2	7	1	-12
15	3ee8Jmje8o58CHK66QrVC2	SAD!	XXXTENTACION	12286484	1	16	1	-14
16	1sPLURKAosM3Jampgp9AWq	Sandra’s Rose	Drake	11262530	nan	1	16	new
17	0w1ZtnzQmtmuuoKxHT0pLL	Summer Games	Drake	10390735	nan	1	17	new
18	1Jrj3k5L36dPkU6KAclU7g	Blue Tint	Drake	9550186	nan	1	18	new
19	3jipFRgLyKK0oJoG1pKicx	Jaded	Drake	9330213	nan	1	19	new
20	2QoOyCFpDo4NblMLP7vBRT	Is There More	Drake	9309992	nan	1	20	new
21	0JP9xo3adEtGSdUEISiszL	Moonlight	XXXTENTACION	9251696	3	16	3	-18
22	2RAeY8dPj6KmStROfEigjV	Peak	Drake	9022953	nan	1	22	new
23	590bUp2TKTfTS9NfiD4Nmn	Finesse	Drake	8707898	nan	1	23	new
24	58q2HKrzhC3ozto2nDdN4z	I Like It	Cardi B	8622020	4	13	3	-20
25	0SVsEdvot6vU4byv5yW0oj	That’s How You Feel	Drake	8591949	nan	1	25	new
26	4IvenHmD0spfFDOKphoUDp	After Dark	Drake	8189009	nan	1	26	new
27	16x6tqeSkIjoLEf7SJLlYy	Ratchet Happy Birthday	Drake	7515721	nan	1	27	new
28	5IaHrVsrferBYDm0bDyABy	Taste (feat. Offset)	Tyga	7321389	10	7	10	-18
29	6vN77lE9LK6HP2DewaN6HZ	Yes Indeed	Lil Baby	7269782	8	7	2	-21
30	7dt6x5M1jzdTEt8oCbisTK	Better Now	Post Malone	7268833	6	10	1	-24
31	7fa9MBXhVfQ8P8Df9OEbD8	Girls Like You (feat. Cardi B)	Maroon 5	7144112	9	3	9	-22
32	40IiSjljbAhrSbdJ3HxSfH	March 14	Drake	6596132	nan	1	32	new
33	7ijJ5crvsnCvCLJbHpyq3j	Final Fantasy	Drake	6274462	nan	1	33	new
34	7m9OqQk4RVRkw9JJdeAw96	Jocelyn Flores	XXXTENTACION	6272717	5	45	3	-29
35	7AFASza1mXqntmGtbxXprO	changes	XXXTENTACION	6097076	7	16	7	-28
36	3swc6WTsr7rl9DqQKQA55C	Psycho (feat. Ty Dolla $ign)	Post Malone	5742706	14	10	2	-22
37	3H2JThgdBxezwj1wwafQS8	All Girls Are The Same	Juice WRLD	5222202	16	7	13	-21
38	7AQim7LbvFVZJE3O8TYgf2	Fuck Love (feat. Trippie Redd)	XXXTENTACION	5084872	12	45	8	-26
39	5SxkdsY1ufZzoq9iXceLw9	no tears left to cry	Ariana Grande	4924451	22	11	9	-17
40	4qKcDkK6siZ7Jp1Jb4m0aL	Look Alive (feat. Drake)	BlocBoy JB	4872515	17	21	3	-23
41	3qnoOm4fwZPBS116f5hpgF	All Mine	Kanye West	4812118	15	5	1	-26
42	0E6PsO3ymCfUh7pJQjBgkj	APESHIT	The Carters	4675594	42	3	42	0
43	4kWO6O1BUXcZmaxitpVUwp	Jackie Chan	Tiësto	4550055	24	7	24	-19
44	0e7ipj03S05BNilyu5bRzt	rockstar (feat. 21 Savage)	Post Malone	4367129	27	10	9	-17
45	3nc420PXjTdBV5TN0gCFkS	Ocean (feat. Khalid)	Martin Garrix	4335280	23	3	23	-22
46	514rhnksEwHUh6LxXsQ4Y9	Back To You	Selena Gomez	4120327	21	7	19	-25
47	3GVkPk8mqxz0itaAriG1L7	Everybody Dies In Their Nightmares	XXXTENTACION	4005628	18	45	15	-29
48	2iUXsYOEPhVqEBwsqP70rE	Youngblood	5 Seconds of Summer	3917507	25	3	17	-23
49	1ZEm9cJC05rawV2tptNfTS	Bed (feat. Ariana Grande)	Nicki Minaj	3883063	26	3	26	-23
50	7ef4DlsgrMEH11cDZd32M6	One Kiss (with Dua Lipa)	Calvin Harris	3759085	37	13	19	-13
51	4UKCKdYiLN6IMA5ZESUTL7	the remedy for a broken heart (why am I so in love)	XXXTENTACION	3684778	20	12	18	-31
52	0At2qAoaVjIwWNAqrscXli	Boo'd Up	Ella Mai	3637232	50	8	50	-2
53	7sO5G9EABYOXQKNPNiE9NR	Ric Flair Drip (& Metro Boomin)	Offset	3518447	35	36	4	-18
54	6mAz8D1TmlTuef90dbNIiZ	Plug Walk	Rich The Kid	3509037	34	14	7	-20
55	0b9oOr2ZgvyQu88wzixux9	This Is America	Childish Gambino	3505110	30	9	1	-25
56	6IaieqiCVvsNvEt6Y7yOFa	Ball For Me (feat. Nicki Minaj)	Post Malone	3461046	31	10	9	-25
57	3V8UKqhEK5zBkBb6d6ub8i	Te Boté - Remix	Nio Garcia	3405197	47	12	45	-10
58	0u2P5u6lvoDfwTYjAADbn4	lovely (with Khalid)	Billie Eilish	3391369	29	11	24	-29
59	7ycWLEP1GsNjVvcjawXz3z	Praise The Lord (Da Shine) (feat. Skepta)	A$AP Rocky	3329916	32	6	11	-27
60	6n4U3TlzUGhdSFbUUhTvLP	Walk It Talk It	Migos	3282991	38	23	6	-22
61	2ZRo7axmMPeSVUvDbGkJah	Hope	XXXTENTACION	3239237	28	8	28	-33
62	75ZvA4QfFiZvzhj2xkaWAh	I Fall Apart	Post Malone	3234732	39	42	2	-23
63	7uzmGiiJyRfuViKKK3lVmR	Mine	Bazzi	3129428	52	12	16	-11
64	6eYxmK9fdL4hwLnXG2zY3s	Look At Me!	XXXTENTACION	3064773	33	17	33	-31
65	5PTG6rrL6EPFD9E2QMI2pl	JAPAN	Famous Dex	3058989	40	13	12	-25
66	4e4fqjx0Izh4svvTef1z7e	Meant to Be (feat. Florida Georgia Line)	Bebe Rexha	3048902	44	2	44	-22
67	2RM4jf1Xa9zPgMGRDiht8O	Big Bank feat. 2 Chainz, Big Sean, Nicki Minaj	YG	3032322	76	6	67	9
68	1BuZAIO8WZpavWVbbq3Lci	Powerglide (feat. Juicy J) - From SR3MM	Rae Sremmurd	2924465	43	9	18	-25
69	6kPJZM97LwdG9QIsT7khp6	Solo (feat. Demi Lovato)	Clean Bandit	2836829	51	7	51	-18
70	32lItqlMi4LBhb4k0BaSaC	Candy Paint	Post Malone	2793372	53	10	17	-17
71	1rqqCSm0Qe4I9rUvWncaom	High Hopes	Panic! At The Disco	2752076	45	2	45	-26
72	45Egmo7icyopuzJN0oMEdk	Love Lies (with Normani)	Khalid	2718088	58	20	9	-14
73	3bH4HzoZZFq8UpZmI2AMgV	New Light	John Mayer	2649006	73	7	51	0
74	6Hgh47WXVKtXN5zGOu0hjI	OTW	Khalid	2633136	41	11	20	-33
75	0kHyKhJMukHEPfeh8s7rdM	Born To Be Yours	Kygo	2631357	49	3	49	-26
76	2BJSMvOGABRxokHKB0OI8i	Shoota (feat. Lil Uzi Vert)	Playboi Carti	2609039	59	8	27	-17
77	4P92FrvmYQSAfOpp4cpFEi	Simple	Florida Georgia Line	2607085	56	5	56	-21
78	01TnVDiet1DFTsyWKUKovl	NUMB	XXXTENTACION	2604647	36	8	23	-42
79	5S1IUPueD0xE0vj4zU3nSf	Bigger Than You (feat. Drake & Quavo)	2 Chainz	2550512	46	3	28	-33
80	7GX5flRQZVHRAGd6B4TmDO	XO Tour Llif3	Lil Uzi Vert	2529899	62	45	2	-18
81	1Nj2oBISdFDSF8eDuXcALz	Start Again (feat. Logic)	OneRepublic	2527920	48	5	48	-33
82	2r4JRwcbIeuAzWjH4YXlLs	Yikes	Kanye West	2526207	54	5	3	-28
83	42fw0rxRO2xbesF6mJfd4Y	Tequila	Dan + Shay	2424658	60	2	60	-23
84	09IStsImFySgyp0pIQdqAc	The Middle	Zedd	2407631	nan	5	8	re-enter
85	51rXHuKN8Loc4sUlKPODgH	King's Dead (with Kendrick Lamar, Future & James Blake)	Jay Rock	2302153	78	25	7	-7
86	3fpVWegR6YOS1Yk5HSMYIq	Paranoid	Post Malone	2296281	65	10	3	-21
87	5VuxWXbt7XENQCtE9TzpTv	Spoil My Night (feat. Swae Lee)	Post Malone	2293326	64	10	4	-23
88	7BrsBU0BAytRDvROM4yCbn	Thunder	Imagine Dragons	2288956	nan	1	88	new
89	4F1yvJfQ7gJkrcgFJQDjOr	Playinwitme (feat. Kehlani)	KYLE	2284455	66	7	24	-23
90	7yotKA30dwTKNEGomV9ZsI	KOD	J. Cole	2284388	79	11	2	-11
91	40oKW22ZNNkEdZLJTScaQI	Roll In Peace (feat. XXXTENTACION)	Kodak Black	2284133	57	45	24	-34
92	10Igtw8bSDyyFs7KIsKngZ	Freaky Friday (feat. Chris Brown)	Lil Dicky	2283225	80	16	6	-12
93	4H7WNRErSbONkM06blBoGc	Stay	Post Malone	2253524	72	10	6	-21
94	2VdT56BGpdqNHUgOe1j5vc	Rich & Sad	Post Malone	2252244	70	10	5	-24
95	1gm616Plq4ScqNi7TVkZ5N	Call Out My Name	The Weeknd	2250157	75	14	1	-20
96	2UVbBKQOdFAekPTRsnkzcf	Stir Fry	Migos	2243817	88	23	2	-8
97	152lZdxL1OR0ZMW6KquMif	Location	Khalid	2241691	124	79	9	27
98	1Knctxx9vGZxpZfF66BIEa	Legends	Juice WRLD	2225730	68	2	68	-30
99	3a1lNhkSLSkpJE4MSHpDu9	Congratulations	Post Malone	2195778	85	79	5	-14
100	3RWM7z6BF8C6z9ypLtxz4M	Lean Wit Me	Juice WRLD	2176408	94	6	85	-6
101	6nO3tr47nr2P7f3hXb8JIo	Champion (feat. Travis Scott)	NAV	2174209	69	7	60	-32
102	7KXjTSCq5nL1LoYtL7XAwS	HUMBLE.	Kendrick Lamar	2157922	92	66	1	-10
103	7oJrVhiTPZGBXWPwhxjy9S	Lust	Lil Skies	2156923	87	23	80	-16
104	08bNPGLD8AhKpnnERrAc6G	FRIENDS	Marshmello	2155125	97	21	17	-7
105	3GCdLUSnKSMJhs4Tj6CV3s	All The Stars (with SZA)	Kendrick Lamar	2149053	81	19	3	-24
106	3ZhTT6yjZwpPph5MIJ53XY	Red Roses (feat. Landon Cube)	Lil Skies	2147457	86	26	38	-20
107	63SevszngYpZOwf63o61K4	Nevermind	Dennis Lloyd	2138764	109	16	36	2
108	6kp0inxIexxSiDJfWqq0ZL	TATI	6ix9ine	2126790	83	6	50	-25
109	3u1S1OmAUhx5DRlLrXqyp3	Rise	Jonas Blue	2100696	91	2	91	-18
110	4RVbK6cV0VqWdpCDcx3hiT	Reborn	KIDS SEE GHOSTS	2082921	55	4	7	-55
111	0dSIrRkA4PadGll16TgbnV	PICK IT UP (feat. A$AP Rocky)	Famous Dex	2081032	89	13	39	-22
112	43V1z6QToNNWNldV4FEG6r	Body	Loud Luxury	2060248	118	3	112	6
113	7qiZfU4dY1lWllzX7mPBI3	Shape of You	Ed Sheeran	2036453	180	78	1	67
114	1HXy5I3HTWq8OvxCn0z7G7	Heaven	Kane Brown	2024034	93	25	60	-21
115	39N9RPD9MRb5WmoLzNzPeA	X	Nicky Jam	1999698	111	18	40	-4
116	7mldq42yDuxiUNn08nvzHO	Body Like A Back Road	Sam Hunt	1996675	177	74	15	61
117	1rfofaqEpACxVEHIZBJe6W	Havana (feat. Young Thug)	Camila Cabello	1993458	112	25	2	-5
118	6gBFPUFcJLzWGx4lenP6h2	goosebumps	Travis Scott	1992985	110	79	16	-8
119	3DoBTwfr8yi2LN08SBpFkN	Watch (feat. Lil Uzi Vert & Kanye West)	Travis Scott	1992135	96	9	8	-23
120	2Yl4OmDby9iitgNWZPwxkd	Be Careful	Cardi B	1988923	105	13	10	-15
121	2u7mxWSeoqTXndK5e08jMp	Nowadays (feat. Landon Cube)	Lil Skies	1976736	101	26	30	-20
122	2ijef6ni2amuunRoKTlgww	Sin Pijama	Becky G	1966858	122	2	122	0
123	5Z3GHaZ6ec9bsiI5BenrbY	Young Dumb & Broke	Khalid	1960745	114	65	6	-9
124	1zi7xx7UVEFkmKfv06H8x0	One Dance	Drake	1944466	nan	1	124	new
125	447yWcDPg1ddgcHBLGpJC0	Better Not (feat. Wafia)	Louis The Child	1934028	90	4	90	-35
126	7hDVYcQq6MxkdJGweuCtl9	ocean eyes	Billie Eilish	1922732	106	5	106	-20
127	5Q0Nhxo0l2bP3pNjpGJwV1	Party In The U.S.A.	Miley Cyrus	1915774	nan	2	126	re-enter
128	2bSk87AVkCIIC3Bcligq1z	Life Goes On	Lil Baby	1915546	108	7	105	-20
129	2rxQMGVafnNaRaXlRMWPde	Beautiful Crazy	Luke Combs	1905179	154	5	129	25
130	6KBYefIoo7KydImq1uUQlL	Bodak Yellow	Cardi B	1873898	131	13	35	1
131	44KKhCyI0BGS6LvVyDqJtH	Esskeetit	Lil Pump	1865884	98	12	32	-33
132	4vaxvNDaLSoD36iZX515ug	Betrayed	Lil Xan	1863193	115	13	63	-17
133	0OWZFobGSIW9GrSlQ9C5pc	Marry Me	Thomas Rhett	1857476	137	30	62	4
134	1D2L6MefbXon28PzIk9I3r	92 Explorer	Post Malone	1850020	102	10	14	-32
135	21YnmkSDhUkmkkni22Svc4	In My Blood	Shawn Mendes	1845217	121	6	36	-14
136	2fQrGHiQOvpL9UgPvtYy6G	Bank Account	21 Savage	1824491	113	41	3	-23
137	5TXDeTFVRVY7Cvt0Dw4vWW	Revenge	XXXTENTACION	1818879	63	12	25	-74
138	6EGAfJaLUFzhS4zRBIEQ2J	You Make It Easy	Jason Aldean	1816719	136	13	84	-2
139	0TCnOEVeLQMXOUrpPlM7uY	Guatemala - From Swaecation	Rae Sremmurd	1811592	162	9	81	23
140	5Cg98kiDYtCEHmjcKD0CJD	I Know You (feat. Yung Pinch)	Lil Skies	1806435	99	4	99	-41
141	7glCSQqV5o6NU88Cn4zPZn	Estamos Bien	Bad Bunny	1782325	nan	1	141	new
142	7BKLCZ1jbUBVqRi2FVlTVw	Closer	The Chainsmokers	1776524	nan	68	4	re-enter
143	2iWEpiPiIPf5D4f2UGBlrZ	Bounce Out With That	YBN Nahmir	1775651	126	6	105	-17
144	4dVpf9jZjcORqGTLUaeYj9	Plain Jane	A$AP Ferg	1769697	130	45	8	-14
145	5VKSZDsidOFHrtlJb33Syo	Believer	Imagine Dragons	1751534	nan	1	145	new
146	0KKkJNfGyhkQ5aFogxQAPU	That's What I Like	Bruno Mars	1740540	nan	68	3	re-enter
147	2yZax79pOrYuyIFVW2cZY2	Carry On	XXXTENTACION	1734565	71	11	38	-76
148	6Bg7MznA9X0dIhlAsLyBYj	Ghost Town	Kanye West	1721436	100	5	2	-48
149	6rPO02ozF3bM7NnOV4h6s2	Despacito - Remix	Luis Fonsi	1717431	nan	1	149	new
150	09IOPhEh1OMe0HD9b36FJk	Over Now	Post Malone	1716805	119	10	8	-31
151	5tz69p7tJuGPeMGwNTxYuV	1-800-273-8255	Logic	1699004	133	62	1	-18
152	76vMKwFtdDDCLcM6zXybjB	Say Amen (Saturday Night)	Panic! At The Disco	1698567	61	2	61	-91
153	5PIfH6BzcmH04RDmtzF0BN	Outside Today	YoungBoy Never Broke Again	1698211	140	10	78	-13
154	6PGoSes0D9eUDeeAafB2As	LOVE. FEAT. ZACARI.	Kendrick Lamar	1696450	145	64	5	-9
155	5de9Ho64dovuQI8Uhn5gPD	I Don't Wanna Do This Anymore	XXXTENTACION	1688626	84	3	79	-71
156	1mqlc0vEP9mU1kZgTi6LIQ	September	Earth, Wind & Fire	1684232	nan	2	156	re-enter
157	2P91MQbaiQOfbiz9VqhqKQ	I Like Me Better	Lauv	1636407	155	5	141	-2
158	4gB7HrYHbJVJ5RFOjxmoq4	One Number Away	Luke Combs	1635979	195	11	140	37
159	3B54sVLJ402zGa6Xm4YGNe	Unforgettable	French Montana	1631948	169	52	1	10
160	0eHCArTPhwUxatY7cEXRiK	New Freezer (feat. Kendrick Lamar)	Rich The Kid	1631477	141	14	37	-19
161	4EAV2cKiqKP5UPZmY6dejk	Everyday	Logic	1621295	135	17	6	-26
162	3pWcj8hxj3fsb9TDAcMpEl	Somebody	The Chainsmokers	1606293	104	11	70	-58
163	0dIoGTQXDh1wVnhIiSyYEa	Bartier Cardi (feat. 21 Savage)	Cardi B	1601740	156	13	26	-7
164	3NeiYiBn3rQBgurfVk92Zm	Humility (feat. George Benson)	Gorillaz	1596592	nan	1	164	new
165	76cy1WJvNGJTj78UqeA5zr	IDGAF	Dua Lipa	1587576	159	27	24	-6
166	1yxgsra98r3qAtxqiGZPiX	BUTTERFLY EFFECT	Travis Scott	1586447	151	59	9	-15
167	2DQ1ITjI0YoLFzuADN1ZBW	No Limit	G-Eazy	1582527	157	29	2	-10
168	3JJYIoJ5FyY9E0DGjr7SXF	Enemies	Lauv	1571056	120	2	120	-48
169	2ekn2ttSfGqwhhate0LSR0	New Rules	Dua Lipa	1564308	164	51	20	-5
170	794QVQtFNy7hvtjQP1keQd	1942	G-Eazy	1562455	144	12	44	-26
171	2gTYVoQCUh0QNUaFix01ld	Chun-Li	Nicki Minaj	1559253	152	12	31	-19
172	52okn5MNA47tk87PeZJLEL	Let You Down	NF	1556091	nan	2	38	re-enter
173	7oK9VyNzrYvRFo7nQEYkWN	Mr. Brightside	The Killers	1552677	nan	7	173	re-enter
174	0wbnC9AUenxp613TYaJsGK	Narcos	Migos	1546699	nan	18	3	re-enter
175	5QskYLFPX9y7pLU0VEMNbr	Like To Be You feat. Julia Michaels	Shawn Mendes	1546181	149	3	128	-26
176	7vGuf3Y35N4wmASOKLUVVU	Silence	Marshmello	1537351	166	47	10	-10
177	0tgVpDi06FyKpA1z0VMD4v	Perfect	Ed Sheeran	1530165	178	61	13	1
178	4wFjTWCunQFKtukqrNijEt	MotorSport	Migos	1528448	174	23	9	-4
179	5lZZmityu9TAjNvSY6GLhR	Zack And Codeine	Post Malone	1527943	143	10	10	-36
180	04ZTP5KsCypmtCmQg5tH9R	I'm a Mess	Bebe Rexha	1518701	132	2	132	-48
181	688QpQAwqsLdBR6lr13wK1	Same Bitches (feat. G-Eazy & YG)	Post Malone	1512512	147	10	13	-34
182	2gsTjQouGxmD0z9K5MYpoI	Black & White	Juice WRLD	1503036	179	3	179	-3
183	4eWQlBRaTjPPUlzacqEeoQ	Never Be the Same	Camila Cabello	1495118	168	25	5	-15
184	2eAZfqOm4EnOF9VvN50Tyc	The Way Life Goes (feat. Oh Wonder)	Lil Uzi Vert	1480203	163	45	8	-21
185	2374M0fQpWi3dLnB54qaLX	Africa	TOTO	1474607	198	13	157	13
186	3Vo4wInECJQuz9BIBMOu8i	Finesse - Remix; feat. Cardi B	Bruno Mars	1467025	191	26	2	5
187	6SFStUDQZNaGPKWOx9ZiJB	2002	Anne-Marie	1465046	161	10	84	-26
188	5ffntNJnJOeFv7b7DCd0Bw	Takin' Shots	Post Malone	1456451	153	10	12	-35
189	7ms3VzLTfr7fXNOqA4Mkx9	Creeping (feat. Rich the Kid)	Lil Skies	1439308	150	12	86	-39
190	3Du2K5dLzmduCNp6uwuaL0	Sorry Not Sorry	Demi Lovato	1435658	nan	1	190	new
191	3kxfsdsCpFgN412fpnW85Y	Redbone	Childish Gambino	1419703	189	79	9	-2
192	6NFyWDv5CjfwuzoCkw47Xf	Delicate	Taylor Swift	1414722	nan	17	23	re-enter
193	5eFfsbjSouG8qOpg9ZqDl6	Downtown's Dead	Sam Hunt	1414152	nan	2	172	re-enter
194	0yt31hMKZMiyIEfiBiLD2N	Whatever It Takes	Imagine Dragons	1413915	nan	1	194	new
195	5mCPDVBb16L4XQwDdbRUpz	Passionfruit	Drake	1410634	nan	19	107	re-enter
196	7rdK9NSJIRBZAiXC0vuBS9	I'd Be Jealous Too	Dustin Lynch	1406931	nan	1	196	new
197	3aW0ds4A4tSQDIp75FqWTo	FAKE LOVE	BTS	1403935	127	7	21	-70
198	2OvV4NjEBRE9v8Oo7QeUCq	Jump (with Trippie Redd)	Julia Michaels	1403920	148	6	131	-50
199	6JjPBQfI2Y8nIjnm65X6Pw	X - Remix	Nicky Jam	1402719	nan	1	199	new
200	1Faq8G2y56A8fRv7HsLq25	Wanted You (feat. Lil Uzi Vert)	NAV	1386645	183	7	75	-17
