position	song_id	song_name	artist	streams	last_week_position	weeks_on_chart	peak_position	position_status
1	4S8d14HvHb70ImctNgVzQQ	I Love It (& Lil Pump)	Kanye West	11068614	nan	1	1	new
2	2xLMifQCjDGFmkHkpNLD9h	SICKO MODE	Travis Scott	10454886	3	6	1	1
3	60SdxE8apGAxMiRrpbmLY0	Lucky You (feat. Joyner Lucas)	Eminem	10393871	1	2	1	-2
4	2E124GmJRnBJuXbTb4cPUB	FEFE (feat. Nicki Minaj & Murda Beatz)	6ix9ine	9539832	4	8	2	0
5	0s3nnoMeVWz3989MkNQiRf	Lucid Dreams	Juice WRLD	9356078	6	9	2	1
6	2G7V7zsVDxg1yRsu7Ew9RJ	In My Feelings	Drake	7978930	8	8	1	2
7	0TlLq3lA83rQOYtrqBqSct	Nonstop	Drake	7211870	12	8	5	5
8	3ee8Jmje8o58CHK66QrVC2	SAD!	XXXTENTACION	6983175	13	26	1	5
9	2jt2WxXMCD4zjACthkJQVE	The Ringer	Eminem	6585647	2	2	2	-7
10	5bJ1DrEM4hNCafcDd1oxHx	Self Care	Mac Miller	6502948	nan	2	10	re-enter
11	2dpaYNEQHiRxtZbfNsse99	Happier	Marshmello	6484136	18	4	11	7
12	0JP9xo3adEtGSdUEISiszL	Moonlight	XXXTENTACION	6471939	16	26	3	4
13	5IaHrVsrferBYDm0bDyABy	Taste (feat. Offset)	Tyga	6259188	15	17	4	2
14	0d2iYfpKoM0QCKvcLCkBao	Eastside (with Halsey & Khalid)	benny blanco	6222682	17	9	10	3
15	7dt6x5M1jzdTEt8oCbisTK	Better Now	Post Malone	5770579	20	20	1	5
16	6vN77lE9LK6HP2DewaN6HZ	Yes Indeed	Lil Baby	5730121	22	17	2	6
17	3QybPutx0Tjk472bBKjNWn	Mo Bamba	Sheck Wes	5474774	32	7	17	15
18	58q2HKrzhC3ozto2nDdN4z	I Like It	Cardi B	5232498	24	23	3	6
19	7wBJfHzpfI3032CSD7CE2m	STARGAZING	Travis Scott	5015008	28	6	3	9
20	28FGV3ORH14MYORd7s5dlU	Not Alike (feat. Royce Da 5'9)	Eminem	4968091	7	2	7	-13
21	4OafepJy2teCjYJbvFE60J	breathin	Ariana Grande	4960557	23	4	5	2
22	58QhkbaAkLFnn7JwAnAato	Fall	Eminem	4780041	9	2	9	-13
23	5WvAo7DNuPRmk4APhdPzi8	No Brainer	DJ Khaled	4692629	30	7	4	7
24	7fa9MBXhVfQ8P8Df9OEbD8	Girls Like You (feat. Cardi B)	Maroon 5	4674114	31	13	9	7
25	5N5k9nd479b1xpDZ4usjrg	Promises (with Sam Smith)	Calvin Harris	4607138	35	4	19	10
26	7m9OqQk4RVRkw9JJdeAw96	Jocelyn Flores	XXXTENTACION	4557264	33	55	3	7
27	5N4erncE7kuUccm7zEmwzk	Electricity (with Dua Lipa)	Silk City	4437206	nan	1	27	new
28	5OCJzvD7sykQEKHH7qAC3C	God is a woman	Ariana Grande	4435064	25	4	6	-3
29	29tc0GbW0pTSBZSCZF3NWk	Lean Wit Me	Juice WRLD	4362429	37	9	28	8
30	4zIO3ilp5HvTeK3HJHxhMP	Natural	Imagine Dragons	4321554	50	8	30	20
31	2XTquzYQAdT1Hk78bOUwsv	Greatest	Eminem	4285149	5	2	5	-26
32	0ZNrc4kNeQYD9koZ3KvCsy	BIG BANK (feat. 2 Chainz, Big Sean, Nicki Minaj)	YG	4267267	36	6	24	4
33	0XySogm94T51XF5F2jumXm	All Girls Are The Same	Juice WRLD	4254127	34	9	23	1
34	7AQim7LbvFVZJE3O8TYgf2	Fuck Love (feat. Trippie Redd)	XXXTENTACION	4215257	40	55	8	6
35	3EPXxR3ImUwfayaurPi3cm	Be Alright	Dean Lewis	4093934	39	7	31	4
36	3swc6WTsr7rl9DqQKQA55C	Psycho (feat. Ty Dolla $ign)	Post Malone	4010068	38	20	2	2
37	7d6XJZjnm7iWcKwYL9z5kC	Noticed	Lil Mosey	3985355	67	4	37	30
38	39NDBdU5Xkm5pCFGa5kZtI	Ladders	Mac Miller	3968985	nan	2	38	re-enter
39	2iUXsYOEPhVqEBwsqP70rE	Youngblood	5 Seconds of Summer	3915676	42	13	17	3
40	6DCZcSspjsKoFjzjrWoCdn	God's Plan	Drake	3884677	41	8	16	1
41	2gsNpSn7VvvJuSrIDfRoYy	Kamikaze	Eminem	3842415	10	2	10	-31
42	7AFASza1mXqntmGtbxXprO	changes	XXXTENTACION	3801718	47	26	7	5
43	3obgSF06ki98lYNLNq5vCB	Wasted (feat. Lil Uzi Vert)	Juice WRLD	3801570	45	9	20	2
44	3CA9pLiwRIGtUBiMjbZmRw	Nice For What	Drake	3683992	43	8	12	-1
45	01z2fBGB8Hl3Jd3zXe4IXR	Come Back to Earth	Mac Miller	3623061	nan	2	45	re-enter
46	5p7GiBZNL1afJJDUrOA6C8	Hurt Feelings	Mac Miller	3612175	nan	2	46	re-enter
47	7lAK3oHbfEnvUQWosrMMpR	YOSEMITE	Travis Scott	3528385	46	6	7	-1
48	33tNYw9oMtSkGe27NpgS64	WORKIN ME	Quavo	3480737	51	5	40	3
49	0e7ipj03S05BNilyu5bRzt	rockstar (feat. 21 Savage)	Post Malone	3443065	52	20	9	3
50	4VUwkH455At9kENOfzTqmF	Beautiful (feat. Camila Cabello)	Bazzi	3385368	55	6	30	5
51	4mHgYpuGHu99Mw69E83CP2	Taking A Walk	Trippie Redd	3372478	48	5	13	-3
52	0OgGn1ofaj55l2PcihQQGV	Drew Barrymore	Bryce Vine	3343121	58	4	52	6
53	5a8RPWgKSmcGBGcffmIrUi	Thunderclouds	Sia	3215699	74	5	53	21
54	7ycWLEP1GsNjVvcjawXz3z	Praise The Lord (Da Shine) (feat. Skepta)	A$AP Rocky	3206592	59	16	11	5
55	4qKcDkK6siZ7Jp1Jb4m0aL	Look Alive (feat. Drake)	BlocBoy JB	3186485	53	31	3	-2
56	75ZvA4QfFiZvzhj2xkaWAh	I Fall Apart	Post Malone	3096446	57	52	2	1
57	7K7MUBCnzgBAvMVW2RTWNs	Body (feat. brando)	Loud Luxury	3008126	49	6	29	-8
58	2qT1uLXPVPzGgFOx4jtEuo	no tears left to cry	Ariana Grande	2991131	54	4	18	-4
59	7ATATJztoWLcqDAcVVof0C	BEBE	6ix9ine	2979952	44	2	44	-15
60	14mHfNsSHN0FbLftyjrV9g	Leave Me Alone	Flipp Dinero	2958341	79	2	60	19
61	0evt4UZbdhnHtcAnxkm6A1	Normal	Eminem	2938584	11	2	11	-50
62	3GVkPk8mqxz0itaAriG1L7	Everybody Dies In Their Nightmares	XXXTENTACION	2918685	61	55	15	-1
63	7p4vHnYXkxlzvfePJVpcTr	Feels Like Summer	Childish Gambino	2854253	126	3	63	63
64	7IBSffWIu7P2MC7kMwy2FM	Hopeless Romantic (feat. Swae Lee)	Wiz Khalifa	2841490	62	9	37	-2
65	2dgrYdgguVZKeCsrVb9XEs	What's the Use?	Mac Miller	2836032	nan	2	65	re-enter
66	4kWO6O1BUXcZmaxitpVUwp	Jackie Chan	Tiësto	2831946	56	17	18	-10
67	45Egmo7icyopuzJN0oMEdk	Love Lies (with Normani)	Khalid	2795423	65	30	9	-2
68	2SL6oP2YAEQbqsrkOzRGO4	Venom - Music From The Motion Picture	Eminem	2718591	21	2	21	-47
69	6GnhWMhgJb7uyiiPEiEkDA	Weekend (feat. Miguel)	Mac Miller	2711372	nan	1	69	new
70	60Z57Wdrn0pEVpHI7d7GAX	Stepping Stone	Eminem	2689069	14	2	14	-56
71	55GiOwtxNajXVbpjjIzMnD	SWISH	Tyga	2677496	70	7	32	-1
72	7sO5G9EABYOXQKNPNiE9NR	Ric Flair Drip (& Metro Boomin)	Offset	2665482	69	46	4	-3
73	1yYzuNd0KRyHVJ3NH8apBt	Donald Trump	Mac Miller	2652091	nan	1	73	new
74	4keoy2fqgwGnbWlm3ZVZFa	Happy Now	Zedd	2646287	60	8	34	-14
75	3V8UKqhEK5zBkBb6d6ub8i	Te Boté - Remix	Nio Garcia	2635561	63	22	42	-12
76	2ZRo7axmMPeSVUvDbGkJah	Hope	XXXTENTACION	2585653	78	18	28	2
77	0u2P5u6lvoDfwTYjAADbn4	lovely (with Khalid)	Billie Eilish	2570047	72	21	24	-5
78	1rqqCSm0Qe4I9rUvWncaom	High Hopes	Panic! At The Disco	2566597	66	12	45	-12
79	7noud145AHZGg74vpWOsCa	Trip	Ella Mai	2530047	117	2	79	38
80	3qN5qMTKyEEmiTZD38BNTT	I'm Upset	Drake	2509907	64	8	17	-16
81	7GX5flRQZVHRAGd6B4TmDO	XO Tour Llif3	Lil Uzi Vert	2505267	73	55	2	-8
82	6dFn6my1sHK2bcf23GlHwM	2009	Mac Miller	2469901	nan	1	82	new
83	4g32MdRoqwGKQd3NXIRhpU	Good Guy (feat. Jessie Reyez)	Eminem	2452386	26	2	26	-57
84	1ZAyjvIk9YiD76yYy0TEG6	Plug Walk	Rich The Kid	2442282	76	7	48	-8
85	7rC5Pl8rQSX4myONQHYPBK	Mob Ties	Drake	2428169	68	8	23	-17
86	2Yer0p7uB2lVBUAtANuuQp	Magic In The Hamptons (feat. Lil Yachty)	Social House	2391901	83	4	83	-3
87	4UKCKdYiLN6IMA5ZESUTL7	the remedy for a broken heart (why am I so in love)	XXXTENTACION	2391064	81	22	18	-6
88	6eYxmK9fdL4hwLnXG2zY3s	Look At Me!	XXXTENTACION	2387367	82	27	33	-6
89	7oJrVhiTPZGBXWPwhxjy9S	Lust	Lil Skies	2355078	90	33	79	1
90	6IaieqiCVvsNvEt6Y7yOFa	Ball For Me (feat. Nicki Minaj)	Post Malone	2310443	75	20	9	-15
91	3DGar7krWlmrXRFHBcQF6z	Whenever (feat. Conor Maynard)	Kris Kross Amsterdam	2294773	71	4	71	-20
92	6Hgh47WXVKtXN5zGOu0hjI	OTW	Khalid	2281735	89	21	20	-3
93	6pGuOWYOFDcSgmVvFWRWSv	The Flute Song	Russ	2258554	nan	1	93	new
94	1Knctxx9vGZxpZfF66BIEa	Legends	Juice WRLD	2246462	97	12	68	3
95	0ibOcbkp2XG46Do8jcy0bL	Nephew (feat. Lil Pump)	Smokepurpp	2243643	88	7	82	-7
96	6xcJyGpfZbuuiequtnlKt4	BUTTERFLY EFFECT	Travis Scott	2230642	80	6	26	-16
97	0E9ZjEAyAwOXZ7wJC0PD33	In My Mind	Dynoro	2227425	92	7	55	-5
98	16umSNZfofRpDqTvf8DIAo	Wings	Mac Miller	2223660	nan	2	98	re-enter
99	0At2qAoaVjIwWNAqrscXli	Boo'd Up	Ella Mai	2221039	94	18	26	-5
100	0kCBorRrKZkSztd9m0QI3r	Chanel (Go Get It) [feat. Gunna & Lil Baby]	Young Thug	2204641	77	4	50	-23
101	4ve2uzqdwnHr20G5YgMMqr	Missin You Crazy	Russ	2187165	nan	1	101	new
102	2P91MQbaiQOfbiz9VqhqKQ	I Like Me Better	Lauv	2172130	93	15	79	-9
103	48zFZh27QU5qsrBjn4C2FA	Vaina Loca	Ozuna	2164081	85	3	69	-18
104	3u1S1OmAUhx5DRlLrXqyp3	Rise	Jonas Blue	2153586	87	12	35	-17
105	32lItqlMi4LBhb4k0BaSaC	Candy Paint	Post Malone	2124642	96	20	17	-9
106	09FfQO3PqHO4HIJL511Ksi	Nice Guy (with Jessie Reyez)	Eminem	2120453	29	2	29	-77
107	7uzmGiiJyRfuViKKK3lVmR	Mine	Bazzi	2115354	95	22	16	-12
108	0Uv5Kp8sEnriJjkX4oLfNI	Paul - Skit	Paul Rosenberg	2115239	19	2	19	-89
109	5PTG6rrL6EPFD9E2QMI2pl	JAPAN	Famous Dex	2095205	102	23	12	-7
110	04ZTP5KsCypmtCmQg5tH9R	I'm a Mess	Bebe Rexha	2082768	103	12	74	-7
111	63TyoT9Ee03rQxv8xmdJ2l	RAP DEVIL	Machine Gun Kelly	2056389	nan	1	111	new
112	5qHirGR7M9tdm6C17DlzSY	REEL IT IN	Aminé	2048894	nan	1	112	new
113	6yz0Jndhv0QjKdpcEMbOjz	Shake It Up	Trippie Redd	2034212	119	5	52	6
114	3a1lNhkSLSkpJE4MSHpDu9	Congratulations	Post Malone	2033680	107	89	5	-7
115	6n4U3TlzUGhdSFbUUhTvLP	Walk It Talk It	Migos	2018185	105	33	6	-10
116	3qnoOm4fwZPBS116f5hpgF	All Mine	Kanye West	2017449	109	15	1	-7
117	6jreFSOTUAViWjKyzOC4Kg	REMEDY	Alesso	2014820	nan	1	117	new
118	7KXjTSCq5nL1LoYtL7XAwS	HUMBLE.	Kendrick Lamar	2010732	114	76	1	-4
119	5SLhbyOJgcKGTDNWaQN91M	Everybody Dies	Logic	1996110	nan	1	119	new
120	27a1mYSG5tYg7dmEjWBcmL	CAN'T SAY	Travis Scott	1995724	99	6	15	-21
121	4zRZAmBQP8vhNPf9i9opXt	8 Letters	Why Don't We	1988364	101	2	101	-20
122	6f5i916F3jU6BhOOD7iGqf	Ned Flanders (feat. A$AP Ferg)	MadeinTYO	1982946	86	9	84	-36
123	4e4fqjx0Izh4svvTef1z7e	Meant to Be (feat. Florida Georgia Line)	Bebe Rexha	1967057	104	12	44	-19
124	4hQ6UGyWQIGJmHSo0J88JW	Back To You - From 13 Reasons Why – Season 2 Soundtrack	Selena Gomez	1966055	106	10	35	-18
125	0chpIFSjgfd1CPrAxM7PWp	No Rest	Lil Skies	1953374	125	4	105	0
126	4QVS8YCpK71R4FsxSMCjhP	Tie Me Down (with Elley Duhé)	Gryffin	1952594	91	5	66	-35
127	2u7mxWSeoqTXndK5e08jMp	Nowadays (feat. Landon Cube)	Lil Skies	1952373	112	36	30	-15
128	6gBFPUFcJLzWGx4lenP6h2	goosebumps	Travis Scott	1947006	118	89	16	-10
129	6nO3tr47nr2P7f3hXb8JIo	Champion (feat. Travis Scott)	NAV	1943991	115	17	60	-14
130	20MuVazoNMv6xjKPnRFOxG	WAKE UP	Travis Scott	1943866	98	6	9	-32
131	5gQcxYXqnofyocKgEbGYKt	Bounce Out With That	YBN Nahmir	1939198	nan	1	131	new
132	1gm616Plq4ScqNi7TVkZ5N	Call Out My Name	The Weeknd	1927321	124	24	1	-8
133	40oKW22ZNNkEdZLJTScaQI	Roll In Peace (feat. XXXTENTACION)	Kodak Black	1927103	120	55	24	-13
134	70khXICDeTTxgYtw3EysKH	sweetener	Ariana Grande	1918238	84	4	21	-50
135	6G8kHiVZ1jW7vHMPVRNZU0	Don’t Matter To Me (with Michael Jackson)	Drake	1904354	100	8	14	-35
136	2bSk87AVkCIIC3Bcligq1z	Life Goes On	Lil Baby	1899815	116	17	105	-20
137	0wbnC9AUenxp613TYaJsGK	Narcos	Migos	1882380	111	28	3	-26
138	1BuZAIO8WZpavWVbbq3Lci	Powerglide (feat. Juicy J) - From SR3MM	Rae Sremmurd	1881440	121	19	18	-17
139	2BJSMvOGABRxokHKB0OI8i	Shoota (feat. Lil Uzi Vert)	Playboi Carti	1878981	122	18	27	-17
140	3ZhTT6yjZwpPph5MIJ53XY	Red Roses (feat. Landon Cube)	Lil Skies	1852172	128	36	38	-12
141	0dSIrRkA4PadGll16TgbnV	PICK IT UP (feat. A$AP Rocky)	Famous Dex	1825016	130	23	39	-11
142	6Poyf51k7W3NKnsGwAI90B	Barbie Dreams	Nicki Minaj	1824664	108	5	17	-34
143	0b9oOr2ZgvyQu88wzixux9	This Is America	Childish Gambino	1786630	145	19	1	2
144	6B3zy3LOKHndqsviCr2z15	Em Calls Paul - Skit	Eminem	1778590	27	2	27	-117
145	7ef4DlsgrMEH11cDZd32M6	One Kiss (with Dua Lipa)	Calvin Harris	1777429	123	23	19	-22
146	1zB4vmk8tFRmM9UULNzbLB	Thunder	Imagine Dragons	1773093	133	8	109	-13
147	09IStsImFySgyp0pIQdqAc	The Middle	Zedd	1759879	129	15	8	-18
148	1co0puPTYvqAdUEjFOjne9	Simple	Florida Georgia Line	1755314	127	3	127	-21
149	51rXHuKN8Loc4sUlKPODgH	King's Dead (with Kendrick Lamar, Future & James Blake)	Jay Rock	1747305	160	35	7	11
150	5Z3GHaZ6ec9bsiI5BenrbY	Young Dumb & Broke	Khalid	1736612	144	75	6	-6
151	152lZdxL1OR0ZMW6KquMif	Location	Khalid	1724213	146	89	9	-5
152	42fw0rxRO2xbesF6mJfd4Y	Tequila	Dan + Shay	1716943	139	12	60	-13
153	7KZ5MMVgBVox9ycroB2UrI	CAROUSEL	Travis Scott	1712712	110	6	5	-43
154	4vaxvNDaLSoD36iZX515ug	Betrayed	Lil Xan	1707156	153	23	63	-1
155	6EGAfJaLUFzhS4zRBIEQ2J	You Make It Easy	Jason Aldean	1704636	196	23	84	41
156	0pqnGHJpmpxLKifKRmU6WP	Believer	Imagine Dragons	1700592	150	8	124	-6
157	1rfofaqEpACxVEHIZBJe6W	Havana (feat. Young Thug)	Camila Cabello	1687576	142	35	2	-15
158	3GCdLUSnKSMJhs4Tj6CV3s	All The Stars (with SZA)	Kendrick Lamar	1684238	162	29	3	4
159	0Xcy81PsJCOO6mhLZaQyQ4	Perfecto	Mac Miller	1672304	nan	2	159	re-enter
160	1R0Ig5KYrSGWvIoPzY4T3l	Black & White	Juice WRLD	1664934	157	9	156	-3
161	2UVbBKQOdFAekPTRsnkzcf	Stir Fry	Migos	1660839	152	33	2	-9
162	5tz69p7tJuGPeMGwNTxYuV	1-800-273-8255	Logic	1656690	171	72	1	9
163	698eQRku24PIYPQPHItKlA	She Got the Best of Me	Luke Combs	1655693	186	2	163	23
164	41zXlQxzTi6cGAjpOXyLYH	idontwannabeyouanymore	Billie Eilish	1654033	168	9	138	4
165	01TnVDiet1DFTsyWKUKovl	NUMB	XXXTENTACION	1650602	165	18	23	0
166	2fQrGHiQOvpL9UgPvtYy6G	Bank Account	21 Savage	1649659	161	51	3	-5
167	4H7WNRErSbONkM06blBoGc	Stay	Post Malone	1647054	149	20	6	-18
168	0EA2RhRHL4KWeNa7JfD1Yw	So It Goes	Mac Miller	1644147	nan	1	168	new
169	5DfWF0jqMgZDCiu9zJENTA	Ring (feat. Kehlani)	Cardi B	1638595	163	8	30	-6
170	4gT3mNJA8lnlkYFqGZ8IA2	Small Worlds	Mac Miller	1636873	nan	1	170	new
171	1HXy5I3HTWq8OvxCn0z7G7	Heaven	Kane Brown	1634479	140	35	60	-31
172	4F1yvJfQ7gJkrcgFJQDjOr	Playinwitme (feat. Kehlani)	KYLE	1629534	148	17	24	-24
173	5S1IUPueD0xE0vj4zU3nSf	Bigger Than You (feat. Drake & Quavo)	2 Chainz	1628365	155	13	28	-18
174	3GJ4hzg4lrGwU51Y3VARbF	Speechless	Dan + Shay	1611846	151	6	151	-23
175	2JmFRXaJrkAUD2cs6U20KG	Jet Fuel	Mac Miller	1601436	nan	1	175	new
176	7ms3VzLTfr7fXNOqA4Mkx9	Creeping (feat. Rich the Kid)	Lil Skies	1593116	167	22	86	-9
177	2374M0fQpWi3dLnB54qaLX	Africa	TOTO	1590660	169	23	144	-8
178	6OaVWaGfhXn70ZJfdVcabn	NO BYSTANDERS	Travis Scott	1590263	132	6	10	-46
179	4OBZT9EnhYIV17t4pGw7ig	Best Part (feat. Daniel Caesar)	H.E.R.	1583186	190	15	160	11
180	6kp0inxIexxSiDJfWqq0ZL	TATI	6ix9ine	1582668	154	16	50	-26
181	0WdR2AyLW1Drd3OUdwezM0	everytime	Ariana Grande	1579270	113	4	16	-68
182	52okn5MNA47tk87PeZJLEL	Let You Down	NF	1577008	185	12	38	3
183	6PGoSes0D9eUDeeAafB2As	LOVE. FEAT. ZACARI.	Kendrick Lamar	1568718	174	74	5	-9
184	6kPJZM97LwdG9QIsT7khp6	Solo (feat. Demi Lovato)	Clean Bandit	1568020	164	17	41	-20
185	1xYpVRspgaLxdJLOTQkTjg	STOP TRYING TO BE GOD	Travis Scott	1564351	134	6	12	-51
186	4apiNNK0jp9uqn3JDG9My1	Dark Knight Dummo	Trippie Redd	1559239	172	5	82	-14
187	4dVpf9jZjcORqGTLUaeYj9	Plain Jane	A$AP Ferg	1554712	193	55	8	6
188	7wR5r0KYGXBpyWXCdyYs3F	Nina Cried Power (feat. Mavis Staples)	Hozier	1553497	nan	1	188	new
189	2uIX8YMNjGMD7441kqyyNU	ocean eyes	Billie Eilish	1543732	182	5	165	-7
190	6KBYefIoo7KydImq1uUQlL	Bodak Yellow	Cardi B	1541560	177	23	35	-13
191	2rxQMGVafnNaRaXlRMWPde	Beautiful Crazy	Luke Combs	1537459	143	15	129	-48
192	0E6PsO3ymCfUh7pJQjBgkj	APESHIT	The Carters	1528025	138	13	26	-54
193	3nc420PXjTdBV5TN0gCFkS	Ocean (feat. Khalid)	Martin Garrix	1526021	159	13	22	-34
194	7yotKA30dwTKNEGomV9ZsI	KOD	J. Cole	1524382	195	21	2	1
195	10Igtw8bSDyyFs7KIsKngZ	Freaky Friday (feat. Chris Brown)	Lil Dicky	1524277	166	26	6	-29
196	4SZepBIPDRwPaHIjAKwRDb	R.I.P. SCREW	Travis Scott	1521806	136	6	8	-60
197	2VdT56BGpdqNHUgOe1j5vc	Rich & Sad	Post Malone	1518345	170	20	5	-27
198	2eAZfqOm4EnOF9VvN50Tyc	The Way Life Goes (feat. Oh Wonder)	Lil Uzi Vert	1516966	180	55	8	-18
199	6XcfKZvJio9Z0fQy11GnNX	broken	lovelytheband	1486767	nan	3	186	re-enter
200	5AnSllIrgGsCZzZJkVnApx	Eyes On You	Chase Rice	1486662	nan	2	198	re-enter
