position	song_id	song_name	artist	streams	last_week_position	weeks_on_chart	peak_position	position_status
1	0bAkKNCQfWkexHFn7fIKns	In My Feelings	Drake	24879464	5	2	1	4
2	2Vx8E3K5icPZR7OCklWBXX	Nonstop	Drake	14660638	1	2	1	-1
3	0X8DcetL926BYiPJYstJTc	Lucid Dreams	Juice WRLD	13087057	14	8	1	11
4	36ONiya0OANYknz0GgJmwB	Don’t Matter To Me	Drake	12077821	2	2	2	-2
5	3ee8Jmje8o58CHK66QrVC2	SAD!	XXXTENTACION	11346395	15	17	1	10
6	1iSZPndzmY6NvL1jAtIvY1	I'm Upset	Drake	9445554	4	2	4	-2
7	0HVv5bEOiI9a0QfgcASXpX	Nice For What	Drake	9256525	13	2	7	6
8	0JP9xo3adEtGSdUEISiszL	Moonlight	XXXTENTACION	8894448	21	17	3	13
9	58q2HKrzhC3ozto2nDdN4z	I Like It	Cardi B	8836989	24	14	3	15
10	5IaHrVsrferBYDm0bDyABy	Taste (feat. Offset)	Tyga	8438869	28	8	10	18
11	2VWbHHhWnMzKWPUs4IEEW9	God's Plan	Drake	8056452	9	2	9	-2
12	7txPE73wHbuXYkM1h8zNrG	Mob Ties	Drake	7959616	6	2	6	-6
13	7fa9MBXhVfQ8P8Df9OEbD8	Girls Like You (feat. Cardi B)	Maroon 5	7848266	31	4	9	18
14	6vN77lE9LK6HP2DewaN6HZ	Yes Indeed	Lil Baby	7745189	29	8	2	15
15	7dt6x5M1jzdTEt8oCbisTK	Better Now	Post Malone	7725315	30	11	1	15
16	1v1IXPXl73Z7zy6f5tUa9n	Emotionless	Drake	6901710	3	2	3	-13
17	4uloft7ZE54WflsuqFmjC7	Elevate	Drake	5793418	7	2	7	-10
18	7cfvP13Bqb1EyCZQiYsLum	Can’t Take A Joke	Drake	5693155	11	2	11	-7
19	3swc6WTsr7rl9DqQKQA55C	Psycho (feat. Ty Dolla $ign)	Post Malone	5582255	36	11	2	17
20	7m9OqQk4RVRkw9JJdeAw96	Jocelyn Flores	XXXTENTACION	5520515	34	46	3	14
21	7AFASza1mXqntmGtbxXprO	changes	XXXTENTACION	5425090	35	17	7	14
22	3H2JThgdBxezwj1wwafQS8	All Girls Are The Same	Juice WRLD	5280126	37	8	13	15
23	3nc420PXjTdBV5TN0gCFkS	Ocean (feat. Khalid)	Martin Garrix	5182762	45	4	23	22
24	4kWO6O1BUXcZmaxitpVUwp	Jackie Chan	Tiësto	4937419	43	8	24	19
25	4qKcDkK6siZ7Jp1Jb4m0aL	Look Alive (feat. Drake)	BlocBoy JB	4827267	40	22	3	15
26	0At2qAoaVjIwWNAqrscXli	Boo'd Up	Ella Mai	4661211	52	9	26	26
27	7AQim7LbvFVZJE3O8TYgf2	Fuck Love (feat. Trippie Redd)	XXXTENTACION	4654752	38	46	8	11
28	2iUXsYOEPhVqEBwsqP70rE	Youngblood	5 Seconds of Summer	4624425	48	4	17	20
29	0E6PsO3ymCfUh7pJQjBgkj	APESHIT	The Carters	4578713	42	4	29	13
30	1Jrj3k5L36dPkU6KAclU7g	Blue Tint	Drake	4539361	18	2	18	-12
31	5fcM0StdQxMjzulVGhFkHN	8 Out Of 10	Drake	4515751	10	2	10	-21
32	3qnoOm4fwZPBS116f5hpgF	All Mine	Kanye West	4488833	41	6	1	9
33	71SEHJPt1iDwGkBhUOAXDP	Survival	Drake	4363707	8	2	8	-25
34	5SxkdsY1ufZzoq9iXceLw9	no tears left to cry	Ariana Grande	4355309	39	12	9	5
35	0e7ipj03S05BNilyu5bRzt	rockstar (feat. 21 Savage)	Post Malone	4318228	44	11	9	9
36	3Yw09dj3cTXsAzlLjgBfIP	Talk Up	Drake	4276127	12	2	12	-24
37	0w1ZtnzQmtmuuoKxHT0pLL	Summer Games	Drake	4142103	17	2	17	-20
38	514rhnksEwHUh6LxXsQ4Y9	Back To You	Selena Gomez	4086334	46	8	19	8
39	4IvenHmD0spfFDOKphoUDp	After Dark	Drake	4071657	26	2	26	-13
40	1sPLURKAosM3Jampgp9AWq	Sandra’s Rose	Drake	4032366	16	2	16	-24
41	1ZEm9cJC05rawV2tptNfTS	Bed (feat. Ariana Grande)	Nicki Minaj	4030785	49	4	26	8
42	7ef4DlsgrMEH11cDZd32M6	One Kiss (with Dua Lipa)	Calvin Harris	3790800	50	14	19	8
43	0SVsEdvot6vU4byv5yW0oj	That’s How You Feel	Drake	3787788	25	2	25	-18
44	6WlxcZKpEV6Bwe9InoVhMp	WIFI LIT	Future	3665647	nan	1	44	new
45	6IaieqiCVvsNvEt6Y7yOFa	Ball For Me (feat. Nicki Minaj)	Post Malone	3644622	56	11	9	11
46	6mAz8D1TmlTuef90dbNIiZ	Plug Walk	Rich The Kid	3558488	54	15	7	8
47	3GVkPk8mqxz0itaAriG1L7	Everybody Dies In Their Nightmares	XXXTENTACION	3549039	47	46	15	0
48	3jipFRgLyKK0oJoG1pKicx	Jaded	Drake	3535523	19	2	19	-29
49	590bUp2TKTfTS9NfiD4Nmn	Finesse	Drake	3503847	23	2	23	-26
50	7ycWLEP1GsNjVvcjawXz3z	Praise The Lord (Da Shine) (feat. Skepta)	A$AP Rocky	3444042	59	7	11	9
51	0u2P5u6lvoDfwTYjAADbn4	lovely (with Khalid)	Billie Eilish	3410521	58	12	24	7
52	3V8UKqhEK5zBkBb6d6ub8i	Te Boté - Remix	Nio Garcia	3397256	57	13	45	5
53	4e4fqjx0Izh4svvTef1z7e	Meant to Be (feat. Florida Georgia Line)	Bebe Rexha	3309480	66	3	44	13
54	0b9oOr2ZgvyQu88wzixux9	This Is America	Childish Gambino	3284647	55	10	1	1
55	2RM4jf1Xa9zPgMGRDiht8O	Big Bank feat. 2 Chainz, Big Sean, Nicki Minaj	YG	3255508	67	7	55	12
56	75ZvA4QfFiZvzhj2xkaWAh	I Fall Apart	Post Malone	3246846	62	43	2	6
57	7sO5G9EABYOXQKNPNiE9NR	Ric Flair Drip (& Metro Boomin)	Offset	3216361	53	37	4	-4
58	6kPJZM97LwdG9QIsT7khp6	Solo (feat. Demi Lovato)	Clean Bandit	3148823	69	8	51	11
59	6n4U3TlzUGhdSFbUUhTvLP	Walk It Talk It	Migos	3131943	60	24	6	1
60	4UKCKdYiLN6IMA5ZESUTL7	the remedy for a broken heart (why am I so in love)	XXXTENTACION	3125457	51	13	18	-9
61	2RAeY8dPj6KmStROfEigjV	Peak	Drake	3064874	22	2	22	-39
62	7uzmGiiJyRfuViKKK3lVmR	Mine	Bazzi	3063998	63	13	16	1
63	5PTG6rrL6EPFD9E2QMI2pl	JAPAN	Famous Dex	3046617	65	14	12	2
64	1rqqCSm0Qe4I9rUvWncaom	High Hopes	Panic! At The Disco	2993698	71	3	45	7
65	45Egmo7icyopuzJN0oMEdk	Love Lies (with Normani)	Khalid	2955980	72	21	9	7
66	2QoOyCFpDo4NblMLP7vBRT	Is There More	Drake	2955070	20	2	20	-46
67	2ZRo7axmMPeSVUvDbGkJah	Hope	XXXTENTACION	2876284	61	9	28	-6
68	0kHyKhJMukHEPfeh8s7rdM	Born To Be Yours	Kygo	2857836	75	4	49	7
69	6eYxmK9fdL4hwLnXG2zY3s	Look At Me!	XXXTENTACION	2823014	64	18	33	-5
70	4P92FrvmYQSAfOpp4cpFEi	Simple	Florida Georgia Line	2819845	77	6	56	7
71	1BuZAIO8WZpavWVbbq3Lci	Powerglide (feat. Juicy J) - From SR3MM	Rae Sremmurd	2803825	68	10	18	-3
72	6tpHfEM8eaETzlPOARYWfZ	Drug Addicts	Lil Pump	2758072	nan	1	72	new
73	16x6tqeSkIjoLEf7SJLlYy	Ratchet Happy Birthday	Drake	2743344	27	2	27	-46
74	32lItqlMi4LBhb4k0BaSaC	Candy Paint	Post Malone	2714683	70	11	17	-4
75	6Hgh47WXVKtXN5zGOu0hjI	OTW	Khalid	2709118	74	12	20	-1
76	7ijJ5crvsnCvCLJbHpyq3j	Final Fantasy	Drake	2603055	33	2	33	-43
77	43V1z6QToNNWNldV4FEG6r	Body	Loud Luxury	2581481	112	4	77	35
78	7GX5flRQZVHRAGd6B4TmDO	XO Tour Llif3	Lil Uzi Vert	2573678	80	46	2	2
79	5S1IUPueD0xE0vj4zU3nSf	Bigger Than You (feat. Drake & Quavo)	2 Chainz	2567343	79	4	28	0
80	2BJSMvOGABRxokHKB0OI8i	Shoota (feat. Lil Uzi Vert)	Playboi Carti	2557554	76	9	27	-4
81	3u1S1OmAUhx5DRlLrXqyp3	Rise	Jonas Blue	2537295	109	3	81	28
82	40IiSjljbAhrSbdJ3HxSfH	March 14	Drake	2526624	32	2	32	-50
83	09IStsImFySgyp0pIQdqAc	The Middle	Zedd	2521146	84	6	8	1
84	4F1yvJfQ7gJkrcgFJQDjOr	Playinwitme (feat. Kehlani)	KYLE	2458014	89	8	24	5
85	42fw0rxRO2xbesF6mJfd4Y	Tequila	Dan + Shay	2450360	83	3	60	-2
86	1Knctxx9vGZxpZfF66BIEa	Legends	Juice WRLD	2414686	98	3	68	12
87	7MywASx2OFZngfoORjo1yy	31 DAYS	Future	2412122	nan	1	87	new
88	1dQ84P0W0lOckT02lPEhhP	Millidelphia (feat. Swizz Beatz)	Meek Mill	2398029	nan	1	88	new
89	3LR0t8XqZ1FUj6nj01sXN0	Who Want The Smoke?	Lil Yachty	2359166	nan	1	89	new
90	6nO3tr47nr2P7f3hXb8JIo	Champion (feat. Travis Scott)	NAV	2349996	101	8	60	11
91	51rXHuKN8Loc4sUlKPODgH	King's Dead (with Kendrick Lamar, Future & James Blake)	Jay Rock	2322322	85	26	7	-6
92	1gm616Plq4ScqNi7TVkZ5N	Call Out My Name	The Weeknd	2317278	95	15	1	3
93	2r4JRwcbIeuAzWjH4YXlLs	Yikes	Kanye West	2308207	82	6	3	-11
94	4j3GWI86JvSaF0BLdmgcfF	Summertime Magic	Childish Gambino	2266375	nan	1	94	new
95	4H7WNRErSbONkM06blBoGc	Stay	Post Malone	2263634	93	11	6	-2
96	7oJrVhiTPZGBXWPwhxjy9S	Lust	Lil Skies	2263026	103	24	80	7
97	7yotKA30dwTKNEGomV9ZsI	KOD	J. Cole	2252376	90	12	2	-7
98	5VuxWXbt7XENQCtE9TzpTv	Spoil My Night (feat. Swae Lee)	Post Malone	2248034	87	11	4	-11
99	3RWM7z6BF8C6z9ypLtxz4M	Lean Wit Me	Juice WRLD	2245149	100	7	85	1
100	3fpVWegR6YOS1Yk5HSMYIq	Paranoid	Post Malone	2238873	86	11	3	-14
101	01TnVDiet1DFTsyWKUKovl	NUMB	XXXTENTACION	2228698	78	9	23	-23
102	10Igtw8bSDyyFs7KIsKngZ	Freaky Friday (feat. Chris Brown)	Lil Dicky	2228565	92	17	6	-10
103	3ZhTT6yjZwpPph5MIJ53XY	Red Roses (feat. Landon Cube)	Lil Skies	2218920	106	27	38	3
104	2VdT56BGpdqNHUgOe1j5vc	Rich & Sad	Post Malone	2207250	94	11	5	-10
105	3bH4HzoZZFq8UpZmI2AMgV	New Light	John Mayer	2197867	73	8	51	-32
106	1Nj2oBISdFDSF8eDuXcALz	Start Again (feat. Logic)	OneRepublic	2190173	81	6	48	-25
107	08bNPGLD8AhKpnnERrAc6G	FRIENDS	Marshmello	2170777	104	22	17	-3
108	7hDVYcQq6MxkdJGweuCtl9	ocean eyes	Billie Eilish	2161774	126	6	106	18
109	1HXy5I3HTWq8OvxCn0z7G7	Heaven	Kane Brown	2154198	114	26	60	5
110	3a1lNhkSLSkpJE4MSHpDu9	Congratulations	Post Malone	2151437	99	80	5	-11
111	7KXjTSCq5nL1LoYtL7XAwS	HUMBLE.	Kendrick Lamar	2133350	102	67	1	-9
112	447yWcDPg1ddgcHBLGpJC0	Better Not (feat. Wafia)	Louis The Child	2132293	125	5	90	13
113	2UVbBKQOdFAekPTRsnkzcf	Stir Fry	Migos	2129671	96	24	2	-17
114	04ZTP5KsCypmtCmQg5tH9R	I'm a Mess	Bebe Rexha	2122493	180	3	114	66
115	3GCdLUSnKSMJhs4Tj6CV3s	All The Stars (with SZA)	Kendrick Lamar	2120062	105	20	3	-10
116	6kp0inxIexxSiDJfWqq0ZL	TATI	6ix9ine	2105127	108	7	50	-8
117	0dSIrRkA4PadGll16TgbnV	PICK IT UP (feat. A$AP Rocky)	Famous Dex	2092238	111	14	39	-6
118	4lc61NBCDzy2srBHDQeTfN	RACKS BLUE	Future	2080094	nan	1	118	new
119	63SevszngYpZOwf63o61K4	Nevermind	Dennis Lloyd	2075420	107	17	36	-12
120	40oKW22ZNNkEdZLJTScaQI	Roll In Peace (feat. XXXTENTACION)	Kodak Black	2067026	91	46	24	-29
121	3DoBTwfr8yi2LN08SBpFkN	Watch (feat. Lil Uzi Vert & Kanye West)	Travis Scott	2066838	119	10	8	-2
122	2u7mxWSeoqTXndK5e08jMp	Nowadays (feat. Landon Cube)	Lil Skies	2046697	121	27	30	-1
123	2bSk87AVkCIIC3Bcligq1z	Life Goes On	Lil Baby	2035789	128	8	105	5
124	5UVNjOSh27encRBqTpBWup	CUDDLE MY WRIST	Future	1990914	nan	1	124	new
125	6gBFPUFcJLzWGx4lenP6h2	goosebumps	Travis Scott	1990237	118	80	16	-7
126	1rfofaqEpACxVEHIZBJe6W	Havana (feat. Young Thug)	Camila Cabello	1974470	117	26	2	-9
127	0TCnOEVeLQMXOUrpPlM7uY	Guatemala - From Swaecation	Rae Sremmurd	1958168	139	10	81	12
128	152lZdxL1OR0ZMW6KquMif	Location	Khalid	1944660	97	80	9	-31
129	5Z3GHaZ6ec9bsiI5BenrbY	Young Dumb & Broke	Khalid	1943082	123	66	6	-6
130	7BrsBU0BAytRDvROM4yCbn	Thunder	Imagine Dragons	1940481	88	2	88	-42
131	2ijef6ni2amuunRoKTlgww	Sin Pijama	Becky G	1940310	122	3	122	-9
132	2Yl4OmDby9iitgNWZPwxkd	Be Careful	Cardi B	1928264	120	14	10	-12
133	5Cg98kiDYtCEHmjcKD0CJD	I Know You (feat. Yung Pinch)	Lil Skies	1888066	140	5	99	7
134	4RVbK6cV0VqWdpCDcx3hiT	Reborn	KIDS SEE GHOSTS	1875583	110	5	7	-24
135	4vaxvNDaLSoD36iZX515ug	Betrayed	Lil Xan	1871288	132	14	63	-3
136	3JJYIoJ5FyY9E0DGjr7SXF	Enemies	Lauv	1870434	168	3	120	32
137	44KKhCyI0BGS6LvVyDqJtH	Esskeetit	Lil Pump	1867295	131	13	32	-6
138	1D2L6MefbXon28PzIk9I3r	92 Explorer	Post Malone	1863182	134	11	14	-4
139	6KBYefIoo7KydImq1uUQlL	Bodak Yellow	Cardi B	1843095	130	14	35	-9
140	2fQrGHiQOvpL9UgPvtYy6G	Bank Account	21 Savage	1841625	136	42	3	-4
141	1lL7Sj9AitQT7YWXs6obEq	Dangerous (feat. Jeremih and PnB Rock)	Meek Mill	1824647	nan	1	141	new
142	2iWEpiPiIPf5D4f2UGBlrZ	Bounce Out With That	YBN Nahmir	1800428	143	7	105	1
143	5VKSZDsidOFHrtlJb33Syo	Believer	Imagine Dragons	1766130	145	2	143	2
144	4dVpf9jZjcORqGTLUaeYj9	Plain Jane	A$AP Ferg	1750092	144	46	8	0
145	21YnmkSDhUkmkkni22Svc4	In My Blood	Shawn Mendes	1732877	135	7	36	-10
146	6EGAfJaLUFzhS4zRBIEQ2J	You Make It Easy	Jason Aldean	1727200	138	14	84	-8
147	7JrAZVBsIxO42bLi9HnRYp	WHEN I THINK ABOUT IT	Future	1712040	nan	1	147	new
148	5tz69p7tJuGPeMGwNTxYuV	1-800-273-8255	Logic	1697799	151	63	1	3
149	6PGoSes0D9eUDeeAafB2As	LOVE. FEAT. ZACARI.	Kendrick Lamar	1697270	154	65	5	5
150	5PIfH6BzcmH04RDmtzF0BN	Outside Today	YoungBoy Never Broke Again	1691535	153	11	78	3
151	2P91MQbaiQOfbiz9VqhqKQ	I Like Me Better	Lauv	1665124	157	6	141	6
152	3B54sVLJ402zGa6Xm4YGNe	Unforgettable	French Montana	1664419	159	53	1	7
153	07FkzikE6FuHIa8Ma7zJGc	Lie	NF	1661653	nan	1	153	new
154	3X9OVlc4YaL9nowxAVcJex	Stay Woke (feat. Miguel)	Meek Mill	1655072	nan	1	154	new
155	4EAV2cKiqKP5UPZmY6dejk	Everyday	Logic	1652103	161	18	6	6
156	794QVQtFNy7hvtjQP1keQd	1942	G-Eazy	1641829	170	13	44	14
157	09IOPhEh1OMe0HD9b36FJk	Over Now	Post Malone	1639077	150	11	8	-7
158	5QskYLFPX9y7pLU0VEMNbr	Like To Be You feat. Julia Michaels	Shawn Mendes	1635781	175	4	128	17
159	1oc3jna2ablnfIKLYbKujl	If You're Over Me	Years & Years	1634653	nan	1	159	new
160	0wbnC9AUenxp613TYaJsGK	Narcos	Migos	1633867	174	19	3	14
161	2DQ1ITjI0YoLFzuADN1ZBW	No Limit	G-Eazy	1629070	167	30	2	6
162	1yxgsra98r3qAtxqiGZPiX	BUTTERFLY EFFECT	Travis Scott	1628733	166	60	9	4
163	5TXDeTFVRVY7Cvt0Dw4vWW	Revenge	XXXTENTACION	1619286	137	13	25	-26
164	39N9RPD9MRb5WmoLzNzPeA	X	Nicky Jam	1605316	115	19	40	-49
165	7qiZfU4dY1lWllzX7mPBI3	Shape of You	Ed Sheeran	1604575	113	79	1	-52
166	0eHCArTPhwUxatY7cEXRiK	New Freezer (feat. Kendrick Lamar)	Rich The Kid	1600963	160	15	37	-6
167	2rxQMGVafnNaRaXlRMWPde	Beautiful Crazy	Luke Combs	1599445	129	6	129	-38
168	52okn5MNA47tk87PeZJLEL	Let You Down	NF	1598182	172	3	38	4
169	2ekn2ttSfGqwhhate0LSR0	New Rules	Dua Lipa	1594807	169	52	20	0
170	3pWcj8hxj3fsb9TDAcMpEl	Somebody	The Chainsmokers	1594115	162	12	70	-8
171	7mldq42yDuxiUNn08nvzHO	Body Like A Back Road	Sam Hunt	1589219	116	75	15	-55
172	76cy1WJvNGJTj78UqeA5zr	IDGAF	Dua Lipa	1577204	165	28	24	-7
173	0dIoGTQXDh1wVnhIiSyYEa	Bartier Cardi (feat. 21 Savage)	Cardi B	1570901	163	14	26	-10
174	2yZax79pOrYuyIFVW2cZY2	Carry On	XXXTENTACION	1559589	147	12	38	-27
175	2gsTjQouGxmD0z9K5MYpoI	Black & White	Juice WRLD	1559050	182	4	175	7
176	4uX8Wh4wxpLne11BhoHs5x	Hopeless Romantic (feat. Swae Lee)	Wiz Khalifa	1558723	nan	1	176	new
177	2gTYVoQCUh0QNUaFix01ld	Chun-Li	Nicki Minaj	1558178	171	13	31	-6
178	5de9Ho64dovuQI8Uhn5gPD	I Don't Wanna Do This Anymore	XXXTENTACION	1557004	155	4	79	-23
179	7vGuf3Y35N4wmASOKLUVVU	Silence	Marshmello	1551791	176	48	10	-3
180	0tgVpDi06FyKpA1z0VMD4v	Perfect	Ed Sheeran	1549254	177	62	13	-3
181	6SFStUDQZNaGPKWOx9ZiJB	2002	Anne-Marie	1539292	187	11	84	6
182	6Bg7MznA9X0dIhlAsLyBYj	Ghost Town	Kanye West	1533079	148	6	2	-34
183	6cQnrSlTxhHCCiUpKrs7g3	Jumpsuit	Twenty One Pilots	1529315	nan	1	183	new
184	4eWQlBRaTjPPUlzacqEeoQ	Never Be the Same	Camila Cabello	1528290	183	26	5	-1
185	2OvV4NjEBRE9v8Oo7QeUCq	Jump (with Trippie Redd)	Julia Michaels	1521931	198	7	131	13
186	2374M0fQpWi3dLnB54qaLX	Africa	TOTO	1520720	185	14	157	-1
187	7BKLCZ1jbUBVqRi2FVlTVw	Closer	The Chainsmokers	1517227	142	69	4	-45
188	2eAZfqOm4EnOF9VvN50Tyc	The Way Life Goes (feat. Oh Wonder)	Lil Uzi Vert	1515636	184	46	8	-4
189	3T4UodGkfZObJ43RtA5KFU	Connection	OneRepublic	1506249	nan	1	189	new
190	6NFyWDv5CjfwuzoCkw47Xf	Delicate	Taylor Swift	1500513	192	18	23	2
191	4wFjTWCunQFKtukqrNijEt	MotorSport	Migos	1497705	178	24	9	-13
192	6JjPBQfI2Y8nIjnm65X6Pw	X - Remix	Nicky Jam	1485592	199	2	192	7
193	7ms3VzLTfr7fXNOqA4Mkx9	Creeping (feat. Rich the Kid)	Lil Skies	1478274	189	13	86	-4
194	6ZIuit0z4eQg77F1RGkp0L	Nico And The Niners	Twenty One Pilots	1474467	nan	1	194	new
195	5qFeMRz4TvetPmzjre9Dq7	No Es Justo	J Balvin	1472781	nan	1	195	new
196	3AALcuKu2uN5VChEChnD7v	RED LIGHT	Future	1466513	nan	1	196	new
197	0OWZFobGSIW9GrSlQ9C5pc	Marry Me	Thomas Rhett	1466431	133	31	62	-64
198	5lZZmityu9TAjNvSY6GLhR	Zack And Codeine	Post Malone	1464353	179	11	10	-19
199	3Du2K5dLzmduCNp6uwuaL0	Sorry Not Sorry	Demi Lovato	1462677	190	2	190	-9
200	0U06Yqe0nkkJlptlr7O4uO	DOH DOH (feat. Young Scooter)	Future	1459871	nan	1	200	new
