position	song_id	song_name	artist	streams	last_week_position	weeks_on_chart	peak_position	position_status
1	3qnoOm4fwZPBS116f5hpgF	All Mine	Kanye West	15792629	nan	1	1	new
2	6Bg7MznA9X0dIhlAsLyBYj	Ghost Town	Kanye West	13527840	nan	1	2	new
3	2r4JRwcbIeuAzWjH4YXlLs	Yikes	Kanye West	13165232	nan	1	3	new
4	0X8DcetL926BYiPJYstJTc	Lucid Dreams	Juice WRLD	11957949	3	3	3	-1
5	1cTZMwcBJT0Ka3UJPXOeeN	Nice For What	Drake	10489715	1	9	1	-4
6	3dG6tjetoR4GMmUGZUprLt	Wouldn't Leave	Kanye West	10139114	nan	1	6	new
7	6vN77lE9LK6HP2DewaN6HZ	Yes Indeed	Lil Baby	10110671	2	3	2	-5
8	6EuE9M1viu9gkdFSafia9o	I Thought About Killing You	Kanye West	9503189	nan	1	8	new
9	2VYb3Fb5iK5Y8HGZ8oEEkp	Violent Crimes	Kanye West	9491374	nan	1	9	new
10	7dt6x5M1jzdTEt8oCbisTK	Better Now	Post Malone	9314033	4	6	1	-6
11	1DdgqEZk4Hqfpl3drdXJun	No Mistakes	Kanye West	8773808	nan	1	11	new
12	58q2HKrzhC3ozto2nDdN4z	I Like It	Cardi B	8430106	8	9	3	-4
13	3swc6WTsr7rl9DqQKQA55C	Psycho (feat. Ty Dolla $ign)	Post Malone	7902801	7	6	2	-6
14	0b9oOr2ZgvyQu88wzixux9	This Is America	Childish Gambino	7606188	5	5	1	-9
15	2XW4DbS6NddZxRPm5rMCeY	God's Plan	Drake	7579426	6	20	1	-9
16	54oMZ3blwWwuPN4wEoG5mk	I'm Upset	Drake	7201826	10	2	10	-6
17	4qKcDkK6siZ7Jp1Jb4m0aL	Look Alive (feat. Drake)	BlocBoy JB	6555677	9	17	3	-8
18	3H2JThgdBxezwj1wwafQS8	All Girls Are The Same	Juice WRLD	5850926	13	3	13	-5
19	6FRLCMO5TUHTexlWo8ym1W	Girls Like You (feat. Cardi B)	Maroon 5	5686217	nan	1	19	new
20	5IaHrVsrferBYDm0bDyABy	Taste (feat. Offset)	Tyga	5556732	46	3	20	26
21	0e7ipj03S05BNilyu5bRzt	rockstar (feat. 21 Savage)	Post Malone	5530562	12	6	9	-9
22	514rhnksEwHUh6LxXsQ4Y9	Back To You	Selena Gomez	5363011	27	3	22	5
23	3ee8Jmje8o58CHK66QrVC2	SAD!	XXXTENTACION	5091216	17	12	2	-6
24	6mAz8D1TmlTuef90dbNIiZ	Plug Walk	Rich The Kid	5026890	14	10	7	-10
25	7ycWLEP1GsNjVvcjawXz3z	Praise The Lord (Da Shine) (feat. Skepta)	A$AP Rocky	5015125	11	2	11	-14
26	5SxkdsY1ufZzoq9iXceLw9	no tears left to cry	Ariana Grande	4919404	19	7	9	-7
27	7sO5G9EABYOXQKNPNiE9NR	Ric Flair Drip (& Metro Boomin)	Offset	4871461	15	32	4	-12
28	6IaieqiCVvsNvEt6Y7yOFa	Ball For Me (feat. Nicki Minaj)	Post Malone	4720539	20	6	9	-8
29	0u2P5u6lvoDfwTYjAADbn4	lovely (with Khalid)	Billie Eilish	4689213	33	7	29	4
30	4F1yvJfQ7gJkrcgFJQDjOr	Playinwitme (feat. Kehlani)	KYLE	4663429	26	3	24	-4
31	6n4U3TlzUGhdSFbUUhTvLP	Walk It Talk It	Migos	4523674	16	19	6	-15
32	55S2PQgSMYAhgoTCcGCDfw	Youngblood	5 Seconds of Summer	4513027	41	8	32	9
33	3fpVWegR6YOS1Yk5HSMYIq	Paranoid	Post Malone	4492405	18	6	3	-15
34	6Hgh47WXVKtXN5zGOu0hjI	OTW	Khalid	4437503	23	7	20	-11
35	45Egmo7icyopuzJN0oMEdk	Love Lies (with Normani)	Khalid	4265037	22	16	9	-13
36	1BuZAIO8WZpavWVbbq3Lci	Powerglide (feat. Juicy J) - From SR3MM	Rae Sremmurd	4178108	21	5	18	-15
37	5PTG6rrL6EPFD9E2QMI2pl	JAPAN	Famous Dex	4148552	24	9	12	-13
38	5VuxWXbt7XENQCtE9TzpTv	Spoil My Night (feat. Swae Lee)	Post Malone	4117490	25	6	4	-13
39	75ZvA4QfFiZvzhj2xkaWAh	I Fall Apart	Post Malone	4104481	34	38	2	-5
40	2BJSMvOGABRxokHKB0OI8i	Shoota (feat. Lil Uzi Vert)	Playboi Carti	4078960	29	4	27	-11
41	7iDa6hUg2VgEL1o1HjmfBn	Meant to Be (feat. Florida Georgia Line)	Bebe Rexha	4063266	31	39	16	-10
42	32lItqlMi4LBhb4k0BaSaC	Candy Paint	Post Malone	3979873	37	6	17	-5
43	4H7WNRErSbONkM06blBoGc	Stay	Post Malone	3915791	28	6	6	-15
44	1gm616Plq4ScqNi7TVkZ5N	Call Out My Name	The Weeknd	3878359	32	10	1	-12
45	7ef4DlsgrMEH11cDZd32M6	One Kiss (with Dua Lipa)	Calvin Harris	3866945	40	9	19	-5
46	2VdT56BGpdqNHUgOe1j5vc	Rich & Sad	Post Malone	3839368	30	6	5	-16
47	3DoBTwfr8yi2LN08SBpFkN	Watch (feat. Lil Uzi Vert & Kanye West)	Travis Scott	3798611	42	5	8	-5
48	7yotKA30dwTKNEGomV9ZsI	KOD	J. Cole	3721651	35	7	2	-13
49	3V8UKqhEK5zBkBb6d6ub8i	Te Boté - Remix	Nio Garcia	3644079	45	8	45	-4
50	6kp0inxIexxSiDJfWqq0ZL	TATI	6ix9ine	3581325	53	2	50	3
51	3bH4HzoZZFq8UpZmI2AMgV	New Light	John Mayer	3423036	69	3	51	18
52	10Igtw8bSDyyFs7KIsKngZ	Freaky Friday (feat. Chris Brown)	Lil Dicky	3392110	39	12	6	-13
53	51rXHuKN8Loc4sUlKPODgH	King's Dead (with Kendrick Lamar, Future & James Blake)	Jay Rock	3326807	48	21	7	-5
54	2ARqIya5NAuvFVHSN3bL0m	The Middle	Zedd	3304156	44	15	7	-10
55	3GCdLUSnKSMJhs4Tj6CV3s	All The Stars (with SZA)	Kendrick Lamar	3281261	51	15	3	-4
56	7uzmGiiJyRfuViKKK3lVmR	Mine	Bazzi	3252305	52	8	16	-4
57	5SwEgzUFDHwpWHKrbnP32Z	Youth feat. Khalid	Shawn Mendes	3244681	43	2	43	-14
58	21YnmkSDhUkmkkni22Svc4	In My Blood	Shawn Mendes	3160738	36	2	36	-22
59	6kPJZM97LwdG9QIsT7khp6	Solo (feat. Demi Lovato)	Clean Bandit	3152692	91	3	59	32
60	7GX5flRQZVHRAGd6B4TmDO	XO Tour Llif3	Lil Uzi Vert	2978399	56	41	2	-4
61	6nO3tr47nr2P7f3hXb8JIo	Champion (feat. Travis Scott)	NAV	2952896	66	3	60	5
62	08bNPGLD8AhKpnnERrAc6G	FRIENDS	Marshmello	2906277	60	17	17	-2
63	1D2L6MefbXon28PzIk9I3r	92 Explorer	Post Malone	2893105	55	6	14	-8
64	09IOPhEh1OMe0HD9b36FJk	Over Now	Post Malone	2870237	57	6	8	-7
65	2UVbBKQOdFAekPTRsnkzcf	Stir Fry	Migos	2860320	54	19	2	-11
66	2Yl4OmDby9iitgNWZPwxkd	Be Careful	Cardi B	2788054	58	9	10	-8
67	0dSIrRkA4PadGll16TgbnV	PICK IT UP (feat. A$AP Rocky)	Famous Dex	2750556	62	9	39	-5
68	3aW0ds4A4tSQDIp75FqWTo	FAKE LOVE	BTS	2723398	49	3	21	-19
69	0JP9xo3adEtGSdUEISiszL	Moonlight	XXXTENTACION	2710843	64	12	5	-5
70	1HXy5I3HTWq8OvxCn0z7G7	Heaven	Kane Brown	2706632	68	21	60	-2
71	3a1lNhkSLSkpJE4MSHpDu9	Congratulations	Post Malone	2692422	73	75	5	2
72	5lZZmityu9TAjNvSY6GLhR	Zack And Codeine	Post Malone	2631846	59	6	10	-13
73	3ZhTT6yjZwpPph5MIJ53XY	Red Roses (feat. Landon Cube)	Lil Skies	2611416	71	22	38	-2
74	4P92FrvmYQSAfOpp4cpFEi	Simple	Florida Georgia Line	2584447	nan	1	74	new
75	7KXjTSCq5nL1LoYtL7XAwS	HUMBLE.	Kendrick Lamar	2574595	72	62	1	-3
76	0Dq49j3dELbttQVUJbtn0c	Nervous	Shawn Mendes	2564007	38	2	38	-38
77	3pWcj8hxj3fsb9TDAcMpEl	Somebody	The Chainsmokers	2528315	70	7	70	-7
78	4kWO6O1BUXcZmaxitpVUwp	Jackie Chan	Tiësto	2512013	103	3	78	25
79	5ffntNJnJOeFv7b7DCd0Bw	Takin' Shots	Post Malone	2475237	65	6	12	-14
80	688QpQAwqsLdBR6lr13wK1	Same Bitches (feat. G-Eazy & YG)	Post Malone	2458655	67	6	13	-13
81	2gTYVoQCUh0QNUaFix01ld	Chun-Li	Nicki Minaj	2458101	74	8	31	-7
82	44KKhCyI0BGS6LvVyDqJtH	Esskeetit	Lil Pump	2446093	77	8	32	-5
83	6gBFPUFcJLzWGx4lenP6h2	goosebumps	Travis Scott	2402086	89	75	16	6
84	5Z3GHaZ6ec9bsiI5BenrbY	Young Dumb & Broke	Khalid	2376446	80	61	6	-4
85	7oJrVhiTPZGBXWPwhxjy9S	Lust	Lil Skies	2372240	99	19	80	14
86	794QVQtFNy7hvtjQP1keQd	1942	G-Eazy	2345845	93	8	44	7
87	7m9OqQk4RVRkw9JJdeAw96	Jocelyn Flores	XXXTENTACION	2326269	83	41	3	-4
88	5mqzhMuUpvnMfwNz6iepmO	Welcome to the Party (with French Montana & Lil Pump, feat. Zhavia Ward) - from Deadpool 2	Diplo	2321234	81	3	81	-7
89	0At2qAoaVjIwWNAqrscXli	Boo'd Up	Ella Mai	2290162	116	4	89	27
90	2u7mxWSeoqTXndK5e08jMp	Nowadays (feat. Landon Cube)	Lil Skies	2287603	92	22	30	2
91	1rfofaqEpACxVEHIZBJe6W	Havana (feat. Young Thug)	Camila Cabello	2284191	88	21	2	-3
92	4dVpf9jZjcORqGTLUaeYj9	Plain Jane	A$AP Ferg	2249771	105	41	8	13
93	39N9RPD9MRb5WmoLzNzPeA	X	Nicky Jam	2244447	87	14	40	-6
94	152lZdxL1OR0ZMW6KquMif	Location	Khalid	2198201	96	75	9	2
95	6SFStUDQZNaGPKWOx9ZiJB	2002	Anne-Marie	2188604	145	6	95	50
96	6tZ3b7ik1QDXFAZlXib0YZ	Kevin’s Heart	J. Cole	2181826	101	7	4	5
97	2fQrGHiQOvpL9UgPvtYy6G	Bank Account	21 Savage	2164875	97	37	3	0
98	3RWM7z6BF8C6z9ypLtxz4M	Lean Wit Me	Juice WRLD	2150163	85	2	85	-13
99	7Il2yWQmsqKgSkLQvHTPUI	Tequila	Dan + Shay	2142932	84	14	64	-15
100	6bGwKHXHNLmTy6yt147FPh	If You Know You Know	Pusha T	2120746	47	2	47	-53
101	2RM4jf1Xa9zPgMGRDiht8O	Big Bank feat. 2 Chainz, Big Sean, Nicki Minaj	YG	2118266	76	2	76	-25
102	4EAV2cKiqKP5UPZmY6dejk	Everyday	Logic	2084849	107	13	6	5
103	4qWCFTuNnmGNdY4egtb4ZY	Otherside	Post Malone	2070089	94	6	15	-9
104	5PIfH6BzcmH04RDmtzF0BN	Outside Today	YoungBoy Never Broke Again	2066226	125	6	78	21
105	2iWEpiPiIPf5D4f2UGBlrZ	Bounce Out With That	YBN Nahmir	2065001	106	2	105	1
106	63SevszngYpZOwf63o61K4	Nevermind	Dennis Lloyd	2048953	139	12	36	33
107	1yxgsra98r3qAtxqiGZPiX	BUTTERFLY EFFECT	Travis Scott	2035266	124	55	9	17
108	6PGoSes0D9eUDeeAafB2As	LOVE. FEAT. ZACARI.	Kendrick Lamar	2035247	115	60	5	7
109	7AQim7LbvFVZJE3O8TYgf2	Fuck Love (feat. Trippie Redd)	XXXTENTACION	2023498	114	41	8	5
110	6KBYefIoo7KydImq1uUQlL	Bodak Yellow	Cardi B	2019235	123	9	35	13
111	0eHCArTPhwUxatY7cEXRiK	New Freezer (feat. Kendrick Lamar)	Rich The Kid	2011708	108	10	37	-3
112	4eWQlBRaTjPPUlzacqEeoQ	Never Be the Same	Camila Cabello	2009900	122	21	5	10
113	0dIoGTQXDh1wVnhIiSyYEa	Bartier Cardi (feat. 21 Savage)	Cardi B	1983385	120	9	26	7
114	4vaxvNDaLSoD36iZX515ug	Betrayed	Lil Xan	1975791	118	9	63	4
115	4ofvoCdXq99vpMZO4Cfp8x	Pray For Me (with Kendrick Lamar)	The Weeknd	1966627	109	18	3	-6
116	7boPPE857KEqCIHNwFkDop	Audio	Sia	1927269	nan	1	116	new
117	1AT4xjNarTswd0UZ5FlmKF	Motiv8	J. Cole	1923443	136	7	5	19
118	5tz69p7tJuGPeMGwNTxYuV	1-800-273-8255	Logic	1908729	135	58	1	17
119	7vGuf3Y35N4wmASOKLUVVU	Silence	Marshmello	1904960	142	43	10	23
120	76cy1WJvNGJTj78UqeA5zr	IDGAF	Dua Lipa	1898639	129	23	24	9
121	1Nj2oBISdFDSF8eDuXcALz	Start Again (feat. Logic)	OneRepublic	1895441	nan	1	121	new
122	1ZemPoaj7LBj1RAQrb89EC	Blame It On Me	Post Malone	1892909	112	6	18	-10
123	6EGAfJaLUFzhS4zRBIEQ2J	You Make It Easy	Jason Aldean	1892232	113	9	84	-10
124	26gceVsA1ybT8qsX3aYLEn	Thunder	Imagine Dragons	1887473	137	15	68	13
125	2DQ1ITjI0YoLFzuADN1ZBW	No Limit	G-Eazy	1887098	132	25	2	7
126	0OWZFobGSIW9GrSlQ9C5pc	Marry Me	Thomas Rhett	1873837	134	26	62	8
127	7AFASza1mXqntmGtbxXprO	changes	XXXTENTACION	1865345	121	12	13	-6
128	7ms3VzLTfr7fXNOqA4Mkx9	Creeping (feat. Rich the Kid)	Lil Skies	1862878	153	8	86	25
129	619pVMIK3WvX529JIkQTY3	Give Yourself A Try	The 1975	1849130	nan	1	129	new
130	0MrRAUcB8AZiB9ue2VOBYe	Sugar Wraith	Post Malone	1847765	126	6	21	-4
131	4LiMQ6G9n84rDUBs9wtwz6	Singles You Up	Jordan Davis	1845902	178	11	131	47
132	3kxfsdsCpFgN412fpnW85Y	Redbone	Childish Gambino	1844276	140	75	9	8
133	4wFjTWCunQFKtukqrNijEt	MotorSport	Migos	1843499	131	19	9	-2
134	1Faq8G2y56A8fRv7HsLq25	Wanted You (feat. Lil Uzi Vert)	NAV	1821160	133	3	75	-1
135	5WoaF1B5XIEnWfmb5NZikf	Sky Walker (feat. Travis Scott)	Miguel	1815510	155	27	21	20
136	2bSk87AVkCIIC3Bcligq1z	Life Goes On	Lil Baby	1811136	181	3	131	45
137	3Vo4wInECJQuz9BIBMOu8i	Finesse - Remix; feat. Cardi B	Bruno Mars	1807399	143	22	2	6
138	3B54sVLJ402zGa6Xm4YGNe	Unforgettable	French Montana	1801366	150	48	1	12
139	2rxQMGVafnNaRaXlRMWPde	Beautiful Crazy	Luke Combs	1799930	nan	1	139	new
140	7CneiDesUKFJO3Ix01dnfr	Delicate	Taylor Swift	1789707	163	3	126	23
141	5Cg98kiDYtCEHmjcKD0CJD	I Know You (feat. Yung Pinch)	Lil Skies	1783659	nan	1	141	new
142	2ekn2ttSfGqwhhate0LSR0	New Rules	Dua Lipa	1783236	144	47	20	2
143	1mMLMZYXkMueg65jRRWG1l	When It Rains It Pours	Luke Combs	1781584	169	38	123	26
144	1f5PNhkNgUpvDEeZfcIlO1	I Do (feat. SZA)	Cardi B	1781422	156	9	12	12
145	7Izh7zLJGw1Nscd62Exxj4	Believer	Imagine Dragons	1773590	154	15	100	9
146	1lsBTdE6MGsKeZCD6llNu7	Done for Me (feat. Kehlani)	Charlie Puth	1770295	119	4	95	-27
147	2P91MQbaiQOfbiz9VqhqKQ	I Like Me Better	Lauv	1759966	nan	1	147	new
148	4gB7HrYHbJVJ5RFOjxmoq4	One Number Away	Luke Combs	1741688	146	8	140	-2
149	1XRgIKC5TPwo7nWGyKqgG0	I Get the Bag (feat. Migos)	Gucci Mane	1738984	147	34	7	-2
150	62vpWI1CHwFy7tMIcSStl8	No Role Modelz	J. Cole	1734659	160	75	71	10
151	6mrKP2jyIQmM0rw6fQryjr	Let You Down	NF	1726485	159	34	11	8
152	2UciqgwVDwro0fev3MFbxJ	ATM	J. Cole	1717556	130	7	3	-22
153	0tgVpDi06FyKpA1z0VMD4v	Perfect	Ed Sheeran	1715400	157	57	13	4
154	2eAZfqOm4EnOF9VvN50Tyc	The Way Life Goes (feat. Oh Wonder)	Lil Uzi Vert	1713725	161	41	8	7
155	6mORGLOz79w6VsCRLWYYuK	The Night We Met	Lord Huron	1705602	151	26	48	-4
156	7mldq42yDuxiUNn08nvzHO	Body Like A Back Road	Sam Hunt	1696656	149	70	15	-7
157	2qcG0nZ6S3zZV0UrkY5nFo	Drip (feat. Migos)	Cardi B	1694889	158	9	17	1
158	7iEoaTyBCqLaAwJnOP1BTn	The Games We Play	Pusha T	1693159	82	2	82	-76
159	4DTpngLjoHj5gFxEZFeD3J	Codeine Dreaming (feat. Lil Wayne)	Kodak Black	1684738	166	28	11	7
160	6xTU6B6nFwKKTSZ9ySXS80	Remind Me to Forget	Kygo	1672583	175	12	63	15
161	6WBTeFDEfAJbaSUUc1V1xQ	Lost In Japan	Shawn Mendes	1672419	86	2	86	-75
162	5yuShbu70mtHXY0yLzCQLQ	Go Flex	Post Malone	1666799	174	75	24	12
163	2374M0fQpWi3dLnB54qaLX	Africa	TOTO	1655420	172	9	163	9
164	083Qf6hn6sFL6xiOHlZUyn	I'll Be There	Jess Glynne	1651220	nan	1	164	new
165	6eT7xZZlB2mwyzJ2sUKG6w	White Iverson	Post Malone	1635446	182	75	66	17
166	7EulRO07ZgchxqKUHb8Pvc	1985 - Intro to “The Fall Off”	J. Cole	1628836	165	7	7	-1
167	33IOhptvC2Qoy2UhjiHXLV	Flames	David Guetta	1607623	200	10	140	33
168	1u0CD4fcBUB1xrG9fNgejh	Clout (feat. 21 Savage)	Ty Dolla $ign	1606800	167	4	73	-1
169	7qiZfU4dY1lWllzX7mPBI3	Shape of You	Ed Sheeran	1597531	173	74	1	4
170	1QRJb5VY3sIkCKcTuIKCrk	Rubbin off the Paint	YBN Nahmir	1596357	171	19	75	1
171	0TCnOEVeLQMXOUrpPlM7uY	Guatemala - From Swaecation	Rae Sremmurd	1592184	183	5	81	12
172	6xHI9KjUjYT0FPtGO8Mxa1	Hurricane	Luke Combs	1587288	nan	40	85	re-enter
173	7F3uo3304R2CTvOseU3H7u	Whatever It Takes	Imagine Dragons	1584120	191	11	171	18
174	5vnuJ8EopkP5dHukpOmT3L	What Would Meek Do?	Pusha T	1577298	61	2	61	-113
175	1f5cbQtDrykjarZVrShaDI	Drowning (feat. Kodak Black)	A Boogie Wit da Hoodie	1574388	176	36	21	1
176	3m660poUr1chesgkkjQM7P	Sorry Not Sorry	Demi Lovato	1548302	189	36	11	13
177	6XlSyYFTU1nodeWwwzVgTV	Sangria Wine	Pharrell Williams	1537914	138	3	51	-39
178	6HZILIRieu8S0iqY8kIKhj	DNA.	Kendrick Lamar	1523059	187	60	2	9
179	7zVCrzzEJU7u24sbJPXA5W	What Ifs (feat. Lauren Alaina)	Kane Brown	1514194	193	53	50	14
180	5fGWdNGGnvKrrHL6U7c1Vp	Humility (feat. George Benson)	Gorillaz	1506256	nan	1	180	new
181	1883mCuSqnfnrWoq8i3myH	Programs	Mac Miller	1496460	nan	1	181	new
182	3GVkPk8mqxz0itaAriG1L7	Everybody Dies In Their Nightmares	XXXTENTACION	1496189	188	41	15	6
183	3uYDO9dPLTVrgfwg7EYXSf	Lift Yourself	Kanye West	1495960	nan	5	58	re-enter
184	27oFpFktCq9JIXjJQRuv7a	GOTTI	6ix9ine	1494649	nan	7	96	re-enter
185	2VKf0WEOpq06JE5PTNr9wa	Jettski Grizzley (feat. Lil Pump)	Tee Grizzley	1479769	170	4	61	-15
186	5mCPDVBb16L4XQwDdbRUpz	Passionfruit	Drake	1468671	179	17	107	-7
187	2mfahQ0EaaZWq4cFNg6A1o	All On Me	Devin Dawson	1458488	nan	11	156	re-enter
188	7hDVYcQq6MxkdJGweuCtl9	ocean eyes	Billie Eilish	1447749	nan	1	188	new
189	0Y4hwUppbGc8aIBmiTz30A	Familiar	Liam Payne	1438336	198	7	57	9
190	3YeJXuRSNS5FYwOsDu44kD	Dark Knight Dummo (Feat. Travis Scott)	Trippie Redd	1427219	nan	25	63	re-enter
191	1xznGGDReH1oQq0xzbwXa3	One Dance	Drake	1423359	186	69	13	-5
192	2OvV4NjEBRE9v8Oo7QeUCq	Jump (with Trippie Redd)	Julia Michaels	1422987	nan	2	156	re-enter
193	4cxMGhkinTocPSVVKWIw0d	Losin Control	Russ	1422081	nan	72	75	re-enter
194	0q75NwOoFiARAVp4EXU4Bs	Love Galore (feat. Travis Scott)	SZA	1420813	nan	55	24	re-enter
195	3oHkMCVJyOcjg5FhfLc2Rq	A$AP Forever REMIX	A$AP Rocky	1420339	50	2	50	-145
196	18W92Zm1KjLCbUIszOhpkD	I Wanna Know (feat. Bea Miller)	NOTD	1410904	nan	7	60	re-enter
197	40oKW22ZNNkEdZLJTScaQI	Roll In Peace (feat. XXXTENTACION)	Kodak Black	1407118	148	42	24	-49
198	5uCax9HTNlzGybIStD3vDh	Say You Won't Let Go	James Arthur	1406439	nan	74	15	re-enter
199	6RSNKGdv3nDTHqgw4bdzyF	Yours	Russell Dickerson	1401552	196	21	139	-3
200	4lUnFLtn8w3W76FiYDRzmO	Wait	Maroon 5	1400813	nan	6	48	re-enter
