position	song_id	song_name	artist	streams	last_week_position	weeks_on_chart	peak_position	position_status
1	2G7V7zsVDxg1yRsu7Ew9RJ	In My Feelings	Drake	13661457	2	4	1	1
2	2xLMifQCjDGFmkHkpNLD9h	SICKO MODE	Travis Scott	13114707	1	2	1	-1
3	2E124GmJRnBJuXbTb4cPUB	FEFE (feat. Nicki Minaj & Murda Beatz)	6ix9ine	11942140	4	4	2	1
4	0s3nnoMeVWz3989MkNQiRf	Lucid Dreams	Juice WRLD	10324168	6	5	2	2
5	7wBJfHzpfI3032CSD7CE2m	STARGAZING	Travis Scott	8655749	3	2	3	-2
6	3ee8Jmje8o58CHK66QrVC2	SAD!	XXXTENTACION	7761059	14	22	1	8
7	5WvAo7DNuPRmk4APhdPzi8	No Brainer	DJ Khaled	7586942	11	3	4	4
8	5IaHrVsrferBYDm0bDyABy	Taste (feat. Offset)	Tyga	7246203	16	13	4	8
9	0TlLq3lA83rQOYtrqBqSct	Nonstop	Drake	7167946	22	4	7	13
10	0d2iYfpKoM0QCKvcLCkBao	Eastside (with Halsey & Khalid)	benny blanco	7094536	19	5	10	9
11	58q2HKrzhC3ozto2nDdN4z	I Like It	Cardi B	6875945	18	19	3	7
12	7dt6x5M1jzdTEt8oCbisTK	Better Now	Post Malone	6666686	24	16	1	12
13	4mHgYpuGHu99Mw69E83CP2	Taking A Walk	Trippie Redd	6562798	nan	1	13	new
14	0JP9xo3adEtGSdUEISiszL	Moonlight	XXXTENTACION	6513943	25	22	3	11
15	7fa9MBXhVfQ8P8Df9OEbD8	Girls Like You (feat. Cardi B)	Maroon 5	6067245	27	9	9	12
16	6vN77lE9LK6HP2DewaN6HZ	Yes Indeed	Lil Baby	5730132	30	13	2	14
17	6Poyf51k7W3NKnsGwAI90B	Barbie Dreams	Nicki Minaj	5346433	nan	1	17	new
18	7gkWXbAxIYuvtOpcN3p9GJ	God is a woman	Ariana Grande	5008833	29	5	4	11
19	3CA9pLiwRIGtUBiMjbZmRw	Nice For What	Drake	4876087	31	4	12	12
20	7lAK3oHbfEnvUQWosrMMpR	YOSEMITE	Travis Scott	4872867	7	2	7	-13
21	2iUXsYOEPhVqEBwsqP70rE	Youngblood	5 Seconds of Summer	4671139	35	9	17	14
22	6DCZcSspjsKoFjzjrWoCdn	God's Plan	Drake	4626057	33	4	16	11
23	3swc6WTsr7rl9DqQKQA55C	Psycho (feat. Ty Dolla $ign)	Post Malone	4618130	36	16	2	13
24	0ZNrc4kNeQYD9koZ3KvCsy	BIG BANK (feat. 2 Chainz, Big Sean, Nicki Minaj)	YG	4360260	32	2	24	8
25	0XySogm94T51XF5F2jumXm	All Girls Are The Same	Juice WRLD	4337806	38	5	23	13
26	7m9OqQk4RVRkw9JJdeAw96	Jocelyn Flores	XXXTENTACION	4293627	37	51	3	11
27	7KZ5MMVgBVox9ycroB2UrI	CAROUSEL	Travis Scott	4206081	5	2	5	-22
28	3obgSF06ki98lYNLNq5vCB	Wasted (feat. Lil Uzi Vert)	Juice WRLD	4135541	41	5	25	13
29	7K7MUBCnzgBAvMVW2RTWNs	Body (feat. brando)	Loud Luxury	4091985	39	2	29	10
30	4VUwkH455At9kENOfzTqmF	Beautiful (feat. Camila Cabello)	Bazzi	4036632	50	2	30	20
31	20MuVazoNMv6xjKPnRFOxG	WAKE UP	Travis Scott	3979424	9	2	9	-22
32	4kWO6O1BUXcZmaxitpVUwp	Jackie Chan	Tiësto	3972403	40	13	18	8
33	7AQim7LbvFVZJE3O8TYgf2	Fuck Love (feat. Trippie Redd)	XXXTENTACION	3913215	44	51	8	11
34	4keoy2fqgwGnbWlm3ZVZFa	Happy Now	Zedd	3841930	51	4	34	17
35	7AFASza1mXqntmGtbxXprO	changes	XXXTENTACION	3824566	42	22	7	7
36	4qKcDkK6siZ7Jp1Jb4m0aL	Look Alive (feat. Drake)	BlocBoy JB	3735726	46	27	3	10
37	27a1mYSG5tYg7dmEjWBcmL	CAN'T SAY	Travis Scott	3723025	15	2	15	-22
38	0e7ipj03S05BNilyu5bRzt	rockstar (feat. 21 Savage)	Post Malone	3687933	47	16	9	9
39	29tc0GbW0pTSBZSCZF3NWk	Lean Wit Me	Juice WRLD	3654398	64	5	39	25
40	33tNYw9oMtSkGe27NpgS64	WORKIN ME	Quavo	3596518	nan	1	40	new
41	6xcJyGpfZbuuiequtnlKt4	BUTTERFLY EFFECT	Travis Scott	3537879	26	2	26	-15
42	55GiOwtxNajXVbpjjIzMnD	SWISH	Tyga	3501000	48	3	32	6
43	6OaVWaGfhXn70ZJfdVcabn	NO BYSTANDERS	Travis Scott	3484309	10	2	10	-33
44	4SZepBIPDRwPaHIjAKwRDb	R.I.P. SCREW	Travis Scott	3450011	8	2	8	-36
45	1xYpVRspgaLxdJLOTQkTjg	STOP TRYING TO BE GOD	Travis Scott	3444231	12	2	12	-33
46	3qN5qMTKyEEmiTZD38BNTT	I'm Upset	Drake	3389143	43	4	17	-3
47	7ycWLEP1GsNjVvcjawXz3z	Praise The Lord (Da Shine) (feat. Skepta)	A$AP Rocky	3338099	49	12	11	2
48	11kDth1aKUEUMq9r1pqyds	5% TINT	Travis Scott	3246556	13	2	13	-35
49	75ZvA4QfFiZvzhj2xkaWAh	I Fall Apart	Post Malone	3127916	55	48	2	6
50	3V8UKqhEK5zBkBb6d6ub8i	Te Boté - Remix	Nio Garcia	3051814	54	18	42	4
51	3u1S1OmAUhx5DRlLrXqyp3	Rise	Jonas Blue	2960905	53	8	35	2
52	6yz0Jndhv0QjKdpcEMbOjz	Shake It Up	Trippie Redd	2954742	nan	1	52	new
53	5HnxL39pSgVVQMLP7WnSfv	Missing My Idols	Trippie Redd	2938804	nan	1	53	new
54	6G8kHiVZ1jW7vHMPVRNZU0	Don’t Matter To Me (with Michael Jackson)	Drake	2930509	45	4	14	-9
55	0E9ZjEAyAwOXZ7wJC0PD33	In My Mind	Dynoro	2873491	58	3	55	3
56	0u2P5u6lvoDfwTYjAADbn4	lovely (with Khalid)	Billie Eilish	2868942	62	17	24	6
57	7rC5Pl8rQSX4myONQHYPBK	Mob Ties	Drake	2867727	52	4	23	-5
58	6BJbOXDlgVAXSaq6wYFYT2	NC-17	Travis Scott	2832714	17	2	17	-41
59	4KYS9GK68yeuUJ8vJfPxrq	WHO? WHAT!	Travis Scott	2826235	21	2	21	-38
60	3L4GsGLgxpHieVQH86H8bv	Bed (feat. Ariana Grande)	Nicki Minaj	2788619	nan	1	60	new
61	6IaieqiCVvsNvEt6Y7yOFa	Ball For Me (feat. Nicki Minaj)	Post Malone	2787436	56	16	9	-5
62	3GVkPk8mqxz0itaAriG1L7	Everybody Dies In Their Nightmares	XXXTENTACION	2759971	60	51	15	-2
63	6rDaCGqcQB1urhpCrrD599	Album of the Year - Freestyle	J. Cole	2741555	nan	1	63	new
64	3EPXxR3ImUwfayaurPi3cm	Be Alright	Dean Lewis	2740989	94	3	64	30
65	3QybPutx0Tjk472bBKjNWn	Mo Bamba	Sheck Wes	2707218	106	3	65	41
66	45Egmo7icyopuzJN0oMEdk	Love Lies (with Normani)	Khalid	2700803	70	26	9	4
67	42fw0rxRO2xbesF6mJfd4Y	Tequila	Dan + Shay	2688702	88	8	60	21
68	1ZAyjvIk9YiD76yYy0TEG6	Plug Walk	Rich The Kid	2670006	67	3	48	-1
69	58TaFP5j5i9swOf584yon2	HOUSTONFORNICATION	Travis Scott	2669948	28	2	28	-41
70	1pF74yw15wXk12A1NPVWHD	BANG!	Trippie Redd	2654951	nan	1	70	new
71	5SxkdsY1ufZzoq9iXceLw9	no tears left to cry	Ariana Grande	2622816	66	17	9	-5
72	6vsV4D8BM6PioRr1UOx0n2	you should see me in a crown	Billie Eilish	2616355	59	4	33	-13
73	2c3qwFINQyRGwyqI97UQiA	Forever Ever	Trippie Redd	2597923	nan	1	73	new
74	7sO5G9EABYOXQKNPNiE9NR	Ric Flair Drip (& Metro Boomin)	Offset	2591424	72	42	4	-2
75	1rqqCSm0Qe4I9rUvWncaom	High Hopes	Panic! At The Disco	2589149	63	8	45	-12
76	4MXhiYIRDMGAuvZc5IFTwC	ASTROTHUNDER	Travis Scott	2572657	23	2	23	-53
77	0At2qAoaVjIwWNAqrscXli	Boo'd Up	Ella Mai	2566215	57	14	26	-20
78	6kPJZM97LwdG9QIsT7khp6	Solo (feat. Demi Lovato)	Clean Bandit	2518923	65	13	41	-13
79	6Hgh47WXVKtXN5zGOu0hjI	OTW	Khalid	2517654	84	17	20	5
80	7GX5flRQZVHRAGd6B4TmDO	XO Tour Llif3	Lil Uzi Vert	2511823	73	51	2	-7
81	3qnoOm4fwZPBS116f5hpgF	All Mine	Kanye West	2493289	76	11	1	-5
82	4apiNNK0jp9uqn3JDG9My1	Dark Knight Dummo	Trippie Redd	2470403	nan	1	82	new
83	6NMtzpDQBTOfJwMzgMX0zl	SKELETONS	Travis Scott	2453192	20	2	20	-63
84	4zIO3ilp5HvTeK3HJHxhMP	Natural	Imagine Dragons	2452778	90	4	63	6
85	1e4rwBPVI32vZtTJu7mJ4J	Chun-Li	Nicki Minaj	2435590	nan	1	85	new
86	7ef4DlsgrMEH11cDZd32M6	One Kiss (with Dua Lipa)	Calvin Harris	2434224	71	19	19	-15
87	7uzmGiiJyRfuViKKK3lVmR	Mine	Bazzi	2430401	74	18	16	-13
88	6m3LlhdZ0HWn4D7Nnm06MQ	Together	Trippie Redd	2427697	nan	1	88	new
89	04ZTP5KsCypmtCmQg5tH9R	I'm a Mess	Bebe Rexha	2426348	109	8	84	20
90	38TgLPNHsPzgqri5G4SPun	Majesty (with Labrinth & feat. Eminem)	Nicki Minaj	2424879	nan	1	90	new
91	7IBSffWIu7P2MC7kMwy2FM	Hopeless Romantic (feat. Swae Lee)	Wiz Khalifa	2419175	83	5	37	-8
92	6IpvkngH89cA3hhPC84Leg	Wish - Trippie Mix	Diplo	2375507	nan	1	92	new
93	32lItqlMi4LBhb4k0BaSaC	Candy Paint	Post Malone	2359302	81	16	17	-12
94	4UKCKdYiLN6IMA5ZESUTL7	the remedy for a broken heart (why am I so in love)	XXXTENTACION	2356878	79	18	18	-15
95	3nc420PXjTdBV5TN0gCFkS	Ocean (feat. Khalid)	Martin Garrix	2350455	61	9	22	-34
96	2D1MK9oaxy7axXggy3iVbp	Rich Sex (feat. Lil Wayne)	Nicki Minaj	2347231	nan	1	96	new
97	2ZRo7axmMPeSVUvDbGkJah	Hope	XXXTENTACION	2326636	85	14	28	-12
98	4hQ6UGyWQIGJmHSo0J88JW	Back To You - From 13 Reasons Why – Season 2 Soundtrack	Selena Gomez	2318021	75	6	35	-23
99	4e4fqjx0Izh4svvTef1z7e	Meant to Be (feat. Florida Georgia Line)	Bebe Rexha	2315493	80	8	44	-19
100	6eYxmK9fdL4hwLnXG2zY3s	Look At Me!	XXXTENTACION	2272101	87	23	33	-13
101	6n4U3TlzUGhdSFbUUhTvLP	Walk It Talk It	Migos	2258944	82	29	6	-19
102	7oJrVhiTPZGBXWPwhxjy9S	Lust	Lil Skies	2219698	99	29	79	-3
103	1j2l6jMz85PaXuDiF08Vcv	Bird Shit	Trippie Redd	2210784	nan	1	103	new
104	5PTG6rrL6EPFD9E2QMI2pl	JAPAN	Famous Dex	2206955	91	19	12	-13
105	0ibOcbkp2XG46Do8jcy0bL	Nephew (feat. Lil Pump)	Smokepurpp	2180554	115	3	105	10
106	5a8RPWgKSmcGBGcffmIrUi	Thunderclouds	Sia	2159178	nan	1	106	new
107	2lYTJK94hb0fd1LQtb6Dhk	Don't Leave Me Alone (feat. Anne-Marie)	David Guetta	2159037	130	3	100	23
108	1Knctxx9vGZxpZfF66BIEa	Legends	Juice WRLD	2138645	98	8	68	-10
109	1BuZAIO8WZpavWVbbq3Lci	Powerglide (feat. Juicy J) - From SR3MM	Rae Sremmurd	2134455	86	15	18	-23
110	03It1uO69CjGWP3yyVe465	Chun Swae (feat. Swae Lee)	Nicki Minaj	2132043	nan	1	110	new
111	09IStsImFySgyp0pIQdqAc	The Middle	Zedd	2122662	96	11	8	-15
112	2BJSMvOGABRxokHKB0OI8i	Shoota (feat. Lil Uzi Vert)	Playboi Carti	2105228	102	14	27	-10
113	6gBFPUFcJLzWGx4lenP6h2	goosebumps	Travis Scott	2105181	77	85	16	-36
114	3a1lNhkSLSkpJE4MSHpDu9	Congratulations	Post Malone	2094713	100	85	5	-14
115	4QVS8YCpK71R4FsxSMCjhP	Tie Me Down (with Elley Duhé)	Gryffin	2092583	nan	1	115	new
116	0kHyKhJMukHEPfeh8s7rdM	Born To Be Yours	Kygo	2059548	89	9	49	-27
117	0E6PsO3ymCfUh7pJQjBgkj	APESHIT	The Carters	2049972	97	9	26	-20
118	5yNEdBlZMxpcVtGKz5NFk5	Side Effects (feat. Emily Warren)	The Chainsmokers	2047221	95	3	95	-23
119	6fYkv8bGKiZl4Y3LYrFfAZ	Simple	Florida Georgia Line	2043815	nan	1	119	new
120	0b9oOr2ZgvyQu88wzixux9	This Is America	Childish Gambino	2034087	92	15	1	-28
121	3LHYmz86DxGInsRp3wiiW5	Ganja Burn	Nicki Minaj	2013311	nan	1	121	new
122	7CKR3FcBqSsGcgce0ECe1z	LLC	Nicki Minaj	2000974	nan	1	122	new
123	2u7mxWSeoqTXndK5e08jMp	Nowadays (feat. Landon Cube)	Lil Skies	1989126	114	32	30	-9
124	7KXjTSCq5nL1LoYtL7XAwS	HUMBLE.	Kendrick Lamar	1979551	108	72	1	-16
125	1gm616Plq4ScqNi7TVkZ5N	Call Out My Name	The Weeknd	1977194	117	20	1	-8
126	1HXy5I3HTWq8OvxCn0z7G7	Heaven	Kane Brown	1913571	145	31	60	19
127	3ZhTT6yjZwpPph5MIJ53XY	Red Roses (feat. Landon Cube)	Lil Skies	1911515	112	32	38	-15
128	40oKW22ZNNkEdZLJTScaQI	Roll In Peace (feat. XXXTENTACION)	Kodak Black	1907956	119	51	24	-9
129	6nO3tr47nr2P7f3hXb8JIo	Champion (feat. Travis Scott)	NAV	1894067	131	13	60	2
130	1zB4vmk8tFRmM9UULNzbLB	Thunder	Imagine Dragons	1893672	122	4	109	-8
131	2bSk87AVkCIIC3Bcligq1z	Life Goes On	Lil Baby	1889263	136	13	105	5
132	6vnfObZ4Ys70SBAtti1xZ9	COFFEE BEAN	Travis Scott	1867192	34	2	34	-98
133	384Oc8MQzITdL2DGyCeivN	Kept Back (feat. Lil Pump) - Bonus Track	Gucci Mane	1856576	nan	1	133	new
134	63SevszngYpZOwf63o61K4	Nevermind	Dennis Lloyd	1855586	116	22	36	-18
135	0dSIrRkA4PadGll16TgbnV	PICK IT UP (feat. A$AP Rocky)	Famous Dex	1854978	127	19	39	-8
136	4H7WNRErSbONkM06blBoGc	Stay	Post Malone	1842600	123	16	6	-13
137	4F1yvJfQ7gJkrcgFJQDjOr	Playinwitme (feat. Kehlani)	KYLE	1842047	126	13	24	-11
138	41zXlQxzTi6cGAjpOXyLYH	idontwannabeyouanymore	Billie Eilish	1841141	155	5	138	17
139	5vAEnWrHxLv78uwZrAJcX6	Thought I Knew You (feat. The Weeknd)	Nicki Minaj	1832291	nan	1	139	new
140	2rxQMGVafnNaRaXlRMWPde	Beautiful Crazy	Luke Combs	1823793	129	11	129	-11
141	1rfofaqEpACxVEHIZBJe6W	Havana (feat. Young Thug)	Camila Cabello	1803225	124	31	2	-17
142	5Z3GHaZ6ec9bsiI5BenrbY	Young Dumb & Broke	Khalid	1787858	135	71	6	-7
143	51rXHuKN8Loc4sUlKPODgH	King's Dead (with Kendrick Lamar, Future & James Blake)	Jay Rock	1770906	132	31	7	-11
144	5S1IUPueD0xE0vj4zU3nSf	Bigger Than You (feat. Drake & Quavo)	2 Chainz	1764077	125	9	28	-19
145	07FkzikE6FuHIa8Ma7zJGc	Lie	NF	1749959	120	6	77	-25
146	0pqnGHJpmpxLKifKRmU6WP	Believer	Imagine Dragons	1748226	139	4	124	-7
147	152lZdxL1OR0ZMW6KquMif	Location	Khalid	1746930	143	85	9	-4
148	2UVbBKQOdFAekPTRsnkzcf	Stir Fry	Migos	1735264	134	29	2	-14
149	5FTrzXtDMz3adIbLmVShk4	UKA UKA	Trippie Redd	1732699	nan	1	149	new
150	10Igtw8bSDyyFs7KIsKngZ	Freaky Friday (feat. Chris Brown)	Lil Dicky	1721354	128	22	6	-22
151	1RagpNpkD3KcjXMLGMe99V	Fr Fr (feat. Lil Skies)	Wiz Khalifa	1717083	118	5	48	-33
152	6kp0inxIexxSiDJfWqq0ZL	TATI	6ix9ine	1711948	144	12	50	-8
153	0wbnC9AUenxp613TYaJsGK	Narcos	Migos	1710770	147	24	3	-6
154	6JjPBQfI2Y8nIjnm65X6Pw	X - Remix	Nicky Jam	1704522	146	7	83	-8
155	3GCdLUSnKSMJhs4Tj6CV3s	All The Stars (with SZA)	Kendrick Lamar	1702955	133	25	3	-22
156	3fpVWegR6YOS1Yk5HSMYIq	Paranoid	Post Malone	1698304	141	16	3	-15
157	6f5i916F3jU6BhOOD7iGqf	Ned Flanders (feat. A$AP Ferg)	MadeinTYO	1696308	150	5	139	-7
158	19Fcrc0nJiwMKom00gS9SW	Good Form	Nicki Minaj	1691942	nan	1	158	new
159	2fQrGHiQOvpL9UgPvtYy6G	Bank Account	21 Savage	1691487	137	47	3	-22
160	7ms3VzLTfr7fXNOqA4Mkx9	Creeping (feat. Rich the Kid)	Lil Skies	1689974	159	18	86	-1
161	2ijef6ni2amuunRoKTlgww	Sin Pijama	Becky G	1688707	138	8	101	-23
162	4CWgevZ4xGjy6o5qMPgYR0	Gore	Trippie Redd	1684640	nan	1	162	new
163	2VdT56BGpdqNHUgOe1j5vc	Rich & Sad	Post Malone	1679589	149	16	5	-14
164	1hHbmfNfXIwHyHCYO8ae3I	Hard White	Nicki Minaj	1669165	nan	1	164	new
165	2uIX8YMNjGMD7441kqyyNU	ocean eyes	Billie Eilish	1665139	nan	1	165	new
166	4j3GWI86JvSaF0BLdmgcfF	Summertime Magic	Childish Gambino	1658075	69	6	13	-97
167	2iWEpiPiIPf5D4f2UGBlrZ	Bounce Out With That	YBN Nahmir	1650501	158	12	105	-9
168	4vaxvNDaLSoD36iZX515ug	Betrayed	Lil Xan	1647065	156	19	63	-12
169	2374M0fQpWi3dLnB54qaLX	Africa	TOTO	1644401	161	19	144	-8
170	08bNPGLD8AhKpnnERrAc6G	FRIENDS	Marshmello	1633053	142	27	17	-28
171	01TnVDiet1DFTsyWKUKovl	NUMB	XXXTENTACION	1621978	154	14	23	-17
172	6KBYefIoo7KydImq1uUQlL	Bodak Yellow	Cardi B	1616913	157	19	35	-15
173	6EGAfJaLUFzhS4zRBIEQ2J	You Make It Easy	Jason Aldean	1609227	153	19	84	-20
174	3T4UodGkfZObJ43RtA5KFU	Connection	OneRepublic	1599700	151	6	88	-23
175	2P91MQbaiQOfbiz9VqhqKQ	I Like Me Better	Lauv	1595916	164	11	141	-11
176	3nmfktGzQJe0B77Ilcce1o	LAMB TALK	Quavo	1586678	nan	1	176	new
177	1R0Ig5KYrSGWvIoPzY4T3l	Black & White	Juice WRLD	1579297	181	5	174	4
178	2BgEsaKNfHUdlh97KmvFyo	2002	Anne-Marie	1562343	nan	1	178	new
179	4dVpf9jZjcORqGTLUaeYj9	Plain Jane	A$AP Ferg	1560981	162	51	8	-17
180	3EApebexZ7YqDIqw2EMTDh	I Might Need Security	Chance the Rapper	1560495	121	4	18	-59
181	7yotKA30dwTKNEGomV9ZsI	KOD	J. Cole	1560111	176	17	2	-5
182	6qLkTJidtiVuNmW7ETJlic	How You Feel	Trippie Redd	1551513	nan	1	182	new
183	5tz69p7tJuGPeMGwNTxYuV	1-800-273-8255	Logic	1546918	166	68	1	-17
184	6PGoSes0D9eUDeeAafB2As	LOVE. FEAT. ZACARI.	Kendrick Lamar	1545164	174	70	5	-10
185	7qiZfU4dY1lWllzX7mPBI3	Shape of You	Ed Sheeran	1538732	169	84	1	-16
186	1dUHF4RyMmMTveJ0Rby6Xm	Can’t Take A Joke	Drake	1531925	152	4	68	-34
187	3GOZyiebYv432EnVy9XwzE	Oomps Revenge	Trippie Redd	1530937	nan	1	187	new
188	2eAZfqOm4EnOF9VvN50Tyc	The Way Life Goes (feat. Oh Wonder)	Lil Uzi Vert	1518053	180	51	8	-8
189	52okn5MNA47tk87PeZJLEL	Let You Down	NF	1515789	172	8	38	-17
190	3GJ4hzg4lrGwU51Y3VARbF	Speechless	Dan + Shay	1512422	nan	2	187	re-enter
191	4wFjTWCunQFKtukqrNijEt	MotorSport	Migos	1500474	198	29	9	7
192	5VuxWXbt7XENQCtE9TzpTv	Spoil My Night (feat. Swae Lee)	Post Malone	1498069	170	16	4	-22
193	3DoBTwfr8yi2LN08SBpFkN	Watch (feat. Lil Uzi Vert & Kanye West)	Travis Scott	1496122	105	15	8	-88
194	6NFyWDv5CjfwuzoCkw47Xf	Delicate	Taylor Swift	1487918	178	23	23	-16
195	2DQ1ITjI0YoLFzuADN1ZBW	No Limit	G-Eazy	1470211	184	35	2	-11
196	7DrluKkTviBwCc8AV3VGmf	Clandestino	Shakira	1469254	175	4	153	-21
197	7mldq42yDuxiUNn08nvzHO	Body Like A Back Road	Sam Hunt	1466957	187	80	15	-10
198	6ZIuit0z4eQg77F1RGkp0L	Nico And The Niners	Twenty One Pilots	1464611	nan	5	52	re-enter
199	6SkeXwlWEHhjSZPNVSpJae	Up Down (feat. Florida Georgia Line)	Morgan Wallen	1458324	nan	2	180	re-enter
200	5vDvBD3ReINP8dXUplj477	Leave Me Alone	Flipp Dinero	1450319	nan	1	200	new
