position	song_id	song_name	artist	streams	last_week_position	weeks_on_chart	peak_position	position_status
1	2XW4DbS6NddZxRPm5rMCeY	God's Plan	Drake	26345370	nan	1	1	new
2	7wGoVu4Dady5GV0Sv4UIsx	rockstar	Post Malone	8635041	1	16	1	-1
3	5goGDc74vVREyN8al8CkPh	Diplomatic Immunity	Drake	8422148	nan	1	3	new
4	3Vo4wInECJQuz9BIBMOu8i	Finesse - Remix; feat. Cardi B	Bruno Mars	6831118	3	3	2	-1
5	2DQ1ITjI0YoLFzuADN1ZBW	No Limit	G-Eazy	6657944	4	6	2	-1
6	75ZvA4QfFiZvzhj2xkaWAh	I Fall Apart	Post Malone	6557861	6	19	2	0
7	1rfofaqEpACxVEHIZBJe6W	Havana (feat. Young Thug)	Camila Cabello	6521146	2	2	2	-5
8	7sO5G9EABYOXQKNPNiE9NR	Ric Flair Drip (& Metro Boomin)	Offset	6355943	8	13	4	0
9	75FDPwaULRdYDn4StFN2rT	Bartier Cardi (feat. 21 Savage)	Cardi B	5972385	7	5	4	-2
10	12SJpYZEdj4kzWZ8FPFg4Y	All The Stars (with SZA)	Kendrick Lamar	5946526	9	2	9	-1
11	4eWQlBRaTjPPUlzacqEeoQ	Never Be the Same	Camila Cabello	5662604	5	2	5	-6
12	5k38wzpLb15YgncyWdTZE4	Him & I (with Halsey)	G-Eazy	5494119	10	6	5	-2
13	4DTpngLjoHj5gFxEZFeD3J	Codeine Dreaming (feat. Lil Wayne)	Kodak Black	5415717	12	9	11	-1
14	3ncgNpxLoBQ65ABk4djDyd	PICK IT UP (feat. A$AP Rocky)	Famous Dex	5281454	14	13	14	0
15	6PGoSes0D9eUDeeAafB2As	LOVE. FEAT. ZACARI.	Kendrick Lamar	5178866	11	41	5	-4
16	6mrKP2jyIQmM0rw6fQryjr	Let You Down	NF	5113990	13	15	11	-3
17	4fndbjoz1qJyK6JcLdKfzm	Stir Fry	Migos	4927600	25	5	17	8
18	7iDa6hUg2VgEL1o1HjmfBn	Meant to Be (feat. Florida Georgia Line)	Bebe Rexha	4712749	22	20	18	4
19	42CeaId2XNlxugDvyqHfDf	Candy Paint	Post Malone	4675445	15	14	4	-4
20	7GX5flRQZVHRAGd6B4TmDO	XO Tour Llif3	Lil Uzi Vert	4640030	16	22	2	-4
21	7jqDzXJS0K0Re8uphYNit0	Sick Boy	The Chainsmokers	4620927	nan	1	21	new
22	630sXRhIcfwr2e4RdNtjKN	Rewrite The Stars	Zac Efron	4517483	30	4	22	8
23	5WoaF1B5XIEnWfmb5NZikf	Sky Walker (feat. Travis Scott)	Miguel	4466078	27	8	23	4
24	4dVpf9jZjcORqGTLUaeYj9	Plain Jane	A$AP Ferg	4365077	24	22	8	0
25	1YZfcVLbbJwfizR5cDOp3q	MotorSport	Migos	4356230	18	13	9	-7
26	5AEtlRudpgdT5FtNiuly6Y	Let Me Go (with Alesso, Florida Georgia Line & watt)	Hailee Steinfeld	4346609	23	19	19	-3
27	2fQrGHiQOvpL9UgPvtYy6G	Bank Account	21 Savage	4300419	19	18	3	-8
28	5UEnHoDYpsxlfzWLZIc7LD	River (feat. Ed Sheeran)	Eminem	4291324	21	6	2	-7
29	3a1lNhkSLSkpJE4MSHpDu9	Congratulations	Post Malone	4142267	32	56	5	3
30	7KXjTSCq5nL1LoYtL7XAwS	HUMBLE.	Kendrick Lamar	4088656	26	43	1	-4
31	76cy1WJvNGJTj78UqeA5zr	IDGAF	Dua Lipa	4080375	39	4	31	8
32	6NWl2m8asvH83xjuXVNsuG	Betrayed	Lil Xan	4045706	33	14	25	1
33	0tgVpDi06FyKpA1z0VMD4v	Perfect	Ed Sheeran	4005746	31	38	13	-2
34	43ZyHQITOjhciSUUNPVRHc	Gucci Gang	Lil Pump	3982880	20	16	2	-14
35	7EmGUiUaOSGDnUUQUDrOXC	Wolves	Selena Gomez	3893063	28	14	5	-7
36	5Z3GHaZ6ec9bsiI5BenrbY	Young Dumb & Broke	Khalid	3835506	34	42	6	-2
37	1XRgIKC5TPwo7nWGyKqgG0	I Get the Bag (feat. Migos)	Gucci Mane	3745195	36	15	7	-1
38	2u7mxWSeoqTXndK5e08jMp	Nowadays (feat. Landon Cube)	Lil Skies	3731372	44	3	38	6
39	51rXHuKN8Loc4sUlKPODgH	King's Dead (with Kendrick Lamar, Future & James Blake)	Jay Rock	3591262	49	2	39	10
40	6tHWl8ows5JOZq9Yfaqn3M	Mine	Bazzi	3578060	133	2	40	93
41	1mXVgsBdtIVeCLJnSnmtdV	Too Good At Goodbyes	Sam Smith	3562193	35	12	3	-6
42	2xGjteMU3E1tkEPVFBO08U	This Is Me	Keala Settle	3550419	47	4	42	5
43	2ekn2ttSfGqwhhate0LSR0	New Rules	Dua Lipa	3545665	38	28	20	-5
44	5tz69p7tJuGPeMGwNTxYuV	1-800-273-8255	Logic	3470572	40	39	1	-4
45	40oKW22ZNNkEdZLJTScaQI	Roll In Peace (feat. XXXTENTACION)	Kodak Black	3462219	45	23	24	0
46	2771LMNxwf62FTAdpJMQfM	Bodak Yellow	Cardi B	3407933	41	27	3	-5
47	0zl3PdjIl320fK0pxBGWNR	KEKE	6ix9ine	3361621	101	2	47	54
48	5Htb1uFQ1KrkFXlefS8oGj	Tell Me You Love Me	Demi Lovato	3286326	43	8	38	-5
49	790MhTXPFrYkrqCKvpg4t1	Wanted You (feat. Lil Uzi Vert)	NAV	3242874	52	11	28	3
50	152lZdxL1OR0ZMW6KquMif	Location	Khalid	3236297	51	56	9	1
51	2x0WlnmfG39ZuDmstl9xfX	End Game	Taylor Swift	3217448	29	8	29	-22
52	6gBFPUFcJLzWGx4lenP6h2	goosebumps	Travis Scott	3125168	48	56	16	-4
53	7vGuf3Y35N4wmASOKLUVVU	Silence	Marshmello	3078601	46	24	10	-7
54	0tKcYR2II1VCQWT79i5NrW	Thunder	Imagine Dragons	3056588	50	36	21	-4
55	2Tq2R8sRftNEqdgJK5HadO	My My My!	Troye Sivan	3004797	17	2	17	-38
56	7m9OqQk4RVRkw9JJdeAw96	Jocelyn Flores	XXXTENTACION	2933632	56	22	3	0
57	1yxgsra98r3qAtxqiGZPiX	BUTTERFLY EFFECT	Travis Scott	2908160	55	36	9	-2
58	1Qg9jWGDkKAGZXj5v2OG59	Wait	Maroon 5	2879045	80	11	58	22
59	3B54sVLJ402zGa6Xm4YGNe	Unforgettable	French Montana	2861309	59	29	1	0
60	7y9iMe8SOB6z3NoHE2OfXl	Bad At Love	Halsey	2838481	54	24	25	-6
61	2eAZfqOm4EnOF9VvN50Tyc	The Way Life Goes (feat. Oh Wonder)	Lil Uzi Vert	2837007	57	22	8	-4
62	7AQim7LbvFVZJE3O8TYgf2	Fuck Love (feat. Trippie Redd)	XXXTENTACION	2814550	58	22	8	-4
63	3iq9nhbI8fcnNamxMft1uv	Real Friends	Camila Cabello	2772548	37	2	37	-26
64	3ZhTT6yjZwpPph5MIJ53XY	Red Roses (feat. Landon Cube)	Lil Skies	2743080	69	3	64	5
65	3m660poUr1chesgkkjQM7P	Sorry Not Sorry	Demi Lovato	2726019	62	17	11	-3
66	6p8NuHm8uCGnn2Dtbtf7zE	Slippery (feat. Gucci Mane)	Migos	2630711	63	52	21	-3
67	3hBBKuWJfxlIlnd9QFoC8k	What Lovers Do (feat. SZA)	Maroon 5	2621769	42	12	9	-25
68	0taOCiup4HNG9LmbduVlJj	Rubbin Off The Paint	YBN Nahmir	2533239	61	13	51	-7
69	1f5cbQtDrykjarZVrShaDI	Drowning (feat. Kodak Black)	A Boogie Wit da Hoodie	2517609	67	17	21	-2
70	1bhUWB0zJMIKr9yVPrkEuI	Perfect Duet (Ed Sheeran & Beyoncé)	Ed Sheeran	2450720	66	8	5	-4
71	1L3NV7VrCiuE8C5QlhdeQL	Filthy	Justin Timberlake	2448004	53	3	14	-18
72	2xmrfQpmS2iJExTlklLoAL	I Miss You (feat. Julia Michaels)	Clean Bandit	2439132	68	13	57	-4
73	7qiZfU4dY1lWllzX7mPBI3	Shape of You	Ed Sheeran	2417657	70	55	1	-3
74	6HZILIRieu8S0iqY8kIKhj	DNA.	Kendrick Lamar	2413832	71	41	2	-3
75	3wdfLVUhmX64lIyWIIEW8s	Ice Tray	Quality Control	2386639	97	7	75	22
76	0AcHbiMs86CCgprvc7E1gs	i Shyne	Carnage	2380130	nan	1	76	new
77	7foypmc7KZyU716Yv63BPe	Saint	Huncho Jack	2349873	73	5	33	-4
78	43ay9lQZ5rfNcOOHhRF2cM	The Greatest Show	Hugh Jackman	2346358	72	4	72	-6
79	2vjmyyAnDUzilFYxOlTdO1	GUMMO	6ix9ine	2321459	65	11	52	-14
80	5yuShbu70mtHXY0yLzCQLQ	Go Flex	Post Malone	2304879	74	56	24	-6
81	5u6vkDnOyaf8LsteDAj2ub	Ghostface Killers	21 Savage	2249597	64	13	8	-17
82	0CcQNd8CINkwQfe1RDtGV6	Believer	Imagine Dragons	2240847	76	48	11	-6
83	0Gl5s8IhMmQE5YQwM8Qx1J	Never Enough	Loren Allred	2194774	81	4	81	-2
84	6QgjcU0zLnzq5OrUoSZ3OK	Feel It Still	Portugal. The Man	2163257	77	32	17	-7
85	4pYZLpX23Vx8rwDpJCpPTA	New Freezer (feat. Kendrick Lamar)	Rich The Kid	2141391	82	17	66	-3
86	0RoA7ObU6phWpqhlC9zH4Z	A Million Dreams	Ziv Zaifman	2137680	79	4	79	-7
87	1zsG4eaZmkA1dvjDDsAGLK	Échame La Culpa	Luis Fonsi	2087060	78	10	52	-9
88	6VrCmhRBFnuGKmtNfk4jDs	Spotlight	Marshmello	2077609	60	2	60	-28
89	3kxfsdsCpFgN412fpnW85Y	Redbone	Childish Gambino	2077538	86	56	9	-3
90	0OWZFobGSIW9GrSlQ9C5pc	Marry Me	Thomas Rhett	2074747	135	7	90	45
91	4knL4iPxPOZjQzTUlELGSY	Rake It Up	Yo Gotti	2044080	87	13	37	-4
92	2cKovq3l6OJjhVVDbVKOsr	The Other Side	Hugh Jackman	2031305	90	4	90	-2
93	0q75NwOoFiARAVp4EXU4Bs	Love Galore (feat. Travis Scott)	SZA	2024886	84	37	24	-9
94	7hDc8b7IXETo14hHIHdnhd	Passionfruit	Drake	2022575	124	45	1	30
95	32DGGj6KlNuBr6WaqRxpxi	How Long	Charlie Puth	2001595	85	16	39	-10
96	1e1JKLEDKP7hEQzJfNAgPl	Magnolia	Playboi Carti	1988822	89	40	12	-7
97	4cxMGhkinTocPSVVKWIw0d	Losin Control	Russ	1984330	94	54	75	-3
98	0VgkVdmE4gld66l8iyGjgx	Mask Off	Future	1977911	95	12	73	-3
99	6eT7xZZlB2mwyzJ2sUKG6w	White Iverson	Post Malone	1976456	91	56	66	-8
100	1LXbv9jiTtdBdHadZ317Gt	Designer	Lil Pump	1975069	75	3	64	-25
101	25oOaleife6E2MIKmFkPvg	Relationship (feat. Future)	Young Thug	1945076	102	32	55	1
102	4Z6YruMINNspGet1gQyYlK	Supplies	Justin Timberlake	1933363	nan	1	102	new
103	0P6AWOA4LG1XOctzaVu5tt	The Weekend - Funk Wav Remix	SZA	1928280	127	4	103	24
104	5hcisvFMidkMJlElTO9Qmw	Sensualidad	Bad Bunny	1918966	93	9	92	-11
105	3YeJXuRSNS5FYwOsDu44kD	Dark Knight Dummo (Feat. Travis Scott)	Trippie Redd	1896128	106	7	63	1
106	4iLqG9SeJSnt0cSPICSjxv	Attention	Charlie Puth	1886623	99	40	16	-7
107	6H0AwSQ20mo62jGlPGB8S6	It's A Vibe	2 Chainz	1883627	114	39	41	7
108	4Km5HrUvYTaSUfiSGPJeQR	Bad and Boujee (feat. Lil Uzi Vert)	Migos	1871870	118	56	1	10
109	2z4pcBLQXF2BXKFvd0BuB6	Tip Toe (feat. French Montana)	Jason Derulo	1858535	121	10	91	12
110	5uCax9HTNlzGybIStD3vDh	Say You Won't Let Go	James Arthur	1847593	107	56	15	-3
111	7zVCrzzEJU7u24sbJPXA5W	What Ifs (feat. Lauren Alaina)	Kane Brown	1811979	110	34	50	-1
112	1WIZiOuNO3woKfdlSK2gNn	Transportin'	Kodak Black	1810801	113	23	37	1
113	3towKHKVOXCCcL1fHv6xFO	Capital Letters	Hailee Steinfeld	1809051	nan	1	113	new
114	3GVkPk8mqxz0itaAriG1L7	Everybody Dies In Their Nightmares	XXXTENTACION	1797447	111	22	15	-3
115	1uL78kFWxhz3umTMWJu8n5	Sauce It Up	Lil Uzi Vert	1793913	100	22	23	-15
116	0SGkqnVQo9KPytSri1H6cF	Bounce Back	Big Sean	1790624	120	56	3	4
117	7mldq42yDuxiUNn08nvzHO	Body Like A Back Road	Sam Hunt	1788964	105	51	15	-12
118	2EEeOnHehOozLq4aS0n6SL	iSpy (feat. Lil Yachty)	KYLE	1771558	115	56	2	-3
119	6EpRaXYhGOB3fj4V2uDkMJ	Strip That Down	Liam Payne	1765513	123	36	13	4
120	0KKkJNfGyhkQ5aFogxQAPU	That's What I Like	Bruno Mars	1758419	116	56	3	-4
121	6gU9OKjOE7ghfEd55oRO57	The Weekend	SZA	1742265	109	28	90	-12
122	1wjzFQodRWrPcQ0AnYnvQ9	I Like Me Better	Lauv	1739739	119	34	30	-3
123	343YBumqHu19cGoGARUTsd	Fake Love	Drake	1728241	158	55	2	35
124	3Q3myFA7q4Op95DOpHplaY	do re mi	blackbear	1726048	125	39	30	1
125	3wAI7MIQtTgwcRmwchPZBc	Go Legend (& Metro Boomin)	Big Sean	1724789	104	7	22	-21
126	4Q3N4Ct4zCuIHuZ65E3BD4	Tunnel Vision	Kodak Black	1720324	129	49	5	3
127	15EPc80XuFrb2LmOzGjuRg	Crew (feat. Brent Faiyaz & Shy Glizzy)	GoldLink	1715846	130	27	113	3
128	0OI7AFifLSoGzpb8bdBLLV	Home (with Machine Gun Kelly, X Ambassadors & Bebe Rexha)	Machine Gun Kelly	1704784	92	9	60	-36
129	62vpWI1CHwFy7tMIcSStl8	No Role Modelz	J. Cole	1670716	141	56	71	12
130	7Ed6BkggCS2KaKY5YlINaF	MIC Drop (feat. Desiigner) [Steve Aoki Remix]	BTS	1667116	96	9	65	-34
131	3wGXyJGsCf1myH5MooQIqE	The Race	Tay-K	1662787	126	7	98	-5
132	5CtI0qwDJkDQGwXD1H1cLb	Despacito - Remix	Luis Fonsi	1662674	117	41	1	-15
133	6urLjX35oXXRYtcH1b3dCh	Dubai Shit	Huncho Jack	1658072	103	5	26	-30
134	3DXncPQOG4VBw3QHh3S817	I'm the One (feat. Justin Bieber, Quavo, Chance the Rapper & Lil Wayne)	DJ Khaled	1650425	137	35	2	3
135	5xNUR50KxswPRAvx7S163g	Come Alive	Hugh Jackman	1647735	132	4	132	-3
136	1j4kHkkpqZRBwE0A4CN4Yv	Dusk Till Dawn - Radio Edit	ZAYN	1645271	122	20	15	-14
137	0AICBlLzFCTpUqmAbtzB2z	Love Scars	Trippie Redd	1637513	138	19	137	1
138	2YzmfPLqUx5CJOaw5ThsBV	Plain Jane REMIX	A$AP Ferg	1637027	98	6	78	-40
139	7HdZY9UJTylIiNcSDFyUDc	Miss You (with Major Lazer & Tory Lanez)	Cashmere Cat	1625578	nan	1	139	new
140	5NT0aZqWImC9fTzkW4z48o	KOODA	6ix9ine	1618129	143	7	90	3
141	6SwRhMLwNqEi6alNPVG00n	LOYALTY. FEAT. RIHANNA.	Kendrick Lamar	1617747	146	41	4	5
142	3IkWmgGsXbsafrunwPojXO	From Now On	Hugh Jackman	1605702	139	3	139	-3
143	5gx2E5aIXMRBellPZW1up5	Pills & Automobiles (feat. Yo Gotti, A Boogie Wit Da Hoodie & Kodak Black)	Chris Brown	1585751	147	13	78	4
144	2rb5MvYT7ZIxbKW5hfcHx8	Mi Gente	J Balvin	1580818	128	30	8	-16
145	5HwnezK198pJCEj1l2Adjy	She Loves Control	Camila Cabello	1575611	88	2	88	-57
146	7KOlJ92bu51cltsD9KU5I7	T-Shirt	Migos	1569951	154	54	6	8
147	1mMLMZYXkMueg65jRRWG1l	When It Rains It Pours	Luke Combs	1568450	192	20	123	45
148	5hM6sP0Gh1jD57drszNueC	For You (Fifty Shades Freed) (& Rita Ora)	Liam Payne	1553069	142	3	89	-6
149	59J5nzL1KniFHnU120dQzt	wokeuplikethis*	Playboi Carti	1552067	144	41	54	-5
150	2bjwRfXMk4uRgOD9IBYl9h	Portland	Drake	1550313	nan	41	2	re-enter
151	5troof8mcGO3AafoDbk1gc	Look What You Made Me Do	Taylor Swift	1531604	134	4	96	-17
152	1xznGGDReH1oQq0xzbwXa3	One Dance	Drake	1510451	194	50	13	42
153	7BKLCZ1jbUBVqRi2FVlTVw	Closer	The Chainsmokers	1509558	152	56	4	-1
154	7oJrVhiTPZGBXWPwhxjy9S	Lust	Lil Skies	1509211	150	2	150	-4
155	7vu0JkJh0ldukEYbTVcqd0	Issues	Julia Michaels	1509158	178	4	155	23
156	2yQZwi1P8AkkxxFhQ8rMEK	Greatest Love Story	LANCO	1505270	nan	1	156	new
157	30MM5jWpUmOxtTNd9Ey5LZ	Unforgettable	Thomas Rhett	1504272	159	18	38	2
158	76DNqvSyzL9VCkhlnByqLf	La Modelo	Lean Trap	1503662	136	2	136	-22
159	4AtZRwSR8BOTTQg5ihSggt	PRBLMS	6LACK	1503235	173	10	129	14
160	3pXF1nA74528Edde4of9CC	Don't	Bryson Tiller	1501241	164	53	82	4
161	4vkVvmjIiQibQ6zJnC1Q9z	Sucker for You	Matt Terry	1495439	199	3	150	38
162	43PuMrRfbyyuz4QpZ3oAwN	Exchange	Bryson Tiller	1491425	183	53	84	21
163	1HXy5I3HTWq8OvxCn0z7G7	Heaven	Kane Brown	1482561	193	2	163	30
164	2LBqCSwhJGcFQeTHMVGwy3	Die For You	The Weeknd	1479123	160	21	79	-4
165	4fC5jw1TI59GH1emfN1wtk	Poles 1469	Trippie Redd	1477632	162	4	162	-3
166	10M2Ex445zw585Ducldzkw	In Case You Didn't Know	Brett Young	1464944	187	40	102	21
167	0uxSUdBrJy9Un0EYoBowng	20 Min	Lil Uzi Vert	1463965	156	6	120	-11
168	6RUKPb4LETWmmr3iAEQktW	Something Just Like This	The Chainsmokers	1461530	157	49	2	-11
169	6RSNKGdv3nDTHqgw4bdzyF	Yours	Russell Dickerson	1449201	176	4	169	7
170	22nyEAEM29tcBRhukR089b	Icon	Jaden	1444234	148	7	120	-22
171	0GVuLQtPXFaL18ijEOqoAa	Tightrope	Michelle Williams	1432771	170	3	162	-1
172	6eYxmK9fdL4hwLnXG2zY3s	Look At Me!	XXXTENTACION	1431869	155	8	144	-17
173	2yLa0QULdQr0qAIvVwN6B5	...Ready For It?	Taylor Swift	1431194	145	8	61	-28
174	5hTpBe8h35rJ67eAWHQsJx	Caroline	Aminé	1427052	172	25	82	-2
175	0OlnLZY4cmQzT6ZGttvWBM	So Far Away (feat. Jamie Scott & Romy Dya)	Martin Garrix	1420824	151	8	109	-24
176	6GNifiuBPrKFpwNBYnooFm	The Way Life Goes (feat. Nicki Minaj & Oh Wonder) - Remix	Lil Uzi Vert	1419304	149	12	62	-27
177	6yr8GiTHWvFfi4o6Q5ebdT	'Till I Collapse	Eminem	1407116	nan	29	152	re-enter
178	5aAx2yezTd8zXrkmtKl66Z	Starboy	The Weeknd	1405718	166	56	3	-12
179	0w3Q14i073jLoew1hgJkwD	Heartache On The Dance Floor	Jon Pardi	1399255	nan	25	117	re-enter
180	05nbZ1xxVNwUTcGwLbp7CN	Myself	NAV	1398228	190	37	99	10
181	6fwdbPMwP1zVStm8FybmkO	X (feat. Future)	21 Savage	1397926	177	54	17	-4
182	7yyRTcZmCiyzzJlNzGC9Ol	Broccoli (feat. Lil Yachty)	DRAM	1390303	175	55	11	-7
183	2LKlHBPHxLG5ArAXfF148n	Lemon - Edit	N.E.R.D	1388336	196	2	183	13
184	38yBBH2jacvDxrznF7h08J	Slow Hands	Niall Horan	1388045	168	14	48	-16
185	4PpuH4mxL0rD35mOWaLoKS	Lemon	N.E.R.D	1383019	165	5	148	-20
186	2vvdTrdryjsl8DmPIMDWZU	EL BAÑO (feat. Bad Bunny)	Enrique Iglesias	1381936	169	2	169	-17
187	6Za3190Sbw39BBC77WSS1C	Criminal	Natti Natasha	1375521	189	4	187	2
188	1m69ELEgE6k5ZWsap40ozt	Se Preparó	Ozuna	1374344	179	12	142	-9
189	0jdny0dhgjUwoIp5GkqEaA	Praying	Kesha	1373727	184	24	17	-5
190	6M0IsaUX4GNyto4niSegfI	No Option	Post Malone	1369940	180	19	113	-10
191	0B8QzDH7YWih85V5SEMnyJ	Money Longer	Lil Uzi Vert	1369576	186	54	73	-5
192	248OFOZef6ShXv6DGgbnxU	Saved	Khalid	1356140	197	43	120	5
193	1OAh8uOEOvTDqkKFsKksCi	Wild Thoughts (feat. Rihanna & Bryson Tiller)	DJ Khaled	1354596	174	32	2	-19
194	79cuOz3SPQTuFrp8WgftAu	There's Nothing Holdin' Me Back	Shawn Mendes	1351812	185	40	29	-9
195	2mfahQ0EaaZWq4cFNg6A1o	All On Me	Devin Dawson	1347532	nan	1	195	new
196	4OBZT9EnhYIV17t4pGw7ig	Best Part (feat. Daniel Caesar)	H.E.R.	1333092	nan	1	196	new
197	4lESS6vuruP6a79KWRaQou	Corazón	Maluma	1329680	182	6	122	-15
198	20dP2DaMHIAmwWAbp7peSr	pick up the phone	Young Thug	1328365	nan	50	44	re-enter
199	5uMVjsPAVOc8v3iTgVkkrz	Church	Fall Out Boy	1325542	nan	1	199	new
200	0ESJlaM8CE1jRWaNtwSNj8	beibs in the trap	Travis Scott	1323642	188	55	97	-12
